time_s,airspeed_mps,tip_bending_m,tip_twist_deg
0.0,35.0,0.0,0.0
0.0007064285714285714,35.0,2.13456805505272e-6,0.0009905520645189455
0.0014128571428571428,35.0,1.0338192353964339e-5,0.007261683872160641
0.002119285714285714,35.0,2.63841356250484e-5,0.026481344047830722
0.0028257142857142856,35.0,5.062458894212739e-5,0.06608667511115354
0.003532142857142857,35.0,8.39129423498575e-5,0.13145107905597395
0.004238571428571428,35.0,0.00012708518659798132,0.2250682356064199
0.004945,35.0,0.0001794890421755779,0.3441200823499679
0.005651428571428571,35.0,0.00023758289868408783,0.4789780088947051
0.0063578571428571425,35.0,0.00029788778382339344,0.6163965861881984
0.007064285714285714,35.0,0.0003629402179750914,0.7462767747181488
0.007770714285714285,35.0,0.00044028683423193615,0.8650226726384217
0.008477142857142857,35.0,0.0005349086763938544,0.9730844285503591
0.009183571428571428,35.0,0.0006490354059293628,1.072528034058321
0.00989,35.0,0.00078631945903906,1.1671216886606344
0.010596428571428571,35.0,0.0009491233887953497,1.2593269328235017
0.011302857142857142,35.0,0.0011369110779498308,1.3454103130415935
0.012009285714285714,35.0,0.0013492548978407055,1.4162757809790911
0.012715714285714285,35.0,0.0015869212991026119,1.463229183060552
0.013422142857142856,35.0,0.00185218085171917,1.4803951715283843
0.014128571428571428,35.0,0.0021475050946756736,1.465892739782264
0.014835,35.0,0.0024750098900659756,1.4229560772980914
0.01554142857142857,35.0,0.0028383081249185424,1.3595137345780013
0.01624785714285714,35.0,0.0032398938707807524,1.2856811084718167
0.016954285714285713,35.0,0.003677204741027699,1.2072424617009172
0.017660714285714287,35.0,0.0041445599561341275,1.1242316615297576
0.018367142857142856,35.0,0.004638999020081225,1.035121414478822
0.019073571428571426,35.0,0.005162376644578884,0.9378667262495031
0.01978,35.0,0.005717070878185179,0.8298550170666008
0.020486428571428572,35.0,0.0063038349183465936,0.7114464403830142
0.021192857142857142,35.0,0.006924749225043254,0.5895243471197058
0.02189928571428571,35.0,0.007582635729278484,0.47484925482403006
0.022605714285714285,35.0,0.008276472838092849,0.37700719321773357
0.023312142857142858,35.0,0.009002514547783553,0.30201395300439204
0.024018571428571427,35.0,0.00975812577762014,0.25190782266748424
0.024724999999999997,35.0,0.010540379978332418,0.22488339975176733
0.02543142857142857,35.0,0.011345371846049872,0.2153102717628894
0.026137857142857143,35.0,0.012170799834659489,0.2170434358044116
0.026844285714285713,35.0,0.013016924858372662,0.228580872235172
0.027550714285714283,35.0,0.013885328389947786,0.2527254831957386
0.028257142857142856,35.0,0.01477482848196587,0.29253085773888193
0.02896357142857143,35.0,0.01567882492984814,0.35098348847434074
0.02967,35.0,0.01659035071283844,0.4303692724262534
0.030376428571428568,35.0,0.01750598959273126,0.5285917008655359
0.03108285714285714,35.0,0.018422932293320125,0.6376438145034963
0.031789285714285714,35.0,0.019338418784962487,0.7466284999506465
0.03249571428571428,35.0,0.020252334154612948,0.8474469211603426
0.033202142857142854,35.0,0.021167110864991633,0.9367467278724199
0.03390857142857143,35.0,0.02208443419365627,1.0137157399578567
0.034615,35.0,0.02300317298491171,1.0800714917382797
0.03532142857142857,35.0,0.02392223533462779,1.1397944633735606
0.03602785714285714,35.0,0.024840823365208937,1.1943770150427118
0.03673428571428571,35.0,0.025755042861748432,1.2397239553898969
0.037440714285714286,35.0,0.026660867178366323,1.2690039439244354
0.03814714285714285,35.0,0.027558677693097715,1.2767747959366476
0.038853571428571425,35.0,0.02845215842004819,1.2599728211922778
0.03956,35.0,0.029345111342044573,1.218847051393385
0.04026642857142857,35.0,0.0302384172106229,1.1582601174597114
0.040972857142857144,35.0,0.031130365042182875,1.0865432595161986
0.04167928571428571,35.0,0.032020039008473965,1.011130616758189
0.042385714285714284,35.0,0.032907082012685614,0.9334155362514321
0.04309214285714286,35.0,0.033789636269801596,0.8501434348235822
0.04379857142857142,35.0,0.034667476278704444,0.7591665243914951
0.044504999999999996,35.0,0.03554479190623295,0.6600729408445971
0.04521142857142857,35.0,0.03642628467514647,0.5543366331592853
0.04591785714285714,35.0,0.037315467605522776,0.4478594211705514
0.046624285714285715,35.0,0.03821668758148254,0.35039206655852306
0.04733071428571428,35.0,0.03913370777779086,0.27060545340629305
0.048037142857142855,35.0,0.04006667115349697,0.21139540083127875
0.04874357142857143,35.0,0.041011923286395253,0.17110539827182644
0.049449999999999994,35.0,0.04196679502519108,0.14637130237179868
0.05015642857142857,35.0,0.04293314119238259,0.13363006744840183
0.05086285714285714,35.0,0.04391429791017,0.1307776622826939
0.05156928571428571,35.0,0.044912485713968636,0.1402026092147808
0.052275714285714286,35.0,0.045928972660653676,0.16858414105851105
0.05298214285714285,35.0,0.04696366524866929,0.22036784534315482
0.053688571428571426,35.0,0.048015300322425396,0.29377182570000726
0.054395,35.0,0.049080761642489035,0.38307139701302084
0.055101428571428565,35.0,0.05015528995605333,0.48100761918263335
0.05580785714285714,35.0,0.0512367650230236,0.5798275487827159
0.05651428571428571,35.0,0.05232555662305012,0.6737512609005432
0.057220714285714284,35.0,0.053421233067283615,0.7616244416489742
0.05792714285714286,35.0,0.054525156348048505,0.8470547134904337
0.058633571428571424,35.0,0.05564100365899493,0.933354373883552
0.05934,35.0,0.05676938128847821,1.0182115839249641
0.06004642857142857,35.0,0.05790566912406675,1.09517740525443
0.060752857142857136,35.0,0.059043562901843136,1.1575976055240933
0.06145928571428571,35.0,0.06017885591112114,1.1994726754678726
0.06216571428571428,35.0,0.061309784962429975,1.2185384947790736
0.06287214285714285,35.0,0.06243549985250908,1.219245628491008
0.06357857142857143,35.0,0.06355526711150579,1.209374874115886
0.064285,35.0,0.06466888535515222,1.193200740979461
0.06499142857142856,35.0,0.06577583626352272,1.1695654573089347
0.06569785714285714,35.0,0.0668734769262788,1.135054508243362
0.06640428571428571,35.0,0.06795768647522855,1.0865817810492637
0.06711071428571429,35.0,0.06902467250775778,1.0231364612462253
0.06781714285714285,35.0,0.07007198476070323,0.9476428462878128
0.06852357142857142,35.0,0.07109800775891455,0.8678212064904519
0.06923,35.0,0.07210193792275212,0.791901996936706
0.06993642857142857,35.0,0.07308689478296447,0.7221090110397521
0.07064285714285715,35.0,0.07405800215785878,0.6545299725671394
0.07134928571428571,35.0,0.07501588891766904,0.5848604108174353
0.07205571428571428,35.0,0.07595819438615044,0.5120605705826161
0.07276214285714286,35.0,0.07688349539172087,0.4392030411341658
0.07346857142857142,35.0,0.07779067761356487,0.37204487110024254
0.07417499999999999,35.0,0.0786790512122926,0.3169625217968538
0.07488142857142857,35.0,0.079548591357592,0.27746260813469453
0.07558785714285714,35.0,0.08040000735156348,0.2505089197283259
0.0762942857142857,35.0,0.08123545336821426,0.22987041325810662
0.07700071428571428,35.0,0.0820570279682536,0.2129324679875543
0.07770714285714285,35.0,0.08286546335590421,0.20221799644629973
0.07841357142857143,35.0,0.08366123654978078,0.20232657192829112
0.07912,35.0,0.08444456273122015,0.2179165497126033
0.07982642857142856,35.0,0.08521395800745858,0.25154546460686456
0.08053285714285714,35.0,0.08596705559239723,0.2997686422947623
0.08123928571428571,35.0,0.08670441652529642,0.3549997178653934
0.08194571428571429,35.0,0.08743113745312996,0.41184425114764944
0.08265214285714285,35.0,0.08815242230099427,0.4704185036880057
0.08335857142857142,35.0,0.08887021712043291,0.5344276993547276
0.084065,35.0,0.08958555822488772,0.6064833758813393
0.08477142857142857,35.0,0.09029953996484606,0.6865719957325095
0.08547785714285713,35.0,0.09101092190091535,0.7714431965108645
0.08618428571428571,35.0,0.09171707374781575,0.8540455506306661
0.08689071428571428,35.0,0.09241692064603699,0.9264735242959081
0.08759714285714285,35.0,0.09311057137572114,0.9863894137919154
0.08830357142857143,35.0,0.09379904523808763,1.037376310032899
0.08900999999999999,35.0,0.09448386445200085,1.0835212196190587
0.08971642857142857,35.0,0.09516570386317172,1.1260153844102165
0.09042285714285714,35.0,0.09584522486524703,1.1624336819912628
0.0911292857142857,35.0,0.09652108977341631,1.1878617960773468
0.09183571428571428,35.0,0.09718808943799942,1.1971803565176706
0.09254214285714285,35.0,0.0978421687119721,1.1887532299491015
0.09324857142857143,35.0,0.09848374340627053,1.1669218537772026
0.093955,35.0,0.09911502701928643,1.138784094200681
0.09466142857142856,35.0,0.09973715716681023,1.1081452323414915
0.09536785714285714,35.0,0.10035046748675368,1.074543798896153
0.09607428571428571,35.0,0.10095603044625885,1.035661851200305
0.09678071428571428,35.0,0.1015535838697519,0.9885316498314781
0.09748714285714286,35.0,0.10213992958478461,0.9320430616736514
0.09819357142857142,35.0,0.10271216730560814,0.8707139176048806
0.09889999999999999,35.0,0.10326863055939169,0.812188868938729
0.09960642857142857,35.0,0.10380703725309096,0.7607252649569194
0.10031285714285713,35.0,0.10432547091586027,0.7150238447745423
0.10101928571428571,35.0,0.10482396050674389,0.6715822354493031
0.10172571428571428,35.0,0.10530390039589829,0.6278649638196498
0.10243214285714285,35.0,0.10576623931119454,0.5831542646873576
0.10313857142857143,35.0,0.10620917671328307,0.5396958016542786
0.10384499999999999,35.0,0.1066285570063734,0.5030181300826335
0.10455142857142857,35.0,0.10702214543624883,0.477261332014166
0.10525785714285714,35.0,0.10739015871263718,0.4609124479893735
0.1059642857142857,35.0,0.10773198551141316,0.4490391727999731
0.10667071428571429,35.0,0.1080477391896746,0.4379486600205105
0.10737714285714285,35.0,0.10834031117777829,0.4275499428593815
0.10808357142857142,35.0,0.10861260240757929,0.4206841791209009
0.10879,35.0,0.10886578083008003,0.42221527124491326
0.10949642857142856,35.0,0.10910000251401704,0.43558644299631494
0.11020285714285713,35.0,0.10931480764170409,0.4594671338287711
0.11090928571428571,35.0,0.1095087511295213,0.488674396983604
0.11161571428571428,35.0,0.10967918940610338,0.5189667867784857
0.11232214285714286,35.0,0.1098251346178775,0.5503258322370139
0.11302857142857142,35.0,0.10994930032285373,0.5851625657791797
0.11373499999999999,35.0,0.11005534317043919,0.6270152376061129
0.11444142857142857,35.0,0.11014560727112603,0.6786236081419746
0.11514785714285714,35.0,0.11021994151560696,0.7379975233432411
0.11585428571428572,35.0,0.11027669020457732,0.7986952313413133
0.11656071428571428,35.0,0.11031590720193654,0.855338742682034
0.11726714285714285,35.0,0.11033784612207119,0.9071494068598556
0.11797357142857143,35.0,0.11034182613903291,0.9564263347649568
0.11868,35.0,0.1103296123582853,1.005514502367359
0.11938642857142856,35.0,0.1103050723266481,1.055257117597233
0.12009285714285714,35.0,0.11027077220839603,1.1038665739565818
0.1207992857142857,35.0,0.11022840622091667,1.146463573430886
0.12150571428571427,35.0,0.11018030873676611,1.1775254581018046
0.12221214285714285,35.0,0.11012741709651391,1.1960530855114764
0.12291857142857142,35.0,0.11006783922099916,1.2055730364543253
0.123625,35.0,0.10999884815864104,1.209510482891979
0.12433142857142856,35.0,0.10991948244179238,1.2094278595833872
0.12503785714285715,35.0,0.10983136574536724,1.204909184033176
0.1257442857142857,35.0,0.10973634694563318,1.1926734140347632
0.12645071428571428,35.0,0.10963462583765732,1.1689448169526955
0.12715714285714286,35.0,0.10952617499864337,1.1341749530240097
0.1278635714285714,35.0,0.1094112495396547,1.0930324365246709
0.12857,35.0,0.10928925142199021,1.0505556766206043
0.12927642857142857,35.0,0.10915815262867004,1.0092072074009457
0.12998285714285712,35.0,0.10901567285364201,0.9689476585103723
0.1306892857142857,35.0,0.10886168269930181,0.9279216199701736
0.13139571428571428,35.0,0.10869680592095686,0.8831388908134868
0.13210214285714286,35.0,0.10852083208536191,0.833930816976209
0.13280857142857141,35.0,0.10833598893356225,0.7850731275937641
0.133515,35.0,0.10814565347312169,0.7425227079888097
0.13422142857142857,35.0,0.10794906143894346,0.7083403587489177
0.13492785714285713,35.0,0.10774255063133048,0.6811117209765664
0.1356342857142857,35.0,0.10752284786614735,0.6581225460672812
0.1363407142857143,35.0,0.10728789278158876,0.6365939850529383
0.13704714285714284,35.0,0.10703714967008678,0.6154950901264373
0.13775357142857142,35.0,0.10677043633076043,0.5977049729899524
0.13846,35.0,0.10648773092167754,0.588055642593178
0.13916642857142855,35.0,0.10618989797055152,0.5887661389184995
0.13987285714285713,35.0,0.10587737034455327,0.5981368737954538
0.1405792857142857,35.0,0.10554886846392733,0.6125696044034954
0.1412857142857143,35.0,0.10520233417112858,0.629049274405933
0.14199214285714284,35.0,0.10483665987870344,0.6465685649827422
0.14269857142857142,35.0,0.10445128932423092,0.6672250032211872
0.143405,35.0,0.10404555507585599,0.6953494506137918
0.14411142857142856,35.0,0.10362050432254731,0.732815606961766
0.14481785714285714,35.0,0.10317995546332906,0.7773829378352152
0.14552428571428572,35.0,0.1027274280244045,0.8247516758059793
0.14623071428571427,35.0,0.10226281389197757,0.8716760295929885
0.14693714285714285,35.0,0.10178486536485461,0.9172382927354064
0.14764357142857143,35.0,0.1012935603816185,0.9622612046109094
0.14834999999999998,35.0,0.10078837459259007,1.0091640588676587
0.14905642857142856,35.0,0.10026888685313406,1.0599102149495623
0.14976285714285714,35.0,0.09973550137120239,1.1120448246901462
0.1504692857142857,35.0,0.09918901818906285,1.1595460863107168
0.15117571428571427,35.0,0.09863176740719899,1.1984388126904895
0.15188214285714285,35.0,0.09806604795815693,1.228500573348952
0.1525885714285714,35.0,0.09749258000393465,1.2511173759653065
0.153295,35.0,0.09691257281145008,1.2684513662425692
0.15400142857142857,35.0,0.09632682852774567,1.2822356817187046
0.15470785714285715,35.0,0.09573385641055282,1.2912014460471586
0.1554142857142857,35.0,0.09513268924409136,1.291172759126621
0.15612071428571428,35.0,0.0945256846885435,1.2788262288549683
0.15682714285714286,35.0,0.09391733307569355,1.2545939458474291
0.1575335714285714,35.0,0.09331071585672343,1.221809285827486
0.15824,35.0,0.092706811381182,1.184305675132961
0.15894642857142857,35.0,0.09210685564182924,1.1448844884053275
0.15965285714285712,35.0,0.0915114872265893,1.1047026074999104
0.1603592857142857,35.0,0.09091910134809839,1.061630564926781
0.16106571428571428,35.0,0.09032789530868351,1.0125975133111824
0.16177214285714284,35.0,0.08973744402121636,0.9583908493653496
0.16247857142857142,35.0,0.08914809230642795,0.9031733254590583
0.163185,35.0,0.08856073744517409,0.8512614235283384
0.16389142857142858,35.0,0.08797651284322196,0.8058158258037849
0.16459785714285713,35.0,0.08739634038382411,0.7680630209513357
0.1653042857142857,35.0,0.08682092416207635,0.7370058200139941
0.1660107142857143,35.0,0.08624883009642166,0.7100670788781295
0.16671714285714284,35.0,0.08567607090430168,0.6853711509416571
0.16742357142857142,35.0,0.08510101430393997,0.6651522079197759
0.16813,35.0,0.08452545888669767,0.654031190548993
0.16883642857142855,35.0,0.0839503020986939,0.6547603536939167
0.16954285714285713,35.0,0.08337567048992493,0.6669143634053848
0.17024928571428571,35.0,0.08280245987619402,0.688533837292596
0.17095571428571427,35.0,0.08223119785164446,0.7166522744325423
0.17166214285714285,35.0,0.08166100981667045,0.7479300092509121
0.17236857142857143,35.0,0.08108946074352544,0.7821420502950643
0.17307499999999998,35.0,0.08051451519795522,0.8219380662040214
0.17378142857142856,35.0,0.07993486151802853,0.8693063469402531
0.17448785714285714,35.0,0.07934855434720343,0.9232665927631682
0.1751942857142857,35.0,0.07875467809890727,0.9805114063022304
0.17590071428571427,35.0,0.07815424296112601,1.037425358004673
0.17660714285714285,35.0,0.07754887335866434,1.0904500413266602
0.17731357142857143,35.0,0.07693942770865216,1.1375188968844394
0.17801999999999998,35.0,0.07632443079425838,1.1800410199185267
0.17872642857142856,35.0,0.07570163503474098,1.2206851978335798
0.17943285714285714,35.0,0.07507117646037184,1.2593544558053202
0.1801392857142857,35.0,0.0744339042033658,1.2929187349824998
0.18084571428571428,35.0,0.07378951490144738,1.3177586460028872
0.18155214285714286,35.0,0.07313933979498745,1.3314621874673238
0.1822585714285714,35.0,0.07248664912487177,1.3334151102717617
0.182965,35.0,0.071833527050281,1.324675184296817
0.18367142857142857,35.0,0.07118082237290743,1.3082808364478138
0.18437785714285712,35.0,0.07052934837958437,1.287376184281039
0.1850842857142857,35.0,0.06987901856099736,1.2617479127364424
0.18579071428571428,35.0,0.06922861929237792,1.2284173581960471
0.18649714285714286,35.0,0.06857695426765911,1.1855324274636518
0.1872035714285714,35.0,0.0679244697523383,1.1340228088323194
0.18791,35.0,0.06727427583643994,1.076137705533665
0.18861642857142857,35.0,0.06662978293340915,1.0155897339946343
0.18932285714285713,35.0,0.06599242729530642,0.956789133586002
0.1900292857142857,35.0,0.06536247922661663,0.9019185260147079
0.1907357142857143,35.0,0.06474013584736538,0.8503746389511633
0.19144214285714284,35.0,0.06412610275280559,0.8004764442988488
0.19214857142857142,35.0,0.06352044269106093,0.7522207544417591
0.192855,35.0,0.06292279845169892,0.7080690178095039
0.19356142857142855,35.0,0.06233542964292478,0.670820075961978
0.19426785714285713,35.0,0.061761341324600955,0.6435940813835443
0.1949742857142857,35.0,0.061201624485736524,0.6299366810095869
0.19568071428571426,35.0,0.060657751246447636,0.6303806849222499
0.19638714285714284,35.0,0.06013094493817912,0.6419138698096896
0.19709357142857142,35.0,0.05961988075666755,0.6615015066707828
0.19779999999999998,35.0,0.05912183969135512,0.6882417486638525
0.19850642857142856,35.0,0.05863455062874933,0.7227721459217908
0.19921285714285714,35.0,0.0581575392117995,0.7658204928332984
0.19991928571428572,35.0,0.05769197559322905,0.8179402926151897
0.20062571428571427,35.0,0.057238579348312064,0.8786287335064377
0.20133214285714285,35.0,0.05679667052595183,0.9452174736615324
0.20203857142857143,35.0,0.05636574989602375,1.012641440018782
0.20274499999999998,35.0,0.05594565447590659,1.0760883806145638
0.20345142857142856,35.0,0.05553486605180774,1.1338822711791245
0.20415785714285714,35.0,0.05513114784820773,1.185683008759699
0.2048642857142857,35.0,0.054733371560361344,1.231409947482038
0.20557071428571427,35.0,0.05434173192776165,1.2715724339802639
0.20627714285714285,35.0,0.053956234016541725,1.3058331949591837
0.2069835714285714,35.0,0.05357671446782974,1.3316031448099739
0.20768999999999999,35.0,0.05320468525405475,1.345281913575136
0.20839642857142857,35.0,0.052841230100238654,1.3449818608245199
0.20910285714285715,35.0,0.052484134179803126,1.3319221616652286
0.2098092857142857,35.0,0.05213047904931804,1.308613693030514
0.21051571428571428,35.0,0.05177880588340806,1.2770574525699352
0.21122214285714286,35.0,0.05142826755961549,1.2393896314200556
0.2119285714285714,35.0,0.05107896418390796,1.1972877813267468
0.212635,35.0,0.05073101379114911,1.1499255616250024
0.21334142857142857,35.0,0.0503844037650501,1.0954915015596018
0.21404785714285712,35.0,0.050040851646624675,1.0342608580894883
0.2147542857142857,35.0,0.04970144487796246,0.969059473631378
0.21546071428571428,35.0,0.04936535362977955,0.9034001618059201
0.21616714285714284,35.0,0.04903240445089075,0.840400228749879
0.21687357142857142,35.0,0.04870302689157441,0.7825668314309703
0.21758,35.0,0.04837709128224525,0.7309946894280678
0.21828642857142855,35.0,0.04805470014382342,0.6852320799533846
0.21899285714285713,35.0,0.04773803670055325,0.6441393473435152
0.2196992857142857,35.0,0.04743081276107876,0.6086504823178772
0.22040571428571426,35.0,0.04713479214489833,0.5818109104946863
0.22111214285714284,35.0,0.04684930657055816,0.5661259968074229
0.22181857142857142,35.0,0.04657391631325228,0.5634114951304399
0.222525,35.0,0.04630876385201893,0.5748503245814183
0.22323142857142855,35.0,0.046053281722721766,0.5997675769256416
0.22393785714285713,35.0,0.04580692994037519,0.6354165810170289
0.2246442857142857,35.0,0.045570237878331026,0.6782050291897237
0.22535071428571427,35.0,0.04534455663193824,0.7262501480162218
0.22605714285714285,35.0,0.04513197179563619,0.7797609492727287
0.22676357142857143,35.0,0.04493374773242665,0.8385882506943614
0.22746999999999998,35.0,0.04474978942433938,0.901451834587363
0.22817642857142856,35.0,0.044580746501733076,0.9669349265397829
0.22888285714285714,35.0,0.04442625785292935,1.0325614144437323
0.2295892857142857,35.0,0.04428393827461885,1.0938094309095914
0.23029571428571427,35.0,0.04415373484870888,1.1466908561262406
0.23100214285714285,35.0,0.0440382104489469,1.1898460101147061
0.23170857142857143,35.0,0.043939074231745166,1.2230640848300156
0.23241499999999998,35.0,0.04385652640899016,1.2468044853127662
0.23312142857142856,35.0,0.04379017735817844,1.2620902651226982
0.23382785714285714,35.0,0.043739679804529426,1.2694009395060402
0.2345342857142857,35.0,0.043703897507109575,1.2682503411272281
0.23524071428571428,35.0,0.04368022762050214,1.256741040517587
0.23594714285714286,35.0,0.04366673641956437,1.2331489540910092
0.2366535714285714,35.0,0.04366300789083437,1.1981293163818432
0.23736,35.0,0.04366894308408682,1.1542257924147434
0.23806642857142857,35.0,0.04368492590899778,1.1036594225215408
0.23877285714285712,35.0,0.043711407979008556,1.048755130465379
0.2394792857142857,35.0,0.04374876554642657,0.9920825588477705
0.24018571428571428,35.0,0.04379686640075596,0.9346753092739263
0.24089214285714283,35.0,0.04385320136252841,0.8759923130113381
0.2415985714285714,35.0,0.043914971990895744,0.8157197169172711
0.242305,35.0,0.04398245600020094,0.7555418524034725
0.24301142857142854,35.0,0.044057046401990665,0.6984255213671565
0.24371785714285712,35.0,0.0441385087188227,0.6472716095499633
0.2444242857142857,35.0,0.0442269198934596,0.6049826028019619
0.24513071428571429,35.0,0.04432340170326817,0.5740924817714287
0.24583714285714284,35.0,0.044427529312882824,0.5549162418859472
0.24654357142857142,35.0,0.04453761168674509,0.5455575615886565
0.24725,35.0,0.044651825305228945,0.5448986261896684
0.24795642857142855,35.0,0.04476863766425072,0.5531555983839916
0.24866285714285713,35.0,0.044887458470050004,0.5705009133885284
0.2493692857142857,35.0,0.045007818075195896,0.5973382030672928
0.2500757142857143,35.0,0.04513014071598184,0.6337352501379118
0.25078214285714284,35.0,0.045256494175142145,0.6790232776341406
0.2514885714285714,35.0,0.045388317453411556,0.7310262763805749
0.252195,35.0,0.04552521184596106,0.7857128678035611
0.25290142857142855,35.0,0.045665628956992846,0.8394078485052294
0.2536078571428571,35.0,0.045808894504311866,0.8907798236140793
0.2543142857142857,35.0,0.045956262393482904,0.9395264217030401
0.25502071428571427,35.0,0.04610822874718744,0.9851832846103765
0.2557271428571428,35.0,0.04626466164632017,1.0278546667536275
0.2564335714285714,35.0,0.046427583709593614,1.0673055281689303
0.25714,35.0,0.04659894323984035,1.1014828359658697
0.25784642857142853,35.0,0.046778616210044574,1.1273929463305026
0.25855285714285714,35.0,0.04696641219567729,1.143381150631163
0.2592592857142857,35.0,0.04716221722181919,1.149453267869556
0.25996571428571424,35.0,0.04736503177102033,1.1464187260739611
0.26067214285714285,35.0,0.047573766798009634,1.1350238689918442
0.2613785714285714,35.0,0.047788088636213144,1.1167555366280792
0.262085,35.0,0.04800914588952081,1.092940898798849
0.26279142857142856,35.0,0.048239268810359934,1.0626630321182375
0.2634978571428571,35.0,0.048479663827764724,1.0244220177988494
0.2642042857142857,35.0,0.04872976867900422,0.9783479109249068
0.2649107142857143,35.0,0.04898934737562543,0.9262088179045815
0.26561714285714283,35.0,0.049258895872501894,0.8704812924962894
0.26632357142857144,35.0,0.04953810284471328,0.8141650961805286
0.26703,35.0,0.04982609159697403,0.7600916088778641
0.26773642857142854,35.0,0.0501228762905021,0.7103795318646392
0.26844285714285715,35.0,0.05042967192054161,0.6658501681033661
0.2691492857142857,35.0,0.05074707935241484,0.6259035113776528
0.26985571428571425,35.0,0.05107445337137314,0.5909853512691269
0.27056214285714286,35.0,0.05141211482131195,0.5632843151200745
0.2712685714285714,35.0,0.05175969968650692,0.5444039417552073
0.27197499999999997,35.0,0.052114384925398584,0.5356561285345524
0.2726814285714286,35.0,0.05247390629079692,0.5385313944904485
0.2733878571428571,35.0,0.05283714728483879,0.552942730557209
0.2740942857142857,35.0,0.05320386017088858,0.5761584827285684
0.2748007142857143,35.0,0.05357476540036445,0.6052740871826217
0.27550714285714284,35.0,0.05394951682050918,0.6387606806984195
0.2762135714285714,35.0,0.054327337517970996,0.6760368238417401
0.27692,35.0,0.0547085417199489,0.7167219034240658
0.27762642857142855,35.0,0.05509268719268596,0.7601852261852357
0.2783328571428571,35.0,0.05547784422061568,0.8060811813874026
0.2790392857142857,35.0,0.055862616292148386,0.8529799261133779
0.27974571428571426,35.0,0.05624673267692099,0.8978272621239296
0.2804521428571428,35.0,0.056629950715653764,0.9378120153276979
0.2811585714285714,35.0,0.05701196664699955,0.9721321728671847
0.281865,35.0,0.057393405048943795,1.0012945417251748
0.2825714285714286,35.0,0.05777533845035795,1.025939421500288
0.28327785714285714,35.0,0.058157087798657116,1.046505081902117
0.2839842857142857,35.0,0.05853621271922044,1.0629297277381091
0.2846907142857143,35.0,0.05891105210689016,1.0740585266035194
0.28539714285714285,35.0,0.05928125050110135,1.0777216357912007
0.2861035714285714,35.0,0.05964670473614483,1.0722762760708318
0.28681,35.0,0.06000790110617665,1.0584688473842385
0.28751642857142856,35.0,0.06036562164144314,1.0380450446547038
0.2882228571428571,35.0,0.06072079597176039,1.011889082338353
0.2889292857142857,35.0,0.061075114292780036,0.9809720287513832
0.2896357142857143,35.0,0.06142893059708361,0.9462322631589279
0.2903421428571428,35.0,0.06178118328614046,0.9072862440857496
0.29104857142857143,35.0,0.062132250930114416,0.863231244101006
0.291755,35.0,0.06248247473076588,0.8147152941641242
0.29246142857142854,35.0,0.06283130325415973,0.7644702033702193
0.29316785714285715,35.0,0.06317995081356408,0.7158236601791211
0.2938742857142857,35.0,0.06353072289880558,0.6710826991377401
0.29458071428571425,35.0,0.06388494108168419,0.6316801103200499
0.29528714285714286,35.0,0.06424228716839152,0.5984570911185585
0.2959935714285714,35.0,0.06460148567387991,0.5713957018051579
0.29669999999999996,35.0,0.06496209750401952,0.5498159739160084
0.29740642857142857,35.0,0.06532391611224825,0.5346376120619785
0.2981128571428571,35.0,0.06568636681607276,0.5279514283467905
0.2988192857142857,35.0,0.06604950568443041,0.5309420479544866
0.2995257142857143,35.0,0.06641401760597661,0.5437012051307392
0.30023214285714284,35.0,0.06678105618055667,0.565219828461397
0.3009385714285714,35.0,0.06715152464809478,0.5936818035302827
0.301645,35.0,0.06752523918972592,0.6268351263375315
0.30235142857142855,35.0,0.06790175826064834,0.6625687728781161
0.3030578571428571,35.0,0.06828096962720313,0.7003780377360842
0.3037642857142857,35.0,0.06866159754422167,0.7411153336587115
0.30447071428571426,35.0,0.06904190203920506,0.7844212038207717
0.3051771428571428,35.0,0.06942262873453031,0.8283539553435847
0.3058835714285714,35.0,0.06980507691011721,0.8711985342871196
0.30659,35.0,0.07018849937720373,0.9112676621249475
0.3072964285714286,35.0,0.0705719294021785,0.9465132635531979
0.30800285714285713,35.0,0.07095470865346266,0.976256363697681
0.3087092857142857,35.0,0.07133570810073316,1.0013872753826518
0.3094157142857143,35.0,0.0717135956200346,1.0231726741367333
0.31012214285714285,35.0,0.07208664270904773,1.0414971712390573
0.3108285714285714,35.0,0.07245369609976461,1.05504377366943
0.311535,35.0,0.07281494462567628,1.062385282709951
0.31224142857142856,35.0,0.07317054774429894,1.0628082506229835
0.3129478571428571,35.0,0.07352071751766001,1.0560693581355642
0.3136542857142857,35.0,0.07386608790209079,1.042800093808932
0.31436071428571427,35.0,0.0742069147829854,1.0251503480795916
0.3150671428571428,35.0,0.0745425390672578,1.0042102611468096
0.31577357142857143,35.0,0.0748709833425122,0.9793284877819144
0.31648,35.0,0.07519126594584259,0.9497222549396223
0.31718642857142854,35.0,0.07550467031475024,0.9152428756336084
0.31789285714285714,35.0,0.07581154737276238,0.8764821191393428
0.3185992857142857,35.0,0.07611129538339054,0.8348220577659295
0.31930571428571425,35.0,0.07640466864994337,0.7924127600853242
0.32001214285714286,35.0,0.07669233630507584,0.7518600247418232
0.3207185714285714,35.0,0.07697360519473948,0.7144018688785414
0.32142499999999996,35.0,0.07724747875749523,0.6795216655273004
0.32213142857142857,35.0,0.07751319308124041,0.6468414147969638
0.3228378571428571,35.0,0.07777030289282044,0.6173256245408466
0.3235442857142857,35.0,0.07801910462388491,0.5926040483566816
0.3242507142857143,35.0,0.07826028146531162,0.57410848821198
0.32495714285714283,35.0,0.07849497293539225,0.5634998451385163
0.3256635714285714,35.0,0.0787252824328519,0.5616645067950888
0.32637,35.0,0.07895211646537373,0.5677367921022692
0.32707642857142855,35.0,0.07917444309217044,0.5798272530100266
0.32778285714285715,35.0,0.07939174274124308,0.5966081070667996
0.3284892857142857,35.0,0.07960455061380117,0.6182819046146255
0.32919571428571426,35.0,0.07981351022648121,0.6451749424450971
0.32990214285714287,35.0,0.080018488475922,0.6769304810227971
0.3306085714285714,35.0,0.0802195610072885,0.7133638602962705
0.33131499999999997,35.0,0.08041821718043334,0.7531033932904146
0.3320214285714286,35.0,0.08061492117079772,0.7933523407249473
0.33272785714285713,35.0,0.08080876386369795,0.8320047173022858
0.3334342857142857,35.0,0.08099964128135842,0.8686328453744815
0.3341407142857143,35.0,0.08118709707986843,0.903439471239856
0.33484714285714284,35.0,0.08136985852956356,0.9365895341119082
0.3355535714285714,35.0,0.08154746150492,0.9677686830807991
0.33626,35.0,0.08172004102036055,0.9961820110013032
0.33696642857142856,35.0,0.08188859977007891,1.0207464382061755
0.3376728571428571,35.0,0.08205471475885978,1.0397171244409975
0.3383792857142857,35.0,0.08221828618555194,1.0523540524860122
0.33908571428571427,35.0,0.08237850271434277,1.0597206500217995
0.3397921428571428,35.0,0.08253562054495461,1.0632645001530783
0.34049857142857143,35.0,0.08268964679269308,1.0632080412564824
0.341205,35.0,0.08283946760486088,1.0590858496057407
0.34191142857142853,35.0,0.08298420521227026,1.0504100580029925
0.34261785714285714,35.0,0.0831241906653652,1.0362040812964597
0.3433242857142857,35.0,0.08325984744913971,1.0161062431715022
0.34403071428571425,35.0,0.0833909773823477,0.9911108336359532
0.34473714285714285,35.0,0.083517403445572,0.9630847386576363
0.3454435714285714,35.0,0.08363913528884295,0.9336449378886909
0.34614999999999996,35.0,0.08375522551646249,0.9027935711599274
0.34685642857142857,35.0,0.08386361634448225,0.8702559910279997
0.3475628571428571,35.0,0.08396332446334168,0.8363198145041031
0.34826928571428567,35.0,0.08405461170343485,0.8010457353481845
0.3489757142857143,35.0,0.08413803420832695,0.7654524424745519
0.34968214285714283,35.0,0.08421458330395061,0.7321565526284063
0.3503885714285714,35.0,0.08428432624674975,0.7033471287530375
0.351095,35.0,0.08434713472485225,0.6795667753464231
0.35180142857142854,35.0,0.08440397034556056,0.6605425183306002
0.35250785714285715,35.0,0.08445430145066495,0.6461527112857184
0.3532142857142857,35.0,0.08449665819872404,0.6364366003359258
0.35392071428571426,35.0,0.084531199850784,0.6316908784674993
0.35462714285714286,35.0,0.08455827639082666,0.6329045651687055
0.3553335714285714,35.0,0.08457777622168063,0.6410750470704841
0.35603999999999997,35.0,0.0845901468904392,0.6565853140531678
0.3567464285714286,35.0,0.08459622162614387,0.6779524759623226
0.3574528571428571,35.0,0.08459634365162377,0.703066982900725
0.3581592857142857,35.0,0.08458957810771396,0.7308147084782786
0.3588657142857143,35.0,0.08457460750232364,0.7606229101675681
0.35957214285714284,35.0,0.08455121346131922,0.7922247679094526
0.3602785714285714,35.0,0.08451991588128727,0.8256052830632626
0.360985,35.0,0.08448118906171877,0.8605515786094879
0.36169142857142855,35.0,0.08443555291972489,0.8958050211960579
0.3623978571428571,35.0,0.08438368017495217,0.9291697858311567
0.3631042857142857,35.0,0.08432673411848177,0.9591149991045806
0.36381071428571427,35.0,0.08426580383852646,0.9856872564952188
0.3645171428571428,35.0,0.08420059759986197,1.0091614607877295
0.3652235714285714,35.0,0.08413063348545033,1.0295859533042007
0.36593,35.0,0.0840565195116481,1.047500510106983
0.36663642857142853,35.0,0.0839781171430718,1.062631532287695
0.36734285714285714,35.0,0.08389471054313916,1.0733951855074797
0.3680492857142857,35.0,0.08380758984601415,1.078627893329082
0.36875571428571424,35.0,0.0837183017028017,1.0784838332848328
0.36946214285714285,35.0,0.083626668574519,1.0740249586020219
0.3701685714285714,35.0,0.08353226362405783,1.0659649971770027
0.37087499999999995,35.0,0.08343454482559827,1.0547235279406248
0.37158142857142856,35.0,0.08333324687532359,1.0403627995746987
0.3722878571428571,35.0,0.08322847638388764,1.022487450464453
0.3729942857142857,35.0,0.08311969109533426,1.0003412058269634
0.3737007142857143,35.0,0.08300705554050658,0.9735796529462803
0.3744071428571428,35.0,0.0828917500651944,0.943766068855201
0.37511357142857144,35.0,0.08277474670314779,0.9128155068233647
0.37582,35.0,0.08265652746935039,0.8817277841979176
0.37652642857142854,35.0,0.08253692564767498,0.8512922220700516
0.37723285714285715,35.0,0.08241585927234284,0.8217740173491999
0.3779392857142857,35.0,0.08229300344541307,0.7930991633547055
0.37864571428571425,35.0,0.08216687031667369,0.7655793679159005
0.37935214285714286,35.0,0.08203698618357956,0.7403618338496705
0.3800585714285714,35.0,0.08190474975888927,0.7195607152432723
0.38076499999999996,35.0,0.08177060980024072,0.7048391662271596
0.3814714285714286,35.0,0.0816336910085642,0.6963389614718546
0.3821778571428571,35.0,0.08149374064086934,0.693735108016849
0.3828842857142857,35.0,0.08135060257359007,0.6967928916052007
0.3835907142857143,35.0,0.08120336714622313,0.704728162575124
0.38429714285714284,35.0,0.08105127085537225,0.7169372853677689
0.3850035714285714,35.0,0.08089369500843602,0.7341617866984548
0.38571,35.0,0.08073047623616271,0.7570656573240129
0.38641642857142855,35.0,0.08056245127519979,0.7847376815423984
0.3871228571428571,35.0,0.08039001462900239,0.8156065373133651
0.3878292857142857,35.0,0.08021332797145511,0.8480239541023465
0.38853571428571426,35.0,0.08003326305669532,0.8806106784497407
0.3892421428571428,35.0,0.07984985927729994,0.9124413975610168
0.3899485714285714,35.0,0.07966197701478578,0.9429275179060271
0.390655,35.0,0.0794687726662972,0.972310446019636
0.3913614285714285,35.0,0.07927051418006001,1.000671423383172
0.39206785714285713,35.0,0.07906806901607809,1.0267656784603187
0.3927742857142857,35.0,0.07886128301860222,1.0490099569979698
0.39348071428571424,35.0,0.0786498576455599,1.0667040837599777
0.39418714285714285,35.0,0.07843489170209667,1.0796267520247043
0.3948935714285714,35.0,0.07821667948902929,1.087990031012045
0.39559999999999995,35.0,0.07799459300240177,1.0926012250880903
0.39630642857142856,35.0,0.07776868098058945,1.0941535881705535
0.3970128571428571,35.0,0.07753869158106264,1.0926397787656152
0.3977192857142857,35.0,0.07730465905777052,1.0869652353631756
0.39842571428571427,35.0,0.07706737517389203,1.0763468296104657
0.3991321428571428,35.0,0.07682756643090023,1.0612137479666592
0.39983857142857143,35.0,0.07658658087842474,1.0422973348306037
0.400545,35.0,0.07634607236994571,1.0203417436766766
0.40125142857142854,35.0,0.0761062388402979,0.9962502408087717
0.40195785714285714,35.0,0.07586625269067038,0.9709409620653825
0.4026642857142857,35.0,0.07562632527603969,0.9441171384756332
0.40337071428571425,35.0,0.07538709155200371,0.9151588721703569
0.40407714285714286,35.0,0.07514835711888151,0.8844793831544814
0.4047835714285714,35.0,0.07491008840490555,0.853359280173741
0.40548999999999996,35.0,0.07467298644783947,0.8235819501625814
0.40619642857142857,35.0,0.0744379835464315,0.7963452124908663
0.4069028571428571,35.0,0.0742052706593617,0.7727145071359677
0.4076092857142857,35.0,0.07397437375477454,0.7536081608336649
0.4083157142857143,35.0,0.073745252807206,0.7387661259676246
0.40902214285714283,35.0,0.07351749512888932,0.7278134196470548
0.4097285714285714,35.0,0.07329028843378088,0.721645087485111
0.410435,35.0,0.07306383657077667,0.7214196093613459
0.41114142857142855,35.0,0.07283872015236718,0.7276803963369861
0.4118478571428571,35.0,0.0726158520354868,0.7406687008910241
0.4125542857142857,35.0,0.07239624754934189,0.7600028979133183
0.41326071428571426,35.0,0.07217917115414457,0.7843941043831959
0.4139671428571428,35.0,0.07196384038464282,0.8121996961484271
0.4146735714285714,35.0,0.07175076371615143,0.8421040957945467
0.41537999999999997,35.0,0.07153928961584458,0.8736442888083704
0.4160864285714285,35.0,0.07132812897781689,0.9068661481391785
0.41679285714285713,35.0,0.0711171714254847,0.9408379882841118
0.4174992857142857,35.0,0.07090662669278938,0.9741061659052748
0.4182057142857143,35.0,0.07069643142532481,1.0056029873295178
0.41891214285714284,35.0,0.07048634336255524,1.0339239833671203
0.4196185714285714,35.0,0.07027621371867157,1.0575634657093191
0.420325,35.0,0.07006589878596312,1.0761676195401533
0.42103142857142856,35.0,0.0698545127391254,1.0903317007934465
0.4217378571428571,35.0,0.06964105566258384,1.1006304036978036
0.4224442857142857,35.0,0.06942542341238273,1.1069445296631462
0.42315071428571427,35.0,0.06920829170919118,1.1087910859749757
0.4238571428571428,35.0,0.06899044256124388,1.1058946803771494
0.42456357142857143,35.0,0.06877222905898173,1.0982040364850252
0.42527,35.0,0.06855374690504269,1.0855301630637977
0.42597642857142853,35.0,0.06833548787790589,1.068755441436457
0.42668285714285714,35.0,0.06811819447527566,1.0494344696075217
0.4273892857142857,35.0,0.06790116053275817,1.0280565476815606
0.42809571428571425,35.0,0.06768344665512428,1.0044656698818857
0.42880214285714285,35.0,0.06746587878742674,0.9785780731386409
0.4295085714285714,35.0,0.06724864999988518,0.9505277507474353
0.43021499999999996,35.0,0.06703150406071734,0.920412094871262
0.43092142857142857,35.0,0.06681559370319921,0.8891076803603274
0.4316278571428571,35.0,0.06660176496080339,0.8580708246703582
0.43233428571428567,35.0,0.06639001124966165,0.8288046802361841
0.4330407142857143,35.0,0.06617996360254096,0.8022093356720948
0.43374714285714283,35.0,0.06597106757552049,0.7781956959841524
0.4344535714285714,35.0,0.06576373158527403,0.7569964012255858
0.43516,35.0,0.0655588580426789,0.739473304871689
0.43586642857142854,35.0,0.06535678234231226,0.7263410396905559
0.4365728571428571,35.0,0.0651580615614312,0.7184598028534267
0.4372792857142857,35.0,0.06496373156299513,0.7170127285463914
0.43798571428571426,35.0,0.06477475570923903,0.7227867741082248
0.4386921428571428,35.0,0.06459133223126887,0.7353222068086886
0.4393985714285714,35.0,0.06441268899961645,0.7534004633480731
0.44010499999999997,35.0,0.0642386485997014,0.7760469994726984
0.4408114285714285,35.0,0.06406942574863966,0.8026466353509721
0.44151785714285713,35.0,0.06390425191784936,0.832369750133086
0.4422242857142857,35.0,0.0637429781337983,0.864459728827324
0.4429307142857143,35.0,0.06358686102990838,0.8986752174128178
0.44363714285714284,35.0,0.0634362569175605,0.9339590464395325
0.4443435714285714,35.0,0.06329023771928154,0.9681440510335557
0.44505,35.0,0.06314832996613116,0.9995459058743027
0.44575642857142855,35.0,0.06301022099711735,1.0272121122600368
0.4464628571428571,35.0,0.0628754999063793,1.050363875501233
0.4471692857142857,35.0,0.06274417609285485,1.0688924037732466
0.44787571428571427,35.0,0.06261585290023508,1.0828599997909352
0.4485821428571428,35.0,0.06249061639507737,1.0924695883618976
0.4492885714285714,35.0,0.06236959257752599,1.0977250273311259
0.449995,35.0,0.06225286019348967,1.0979635145369895
0.45070142857142853,35.0,0.06213997335410263,1.0926051238974561
0.45140785714285714,35.0,0.0620309518936088,1.0821901518242543
0.4521142857142857,35.0,0.06192538567569329,1.0676760324639867
0.45282071428571424,35.0,0.061822457909022965,1.0495525608635445
0.45352714285714285,35.0,0.06172122019426987,1.0286733752109662
0.4542335714285714,35.0,0.06162186251719773,1.0058527145512683
0.45493999999999996,35.0,0.06152539343938449,0.9810183679650348
0.45564642857142856,35.0,0.06143136691893081,0.9538401232509475
0.4563528571428571,35.0,0.061339210002596664,0.9244951237956247
0.45705928571428567,35.0,0.061249315390767264,0.8938811659596205
0.4577657142857143,35.0,0.0611615134622982,0.8631893421890068
0.45847214285714283,35.0,0.06107530891849676,0.8332625089770418
0.4591785714285714,35.0,0.06099053462999566,0.8051437622139174
0.459885,35.0,0.06090700595474724,0.7798521436009558
0.46059142857142854,35.0,0.06082511481951166,0.7575663143131358
0.4612978571428571,35.0,0.060745792059029746,0.7381111491632975
0.4620042857142857,35.0,0.06066929376713768,0.7224901691908491
0.46271071428571425,35.0,0.060595981094985304,0.7118989903530426
0.46341714285714286,35.0,0.060526682897907566,0.7071311824337825
0.4641235714285714,35.0,0.060460960672280975,0.7088143592861785
0.46482999999999997,35.0,0.06039766490652133,0.7169418126566433
0.4655364285714286,35.0,0.060336819753247624,0.7311908960673366
0.4662428571428571,35.0,0.060279007476041806,0.7505921261247583
0.4669492857142857,35.0,0.06022431018136453,0.773876957462134
0.4676557142857143,35.0,0.060172645418903846,0.8001924567281183
0.46836214285714284,35.0,0.06012428084767646,0.8293778282190817
0.4690685714285714,35.0,0.06007992211080244,0.8607286058589533
0.469775,35.0,0.06003954089615825,0.8928956945330883
0.47048142857142855,35.0,0.060002485733008,0.9249135068092837
0.4711878571428571,35.0,0.059968812855494824,0.9554444390345906
0.4718942857142857,35.0,0.0599383772528639,0.9827304421295964
0.47260071428571426,35.0,0.05991119018875309,1.0057526031128599
0.4733071428571428,35.0,0.05988803081963617,1.0243557324270347
0.4740135714285714,35.0,0.05986922645679972,1.0389040012633706
0.47472,35.0,0.05985557595241316,1.0494318801081397
0.4754264285714285,35.0,0.059847805846980344,1.0555961066871236
0.47613285714285714,35.0,0.059844834030685926,1.057524641318635
0.4768392857142857,35.0,0.05984592986683666,1.0551062574160952
0.47754571428571424,35.0,0.05985151570591515,1.047845446430055
0.47825214285714285,35.0,0.05986135321615789,1.035955469772383
0.4789585714285714,35.0,0.05987485544323591,1.0204582968052998
0.47966499999999995,35.0,0.059892140987255524,1.0022485521908235
0.48037142857142856,35.0,0.05991373078840017,0.9818378627765547
0.4810778571428571,35.0,0.059939777451312716,0.9593668344710883
0.48178428571428566,35.0,0.05997002883561097,0.9350051610989552
0.4824907142857143,35.0,0.06000413470049724,0.908888643162641
0.4831971428571428,35.0,0.06004179864893686,0.8812239715800907
0.4839035714285714,35.0,0.06008266609575247,0.8524775474933637
0.48461,35.0,0.0601263095592935,0.8240894693213233
0.48531642857142854,35.0,0.06017295109168662,0.7974828897148213
0.4860228571428571,35.0,0.060223204942921396,0.7730895979543954
0.4867292857142857,35.0,0.06027753933019231,0.7515244898287938
0.48743571428571425,35.0,0.06033599860104579,0.7334930053881838
0.48814214285714286,35.0,0.06039769357945861,0.7192343701386595
0.4888485714285714,35.0,0.06046229858285613,0.7090285429285578
0.48955499999999996,35.0,0.060530138608481394,0.7037540837590811
0.49026142857142857,35.0,0.06060013170906296,0.7042602029134599
0.4909678571428571,35.0,0.06067137040315214,0.7110335814318689
0.4916742857142857,35.0,0.06074444495512818,0.7235322848063335
0.4923807142857143,35.0,0.06081933194186495,0.7407375960540452
0.49308714285714283,35.0,0.06089574709283022,0.7620552438373515
0.4937935714285714,35.0,0.06097400109063946,0.786428872672783
0.4945,35.0,0.061053874439251206,0.8126091827060459
0.49520642857142855,35.0,0.06113506561077629,0.840058437299589
0.4959128571428571,35.0,0.061217126904343055,0.8683963076454291
0.4966192857142857,35.0,0.061299450004776844,0.8966628296055384
0.49732571428571426,35.0,0.06138243545960861,0.9234054440164658
0.4980321428571428,35.0,0.061466760107984096,0.9476268377368999
0.4987385714285714,35.0,0.06155267505099689,0.9683729720461141
0.499445,35.0,0.061640140050868084,0.9850964350839023
0.5001514285714286,35.0,0.06172921021087507,0.9976959789711919
0.5008578571428571,35.0,0.06182035104431381,1.0063351518045598
0.5015642857142857,35.0,0.06191336362282862,1.0117415942198698
0.5022707142857142,35.0,0.062007271265035385,1.0138104795772893
0.5029771428571428,35.0,0.062101866578482295,1.0120020253439495
0.5036835714285715,35.0,0.06219771352683158,1.0063501935408408
0.50439,35.0,0.06229467955346114,0.9971262274277412
0.5050964285714286,35.0,0.062392764803929274,0.9844898080271499
0.5058028571428571,35.0,0.06249305467812689,0.968964617314676
0.5065092857142857,35.0,0.06259579484823859,0.9512778838143224
0.5072157142857142,35.0,0.0627004587217147,0.9320974908638694
0.5079221428571429,35.0,0.06280699278854145,0.9113882066040158
0.5086285714285714,35.0,0.0629151456877968,0.8888194221532666
0.509335,35.0,0.0630252559548039,0.8646225946721403
0.5100414285714285,35.0,0.06313806875170687,0.8395289625828154
0.5107478571428571,35.0,0.06325334877421317,0.8142517555477555
0.5114542857142856,35.0,0.06337137965497217,0.7896032098904172
0.5121607142857143,35.0,0.06349307158106521,0.7669352357673023
0.5128671428571429,35.0,0.06361838300499487,0.7471143892854885
0.5135735714285714,35.0,0.06374669466439985,0.7302377291872765
0.51428,35.0,0.06387744287976178,0.7166273196812358
0.5149864285714285,35.0,0.06401042690286399,0.7068676622586089
0.5156928571428571,35.0,0.06414540371820547,0.7014980870996398
0.5163992857142857,35.0,0.06428171515601483,0.7011262012500613
0.5171057142857143,35.0,0.06441966635033373,0.7060944094512459
0.5178121428571428,35.0,0.06456012253963068,0.7165866489588565
0.5185185714285714,35.0,0.06470258323366766,0.7322472679360646
0.5192249999999999,35.0,0.06484632256653639,0.7517707962868013
0.5199314285714285,35.0,0.06499124316253332,0.7739734507546475
0.5206378571428572,35.0,0.06513699333807121,0.798339870993913
0.5213442857142857,35.0,0.06528337585718384,0.8240653740806513
0.5220507142857143,35.0,0.06543023522367217,0.8504133176573077
0.5227571428571428,35.0,0.06557717899221933,0.8766208604088479
0.5234635714285714,35.0,0.06572448576556746,0.9018724671222675
0.52417,35.0,0.06587275297208912,0.9252580204624093
0.5248764285714286,35.0,0.06602145766568314,0.9454916949263364
0.5255828571428571,35.0,0.0661698969279435,0.9618704952815065
0.5262892857142857,35.0,0.06631821099674257,0.9744569518632863
0.5269957142857142,35.0,0.06646568400164139,0.9836046474236584
0.5277021428571428,35.0,0.06661125628080071,0.9892210410057957
0.5284085714285714,35.0,0.06675494295001476,0.9915592944128145
0.529115,35.0,0.06689714093618444,0.9910773943102704
0.5298214285714286,35.0,0.06703817154974649,0.9872725327648418
0.5305278571428571,35.0,0.06717768708723287,0.9799524699278415
0.5312342857142857,35.0,0.06731551015837312,0.9697400613878119
0.5319407142857142,35.0,0.0674522026511437,0.9570950851879101
0.5326471428571429,35.0,0.06758757000630168,0.9425619238630428
0.5333535714285714,35.0,0.06772128335127389,0.9264804658775913
0.53406,35.0,0.06785349704544255,0.9088905087497036
0.5347664285714285,35.0,0.06798419347707436,0.889942773173084
0.5354728571428571,35.0,0.06811397516789246,0.869531111109236
0.5361792857142856,35.0,0.06824348023343098,0.8476345988618357
0.5368857142857143,35.0,0.06837253081149254,0.8249907851806173
0.5375921428571429,35.0,0.06850156532923529,0.8027578703489654
0.5382985714285714,35.0,0.06863094530623574,0.7815978954110079
0.539005,35.0,0.06875964099042728,0.7619197773321419
0.5397114285714285,35.0,0.06888708997459041,0.7442948163048279
0.5404178571428571,35.0,0.06901388557327759,0.7292245637581121
0.5411242857142857,35.0,0.06914025722012257,0.7169872601572344
0.5418307142857143,35.0,0.06926602248106588,0.7081272212797471
0.5425371428571428,35.0,0.06939141501363881,0.7035211913867503
0.5432435714285714,35.0,0.06951689695588391,0.7040120930043781
0.5439499999999999,35.0,0.06964272170057523,0.7096339391689946
0.5446564285714286,35.0,0.06976873833771421,0.7198997273437762
0.5453628571428571,35.0,0.06989456821887007,0.7345545762220563
0.5460692857142857,35.0,0.0700201609332212,0.7528587923137328
0.5467757142857143,35.0,0.07014559885140004,0.7737270768266062
0.5474821428571428,35.0,0.07027090533070392,0.7967463228401626
0.5481885714285714,35.0,0.070396390106003,0.8216425918591124
0.548895,35.0,0.07052228068071317,0.8475482676961487
0.5496014285714286,35.0,0.07064875840168147,0.8734531172828804
0.5503078571428571,35.0,0.07077565313650701,0.8980839298207275
0.5510142857142857,35.0,0.07090168917401542,0.9204806338371625
0.5517207142857142,35.0,0.0710265000202074,0.9400478448683776
0.5524271428571428,35.0,0.07115054381229241,0.9561389332964204
0.5531335714285714,35.0,0.0712729080792797,0.9687661851408963
0.55384,35.0,0.0713931971059244,0.9782710641364187
0.5545464285714286,35.0,0.07151196572490823,0.9847104638512524
0.5552528571428571,35.0,0.07162917664794193,0.9877595191691696
0.5559592857142857,35.0,0.07174480037340286,0.9872716904135365
0.5566657142857142,35.0,0.07185871564778483,0.9836106899542144
0.5573721428571429,35.0,0.07197056344292022,0.9769923668113681
0.5580785714285714,35.0,0.07208021557701896,0.9678927554406124
0.558785,35.0,0.07218749745712846,0.9568574719222696
0.5594914285714285,35.0,0.07229222758269847,0.9444666009858625
0.5601978571428571,35.0,0.07239469515269806,0.9308845153144388
0.5609042857142856,35.0,0.07249543952428807,0.9155761074381958
0.5616107142857143,35.0,0.07259456736987714,0.8987338274605541
0.5623171428571428,35.0,0.07269163563429477,0.880803368169488
0.5630235714285714,35.0,0.07278623139718847,0.8618904447479399
0.56373,35.0,0.07287848834956688,0.8424539486711882
0.5644364285714285,35.0,0.07296829656411714,0.8233245717780338
0.5651428571428572,35.0,0.07305478860654083,0.8048235016231843
0.5658492857142857,35.0,0.07313787316879475,0.7869798305143527
0.5665557142857143,35.0,0.07321831845455924,0.77004773802589
0.5672621428571428,35.0,0.07329608173479978,0.7545399709893248
0.5679685714285714,35.0,0.07337117392872541,0.7413395015318575
0.5686749999999999,35.0,0.0734442513011195,0.7313026633981851
0.5693814285714286,35.0,0.07351512357625885,0.7249023662207787
0.5700878571428571,35.0,0.07358355427756105,0.7226685668000544
0.5707942857142857,35.0,0.07364964128914048,0.724881305831823
0.5715007142857143,35.0,0.07371308354242369,0.7311194472036332
0.5722071428571428,35.0,0.07377447735321545,0.7409648293453587
0.5729135714285714,35.0,0.07383457652663805,0.7545791722228127
0.57362,35.0,0.0738930542721183,0.7717667274964404
0.5743264285714286,35.0,0.07394993928909074,0.7919784325785791
0.5750328571428571,35.0,0.07400558916476094,0.8146352692874702
0.5757392857142857,35.0,0.0740599089125738,0.8388426290129708
0.5764457142857142,35.0,0.07411237316841109,0.8634931074136788
0.5771521428571428,35.0,0.07416233070941579,0.8873299355070499
0.5778585714285714,35.0,0.07421001463989631,0.9094462557175373
0.578565,35.0,0.07425572373401702,0.9296064816937677
0.5792714285714285,35.0,0.07429915957770428,0.9475606171995266
0.5799778571428571,35.0,0.07434075330853757,0.9626315109941873
0.5806842857142857,35.0,0.07438110864075945,0.9746466158562593
0.5813907142857142,35.0,0.07441995052854634,0.9833950228790536
0.5820971428571429,35.0,0.07445688700150907,0.988489124424344
0.5828035714285714,35.0,0.07449190444189117,0.9898617530779439
0.58351,35.0,0.07452499184789893,0.9879407915242011
0.5842164285714285,35.0,0.07455643063889439,0.983516810775461
0.5849228571428571,35.0,0.07458656575706166,0.9770162508538919
0.5856292857142856,35.0,0.07461500011183829,0.9686607920044354
0.5863357142857143,35.0,0.07464201217587968,0.9585322820314042
0.5870421428571428,35.0,0.07466830406182301,0.9468755591696042
0.5877485714285714,35.0,0.07469318451925108,0.9337701256148465
0.588455,35.0,0.07471604989424432,0.9191971802988913
0.5891614285714285,35.0,0.07473701326348613,0.9038538755077792
0.5898678571428572,35.0,0.07475577284303331,0.8881627717458993
0.5905742857142857,35.0,0.07477201637828257,0.8721955747000009
0.5912807142857143,35.0,0.07478578810808549,0.8559895788583575
0.5919871428571428,35.0,0.07479753402318222,0.8396093682971949
0.5926935714285714,35.0,0.07480770809039916,0.8233082882184029
0.5933999999999999,35.0,0.07481586648185262,0.8073633338017989
0.5941064285714286,35.0,0.07482173197603516,0.7922959747616282
0.5948128571428571,35.0,0.07482562443430306,0.778953376360511
0.5955192857142857,35.0,0.07482732915218611,0.7681630944017868
0.5962257142857142,35.0,0.0748267999608414,0.7600365491951211
0.5969321428571428,35.0,0.07482404933614796,0.754659290773143
0.5976385714285714,35.0,0.07481887639047585,0.7525631129463255
0.598345,35.0,0.0748119337103511,0.7539610842805176
0.5990514285714286,35.0,0.07480349321470989,0.7589147294766412
0.5997578571428571,35.0,0.07479288811520521,0.767759092505182
0.6004642857142857,35.0,0.07478009744111068,0.7805347369927391
0.6011707142857142,35.0,0.07476523575843565,0.7968363070055551
0.6018771428571428,35.0,0.07474752459039749,0.8158231942192471
0.6025835714285714,35.0,0.07472651096511204,0.8364953495091312
0.60329,35.0,0.07470279645875263,0.8582101978730365
0.6039964285714285,35.0,0.07467674979691394,0.8803752845438731
0.6047028571428571,35.0,0.07464829675826956,0.9021180914444642
0.6054092857142856,35.0,0.07461754697433907,0.9228838124302182
0.6061157142857142,35.0,0.07458457627479899,0.9422924184211718
0.6068221428571429,35.0,0.07454960940861062,0.959338357421834
0.6075285714285714,35.0,0.07451260570797924,0.9732015126370175
0.608235,35.0,0.07447319641019991,0.9836613150926272
0.6089414285714285,35.0,0.07443159382320991,0.9905942420584302
0.6096478571428571,35.0,0.07438805644891061,0.9941634613511445
0.6103542857142856,35.0,0.07434293737324928,0.9947217571870374
0.6110607142857143,35.0,0.0742965855912261,0.9925200756097956
0.6117671428571428,35.0,0.07424878404461127,0.9879834954069991
0.6124735714285714,35.0,0.07419989938884089,0.981200497107352
0.61318,35.0,0.07414992485647035,0.9720807105531444
0.6138864285714285,35.0,0.0740978608214947,0.9610867779025969
0.6145928571428572,35.0,0.07404393400990163,0.9489863023397707
0.6152992857142857,35.0,0.07398889343875581,0.9360484234143313
0.6160057142857143,35.0,0.07393251344326046,0.9224368465354144
0.6167121428571428,35.0,0.0738748868996206,0.9085926933530439
0.6174185714285714,35.0,0.07381654440982933,0.8944480420852882
0.6181249999999999,35.0,0.07375765418559163,0.8798707621359761
0.6188314285714286,35.0,0.07369839992768885,0.8648764336987427
0.6195378571428571,35.0,0.0736387083663976,0.8499090782991635
0.6202442857142857,35.0,0.07357830180980449,0.8355461250724368
0.6209507142857142,35.0,0.07351729924341309,0.8219916522065749
0.6216571428571428,35.0,0.07345586717270747,0.8095986164631718
0.6223635714285713,35.0,0.07339402436506161,0.7987974597100341
0.62307,35.0,0.0733318775704777,0.789796088034123
0.6237764285714286,35.0,0.07326974339431543,0.782749964882139
0.6244828571428571,35.0,0.07320765330858962,0.7781784284794246
0.6251892857142857,35.0,0.07314506325137067,0.7767899816948303
0.6258957142857142,35.0,0.07308143422646597,0.7789060579396625
0.6266021428571428,35.0,0.07301687536775868,0.7846788570590008
0.6273085714285714,35.0,0.07295157252587273,0.7939737484239939
0.628015,35.0,0.07288484499880697,0.8064509463329245
0.6287214285714285,35.0,0.07281671093651325,0.8218346399580748
0.6294278571428571,35.0,0.07274793570923564,0.8393529067187471
0.6301342857142856,35.0,0.07267829023025202,0.8585301536155179
0.6308407142857142,35.0,0.07260779145587973,0.8791834582212235
0.6315471428571429,35.0,0.07253658817097147,0.9005384358132807
0.6322535714285714,35.0,0.07246411356144732,0.9214463745805005
0.63296,35.0,0.07239042085633592,0.9411188091769936
0.6336664285714285,35.0,0.07231549127783202,0.9587896909011712
0.6343728571428571,35.0,0.07223895785581569,0.9737268225369761
0.6350792857142857,35.0,0.0721613412175407,0.9855066965412187
0.6357857142857143,35.0,0.07208303068583845,0.9940908456636339
0.6364921428571428,35.0,0.07200367672470846,0.9996150389889045
0.6371985714285714,35.0,0.0719229701683988,1.002007597971787
0.6379049999999999,35.0,0.07184092202893606,1.0011039490982574
0.6386114285714285,35.0,0.07175767176600643,0.9971141410258697
0.6393178571428572,35.0,0.07167288892454571,0.9904911151973576
0.6400242857142857,35.0,0.0715862187217277,0.9814171549286759
0.6407307142857143,35.0,0.071498188562546,0.9704719206644239
0.6414371428571428,35.0,0.07140939052338739,0.9584608800162838
0.6421435714285714,35.0,0.07131981492745128,0.9457551863722945
0.6428499999999999,35.0,0.07122977143165425,0.9324371666833594
0.6435564285714286,35.0,0.071139720043754,0.9186442126782174
0.6442628571428571,35.0,0.07104946698679322,0.9044224966914691
0.6449692857142857,35.0,0.07095896514733925,0.8900182623888373
0.6456757142857142,35.0,0.0708683875087814,0.8757613813002907
0.6463821428571428,35.0,0.07077770571569177,0.8617114011812036
0.6470885714285713,35.0,0.07068751501530075,0.8482843287373166
0.647795,35.0,0.07059826056390961,0.8359091742719909
0.6485014285714286,35.0,0.07050938696465595,0.8242676914132502
0.6492078571428571,35.0,0.07042111318312246,0.8135240879557348
0.6499142857142857,35.0,0.07033402920080002,0.8042057275008032
0.6506207142857142,35.0,0.07024754694584702,0.7967590689014098
0.6513271428571428,35.0,0.07016133004539889,0.7915415957035208
0.6520335714285714,35.0,0.07007552183313998,0.7890610577045055
0.65274,35.0,0.06999022795716657,0.7898625789390034
0.6534464285714285,35.0,0.06990569126582646,0.7938111085112506
0.6541528571428571,35.0,0.06982186160972784,0.8008849251568976
0.6548592857142856,35.0,0.06973917422377568,0.8109099608992204
0.6555657142857143,35.0,0.06965800564366356,0.8238590947375489
0.6562721428571429,35.0,0.06957785944423318,0.8395558110882009
0.6569785714285714,35.0,0.06949859934443763,0.8573833941545355
0.657685,35.0,0.06942024585969152,0.8769004867015622
0.6583914285714285,35.0,0.06934268612653285,0.8974535238844512
0.6590978571428571,35.0,0.06926611607401398,0.917912655680268
0.6598042857142857,35.0,0.0691903543112944,0.9373337940378986
0.6605107142857143,35.0,0.06911507562194524,0.9550018485843994
0.6612171428571428,35.0,0.06904071849791349,0.9704313810538551
0.6619235714285714,35.0,0.06896738593015572,0.983292450055987
0.6626299999999999,35.0,0.06889420101073652,0.9930926166928679
0.6633364285714285,35.0,0.06882092044394056,0.9995473128941078
0.6640428571428572,35.0,0.06874780007509974,1.0027002228355797
0.6647492857142857,35.0,0.06867434361376891,1.0023402754888608
0.6654557142857143,35.0,0.06860041110851033,0.9984700258117328
0.6661621428571428,35.0,0.06852656707206489,0.9917295576980698
0.6668685714285714,35.0,0.06845304431531425,0.9827757566324412
0.6675749999999999,35.0,0.06837995498590056,0.9720366263233369
0.6682814285714286,35.0,0.06830717793909095,0.9599291873957889
0.6689878571428571,35.0,0.06823454906388646,0.9469602614938722
0.6696942857142857,35.0,0.06816236341447747,0.9332948338136159
0.6704007142857142,35.0,0.0680905570105162,0.9191292923109048
0.6711071428571428,35.0,0.0680189613724756,0.904638984424034
0.6718135714285713,35.0,0.06794773679268327,0.8902519094528553
0.67252,35.0,0.06787700530149086,0.8764136619041814
0.6732264285714286,35.0,0.06780723407904252,0.8631194011598899
0.6739328571428571,35.0,0.0677384509371614,0.8503276461043765
0.6746392857142857,35.0,0.06767008894452699,0.8383405091603525
0.6753457142857142,35.0,0.06760249963860984,0.827151913998872
0.6760521428571428,35.0,0.06753571085264697,0.8166938346892451
0.6767585714285714,35.0,0.06746896947128557,0.8075621556350245
0.677465,35.0,0.06740269507716275,0.8001502606576906
0.6781714285714285,35.0,0.06733754720899868,0.7950194825207718
0.6788778571428571,35.0,0.06727351375739188,0.7924448337382847
0.6795842857142856,35.0,0.06721072635303056,0.7924616946788948
0.6802907142857143,35.0,0.06714937287811594,0.7953677833930666
0.6809971428571429,35.0,0.06708955635054283,0.8012556418248387
0.6817035714285714,35.0,0.06703137938077955,0.8100077739345337
0.68241,35.0,0.06697478715597288,0.8215616928904722
0.6831164285714285,35.0,0.06691949293112821,0.8360089194437419
0.6838228571428571,35.0,0.06686562436379817,0.8528722531169027
0.6845292857142857,35.0,0.06681355433123899,0.8712113599719706
0.6852357142857143,35.0,0.06676321277365348,0.8904849930593928
0.6859421428571428,35.0,0.06671458086238578,0.9098416411854753
0.6866485714285714,35.0,0.06666767545529056,0.9283555531480854
0.6873549999999999,35.0,0.06662247439290638,0.9454524033372085
0.6880614285714285,35.0,0.06657865135041348,0.9604464659062536
0.6887678571428572,35.0,0.06653558685804714,0.9730628004629603
0.6894742857142857,35.0,0.06649367084647806,0.9828488448657723
0.6901807142857143,35.0,0.06645328999561102,0.9891737013262414
0.6908871428571428,35.0,0.06641391366755485,0.9919327162124214
0.6915935714285714,35.0,0.06637580353638461,0.9913944780576497
0.6922999999999999,35.0,0.06633943125125065,0.9876126073569264
0.6930064285714286,35.0,0.0663045426754047,0.9809971908215569
0.6937128571428571,35.0,0.06627127002780966,0.9722393080926088
0.6944192857142857,35.0,0.06623947493825325,0.9618497979778666
0.6951257142857142,35.0,0.0662086841388818,0.9501462248485988
0.6958321428571428,35.0,0.066179208160517,0.9373464331337781
0.6965385714285713,35.0,0.06615110564345952,0.9238544551172541
0.697245,35.0,0.06612411894665284,0.9100869666487519
0.6979514285714286,35.0,0.06609856316815528,0.8963377751518272
0.6986578571428571,35.0,0.06607463487324232,0.8828295731681167
0.6993642857142857,35.0,0.06605203143819564,0.869874072401529
0.7000707142857142,35.0,0.06603031620191016,0.8576184570758602
0.7007771428571428,35.0,0.06600940194117835,0.8458764277033223
0.7014835714285714,35.0,0.06598954899059441,0.8345902000917546
0.70219,35.0,0.0659705869406793,0.8240633948252121
0.7028964285714285,35.0,0.06595225327413552,0.8144954866885089
0.7036028571428571,35.0,0.06593496207574723,0.8062403876474497
0.7043092857142856,35.0,0.06591911873409723,0.7996074283372878
0.7050157142857143,35.0,0.06590457315316602,0.7949722451950086
0.7057221428571429,35.0,0.06589130768251199,0.7927808406418786
0.7064285714285714,35.0,0.06587939075649124,0.7929319368081914
0.707135,35.0,0.06586843167451797,0.7954510641139335
0.7078414285714285,35.0,0.0658585054945778,0.8008516187649602
0.7085478571428571,35.0,0.06584972256607531,0.8091197067426438
0.7092542857142857,35.0,0.06584171976860763,0.8200991374272816
0.7099607142857143,35.0,0.06583510906419895,0.8336475293973529
0.7106671428571428,35.0,0.06583008094282723,0.8493761561317645
0.7113735714285714,35.0,0.06582585723416239,0.8665534529300085
0.7120799999999999,35.0,0.0658225997014436,0.8843029378504751
0.7127864285714285,35.0,0.0658205079697913,0.9020116772797055
0.7134928571428572,35.0,0.06581926227088432,0.9189289437967019
0.7141992857142857,35.0,0.06581868785209562,0.934584165379501
0.7149057142857143,35.0,0.06581878298520016,0.9483059233860843
0.7156121428571428,35.0,0.0658199375045625,0.9594620018053409
0.7163185714285714,35.0,0.06582240151613578,0.9678590719158462
0.7170249999999999,35.0,0.06582604297960784,0.973074460869784
0.7177314285714286,35.0,0.0658310749264064,0.9747893858586464
0.7184378571428571,35.0,0.06583760465476785,0.9733421691026596
0.7191442857142857,35.0,0.0658452953439552,0.9691043921419954
0.7198507142857142,35.0,0.06585413231579701,0.9624667645537365
0.7205571428571428,35.0,0.06586409183010751,0.9538508552123998
0.7212635714285713,35.0,0.06587518672347531,0.9436533051343561
0.72197,35.0,0.06588786029394031,0.9323366441855928
0.7226764285714286,35.0,0.0659019863511527,0.9202801373094907
0.7233828571428571,35.0,0.06591717360022925,0.9076031878420994
0.7240892857142857,35.0,0.06593386632775078,0.8947901019367934
0.7247957142857142,35.0,0.06595226242238965,0.8824028912964151
0.7255021428571429,35.0,0.06597163645839868,0.8704303806205207
0.7262085714285714,35.0,0.06599192580769857,0.8588904447769674
0.726915,35.0,0.0660135587156879,0.8479328618738203
0.7276214285714285,35.0,0.06603633370851407,0.8375655711751927
0.7283278571428571,35.0,0.06606038744449479,0.827614080731226
0.7290342857142856,35.0,0.06608599881182471,0.8183825983379521
0.7297407142857143,35.0,0.06611315845732876,0.8101877311752833
0.7304471428571429,35.0,0.06614199949677381,0.8032641747777634
0.7311535714285714,35.0,0.06617212400532567,0.7979503171649096
0.73186,35.0,0.0662032437932524,0.7943608812956978
0.7325664285714285,35.0,0.06623554285744539,0.792706230357205
0.7332728571428571,35.0,0.06626884790993932,0.7933478651921962
0.7339792857142857,35.0,0.06630314812492626,0.7963211158683615
0.7346857142857143,35.0,0.06633828764127406,0.801734086898369
0.7353921428571428,35.0,0.06637411836585236,0.8099241095710055
0.7360985714285714,35.0,0.0664111339452028,0.8207398805124047
0.7368049999999999,35.0,0.06644897259661713,0.8338285726590984
0.7375114285714285,35.0,0.06648694208855545,0.8485888932681553
0.7382178571428571,35.0,0.06652534326708724,0.8645097752407013
0.7389242857142857,35.0,0.06656417131401503,0.8810163127314966
0.7396307142857143,35.0,0.06660296413272862,0.8972639207763109
0.7403371428571428,35.0,0.06664197189487735,0.9127027142388848
0.7410435714285714,35.0,0.06668162946381796,0.9268907462728947
0.7417499999999999,35.0,0.06672180957690652,0.9392708615844545
0.7424564285714286,35.0,0.06676244421720798,0.9490543581768461
0.7431628571428571,35.0,0.0668034456950215,0.9559353066845787
0.7438692857142857,35.0,0.06684458492367767,0.9598514293177433
0.7445757142857142,35.0,0.06688600328055853,0.9605361708011113
0.7452821428571428,35.0,0.06692761677960758,0.9583147232849863
0.7459885714285714,35.0,0.06696908724680535,0.9535705852300322
0.746695,35.0,0.06701060647969587,0.9466636861043259
0.7474014285714285,35.0,0.06705248510170798,0.9380823654702581
0.7481078571428571,35.0,0.06709472174102304,0.9280808959378033
0.7488142857142857,35.0,0.06713719139817904,0.916982120169114
0.7495207142857142,35.0,0.06717976635335433,0.9053656663834297
0.7502271428571429,35.0,0.06722267745841697,0.8936288771440006
0.7509335714285714,35.0,0.06726585354981048,0.8818633105358227
0.75164,35.0,0.0673088624251841,0.8705533475564845
0.7523464285714285,35.0,0.0673523706815667,0.8599091397676504
0.7530528571428571,35.0,0.06739680869625288,0.8497643433618461
0.7537592857142856,35.0,0.06744177429107956,0.8400934418238803
0.7544657142857143,35.0,0.0674876241685023,0.8309092983666475
0.7551721428571428,35.0,0.06753445199653091,0.8223685168918444
0.7558785714285714,35.0,0.06758203973700123,0.8146025681260618
0.756585,35.0,0.06763059407825317,0.8077258581960403
0.7572914285714285,35.0,0.06767978449769069,0.8019834660209135
0.7579978571428571,35.0,0.0677293217615652,0.7976948291107904
0.7587042857142857,35.0,0.06777954558873402,0.794890338663396
0.7594107142857143,35.0,0.06783053886990832,0.793639591303993
0.7601171428571428,35.0,0.06788207416215256,0.7944538301888266
0.7608235714285714,35.0,0.06793416480042047,0.7975716968508303
0.7615299999999999,35.0,0.06798694018240714,0.8029901874035619
0.7622364285714285,35.0,0.06804015165461202,0.8108959580202112
0.7629428571428571,35.0,0.06809340855715625,0.8211976078786188
0.7636492857142857,35.0,0.06814670102091586,0.8335103386145082
0.7643557142857142,35.0,0.06820030754834973,0.8474193944355647
0.7650621428571428,35.0,0.0682542440647961,0.8623161017085801
0.7657685714285714,35.0,0.0683082103616081,0.8777152362809199
0.7664749999999999,35.0,0.0683624431175322,0.8932237546869304
0.7671814285714286,35.0,0.06841716768662143,0.9080586184896752
0.7678878571428571,35.0,0.06847195810594901,0.9215670551623666
0.7685942857142857,35.0,0.06852678109410221,0.9332912515722044
0.7693007142857142,35.0,0.06858141449795688,0.9426848434349837
0.7700071428571428,35.0,0.06863538116027008,0.9491697957521275
0.7707135714285714,35.0,0.0686890324824585,0.952661261511916
0.77142,35.0,0.06874225883193104,0.9533179379365785
0.7721264285714285,35.0,0.06879465368038191,0.9512513967649526
0.7728328571428571,35.0,0.06884673025807009,0.9467618278776744
0.7735392857142857,35.0,0.06889845959117125,0.9400760510364464
0.7742457142857142,35.0,0.06894922979849803,0.9316939889184342
0.7749521428571429,35.0,0.06899913941322022,0.921985164474448
0.7756585714285714,35.0,0.06904832756185328,0.9112022265378708
0.776365,35.0,0.06909679813644708,0.8999609236302557
0.7770714285714285,35.0,0.06914454351145007,0.888777043979936
0.7777778571428571,35.0,0.0691915476164598,0.8779006250801897
0.7784842857142856,35.0,0.06923828057669561,0.8674696548368899
0.7791907142857143,35.0,0.0692848874338702,0.8576251269201344
0.7798971428571428,35.0,0.0693311947195804,0.8484240397987771
0.7806035714285714,35.0,0.06937728426009482,0.8397674986921042
0.78131,35.0,0.06942301824928995,0.8316780968441313
0.7820164285714285,35.0,0.06946827483496866,0.8241622476195922
0.782722857142857,35.0,0.06951313363271601,0.8175158680748645
0.7834292857142857,35.0,0.06955752033082317,0.811747070770926
0.7841357142857143,35.0,0.06960141979814877,0.806751496714409
0.7848421428571428,35.0,0.0696452552080462,0.8028258928050012
0.7855485714285714,35.0,0.06968893944356287,0.800160007478126
0.7862549999999999,35.0,0.06973190124283514,0.7988484638337432
0.7869614285714285,35.0,0.06977458435030362,0.7992059883543693
0.7876678571428571,35.0,0.06981719517384984,0.8016289214730856
0.7883742857142857,35.0,0.06985912764942015,0.8062294460045135
0.7890807142857142,35.0,0.06990059077388273,0.8130605000620975
0.7897871428571428,35.0,0.06994184930137545,0.8219998049139047
0.7904935714285714,35.0,0.06998289179883031,0.8327804253018897
0.7911999999999999,35.0,0.07002399454411924,0.8452642599873018
0.7919064285714286,35.0,0.07006503453981316,0.859003181691834
0.7926128571428571,35.0,0.07010596839767715,0.8734109491971577
0.7933192857142857,35.0,0.07014685883856218,0.8881899229586778
0.7940257142857142,35.0,0.07018731156392984,0.9027371278369445
0.7947321428571428,35.0,0.07022721510840571,0.9161666902084928
0.7954385714285714,35.0,0.07026657422700752,0.9279002654534656
0.796145,35.0,0.07030537584968735,0.9375881329991009
0.7968514285714285,35.0,0.07034378307660356,0.9447362929814888
0.7975578571428571,35.0,0.07038145313107431,0.9491391841514352
0.7982642857142856,35.0,0.07041824074853939,0.9508247219631969
0.7989707142857142,35.0,0.07045461769695359,0.9498487429781909
0.7996771428571429,35.0,0.07049027408315724,0.9464272277416131
0.8003835714285714,35.0,0.07052466422695691,0.9407076888124446
0.80109,35.0,0.07055815102636888,0.9329379050659399
0.8017964285714285,35.0,0.07059090378757314,0.9237896991818773
0.8025028571428571,35.0,0.07062271867120716,0.9136880068217578
0.8032092857142856,35.0,0.07065385469446081,0.9030141489535349
0.8039157142857143,35.0,0.07068453865357674,0.8924000659691017
0.8046221428571428,35.0,0.07071462429485288,0.8820813956684594
0.8053285714285714,35.0,0.07074411091872033,0.8722505390848725
0.806035,35.0,0.07077284714032274,0.8629544173155175
0.8067414285714285,35.0,0.07080053758998377,0.8542738731298447
0.807447857142857,35.0,0.070827482887848,0.8463365897679291
0.8081542857142857,35.0,0.07085367458177097,0.8391686547536341
0.8088607142857143,35.0,0.07087879878821275,0.8327226799308428
0.8095671428571428,35.0,0.07090305508207613,0.826941545272645
0.8102735714285714,35.0,0.07092653156544848,0.8219828423149952
0.8109799999999999,35.0,0.07094934767210004,0.8177073552548769
0.8116864285714285,35.0,0.07097124159005107,0.8139950288031
0.8123928571428571,35.0,0.07099187651767785,0.811266060079218
0.8130992857142857,35.0,0.07101175090028602,0.8097188926671892
0.8138057142857142,35.0,0.07103072688957274,0.8095341249980306
0.8145121428571428,35.0,0.0710485062576532,0.810962687877797
0.8152185714285713,35.0,0.07106570251908254,0.8142139459851855
0.815925,35.0,0.07108242173644898,0.8193954084485315
0.8166314285714286,35.0,0.07109841930082976,0.8264296474551157
0.8173378571428571,35.0,0.071113853001065,0.8352115706342677
0.8180442857142857,35.0,0.07112856495198736,0.8457128434600167
0.8187507142857142,35.0,0.07114241424236574,0.8577755861047806
0.8194571428571428,35.0,0.07115561463756208,0.8708250738220964
0.8201635714285714,35.0,0.07116792719055944,0.8845006042901543
0.82087,35.0,0.07117910976136688,0.8982128871110066
0.8215764285714285,35.0,0.07118952546126416,0.9112663148656629
0.8222828571428571,35.0,0.07119934409790528,0.9231019615879691
0.8229892857142856,35.0,0.0712083013548344,0.9332091231071146
0.8236957142857142,35.0,0.07121634793447848,0.941217697663146
0.8244021428571429,35.0,0.07122360144345641,0.9469255934926554
0.8251085714285714,35.0,0.07122999337610093,0.9500872014623168
0.825815,35.0,0.07123535584106849,0.9504565305215994
0.8265214285714285,35.0,0.07123970456270934,0.9482982859317165
0.8272278571428571,35.0,0.07124345409226537,0.943834221798
0.8279342857142856,35.0,0.07124672702166514,0.937147695379552
0.8286407142857143,35.0,0.07124923943918202,0.9288048390667046
0.8293471428571428,35.0,0.07125126534402114,0.9195589654281964
0.8300535714285714,35.0,0.0712528892323156,0.9095883772278434
0.8307599999999999,35.0,0.07125379623186866,0.8993638283855432
0.8314664285714285,35.0,0.07125420859713111,0.889311868063494
0.832172857142857,35.0,0.071253859642249,0.8795744863481252
0.8328792857142857,35.0,0.07125252148334017,0.8704909434941506
0.8335857142857143,35.0,0.07125084516252515,0.8621055469529121
0.8342921428571428,35.0,0.07124865471314105,0.8545885064250365
0.8349985714285714,35.0,0.0712456846052254,0.8480830501396814
0.8357049999999999,35.0,0.07124237404742562,0.8424075522093127
0.8364114285714286,35.0,0.07123860383140437,0.8374370734210672
0.8371178571428571,35.0,0.07123407978964416,0.833083505448502
0.8378242857142857,35.0,0.07122878233816317,0.829385914740989
0.8385307142857142,35.0,0.07122286547434556,0.8262861189275255
0.8392371428571428,35.0,0.07121648818910337,0.8238664996129921
0.8399435714285713,35.0,0.07120954175773114,0.8224388729416885
0.84065,35.0,0.07120201205001395,0.8220647737253628
0.8413564285714286,35.0,0.07119408838245588,0.8229797302578512
0.8420628571428571,35.0,0.07118578772227203,0.8251789912930644
0.8427692857142857,35.0,0.07117688637495742,0.828839465793201
0.8434757142857142,35.0,0.0711672962916967,0.8342260933710098
0.8441821428571428,35.0,0.0711568739042839,0.8412735934163593
0.8448885714285714,35.0,0.07114551179072087,0.8498686166373078
0.845595,35.0,0.07113347597637194,0.8600769588110232
0.8463014285714285,35.0,0.07112061569805686,0.8715827029973745
0.8470078571428571,35.0,0.07110677517909486,0.8837636407983487
0.8477142857142856,35.0,0.07109245992731003,0.896250508655784
0.8484207142857142,35.0,0.07107746600637288,0.9085235911309149
0.8491271428571429,35.0,0.07106125696958689,0.9200655428023168
0.8498335714285714,35.0,0.07104429443133371,0.9303730815188516
0.85054,35.0,0.07102666624646042,0.9389715639104256
0.8512464285714285,35.0,0.07100802744093299,0.9455698417901806
0.8519528571428571,35.0,0.07098863956523087,0.949804175831074
0.8526592857142856,35.0,0.0709685450757501,0.951401710683475
0.8533657142857143,35.0,0.07094786190091375,0.9503948859733363
0.8540721428571428,35.0,0.07092679710556654,0.9469800647550924
0.8547785714285714,35.0,0.07090506718256255,0.9414674928191309
0.8554849999999999,35.0,0.07088269404541574,0.9341197175713007
0.8561914285714285,35.0,0.07085970598121331,0.9254665229922808
0.856897857142857,35.0,0.07083597701025236,0.915924146106826
0.8576042857142857,35.0,0.0708116474678451,0.9058859730900367
0.8583107142857143,35.0,0.07078667203840514,0.8957539873023266
0.8590171428571428,35.0,0.07076126749048878,0.8858165376822468
0.8597235714285714,35.0,0.07073577946921897,0.876554768611383
0.8604299999999999,35.0,0.070709873277607,0.8682622609670168
0.8611364285714286,35.0,0.07068351579228986,0.8607948526344477
0.8618428571428571,35.0,0.07065719853045546,0.8543729642253769
0.8625492857142857,35.0,0.07063079274164008,0.8490182478105998
0.8632557142857142,35.0,0.07060394681715787,0.8443610087132325
0.8639621428571428,35.0,0.07057702565670303,0.8404596590666489
0.8646685714285713,35.0,0.0705502739606342,0.8372511470253639
0.865375,35.0,0.07052349938803493,0.8347749429468482
0.8660814285714286,35.0,0.07049696187508095,0.8329954485681071
0.8667878571428571,35.0,0.07047059800984284,0.8319616261576772
0.8674942857142857,35.0,0.07044414242311677,0.8317284666602843
0.8682007142857142,35.0,0.07041779148480064,0.8323970089219929
0.8689071428571428,35.0,0.07039122946899046,0.8341336827247716
0.8696135714285714,35.0,0.07036427866939449,0.8369734773279993
0.87032,35.0,0.0703372724611655,0.8412096749773135
0.8710264285714285,35.0,0.07031016589786784,0.8470993774369664
0.8717328571428571,35.0,0.0702828776827964,0.8543912577502947
0.8724392857142856,35.0,0.07025535837781534,0.8630777712648605
0.8731457142857142,35.0,0.07022766064944942,0.8730483634586153
0.8738521428571429,35.0,0.07020003116505283,0.8838644927228481
0.8745585714285714,35.0,0.07017208629107279,0.8951709951846767
0.875265,35.0,0.07014357359416822,0.9065705721632892
0.8759714285714285,35.0,0.07011500216518819,0.9176008430170509
0.8766778571428571,35.0,0.07008623406145943,0.9278240553579928
0.8773842857142856,35.0,0.0700570639272484,0.9367356139428282
0.8780907142857143,35.0,0.07002789036448664,0.9437043987879699
0.8787971428571428,35.0,0.06999856973783453,0.9486028616074358
0.8795035714285714,35.0,0.0699689309398176,0.9510970568114195
0.8802099999999999,35.0,0.06993904270556234,0.9510303082379856
0.8809164285714285,35.0,0.06990862900073615,0.9485790996568185
0.881622857142857,35.0,0.06987763268444862,0.9439656849256535
0.8823292857142857,35.0,0.0698463356509009,0.9374718304130406
0.8830357142857143,35.0,0.0698146406656487,0.9293398346420775
0.8837421428571428,35.0,0.06978233125418148,0.9200605815680822
0.8844485714285714,35.0,0.06974979488432027,0.9100776907475736
0.8851549999999999,35.0,0.06971725854484988,0.8998701571941538
0.8858614285714286,35.0,0.06968449805917812,0.8898335505622912
0.8865678571428571,35.0,0.06965153543702915,0.8803213645457079
0.8872742857142857,35.0,0.06961845269925165,0.8717792684225605
0.8879807142857142,35.0,0.06958541303630866,0.8642301251884669
0.8886871428571428,35.0,0.06955242920128353,0.8575918240943883
0.8893935714285713,35.0,0.06951941719797976,0.8520766765828686
0.8901,35.0,0.06948686818420076,0.8475357943829652
0.8908064285714286,35.0,0.06945478756508361,0.8438680040086275
0.8915128571428571,35.0,0.06942286711878905,0.8410679918992642
0.8922192857142857,35.0,0.06939140373366114,0.8389868185037652
0.8929257142857142,35.0,0.06936017629555613,0.8376481482456839
0.8936321428571428,35.0,0.06932907389167371,0.8369627652932903
0.8943385714285714,35.0,0.06929841063853365,0.8368128367793185
0.895045,35.0,0.06926778554077845,0.837395634511519
0.8957514285714285,35.0,0.06923720844391043,0.8388667596717878
0.8964578571428571,35.0,0.06920722865617424,0.8413417795100319
0.8971642857142856,35.0,0.06917767440887324,0.8449579791649882
0.8978707142857142,35.0,0.06914832531533477,0.849925100928289
0.8985771428571429,35.0,0.06911942132738613,0.8562577944632785
0.8992835714285714,35.0,0.06909095330795016,0.8637801214349061
0.89999,35.0,0.06906274838787857,0.8724676993573238
0.9006964285714285,35.0,0.06903481515851101,0.882041014556316
0.9014028571428571,35.0,0.06900728710911201,0.8923648724577671
0.9021092857142856,35.0,0.06898033364200659,0.9030069650500732
0.9028157142857143,35.0,0.06895385439848492,0.9134303262581849
0.9035221428571428,35.0,0.06892773737488538,0.9233129897668054
0.9042285714285714,35.0,0.06890205338922921,0.9321648857813083
0.9049349999999999,35.0,0.06887672545193517,0.9392986636499934
0.9056414285714285,35.0,0.06885158408099859,0.9444330129805866
0.9063478571428571,35.0,0.06882657279036943,0.9475104993521954
0.9070542857142857,35.0,0.0688015379600695,0.9481640392852402
0.9077607142857143,35.0,0.06877644887890458,0.9464802627908461
0.9084671428571428,35.0,0.06875171641816179,0.9426421946324176
0.9091735714285714,35.0,0.06872710534423,0.9367444641332747
0.9098799999999999,35.0,0.06870238959645934,0.9291854451215106
0.9105864285714286,35.0,0.06867816553253743,0.9203223406176658
0.9112928571428571,35.0,0.06865412143993242,0.9105660882325692
0.9119992857142857,35.0,0.06862993127764047,0.9005027604684414
0.9127057142857142,35.0,0.06860608404783629,0.8906173079783368
0.9134121428571428,35.0,0.06858251925991096,0.8811879923293505
0.9141185714285713,35.0,0.06855923630918549,0.8724865264796595
0.914825,35.0,0.0685363865313455,0.8648694993792152
0.9155314285714286,35.0,0.0685138769727317,0.8582788217714626
0.9162378571428571,35.0,0.06849189667509581,0.852721832461537
0.9169442857142857,35.0,0.06847045322818547,0.8482850073183339
0.9176507142857142,35.0,0.0684493314438413,0.8448968333864951
0.9183571428571428,35.0,0.06842849644978567,0.8424329376845914
0.9190635714285714,35.0,0.06840789724987295,0.8406865331379643
0.91977,35.0,0.06838762508317693,0.8395530427241163
0.9204764285714285,35.0,0.06836777275156093,0.8390759574285044
0.9211828571428571,35.0,0.0683481932786079,0.8390919857504144
0.9218892857142856,35.0,0.06832905062181682,0.8396295030504904
0.9225957142857142,35.0,0.06831060920868166,0.84097252691645
0.9233021428571428,35.0,0.06829252767203195,0.8431741959518555
0.9240085714285714,35.0,0.06827465365153416,0.8463489198494885
0.924715,35.0,0.0682574530984065,0.8505765776619995
0.9254214285714285,35.0,0.06824080182853831,0.8559816128710583
0.9261278571428571,35.0,0.0682244088683843,0.8624965633130947
0.9268342857142857,35.0,0.06820865376846749,0.8701159235762118
0.9275407142857143,35.0,0.06819355290955768,0.8786923789278515
0.9282471428571428,35.0,0.06817899757433968,0.8879792047621791
0.9289535714285714,35.0,0.0681652144397813,0.8977890333010566
0.9296599999999999,35.0,0.06815189495885066,0.90757677058944
0.9303664285714285,35.0,0.06813887911548006,0.9168169428196157
0.9310728571428571,35.0,0.06812643594600497,0.9251803990269886
0.9317792857142857,35.0,0.06811428702413712,0.9321751248904803
0.9324857142857143,35.0,0.06810239836177928,0.9373938053476589
0.9331921428571428,35.0,0.06809101057510868,0.9405893640409637
0.9338985714285714,35.0,0.06808009770428085,0.941677250727936
0.9346049999999999,35.0,0.06806975368551839,0.9405434741400432
0.9353114285714286,35.0,0.06805971087175536,0.9372131512751811
0.9360178571428571,35.0,0.06805004286170784,0.931823869263526
0.9367242857142857,35.0,0.06804111535776547,0.9247262530736474
0.9374307142857142,35.0,0.06803248134869366,0.9164112187704484
0.9381371428571428,35.0,0.06802410583134166,0.9070995655081366
0.9388435714285713,35.0,0.06801640688787379,0.8974334440955706
0.93955,35.0,0.06800928203836487,0.8879290494425921
0.9402564285714285,35.0,0.06800269489979285,0.8787998068700376
0.9409628571428571,35.0,0.0679968235039494,0.870372926650064
0.9416692857142857,35.0,0.06799151673689512,0.8629402766485396
0.9423757142857142,35.0,0.06798665044687387,0.8565774573348719
0.9430821428571428,35.0,0.0679823924248791,0.851335312461119
0.9437885714285714,35.0,0.06797850021408994,0.8472958821817658
0.944495,35.0,0.06797488463697099,0.8442538491699322
0.9452014285714285,35.0,0.06797198008690257,0.8421459277063822
0.9459078571428571,35.0,0.06796963200381191,0.8408820455033371
0.9466142857142856,35.0,0.06796760360046628,0.8401050311556776
0.9473207142857142,35.0,0.06796618468811977,0.8398200658182425
0.9480271428571428,35.0,0.06796539588373687,0.840132189636136
0.9487335714285714,35.0,0.06796510716095121,0.8409013741906083
0.94944,35.0,0.06796518317799284,0.8421968301500269
0.9501464285714285,35.0,0.06796555717337333,0.8442410775579444
0.950852857142857,35.0,0.06796652001305943,0.8470930592568819
0.9515592857142857,35.0,0.06796792457312242,0.8507833659298064
0.9522657142857143,35.0,0.06796962670109509,0.8554413744352295
0.9529721428571428,35.0,0.0679719876357961,0.8611281231376262
0.9536785714285714,35.0,0.067974766562726,0.8678582086032921
0.9543849999999999,35.0,0.06797779739263077,0.8755487033613003
0.9550914285714285,35.0,0.06798127087401164,0.8839183871072585
0.9557978571428571,35.0,0.06798482630144762,0.8927563833583065
0.9565042857142857,35.0,0.0679885600970311,0.9017387793253687
0.9572107142857142,35.0,0.06799278279885534,0.9102702272574833
0.9579171428571428,35.0,0.06799708443643729,0.9180158186090681
0.9586235714285714,35.0,0.0680015367152186,0.9246429626853168
0.9593299999999999,35.0,0.06800655398501737,0.9297037075803578
0.9600364285714286,35.0,0.06801196312115095,0.9329818995336463
0.9607428571428571,35.0,0.06801755349289607,0.9342032150081141
0.9614492857142857,35.0,0.06802341190911923,0.9333031476889642
0.9621557142857142,35.0,0.06802961501472246,0.9303459325206961
0.9628621428571428,35.0,0.06803606312898222,0.9253752246338791
0.9635685714285713,35.0,0.06804277952479937,0.9187078981368193
0.964275,35.0,0.06804986829056109,0.9107965817801902
0.9649814285714285,35.0,0.0680574196898865,0.9020956151296352
0.9656878571428571,35.0,0.06806545117353101,0.8928907408953612
0.9663942857142857,35.0,0.06807376778448758,0.8837222237348251
0.9671007142857142,35.0,0.06808248230671463,0.8749846347789397
0.9678071428571428,35.0,0.06809157255699123,0.8668831207636243
0.9685135714285714,35.0,0.06810094178443954,0.8597652073755426
0.96922,35.0,0.06811081557270421,0.8536982475274777
0.9699264285714285,35.0,0.06812092613230984,0.8488673985511995
0.9706328571428571,35.0,0.06813141385679126,0.8452632448581455
0.9713392857142856,35.0,0.06814278325429637,0.8426831086925635
0.9720457142857142,35.0,0.06815458737614148,0.8409960288498627
0.9727521428571428,35.0,0.06816674403181615,0.840151428175897
0.9734585714285714,35.0,0.06817966721244698,0.8398818456360718
0.974165,35.0,0.06819301025055104,0.8399992655728395
0.9748714285714285,35.0,0.06820663589461977,0.8406599123641505
0.975577857142857,35.0,0.06822078516109202,0.8417221440624878
0.9762842857142857,35.0,0.06823535162508032,0.8432358431464685
0.9769907142857143,35.0,0.06825037034156833,0.845269859652613
0.9776971428571428,35.0,0.06826580547667631,0.8478683727005101
0.9784035714285714,35.0,0.06828148745473828,0.851220123133377
0.9791099999999999,35.0,0.06829749102580014,0.8553951546824564
0.9798164285714285,35.0,0.06831374204616378,0.8604231124310531
0.9805228571428571,35.0,0.06833010734929523,0.8663821345185267
0.9812292857142857,35.0,0.06834651662202806,0.8732883108925354
0.9819357142857142,35.0,0.06836291743725892,0.8808688899997071
0.9826421428571428,35.0,0.0683794949355974,0.8888198681357541
0.9833485714285713,35.0,0.06839632386293984,0.896991509384608
0.9840549999999999,35.0,0.06841317188803982,0.9049335926301555
0.9847614285714286,35.0,0.0684301082255439,0.912199749223038
0.9854678571428571,35.0,0.06844737579507323,0.9185497293765233
0.9861742857142857,35.0,0.06846461223138513,0.9235135828767843
0.9868807142857142,35.0,0.06848162949559913,0.9268406257775409
0.9875871428571428,35.0,0.0684988702759999,0.9283386263267234
0.9882935714285713,35.0,0.06851612720121786,0.9277037793576783
0.989,35.0,0.06853319608171975,0.925087938620637
0.9897064285714285,35.0,0.0685504300855623,0.9206735263425405
0.9904128571428571,35.0,0.06856757834587561,0.9145384366531828
0.9911192857142856,35.0,0.06858467682517419,0.9071201888510585
0.9918257142857142,35.0,0.06860193017121959,0.898856784081406
0.9925321428571428,35.0,0.06861890722173507,0.8901419597043977
0.9932385714285714,35.0,0.06863571744672226,0.8812513929354043
0.993945,35.0,0.06865256220717897,0.8726994151278313
0.9946514285714285,35.0,0.06866936585916399,0.864839919187862
0.9953578571428571,35.0,0.06868624403077549,0.8578888802225726
0.9960642857142856,35.0,0.06870321058005101,0.8520903838157117
0.9967707142857143,35.0,0.06872045873547811,0.847479033872855
0.9974771428571428,35.0,0.06873804596041233,0.8441122540567988
0.9981835714285714,35.0,0.0687556585096569,0.8418627902542397
0.99889,35.0,0.06877344185804493,0.8405173538261688
0.9995964285714285,35.0,0.06879165692333215,0.839962232604751
1.0003028571428572,35.0,0.0688099847918805,0.8400796251809711
1.0010092857142856,35.0,0.06882837949790489,0.8406816646297992
1.0017157142857143,35.0,0.06884714104082641,0.8416928107898473
1.0024221428571427,35.0,0.06886610181809592,0.8430551824344661
1.0031285714285714,35.0,0.06888521776149677,0.8447237615619
1.003835,35.0,0.06890458797569865,0.8468136813808681
1.0045414285714285,35.0,0.06892390205445409,0.8492699717392597
1.0052478571428571,35.0,0.06894313029225974,0.8522163337540232
1.0059542857142856,35.0,0.0689625242863982,0.8559691890112634
1.0066607142857142,35.0,0.0689818040110183,0.8604308241378352
1.007367142857143,35.0,0.06900091982072977,0.865675748917287
1.0080735714285713,35.0,0.06902030471879918,0.8717504811703791
1.00878,35.0,0.06903975435676202,0.8785437715630985
1.0094864285714285,35.0,0.069059116891068,0.8857625734191408
1.0101928571428571,35.0,0.06907854067895917,0.8931864591835521
1.0108992857142856,35.0,0.06909795464752182,0.9006141360675088
1.0116057142857142,35.0,0.06911742577059561,0.9075977996565631
1.0123121428571429,35.0,0.06913669224100216,0.9138124993942308
1.0130185714285713,35.0,0.06915569638935277,0.9189009781536617
1.013725,35.0,0.06917478920094527,0.9224645705589186
1.0144314285714284,35.0,0.06919367737571025,0.924371803899307
1.015137857142857,35.0,0.06921232345542559,0.924390136102308
1.0158442857142858,35.0,0.06923090626050181,0.9223926714607235
1.0165507142857142,35.0,0.06924907113681866,0.9187071345946715
1.0172571428571429,35.0,0.06926690809107611,0.9133389557988808
1.0179635714285713,35.0,0.06928449698741508,0.9066023842139449
1.01867,35.0,0.0693015208520835,0.8989035404409204
1.0193764285714286,35.0,0.0693182144341131,0.8905411555115527
1.020082857142857,35.0,0.0693348489190463,0.8820046533819649
1.0207892857142857,35.0,0.06935115259766382,0.8736818461791761
1.0214957142857142,35.0,0.06936711901695451,0.8658795028435399
1.0222021428571428,35.0,0.06938312818241517,0.858998778670135
1.0229085714285713,35.0,0.06939906834949246,0.8532858087693677
1.023615,35.0,0.06941472101768482,0.8487168079849475
1.0243214285714286,35.0,0.06943023207968577,0.845298732426999
1.025027857142857,35.0,0.06944560478881194,0.8431417547595831
1.0257342857142857,35.0,0.0694608873544279,0.8419813739746997
1.0264407142857142,35.0,0.06947609081229256,0.8415907291217485
1.0271471428571428,35.0,0.06949114178204761,0.8420093033563902
1.0278535714285715,35.0,0.06950617838142883,0.8429682824332584
1.02856,35.0,0.06952108893027827,0.844279084090453
1.0292664285714286,35.0,0.06953572205865406,0.8458782346004485
1.029972857142857,35.0,0.06955018102406801,0.8476942914838274
1.0306792857142857,35.0,0.06956430817543305,0.8496843260310692
1.0313857142857141,35.0,0.06957818208081382,0.8520264007525955
1.0320921428571428,35.0,0.06959203397333327,0.8546923506020588
1.0327985714285715,35.0,0.06960546817426234,0.8578662249031797
1.033505,35.0,0.0696187024658357,0.8617385845331081
1.0342114285714286,35.0,0.06963215532601853,0.8662253328452855
1.034917857142857,35.0,0.06964529327954273,0.8714309119052744
1.0356242857142857,35.0,0.069658150505549,0.8772516846822648
1.0363307142857143,35.0,0.06967098677206135,0.8836329073140485
1.0370371428571428,35.0,0.06968354075904085,0.8903871398777133
1.0377435714285714,35.0,0.06969586104286433,0.8971843285367449
1.0384499999999999,35.0,0.06970800588476406,0.903827526239645
1.0391564285714285,35.0,0.06971994539246112,0.9099608921824414
1.039862857142857,35.0,0.06973171434412122,0.9151671872767096
1.0405692857142856,35.0,0.06974323907107713,0.9190819102486935
1.0412757142857143,35.0,0.06975441612779365,0.9214967151722311
1.0419821428571427,35.0,0.06976522132116719,0.922300959641952
1.0426885714285714,35.0,0.06977569417901829,0.9212078413249615
1.0433949999999999,35.0,0.069785787255718,0.9183884581830714
1.0441014285714285,35.0,0.06979545545295741,0.9139840660972985
1.0448078571428572,35.0,0.06980470049978199,0.9080790708836064
1.0455142857142856,35.0,0.06981369704614765,0.9010791806280238
1.0462207142857143,35.0,0.06982260408960723,0.8932912412626705
1.0469271428571427,35.0,0.06983110521674107,0.8851063701605356
1.0476335714285714,35.0,0.06983925331214562,0.877058799171626
1.04834,35.0,0.06984739894989311,0.8694172337824096
1.0490464285714285,35.0,0.06985513172910868,0.8624829108769553
1.0497528571428572,35.0,0.06986245338362874,0.8566658137259225
1.0504592857142856,35.0,0.06986976684012579,0.8519569749260055
1.0511657142857143,35.0,0.06987677601919888,0.8484443229199279
1.0518721428571427,35.0,0.06988355134429447,0.8461266671707252
1.0525785714285714,35.0,0.06989025323668727,0.8449638798121436
1.053285,35.0,0.06989657896562428,0.844749700104579
1.0539914285714285,35.0,0.06990269233848445,0.8453343925853897
1.0546978571428571,35.0,0.06990865186610297,0.8465106653907101
1.0554042857142856,35.0,0.06991414633763283,0.8480701223252122
1.0561107142857142,35.0,0.06991927800982815,0.8499367117530987
1.056817142857143,35.0,0.06992415662987261,0.8518860534984103
1.0575235714285713,35.0,0.06992880338806409,0.8539337962384939
1.05823,35.0,0.06993324065770502,0.8562191040367556
1.0589364285714284,35.0,0.06993731222802331,0.8587283634316615
1.059642857142857,35.0,0.06994120779418289,0.8614780583262491
1.0603492857142855,35.0,0.06994493792993074,0.864713695323389
1.0610557142857142,35.0,0.0699481550015561,0.8684826465602541
1.0617621428571429,35.0,0.06995102961102119,0.8727392019757575
1.0624685714285713,35.0,0.06995373733772169,0.8776438772332926
1.063175,35.0,0.06995605512890421,0.8830743576185349
1.0638814285714284,35.0,0.06995797718096629,0.8889427014019337
1.064587857142857,35.0,0.06995970889437306,0.8951286570808066
1.0652942857142857,35.0,0.06996108692356645,0.901205025038184
1.0660007142857142,35.0,0.06996209384463932,0.9070109497881158
1.0667071428571429,35.0,0.06996291234058802,0.9121583676713113
1.0674135714285713,35.0,0.06996314453981398,0.9163271191039023
1.06812,35.0,0.06996290288374317,0.9191750800909986
1.0688264285714286,35.0,0.06996255045242382,0.9205892836490808
1.069532857142857,35.0,0.06996171826220254,0.9204385099443394
1.0702392857142857,35.0,0.0699605219308136,0.9185201236000795
1.0709457142857142,35.0,0.06995921494567035,0.9150242265522267
1.0716521428571428,35.0,0.06995762322708926,0.9100318626559849
1.0723585714285713,35.0,0.06995576870168589,0.9037886650459329
1.073065,35.0,0.06995356624781632,0.8966610575826971
1.0737714285714286,35.0,0.06995109707507009,0.8889596450241841
1.074477857142857,35.0,0.06994852170536402,0.8811524044539523
1.0751842857142857,35.0,0.06994555164049746,0.8736722355718841
1.0758907142857141,35.0,0.06994231758716975,0.8667170648305547
1.0765971428571428,35.0,0.06993906988220241,0.8606593887350754
1.0773035714285715,35.0,0.06993558610559397,0.8557084798019318
1.07801,35.0,0.06993198226873827,0.8519567629969013
1.0787164285714286,35.0,0.06992830093203867,0.8494355382039589
1.079422857142857,35.0,0.0699242823625481,0.8481051712520643
1.0801292857142857,35.0,0.06992014719195824,0.8478485512247195
1.0808357142857141,35.0,0.06991599293133946,0.8485191414676666
1.0815421428571428,35.0,0.06991152165445914,0.8498230858018884
1.0822485714285714,35.0,0.06990694031430777,0.8515682589678161
1.082955,35.0,0.06990250709700253,0.8536661334481251
1.0836614285714286,35.0,0.06989789575867472,0.8559182226486389
1.084367857142857,35.0,0.06989304408685425,0.8581755272745514
1.0850742857142857,35.0,0.0698882051652978,0.8605482701567984
1.0857807142857143,35.0,0.06988321494979807,0.8630370278658314
1.0864871428571428,35.0,0.06987792792584731,0.8655846359898324
1.0871935714285714,35.0,0.06987241551918202,0.8683945792347983
1.0878999999999999,35.0,0.06986661007064686,0.871529691331162
1.0886064285714285,35.0,0.06986064346482525,0.875080025182999
1.0893128571428572,35.0,0.06985448748585417,0.8791392831194466
1.0900192857142856,35.0,0.06984797876106418,0.8837462513766314
1.0907257142857143,35.0,0.06984131148616139,0.8887176804403082
1.0914321428571427,35.0,0.06983429756687859,0.894095074274609
1.0921385714285714,35.0,0.06982694316409352,0.8995953463821182
1.0928449999999998,35.0,0.06981940187899432,0.9048340070504365
1.0935514285714285,35.0,0.06981136150108731,0.9097405511463122
1.0942578571428572,35.0,0.06980317519463079,0.9139243171180548
1.0949642857142856,35.0,0.06979495356357311,0.9170723187160037
1.0956707142857143,35.0,0.06978625235372977,0.918968385566304
1.0963771428571427,35.0,0.06977739024991025,0.9194493667716137
1.0970835714285714,35.0,0.06976853719781734,0.9183620337832685
1.09779,35.0,0.06975932662362945,0.9156822503450577
1.0984964285714285,35.0,0.0697497798097473,0.9115001307313096
1.0992028571428571,35.0,0.06974005268292205,0.9060017817966209
1.0999092857142856,35.0,0.06973005441681286,0.8995415123428964
1.1006157142857143,35.0,0.0697198352093494,0.8923744343409665
1.1013221428571427,35.0,0.069709478776958,0.8848369410625783
1.1020285714285714,35.0,0.06969892821010162,0.8774824366596446
1.102735,35.0,0.0696882633038692,0.870506056897557
1.1034414285714285,35.0,0.06967751532843339,0.8642117388630431
1.1041478571428571,35.0,0.06966659363353737,0.858977439326457
1.1048542857142856,35.0,0.06965555938713636,0.8548834925086228
1.1055607142857142,35.0,0.06964450488056448,0.8520426922791324
1.106267142857143,35.0,0.06963348157164154,0.850466592990054
1.1069735714285713,35.0,0.0696225223588882,0.8500155458130702
1.10768,35.0,0.06961153203858021,0.8505337446215994
1.1083864285714284,35.0,0.06960071104946307,0.8518903954255648
1.109092857142857,35.0,0.06959022109297122,0.8537826951474171
1.1097992857142858,35.0,0.06957960951060106,0.8560077167881927
1.1105057142857142,35.0,0.06956898384830604,0.858512434484398
1.1112121428571429,35.0,0.06955862572393613,0.8610872353212634
1.1119185714285713,35.0,0.06954808861274615,0.8635966715135056
1.112625,35.0,0.06953751650152228,0.8661145597794678
1.1133314285714284,35.0,0.06952711032146383,0.8686324727385429
1.114037857142857,35.0,0.06951654212035242,0.8712203669060279
1.1147442857142857,35.0,0.06950602558412258,0.873951354926115
1.1154507142857142,35.0,0.06949553451672477,0.876963154089901
1.1161571428571428,35.0,0.06948481610159564,0.8804207519959176
1.1168635714285713,35.0,0.06947409767422184,0.8842626970353525
1.11757,35.0,0.06946335395677196,0.8884841516633704
1.1182764285714286,35.0,0.06945248844582268,0.8930814905931824
1.118982857142857,35.0,0.06944152889303166,0.8978851591916553
1.1196892857142857,35.0,0.06943055274489528,0.9026477500243562
1.1203957142857142,35.0,0.06941971053053005,0.9071850891880857
1.1211021428571428,35.0,0.06940886499055227,0.9112682057529391
1.1218085714285713,35.0,0.06939789405872637,0.9145165976479014
1.122515,35.0,0.06938692652125411,0.9167583740037341
1.1232214285714286,35.0,0.06937597809736307,0.91772696976936
1.123927857142857,35.0,0.06936478749051345,0.9171910644811698
1.1246342857142857,35.0,0.06935343938873462,0.9152578232766957
1.1253407142857141,35.0,0.06934216610104026,0.9118428607721243
1.1260471428571428,35.0,0.06933068570344088,0.9070613051030254
1.1267535714285715,35.0,0.06931908865055005,0.9012114123979208
1.12746,35.0,0.06930754629875001,0.8946283869805022
1.1281664285714286,35.0,0.06929576157874297,0.8874741925493076
1.128872857142857,35.0,0.06928395400385412,0.8802163918376541
1.1295792857142857,35.0,0.06927224882971232,0.8732945007750564
1.1302857142857143,35.0,0.06926027172315329,0.8668832045463242
1.1309921428571428,35.0,0.06924831488122202,0.8614089448252154
1.1316985714285714,35.0,0.06923664263623858,0.8570143596800105
1.1324049999999999,35.0,0.06922498430789747,0.8538492737238271
1.1331114285714285,35.0,0.06921349183039134,0.8519826300639942
1.133817857142857,35.0,0.06920222552278806,0.8512554460880921
1.1345242857142857,35.0,0.06919112869155548,0.8515783428339182
1.1352307142857143,35.0,0.06918025331920126,0.8528174320357689
1.1359371428571428,35.0,0.0691693791852422,0.8547365090082919
1.1366435714285714,35.0,0.06915868878779477,0.8570757128435683
1.1373499999999999,35.0,0.06914826944196563,0.859693316146104
1.1380564285714285,35.0,0.06913783622091255,0.8624501046270494
1.1387628571428572,35.0,0.06912757249366068,0.8651083607207092
1.1394692857142856,35.0,0.06911751738631985,0.8677011532523223
1.1401757142857143,35.0,0.06910749785384566,0.8701891807574984
1.1408821428571427,35.0,0.06909766022919388,0.8726018326235002
1.1415885714285714,35.0,0.06908793400551752,0.8751144396978956
1.1422949999999998,35.0,0.06907812086357012,0.8777540353421384
1.1430014285714285,35.0,0.06906845915201944,0.880596441570028
1.1437078571428572,35.0,0.06905908568457657,0.8838570860517481
1.1444142857142856,35.0,0.06904969074990176,0.8874351626933977
1.1451207142857143,35.0,0.06904042979596078,0.8912948801168662
1.1458271428571427,35.0,0.06903158382025623,0.895456783968678
1.1465335714285714,35.0,0.06902278047985913,0.89972941906997
1.14724,35.0,0.0690140361850845,0.9039105385428619
1.1479464285714285,35.0,0.06900553150911899,0.907730213617268
1.1486528571428571,35.0,0.06899706299889578,0.9109987443955198
1.1493592857142856,35.0,0.06898872446083215,0.913382145316963
1.1500657142857142,35.0,0.06898043131125095,0.9146685914114167
1.1507721428571427,35.0,0.0689721468294278,0.9146666561915683
1.1514785714285714,35.0,0.06896409341670234,0.9132794704232359
1.152185,35.0,0.0689560702693732,0.9105725883037998
1.1528914285714285,35.0,0.0689480935409362,0.9065085928176958
1.1535978571428571,35.0,0.0689402228646166,0.9013030387957228
1.1543042857142856,35.0,0.06893226820342191,0.8952270075179491
1.1550107142857142,35.0,0.06892447078015196,0.8885432327589926
1.1557171428571429,35.0,0.06891683015369825,0.8815932036990127
1.1564235714285713,35.0,0.06890910088007464,0.8747749045879522
1.15713,35.0,0.06890168141572546,0.8684274892402492
1.1578364285714284,35.0,0.06889461411448138,0.8628488469685375
1.158542857142857,35.0,0.06888751762455461,0.8583425125218407
1.1592492857142858,35.0,0.068880668081466,0.8548951094853446
1.1599557142857142,35.0,0.06887417546621913,0.8527536129452
1.1606621428571429,35.0,0.0688677768621797,0.851848758542067
1.1613685714285713,35.0,0.06886152336924922,0.8519361177562438
1.162075,35.0,0.06885550315207707,0.8530684460610082
1.1627814285714284,35.0,0.06884966686868349,0.8549463184446672
1.163487857142857,35.0,0.06884406042250944,0.857344445471777
1.1641942857142857,35.0,0.06883872689976374,0.8600622749087048
1.1649007142857142,35.0,0.06883350710475698,0.8628891299410418
1.1656071428571428,35.0,0.0688284616493414,0.8656732825662722
1.1663135714285713,35.0,0.06882363861829958,0.8683165395681347
1.16702,35.0,0.06881887814759687,0.8708168220102057
1.1677264285714286,35.0,0.06881427025671434,0.8731233870237829
1.168432857142857,35.0,0.06880979457261541,0.875403869571447
1.1691392857142857,35.0,0.0688055405351778,0.87777689154786
1.1698457142857142,35.0,0.06880156094362451,0.8801584966572604
1.1705521428571428,35.0,0.06879755314279674,0.8828239897302619
1.1712585714285713,35.0,0.06879382699123575,0.8858375393391262
1.171965,35.0,0.06879046455000495,0.8890615516800642
1.1726714285714286,35.0,0.06878697395562614,0.8926016651020889
1.173377857142857,35.0,0.06878364479315563,0.8963507087091859
1.1740842857142857,35.0,0.06878057870682916,0.9000726334038095
1.1747907142857141,35.0,0.06877748152202223,0.9036402183083942
1.1754971428571428,35.0,0.06877461565012878,0.9067431558096712
1.1762035714285715,35.0,0.06877194845746272,0.9091436180010044
1.17691,35.0,0.0687693175912401,0.9106572977644175
1.1776164285714286,35.0,0.06876691333396862,0.9110413156507111
1.178322857142857,35.0,0.06876466435623155,0.9101607261903927
1.1790292857142857,35.0,0.06876242492738383,0.9080008239379834
1.1797357142857143,35.0,0.0687603226334044,0.9046129984789733
1.1804421428571428,35.0,0.06875843101311199,0.9000210100973676
1.1811485714285714,35.0,0.06875667291739798,0.8944918705002726
1.1818549999999999,35.0,0.06875504126451239,0.8882953183913755
1.1825614285714285,35.0,0.06875360527504128,0.8817449358672964
1.183267857142857,35.0,0.06875248241620834,0.8752089666935826
1.1839742857142856,35.0,0.0687515874882616,0.869005193157025
1.1846807142857143,35.0,0.0687507423246088,0.8634543114936509
1.1853871428571428,35.0,0.06875012661884836,0.8588622763834699
1.1860935714285714,35.0,0.06874981054300312,0.8553394323011588
1.1867999999999999,35.0,0.06874956076222088,0.8529337803924251
1.1875064285714285,35.0,0.0687495352420153,0.8518481946725966
1.1882128571428572,35.0,0.06874989715768158,0.8518650099915572
1.1889192857142856,35.0,0.06875036529662049,0.8528438705228633
1.1896257142857143,35.0,0.06875111967810188,0.854714810846679
1.1903321428571427,35.0,0.06875222708130026,0.8571346517808527
1.1910385714285714,35.0,0.06875331026190644,0.8599347218466885
1.1917449999999998,35.0,0.06875472169998274,0.8628735100006605
1.1924514285714285,35.0,0.06875643844697496,0.8657374733952037
1.1931578571428572,35.0,0.06875809230093743,0.868523209430519
1.1938642857142856,35.0,0.0687600172977839,0.8710522013753169
1.1945707142857143,35.0,0.0687622080114537,0.873382290124132
1.1952771428571427,35.0,0.06876453685788847,0.8755429856165972
1.1959835714285714,35.0,0.06876701937730242,0.8776227079403581
1.19669,35.0,0.06876954829794339,0.8797379298688107
1.1973964285714285,35.0,0.06877223453737942,0.8819170079833988
1.1981028571428571,35.0,0.06877499567487715,0.8843629725822757
1.1988092857142856,35.0,0.06877768991487183,0.8870447200655356
1.1995157142857142,35.0,0.06878051338451929,0.8900295607711399
1.200222142857143,35.0,0.06878346855215133,0.8932386933482918
1.2009285714285713,35.0,0.06878641517742712,0.8964777232691341
1.201635,35.0,0.06878948416418831,0.8996953957671616
1.2023414285714284,35.0,0.0687926746068775,0.9026451780722669
1.2030478571428571,35.0,0.06879584332765387,0.9049484969136916
1.2037542857142856,35.0,0.06879916711330424,0.9065798289910875
1.2044607142857142,35.0,0.06880261051490842,0.9073017327969712
1.2051671428571429,35.0,0.06880590689301432,0.9068246496177513
1.2058735714285713,35.0,0.06880937948718217,0.9051826759857704
1.20658,35.0,0.06881313576493359,0.9023745332475865
1.2072864285714284,35.0,0.06881678834242809,0.8983905964379145
1.207992857142857,35.0,0.0688205636109624,0.8934259079035558
1.2086992857142858,35.0,0.0688245877296627,0.8877619839463932
1.2094057142857142,35.0,0.06882856050546556,0.8816281616795009
1.2101121428571429,35.0,0.06883261145982446,0.8753908849299105
1.2108185714285713,35.0,0.0688367626563159,0.8694124150005995
1.211525,35.0,0.06884095048160677,0.8639178677969626
1.2122314285714284,35.0,0.06884534936143155,0.8592296122328889
1.212937857142857,35.0,0.06884981556575562,0.8556080994784812
1.2136442857142857,35.0,0.06885441325117157,0.8530822071118778
1.2143507142857142,35.0,0.06885931235286687,0.8517395272122725
1.2150571428571428,35.0,0.06886430937501231,0.8516170691023136
1.2157635714285713,35.0,0.06886955753419036,0.8525215468837712
1.21647,35.0,0.06887498540404717,0.8542784124012841
1.2171764285714286,35.0,0.06888043089625544,0.8567295314053877
1.217882857142857,35.0,0.06888626303982692,0.859531208257704
1.2185892857142857,35.0,0.06889229423370509,0.8626306817904188
1.2192957142857141,35.0,0.06889832293449483,0.8656632099407832
1.2200021428571428,35.0,0.06890466447393329,0.8685363246388416
1.2207085714285713,35.0,0.06891123803699828,0.8712645691334169
1.221415,35.0,0.06891775334212191,0.8736468758563629
1.2221214285714286,35.0,0.06892432279601138,0.8757823449764522
1.222827857142857,35.0,0.06893105590632653,0.8777136111293452
1.2235342857142857,35.0,0.06893770619985044,0.8795836452020697
1.2242407142857141,35.0,0.06894434474114151,0.881438702248714
1.2249471428571428,35.0,0.0689510548220686,0.8834173241658296
1.2256535714285715,35.0,0.06895768294848711,0.8856480521426432
1.22636,35.0,0.06896442128213068,0.888092178915075
1.2270664285714286,35.0,0.06897121445043225,0.8907868495787126
1.227772857142857,35.0,0.06897789422591649,0.8936316442192166
1.2284792857142857,35.0,0.06898461802988944,0.8964315995029103
1.2291857142857143,35.0,0.06899133535126027,0.8991405994409903
1.2298921428571428,35.0,0.06899805229394644,0.901447236321217
1.2305985714285714,35.0,0.06900479670050134,0.9031486549746284
1.2313049999999999,35.0,0.06901144396036989,0.9040918232524842
1.2320114285714285,35.0,0.0690182350307041,0.9040724847957048
1.232717857142857,35.0,0.06902509051848417,0.90294112595174
1.2334242857142856,35.0,0.06903167545925315,0.9006983157388597
1.2341307142857143,35.0,0.06903836002596267,0.897313075859942
1.2348371428571427,35.0,0.06904509346517297,0.8929794446345609
1.2355435714285714,35.0,0.06905152016244588,0.8878777702163843
1.2362499999999998,35.0,0.06905795764959334,0.8821646261899286
1.2369564285714285,35.0,0.06906438304889731,0.8762885860597767
1.2376628571428572,35.0,0.06907066862507902,0.870509589344983
1.2383692857142856,35.0,0.06907706201251336,0.8650826767091242
1.2390757142857143,35.0,0.06908345952382323,0.8603250955637227
1.2397821428571427,35.0,0.06908978027412292,0.856564413357339
1.2404885714285714,35.0,0.06909620644178091,0.853816330102694
1.2411949999999998,35.0,0.06910271306017178,0.8522488848838032
1.2419014285714285,35.0,0.06910920249749286,0.8518824729185733
1.2426078571428572,35.0,0.06911575347668229,0.8525588368683821
1.2433142857142856,35.0,0.06912248432113947,0.8541807878519717
1.2440207142857143,35.0,0.06912932397739945,0.8565545061378106
1.2447271428571427,35.0,0.06913620918238056,0.8593888004164841
1.2454335714285714,35.0,0.06914316659078062,0.8624901031370596
1.24614,35.0,0.06915024740892148,0.8657537985195058
1.2468464285714285,35.0,0.06915741062563284,0.8687835292396725
1.2475528571428571,35.0,0.0691643916867967,0.8716009245504625
1.2482592857142856,35.0,0.06917137837653393,0.8741601870043114
1.2489657142857142,35.0,0.06917846332425864,0.8763037820306482
1.249672142857143,35.0,0.06918531834655187,0.8781963456284687
1.2503785714285713,35.0,0.06919223883389575,0.8798890823965817
1.251085,35.0,0.06919919042320379,0.881491550319174
1.2517914285714284,35.0,0.06920590658832293,0.8831482084600021
1.252497857142857,35.0,0.06921273992550471,0.8849155514913466
1.2532042857142855,35.0,0.06921951753158181,0.8868936874536257
1.2539107142857142,35.0,0.06922603979556484,0.8890781240305096
1.2546171428571429,35.0,0.06923266457587167,0.8914909029672032
1.2553235714285713,35.0,0.06923928621421059,0.8939374058667472
1.25603,35.0,0.06924572760086047,0.8963581759735656
1.2567364285714284,35.0,0.06925218000227013,0.8986225435669231
1.257442857142857,35.0,0.06925863503069855,0.9003975627766078
1.2581492857142857,35.0,0.06926504550835542,0.9015750763634134
1.2588557142857142,35.0,0.06927134430317611,0.9019308951794427
1.2595621428571429,35.0,0.06927744730867862,0.9013281023956804
1.2602685714285713,35.0,0.0692834960368428,0.8996762194967657
1.260975,35.0,0.06928941197188918,0.8969632230622879
1.2616814285714284,35.0,0.06929510414696798,0.8932603682504325
1.262387857142857,35.0,0.06930073890397201,0.8887640462902056
1.2630942857142857,35.0,0.06930628563446446,0.8836260559713711
1.2638007142857142,35.0,0.06931166049910274,0.8780998069812405
1.2645071428571428,35.0,0.06931699151409171,0.8725588389022835
1.2652135714285713,35.0,0.06932224532025258,0.867262649201036
1.26592,35.0,0.06932728728947585,0.8624720580255487
1.2666264285714286,35.0,0.06933237747405016,0.8585225671257536
1.267332857142857,35.0,0.06933747940236437,0.8555491660634328
1.2680392857142857,35.0,0.06934230517082376,0.8536930552827684
1.2687457142857141,35.0,0.06934726096699266,0.8530081979719066
1.2694521428571428,35.0,0.0693523635067453,0.8533848783940541
1.2701585714285715,35.0,0.06935724496047836,0.8547605154654181
1.270865,35.0,0.06936219143163384,0.8569750148580163
1.2715714285714286,35.0,0.06936714180809515,0.8597536407680856
1.272277857142857,35.0,0.06937193586073932,0.8628702620536509
1.2729842857142857,35.0,0.06937674276474666,0.8661857239058737
1.2736907142857141,35.0,0.06938138676830578,0.8694030857472218
1.2743971428571428,35.0,0.06938596916352872,0.8723723336817708
1.2751035714285714,35.0,0.06939054973183603,0.8750205800165521
1.2758099999999999,35.0,0.06939493485213938,0.8772956415244221
1.2765164285714286,35.0,0.06939929001102059,0.8791863386906513
1.277222857142857,35.0,0.06940353352735308,0.880822063438021
1.2779292857142857,35.0,0.06940760660698053,0.8822071398205932
1.2786357142857143,35.0,0.06941166647231359,0.8835636048730481
1.2793421428571428,35.0,0.06941552491434637,0.8849762247165253
1.2800485714285714,35.0,0.06941916000770425,0.8864532022831454
1.2807549999999999,35.0,0.06942286247526593,0.8881628255310781
1.2814614285714285,35.0,0.06942650186570201,0.8900959291024425
1.282167857142857,35.0,0.06942985903321638,0.8921696382882901
1.2828742857142856,35.0,0.06943322762926904,0.8942790034967117
1.2835807142857143,35.0,0.06943657346008793,0.8963752632205492
1.2842871428571427,35.0,0.069439617933283,0.898158597362905
1.2849935714285714,35.0,0.06944256592096995,0.8994672245158053
1.2856999999999998,35.0,0.06944544657198895,0.9001799510479022
1.2864064285714285,35.0,0.06944809090940894,0.9000027503498969
1.2871128571428572,35.0,0.06945066723072445,0.8989236707956547
1.2878192857142856,35.0,0.06945314567631414,0.8969225233044591
1.2885257142857143,35.0,0.06945540132913534,0.893875219365211
1.2892321428571427,35.0,0.06945765928603194,0.8900038964834522
1.2899385714285714,35.0,0.06945980052867168,0.8854627763238123
1.290645,35.0,0.06946172540499831,0.8804321301011455
1.2913514285714285,35.0,0.06946358356865688,0.875145149624068
1.2920578571428571,35.0,0.06946527449971096,0.870030866005879
1.2927642857142856,35.0,0.06946697636699352,0.8652971167320505
1.2934707142857143,35.0,0.06946860884186344,0.8611807971714827
1.2941771428571427,35.0,0.06947001464796934,0.8580004725754574
1.2948835714285714,35.0,0.06947158685251888,0.855819841806345
1.29559,35.0,0.06947309245221722,0.8547670767019752
1.2962964285714285,35.0,0.0694743301132532,0.8548082086615324
1.2970028571428571,35.0,0.06947567325028124,0.8558558044139
1.2977092857142856,35.0,0.06947695722700153,0.8578132022312498
1.2984157142857142,35.0,0.06947805381762495,0.8604661549723209
1.299122142857143,35.0,0.06947917140984543,0.8635353818387498
1.2998285714285713,35.0,0.06948022713711836,0.8668753185510214
1.300535,35.0,0.0694811693180707,0.8702014592514434
1.3012414285714284,35.0,0.06948213544032325,0.8733266184152161
1.301947857142857,35.0,0.06948303058154028,0.876158834995145
1.3026542857142855,35.0,0.06948369193456652,0.8785558764620927
1.3033607142857142,35.0,0.06948429487367483,0.8805367924267461
1.3040671428571429,35.0,0.06948484373314681,0.8821727465486592
1.3047735714285713,35.0,0.06948515270971961,0.883488160828234
1.30548,35.0,0.06948535111752403,0.8845730847414855
1.3061864285714284,35.0,0.0694854550474743,0.8856601278947526
1.306892857142857,35.0,0.06948544426511136,0.8867737388341597
1.3075992857142857,35.0,0.06948529534744367,0.8879846782205726
1.3083057142857142,35.0,0.06948489135530508,0.8894332731153338
1.3090121428571428,35.0,0.06948445096238118,0.8910773482869919
1.3097185714285713,35.0,0.06948389893153989,0.8928395183551837
1.310425,35.0,0.06948300514464947,0.8946244941970821
1.3111314285714286,35.0,0.06948208444220436,0.8963013697158637
1.311837857142857,35.0,0.06948109732122627,0.8976585261941603
1.3125442857142857,35.0,0.06947985860309211,0.8985449461449562
1.3132507142857142,35.0,0.06947868142021742,0.8987709944766232
1.3139571428571428,35.0,0.06947738093601445,0.8981611204226965
1.3146635714285713,35.0,0.06947581450804693,0.8967658805662768
1.31537,35.0,0.06947434508794356,0.8943724900743826
1.3160764285714286,35.0,0.06947271283457325,0.8911195103116923
1.316782857142857,35.0,0.06947083306309751,0.8871888745104198
1.3174892857142857,35.0,0.06946900112097583,0.8826064388390209
1.3181957142857141,35.0,0.06946708728585647,0.8777607617442291
1.3189021428571428,35.0,0.0694650534597483,0.8728537698012107
1.3196085714285715,35.0,0.06946293535497462,0.8681714694225126
1.320315,35.0,0.06946078807065613,0.8640128556490468
1.3210214285714286,35.0,0.06945862774305125,0.8606244000573898
1.321727857142857,35.0,0.06945634351698828,0.8581277432288262
1.3224342857142857,35.0,0.06945397141695603,0.8566550811859835
1.3231407142857141,35.0,0.06945160444867252,0.856359126418631
1.3238471428571428,35.0,0.06944925620581101,0.8570387645754068
1.3245535714285714,35.0,0.06944685069457975,0.8586420689246281
1.3252599999999999,35.0,0.06944450540833805,0.8611068249405797
1.3259664285714285,35.0,0.06944221450301935,0.864081407285173
1.326672857142857,35.0,0.06943982207421612,0.8673473543793933
1.3273792857142857,35.0,0.06943754431156765,0.8707652802113895
1.3280857142857143,35.0,0.06943523585752999,0.8740331588675622
1.3287921428571428,35.0,0.06943271069755733,0.8770137640535941
1.3294985714285714,35.0,0.06943035112122206,0.8796309968573971
1.3302049999999999,35.0,0.06942793379246781,0.8817488325724268
1.3309114285714285,35.0,0.06942522989361971,0.8834560837915376
1.331617857142857,35.0,0.06942263922440511,0.8847708724991774
1.3323242857142856,35.0,0.0694199897714187,0.8857564863759977
1.3330307142857143,35.0,0.06941710581463176,0.8865820725181927
1.3337371428571427,35.0,0.06941417687559562,0.8873617721090759
1.3344435714285714,35.0,0.0694110767664944,0.8882112546386227
1.3351499999999998,35.0,0.06940785375156916,0.8891962539701069
1.3358564285714285,35.0,0.06940457268462938,0.8903793183298175
1.3365628571428572,35.0,0.0694011223039731,0.8917372452660245
1.3372692857142856,35.0,0.06939764864833485,0.8932177500262548
1.3379757142857143,35.0,0.0693941325200336,0.8946575046786548
1.3386821428571427,35.0,0.0693905016836631,0.8959539880069309
1.3393885714285714,35.0,0.06938688121964111,0.8969277325398802
1.340095,35.0,0.06938314079334243,0.8974157931832432
1.3408014285714285,35.0,0.06937929877791853,0.897213313910943
1.3415078571428571,35.0,0.0693755193201734,0.8962453016431238
1.3422142857142856,35.0,0.0693715812941488,0.8944907328952202
1.3429207142857142,35.0,0.06936748566960696,0.891813584573823
1.3436271428571427,35.0,0.0693635000796649,0.8884226166325222
1.3443335714285714,35.0,0.06935947906521732,0.8844100053668273
1.34504,35.0,0.0693552219050153,0.8799282368078281
1.3457464285714285,35.0,0.06935099716496423,0.8753453463024296
1.3464528571428571,35.0,0.06934678573144377,0.8707750273868667
1.3471592857142856,35.0,0.06934234944399092,0.8665786384590128
1.3478657142857142,35.0,0.06933798963596652,0.8630432430522155
1.3485721428571429,35.0,0.06933363385829779,0.8602484388686037
1.3492785714285713,35.0,0.06932918627550441,0.858457147380402
1.349985,35.0,0.06932493739090567,0.8577041133922847
1.3506914285714284,35.0,0.06932067230447961,0.8580357878379948
1.351397857142857,35.0,0.06931642446136647,0.8592998964975027
1.3521042857142855,35.0,0.06931235047018655,0.8614288267589152
1.3528107142857142,35.0,0.0693082741318884,0.8642261414416021
1.3535171428571429,35.0,0.06930428621141457,0.8673958460033483
1.3542235714285713,35.0,0.06930030994980015,0.8708140747913742
1.35493,35.0,0.06929632976866419,0.8741662592646945
1.3556364285714284,35.0,0.06929256301688183,0.8772885333149526
1.356342857142857,35.0,0.0692887417129507,0.8801031158969568
1.3570492857142857,35.0,0.06928480961484251,0.8824104737407614
1.3577557142857142,35.0,0.06928105557059897,0.8842033162518461
1.3584621428571428,35.0,0.06927722448042747,0.8855963782549664
1.3591685714285713,35.0,0.069273214708208,0.8865600663817602
1.359875,35.0,0.06926928660334873,0.8872153513062044
1.3605814285714286,35.0,0.06926530590422231,0.8877899957164156
1.361287857142857,35.0,0.06926121206911905,0.8882996590208365
1.3619942857142857,35.0,0.0692571927842237,0.8889104707806937
1.3627007142857142,35.0,0.06925314988891587,0.8897063048166635
1.3634071428571428,35.0,0.06924902718263037,0.890640554311007
1.3641135714285713,35.0,0.06924502732815055,0.8917665212773398
1.36482,35.0,0.06924102325050184,0.8929817820285751
1.3655264285714286,35.0,0.06923687752891645,0.8941362420997996
1.366232857142857,35.0,0.06923281421284846,0.895090308001662
1.3669392857142857,35.0,0.06922879881387174,0.8957406036399483
1.3676457142857141,35.0,0.06922472659606335,0.8958520767825047
1.3683521428571428,35.0,0.0692206786789832,0.8952672412870781
1.3690585714285715,35.0,0.06921660569003094,0.8939834146325552
1.369765,35.0,0.06921258757289675,0.8919165240619255
1.3704714285714286,35.0,0.06920855107712903,0.8890265075038619
1.371177857142857,35.0,0.06920433418544206,0.8855495790757376
1.3718842857142857,35.0,0.06920025180605927,0.8815377573188191
1.372590714285714,35.0,0.06919615185401669,0.8772143382185817
1.3732971428571428,35.0,0.06919187671065205,0.8729114765773892
1.3740035714285714,35.0,0.0691878044549684,0.8687330000939041
1.3747099999999999,35.0,0.06918370585471534,0.8650800640133807
1.3754164285714285,35.0,0.06917959283988366,0.8621240852812371
1.376122857142857,35.0,0.06917573408762781,0.8600013792044015
1.3768292857142856,35.0,0.06917181869443548,0.8589133950381512
1.3775357142857143,35.0,0.06916791311845615,0.8588119445828408
1.3782421428571427,35.0,0.06916424049716294,0.8597306250335427
1.3789485714285714,35.0,0.06916062495392397,0.8615401860228663
1.3796549999999999,35.0,0.06915700967582317,0.8640300536794064
1.3803614285714285,35.0,0.06915356296901458,0.8670785924013285
1.3810678571428572,35.0,0.0691502636823516,0.8704075331675247
1.3817742857142856,35.0,0.0691469839606473,0.8738138834355145
1.3824807142857143,35.0,0.06914376684143977,0.8770117993571571
1.3831871428571427,35.0,0.06914061056321937,0.8799623297713698
1.3838935714285714,35.0,0.06913751409887947,0.8824523804985508
1.3845999999999998,35.0,0.06913442948990006,0.8843632809958394
1.3853064285714285,35.0,0.06913129065817379,0.8858337804653598
1.3860128571428572,35.0,0.06912823712411954,0.8868286563242957
1.3867192857142856,35.0,0.06912524089312215,0.8874273195948608
1.3874257142857143,35.0,0.06912220823554832,0.8878188925421922
1.3881321428571427,35.0,0.06911929648617185,0.888117678014968
1.3888385714285714,35.0,0.06911638857612132,0.8883748955667669
1.389545,35.0,0.06911340426799006,0.8888231055036547
1.3902514285714285,35.0,0.0691106318942559,0.8894038050656635
1.3909578571428571,35.0,0.0691078188507448,0.890145956650173
1.3916642857142856,35.0,0.06910488814055742,0.8911015919665038
1.3923707142857142,35.0,0.06910225291996086,0.8920799394501074
1.3930771428571427,35.0,0.06909960504669649,0.8929780440217707
1.3937835714285713,35.0,0.06909686534165603,0.8936791907014265
1.39449,35.0,0.0690943460648554,0.8939895301920172
1.3951964285714284,35.0,0.06909182336869366,0.8937594654464855
1.3959028571428571,35.0,0.06908930144410177,0.8928869033595352
1.3966092857142856,35.0,0.06908684148347567,0.891282604181001
1.3973157142857142,35.0,0.06908433901170438,0.8889709375294951
1.3980221428571429,35.0,0.06908193804364124,0.8859860036990949
1.3987285714285713,35.0,0.0690795837642091,0.8824420905541274
1.399435,35.0,0.06907725162216535,0.8784906823022017
1.4001414285714284,35.0,0.06907503189943122,0.8744427915344946
1.400847857142857,35.0,0.069072841464645,0.8704448703451705
1.4015542857142855,35.0,0.06907073359360881,0.8667247277856774
1.4022607142857142,35.0,0.06906873667466461,0.8636844900611957
1.4029671428571429,35.0,0.06906675342304838,0.8613497662259892
1.4036735714285713,35.0,0.06906482930076087,0.8598937540509817
1.40438,35.0,0.06906312522280379,0.8595023577226308
1.4050864285714284,35.0,0.06906147589885743,0.8600133101869953
1.405792857142857,35.0,0.06905979395312582,0.8614787642454075
1.4064992857142857,35.0,0.06905843289830041,0.8637216825502334
1.4072057142857142,35.0,0.06905716344252759,0.8665464235729552
1.4079121428571428,35.0,0.0690558084259318,0.8697581293357675
1.4086185714285713,35.0,0.06905469674636451,0.8731212779140493
1.409325,35.0,0.06905362187260515,0.876436199767441
1.4100314285714286,35.0,0.06905252856992031,0.8794185239740981
1.410737857142857,35.0,0.0690516359654048,0.8820528420093859
1.4114442857142857,35.0,0.06905073166626231,0.884156703581382
1.4121507142857141,35.0,0.0690498530477499,0.8857116376697451
1.4128571428571428,35.0,0.06904914143002157,0.886756519660713
1.4135635714285713,35.0,0.06904838443893756,0.8873727943612763
1.41427,35.0,0.0690476542535836,0.8876737594677333
1.4149764285714286,35.0,0.06904697831567547,0.8877588641819382
1.415682857142857,35.0,0.06904627220899799,0.8877796083787832
1.4163892857142857,35.0,0.0690456747307007,0.8878885960169763
1.4170957142857141,35.0,0.06904499987853072,0.8881390978324102
1.4178021428571428,35.0,0.06904433760444573,0.8885545068234288
1.4185085714285715,35.0,0.06904390862021946,0.8891891665779523
1.419215,35.0,0.06904339022602626,0.8899739590630329
1.4199214285714286,35.0,0.06904285200622776,0.8907377249872266
1.420627857142857,35.0,0.06904249978753048,0.891436328997445
1.4213342857142857,35.0,0.06904213211514014,0.89187226693949
1.422040714285714,35.0,0.06904174051110604,0.8918641086496221
1.4227471428571428,35.0,0.06904149729900268,0.8913740174811842
1.4234535714285714,35.0,0.06904130331644888,0.8902156033610212
1.4241599999999999,35.0,0.06904109644743811,0.8883747199550498
1.4248664285714285,35.0,0.06904108207665345,0.885900319713763
1.425572857142857,35.0,0.0690410957657792,0.8828509052801917
1.4262792857142856,35.0,0.0690410575215612,0.8793044496381764
1.4269857142857143,35.0,0.06904124172771046,0.875544026384756
1.4276921428571427,35.0,0.06904143162758798,0.871762205339165
1.4283985714285714,35.0,0.06904156712879196,0.8681546695661747
1.4291049999999998,35.0,0.06904187425865854,0.8649997409316544
1.4298114285714285,35.0,0.06904223023200255,0.8625343518904435
1.4305178571428572,35.0,0.06904270578164093,0.8608316620736367
1.4312242857142856,35.0,0.06904325851336561,0.8600881888581372
1.4319307142857143,35.0,0.06904382361167816,0.8602957189868605
1.4326371428571427,35.0,0.06904464192676968,0.8613715168677185
1.4333435714285714,35.0,0.06904547535358871,0.8633567316924003
1.4340499999999998,35.0,0.06904630388794081,0.8659429831257333
1.4347564285714285,35.0,0.06904740348295793,0.8689814323156786
1.4354628571428572,35.0,0.06904851648269406,0.8723050268596814
1.4361692857142856,35.0,0.06904967231836177,0.8756177669352769
1.4368757142857143,35.0,0.06905106064248896,0.8787098010770131
1.4375821428571427,35.0,0.06905242122330131,0.8814657031091722
1.4382885714285714,35.0,0.0690538230744459,0.8837380409584493
1.438995,35.0,0.06905541650665378,0.8854385769047681
1.4397014285714285,35.0,0.06905690632249409,0.8866077036059561
1.4404078571428571,35.0,0.0690583380007885,0.8872875961383081
1.4411142857142856,35.0,0.06905990701605191,0.8875043148085584
1.4418207142857142,35.0,0.06906144923532279,0.88753047650586
1.4425271428571427,35.0,0.06906291088901069,0.8873469309629987
1.4432335714285713,35.0,0.06906441660409027,0.887162529446173
1.44394,35.0,0.06906596209346307,0.8871304623122915
1.4446464285714284,35.0,0.06906746354023907,0.8872425640978283
1.445352857142857,35.0,0.06906896631195614,0.8875673339231009
1.4460592857142855,35.0,0.0690704599455622,0.8880681516413353
1.4467657142857142,35.0,0.06907199231568023,0.8887171213467742
1.4474721428571429,35.0,0.06907357540942746,0.8893075539811073
1.4481785714285713,35.0,0.06907509249738727,0.889809342211387
1.448885,35.0,0.0690767485193378,0.8900016954159828
1.4495914285714284,35.0,0.06907845072988111,0.8897705309183684
1.450297857142857,35.0,0.06908010805124762,0.8890362995078149
1.4510042857142857,35.0,0.06908196121385188,0.8876456103456398
1.4517107142857142,35.0,0.06908370249295519,0.8856386511225717
1.4524171428571429,35.0,0.06908539674603598,0.8830626036061838
1.4531235714285713,35.0,0.06908733414342182,0.8799686126269545
1.45383,35.0,0.06908911775883972,0.8765429176586328
1.4545364285714284,35.0,0.06909085958325907,0.8729998686586212
1.455242857142857,35.0,0.06909282261860525,0.8695358391566318
1.4559492857142857,35.0,0.06909471999263118,0.8663929121065792
1.4566557142857142,35.0,0.06909660907794071,0.8637822116359102
1.4573621428571428,35.0,0.06909861262251402,0.8618693199534768
1.4580685714285713,35.0,0.06910063622268461,0.8608245974404876
1.458775,35.0,0.06910272235392388,0.8606930114920661
1.4594814285714286,35.0,0.06910486827376232,0.8614230609705009
1.460187857142857,35.0,0.06910707078425454,0.8630672809146123
1.4608942857142857,35.0,0.06910939204661998,0.8654088827806087
1.4616007142857141,35.0,0.06911181895606211,0.8682514817136637
1.4623071428571428,35.0,0.06911432074454664,0.871458348342305
1.4630135714285712,35.0,0.06911690695082782,0.8747679324342357
1.46372,35.0,0.06911952488687076,0.877919097518564
1.4644264285714286,35.0,0.06912217743711589,0.8808216517677719
1.465132857142857,35.0,0.06912492485563122,0.883254736832436
1.4658392857142857,35.0,0.06912758949209608,0.8851267157079445
1.4665457142857141,35.0,0.0691302082585671,0.886470450846702
1.4672521428571428,35.0,0.0691329867094674,0.8872540589533726
1.4679585714285714,35.0,0.06913564622410856,0.887522177319401
1.4686649999999999,35.0,0.06913816421932072,0.8874614534761137
1.4693714285714286,35.0,0.06914085574332378,0.8872243310287086
1.470077857142857,35.0,0.06914343876699083,0.886796778279651
1.4707842857142857,35.0,0.06914586576678754,0.8865046323949578
1.4714907142857143,35.0,0.06914842651780455,0.8863496329080602
1.4721971428571428,35.0,0.06915085699765915,0.8863549177659374
1.4729035714285714,35.0,0.06915327248828969,0.8866211624890575
1.4736099999999999,35.0,0.06915581935503713,0.8870271606776647
1.4743164285714285,35.0,0.06915823662216045,0.8875502059389034
1.475022857142857,35.0,0.06916071572514862,0.8880375930711764
1.4757292857142856,35.0,0.0691632329570834,0.8883587674835498
1.4764357142857143,35.0,0.06916569374857164,0.888372341031774
1.4771421428571427,35.0,0.06916818974060512,0.8879512377797854
1.4778485714285714,35.0,0.0691705945005138,0.8870172599766074
1.4785549999999998,35.0,0.06917302520964522,0.88544675843473
1.4792614285714285,35.0,0.06917549666570695,0.8833409574101448
1.4799678571428572,35.0,0.06917782499043311,0.8807120694130252
1.4806742857142856,35.0,0.06918015406558795,0.8776608571544556
1.4813807142857143,35.0,0.0691825849568933,0.8744179128847128
1.4820871428571427,35.0,0.06918490465278687,0.8711251204013555
1.4827935714285714,35.0,0.06918712875018419,0.8680182547030444
1.4834999999999998,35.0,0.06918947113090053,0.8653426964047274
1.4842064285714285,35.0,0.06919175949129301,0.8632510332894825
1.4849128571428571,35.0,0.06919398855697416,0.8618791407179217
1.4856192857142856,35.0,0.06919638652940645,0.8614398828797605
1.4863257142857143,35.0,0.06919874155722963,0.861834649867625
1.4870321428571427,35.0,0.0692010875259934,0.863077006406772
1.4877385714285714,35.0,0.06920364205348589,0.8651157725218802
1.488445,35.0,0.06920612063652526,0.867746283302406
1.4891514285714285,35.0,0.06920857159118818,0.8707660315012211
1.4898578571428571,35.0,0.06921118585279194,0.8740001349790149
1.4905642857142856,35.0,0.06921372727212872,0.8772080434820574
1.4912707142857142,35.0,0.06921624942953992,0.8802014704851778
1.491977142857143,35.0,0.06921879710311918,0.8827940913975796
1.4926835714285713,35.0,0.0692212982856902,0.884869250494307
1.49339,35.0,0.0692238653374191,0.886398282759879
1.4940964285714284,35.0,0.06922630199401443,0.8873126746114399
1.494802857142857,35.0,0.06922863217239447,0.8877192801412751
1.4955092857142855,35.0,0.06923106657033501,0.8876688534854444
1.4962157142857142,35.0,0.06923331439055208,0.8873392444787072
1.4969221428571429,35.0,0.06923547701678746,0.886827339474106
1.4976285714285713,35.0,0.06923773463458623,0.8862918996402158
1.498335,35.0,0.06923981899429753,0.8858843106930947
1.4990414285714284,35.0,0.06924190186878781,0.8856022897428493
1.499747857142857,35.0,0.06924405212437336,0.8855928101450881
1.5004542857142857,35.0,0.06924604781943354,0.8858201320858683
1.5011607142857142,35.0,0.06924802699690272,0.8861181314295667
1.5018671428571428,35.0,0.06925008283778677,0.8866012231065332
1.5025735714285713,35.0,0.06925202489074438,0.8869922390104271
1.50328,35.0,0.06925384454789697,0.8871458229577075
1.5039864285714284,35.0,0.06925577687971482,0.8870264460171328
1.504692857142857,35.0,0.06925766681722102,0.8864564086030515
1.5053992857142857,35.0,0.06925942976933852,0.8853501392599283
1.5061057142857142,35.0,0.06926124419238269,0.883676129200886
1.5068121428571428,35.0,0.06926297301927721,0.8815346874800346
1.5075185714285713,35.0,0.06926467628352967,0.8788982858013268
1.508225,35.0,0.06926634063566672,0.8759654661373956
1.5089314285714286,35.0,0.06926788176914198,0.8729285355407842
1.509637857142857,35.0,0.06926949778389029,0.8699093779063527
1.5103442857142857,35.0,0.0692710448764238,0.8671982356546942
1.5110507142857141,35.0,0.06927252225621501,0.864985260548393
1.5117571428571428,35.0,0.06927411262556381,0.863377169313655
1.5124635714285712,35.0,0.06927559801175048,0.8625725657098323
1.51317,35.0,0.06927708042433975,0.8626437484538353
1.5138764285714286,35.0,0.06927870122277457,0.8634954202279737
1.514582857142857,35.0,0.06928012758034686,0.8651717646296151
1.5152892857142857,35.0,0.06928155920802058,0.8675144605867164
1.5159957142857141,35.0,0.06928317624816803,0.8703010590757112
1.5167021428571428,35.0,0.06928462158456757,0.8734431298332115
1.5174085714285714,35.0,0.06928604808476002,0.8766158416180182
1.5181149999999999,35.0,0.06928758306987852,0.8796508283447544
1.5188214285714285,35.0,0.06928901522819444,0.8824206012567886
1.519527857142857,35.0,0.06929039655746523,0.8846704296729215
1.5202342857142856,35.0,0.0692917511693816,0.8863693988937515
1.5209407142857143,35.0,0.06929303078573835,0.8874981770073557
1.5216471428571428,35.0,0.0692942540822421,0.8880456190099234
1.5223535714285714,35.0,0.06929541127539031,0.8880802057430848
1.5230599999999999,35.0,0.06929648814645034,0.8877357509792038
1.5237664285714285,35.0,0.06929750895435592,0.8871662757034109
1.524472857142857,35.0,0.06929849088125829,0.8864650682635855
1.5251792857142856,35.0,0.0692993907349278,0.8858013203285715
1.5258857142857143,35.0,0.06930023298394995,0.8853026988599411
1.5265921428571427,35.0,0.06930097390369046,0.8849784272858722
1.5272985714285714,35.0,0.06930163652127566,0.8849427777300509
1.5280049999999998,35.0,0.06930236908325099,0.8851094487724885
1.5287114285714285,35.0,0.06930293045240268,0.885399490577831
1.5294178571428572,35.0,0.06930340799114239,0.8858123213363811
1.5301242857142856,35.0,0.06930407630877523,0.8860763977552858
1.5308307142857143,35.0,0.06930453935334145,0.8861479685408794
1.5315371428571427,35.0,0.06930492767122426,0.8859029192246617
1.5322435714285714,35.0,0.06930546652897705,0.8851610230504595
1.5329499999999998,35.0,0.06930581667112293,0.8839862635702841
1.5336564285714285,35.0,0.06930614506118786,0.8822487758565573
1.5343628571428571,35.0,0.06930651304803245,0.8800511641477742
1.5350692857142856,35.0,0.06930674074464774,0.8775086938861298
1.5357757142857142,35.0,0.06930700118141409,0.8747226747775287
1.5364821428571427,35.0,0.06930727532610029,0.8718864084335328
1.5371885714285713,35.0,0.06930745109413813,0.8691998473689174
1.537895,35.0,0.06930761799991839,0.8669170109137262
1.5386014285714285,35.0,0.06930776018345246,0.8651079228581757
1.5393078571428571,35.0,0.06930788028365188,0.8640149894910948
1.5400142857142856,35.0,0.06930799579760578,0.8637175100302138
1.5407207142857142,35.0,0.06930802448147333,0.8642008298130416
1.5414271428571429,35.0,0.06930810344349392,0.8654936377892719
1.5421335714285713,35.0,0.06930825104327196,0.8674988217053532
1.54284,35.0,0.06930827834905304,0.8700370491478252
1.5435464285714284,35.0,0.06930832623914807,0.8729672140490817
1.544252857142857,35.0,0.06930848408803952,0.876119631372582
1.5449592857142855,35.0,0.06930853063259004,0.8791356755190155
1.5456657142857142,35.0,0.06930850170463643,0.8819901325566329
1.5463721428571429,35.0,0.06930857173059499,0.8844572768998717
1.5470785714285713,35.0,0.0693085207140748,0.8863166980741295
1.547785,35.0,0.06930839345195794,0.8876687115109847
1.5484914285714284,35.0,0.0693083742609294,0.8884039000575984
1.549197857142857,35.0,0.06930814281994105,0.888571422972689
1.5499042857142857,35.0,0.06930784238920111,0.888303414209776
1.5506107142857142,35.0,0.06930762231724959,0.887687903220756
1.5513171428571428,35.0,0.06930715911434258,0.8868944550963553
1.5520235714285713,35.0,0.06930663565849557,0.8860401810072605
1.55273,35.0,0.06930611193524024,0.885300923806412
1.5534364285714284,35.0,0.06930544896281077,0.8847198351399735
1.554142857142857,35.0,0.06930478751387589,0.8843858513635054
1.5548492857142857,35.0,0.06930401607970352,0.8843455542290184
1.5555557142857142,35.0,0.06930322779277673,0.8844744257559489
1.5562621428571428,35.0,0.06930251387104117,0.8847464545221334
1.5569685714285713,35.0,0.06930161946345652,0.8850855258246708
1.557675,35.0,0.06930073076546046,0.8852663502911142
1.5583814285714286,35.0,0.06929991129274742,0.885242619127912
1.559087857142857,35.0,0.06929895887751907,0.8848713151291101
1.5597942857142857,35.0,0.06929802763154169,0.884033289550374
1.5605007142857141,35.0,0.06929714429552714,0.8827796924092938
1.5612071428571428,35.0,0.06929614664489622,0.8809819338071355
1.5619135714285715,35.0,0.06929515012393665,0.8788149734951233
1.56262,35.0,0.0692942264572985,0.8763557598532016
1.5633264285714286,35.0,0.0692931403141259,0.8737339888617215
1.564032857142857,35.0,0.06929201211487583,0.8711517873379995
1.5647392857142857,35.0,0.06929100742854725,0.8688112287442992
1.565445714285714,35.0,0.06928985640391738,0.8669011084976265
1.5661521428571428,35.0,0.06928865230042539,0.8655361029096864
1.5668585714285714,35.0,0.06928757528432725,0.8649056730737466
1.5675649999999999,35.0,0.06928645215009488,0.8650346097873113
1.5682714285714285,35.0,0.0692853289716373,0.865929099472584
1.568977857142857,35.0,0.06928425273815902,0.8675791613394246
1.5696842857142856,35.0,0.06928313980034106,0.8698207920917689
1.5703907142857143,35.0,0.06928211395668982,0.8725224717638339
1.5710971428571427,35.0,0.06928107872031511,0.8755085716071184
1.5718035714285714,35.0,0.06927999447042052,0.8785503396474501
1.5725099999999999,35.0,0.0692790484490512,0.881421617068842
1.5732164285714285,35.0,0.06927800860581236,0.8840107205804799
1.573922857142857,35.0,0.06927696385795164,0.8861163259742069
1.5746292857142856,35.0,0.06927601717063114,0.8876403837158954
1.5753357142857143,35.0,0.06927484894081166,0.8886146553653556
1.5760421428571427,35.0,0.06927372443771146,0.8889341599069062
1.5767485714285714,35.0,0.0692726385487626,0.8887963720222535
1.5774549999999998,35.0,0.06927128546934773,0.8882327975766794
1.5781614285714285,35.0,0.06926995040722855,0.8873486622248123
1.5788678571428572,35.0,0.06926866741797623,0.8864061655137255
1.5795742857142856,35.0,0.06926722840868188,0.8854684021115047
1.5802807142857143,35.0,0.06926573852816324,0.8846274733331556
1.5809871428571427,35.0,0.06926428527132261,0.8840522228145737
1.5816935714285714,35.0,0.06926276996371805,0.8837471540879616
1.5823999999999998,35.0,0.06926120165440842,0.8836704362680502
1.5831064285714285,35.0,0.06925966571566818,0.8837983536966914
1.5838128571428571,35.0,0.06925808557154005,0.8840900232048441
1.5845192857142856,35.0,0.06925651235595263,0.8843348237613352
1.5852257142857142,35.0,0.06925498570117457,0.8844483987267415
1.5859321428571427,35.0,0.06925340330207065,0.8843788738499098
1.5866385714285713,35.0,0.06925186137137838,0.8838592816270309
1.587345,35.0,0.06925031326720218,0.8829561060232328
1.5880514285714284,35.0,0.06924872764610174,0.8816298109677425
1.588757857142857,35.0,0.06924719198232378,0.8798106438376818
1.5894642857142856,35.0,0.06924551261965742,0.8776687855565493
1.5901707142857142,35.0,0.06924385653303973,0.8753359538987022
1.5908771428571429,35.0,0.0692423313298596,0.8728915621637765
1.5915835714285713,35.0,0.06924060422757389,0.8705803470670385
1.59229,35.0,0.06923891835692834,0.8685716634073598
1.5929964285714284,35.0,0.06923739948366832,0.867040246592517
1.593702857142857,35.0,0.06923571717574892,0.8660983382968576
1.5944092857142855,35.0,0.06923408500324658,0.8658884408491565
1.5951157142857142,35.0,0.0692325859571708,0.866406382954629
1.5958221428571429,35.0,0.06923098617775186,0.8676763182268266
1.5965285714285713,35.0,0.06922949513084159,0.8696012953870722
1.597235,35.0,0.06922807851857536,0.8720046349051744
1.5979414285714284,35.0,0.06922661457311834,0.8748282578111722
1.598647857142857,35.0,0.06922526997444908,0.8777587185860969
1.5993542857142857,35.0,0.06922395283535727,0.8806571286441256
1.6000607142857142,35.0,0.06922263321534074,0.8833241551808775
1.6007671428571428,35.0,0.06922130647595162,0.8855971327177419
1.6014735714285713,35.0,0.06921995740180197,0.8873329476098537
1.60218,35.0,0.06921865091261185,0.8884985235582387
1.6028864285714284,35.0,0.06921729743102387,0.8890618626997016
1.603592857142857,35.0,0.06921587422794781,0.8890263026649627
1.6042992857142857,35.0,0.06921446193354247,0.8885755992619496
1.6050057142857141,35.0,0.06921309567786713,0.8877386990962245
1.6057121428571428,35.0,0.06921160136863552,0.8866804317979669
1.6064185714285713,35.0,0.06921006458131976,0.8856195247286593
1.607125,35.0,0.06920866297925742,0.8845965149865503
1.6078314285714286,35.0,0.06920710040036365,0.883767361069407
1.608537857142857,35.0,0.06920553172709205,0.8832062042564076
1.6092442857142857,35.0,0.06920410679061566,0.8829072283246946
1.6099507142857141,35.0,0.06920252853201027,0.882892320065251
1.6106571428571428,35.0,0.06920104645679055,0.8830450484813734
1.6113635714285715,35.0,0.06919968427669257,0.8833067165107322
1.61207,35.0,0.06919816175551415,0.8835298908049056
1.6127764285714286,35.0,0.06919673294707142,0.8836266824080565
1.613482857142857,35.0,0.06919538229134617,0.8834027081250766
1.6141892857142857,35.0,0.06919393418689138,0.8828340687733829
1.614895714285714,35.0,0.06919254041433613,0.881877752719658
1.6156021428571428,35.0,0.06919114758159305,0.8804453177514161
1.6163085714285714,35.0,0.0691897729205415,0.8786567020525087
1.6170149999999999,35.0,0.06918844829710351,0.8766020853997943
1.6177214285714285,35.0,0.06918703786622593,0.8743564798249516
1.618427857142857,35.0,0.06918570676597288,0.8721328978175882
1.6191342857142856,35.0,0.0691844478337363,0.8701225555408746
1.6198407142857143,35.0,0.06918308009075474,0.8684162266613609
1.6205471428571427,35.0,0.06918178812736375,0.8672653372284642
1.6212535714285714,35.0,0.06918058526777796,0.8667526024092798
1.6219599999999998,35.0,0.06917932934458365,0.8669173041280767
1.6226664285714285,35.0,0.06917817737881758,0.8677923474868124
1.623372857142857,35.0,0.06917712551901956,0.8693933000347374
1.6240792857142856,35.0,0.06917600994555045,0.8715112055683996
1.6247857142857143,35.0,0.06917498194277094,0.8740427316721965
1.6254921428571427,35.0,0.06917409724441793,0.876889397129272
1.6261985714285714,35.0,0.06917309668913565,0.8797159470229787
1.6269049999999998,35.0,0.06917212860941985,0.8824224465965486
1.6276114285714285,35.0,0.06917133995914185,0.8848319149024694
1.6283178571428572,35.0,0.0691704199433832,0.8867284448709959
1.6290242857142856,35.0,0.06916952234650542,0.8881153319446768
1.6297307142857143,35.0,0.0691687247769295,0.8888708861581652
1.6304371428571427,35.0,0.06916782834784022,0.8890491072455967
1.6311435714285714,35.0,0.06916700341566695,0.8886907496285726
1.63185,35.0,0.06916610924535092,0.8879437083546192
1.6325564285714285,35.0,0.06916516904883609,0.8868958885829888
1.6332628571428571,35.0,0.06916433387199634,0.8856910857676475
1.6339692857142856,35.0,0.06916337690628759,0.884560896672838
1.6346757142857142,35.0,0.06916246786066747,0.8834992792517696
1.6353821428571427,35.0,0.06916162565734946,0.882719246799499
1.6360885714285713,35.0,0.06916067400973547,0.882191724440795
1.636795,35.0,0.06915984137813824,0.881975767478109
1.6375014285714284,35.0,0.06915905331190725,0.8820041133887809
1.638207857142857,35.0,0.06915813983509714,0.8822051325565732
1.6389142857142855,35.0,0.06915736034423191,0.882464400051925
1.6396207142857142,35.0,0.06915667027473302,0.8826663920967305
1.6403271428571429,35.0,0.06915585602732471,0.8827002304178008
1.6410335714285713,35.0,0.06915513334748338,0.8824034604944944
1.64174,35.0,0.0691545442982981,0.8817781885636892
1.6424464285714284,35.0,0.06915388974130153,0.8807425512932973
1.643152857142857,35.0,0.069153258406909,0.8792907640151411
1.6438592857142855,35.0,0.06915271636129734,0.8775471050271958
1.6445657142857142,35.0,0.06915213474314848,0.8755453126990986
1.6452721428571428,35.0,0.06915158710226817,0.8734576139583029
1.6459785714285713,35.0,0.06915110494071448,0.8714907549182629
1.646685,35.0,0.06915058038992923,0.8697196193022958
1.6473914285714284,35.0,0.06915013898697776,0.868390875726356
1.648097857142857,35.0,0.06914974844627973,0.8676161549501595
1.6488042857142857,35.0,0.0691493437806781,0.8674773597124071
1.6495107142857142,35.0,0.06914904238726693,0.8679978943225404
1.6502171428571428,35.0,0.06914871675205589,0.8692239427166513
1.6509235714285713,35.0,0.06914846128776454,0.8710422462324621
1.65163,35.0,0.06914832719377469,0.8733186596971387
1.6523364285714286,35.0,0.06914805745890143,0.875946307173698
1.653042857142857,35.0,0.06914794193298503,0.8787162622583581
1.6537492857142857,35.0,0.06914798303174004,0.8813937971264594
1.6544557142857141,35.0,0.06914784133608567,0.8838974299067791
1.6551621428571428,35.0,0.06914783938748958,0.8859535462010208
1.6558685714285712,35.0,0.06914792431458462,0.887492527041923
1.656575,35.0,0.0691478691680459,0.888521099225272
1.6572814285714286,35.0,0.06914790407493701,0.8888506390490739
1.657987857142857,35.0,0.06914793430293735,0.8886890745529568
1.6586942857142857,35.0,0.0691478935339607,0.888049096296096
1.6594007142857141,35.0,0.06914789411106333,0.8870260382973089
1.6601071428571428,35.0,0.06914789369600326,0.8858126336929247
1.6608135714285714,35.0,0.06914784034452472,0.8845454163329441
1.6615199999999999,35.0,0.06914778665294222,0.8833355692300998
1.6622264285714285,35.0,0.06914777677110612,0.8823225593480836
1.662932857142857,35.0,0.06914772459612446,0.8816124302529296
1.6636392857142857,35.0,0.06914766504118308,0.8811575619824515
1.664345714285714,35.0,0.0691476212290022,0.8810120817683156
1.6650521428571428,35.0,0.06914762656233679,0.88114140337514
1.6657585714285714,35.0,0.06914770150317531,0.881361309628657
1.6664649999999999,35.0,0.06914770910905166,0.8816202950564328
1.6671714285714285,35.0,0.06914781108442335,0.8818303220321411
1.667877857142857,35.0,0.06914804182209083,0.8817949943846444
1.6685842857142856,35.0,0.06914815110925326,0.8814377554878111
1.6692907142857143,35.0,0.06914833983118135,0.8807639988110005
1.6699971428571427,35.0,0.06914865956599094,0.8796804776169401
1.6707035714285714,35.0,0.06914883854632918,0.8782131023018007
1.6714099999999998,35.0,0.06914911893381305,0.8765249357713633
1.6721164285714285,35.0,0.06914949456861053,0.8746118437090395
1.6728228571428572,35.0,0.06914971725142727,0.8727239892872788
1.6735292857142856,35.0,0.06915009559862012,0.8709746919863615
1.6742357142857143,35.0,0.06915052363808342,0.869509096957985
1.6749421428571427,35.0,0.06915082069379627,0.8685401103431746
1.6756485714285714,35.0,0.06915124233323372,0.868097208224802
1.6763549999999998,35.0,0.06915169299971297,0.8683152907979307
1.6770614285714285,35.0,0.06915215050993101,0.8691872114767587
1.6777678571428571,35.0,0.06915267442753434,0.8706509282260183
1.6784742857142856,35.0,0.06915319951627444,0.8726730624177571
1.6791807142857142,35.0,0.06915384453853071,0.8750749060806582
1.6798871428571427,35.0,0.06915452608404711,0.8776928408472519
1.6805935714285714,35.0,0.06915516846832717,0.8803501169750405
1.6813,35.0,0.06915592009836616,0.882866567374551
1.6820064285714285,35.0,0.06915670437399749,0.8850798720218349
1.6827128571428571,35.0,0.06915742779738866,0.8867761606963501
1.6834192857142856,35.0,0.06915819135176661,0.8879959263344122
1.6841257142857142,35.0,0.06915899864392061,0.8886093836643257
1.6848321428571427,35.0,0.06915970955563283,0.8885860243699076
1.6855385714285713,35.0,0.0691604537817051,0.8881250943527671
1.686245,35.0,0.06916125062603601,0.8871995722997719
1.6869514285714284,35.0,0.0691618438437671,0.8859814049422713
1.687657857142857,35.0,0.06916250443370377,0.8846725568129769
1.6883642857142855,35.0,0.06916323874734831,0.8833204273432701
1.6890707142857142,35.0,0.06916375578946228,0.8821426287266687
1.6897771428571429,35.0,0.06916436531491922,0.8812061212255657
1.6904835714285713,35.0,0.06916503805061888,0.880553067595609
1.69119,35.0,0.06916560871684972,0.8802239087629107
1.6918964285714284,35.0,0.06916626715257825,0.8801848960244804
1.692602857142857,35.0,0.06916692900804408,0.8803625688829676
1.6933092857142855,35.0,0.06916759886257724,0.8806360905487585
1.6940157142857142,35.0,0.06916835287608114,0.8809397562266178
1.6947221428571428,35.0,0.06916904175213402,0.8810866413548065
1.6954285714285713,35.0,0.06916977904309862,0.8810229816238363
1.696135,35.0,0.06917059897191609,0.8806371105594963
1.6968414285714284,35.0,0.06917133210031015,0.8798849425574096
1.697547857142857,35.0,0.06917216153363864,0.8787596781810592
1.6982542857142857,35.0,0.06917300431526362,0.8773518235105199
1.6989607142857142,35.0,0.06917372944028712,0.8756906123317267
1.6996671428571428,35.0,0.06917459514278453,0.8738928381209871
1.7003735714285713,35.0,0.06917543778689113,0.8722342415435415
1.70108,35.0,0.06917615912699286,0.870702031064816
1.7017864285714286,35.0,0.06917699873137281,0.8695213487440563
1.702492857142857,35.0,0.06917789251225959,0.8689024391430843
1.7031992857142857,35.0,0.0691786905454463,0.8687759220069271
1.7039057142857141,35.0,0.06917955019656735,0.8693126152258411
1.7046121428571428,35.0,0.0691805441107429,0.8704700885129458
1.7053185714285712,35.0,0.06918146019567886,0.872161954460957
1.706025,35.0,0.06918242892179466,0.8743166124869083
1.7067314285714286,35.0,0.06918348714962877,0.8767581476938213
1.707437857142857,35.0,0.06918446647907935,0.8793456073498137
1.7081442857142857,35.0,0.0691855534941301,0.8818347220670624
1.7088507142857141,35.0,0.06918665043493151,0.8841349246950223
1.7095571428571428,35.0,0.06918768323958528,0.886036306032485
1.7102635714285714,35.0,0.06918880642760264,0.8874131700135629
1.7109699999999999,35.0,0.0691898494771164,0.8882536491788484
1.7116764285714285,35.0,0.06919089333008845,0.888504230547133
1.712382857142857,35.0,0.0691919462387088,0.8881711913548465
1.7130892857142856,35.0,0.06919283269912242,0.887414265875051
1.713795714285714,35.0,0.06919381553867367,0.8862592272319804
1.7145021428571428,35.0,0.06919477155552808,0.8849220163629995
1.7152085714285714,35.0,0.0691955286618173,0.8835311899047268
1.7159149999999999,35.0,0.06919642639068205,0.8821626281283951
1.7166214285714285,35.0,0.06919733006793033,0.8810710534312421
1.717327857142857,35.0,0.0691980763304891,0.8802051513015815
1.7180342857142856,35.0,0.06919891589103898,0.8796664890049789
1.7187407142857143,35.0,0.06919977136900754,0.8794704698426962
1.7194471428571427,35.0,0.06920053814880725,0.8795262875496661
1.7201535714285714,35.0,0.06920138504939662,0.8797789343766752
1.7208599999999998,35.0,0.06920224681934317,0.8801159097060895
1.7215664285714285,35.0,0.06920305037442023,0.8804209429850758
1.7222728571428572,35.0,0.06920392487318112,0.8805462607017447
1.7229792857142856,35.0,0.0692048202345852,0.8804556217283754
1.7236857142857143,35.0,0.06920565890303863,0.880012127100065
1.7243921428571427,35.0,0.06920650962919678,0.8792089367350058
1.7250985714285714,35.0,0.06920738286488037,0.8781009871567015
1.7258049999999998,35.0,0.06920822017494448,0.8766943580173973
1.7265114285714285,35.0,0.06920904265034646,0.8751078693560375
1.7272178571428571,35.0,0.06920983409732322,0.8734802315338549
1.7279242857142856,35.0,0.06921065728101003,0.8719890627865237
1.7286307142857142,35.0,0.06921153763640031,0.8706875900149986
1.7293371428571427,35.0,0.06921227713337161,0.8698402443852047
1.7300435714285713,35.0,0.06921310140180592,0.8694880415130691
1.73075,35.0,0.06921402007673136,0.8696580120110297
1.7314564285714285,35.0,0.06921475464979114,0.8705202478383494
1.7321628571428571,35.0,0.06921563638453063,0.871872354508181
1.7328692857142856,35.0,0.06921655658302607,0.8737246781955577
1.7335757142857142,35.0,0.0692173371948627,0.8759939924511321
1.7342821428571427,35.0,0.0692182961110061,0.8784036525731933
1.7349885714285713,35.0,0.06921922524082699,0.8808769242804069
1.735695,35.0,0.06922005491156283,0.883213645071583
1.7364014285714284,35.0,0.069221005840684,0.8852366083735529
1.737107857142857,35.0,0.06922191698004179,0.8868111282804397
1.7378142857142855,35.0,0.06922273896909954,0.8878653207027924
1.7385207142857142,35.0,0.06922356796956405,0.888348808020388
1.7392271428571429,35.0,0.06922437362612134,0.888232560813438
1.7399335714285713,35.0,0.06922515393315912,0.887650705350662
1.74064,35.0,0.06922587772017244,0.8866206466337866
1.7413464285714284,35.0,0.06922654429715934,0.885304203850508
1.742052857142857,35.0,0.06922722766034274,0.8838920008642469
1.7427592857142857,35.0,0.06922786977566686,0.8824491241950323
1.7434657142857142,35.0,0.06922841654130217,0.8811362303691925
1.7441721428571428,35.0,0.0692289864119994,0.8801267458993137
1.7448785714285713,35.0,0.06922956844490671,0.8793726449422449
1.745585,35.0,0.06923004384959375,0.8789663086139148
1.7462914285714284,35.0,0.06923057976772094,0.8789048146946984
1.746997857142857,35.0,0.06923114982426115,0.8790593111136035
1.7477042857142857,35.0,0.06923159381996365,0.8793982041920293
1.7484107142857142,35.0,0.06923216142846947,0.8797777154662042
1.7491171428571428,35.0,0.06923275147771371,0.8800829668946729
1.7498235714285713,35.0,0.06923315973591607,0.8801949059443516
1.75053,35.0,0.06923370950780393,0.8800577654901603
1.7512364285714286,35.0,0.06923429046349831,0.8795700869677199
1.751942857142857,35.0,0.06923470333923326,0.8787483915830431
1.7526492857142857,35.0,0.06923522881502389,0.8776295765909864
1.7533557142857141,35.0,0.06923573892979286,0.8762655145111787
1.7540621428571428,35.0,0.06923617636644726,0.8747821221407578
1.7547685714285712,35.0,0.06923668051126884,0.8732933974656303
1.755475,35.0,0.06923708374703631,0.8719852639005085
1.7561814285714286,35.0,0.06923752678075087,0.8709612066694913
1.756887857142857,35.0,0.06923798332306391,0.8703617610831998
1.7575942857142857,35.0,0.06923833478171841,0.8702758107133214
1.758300714285714,35.0,0.06923878211852631,0.8707663106689082
1.7590071428571428,35.0,0.06923919852197168,0.8718250650956969
1.7597135714285714,35.0,0.06923958048563712,0.8733570746584174
1.7604199999999999,35.0,0.0692400568958891,0.8753582707271923
1.7611264285714285,35.0,0.06924048356994253,0.8776291118595768
1.761832857142857,35.0,0.06924084972851693,0.8799663977014496
1.7625392857142856,35.0,0.06924131072774686,0.8823369068861253
1.763245714285714,35.0,0.06924177048690715,0.8844254159446814
1.7639521428571427,35.0,0.06924208083958137,0.8861537035061856
1.7646585714285714,35.0,0.06924248221915717,0.8874326181626314
1.7653649999999999,35.0,0.06924291787570865,0.8881319492306701
1.7660714285714285,35.0,0.06924316636350852,0.8882599386872317
1.766777857142857,35.0,0.06924347501649053,0.8878650695525255
1.7674842857142856,35.0,0.06924378089376228,0.8870205646185142
1.7681907142857143,35.0,0.06924393009315227,0.88577279465554
1.7688971428571427,35.0,0.06924412543869787,0.8843637131620017
1.7696035714285714,35.0,0.06924425154354291,0.8828853280555454
1.7703099999999998,35.0,0.0692442811745524,0.8814401461113743
1.7710164285714285,35.0,0.0692443816156764,0.8802328494569758
1.7717228571428572,35.0,0.06924439547988495,0.8793041553303123
1.7724292857142856,35.0,0.0692443895273304,0.8786924465940343
1.7731357142857143,35.0,0.06924441836771482,0.8784484897058411
1.7738421428571427,35.0,0.06924435288058255,0.8784869910986977
1.7745485714285714,35.0,0.06924438107629687,0.8787593815980662
1.7752549999999998,35.0,0.06924438335260193,0.8791697331632777
1.7759614285714285,35.0,0.06924427169868583,0.8795775107490825
1.7766678571428571,35.0,0.06924433810262245,0.8798657749791283
1.7773742857142856,35.0,0.06924436054022635,0.8799807208377083
1.7780807142857142,35.0,0.06924426027485475,0.8797834270622408
1.7787871428571427,35.0,0.06924431820041664,0.8792517170113358
1.7794935714285713,35.0,0.06924434101651415,0.878429276279052
1.7802,35.0,0.06924426365766904,0.8773124421550804
1.7809064285714284,35.0,0.06924425313256763,0.8759794872319617
1.781612857142857,35.0,0.06924421311701225,0.8746222256114496
1.7823192857142856,35.0,0.06924410518744617,0.8732865597160103
1.7830257142857142,35.0,0.06924403609471588,0.8721514494062387
1.7837321428571427,35.0,0.06924397675531269,0.8713958344113711
1.7844385714285713,35.0,0.06924382244577466,0.8710393435067941
1.785145,35.0,0.06924372778637793,0.871213092471884
1.7858514285714284,35.0,0.06924366708652722,0.8719351847524444
1.786557857142857,35.0,0.06924351073218216,0.8732025226913989
1.7872642857142855,35.0,0.06924342612026034,0.8748616291369449
1.7879707142857142,35.0,0.06924331987024347,0.8769311703499809
1.7886771428571429,35.0,0.06924322896181848,0.8791724625694722
1.7893835714285713,35.0,0.06924317780445936,0.8814353572728376
1.79009,35.0,0.0692430132469042,0.8835974073284879
1.7907964285714284,35.0,0.0692429808875645,0.8854405516496565
1.791502857142857,35.0,0.069242938184279,0.8868967883224342
1.7922092857142857,35.0,0.06924272290045964,0.8878206818864105
1.7929157142857142,35.0,0.06924263299839405,0.8881911348381878
1.7936221428571428,35.0,0.06924248651739817,0.8880262699678947
1.7943285714285713,35.0,0.06924218285060589,0.8873476071148005
1.795035,35.0,0.06924198285968378,0.8862596550999579
1.7957414285714284,35.0,0.06924169160865978,0.8848927120179525
1.796447857142857,35.0,0.06924127179793815,0.8833974860909586
1.7971542857142857,35.0,0.06924096215910722,0.8818722541042707
1.7978607142857141,35.0,0.06924056003533598,0.8805148548463021
1.7985671428571428,35.0,0.06924006091782853,0.8794132367169433
1.7992735714285713,35.0,0.0692396389536162,0.878566704207362
1.79998,35.0,0.06923918290995065,0.8781597816930891
1.8006864285714286,35.0,0.06923868792086131,0.8780324086294412
1.801392857142857,35.0,0.06923820082705073,0.8781844509015387
1.8020992857142857,35.0,0.06923774568350399,0.878571907894432
1.8028057142857141,35.0,0.0692373192346373,0.8790394238235559
1.8035121428571428,35.0,0.06923687778901794,0.879448436528548
1.8042185714285712,35.0,0.06923643230622398,0.8797529669632187
1.804925,35.0,0.06923602546477219,0.8798252467172681
1.8056314285714286,35.0,0.06923563500265395,0.8795711892466443
1.806337857142857,35.0,0.06923516691018666,0.8790226352202258
1.8070442857142857,35.0,0.06923474657524804,0.8781703447352499
1.807750714285714,35.0,0.06923435163404798,0.8770582507028629
1.8084571428571428,35.0,0.06923382692408309,0.8758052532764755
1.8091635714285714,35.0,0.06923341681533834,0.8745541683463076
1.8098699999999999,35.0,0.06923298682724663,0.8733458476081873
1.8105764285714285,35.0,0.06923240027557963,0.8724554501808234
1.811282857142857,35.0,0.06923200611600028,0.8718979439963002
1.8119892857142856,35.0,0.06923154798608516,0.8717665690426729
1.8126957142857143,35.0,0.06923095570184822,0.8722045751185405
1.8134021428571427,35.0,0.06923055342660565,0.8731199504289096
1.8141085714285714,35.0,0.06923010661398071,0.8745138162818016
1.8148149999999998,35.0,0.06922962690842693,0.8763191348168089
1.8155214285714285,35.0,0.06922923688436097,0.8783815149178738
1.816227857142857,35.0,0.06922881367771967,0.8805536983852821
1.8169342857142856,35.0,0.06922843222853953,0.8827055627420868
1.8176407142857143,35.0,0.06922805027379912,0.8846417381173504
1.8183471428571427,35.0,0.06922762278312232,0.8862137432728894
1.8190535714285714,35.0,0.06922723562867021,0.8873732650523152
1.8197599999999998,35.0,0.06922681765768082,0.8879769790938876
1.8204664285714285,35.0,0.06922633852744531,0.8880205168077203
1.8211728571428571,35.0,0.06922589120322609,0.8875791749990098
1.8218792857142856,35.0,0.06922538523879053,0.8866516148659965
1.8225857142857143,35.0,0.06922480725006272,0.8853936409827257
1.8232921428571427,35.0,0.0692242911287363,0.8839039490141413
1.8239985714285714,35.0,0.06922368799433025,0.8823786315357758
1.8247049999999998,35.0,0.06922298226689733,0.8808778344419239
1.8254114285714285,35.0,0.06922238672402774,0.8796123250609527
1.8261178571428571,35.0,0.06922176773696005,0.8786181702816324
1.8268242857142856,35.0,0.0692210136988995,0.8779433531203149
1.8275307142857142,35.0,0.0692203954512399,0.8776889916897824
1.8282371428571427,35.0,0.06921980840558535,0.8776852781226582
1.8289435714285713,35.0,0.06921909389308122,0.8779894841731604
1.82965,35.0,0.0692185267988916,0.8784543174183038
1.8303564285714284,35.0,0.06921794093301259,0.8789439471774866
1.831062857142857,35.0,0.06921729686107446,0.8794031607412651
1.8317692857142855,35.0,0.06921678526142763,0.879662113177172
1.8324757142857142,35.0,0.06921618479804463,0.8796799807994009
1.8331821428571429,35.0,0.0692156092479893,0.8794095938897507
1.8338885714285713,35.0,0.06921509900217994,0.8787968526974907
1.834595,35.0,0.0692145031602957,0.8779340158210436
1.8353014285714284,35.0,0.06921398424351635,0.8768466652796412
1.836007857142857,35.0,0.06921341257812734,0.8756722437060881
1.8367142857142855,35.0,0.06921279065689218,0.8744981500042491
1.8374207142857142,35.0,0.06921230096453307,0.8734859468969921
1.8381271428571428,35.0,0.06921171090417819,0.87277357465892
1.8388335714285713,35.0,0.06921108273691054,0.8724118407547783
1.83954,35.0,0.06921060892413354,0.8725354930063292
1.8402464285714284,35.0,0.06921008493366057,0.8731690684949387
1.840952857142857,35.0,0.06920950974454301,0.8742382671175658
1.8416592857142857,35.0,0.06920905765141197,0.8757823577575913
1.8423657142857142,35.0,0.06920861345100673,0.87764572919804
1.8430721428571428,35.0,0.0692080977926828,0.8796482292134311
1.8437785714285713,35.0,0.06920768455818346,0.8817708387827204
1.844485,35.0,0.06920727378568999,0.8837352990032641
1.8451914285714284,35.0,0.06920678198119427,0.8854158794998418
1.845897857142857,35.0,0.0692064122124999,0.8867377286425622
1.8466042857142857,35.0,0.06920600314751207,0.8875851592790491
1.8473107142857141,35.0,0.06920550542796043,0.8878495730903175
1.8480171428571428,35.0,0.06920509079712532,0.8876283740303686
1.8487235714285712,35.0,0.06920461810264585,0.8869141821984317
1.84943,35.0,0.06920410436483135,0.8857791008392712
1.8501364285714286,35.0,0.06920359924341786,0.8843801602527569
1.850842857142857,35.0,0.06920302063444357,0.8828451227982543
1.8515492857142857,35.0,0.06920250672816923,0.8812928921907978
1.8522557142857141,35.0,0.06920196507586088,0.8798779026298746
1.8529621428571428,35.0,0.06920131370330379,0.8787312729482952
1.8536685714285714,35.0,0.06920082582509819,0.8778708861142651
1.8543749999999999,35.0,0.06920029127920145,0.8773802827759265
1.8550814285714285,35.0,0.06919965144888114,0.877278533420237
1.855787857142857,35.0,0.06919919989058898,0.8774203591427234
1.8564942857142857,35.0,0.06919867046423409,0.8778428796711594
1.857200714285714,35.0,0.06919811974011761,0.8783852775768455
1.8579071428571428,35.0,0.06919772933303953,0.8788895888985006
1.8586135714285714,35.0,0.06919725542485258,0.8793779972598741
1.8593199999999999,35.0,0.06919678615018975,0.8795695679985106
1.8600264285714285,35.0,0.06919642299623223,0.8795593372893208
1.860732857142857,35.0,0.06919603285050306,0.8792303548123764
1.8614392857142856,35.0,0.06919559405023178,0.8785816643940674
1.8621457142857143,35.0,0.06919521462413314,0.8777046628294116
1.8628521428571427,35.0,0.06919486241967664,0.8766486585058278
1.8635585714285714,35.0,0.06919445308212042,0.8755494587012442
1.8642649999999998,35.0,0.06919407869325608,0.8744821151848331
1.8649714285714285,35.0,0.06919371399737427,0.8736426254616371
1.865677857142857,35.0,0.06919336509320963,0.8731130340780126
1.8663842857142856,35.0,0.06919304284897605,0.872957374631937
1.8670907142857143,35.0,0.069192657580331,0.8732909383494782
1.8677971428571427,35.0,0.06919236172480085,0.8740999070943576
1.8685035714285714,35.0,0.06919208938312583,0.8753152226602955
1.8692099999999998,35.0,0.06919173251619762,0.8769516462048171
1.8699164285714285,35.0,0.06919152573181303,0.878806893724845
1.8706228571428571,35.0,0.06919128944346344,0.8807865533531304
1.8713292857142856,35.0,0.06919098565282025,0.8827646490457104
1.8720357142857142,35.0,0.0691908716663074,0.8845138442652782
1.8727421428571427,35.0,0.06919065776788352,0.8859751165007498
1.8734485714285714,35.0,0.06919037503900081,0.887003513797078
1.8741549999999998,35.0,0.06919026731893657,0.8875076773605365
1.8748614285714285,35.0,0.06919005126493866,0.8875223616774024
1.8755678571428571,35.0,0.06918976187052064,0.8870154482590104
1.8762742857142856,35.0,0.0691895813176208,0.886044586086161
1.8769807142857142,35.0,0.06918933309216392,0.8847853305111025
1.8776871428571427,35.0,0.06918906064894241,0.8832918855177938
1.8783935714285713,35.0,0.06918880469313743,0.8816920406996214
1.8791,35.0,0.0691884959278408,0.8802205737616982
1.8798064285714284,35.0,0.06918822760634671,0.878912263770377
1.880512857142857,35.0,0.06918792988349864,0.877868135803946
1.8812192857142855,35.0,0.06918761565658231,0.8772035456056271
1.8819257142857142,35.0,0.0691873603451239,0.8769015764613829
1.8826321428571429,35.0,0.06918708499464232,0.8769295667580721
1.8833385714285713,35.0,0.06918683753270652,0.8772243905968253
1.884045,35.0,0.0691866503588475,0.8777775647584107
1.8847514285714284,35.0,0.06918646035405719,0.8783304727459853
1.885457857142857,35.0,0.06918626131490296,0.8788919776426031
1.8861642857142855,35.0,0.06918618088417221,0.8793527051371702
1.8868707142857142,35.0,0.06918608101763607,0.8794908980143429
1.8875771428571428,35.0,0.0691858820887054,0.8794414927653591
1.8882835714285713,35.0,0.06918588869646378,0.8790526615771951
1.88899,35.0,0.0691858442810772,0.8783657231925649
1.8896964285714284,35.0,0.06918568664837835,0.8774965924198658
1.890402857142857,35.0,0.06918571808138366,0.8764694063799529
1.8911092857142857,35.0,0.06918566278418128,0.8754482348064794
1.8918157142857142,35.0,0.06918556915947523,0.8745162888262441
1.8925221428571428,35.0,0.06918558604099348,0.8738312729843598
1.8932285714285713,35.0,0.06918551032137517,0.8734788765950293
1.893935,35.0,0.06918547058204388,0.8735320426345967
1.8946414285714284,35.0,0.06918549062203862,0.8740495543037758
1.895347857142857,35.0,0.06918545482912646,0.87499006670663
1.8960542857142857,35.0,0.06918549075475758,0.8763520002424086
1.8967607142857141,35.0,0.06918553763441157,0.8780209170071854
1.8974671428571428,35.0,0.06918557865809506,0.879854342645184
1.8981735714285712,35.0,0.06918571098121178,0.8817635976623623
1.89888,35.0,0.06918577321547476,0.8835738761584225
1.8995864285714286,35.0,0.06918584674534212,0.8851015482727572
1.900292857142857,35.0,0.06918604225816258,0.8863118711197426
1.9009992857142857,35.0,0.06918613615213541,0.8870421664619415
1.901705714285714,35.0,0.06918620061771374,0.8872569635368803
1.9024121428571428,35.0,0.0691863775876885,0.8869991835786183
1.9031185714285714,35.0,0.06918647917724591,0.8862368426640779
1.9038249999999999,35.0,0.06918650096808075,0.885103151955287
1.9045314285714285,35.0,0.06918660746890612,0.8837041577627975
1.905237857142857,35.0,0.06918665974173265,0.8821525954060081
1.9059442857142856,35.0,0.06918662353970977,0.8805889299978499
1.906650714285714,35.0,0.06918668822740318,0.8791852860697282
1.9073571428571428,35.0,0.0691866983188646,0.8779888636115328
1.9080635714285714,35.0,0.06918664395904076,0.8771404205013901
1.9087699999999999,35.0,0.06918673590683212,0.8766415231439423
1.9094764285714285,35.0,0.06918676399992048,0.876502370585095
1.910182857142857,35.0,0.06918677326918296,0.8767112835528482
1.9108892857142856,35.0,0.06918689722402896,0.8771418811332546
1.9115957142857143,35.0,0.06918696212496678,0.8777436013014803
1.9123021428571427,35.0,0.06918712058017985,0.8783728842289373
1.9130085714285714,35.0,0.0691872738400787,0.8789455053127794
1.9137149999999998,35.0,0.06918738654606618,0.8793352179986464
1.9144214285714285,35.0,0.06918767605149413,0.8794574382088092
1.915127857142857,35.0,0.06918786027943466,0.8793521986142004
1.9158342857142856,35.0,0.06918802315282718,0.8788793335634305
1.9165407142857143,35.0,0.06918833534736031,0.8781876939560622
1.9172471428571427,35.0,0.06918853157244122,0.8773310871470447
1.9179535714285714,35.0,0.06918871459000726,0.8763164169192216
1.9186599999999998,35.0,0.06918899506296002,0.8754064853281885
1.9193664285714285,35.0,0.06918919069132744,0.8746046038800025
1.9200728571428571,35.0,0.06918937951427488,0.8740643410309534
1.9207792857142856,35.0,0.06918967658936277,0.8738949778151651
1.9214857142857142,35.0,0.06918990536321463,0.874143128749462
1.9221921428571427,35.0,0.06919010578683796,0.8748045646245773
1.9228985714285713,35.0,0.0691904297066798,0.8758785204756507
1.923605,35.0,0.06919072502366912,0.8773445664532096
1.9243114285714285,35.0,0.06919098035227887,0.8790003403733009
1.9250178571428571,35.0,0.06919132393315117,0.8808020588263116
1.9257242857142856,35.0,0.06919167370502205,0.8826126443385165
1.9264307142857142,35.0,0.06919201053674016,0.884203595341473
1.9271371428571427,35.0,0.06919238256330883,0.8855369861850946
1.9278435714285713,35.0,0.06919271897664801,0.8864732336596491
1.92855,35.0,0.06919309744279517,0.8869105724799514
1.9292564285714284,35.0,0.06919346048626009,0.8868623357823707
1.929962857142857,35.0,0.06919371606898052,0.8863565340172274
1.9306692857142855,35.0,0.06919406873693747,0.8853793588404993
1.9313757142857142,35.0,0.06919434810714971,0.8840996617953089
1.9320821428571429,35.0,0.06919453822497053,0.8826322990631774
1.9327885714285713,35.0,0.06919486817112616,0.8810448074491927
1.933495,35.0,0.06919505189713816,0.8795572863261566
1.9342014285714284,35.0,0.06919520728013187,0.8782493773253477
1.934907857142857,35.0,0.06919552767723124,0.8772148225481884
1.9356142857142855,35.0,0.0691956841763516,0.8765369125380417
1.9363207142857142,35.0,0.06919585106874376,0.8762280118807264
1.9370271428571428,35.0,0.06919615902366187,0.8762618370191939
1.9377335714285713,35.0,0.06919637831328616,0.8766203780326112
1.93844,35.0,0.06919662318457281,0.877164727604024
1.9391464285714284,35.0,0.06919693345289582,0.8778310255408988
1.939852857142857,35.0,0.06919724777020694,0.878501746836097
1.9405592857142857,35.0,0.06919758130790665,0.8790478996597253
1.9412657142857142,35.0,0.06919791838929233,0.879394778124612
1.9419721428571428,35.0,0.0691982669260307,0.879480874843716
1.9426785714285713,35.0,0.06919861886735176,0.8792796900438827
1.943385,35.0,0.06919898217511071,0.8787739929370666
1.9440914285714284,35.0,0.06919931664564341,0.8780696576163943
1.944797857142857,35.0,0.06919967257902207,0.8771956467755886
1.9455042857142857,35.0,0.06920002247133562,0.8762536527887863
1.9462107142857141,35.0,0.06920032562206677,0.8754396388242608
1.9469171428571428,35.0,0.06920071866266345,0.8747498298311984
1.9476235714285712,35.0,0.06920103252928711,0.8743752640094344
1.94833,35.0,0.06920130755473805,0.8743857842128853
1.9490364285714286,35.0,0.0692017448305716,0.8747683474047178
1.949742857142857,35.0,0.06920206675859965,0.8755918636301364
1.9504492857142857,35.0,0.06920234969943372,0.8767697852592424
1.951155714285714,35.0,0.06920282448999868,0.8782724173464623
1.9518621428571428,35.0,0.06920319960769941,0.879920317884797
1.9525685714285714,35.0,0.06920354514592728,0.8816721252427695
1.9532749999999999,35.0,0.06920403067544087,0.883299382573511
1.9539814285714285,35.0,0.0692044064606362,0.8847227066896365
1.954687857142857,35.0,0.0692048042809043,0.8858357642544522
1.9553942857142856,35.0,0.06920525347227076,0.8864599014775173
1.956100714285714,35.0,0.06920559235835025,0.8866674764057445
1.9568071428571427,35.0,0.06920598392850871,0.886375592381798
1.9575135714285714,35.0,0.06920634401427003,0.8856060441079193
1.9582199999999998,35.0,0.06920665436587567,0.8844941173671416
1.9589264285714285,35.0,0.06920699388285502,0.8831184110423368
1.959632857142857,35.0,0.0692072440211321,0.8815667595684402
1.9603392857142856,35.0,0.0692075138196151,0.8800381449709529
1.9610457142857143,35.0,0.06920780355512003,0.8786426230574783
1.9617521428571427,35.0,0.0692079910863848,0.8774462912688632
1.9624585714285714,35.0,0.06920820307579978,0.8765877328919284
1.9631649999999998,35.0,0.06920849520982622,0.8761193951752982
1.9638714285714285,35.0,0.06920872025938841,0.8759656445644506
1.964577857142857,35.0,0.06920891319100125,0.8761759273125009
1.9652842857142856,35.0,0.06920924226099172,0.8766849511311064
1.9659907142857143,35.0,0.06920952145577736,0.8773089248109097
1.9666971428571427,35.0,0.06920974225915387,0.8780261504755266
1.9674035714285714,35.0,0.06921012057367378,0.8787160034866583
1.9681099999999998,35.0,0.0692104083587796,0.8792259789338611
1.9688164285714285,35.0,0.06921067051544759,0.879515272546141
1.9695228571428571,35.0,0.06921108035224058,0.8795424549000467
1.9702292857142856,35.0,0.06921135358368759,0.8792677493235076
1.9709357142857142,35.0,0.06921164706905869,0.878729086797937
1.9716421428571427,35.0,0.069212019971665,0.8779917621850961
1.9723485714285713,35.0,0.06921228353518799,0.8771399180145514
1.973055,35.0,0.06921258672357268,0.8762698313832954
1.9737614285714284,35.0,0.06921286286932059,0.8755321701275381
1.974467857142857,35.0,0.06921311404228807,0.8749787470995296
1.9751742857142855,35.0,0.06921344019672848,0.8747720644137738
1.9758807142857142,35.0,0.06921367051451338,0.8749071610718869
1.9765871428571427,35.0,0.06921391012830602,0.8754568853151123
1.9772935714285713,35.0,0.06921426560743796,0.8763953600124009
1.978,35.0,0.06921450590109447,0.8776460197067601
1.9787064285714284,35.0,0.06921475732674655,0.8791644233212397
1.979412857142857,35.0,0.06921512102317633,0.8807848199908188
1.9801192857142855,35.0,0.06921536988049067,0.882429527509504
1.9808257142857142,35.0,0.06921564530266654,0.8838853362313801
1.9815321428571429,35.0,0.06921599481195205,0.8851236929707239
1.9822385714285713,35.0,0.06921624435459706,0.8859772049423258
1.982945,35.0,0.0692164980445626,0.886348975316221
1.9836514285714284,35.0,0.06921681883006754,0.8863173277545229
1.984357857142857,35.0,0.0692170511431807,0.8857788521398651
1.9850642857142855,35.0,0.06921720931613595,0.8848316580722123
1.9857707142857142,35.0,0.06921746154832961,0.8836017604058859
1.9864771428571428,35.0,0.06921763119661897,0.8821205638803699
1.9871835714285713,35.0,0.06921772885708857,0.8806018758155926
1.98789,35.0,0.069217899025873,0.8791245075341213
1.9885964285714284,35.0,0.06921798189261309,0.8778251463858349
1.989302857142857,35.0,0.06921810270178912,0.8768057063042702
1.9900092857142857,35.0,0.06921821366100774,0.8761357004588908
1.9907157142857141,35.0,0.06921825116634688,0.8758256084258025
1.9914221428571428,35.0,0.0692184200016848,0.8758757215964046
1.9921285714285712,35.0,0.06921850483957355,0.8762528954833689
1.992835,35.0,0.06921857089331225,0.8768433048912241
1.9935414285714286,35.0,0.06921878069094224,0.8775649542927202
1.994247857142857,35.0,0.06921886790644287,0.8783265302045288
1.9949542857142857,35.0,0.06921900514737041,0.8789803097804209
1.9956607142857141,35.0,0.06921925615826127,0.8794431734458559
1.9963671428571428,35.0,0.06921935333401129,0.8797101463018234
1.9970735714285712,35.0,0.06921950557165762,0.8796201664151352
1.99778,35.0,0.06921975006635571,0.879293056907388
1.9984864285714286,35.0,0.06921986098884157,0.8787348345848913
1.999192857142857,35.0,0.06921997505386845,0.8779626765123395
1.9998992857142857,35.0,0.06922016038552974,0.8771257074275255
