time_s,airspeed_mps,tip_bending_m,tip_twist_deg
0.0,40.0,0.0,0.0
0.000618125,40.0,2.0676513461187668e-6,0.0008533387254566575
0.00123625,40.0,9.927640518161803e-6,0.006332064221939769
0.001854375,40.0,2.5167162703978798e-5,0.023460102884425797
0.0024725,40.0,4.8092963574614115e-5,0.05926639749920097
0.0030906249999999996,40.0,7.950034229304597e-5,0.11930984114216994
0.00370875,40.0,0.00012048986687857613,0.20769013501299197
0.004326875,40.0,0.00017192422192346057,0.3255524527529699
0.004945,40.0,0.00023246403298715043,0.46865556976306016
0.0055631249999999995,40.0,0.0002977827001838032,0.626773298139846
0.006181249999999999,40.0,0.0003648665929715117,0.7875371123132328
0.006799375,40.0,0.00043712886590469875,0.942027039758977
0.0074175,40.0,0.0005209040642996984,1.086540279421223
0.008035625,40.0,0.0006194772343572179,1.2199760614041628
0.00865375,40.0,0.000735464148866878,1.3429851004438793
0.009271874999999999,40.0,0.0008731032554626153,1.4592053045716156
0.00989,40.0,0.0010352620701944808,1.5734694066374724
0.010508125,40.0,0.0012229711641793923,1.686093071561645
0.011126249999999999,40.0,0.0014360735497058767,1.7920741313943236
0.011744375,40.0,0.0016741988256439339,1.883979761080925
0.012362499999999998,40.0,0.0019388705777525612,1.9538683981559686
0.012980624999999999,40.0,0.002231944957477189,1.995738513608428
0.01359875,40.0,0.0025542348519756873,2.005468652886568
0.014216874999999999,40.0,0.0029076307812038868,1.982573719568533
0.014835,40.0,0.0032963246239827108,1.9331098012901153
0.015453125,40.0,0.003724583259726644,1.8663618340702643
0.01607125,40.0,0.004192539381481856,1.7892306580886943
0.016689375,40.0,0.004695731722785715,1.7049125681917485
0.0173075,40.0,0.005230065218923196,1.6151677614114366
0.017925625,40.0,0.005795264856375822,1.520048959458134
0.018543749999999998,40.0,0.006391931988391653,1.416279148306975
0.019161875,40.0,0.007019133678591063,1.2995418624642274
0.01978,40.0,0.007677813721895509,1.1682709041589763
0.020398125,40.0,0.008371563432936347,1.0259127633626088
0.02101625,40.0,0.009102578784471746,0.8800243876900492
0.021634374999999997,40.0,0.009870833318477858,0.7390536982864414
0.022252499999999998,40.0,0.010675600723814557,0.6106644815032651
0.022870625,40.0,0.01151541654486866,0.5024246966890457
0.02348875,40.0,0.012388472220250076,0.41904268049042154
0.024106875,40.0,0.01329185892361564,0.359003284711725
0.024724999999999997,40.0,0.014220420623352398,0.317401598886756
0.025343124999999998,40.0,0.015170809624903667,0.29001555808574264
0.025961249999999998,40.0,0.016144417855196935,0.2744808390989968
0.026579375,40.0,0.017143304674813713,0.26996795551733066
0.0271975,40.0,0.018166434808713876,0.2769509336713704
0.027815625,40.0,0.019209859169761607,0.29863932057791015
0.028433749999999997,40.0,0.02026932157236853,0.3410812045480611
0.029051874999999998,40.0,0.021341696759370914,0.4083117851243108
0.02967,40.0,0.022422220926621494,0.49857989560505883
0.030288125,40.0,0.02350487132410723,0.6059664032841368
0.03090625,40.0,0.02458709103064096,0.7236528651109381
0.031524375,40.0,0.025669094681474207,0.8441636490338671
0.0321425,40.0,0.026750518454707148,0.9595107437531328
0.032760625,40.0,0.027830978476409623,1.0647573056084785
0.03337875,40.0,0.028911286864310666,1.160050750363096
0.033996874999999996,40.0,0.02999285992359009,1.2487437153335084
0.034615,40.0,0.031076350781968614,1.3345640551516464
0.035233125,40.0,0.03215991259429674,1.4180306695798508
0.03585125,40.0,0.033238456915411586,1.496629725654786
0.036469375,40.0,0.034307879409239,1.5669462743628884
0.037087499999999995,40.0,0.03536893332658785,1.622990160632111
0.037705625,40.0,0.03642365624477611,1.6571535400338486
0.03832375,40.0,0.037472769809623004,1.6649161167832724
0.038941875,40.0,0.038517659710011566,1.6484914685061396
0.03956,40.0,0.039560540801072956,1.614555144076083
0.040178124999999995,40.0,0.04060257901529463,1.5692931980624285
0.04079625,40.0,0.04164233699366452,1.5165985762354932
0.041414374999999996,40.0,0.042676952934749164,1.4579733045440335
0.0420325,40.0,0.04370561808810818,1.3923994809043627
0.042650625,40.0,0.04472915703394568,1.3159491567891228
0.043268749999999995,40.0,0.04574718668842218,1.22362002458476
0.043886875,40.0,0.04676019960207309,1.1142214668113783
0.044504999999999996,40.0,0.047771901582942325,0.9929506281235039
0.045123125,40.0,0.04878769412088981,0.8676548598902424
0.04574125,40.0,0.04981343612467894,0.7456104839880889
0.046359374999999994,40.0,0.050852456807532496,0.6332828423972792
0.0469775,40.0,0.05190358194858204,0.534804314036752
0.047595624999999996,40.0,0.05296522340296984,0.44957569622167554
0.04821375,40.0,0.054037750264757295,0.37340957586333107
0.048831875,40.0,0.055121116063862836,0.3015979240675819
0.049449999999999994,40.0,0.05621486395090552,0.23354872969818163
0.050068125,40.0,0.057321030563993194,0.17457552956108285
0.050686249999999995,40.0,0.05844360449745891,0.13171325360258188
0.051304375,40.0,0.05958483854425885,0.1102184023734448
0.051922499999999996,40.0,0.06074451248377195,0.1135786999296085
0.052540625,40.0,0.061921666589284295,0.1430708047127376
0.05315875,40.0,0.06311540756622178,0.19460303123387931
0.053776874999999995,40.0,0.06432419910115617,0.25977226962255273
0.054395,40.0,0.06554432633997773,0.33158096817865457
0.055013124999999996,40.0,0.06677154947210032,0.4076560534154298
0.05563125,40.0,0.06800454796496119,0.48883266725998425
0.056249375,40.0,0.06924473858025333,0.5777401866684263
0.056867499999999994,40.0,0.07049505521150769,0.6772030533936331
0.057485625,40.0,0.07175772666549089,0.7883083767999517
0.058103749999999996,40.0,0.07303164937661036,0.9076865726187602
0.058721875,40.0,0.07431489453290294,1.0262543121574084
0.05934,40.0,0.07560604160580182,1.1341572015238919
0.059958124999999994,40.0,0.07690113388289889,1.226077022407656
0.06057625,40.0,0.07819538966768413,1.3017823167286229
0.061194374999999995,40.0,0.07948719582357039,1.3641515612631712
0.0618125,40.0,0.08077651645630665,1.4169500523410177
0.062430625,40.0,0.08206212937730285,1.4637364481444497
0.06304875,40.0,0.08334213850088609,1.505274535034985
0.063666875,40.0,0.08461523987752365,1.5374189439591532
0.064285,40.0,0.08588114283383988,1.5532676680710824
0.06490312499999999,40.0,0.0871391151499283,1.548438180645477
0.06552125,40.0,0.08838607037121406,1.5254075546193413
0.066139375,40.0,0.08961729459521861,1.4905679909417664
0.0667575,40.0,0.09082887215089874,1.4504216904544658
0.067375625,40.0,0.09201930417692854,1.409927293249726
0.06799374999999999,40.0,0.09318882788738012,1.3710066650227515
0.068611875,40.0,0.09433800502900365,1.3309602345926221
0.06923,40.0,0.09546764004499726,1.2841774631740588
0.069848125,40.0,0.09657969999874105,1.227161447101808
0.07046625,40.0,0.0976765593985407,1.1617654532074022
0.07108437499999999,40.0,0.09875769947661299,1.094219037688722
0.0717025,40.0,0.09982089180940491,1.0303448221478402
0.072320625,40.0,0.10086647829459455,0.9729677615153222
0.07293875,40.0,0.10189508595534703,0.9221101142701116
0.073556875,40.0,0.10290488369038206,0.8738938623477527
0.07417499999999999,40.0,0.10389435746397702,0.8212903632853508
0.074793125,40.0,0.1048639548999184,0.76019412653051
0.07541125,40.0,0.10581618533526863,0.6932992471439128
0.076029375,40.0,0.10675476566868171,0.6274390390267849
0.0766475,40.0,0.10768135466491582,0.5683397657596753
0.07726562499999999,40.0,0.1085950699318776,0.5182897261750466
0.07788375,40.0,0.10949467655155537,0.47617863667937743
0.078501875,40.0,0.11037906124161657,0.438612363242385
0.07912,40.0,0.11124703200100793,0.40130506051938625
0.07973812499999999,40.0,0.11209778528513928,0.361617508580287
0.08035624999999999,40.0,0.11293260835834677,0.32215567725547056
0.080974375,40.0,0.11375568213654119,0.2905950045816648
0.0815925,40.0,0.114571035094675,0.27369410031171404
0.082210625,40.0,0.11537984796314427,0.2731274598049739
0.08282874999999999,40.0,0.1161827293420622,0.2874228919652102
0.08344687499999999,40.0,0.11698208105310881,0.3126715927819565
0.084065,40.0,0.1177792587926924,0.34367428355538615
0.084683125,40.0,0.11857250260299615,0.3773167855635361
0.08530125,40.0,0.11935984054721607,0.4156965352379913
0.08591937499999999,40.0,0.1201407989339375,0.464068096068506
0.08653749999999999,40.0,0.12091569685355248,0.5258086400727825
0.087155625,40.0,0.12168599637416276,0.6008000680408556
0.08777375,40.0,0.12245317409340542,0.6855638010220645
0.088391875,40.0,0.12321704725601144,0.7744053925245588
0.08900999999999999,40.0,0.12397742765841137,0.8605073536433283
0.08962812499999999,40.0,0.12473384980405675,0.9391039117591874
0.09024625,40.0,0.1254836028476007,1.0112300452619547
0.090864375,40.0,0.12622366013511568,1.081521260152065
0.0914825,40.0,0.12695252677766813,1.1525882153246003
0.09210062499999999,40.0,0.12767019415602535,1.2234569116615899
0.09271874999999999,40.0,0.1283766766103381,1.2906707970138742
0.093336875,40.0,0.12907037965233603,1.349365199652177
0.093955,40.0,0.1297508482119814,1.3943218174270064
0.094573125,40.0,0.13042053969248182,1.4233444620376614
0.09519124999999999,40.0,0.1310813757993282,1.4398149897175883
0.09580937499999999,40.0,0.1317328946072477,1.4499480365888495
0.0964275,40.0,0.13237346502873143,1.457699291345721
0.097045625,40.0,0.1330008564066047,1.4637924078175624
0.09766375,40.0,0.1336126139467269,1.4672504265082031
0.09828187499999999,40.0,0.13420698740774906,1.4645090922284218
0.09889999999999999,40.0,0.1347829108567648,1.4513931269041978
0.099518125,40.0,0.13533997308285672,1.428211963148097
0.10013625,40.0,0.1358795437025826,1.400512802325645
0.100754375,40.0,0.13640327392864246,1.3742942928714112
0.10137249999999999,40.0,0.13690983167368,1.3526213444942459
0.101990625,40.0,0.13739658153916331,1.3355708677412141
0.10260875,40.0,0.1378627126805206,1.3212090335298536
0.103226875,40.0,0.1383077537842895,1.3055758573922707
0.10384499999999999,40.0,0.13872982170358347,1.2841732681381615
0.10446312499999999,40.0,0.1391266725369362,1.255886536715886
0.10508125,40.0,0.1394977947698373,1.2247059580278743
0.105699375,40.0,0.13984543807838654,1.195546082397063
0.1063175,40.0,0.14017232080300845,1.169813238505739
0.10693562499999999,40.0,0.14047990759618253,1.146538439365503
0.10755374999999999,40.0,0.14076980020853885,1.1229845299456962
0.108171875,40.0,0.14104285306271197,1.0939553555911872
0.10879,40.0,0.14129820812036076,1.0556477164911826
0.109408125,40.0,0.14153508969070372,1.0093890237333036
0.11002624999999999,40.0,0.14175258394268966,0.9596031888170845
0.11064437499999999,40.0,0.14195012785094022,0.9103451724925393
0.1112625,40.0,0.1421295572702512,0.8639299519332708
0.111880625,40.0,0.14229296901218078,0.8213113580759885
0.11249875,40.0,0.1424401633138516,0.7803635408419474
0.11311687499999999,40.0,0.1425706403950864,0.7369136532909843
0.11373499999999999,40.0,0.14268600135592444,0.6893540223489375
0.114353125,40.0,0.14278818567937945,0.6409645680750837
0.11497125,40.0,0.14287687831449697,0.5976737995026453
0.115589375,40.0,0.14295056456979904,0.5638097550995184
0.11620749999999999,40.0,0.14300826947445464,0.5413005777103012
0.11682562499999999,40.0,0.14304988873756896,0.5304287168573111
0.11744375,40.0,0.14307590892163569,0.5286381954286792
0.118061875,40.0,0.14308713123062244,0.531643259964114
0.11868,40.0,0.14308571840264206,0.5377159534180166
0.11929812499999999,40.0,0.14307498905247806,0.549249889255627
0.11991624999999999,40.0,0.14305697803402556,0.5701129749021838
0.120534375,40.0,0.14303196336807703,0.6027280355266695
0.1211525,40.0,0.14299912673649695,0.6476273138091425
0.121770625,40.0,0.1429571917702372,0.7030829717394317
0.12238874999999999,40.0,0.14290626402052203,0.7640701499001813
0.12300687499999999,40.0,0.14284648169576758,0.8241606383500445
0.123625,40.0,0.14277589600224275,0.8812536143258094
0.124243125,40.0,0.14269371104865133,0.9373436749563245
0.12486125,40.0,0.14260183620234448,0.9942368565845787
0.125479375,40.0,0.1425017423478439,1.0533395389569293
0.1260975,40.0,0.14239341802063793,1.1154324223212506
0.126715625,40.0,0.14227615841623478,1.1782655530721855
0.12733375,40.0,0.1421486224449201,1.2367226025778457
0.127951875,40.0,0.14200895305730177,1.2863591034735342
0.12857,40.0,0.14185499231348,1.3261552590811385
0.129188125,40.0,0.14168512956770607,1.358772731076576
0.12980624999999998,40.0,0.141499501862171,1.387792982792606
0.13042437499999998,40.0,0.14129990891757663,1.4162128508874696
0.1310425,40.0,0.14108839539696078,1.4457711733522862
0.131660625,40.0,0.14086560859852812,1.475151691530386
0.13227875,40.0,0.1406309993707158,1.5001168638479219
0.132896875,40.0,0.1403845774101845,1.517717303748141
0.133515,40.0,0.140127287084269,1.5296669712407327
0.134133125,40.0,0.13985921689947203,1.5388152708207294
0.13475125,40.0,0.13957814375898142,1.5475028023789181
0.135369375,40.0,0.1392822779466174,1.5588371911131493
0.13598749999999998,40.0,0.13897240805084285,1.5740942758603618
0.13660562499999998,40.0,0.13864879541960162,1.5903679766192347
0.13722375,40.0,0.13831100523735645,1.602434095745003
0.137841875,40.0,0.1379603717839449,1.6073355306419685
0.13846,40.0,0.13759833441524774,1.6059684827914538
0.139078125,40.0,0.1372249866381032,1.6002336726279611
0.13969625,40.0,0.13683935144115983,1.592010340952712
0.140314375,40.0,0.13643944970849364,1.5830936286989044
0.1409325,40.0,0.1360240266738242,1.573028126199894
0.14155062499999999,40.0,0.1355936497496652,1.5580584468686307
0.14216874999999998,40.0,0.13514925137853073,1.5339397767483738
0.14278687499999998,40.0,0.13469130690256678,1.4988148039969158
0.143405,40.0,0.134220586185361,1.453546701148513
0.144023125,40.0,0.13373912238186408,1.4011008323914267
0.14464125,40.0,0.13324997437390562,1.3453588959088252
0.145259375,40.0,0.13275479266029103,1.2897531585724422
0.1458775,40.0,0.132252972763848,1.2348867607934273
0.146495625,40.0,0.13174392008201063,1.1780738517098042
0.14711375,40.0,0.13122763208754645,1.1166196350235749
0.14773187499999998,40.0,0.13070328650233085,1.0508658189960098
0.14834999999999998,40.0,0.13017004784035596,0.9840233510094754
0.14896812499999998,40.0,0.12962928306718613,0.9198385042819077
0.14958625,40.0,0.12908365438301822,0.8624524347566725
0.150204375,40.0,0.12853481072504075,0.815993723335457
0.1508225,40.0,0.1279832428866693,0.7808984064201625
0.151440625,40.0,0.12742802784443147,0.753796632882969
0.15205875,40.0,0.12686770718691087,0.7320262745307249
0.152676875,40.0,0.12630258832937713,0.71523780938402
0.153295,40.0,0.1257329394497988,0.7047902542670431
0.15391312499999998,40.0,0.12515740644294246,0.7036062005984101
0.15453124999999998,40.0,0.12457561479018445,0.71429872054555
0.15514937499999998,40.0,0.12398889048161844,0.7380656676476884
0.1557675,40.0,0.12339904190647913,0.7732997877504985
0.156385625,40.0,0.12280731214790495,0.8151722533231716
0.15700375,40.0,0.12221414157847436,0.8594692664755557
0.157621875,40.0,0.1216207160379759,0.9049729726318955
0.15824,40.0,0.12102791413279325,0.9522363601071889
0.158858125,40.0,0.12043400716263584,1.0019703160831321
0.15947624999999999,40.0,0.11983667714964935,1.056144866076163
0.16009437499999998,40.0,0.11923544441586126,1.1161968927939705
0.16071249999999998,40.0,0.11863069123799436,1.1795229833882945
0.161330625,40.0,0.1180226608332791,1.241225233624534
0.16194875,40.0,0.11741157570684195,1.2979841910554133
0.162566875,40.0,0.11679716183244286,1.3492651778294056
0.163185,40.0,0.11617918514992527,1.3964692720455834
0.163803125,40.0,0.1155584547720693,1.4417182487528177
0.16442125,40.0,0.11493514047461006,1.487725110949602
0.165039375,40.0,0.11430726565205049,1.5360594822289193
0.16565749999999999,40.0,0.11367298649312486,1.58463203411924
0.16627562499999998,40.0,0.1130321153506119,1.6294436738589377
0.16689374999999998,40.0,0.11238438587485475,1.6680878730993307
0.167511875,40.0,0.11172964894135101,1.700195233515078
0.16813,40.0,0.1110693762300174,1.726694115292899
0.168748125,40.0,0.11040624569352533,1.750235936779342
0.16936625,40.0,0.10974278653596461,1.773382873463546
0.169984375,40.0,0.10907920004421194,1.7965070353960468
0.1706025,40.0,0.10841389668214306,1.8168442664459927
0.171220625,40.0,0.10774637725083319,1.8296536927052693
0.17183874999999998,40.0,0.10707666614831157,1.8319048760747267
0.17245687499999998,40.0,0.10640454732176176,1.8234079536381647
0.17307499999999998,40.0,0.10573028114311346,1.805160739181353
0.173693125,40.0,0.10505380431011484,1.7788154991024576
0.17431125,40.0,0.10437569345886784,1.7466471907256014
0.174929375,40.0,0.1036981354416337,1.7100029237498242
0.1755475,40.0,0.10302215428486565,1.6671520315797936
0.176165625,40.0,0.10234697191442624,1.6147352681236578
0.17678375,40.0,0.10167251859047154,1.5512066632799788
0.177401875,40.0,0.1009992546139504,1.477613501715991
0.17801999999999998,40.0,0.10032618069541363,1.3970727615094731
0.17863812499999998,40.0,0.09965174726907161,1.3138205502575746
0.17925624999999998,40.0,0.09897656654035898,1.2313844994432197
0.179874375,40.0,0.09830315022502747,1.1523674438107692
0.1804925,40.0,0.0976338953710096,1.0777942221084305
0.181110625,40.0,0.09697010976151564,1.0060025332522244
0.18172875,40.0,0.0963121741520239,0.9361124937552936
0.182346875,40.0,0.09566094759411957,0.87035253263696
0.182965,40.0,0.0950174973021192,0.8122852929934722
0.18358312499999999,40.0,0.09438172344097782,0.7650217505917508
0.18420124999999998,40.0,0.09375298281240746,0.7318511638010667
0.18481937499999998,40.0,0.09313054857713973,0.715010328385856
0.18543749999999998,40.0,0.092513877397451,0.7133095919904959
0.186055625,40.0,0.09190357075854223,0.7234973983217038
0.18667375,40.0,0.09130003117631436,0.7425675134152859
0.187291875,40.0,0.09070290230895142,0.7698130389652913
0.18791,40.0,0.09011362762567644,0.8065699820262059
0.188528125,40.0,0.08953367641448558,0.8536913989351983
0.18914625,40.0,0.0889612645553041,0.9112726165408431
0.18976437499999999,40.0,0.08839385375461829,0.9791942933839487
0.19038249999999998,40.0,0.0878302994504122,1.0552819510735358
0.19100062499999998,40.0,0.08727027897271517,1.1348367442789715
0.19161874999999998,40.0,0.08671398917603504,1.2133922487229323
0.192236875,40.0,0.08616164339966088,1.2889598433986313
0.192855,40.0,0.08561370255508481,1.3614585839301265
0.193473125,40.0,0.08507133606852672,1.4319741658036729
0.19409125,40.0,0.08453586643557305,1.5013132169908894
0.194709375,40.0,0.08400778358334421,1.5695591191672131
0.1953275,40.0,0.0834863696508619,1.6356263460241012
0.19594562499999998,40.0,0.0829705379782145,1.6962500305862398
0.19656374999999998,40.0,0.08245937680993208,1.7478575755170516
0.19718187499999998,40.0,0.08195198616468234,1.7888850166601282
0.19779999999999998,40.0,0.08144731092775866,1.8201375762964624
0.198418125,40.0,0.08094478243686239,1.8433210222207277
0.19903625,40.0,0.0804461255533997,1.860081504652559
0.199654375,40.0,0.07995374949090285,1.8712762251336075
0.2002725,40.0,0.07946715151489822,1.876628886220095
0.200890625,40.0,0.07898485974303701,1.8742161856266673
0.20150875,40.0,0.07850666603071599,1.8609805923162503
0.20212687499999998,40.0,0.07803196153302498,1.834590878209624
0.20274499999999998,40.0,0.07756008078238208,1.79564082513829
0.20336312499999998,40.0,0.0770910160850392,1.7472528175107902
0.20398125,40.0,0.07662469381464465,1.6912986561745709
0.204599375,40.0,0.07616204277942468,1.6287431947639877
0.2052175,40.0,0.07570510818473684,1.5609985245825015
0.205835625,40.0,0.07525516556102471,1.488269319112197
0.20645375,40.0,0.07481295457947991,1.4089618192044497
0.207071875,40.0,0.07437960427431765,1.3225298024460037
0.20768999999999999,40.0,0.07395591933243204,1.2310213208079446
0.20830812499999998,40.0,0.07354157024204497,1.1378629828852338
0.20892624999999998,40.0,0.07313487255596493,1.047159622227295
0.20954437499999998,40.0,0.07273477325060829,0.9626936825467655
0.2101625,40.0,0.07234267180550288,0.8866878274284761
0.210780625,40.0,0.07196024594331944,0.8208221844765247
0.21139875,40.0,0.071587607560495,0.7652157498191253
0.212016875,40.0,0.07122472084468934,0.7187243403886179
0.212635,40.0,0.07087263852595889,0.6819746519973908
0.213253125,40.0,0.0705319014898981,0.657410300667128
0.21387124999999998,40.0,0.07020183346325681,0.6475620925770951
0.21448937499999998,40.0,0.06988200421942752,0.6540184884507475
0.21510749999999998,40.0,0.06957166657555587,0.677330384878255
0.21572562499999998,40.0,0.06927021659362075,0.7164239461326631
0.21634375,40.0,0.0689782664049624,0.7691888451923847
0.216961875,40.0,0.06869578095605508,0.8322400501249881
0.21758,40.0,0.06842285871740282,0.9016303827018569
0.218198125,40.0,0.0681616778222209,0.9754841672396013
0.21881625,40.0,0.0679141959960008,1.0541629468150884
0.219434375,40.0,0.06768018357391137,1.1374743903714066
0.22005249999999998,40.0,0.06745795644307805,1.223811054669851
0.22067062499999998,40.0,0.06724593595981472,1.3114173635774875
0.22128874999999998,40.0,0.06704383234550719,1.3980990847155779
0.22190687499999998,40.0,0.06685123645171169,1.4801514144752843
0.222525,40.0,0.06666667191588725,1.55373435987919
0.223143125,40.0,0.06648982872625284,1.6171055221723862
0.22376125,40.0,0.06632174487350817,1.670508405257179
0.224379375,40.0,0.06616271365964,1.7150179618513803
0.2249975,40.0,0.0660124709577798,1.751331040988913
0.225615625,40.0,0.06587083146985781,1.779750656172108
0.22623374999999998,40.0,0.06573713975123052,1.8003130629688908
0.22685187499999998,40.0,0.065610556028329,1.8117710973486278
0.22746999999999998,40.0,0.06549020133723296,1.8116045221487793
0.22808812499999997,40.0,0.0653745186970176,1.798529655168477
0.22870625,40.0,0.06526268928467995,1.7730256310354282
0.229324375,40.0,0.06515654966227391,1.7370139215896934
0.2299425,40.0,0.06505857607748124,1.692858573493834
0.230560625,40.0,0.06496919387788665,1.642015658930717
0.23117875,40.0,0.06488820423310893,1.5848616215763502
0.23179687499999999,40.0,0.0648159726947812,1.521662562056382
0.23241499999999998,40.0,0.06475235088818052,1.4524209983112168
0.23303312499999998,40.0,0.06469653276783072,1.3756638843766236
0.23365124999999998,40.0,0.06464713222460754,1.2915359418931134
0.23426937499999997,40.0,0.06460353361896139,1.203387648642319
0.2348875,40.0,0.06456652403597278,1.1145281669678353
0.235505625,40.0,0.0645361584657404,1.0275789108311328
0.23612375,40.0,0.06451242113525177,0.9454784680983509
0.236741875,40.0,0.06449628503264193,0.8701148427271691
0.23736,40.0,0.06448833409929416,0.8023021764018212
0.23797812499999998,40.0,0.06448895853269057,0.7419647710901728
0.23859624999999998,40.0,0.06449793225730893,0.6892034960965803
0.23921437499999998,40.0,0.06451337217207553,0.6456450315243171
0.23983249999999998,40.0,0.06453396832704524,0.6143049128736189
0.240450625,40.0,0.0645607605699725,0.5973807302608846
0.24106875,40.0,0.06459497874059447,0.5957258020702008
0.241686875,40.0,0.06463677731027044,0.6100039801543046
0.242305,40.0,0.06468689761313332,0.6395178195335475
0.242923125,40.0,0.06474682994415028,0.6818372239943118
0.24354125,40.0,0.0648172195024089,0.7337191065878514
0.24415937499999998,40.0,0.06489767970559415,0.7930083390054009
0.24477749999999998,40.0,0.0649876173880023,0.8587614888307263
0.24539562499999998,40.0,0.06508654132294686,0.9307398135221538
0.24601374999999998,40.0,0.06519406587274051,1.0084422528990964
0.246631875,40.0,0.06530930671040966,1.08992422068284
0.24725,40.0,0.06543103653854573,1.1729081224712075
0.247868125,40.0,0.0655592077171738,1.2550560964441837
0.24848625,40.0,0.06569468962749402,1.3327818291931441
0.249104375,40.0,0.06583827965086676,1.402732122688846
0.2497225,40.0,0.06599036863928294,1.4641226458758876
0.250340625,40.0,0.06614976063265819,1.5174331312431604
0.25095875,40.0,0.0663149371979872,1.5630881732393773
0.251576875,40.0,0.06648616888945595,1.6012208162851342
0.252195,40.0,0.06666311643560906,1.6318847698019594
0.25281312499999997,40.0,0.06684434732026709,1.6547510312170732
0.25343125,40.0,0.0670302875469008,1.6683491683066953
0.25404937499999997,40.0,0.0672221970563918,1.6707154776290891
0.2546675,40.0,0.06742060132343045,1.6613062866094543
0.25528562499999996,40.0,0.06762599062240632,1.6416613983789716
0.25590375,40.0,0.06783882097662643,1.6138781883464504
0.256521875,40.0,0.06805951966339167,1.5790196353107675
0.25714,40.0,0.0682881139948297,1.5382063910046697
0.257758125,40.0,0.06852356221585613,1.492010107819374
0.25837625,40.0,0.0687640703964476,1.4396920153479855
0.258994375,40.0,0.06900842874072077,1.3806730509991416
0.25961249999999997,40.0,0.06925692804768059,1.3143993517347115
0.260230625,40.0,0.06951043381126465,1.2417594967778653
0.26084874999999996,40.0,0.0697694328682051,1.165715945707129
0.261466875,40.0,0.07003374649687094,1.0891639162488485
0.262085,40.0,0.07030317820343045,1.013882416668047
0.262703125,40.0,0.07057816492211148,0.9416008909183908
0.26332125,40.0,0.07085802511490782,0.8736459930318191
0.263939375,40.0,0.07114086885589142,0.8099798440521474
0.2645575,40.0,0.07142644580629097,0.7505642310766732
0.26517562499999997,40.0,0.07171551851233537,0.6965893091150409
0.26579375,40.0,0.07200771939871958,0.6505304469983318
0.26641187499999996,40.0,0.07230314258292232,0.6152352351880298
0.26703,40.0,0.07260293833844099,0.5925469797396336
0.26764812499999996,40.0,0.07290802454474676,0.5832477668846662
0.26826625,40.0,0.07321942748313554,0.5873781662856283
0.268884375,40.0,0.07353713559675404,0.6042791876511587
0.2695025,40.0,0.07385930804031363,0.6317712652518973
0.270120625,40.0,0.07418454957211586,0.6673697260750425
0.27073875,40.0,0.07451253261596955,0.7110154863512774
0.271356875,40.0,0.07484304416128014,0.7632307115301955
0.27197499999999997,40.0,0.07517572069252824,0.8231797126933492
0.272593125,40.0,0.07551022875004797,0.8896724572222595
0.27321124999999996,40.0,0.0758470936701396,0.9610873804613399
0.273829375,40.0,0.0761869925427558,1.0343867376976414
0.2744475,40.0,0.07652913653681295,1.1065354736388808
0.275065625,40.0,0.0768723322961993,1.1748489839953675
0.27568375,40.0,0.07721656992655108,1.237689272728923
0.276301875,40.0,0.0775620108666175,1.2950705502283977
0.27692,40.0,0.0779075387522346,1.3475711662028858
0.27753812499999997,40.0,0.07825211485076232,1.3950417056543831
0.27815625,40.0,0.07859621405326854,1.4365176442222714
0.27877437499999996,40.0,0.07894067394104162,1.4713656881441741
0.2793925,40.0,0.07928671494195268,1.4983971373109037
0.280010625,40.0,0.07963547959464103,1.5161649124222638
0.28062875,40.0,0.07998644415223073,1.5245287069319755
0.281246875,40.0,0.08033921288056772,1.524740692590396
0.281865,40.0,0.08069417048846472,1.5189550014682223
0.282483125,40.0,0.0810505307717806,1.508539552519925
0.28310124999999997,40.0,0.08140705149988484,1.4931603998528802
0.283719375,40.0,0.08176353100875464,1.472661842890068
0.28433749999999997,40.0,0.08212046379068423,1.446873905716575
0.284955625,40.0,0.08247827456262985,1.414667751381702
0.28557374999999996,40.0,0.08283669555495218,1.3754319166606592
0.286191875,40.0,0.08319554656258375,1.3304740011931204
0.28681,40.0,0.08355600332589251,1.2818704558431075
0.287428125,40.0,0.08391870353679275,1.2311458767497272
0.28804625,40.0,0.08428245291217171,1.178908823826552
0.288664375,40.0,0.08464620454593755,1.1249484863942911
0.2892825,40.0,0.08500949273231646,1.0691328808208984
0.28990062499999997,40.0,0.08537219301895314,1.0112496359480272
0.29051875,40.0,0.08573507622137068,0.9514961106471616
0.29113687499999996,40.0,0.08609906743533681,0.8915602755558882
0.291755,40.0,0.08646458392078542,0.8341874895259326
0.292373125,40.0,0.08683223698414784,0.7819706226684602
0.29299125,40.0,0.08720291153798602,0.7362344833889437
0.293609375,40.0,0.0875760317670908,0.6976191585440505
0.2942275,40.0,0.08795000989173604,0.6664751739109814
0.294845625,40.0,0.0883245475613926,0.6425164950108032
0.29546374999999997,40.0,0.08869961086500422,0.625931522450762
0.296081875,40.0,0.08907426388597105,0.6175702349872255
0.29669999999999996,40.0,0.08944772543904787,0.6185475927581551
0.297318125,40.0,0.0898198244684789,0.6307045256179034
0.29793624999999996,40.0,0.09019134556058335,0.6546531611958555
0.298554375,40.0,0.09056304176406377,0.6885022816117569
0.2991725,40.0,0.09093415470238242,0.730428333614017
0.299790625,40.0,0.09130378805216097,0.7791064529798855
0.30040875,40.0,0.09167127930161122,0.8323150679883479
0.30102687499999997,40.0,0.09203550837633423,0.8882318847038511
0.301645,40.0,0.09239612724579506,0.9467078438156049
0.30226312499999997,40.0,0.092753124764333,1.0078209692183946
0.30288125,40.0,0.09310611657573926,1.0703257143684919
0.30349937499999996,40.0,0.09345581559817003,1.1323147443509052
0.3041175,40.0,0.09380331895670356,1.191536055682234
0.304735625,40.0,0.09414815070135699,1.2457527182054686
0.30535375,40.0,0.0944895626307094,1.2936126937636903
0.305971875,40.0,0.09482799026706135,1.3342813809102871
0.30659,40.0,0.09516357761595949,1.3681652822317836
0.307208125,40.0,0.09549519640895252,1.3967139210856667
0.30782624999999997,40.0,0.09582150397106845,1.4202950774182213
0.308444375,40.0,0.09614197330701167,1.4382574883224952
0.30906249999999996,40.0,0.09645684230458891,1.4499391920671696
0.309680625,40.0,0.09676667657559265,1.4550545166601077
0.31029874999999996,40.0,0.09707186678172551,1.4535275088493518
0.310916875,40.0,0.09737249881930826,1.445973553016338
0.311535,40.0,0.09766893342241344,1.433726406477687
0.312153125,40.0,0.09796120328872546,1.4184476539827346
0.31277125,40.0,0.09824878131206705,1.4015415573632837
0.31338937499999997,40.0,0.09853133284740571,1.3826594896034878
0.3140075,40.0,0.09880845860818151,1.3607303253069516
0.31462562499999996,40.0,0.09908073233789214,1.3350260691150433
0.31524375,40.0,0.099349467142712,1.3054540422074796
0.31586187499999996,40.0,0.09961444222964241,1.27238005028727
0.31648,40.0,0.09987577721675667,1.2363476236526203
0.317098125,40.0,0.10013541981311722,1.1987399238894636
0.31771625,40.0,0.1003942986969954,1.1606494916347203
0.318334375,40.0,0.10065180054062273,1.1218194610756824
0.31895249999999997,40.0,0.10090726696832134,1.0811730967010635
0.319570625,40.0,0.10116006483672868,1.0380469110577266
0.32018874999999997,40.0,0.10140979656217362,0.9928581241960659
0.320806875,40.0,0.10165639700178614,0.9465907935569692
0.32142499999999996,40.0,0.10189988383727201,0.9003388163443805
0.322043125,40.0,0.10214063847323429,0.8563257696334905
0.32266125,40.0,0.10237938552013288,0.8167216877066017
0.323279375,40.0,0.10261654751136218,0.7817472212822777
0.3238975,40.0,0.10285173877975859,0.7510077798359192
0.324515625,40.0,0.10308424438307015,0.7249300756294356
0.32513375,40.0,0.10331374963111636,0.7040825533384728
0.32575187499999997,40.0,0.1035404115523563,0.6893773670046269
0.32637,40.0,0.10376422646988764,0.6822245974280234
0.32698812499999996,40.0,0.10398427443154841,0.6839605706100336
0.32760625,40.0,0.10420016488724745,0.6954449991786937
0.32822437499999996,40.0,0.10441323857285512,0.7166252710294838
0.3288425,40.0,0.10462426449662618,0.7458795146985893
0.329460625,40.0,0.1048326956599308,0.7813412042856808
0.33007875,40.0,0.1050386222904757,0.8225161751354912
0.330696875,40.0,0.10524189473833766,0.8685503995753999
0.33131499999999997,40.0,0.1054412956850918,0.9187149464958714
0.331933125,40.0,0.10563610526515872,0.9728804071890634
0.33255124999999996,40.0,0.10582549504866295,1.030266508983493
0.333169375,40.0,0.10600857201987123,1.0889786962384305
0.33378749999999996,40.0,0.10618564369446418,1.1466543233234534
0.334405625,40.0,0.1063568426571325,1.201156610609685
0.33502375,40.0,0.10652167494006369,1.2509428101189413
0.335641875,40.0,0.10667982180836409,1.2955485297905993
0.33626,40.0,0.10683133716934906,1.3349591528378233
0.336878125,40.0,0.10697670002620356,1.3693028351401018
0.33749625,40.0,0.10711557871851189,1.3990255956142783
0.33811437499999997,40.0,0.10724663968542372,1.423689201600398
0.3387325,40.0,0.10736930883247828,1.4420519833650456
0.33935062499999996,40.0,0.10748417760564094,1.453331223743396
0.33996875,40.0,0.10759169299560065,1.4579753901718353
0.34058687499999996,40.0,0.10769199260379762,1.4572293668562217
0.341205,40.0,0.10778607370312866,1.4521378236222717
0.341823125,40.0,0.1078750249028859,1.443987509199301
0.34244125,40.0,0.10795880419520794,1.434013448132498
0.343059375,40.0,0.10803721346552075,1.4225157076195967
0.34367749999999997,40.0,0.1081099156085311,1.4085889257892277
0.344295625,40.0,0.1081761667057364,1.3914472430041578
0.34491374999999996,40.0,0.10823633663074227,1.3714047656275483
0.345531875,40.0,0.10829103418180354,1.3493250004386579
0.34614999999999996,40.0,0.10833965831712115,1.3255633255181198
0.346768125,40.0,0.10838227727874888,1.3007091297658666
0.34738625,40.0,0.10842014098178795,1.2754031209822436
0.348004375,40.0,0.10845413196760327,1.2490460733209021
0.3486225,40.0,0.10848448837113446,1.2203627545606002
0.34924062499999997,40.0,0.1085108384878156,1.1884343673800803
0.34985875,40.0,0.10853299622723182,1.153343361040545
0.35047687499999997,40.0,0.10855145176710448,1.1157218855119924
0.351095,40.0,0.10856594042349603,1.076541536318863
0.35171312499999996,40.0,0.1085761715104939,1.0367046719194446
0.35233125,40.0,0.10858329229063586,0.997266330760701
0.35294937499999995,40.0,0.10858836177898631,0.9589486755605645
0.3535675,40.0,0.10859178099442524,0.9213002447796106
0.354185625,40.0,0.10859391439336342,0.8841997552291886
0.35480375,40.0,0.10859470253751263,0.8491533921139807
0.355421875,40.0,0.10859392209205182,0.8175702490236334
0.35603999999999997,40.0,0.10859178081914615,0.7909737804381767
0.356658125,40.0,0.10858826786731642,0.7712635375469576
0.35727624999999996,40.0,0.10858213714031804,0.7592419033041992
0.357894375,40.0,0.10857249443486847,0.7551638209182494
0.35851249999999996,40.0,0.10855998077134021,0.7588264449493198
0.359130625,40.0,0.10854478227814211,0.7695987488276684
0.35974875,40.0,0.10852663696755237,0.7871706831245042
0.360366875,40.0,0.10850582060634412,0.8122654297582907
0.360985,40.0,0.1084824130621037,0.8451084187328975
0.36160312499999997,40.0,0.1084562134900091,0.8851431266210856
0.36222125,40.0,0.10842644019156285,0.9318242571211329
0.36283937499999996,40.0,0.10839191327778298,0.9837456689449099
0.3634575,40.0,0.10835249978076789,1.0385851878834236
0.36407562499999996,40.0,0.10830851419897937,1.0940624342032919
0.36469375,40.0,0.10825978224022803,1.148990510679977
0.365311875,40.0,0.10820651107685157,1.202814632332529
0.36593,40.0,0.10814877272534276,1.2547457710259575
0.366548125,40.0,0.10808639822965106,1.3039476142722017
0.36716624999999997,40.0,0.10802011005011641,1.349833063456708
0.367784375,40.0,0.10794988080368992,1.391400246023125
0.36840249999999997,40.0,0.10787420389140531,1.4270928881638467
0.369020625,40.0,0.10779231996036133,1.4554576785392255
0.36963874999999996,40.0,0.10770433918821966,1.4766256768004602
0.370256875,40.0,0.10760985666163099,1.4915574635452609
0.37087499999999995,40.0,0.107508411343374,1.5009327399903123
0.371493125,40.0,0.10740053833964332,1.5055266129331117
0.37211125,40.0,0.10728718667287707,1.5061934305080227
0.372729375,40.0,0.10716866242612834,1.5031756030992984
0.3733475,40.0,0.10704477288088843,1.4961479820502763
0.37396562499999997,40.0,0.10691521513003457,1.4849299940556369
0.37458375,40.0,0.1067799907129503,1.470163204968017
0.37520187499999996,40.0,0.10663966110042213,1.453114519082775
0.37582,40.0,0.10649443931751532,1.4345974885339647
0.37643812499999996,40.0,0.10634430579945367,1.4151569730625644
0.37705625,40.0,0.1061897697589834,1.3949156162815555
0.377674375,40.0,0.10603146846940183,1.3737012187285709
0.3782925,40.0,0.10587061949668564,1.3505281079723528
0.378910625,40.0,0.10570821561303718,1.3244849864916162
0.37952874999999997,40.0,0.10554390994608752,1.2958409959878325
0.380146875,40.0,0.10537807149774209,1.2649531151213236
0.38076499999999996,40.0,0.10521142862352376,1.2323513417210783
0.381383125,40.0,0.10504309760444171,1.1985486889774288
0.38200124999999996,40.0,0.10487237639286476,1.1631805472163028
0.382619375,40.0,0.10469987514540413,1.1262464999520887
0.38323749999999995,40.0,0.10452623906401037,1.0879233461095377
0.383855625,40.0,0.10435184762591149,1.047881067628921
0.38447375,40.0,0.10417702313248765,1.0066652119026112
0.385091875,40.0,0.10400192595950927,0.966344890529093
0.38571,40.0,0.10382688216435026,0.9285714529431229
0.38632812499999997,40.0,0.1036523465867316,0.8942470780175868
0.38694625,40.0,0.1034783174680809,0.8647754643069141
0.38756437499999996,40.0,0.1033043296358807,0.8407910581553926
0.3881825,40.0,0.10312999735349421,0.8226081650662508
0.38880062499999996,40.0,0.10295550496962776,0.810507686862741
0.38941875,40.0,0.10278138549270097,0.8052809481056387
0.390036875,40.0,0.10260796166274239,0.8082225545179933
0.390655,40.0,0.10243535399595897,0.8202413594220106
0.391273125,40.0,0.1022641234803226,0.841518775281387
0.39189124999999997,40.0,0.10209484942857819,0.8715779387676877
0.392509375,40.0,0.10192650258312574,0.9096624200168022
0.39312749999999996,40.0,0.10175765633758108,0.9543893192009325
0.393745625,40.0,0.10158827277820752,1.0037977986700397
0.39436374999999996,40.0,0.10141805531134646,1.0566100213443461
0.394981875,40.0,0.10124630435267838,1.112450667657263
0.39559999999999995,40.0,0.10107301785496471,1.1702750897616698
0.396218125,40.0,0.10089779697548124,1.228638604040171
0.39683625,40.0,0.10072044667914139,1.2860198786438188
0.39745437499999997,40.0,0.10054157461633334,1.3407189955088468
0.3980725,40.0,0.10036095371656896,1.3910221717136175
0.39869062499999997,40.0,0.10017788625916492,1.4352732372620391
0.39930875,40.0,0.09999203603305688,1.4725740868039054
0.39992687499999996,40.0,0.09980318150048587,1.5031116896404395
0.400545,40.0,0.09961116003100773,1.5271523733788266
0.40116312499999995,40.0,0.09941554512638798,1.5448743857348768
0.40178125,40.0,0.09921636508924538,1.5562704815475648
0.402399375,40.0,0.0990147135499842,1.5614363506826736
0.4030175,40.0,0.09881144557204485,1.5605160480335492
0.403635625,40.0,0.09860623669462948,1.55355680669544
0.40425374999999997,40.0,0.09839874059592665,1.5413870407916295
0.404871875,40.0,0.0981894442316017,1.5251227902337017
0.40548999999999996,40.0,0.09797842724503071,1.5062524043064625
0.406108125,40.0,0.0977652037364964,1.485778229458385
0.40672624999999996,40.0,0.09754972889638974,1.46361368895165
0.407344375,40.0,0.09733194492437641,1.4396908550780143
0.4079625,40.0,0.09711187787224748,1.4142503132158188
0.408580625,40.0,0.09689044386889341,1.3868653296878743
0.40919875,40.0,0.09666831838592652,1.3571339749340499
0.40981687499999997,40.0,0.09644549525874224,1.3259328590288246
0.410435,40.0,0.09622281114609772,1.2938643459503523
0.41105312499999996,40.0,0.0960009884525409,1.2609278412024838
0.41167125,40.0,0.0957795433125109,1.2269606901363816
0.41228937499999996,40.0,0.0955581659359324,1.1912952726114299
0.4129075,40.0,0.09533703156222907,1.1537187358442171
0.41352562499999995,40.0,0.09511697549862644,1.114553142246879
0.41414375,40.0,0.09489899498911177,1.0738510705234938
0.414761875,40.0,0.09468309611474755,1.0326723345301327
0.41537999999999997,40.0,0.09446970211301926,0.9928037129849552
0.415998125,40.0,0.09425986012517436,0.9554637368726715
0.41661624999999997,40.0,0.09405370812223394,0.921234784593582
0.417234375,40.0,0.09385108236268433,0.8908872721358624
0.41785249999999996,40.0,0.09365195019915229,0.8654485119577214
0.418470625,40.0,0.09345582432362766,0.8453771705717513
0.41908874999999995,40.0,0.09326232895214415,0.8314660495580675
0.419706875,40.0,0.0930716728106613,0.8252565304528877
0.420325,40.0,0.0928838506472927,0.827905346677493
0.420943125,40.0,0.09269864132980214,0.8400652578211778
0.42156125,40.0,0.09251676326815192,0.8618652462215973
0.42217937499999997,40.0,0.09233898213971373,0.8924657489014777
0.4227975,40.0,0.09216455601427051,0.9309294383665911
0.42341562499999996,40.0,0.09199268934584681,0.9762643456401933
0.42403375,40.0,0.0918233740020731,1.0271867416954366
0.42465187499999996,40.0,0.09165645648252449,1.0825146276698299
0.42527,40.0,0.09149176850624349,1.1413002751178192
0.42588812499999995,40.0,0.09132897268649393,1.202488276094146
0.42650625,40.0,0.09116778967341027,1.2642298470917455
0.427124375,40.0,0.09100866400836219,1.3242201628892876
0.42774249999999997,40.0,0.09085173260648158,1.3804449661627873
0.428360625,40.0,0.09069663179709765,1.4313127605233136
0.42897874999999996,40.0,0.09054341845469661,1.4756683919655655
0.429596875,40.0,0.09039169594878385,1.5124972883648173
0.43021499999999996,40.0,0.0902407323069714,1.541639948092825
0.430833125,40.0,0.09009034840860117,1.563514736629229
0.43145124999999995,40.0,0.08993962036727217,1.5778394550240598
0.432069375,40.0,0.08978772502280301,1.5841449106673127
0.4326875,40.0,0.08963551257199597,1.5826679433977562
0.43330562499999997,40.0,0.08948357028543896,1.5741018002019669
0.43392375,40.0,0.08933145381445992,1.5588815787391694
0.43454187499999997,40.0,0.0891790665648993,1.5381880783664823
0.43516,40.0,0.08902689546243484,1.5134633674908637
0.43577812499999996,40.0,0.08887515733920498,1.4860507710216335
0.43639625,40.0,0.08872357489833008,1.4570686009793428
0.43701437499999995,40.0,0.08857203043541506,1.4264721183886049
0.4376325,40.0,0.08842055635748604,1.3942041167095514
0.438250625,40.0,0.0882694570839318,1.3608251018935673
0.43886875,40.0,0.08811929319776475,1.3263901761568404
0.439486875,40.0,0.08797031590845034,1.2910594069881067
0.44010499999999997,40.0,0.08782309516186232,1.2554589498553717
0.440723125,40.0,0.08767844733771882,1.2200146793752413
0.44134124999999996,40.0,0.0875365928629168,1.1847496020196866
0.441959375,40.0,0.08739755123027454,1.1493945200203324
0.44257749999999996,40.0,0.08726077512593637,1.1134772713370193
0.443195625,40.0,0.0871255353288002,1.076559219719311
0.44381374999999995,40.0,0.08699256492990266,1.0391316458568978
0.444431875,40.0,0.08686242033216839,1.0021212378952709
0.44505,40.0,0.0867344811508652,0.9661833961255466
0.44566812499999997,40.0,0.08660919225345333,0.9324218185331437
0.44628625,40.0,0.08648756605108099,0.9024867543539256
0.44690437499999996,40.0,0.08636967166373996,0.8769460499581088
0.4475225,40.0,0.08625553849815168,0.8559992910706187
0.44814062499999996,40.0,0.0861453474853265,0.8405889032066594
0.44875875,40.0,0.08603901398659955,0.8317718008146479
0.44937687499999995,40.0,0.08593658435211862,0.830347108877248
0.449995,40.0,0.08583805451113607,0.8370535837603409
0.450613125,40.0,0.0857432435816386,0.8528293606837271
0.45123125,40.0,0.08565239004964847,0.8779515979648725
0.451849375,40.0,0.08556613322632123,0.9120703334832911
0.45246749999999997,40.0,0.08548500901766747,0.954052287848576
0.453085625,40.0,0.08540893906778739,1.002293910435736
0.45370374999999996,40.0,0.08533732714488867,1.05579457425922
0.454321875,40.0,0.0852697676247928,1.113236798737957
0.45493999999999996,40.0,0.08520622223654344,1.1730442498276623
0.455558125,40.0,0.08514641195506543,1.2338090409068572
0.45617624999999995,40.0,0.08508929088175066,1.2940968220001499
0.456794375,40.0,0.08503453999597733,1.3520223455873193
0.4574125,40.0,0.08498273194565377,1.4054155903495114
0.45803062499999997,40.0,0.08493336869657747,1.452490816875896
0.45864875,40.0,0.08488615584310885,1.4916587145183169
0.45926687499999996,40.0,0.08484159702634811,1.5223704162641547
0.459885,40.0,0.0847994268439743,1.5444131425762297
0.46050312499999996,40.0,0.08475947791364502,1.5576088799894432
0.46112125,40.0,0.08472166871823501,1.5625153402327452
0.46173937499999995,40.0,0.08468513052396398,1.5596058773954555
0.4623575,40.0,0.08464953310373692,1.5490775114537383
0.462975625,40.0,0.08461539271444736,1.531387159623479
0.46359374999999997,40.0,0.0845830673757578,1.5073416687908514
0.464211875,40.0,0.08455265709926153,1.478236659889419
0.46482999999999997,40.0,0.08452413160219069,1.445667726972302
0.465448125,40.0,0.08449766509685691,1.410843902839273
0.46606624999999996,40.0,0.08447366442564158,1.3748085556119822
0.466684375,40.0,0.0844518358134581,1.3386976669230872
0.46730249999999995,40.0,0.0844314398612922,1.3030605286921677
0.467920625,40.0,0.0844124525830941,1.2674490204111006
0.46853874999999995,40.0,0.08439508125097914,1.2317765388768351
0.469156875,40.0,0.08437894101076036,1.1965982688901673
0.469775,40.0,0.08436389767395693,1.1620803625705907
0.47039312499999997,40.0,0.08435057802391772,1.1282473282274015
0.47101125,40.0,0.0843394083826962,1.0954392534373647
0.47162937499999996,40.0,0.08433062469853217,1.0636811856493904
0.4722475,40.0,0.08432457133017206,1.0326826275092167
0.47286562499999996,40.0,0.08432074334750737,1.0021903104061443
0.47348375,40.0,0.08431857428345337,0.9720220948169339
0.47410187499999995,40.0,0.08431870771047276,0.9425291034865761
0.47472,40.0,0.08432134283933411,0.9146875091002149
0.475338125,40.0,0.08432609740754252,0.8896971402824135
0.47595624999999997,40.0,0.08433342135118946,0.8682577665589304
0.476574375,40.0,0.08434380185230146,0.8515695159334374
0.47719249999999996,40.0,0.08435761091399852,0.8407220489226986
0.477810625,40.0,0.0843749035702549,0.83582734893715
0.47842874999999996,40.0,0.08439520095609107,0.8373278767817858
0.479046875,40.0,0.08441877466765793,0.845874188099193
0.47966499999999995,40.0,0.08444570871258937,0.8619646007201552
0.480283125,40.0,0.08447514563916793,0.8860715092868134
0.48090125,40.0,0.08450671046418236,0.9183400760143838
0.48151937499999997,40.0,0.08454051955029622,0.9580353700238882
0.4821375,40.0,0.08457666465617983,1.0043077528552038
0.48275562499999997,40.0,0.08461548269328505,1.056088500104393
0.48337375,40.0,0.08465726688784111,1.1113141702743459
0.48399187499999996,40.0,0.0847016207305615,1.1679867814265499
0.48461,40.0,0.0847482692812951,1.2249468733695856
0.48522812499999995,40.0,0.08479761978375824,1.2807635573006322
0.48584625,40.0,0.08484942489193516,1.3338569404982172
0.48646437499999995,40.0,0.08490285112774258,1.3825938892964302
0.4870825,40.0,0.08495797210421896,1.4255846779170624
0.487700625,40.0,0.08501520933845381,1.4615299671443616
0.48831874999999997,40.0,0.08507431358529595,1.4889791348274852
0.488936875,40.0,0.0851351713686114,1.5071075941339702
0.48955499999999996,40.0,0.08519797757783595,1.5159699845079657
0.490173125,40.0,0.08526295095096238,1.5162472366399078
0.49079124999999996,40.0,0.08533033634682226,1.5084937394179734
0.491409375,40.0,0.08539953729630548,1.493481344394809
0.49202749999999995,40.0,0.08546981313525008,1.4723233435880656
0.492645625,40.0,0.08554115647692608,1.4458437788840106
0.49326375,40.0,0.08561329267958133,1.4147933424224093
0.49388187499999997,40.0,0.08568623725174684,1.3803174364214896
0.4945,40.0,0.08576046063938035,1.3434959473683683
0.49511812499999996,40.0,0.08583570110330613,1.3057537819713285
0.49573625,40.0,0.08591218013993679,1.2685355158915206
0.49635437499999996,40.0,0.08599070786961938,1.23256562986951
0.4969725,40.0,0.0860709522819812,1.1981430989718376
0.49759062499999995,40.0,0.08615241704298675,1.1655072642107818
0.49820875,40.0,0.08623544941418942,1.134633456832563
0.49882687499999995,40.0,0.08632024407475292,1.1050822299699854
0.499445,40.0,0.08640641027146885,1.076516405123977
0.5000631249999999,40.0,0.08649372841610863,1.0492546219857233
0.50068125,40.0,0.0865825923585361,1.0234365339754314
0.501299375,40.0,0.08667338965849812,0.9989526535387486
0.5019175,40.0,0.08676639623546621,0.9758304173287893
0.5025356249999999,40.0,0.08686161876674268,0.9536857436421492
0.50315375,40.0,0.08695854693547825,0.9326612398205109
0.503771875,40.0,0.08705694637898433,0.9128589440497293
0.50439,40.0,0.08715660665278405,0.8943597077740453
0.5050081249999999,40.0,0.08725712609698394,0.8780848785897467
0.5056262499999999,40.0,0.08735843683928184,0.8655705927474495
0.506244375,40.0,0.08746029144689471,0.857451695472698
0.5068625,40.0,0.08756269374050964,0.8542010036902429
0.507480625,40.0,0.08766629266451434,0.8568953171661392
0.5080987499999999,40.0,0.08777085036991567,0.8657512617084026
0.508716875,40.0,0.08787581856864804,0.8807453054808727
0.509335,40.0,0.08798190691441869,0.9021504528912807
0.509953125,40.0,0.08808928533880357,0.930073679741873
0.5105712499999999,40.0,0.08819709677372341,0.9644984068476509
0.511189375,40.0,0.08830518105818091,1.0050808613763982
0.5118075,40.0,0.08841352985883517,1.0509084677084193
0.512425625,40.0,0.08852208909773648,1.100553677870656
0.51304375,40.0,0.08863121942185098,1.152365172104379
0.5136618749999999,40.0,0.08874098750295156,1.2048584429561358
0.51428,40.0,0.08885124686806606,1.2561488507088527
0.514898125,40.0,0.0889620089781619,1.3046786557167884
0.51551625,40.0,0.08907322540716725,1.3493404375290656
0.5161343749999999,40.0,0.08918457910085999,1.3890323132781472
0.5167525,40.0,0.08929552869212656,1.4225651976565905
0.517370625,40.0,0.08940576050922151,1.4486948592743543
0.51798875,40.0,0.08951532457920963,1.4665546673722554
0.518606875,40.0,0.0896242817145719,1.475836894387472
0.5192249999999999,40.0,0.08973237102821398,1.4763726440677323
0.519843125,40.0,0.08983941962645886,1.4683312746115131
0.52046125,40.0,0.08994626187299266,1.4529911877073123
0.521079375,40.0,0.09005349169254671,1.4315522065792636
0.5216974999999999,40.0,0.09016046212168509,1.4050874274439036
0.522315625,40.0,0.09026716453281346,1.3744153437525015
0.52293375,40.0,0.09037388267479864,1.3406186945972771
0.523551875,40.0,0.09048023052915327,1.304917451650542
0.52417,40.0,0.09058650818617518,1.2681426977797996
0.5247881249999999,40.0,0.09069308529011841,1.2314378110850526
0.52540625,40.0,0.09079986073640459,1.1958613662839659
0.526024375,40.0,0.09090737060707069,1.162461236288759
0.5266425,40.0,0.09101611240992434,1.1318736961892155
0.5272606249999999,40.0,0.09112582558263542,1.103973091781048
0.52787875,40.0,0.09123630737446138,1.078445282327516
0.528496875,40.0,0.09134759570757954,1.0552563320145099
0.529115,40.0,0.09145967536739526,1.0339464152912845
0.529733125,40.0,0.09157235810437438,1.0140353946232863
0.5303512499999999,40.0,0.0916850288358067,0.9956721591971538
0.530969375,40.0,0.0917975189927968,0.9787698896290471
0.5315875,40.0,0.09191048843642957,0.9630229051477459
0.532205625,40.0,0.09202410460571804,0.9485855352017694
0.5328237499999999,40.0,0.09213806543492954,0.9349666603182694
0.533441875,40.0,0.0922524541142994,0.9220111812223887
0.53406,40.0,0.09236739638372177,0.9103583847119553
0.534678125,40.0,0.09248248758032837,0.900300796455941
0.5352962499999999,40.0,0.0925974298297277,0.8924659981853144
0.5359143749999999,40.0,0.0927123265096893,0.8879222512594617
0.5365325,40.0,0.09282678538739274,0.8877136029644082
0.537150625,40.0,0.09294081725313709,0.8922068921751923
0.53776875,40.0,0.09305494545564282,0.9015818184726913
0.5383868749999999,40.0,0.09316865562584249,0.9162800368941523
0.539005,40.0,0.09328164298318668,0.9364930922728779
0.539623125,40.0,0.09339439303629851,0.9621813664983349
0.54024125,40.0,0.09350674684150347,0.9933876813493494
0.5408593749999999,40.0,0.09361822715080229,1.0297665367389512
0.5414775,40.0,0.09372826535365089,1.0708391148983814
0.542095625,40.0,0.09383633679360802,1.115660672487351
0.54271375,40.0,0.09394260060568656,1.162538356391756
0.543331875,40.0,0.09404693072238146,1.2099356162221315
0.5439499999999999,40.0,0.09414895634703441,1.2565542049365812
0.544568125,40.0,0.0942490470956469,1.3008775593326782
0.54518625,40.0,0.094347414930935,1.341551108125739
0.545804375,40.0,0.09444380012415905,1.3775652021646716
0.5464224999999999,40.0,0.09453821365838817,1.4080297418430874
0.547040625,40.0,0.09463056347990804,1.4319125676776272
0.54765875,40.0,0.09472047587955,1.448171769607152
0.548276875,40.0,0.09480810736912858,1.4563905525731482
0.548895,40.0,0.09489375968797986,1.4563764125818799
0.5495131249999999,40.0,0.09497703063114234,1.4485006936692004
0.55013125,40.0,0.09505783818860877,1.4333790840535185
0.550749375,40.0,0.09513701486065795,1.4120257755373735
0.5513675,40.0,0.09521499084307872,1.3857110588842767
0.5519856249999999,40.0,0.0952914701354438,1.355554812306967
0.55260375,40.0,0.09536646475222697,1.3224113309108683
0.553221875,40.0,0.09544004418405491,1.2872576966850384
0.55384,40.0,0.0955120516199941,1.2512177428008873
0.554458125,40.0,0.09558255825073642,1.2153197523190153
0.5550762499999999,40.0,0.0956514189285581,1.1808402519109058
0.555694375,40.0,0.09571889231246505,1.148541148853061
0.5563125,40.0,0.09578567413805239,1.1188755648792097
0.556930625,40.0,0.09585176247581846,1.0926192165441833
0.5575487499999999,40.0,0.09591740070017747,1.0695441241899262
0.558166875,40.0,0.09598290635851435,1.048901367640904
0.558785,40.0,0.09604808046509572,1.0307958524088487
0.559403125,40.0,0.09611337588422865,1.0149400120012158
0.56002125,40.0,0.09617900302264532,1.0009520458905614
0.5606393749999999,40.0,0.09624422678130475,0.9885813379695185
0.5612575,40.0,0.09630900199143362,0.977661231083936
0.561875625,40.0,0.09637395950521041,0.9679723091094389
0.56249375,40.0,0.09643913450625487,0.9590687110950127
0.5631118749999999,40.0,0.09650427781797767,0.950704609828066
0.56373,40.0,0.09656956545430857,0.9427817154562372
0.564348125,40.0,0.09663513166547998,0.9358012604212806
0.56496625,40.0,0.09670064378540445,0.9303399878027211
0.5655843749999999,40.0,0.0967656981475443,0.926829925692272
0.5662024999999999,40.0,0.09682996739488936,0.9260140651071601
0.566820625,40.0,0.09689317527120123,0.9288020395049894
0.56743875,40.0,0.09695533234512663,0.9354321640750468
0.568056875,40.0,0.09701630617434552,0.9460624926818123
0.5686749999999999,40.0,0.0970757990242867,0.9612123075318886
0.569293125,40.0,0.09713387345999276,0.9811128325563317
0.56991125,40.0,0.0971905530076879,1.0059394995436748
0.570529375,40.0,0.09724597707790152,1.03575759958628
0.5711474999999999,40.0,0.09730026256780495,1.0702776297686416
0.5717656249999999,40.0,0.09735264660307982,1.1087147260374757
0.57238375,40.0,0.09740274308377606,1.1501658279771265
0.573001875,40.0,0.09745100507876646,1.1934131598087652
0.57362,40.0,0.09749695536259133,1.2368595576184198
0.5742381249999999,40.0,0.09754011661569947,1.2793442638140962
0.57485625,40.0,0.09758107377400911,1.3198287140550404
0.575474375,40.0,0.09761987347442694,1.3570804794441627
0.5760925,40.0,0.0976562718357014,1.3898729127086447
0.5767106249999999,40.0,0.09769027348276962,1.4172124395539638
0.57732875,40.0,0.09772152077957681,1.438224625585223
0.577946875,40.0,0.09774983600957637,1.4519190920244505
0.578565,40.0,0.09777522327665118,1.4578056236094146
0.579183125,40.0,0.09779751967657385,1.455845411693907
0.5798012499999999,40.0,0.09781651282081792,1.4466423567969477
0.580419375,40.0,0.0978321248107163,1.4308051738661656
0.5810375,40.0,0.09784474301273803,1.408830302481982
0.581655625,40.0,0.09785485565609056,1.382087996176432
0.5822737499999999,40.0,0.09786269309514227,1.3515771772859737
0.582891875,40.0,0.09786823442368872,1.3179699803272706
0.58351,40.0,0.09787165403783686,1.2824838738658875
0.584128125,40.0,0.09787348433555404,1.2463411865894876
0.58474625,40.0,0.09787356373924176,1.2107066410627059
0.5853643749999999,40.0,0.09787158235038308,1.176718254471197
0.5859825,40.0,0.0978682970666727,1.145172173542534
0.586600625,40.0,0.09786416430952934,1.1165539696580076
0.58721875,40.0,0.09785905463240432,1.0912239507019663
0.5878368749999999,40.0,0.09785345975525864,1.0691659706752834
0.588455,40.0,0.09784757034169449,1.049994772301731
0.589073125,40.0,0.09784127044589443,1.033634954934234
0.58969125,40.0,0.09783508083017249,1.0200561052122752
0.5903093749999999,40.0,0.09782898259131283,1.0088619650805308
0.5909274999999999,40.0,0.09782240895439999,0.999643961370085
0.591545625,40.0,0.09781537885965888,0.9920919188140642
0.59216375,40.0,0.0978080076278297,0.9856332950681594
0.592781875,40.0,0.0978003539855107,0.979869175771014
0.5933999999999999,40.0,0.09779250274792238,0.9746211012170869
0.594018125,40.0,0.09778438846265505,0.9697402863353473
0.59463625,40.0,0.09777638985124353,0.9656109669438914
0.595254375,40.0,0.09776880666530373,0.9628251754655928
0.5958724999999999,40.0,0.09776111240371697,0.9618400514865184
0.5964906249999999,40.0,0.09775299714632597,0.9628296258427034
0.59710875,40.0,0.09774468994226132,0.9665172978181781
0.597726875,40.0,0.09773614788771524,0.9734718426318231
0.598345,40.0,0.0977269968205764,0.9837591021371748
0.5989631249999999,40.0,0.09771719194115577,0.997862767484612
0.59958125,40.0,0.09770684526288531,1.0163740030938635
0.600199375,40.0,0.09769567488866673,1.039548667378981
0.6008175,40.0,0.0976839244400631,1.06731916016317
0.6014356249999999,40.0,0.09767171866445397,1.099338900951082
0.6020537499999999,40.0,0.09765819402179902,1.1350249422533574
0.602671875,40.0,0.09764320259651099,1.1734800736371123
0.60329,40.0,0.09762681507321384,1.2136640817050472
0.603908125,40.0,0.0976083694490564,1.254290091898238
0.6045262499999999,40.0,0.09758762100862976,1.2943623229019596
0.605144375,40.0,0.09756464351184985,1.332960817038239
0.6057625,40.0,0.09753955099959265,1.3686206381053156
0.606380625,40.0,0.0975125685193404,1.400235041394879
0.6069987499999999,40.0,0.09748340290076353,1.4266746907230363
0.607616875,40.0,0.09745181065385927,1.4468534352798275
0.608235,40.0,0.09741818137652372,1.4600729902459113
0.608853125,40.0,0.09738242433099079,1.465827582924488
0.60947125,40.0,0.09734419001366841,1.4641068972092097
0.6100893749999999,40.0,0.09730366163757845,1.4553331224897355
0.6107075,40.0,0.09726074559556146,1.44000141627556
0.611325625,40.0,0.09721538792104097,1.4186179381940975
0.61194375,40.0,0.09716813712032099,1.3920300661100353
0.6125618749999999,40.0,0.09711921990183803,1.3613277171234717
0.61318,40.0,0.09706847098244765,1.3273845681026337
0.613798125,40.0,0.09701619122149995,1.2914176318970585
0.61441625,40.0,0.09696284101119863,1.2548097578544966
0.615034375,40.0,0.0969080884564852,1.2186521885405945
0.6156524999999999,40.0,0.0968516251268662,1.1841250636331657
0.616270625,40.0,0.0967939605694104,1.1520561324890002
0.61688875,40.0,0.09673535790850216,1.1227535984373833
0.617506875,40.0,0.09667590409610385,1.096633257535912
0.6181249999999999,40.0,0.09661592873065694,1.0740188712954737
0.618743125,40.0,0.09655552231493295,1.0546709743454175
0.61936125,40.0,0.09649516824816434,1.0385091455259745
0.619979375,40.0,0.09643533263892154,1.025574211441945
0.6205974999999999,40.0,0.0963758121290039,1.0156646661237783
0.6212156249999999,40.0,0.09631680538210569,1.008028687603151
0.62183375,40.0,0.0962583462259463,1.0021453244088236
0.622451875,40.0,0.09620015273010521,0.9977341058729344
0.62307,40.0,0.09614263288864774,0.9942137892686371
0.6236881249999999,40.0,0.09608579430953741,0.9913547570550936
0.62430625,40.0,0.09602934232468283,0.9892037309247529
0.624924375,40.0,0.09597384250881309,0.9879272500041998
0.6255425,40.0,0.09591960960699047,0.9879303146983742
0.6261606249999999,40.0,0.09586605960686605,0.989474949138833
0.6267787499999999,40.0,0.09581288518989516,0.9926814128834517
0.627396875,40.0,0.09576028517516921,0.9980182469422555
0.628015,40.0,0.09570810259124576,1.0060928296400848
0.628633125,40.0,0.0956559783785218,1.0171334288687783
0.6292512499999999,40.0,0.09560380226387927,1.031568389820459
0.629869375,40.0,0.09555153528258287,1.0501178588266624
0.6304875,40.0,0.09549920559920694,1.0727520721446462
0.631105625,40.0,0.09544697364467188,1.0995118266940846
0.6317237499999999,40.0,0.09539481186375688,1.1300574127485368
0.6323418749999999,40.0,0.09534255328681793,1.1636858130574892
0.63296,40.0,0.09529022890795172,1.1997695953327112
0.633578125,40.0,0.09523763328380806,1.2373629661093584
0.63419625,40.0,0.09518452293173137,1.2755317746834924
0.6348143749999999,40.0,0.09513077375834246,1.3131033285323805
0.6354325,40.0,0.09507597527294398,1.349127598584301
0.636050625,40.0,0.09502042694769201,1.3823996924541164
0.63666875,40.0,0.09496451782618057,1.4115554100190877
0.6372868749999999,40.0,0.09490753123219639,1.4354449307668868
0.6379049999999999,40.0,0.09484938294778766,1.4531566622898053
0.638523125,40.0,0.09479055553517986,1.464119637309588
0.63914125,40.0,0.0947306352431504,1.467971604271298
0.639759375,40.0,0.09466936012659304,1.4644926458973133
0.6403774999999999,40.0,0.09460679480855054,1.454074387757834
0.640995625,40.0,0.09454268344626778,1.4373727112166947
0.64161375,40.0,0.09447706162788595,1.4145333705924452
0.642231875,40.0,0.09441014428090592,1.3864149312797571
0.6428499999999999,40.0,0.09434204144621411,1.3542476074077863
0.643468125,40.0,0.09427296912012958,1.3190438354733196
0.64408625,40.0,0.0942032650240666,1.281985419091282
0.644704375,40.0,0.09413326882756987,1.244476710880655
0.6453225,40.0,0.09406300704253398,1.207781814786386
0.6459406249999999,40.0,0.09399238398866554,1.1728320355954802
0.64655875,40.0,0.0939214925133343,1.1403453868491509
0.647176875,40.0,0.09385070808929814,1.1109660546311657
0.647795,40.0,0.09378037481482604,1.0849664196041655
0.6484131249999999,40.0,0.09371027175596297,1.0626817444846866
0.64903125,40.0,0.09364056090114505,1.0442368197335261
0.649649375,40.0,0.09357196136578322,1.029456384916263
0.6502675,40.0,0.09350442954087984,1.0182071069037386
0.6508856249999999,40.0,0.09343779207489962,1.0102492296744645
0.6515037499999999,40.0,0.09337242113997983,1.004927370001131
0.652121875,40.0,0.09330812507391681,1.001517801129129
0.65274,40.0,0.09324460177261802,0.9997880906471899
0.653358125,40.0,0.09318214848679368,0.9991355866916047
0.6539762499999999,40.0,0.09312053102932126,0.9994248926533474
0.654594375,40.0,0.09305961081245184,1.0007580053433338
0.6552125,40.0,0.0929999725779109,1.002914050302094
0.655830625,40.0,0.0929417126538923,1.006237867597192
0.6564487499999999,40.0,0.09288472689421898,1.0110731199452936
0.6570668749999999,40.0,0.09282894169049007,1.0173420796290946
0.657685,40.0,0.09277424582609944,1.0254070586074293
0.658303125,40.0,0.09272090036870612,1.0358566089530008
0.65892125,40.0,0.09266874552357182,1.0491711719998245
0.6595393749999999,40.0,0.09261731976427856,1.0655758446616597
0.6601575,40.0,0.09256673620801972,1.085409009575202
0.660775625,40.0,0.09251720991297292,1.1089605437926235
0.66139375,40.0,0.09246854506299954,1.1359372825504401
0.6620118749999999,40.0,0.0924205687960815,1.1659020503869437
0.6626299999999999,40.0,0.09237349225736298,1.198256342522734
0.663248125,40.0,0.09232723177525842,1.2323620353904046
0.66386625,40.0,0.09228140019168322,1.2674581146302706
0.664484375,40.0,0.0922360137365792,1.3025059567656623
0.6651024999999999,40.0,0.0921907294219624,1.3363465866839388
0.665720625,40.0,0.0921450286862096,1.3681458430211295
0.66633875,40.0,0.0920993368999497,1.3965287472378394
0.666956875,40.0,0.09205376322518395,1.4203288569018864
0.6675749999999999,40.0,0.0920078349435227,1.4386112576902654
0.6681931249999999,40.0,0.09196172288719388,1.4505076093764204
0.66881125,40.0,0.09191563589783361,1.4556501396750956
0.669429375,40.0,0.09186954513976074,1.4538883342315239
0.6700475,40.0,0.09182346070334971,1.445221764923155
0.6706656249999999,40.0,0.09177712290591247,1.4298884082459646
0.67128375,40.0,0.09173054630718329,1.4085589729898076
0.671901875,40.0,0.09168401838444692,1.3818370153146127
0.67252,40.0,0.09163724403019587,1.350501068003794
0.6731381249999999,40.0,0.09159021427890426,1.315671521099288
0.67375625,40.0,0.09154347392330926,1.2787129342931505
0.674374375,40.0,0.09149703165039343,1.240872594612841
0.6749925,40.0,0.09145102166511775,1.2033448341310562
0.675610625,40.0,0.09140574893319366,1.1673139639136825
0.6762287499999999,40.0,0.09136091652339502,1.1337107434844682
0.676846875,40.0,0.09131641444047224,1.1031236028617593
0.677465,40.0,0.09127262805512995,1.076215834958935
0.678083125,40.0,0.09122970361415847,1.0531150798955902
0.6787012499999999,40.0,0.09118733499443626,1.0340032794526248
0.679319375,40.0,0.09114572950054824,1.019327913879307
0.6799375,40.0,0.09110548555841858,1.0084869829022778
0.680555625,40.0,0.09106652156540634,1.0012031906611112
0.6811737499999999,40.0,0.09102889946716056,0.9972658348219843
0.6817918749999999,40.0,0.09099287084789567,0.9959617541024823
0.68241,40.0,0.09095833334072971,0.9965926718175356
0.683028125,40.0,0.09092541798463392,0.9987270861732586
0.68364625,40.0,0.09089394993624617,1.0020942536385598
0.6842643749999999,40.0,0.09086359412972131,1.0064164115554526
0.6848825,40.0,0.09083463530950438,1.0116344169422207
0.685500625,40.0,0.09080710237898625,1.0177655658108817
0.68611875,40.0,0.09078090369532199,1.0248604524164908
0.6867368749999999,40.0,0.09075632897690593,1.0331441123955198
0.6873549999999999,40.0,0.09073305605910627,1.0428201664688233
0.687973125,40.0,0.09071079105646895,1.0540569475301447
0.68859125,40.0,0.09068995841170266,1.0673698769664144
0.689209375,40.0,0.09067028653150266,1.083196344688051
0.6898274999999999,40.0,0.0906511737360144,1.1017380331954565
0.690445625,40.0,0.09063283292569517,1.1231780688108468
0.69106375,40.0,0.09061540968361646,1.147498758890192
0.691681875,40.0,0.09059861438725328,1.174360892577726
0.6922999999999999,40.0,0.09058242181323108,1.2034126803238885
0.6929181249999999,40.0,0.0905670454801174,1.233913393652287
0.69353625,40.0,0.0905525592911892,1.265141881616193
0.694154375,40.0,0.09053893610644563,1.2963786433013147
0.6947725,40.0,0.09052607939746088,1.3267285131291875
0.6953906249999999,40.0,0.09051372046703278,1.3550766704112336
0.69600875,40.0,0.09050170958864988,1.3802961782624403
0.696626875,40.0,0.09049016227146761,1.4014569640992631
0.697245,40.0,0.09047898386364339,1.4175565581503806
0.6978631249999999,40.0,0.09046810524002093,1.42782050192478
0.6984812499999999,40.0,0.09045755715316496,1.4315860692965452
0.699099375,40.0,0.09044718099330688,1.4287978131726706
0.6997175,40.0,0.09043732166588497,1.419533166151247
0.700335625,40.0,0.09042794746413652,1.4039522389178951
0.7009537499999999,40.0,0.09041842375302102,1.3824964589038033
0.701571875,40.0,0.09040915056988205,1.3557917835767626
0.70219,40.0,0.09040033309764894,1.3249119935551066
0.702808125,40.0,0.09039138020856259,1.290630835460139
0.7034262499999999,40.0,0.09038248117871268,1.2539636498475712
0.704044375,40.0,0.09037402645874389,1.2166067411177965
0.7046625,40.0,0.09036606853687947,1.179589754355136
0.705280625,40.0,0.0903589275895085,1.1439585803376549
0.7058987499999999,40.0,0.09035280410240679,1.1109106110295364
0.7065168749999999,40.0,0.09034760191946584,1.0811001709153463
0.707135,40.0,0.0903434180787086,1.055011514481282
0.707753125,40.0,0.09034043760692795,1.033116174165417
0.70837125,40.0,0.09033866227859723,1.0156353602292973
0.7089893749999999,40.0,0.0903380291893188,1.002390241236937
0.7096075,40.0,0.09033856479214528,0.9934896116206853
0.710225625,40.0,0.0903404403459159,0.9886598250898513
0.71084375,40.0,0.09034381398616369,0.9872588670230241
0.7114618749999999,40.0,0.09034859488418152,0.9887128750712876
0.7120799999999999,40.0,0.09035458784321272,0.992550941471479
0.712698125,40.0,0.09036199926860407,0.9980901632327843
0.71331625,40.0,0.09037095667768323,1.0048484298503353
0.713934375,40.0,0.09038083881817671,1.0124897628042424
0.7145524999999999,40.0,0.09039144377947017,1.0207816675842254
0.715170625,40.0,0.09040308319905127,1.0297659118060205
0.71578875,40.0,0.09041544224611187,1.039359384013152
0.716406875,40.0,0.0904285135951516,1.049537571699403
0.7170249999999999,40.0,0.09044266083382871,1.0605314729724948
0.7176431249999999,40.0,0.09045751698555267,1.0726865609830234
0.71826125,40.0,0.0904730859903715,1.0861493493186418
0.718879375,40.0,0.09048971198954711,1.101193671824882
0.7194975,40.0,0.09050702284774417,1.1183343020248782
0.7201156249999999,40.0,0.09052486641937639,1.1377614599020232
0.72073375,40.0,0.09054326007273004,1.1593555368353858
0.721351875,40.0,0.0905620939957154,1.1830127397053871
0.72197,40.0,0.09058143356774467,1.2084155182516678
0.7225881249999999,40.0,0.09060100004569642,1.2350809801908034
0.7232062499999999,40.0,0.09062072608255309,1.262279473923675
0.723824375,40.0,0.09064097523007485,1.2893585937749417
0.7244425,40.0,0.09066171672225774,1.315533754402856
0.725060625,40.0,0.09068259534374717,1.3399102126289923
0.7256787499999999,40.0,0.09070348681908273,1.3616181200221809
0.726296875,40.0,0.09072447313191774,1.3795292929139964
0.726915,40.0,0.0907452906175992,1.3928957881016528
0.727533125,40.0,0.09076583384641412,1.4009301677809225
0.7281512499999999,40.0,0.09078635819172386,1.4030536372355547
0.7287693749999999,40.0,0.09080667467121474,1.39915362444228
0.7293875,40.0,0.09082679208688293,1.389065021728372
0.730005625,40.0,0.09084721953456595,1.373055188905937
0.73062375,40.0,0.09086783083287067,1.3517487186053716
0.7312418749999999,40.0,0.09088836629741216,1.325627103763132
0.73186,40.0,0.09090926622613356,1.2953153256037464
0.732478125,40.0,0.0909305944795924,1.2619855959974455
0.73309625,40.0,0.09095209280901681,1.2267830115051626
0.7337143749999999,40.0,0.09097385434308568,1.1906035761997447
0.7343324999999999,40.0,0.0909958810867504,1.1547662247050565
0.734950625,40.0,0.09101849743785312,1.1205976842975143
0.73556875,40.0,0.09104200455092927,1.0889072112748397
0.7361868749999999,40.0,0.09106613234540453,1.060531549675599
0.7368049999999999,40.0,0.0910911037608916,1.0361051075035728
0.737423125,40.0,0.0911171439366458,1.0158763179872323
0.73804125,40.0,0.09114393951867479,1.0002187608615363
0.738659375,40.0,0.09117160605832451,0.9891597658326916
0.7392774999999999,40.0,0.09120021552117384,0.9823964861612138
0.739895625,40.0,0.0912295055559348,0.9797781119618661
0.74051375,40.0,0.091259629510012,0.9809590800921649
0.741131875,40.0,0.09129083017331983,0.9852364742764285
0.7417499999999999,40.0,0.09132291904195937,0.9918899540073169
0.7423681249999999,40.0,0.09135571705380029,1.0004059359260178
0.74298625,40.0,0.09138959292630783,1.0102416633188844
0.743604375,40.0,0.09142464783661207,1.0208282702463496
0.7442225,40.0,0.09146033310845186,1.0319156718287168
0.7448406249999999,40.0,0.09149658021310071,1.043343792521977
0.74545875,40.0,0.09153340537083926,1.0549285508746307
0.746076875,40.0,0.09157055906875748,1.066755233429494
0.746695,40.0,0.09160811013299627,1.078862243624455
0.7473131249999999,40.0,0.09164587849411816,1.091337774006674
0.7479312499999999,40.0,0.09168375605759076,1.1044683825921904
0.748549375,40.0,0.09172194919165766,1.1186467143208585
0.7491675,40.0,0.09176019561874034,1.134070633154646
0.749785625,40.0,0.09179832323579919,1.1509171857908798
0.7504037499999999,40.0,0.09183642969517168,1.1695262056511764
0.751021875,40.0,0.09187414660370662,1.1896907299908652
0.75164,40.0,0.09191140181701954,1.2112863899507123
0.752258125,40.0,0.09194846116547979,1.2338623166188687
0.7528762499999999,40.0,0.0919848405441258,1.2568883039294612
0.7534943749999999,40.0,0.09202044941660695,1.2800005104939878
0.7541125,40.0,0.09205589099144669,1.3023381428631484
0.754730625,40.0,0.09209106920812496,1.3231702296191568
0.75534875,40.0,0.09212574944211228,1.3417498847854286
0.7559668749999999,40.0,0.09216005025727564,1.3573155812895321
0.756585,40.0,0.0921939800443898,1.3689279422890883
0.757203125,40.0,0.09222740585478124,1.3758338732512712
0.75782125,40.0,0.09226023616030918,1.377630659268851
0.7584393749999999,40.0,0.09229252007492439,1.373914759773197
0.7590574999999999,40.0,0.09232421677749957,1.3645978293338195
0.759675625,40.0,0.09235542534092595,1.3498940027406325
0.76029375,40.0,0.09238631110716398,1.3300170774194748
0.760911875,40.0,0.09241676830889163,1.3056397811490867
0.7615299999999999,40.0,0.09244690526227925,1.2774663759760891
0.762148125,40.0,0.09247682184836356,1.2461138031724484
0.76276625,40.0,0.09250648982271038,1.2127034716967726
0.763384375,40.0,0.09253614242638986,1.178465906499674
0.7640024999999999,40.0,0.09256553344232574,1.144262804398397
0.7646206249999999,40.0,0.09259451128197933,1.1112984957760648
0.76523875,40.0,0.09262379658818745,1.0806918783297714
0.765856875,40.0,0.09265341269874686,1.0531557019623154
0.7664749999999999,40.0,0.09268310128638807,1.029393522070778
0.7670931249999999,40.0,0.0927134327005141,1.0098810427212161
0.76771125,40.0,0.09274452810211689,0.9948777135190487
0.768329375,40.0,0.09277617403206352,0.9843908351324342
0.7689475,40.0,0.09280856552384922,0.9785358686859869
0.7695656249999999,40.0,0.09284165825005265,0.9770538571437365
0.77018375,40.0,0.09287529006551092,0.9793847807309176
0.770801875,40.0,0.09290959159253262,0.9850995632939816
0.77142,40.0,0.09294453972263478,0.993701451226532
0.7720381249999999,40.0,0.09297993334702494,1.0043551940476223
0.7726562499999999,40.0,0.09301574275521318,1.016311002549911
0.773274375,40.0,0.09305201345933616,1.0292777159771254
0.7738925,40.0,0.0930887671024644,1.0427430264550575
0.774510625,40.0,0.09312583796933303,1.0562573011850251
0.7751287499999999,40.0,0.09316286841444714,1.0697706733326278
0.775746875,40.0,0.09319971336170339,1.0829974199463346
0.776365,40.0,0.09323645856146687,1.096074794653047
0.776983125,40.0,0.09327294730068504,1.1090328929750508
0.7776012499999999,40.0,0.09330878904170013,1.1218393296551712
0.7782193749999999,40.0,0.09334422647527585,1.13499382251396
0.7788375,40.0,0.0933794994407443,1.148710111416693
0.779455625,40.0,0.09341413524223088,1.1632704397443854
0.78007375,40.0,0.09344827102970107,1.1788073617941526
0.7806918749999999,40.0,0.09348204165197463,1.1955149773977827
0.78131,40.0,0.09351498118692643,1.2133459586950488
0.781928125,40.0,0.0935472820887998,1.2320265212674526
0.78254625,40.0,0.09357896884446772,1.2512811406380626
0.7831643749999999,40.0,0.09360954832266606,1.2706832354222333
0.7837824999999999,40.0,0.09363913431335462,1.2896789710324503
0.784400625,40.0,0.093667897086236,1.3077797416526944
0.78501875,40.0,0.09369578176181811,1.3242425416344248
0.785636875,40.0,0.09372281839865036,1.3382723900360007
0.7862549999999999,40.0,0.09374884379047874,1.3492918698344578
0.786873125,40.0,0.09377387794270386,1.3564595043614764
0.78749125,40.0,0.09379805779111199,1.3592506705162697
0.788109375,40.0,0.09382111323781206,1.35727240325428
0.7887274999999999,40.0,0.09384290027497252,1.3502037605549533
0.7893456249999999,40.0,0.09386370657264745,1.3381567787309638
0.78996375,40.0,0.09388366343624455,1.3213934622871006
0.790581875,40.0,0.0939026285277018,1.3000400897069941
0.7911999999999999,40.0,0.0939208117322761,1.2747521870033434
0.7918181249999999,40.0,0.09393849298257263,1.246382853116692
0.79243625,40.0,0.0939555693640125,1.215579395531857
0.793054375,40.0,0.09397227614429816,1.1832514548814181
0.7936725,40.0,0.0939889073186187,1.1506412236071166
0.7942906249999999,40.0,0.09400512795931637,1.1188042308040407
0.7949087499999999,40.0,0.09402094824846326,1.088591347741839
0.795526875,40.0,0.09403687625097676,1.0609554492695286
0.796145,40.0,0.09405280054720654,1.0367366832507987
0.7967631249999999,40.0,0.09406865940244445,1.016486328595437
0.7973812499999999,40.0,0.09408482914779911,1.0004312680742389
0.797999375,40.0,0.09410128961968328,0.98904663489487
0.7986175,40.0,0.0941181657519406,0.9822395629584071
0.799235625,40.0,0.09413544180671943,0.9798565484483455
0.7998537499999999,40.0,0.09415281977821079,0.9818540656240127
0.8004718749999999,40.0,0.09417060560763005,0.9874902240531183
0.80109,40.0,0.09418874716183463,0.9962731310195304
0.801708125,40.0,0.09420692050365106,1.0077088084510026
0.8023262499999999,40.0,0.09422532526966866,1.020925291945791
0.8029443749999999,40.0,0.09424389648705984,1.0353409380711946
0.8035625,40.0,0.09426250173146616,1.050479229614981
0.804180625,40.0,0.09428135975291609,1.0658419910698476
0.80479875,40.0,0.09430046351302762,1.0811097407811785
0.8054168749999999,40.0,0.09431942365880579,1.0959786781640295
0.806035,40.0,0.09433813897851603,1.110345247269722
0.806653125,40.0,0.09435679455363286,1.124054167451555
0.80727125,40.0,0.09437504832433367,1.137301880321765
0.8078893749999999,40.0,0.0943925571314401,1.150184360306621
0.8085074999999999,40.0,0.09440956039441298,1.1628499809275858
0.809125625,40.0,0.09442605669680937,1.175711473041089
0.80974375,40.0,0.09444180431830641,1.1890547560447082
0.810361875,40.0,0.09445683338122737,1.2029483060887685
0.8109799999999999,40.0,0.09447101236015482,1.217497649517982
0.811598125,40.0,0.09448428066889726,1.2327397268122653
0.81221625,40.0,0.09449674467198078,1.248501556235582
0.812834375,40.0,0.0945080926920752,1.2646051089497128
0.8134524999999999,40.0,0.09451824561569681,1.2805484778774991
0.8140706249999999,40.0,0.09452734020297912,1.2960037404395701
0.81468875,40.0,0.09453516082292547,1.3105453806803113
0.815306875,40.0,0.09454193426893018,1.323422162685913
0.815925,40.0,0.09454787908416742,1.3339345534011415
0.8165431249999999,40.0,0.0945526128949377,1.3416114482702735
0.81716125,40.0,0.09455639100075208,1.3457603778685252
0.817779375,40.0,0.09455952317305126,1.345840519826032
0.8183975,40.0,0.09456154099089456,1.3416231687230185
0.8190156249999999,40.0,0.09456242479523104,1.3328721294136872
0.8196337499999999,40.0,0.09456247057231053,1.3196233668866852
0.820251875,40.0,0.09456164939459963,1.3021142616714425
0.82087,40.0,0.09455991163884482,1.280584860004181
0.8214881249999999,40.0,0.09455733502633047,1.255614135406698
0.8221062499999999,40.0,0.09455409173428644,1.2278321474052971
0.822724375,40.0,0.09455023665643626,1.1981582606928562
0.8233425,40.0,0.09454593737100957,1.1674449380513576
0.823960625,40.0,0.09454130553579655,1.1365630103844429
0.8245787499999999,40.0,0.09453622497464394,1.10685647805215
0.8251968749999999,40.0,0.09453086028715867,1.0789163118836795
0.825815,40.0,0.09452527897984342,1.0536552850298009
0.826433125,40.0,0.09451953443344772,1.0318846627582583
0.8270512499999999,40.0,0.09451387576944502,1.0139876406837796
0.8276693749999999,40.0,0.0945082232771061,1.000395063632479
0.8282875,40.0,0.0945028093330104,0.9914302902386274
0.828905625,40.0,0.0944980682478786,0.9870261249414204
0.82952375,40.0,0.09449363690952772,0.9869877427056205
0.8301418749999999,40.0,0.09448941466823793,0.9912004146408824
0.8307599999999999,40.0,0.09448587770720068,0.9990916587944398
0.831378125,40.0,0.09448275534779893,1.0099264342081828
0.83199625,40.0,0.09447977629594517,1.0232252511781994
0.8326143749999999,40.0,0.09447716576181611,1.0383842349014798
0.8332324999999999,40.0,0.09447469959406925,1.0545810466789325
0.833850625,40.0,0.09447228333918051,1.07133304624259
0.83446875,40.0,0.09447009771946834,1.0882262680127917
0.835086875,40.0,0.09446795535707395,1.1048295947260438
0.8357049999999999,40.0,0.0944657064478161,1.12077631239543
0.836323125,40.0,0.09446331118256994,1.1358996709862557
0.83694125,40.0,0.09446065286275983,1.1500990219616634
0.837559375,40.0,0.09445760960694974,1.1634994824323304
0.8381774999999999,40.0,0.09445398283095625,1.1761598358166636
0.8387956249999999,40.0,0.09444969634952086,1.1882754942818359
0.83941375,40.0,0.09444488680912996,1.2002129411841203
0.840031875,40.0,0.09443959805414653,1.2121639669353288
0.84065,40.0,0.0944336272015472,1.2242681717414858
0.8412681249999999,40.0,0.09442686969972924,1.2366419983477037
0.84188625,40.0,0.09441964728716463,1.2493602335147778
0.842504375,40.0,0.0944118893764925,1.2622407020980388
0.8431225,40.0,0.09440318593170668,1.2752835768130153
0.8437406249999999,40.0,0.09439381500141203,1.288083445356047
0.8443587499999999,40.0,0.09438369388603429,1.3002944674499506
0.844976875,40.0,0.09437247900206008,1.3115442238404555
0.845595,40.0,0.09436057047029996,1.3211857941214855
0.846213125,40.0,0.09434788198288216,1.3287285420521318
0.8468312499999999,40.0,0.09433418022325209,1.3334803376686493
0.847449375,40.0,0.094319828481971,1.3350552510490294
0.8480675,40.0,0.09430481499677786,1.333031788134662
0.848685625,40.0,0.09428894323052227,1.3270440933334162
0.8493037499999999,40.0,0.09427225535211224,1.317050452614348
0.8499218749999999,40.0,0.09425475141141453,1.3029658852322856
0.85054,40.0,0.09423656986714259,1.2850333639638063
0.851158125,40.0,0.09421783063064124,1.2636393817424216
0.8517762499999999,40.0,0.09419836321668452,1.2390672637072737
0.8523943749999999,40.0,0.09417835121799026,1.2120989851555575
0.8530125,40.0,0.09415819929799435,1.1836593174091383
0.853630625,40.0,0.094137855937348,1.154494223032144
0.85424875,40.0,0.0941173403325847,1.1254311534219898
0.8548668749999999,40.0,0.09409693697541066,1.0976339271096525
0.8554849999999999,40.0,0.09407666729539735,1.0719445986037373
0.856103125,40.0,0.09405641338824933,1.0488794209354384
0.85672125,40.0,0.09403638324761317,1.0293066661571788
0.8573393749999999,40.0,0.09401670275177176,1.0137749954061732
0.8579574999999999,40.0,0.09399714559890746,1.0024717420807803
0.858575625,40.0,0.09397803799438162,0.9957321606267276
0.85919375,40.0,0.09395968809118047,0.9935961780545415
0.859811875,40.0,0.09394167437704236,0.9957680854436534
0.8604299999999999,40.0,0.093924091317435,1.0019981941603422
0.8610481249999999,40.0,0.09390718448241622,1.0118033640014683
0.86166625,40.0,0.09389068687660101,1.024527552093578
0.862284375,40.0,0.09387464008920898,1.0395258248540449
0.8629024999999999,40.0,0.09385891751171477,1.0562229982353675
0.8635206249999999,40.0,0.09384334785901466,1.0739251343554215
0.86413875,40.0,0.09382821166472476,1.0920447587667133
0.864756875,40.0,0.09381329296868127,1.110071735186079
0.865375,40.0,0.09379845050798685,1.1275730507614976
0.8659931249999999,40.0,0.09378395319679697,1.1442183389090304
0.8666112499999999,40.0,0.09376957474319315,1.1597828657000007
0.867229375,40.0,0.09375514627785098,1.1741122445569088
0.8678475,40.0,0.09374076081442663,1.1873107191659835
0.8684656249999999,40.0,0.09372618486173304,1.1995293324736087
0.8690837499999999,40.0,0.0937111728694508,1.210891801767711
0.869701875,40.0,0.09369591815087919,1.2216646067928654
0.87032,40.0,0.09368048845045117,1.2320278370890876
0.870938125,40.0,0.09366450561104811,1.2422942808600985
0.8715562499999999,40.0,0.0936479947374757,1.2524120794637061
0.872174375,40.0,0.09363123334403708,1.2625095181603332
0.8727925,40.0,0.09361404081033216,1.2726190132355812
0.873410625,40.0,0.093596270337322,1.2825924125623218
0.8740287499999999,40.0,0.09357803736149539,1.29226963512933
0.8746468749999999,40.0,0.09355924178763098,1.3012143998728127
0.875265,40.0,0.09353984510138838,1.3091322240857697
0.875883125,40.0,0.09351997675438292,1.31559159139342
0.87650125,40.0,0.09349947224105215,1.3199378949171992
0.8771193749999999,40.0,0.09347851375466408,1.3217612087985087
0.8777375,40.0,0.09345732570367356,1.3206897799746313
0.878355625,40.0,0.09343569368877203,1.3163752400453892
0.87897375,40.0,0.0934138710357636,1.3085014205482557
0.8795918749999999,40.0,0.0933918269809516,1.2970326143113735
0.8802099999999999,40.0,0.09336927210215602,1.2820474345209523
0.880828125,40.0,0.09334665502227234,1.263544972271063
0.88144625,40.0,0.0933239775545955,1.242053076270015
0.8820643749999999,40.0,0.09330086782536155,1.2180273706989944
0.8826824999999999,40.0,0.09327765618898604,1.1919395829089183
0.883300625,40.0,0.09325460159029529,1.1647668678874954
0.88391875,40.0,0.0932315858168302,1.1373879121167856
0.884536875,40.0,0.09320867981201282,1.1104401653026394
0.8851549999999999,40.0,0.09318609590412749,1.0849354389630363
0.8857731249999999,40.0,0.09316388379658441,1.0617485261948576
0.88639125,40.0,0.0931420000950374,1.0414154545740268
0.887009375,40.0,0.09312054909937952,1.0246343732138117
0.8876274999999999,40.0,0.09309954184963294,1.0118924707463284
0.8882456249999999,40.0,0.09307898298787681,1.003456304187673
0.88886375,40.0,0.09305912841329612,0.9995214486102526
0.889481875,40.0,0.09304000699051536,1.0000857419158309
0.8901,40.0,0.09302160171834113,1.0048482508921364
0.8907181249999999,40.0,0.09300401265936241,1.0134211018558161
0.8913362499999999,40.0,0.09298710594502659,1.0254277030619252
0.891954375,40.0,0.09297101503146617,1.040145238768367
0.8925725,40.0,0.09295576830396136,1.0568981412587144
0.8931906249999999,40.0,0.09294088971225084,1.075087814679022
0.8938087499999999,40.0,0.09292647752259328,1.0941319239036893
0.894426875,40.0,0.0929127561355815,1.1133189403013108
0.895045,40.0,0.09289923028330649,1.1320370250253635
0.895663125,40.0,0.0928858750401628,1.1500621377293923
0.8962812499999999,40.0,0.0928729738834374,1.1668438211609222
0.8968993749999999,40.0,0.09286018691325844,1.1822442925056218
0.8975175,40.0,0.09284748249911925,1.196182484051623
0.898135625,40.0,0.0928349207132948,1.2086237150475605
0.8987537499999999,40.0,0.09282217457459832,1.2198368942580249
0.8993718749999999,40.0,0.09280925455366025,1.2298562452602562
0.89999,40.0,0.09279620740144275,1.238974586249618
0.900608125,40.0,0.09278297080978395,1.247433164381536
0.90122625,40.0,0.09276951905207995,1.2553545501647674
0.9018443749999999,40.0,0.09275579263481788,1.2629541776745714
0.9024625,40.0,0.09274191357485957,1.2703025352156387
0.903080625,40.0,0.09272795922233402,1.2774351706378138
0.90369875,40.0,0.09271387744794757,1.2842721322047108
0.9043168749999999,40.0,0.09269955229987117,1.2906765962432745
0.9049349999999999,40.0,0.09268503212997312,1.2964068675204772
0.905553125,40.0,0.09267049465054251,1.3009854823229474
0.90617125,40.0,0.09265565004759183,1.3041070512740351
0.9067893749999999,40.0,0.09264041004286487,1.305407445729166
0.9074074999999999,40.0,0.09262517887636379,1.304319124506633
0.908025625,40.0,0.0926098004580597,1.3005594692144204
0.90864375,40.0,0.0925941984923162,1.293976882276501
0.909261875,40.0,0.09257874071618319,1.2842254025516457
0.9098799999999999,40.0,0.09256317567159883,1.2713113853821065
0.9104981249999999,40.0,0.09254743239404327,1.2553469241959951
0.91111625,40.0,0.0925318924055123,1.236364640700413
0.911734375,40.0,0.09251639690213603,1.214933736918801
0.9123524999999999,40.0,0.09250086153875582,1.191503824837246
0.9129706249999999,40.0,0.09248552488603107,1.1665706095688049
0.91358875,40.0,0.09247044288966283,1.1410104307661406
0.914206875,40.0,0.09245575322814151,1.1157353325087258
0.914825,40.0,0.09244154508728819,1.0913352607509381
0.9154431249999999,40.0,0.09242777173805372,1.0686518790530597
0.9160612499999999,40.0,0.09241471536366194,1.048569067827291
0.916679375,40.0,0.09240247765774352,1.0315996270476915
0.9172975,40.0,0.09239078560892938,1.0182866466801233
0.9179156249999999,40.0,0.09237974582565256,1.0090269198114534
0.9185337499999999,40.0,0.092369526241517,1.0041826074566662
0.919151875,40.0,0.0923600170699143,1.003678338256966
0.91977,40.0,0.09235122605725163,1.00742294975888
0.920388125,40.0,0.0923432951517999,1.0152852895805229
0.9210062499999999,40.0,0.09233614626190716,1.0266131288284208
0.9216243749999999,40.0,0.09232958467894917,1.040929748016451
0.9222425,40.0,0.09232387908452767,1.057768916195816
0.922860625,40.0,0.09231893793728559,1.076218413809718
0.9234787499999999,40.0,0.09231429247035508,1.0957422047139256
0.9240968749999999,40.0,0.09231021967192808,1.1156722403586623
0.924715,40.0,0.09230668182574531,1.1353888308025777
0.925333125,40.0,0.09230332076509261,1.1543652137685547
0.92595125,40.0,0.0923002726096138,1.1720621436732612
0.9265693749999999,40.0,0.09229744382060982,1.1882825257346217
0.9271874999999999,40.0,0.09229482541799057,1.202800039629764
0.927805625,40.0,0.09229253532108209,1.2155464046865696
0.92842375,40.0,0.0922902490655789,1.2265418456189887
0.9290418749999999,40.0,0.09228792368024437,1.2359717406748418
0.9296599999999999,40.0,0.092285708689016,1.2440849588335952
0.930278125,40.0,0.0922833166528392,1.2510225969846633
0.93089625,40.0,0.09228071935986917,1.257007259084135
0.931514375,40.0,0.092278084117561,1.2623632110289469
0.9321324999999999,40.0,0.09227516460558667,1.2672021942443044
0.9327506249999999,40.0,0.09227197573552016,1.271640438243868
0.93336875,40.0,0.09226879583380887,1.2757773590006176
0.933986875,40.0,0.09226546649351805,1.27955359314582
0.9346049999999999,40.0,0.09226183108721886,1.282820100040558
0.9352231249999999,40.0,0.09225813656155615,1.285439111556016
0.93584125,40.0,0.09225445040869332,1.2869383977043334
0.936459375,40.0,0.09225050319479647,1.2870750541969613
0.9370774999999999,40.0,0.09224634337900318,1.2855761619923205
0.9376956249999999,40.0,0.09224220019172387,1.2819054586272807
0.93831375,40.0,0.09223801133630505,1.2758979379317057
0.938931875,40.0,0.09223387037873725,1.2674008914450263
0.93955,40.0,0.09222990942760739,1.2561495347464877
0.9401681249999999,40.0,0.09222599403709869,1.2421586189818472
0.9407862499999999,40.0,0.09222232957575503,1.2256636578848654
0.941404375,40.0,0.09221895494368818,1.2066773531002835
0.9420225,40.0,0.09221567680154802,1.1857398134553694
0.9426406249999999,40.0,0.09221278851935197,1.1633467744627466
0.9432587499999999,40.0,0.09221016173637048,1.1401314778046663
0.943876875,40.0,0.09220771616869948,1.1167343731684773
0.944495,40.0,0.09220590509889534,1.0939234758746514
0.945113125,40.0,0.09220450291963765,1.0726289132205886
0.9457312499999999,40.0,0.09220341930440493,1.0533012097145458
0.9463493749999999,40.0,0.09220312918797512,1.0366834272211016
0.9469675,40.0,0.0922035748909051,1.023510698859847
0.947585625,40.0,0.09220451864777648,1.014032138199219
0.9482037499999999,40.0,0.09220610301650964,1.008615010922264
0.9488218749999999,40.0,0.0922084353557351,1.0074887764537512
0.94944,40.0,0.0922114018190543,1.0105314133162389
0.950058125,40.0,0.09221503615568466,1.0176226451169728
0.95067625,40.0,0.09221941828650805,1.0283822949736734
0.9512943749999999,40.0,0.09222445627340606,1.0423261506887935
0.9519124999999999,40.0,0.09223016291904616,1.058812808411338
0.952530625,40.0,0.09223658763516503,1.0773376889876478
0.95314875,40.0,0.09224358055378759,1.0971271766854862
0.9537668749999999,40.0,0.09225103586325577,1.1174416792153357
0.9543849999999999,40.0,0.09225893354058484,1.1377534585702471
0.955003125,40.0,0.09226709839284122,1.1574107001385778
0.95562125,40.0,0.09227550441335555,1.1758769820133994
0.956239375,40.0,0.09228403663057487,1.19270832322943
0.9568574999999999,40.0,0.09229239712942305,1.2077252763415824
0.9574756249999999,40.0,0.09230088146639988,1.2206776170785318
0.95809375,40.0,0.09230950009081715,1.231636848282005
0.958711875,40.0,0.09231774824876905,1.2406307330359425
0.9593299999999999,40.0,0.09232587241020569,1.2478318156006838
0.9599481249999999,40.0,0.09233396198039957,1.253522104104455
0.96056625,40.0,0.09234160981480227,1.2579052932681944
0.961184375,40.0,0.09234900069610956,1.2612468540149255
0.9618025,40.0,0.09235618401680587,1.2638376371125557
0.9624206249999999,40.0,0.09236294133136896,1.265856732028373
0.9630387499999999,40.0,0.09236948403330661,1.2674352949830678
0.963656875,40.0,0.09237586252217427,1.2688027611360264
0.964275,40.0,0.0923820069147594,1.2697339737535074
0.9648931249999999,40.0,0.09238799284265625,1.270212507411365
0.9655112499999999,40.0,0.0923938570102879,1.2701749780727645
0.966129375,40.0,0.0923996748449403,1.2691599338928614
0.9667475,40.0,0.09240538278665313,1.2669401460332792
0.9673656249999999,40.0,0.09241090425695103,1.2632590372931265
0.9679837499999999,40.0,0.09241626356290328,1.2578111328221646
0.968601875,40.0,0.09242160412744664,1.250345500761147
0.96922,40.0,0.09242701456202422,1.2406119553696517
0.969838125,40.0,0.09243228265803692,1.228692145263176
0.9704562499999999,40.0,0.0924375921672984,1.214430229026028
0.9710743749999999,40.0,0.09244319224626461,1.1980141039026841
0.9716925,40.0,0.09244878966237849,1.1797587936954168
0.972310625,40.0,0.09245449098171138,1.1599274341741284
0.9729287499999999,40.0,0.09246056246830969,1.1391568981601692
0.9735468749999999,40.0,0.09246673691093338,1.118026577575001
0.974165,40.0,0.09247312949898148,1.097144536426461
0.974783125,40.0,0.09248005676255433,1.077199677291128
0.97540125,40.0,0.09248725644960791,1.059020546810018
0.9760193749999999,40.0,0.0924948298090429,1.0431154420152187
0.9766374999999999,40.0,0.09250309991902379,1.0300398009510112
0.977255625,40.0,0.09251193032701795,1.0204549102794391
0.97787375,40.0,0.0925213672045406,1.0146514043047248
0.9784918749999999,40.0,0.09253138424624384,1.0127406134222585
0.9791099999999999,40.0,0.09254188212197628,1.0149924221121196
0.979728125,40.0,0.09255304910607355,1.0212068451037903
0.98034625,40.0,0.09256472148420496,1.0310568439684047
0.980964375,40.0,0.09257673270985058,1.0442492263472614
0.9815824999999999,40.0,0.0925892711240072,1.0602553371493846
0.9822006249999999,40.0,0.09260227716995019,1.0783577499405153
0.98281875,40.0,0.09261556714981009,1.097962071533854
0.983436875,40.0,0.09262914102367181,1.1184720082262332
0.9840549999999999,40.0,0.09264301600712624,1.1390656129101684
0.9846731249999999,40.0,0.0926569859847811,1.159148167479476
0.98529125,40.0,0.09267093250243551,1.1781569074479434
0.985909375,40.0,0.09268499952448665,1.1956370063246038
0.9865275,40.0,0.09269887926757503,1.2111533821007048
0.9871456249999999,40.0,0.09271237198679548,1.2244989674775981
0.9877637499999999,40.0,0.09272586502694571,1.2355453530545228
0.988381875,40.0,0.09273915414252885,1.2444463226691835
0.989,40.0,0.09275201250507378,1.251174645051334
0.9896181249999999,40.0,0.09276467609492686,1.2559444742986299
0.9902362499999999,40.0,0.09277698829408468,1.259153115346437
0.990854375,40.0,0.09278891642269348,1.2609648563187645
0.9914725,40.0,0.09280049801608196,1.2617121379863705
0.992090625,40.0,0.09281152154919399,1.2616775535336728
0.9927087499999999,40.0,0.09282212815955368,1.2611332950420542
0.9933268749999999,40.0,0.09283242039376574,1.2602428655847204
0.993945,40.0,0.092842175885453,1.2590883161410786
0.994563125,40.0,0.0928515499009028,1.257735563118191
0.9951812499999999,40.0,0.09286070379188337,1.256023997260124
0.9957993749999999,40.0,0.09286943114894451,1.2538376729346576
0.9964175,40.0,0.09287793743632944,1.2510220304000055
0.997035625,40.0,0.09288634500662961,1.2471568771696457
0.9976537499999999,40.0,0.09289437045219608,1.242122088527685
0.9982718749999999,40.0,0.09290212974765608,1.2356133667369276
0.99889,40.0,0.09290985741098604,1.2274076417166577
0.999508125,40.0,0.09291749653339933,1.2173661998869796
1.0001262499999999,40.0,0.09292494274058671,1.205394876212763
1.000744375,40.0,0.09293241790385219,1.1915702670783117
1.0013625,40.0,0.09294008439842752,1.175916911370353
1.0019806249999998,40.0,0.09294774709248488,1.158884145741005
1.00259875,40.0,0.0929555504305466,1.140712496552403
1.003216875,40.0,0.09296355812015346,1.1218451956415474
1.003835,40.0,0.09297165024832386,1.1030551433880662
1.004453125,40.0,0.09298004820937454,1.0848350860444578
1.0050712499999999,40.0,0.09298863929227622,1.0677046217417012
1.005689375,40.0,0.0929973682474359,1.0524823306541091
1.0063075,40.0,0.09300651131503065,1.039755371270702
1.006925625,40.0,0.09301590512325163,1.0298597764503925
1.00754375,40.0,0.09302564273641936,1.0233612720314387
1.0081618749999999,40.0,0.0930359651213539,1.02061202616712
1.00878,40.0,0.09304650765910492,1.0216443220489426
1.009398125,40.0,0.0930573397021647,1.0265168086085492
1.0100162499999998,40.0,0.09306874829002026,1.0351003196234747
1.010634375,40.0,0.09308038416733358,1.0470318787342803
1.0112524999999999,40.0,0.09309215659639647,1.0619070420596586
1.011870625,40.0,0.09310431401463304,1.0791972333575488
1.01248875,40.0,0.0931167341886432,1.098236237835346
1.0131068749999999,40.0,0.09312925181197503,1.1183955600692317
1.013725,40.0,0.09314192055176634,1.1389954542620666
1.014343125,40.0,0.09315468426975157,1.1593442749174059
1.01496125,40.0,0.09316740216902884,1.1788424191775893
1.015579375,40.0,0.09318004557818259,1.1968810217605983
1.0161974999999999,40.0,0.0931925242763093,1.2131022812165948
1.016815625,40.0,0.09320465018579975,1.2271028551353163
1.01743375,40.0,0.09321637430723591,1.2387062728615084
1.018051875,40.0,0.09322771213168875,1.2478856034667534
1.01867,40.0,0.09323857309961806,1.2546180039247448
1.0192881249999999,40.0,0.09324897652056972,1.2591959919419848
1.01990625,40.0,0.09325886437073541,1.2617016889548622
1.020524375,40.0,0.0932681202853277,1.2625087008885594
1.0211424999999998,40.0,0.0932770175341578,1.2619793993470085
1.021760625,40.0,0.09328536330508222,1.2603340815257316
1.02237875,40.0,0.0932928999475601,1.258020084774892
1.022996875,40.0,0.09330010725068,1.2552104015253347
1.023615,40.0,0.09330685731367144,1.2521358727087237
1.0242331249999999,40.0,0.09331291990713328,1.2489832684054893
1.02485125,40.0,0.09331868197270948,1.245711021536416
1.025469375,40.0,0.09332408276441656,1.2422937975178325
1.0260875,40.0,0.09332905648565953,1.2385552909337758
1.026705625,40.0,0.09333387202000551,1.2344273404759822
1.0273237499999999,40.0,0.09333846741704367,1.2296059481846076
1.027941875,40.0,0.09334275517886259,1.2237731699549714
1.02856,40.0,0.09334684291881794,1.2168296132588334
1.029178125,40.0,0.09335076102484459,1.2085805191368393
1.02979625,40.0,0.09335451464112152,1.1987189926970634
1.0304143749999999,40.0,0.09335811444456513,1.187292820050226
1.0310325,40.0,0.09336158942059523,1.1743968098246251
1.031650625,40.0,0.09336504420007047,1.1599694749054434
1.0322687499999998,40.0,0.09336857244450197,1.1444413251566672
1.032886875,40.0,0.0933721140256785,1.1281355488849667
1.033505,40.0,0.09337560616342908,1.1114107422050037
1.034123125,40.0,0.09337930284221603,1.0948808173912195
1.03474125,40.0,0.09338323419461061,1.0791656735418145
1.0353593749999999,40.0,0.09338713824992659,1.0646775846848704
1.0359775,40.0,0.09339126704447982,1.0521134737047824
1.036595625,40.0,0.09339574014796977,1.0420494392732105
1.03721375,40.0,0.09340030314741285,1.034825412185031
1.037831875,40.0,0.09340523062588496,1.0309166793727578
1.0384499999999999,40.0,0.09341063888645582,1.0305361852818427
1.039068125,40.0,0.09341618052333382,1.0338021145737077
1.03968625,40.0,0.09342205881697983,1.0406649994801687
1.0403043749999998,40.0,0.09342835987365704,1.0509082762041901
1.0409225,40.0,0.09343474167280603,1.0642819395841483
1.0415406249999999,40.0,0.09344130135686457,1.0801849831322108
1.04215875,40.0,0.09344799485152441,1.0981850513640592
1.042776875,40.0,0.09345471531238811,1.1177044927800048
1.0433949999999999,40.0,0.09346155720487012,1.1378731896694485
1.044013125,40.0,0.09346825451988619,1.1582094070095925
1.04463125,40.0,0.09347478890071885,1.178005108930892
1.045249375,40.0,0.09348129102696336,1.1966068486735686
1.0458675,40.0,0.09348754116232484,1.2135345959726047
1.0464856249999999,40.0,0.0934934133688028,1.22832222579111
1.04710375,40.0,0.0934989324413763,1.2407855989834673
1.047721875,40.0,0.09350405674249017,1.2506630493322723
1.04834,40.0,0.09350860042625261,1.257903296408758
1.048958125,40.0,0.09351264154914998,1.2627020604761308
1.0495762499999999,40.0,0.09351629571661593,1.2651703098450031
1.050194375,40.0,0.09351928493879087,1.2655747329397584
1.0508125,40.0,0.09352172921125386,1.2642238164494344
1.0514306249999998,40.0,0.09352386155351425,1.2615400377313573
1.05204875,40.0,0.09352535374729563,1.2578544594474275
1.052666875,40.0,0.09352620950371136,1.25346753405284
1.053285,40.0,0.09352670453987212,1.2487333315996847
1.053903125,40.0,0.0935266635372458,1.2438940572120927
1.0545212499999999,40.0,0.09352610376809965,1.239029908734911
1.055139375,40.0,0.0935251537629109,1.2342103756683382
1.0557575,40.0,0.09352371034171897,1.2295217288207414
1.056375625,40.0,0.09352199471111017,1.2246606681226022
1.05699375,40.0,0.09352006944269306,1.2196003227903363
1.0576118749999999,40.0,0.09351777009431744,1.2141898335343424
1.05823,40.0,0.09351535433918565,1.2080435384976613
1.058848125,40.0,0.0935128231930844,1.2010143194013527
1.05946625,40.0,0.09351000339211205,1.19300392854318
1.060084375,40.0,0.0935071766985462,1.1836865311638087
1.0607024999999999,40.0,0.09350431685245071,1.1731039250814717
1.061320625,40.0,0.09350127620066383,1.1613144283149113
1.06193875,40.0,0.09349834149505004,1.1482853653725056
1.0625568749999998,40.0,0.09349558798246878,1.1344322757771301
1.063175,40.0,0.09349285906391086,1.1200181707700287
1.063793125,40.0,0.09349018600296073,1.1053856401501552
1.06441125,40.0,0.093487795379665,1.0911020176355917
1.065029375,40.0,0.09348564623514406,1.0776859078699923
1.0656474999999999,40.0,0.09348354356924256,1.0656745735101327
1.066265625,40.0,0.09348170086467363,1.0555027890379105
1.06688375,40.0,0.09348008050783746,1.047745701549099
1.067501875,40.0,0.09347859654928713,1.0429364693176906
1.06812,40.0,0.09347746289887184,1.041123758113557
1.0687381249999999,40.0,0.0934765214146283,1.0427174463990088
1.06935625,40.0,0.0934758132405316,1.0477929373409167
1.069974375,40.0,0.09347547148728538,1.0561265217548168
1.0705924999999998,40.0,0.09347525372732475,1.067634214619551
1.071210625,40.0,0.09347524421099065,1.0818835839943433
1.0718287499999999,40.0,0.09347546025208982,1.0984798823258846
1.072446875,40.0,0.09347560714258042,1.1167811298753734
1.073065,40.0,0.09347586122934202,1.1362605689990102
1.0736831249999998,40.0,0.09347629437321775,1.1562128070685402
1.07430125,40.0,0.09347648587632842,1.175946644007243
1.074919375,40.0,0.09347654630696572,1.1948732486058298
1.0755375,40.0,0.09347665801432543,1.212379461050526
1.076155625,40.0,0.09347647918652886,1.2280003344670154
1.0767737499999999,40.0,0.09347597378157688,1.2412986542094693
1.077391875,40.0,0.09347520072340143,1.2520705957335216
1.07801,40.0,0.09347399729623627,1.2601682708040851
1.078628125,40.0,0.09347230524579567,1.2655806117287163
1.07924625,40.0,0.09347012273316008,1.2684038613990598
1.0798643749999999,40.0,0.09346743791487482,1.268850456895167
1.0804825,40.0,0.09346419557964535,1.2672811601116583
1.081100625,40.0,0.09346046512146922,1.2639618405564514
1.0817187499999998,40.0,0.09345629791256123,1.2592714457354308
1.082336875,40.0,0.09345160604619092,1.253733058634757
1.082955,40.0,0.09344647429928006,1.2475648908892158
1.083573125,40.0,0.09344090000378244,1.241138512067286
1.08419125,40.0,0.09343490599179075,1.2347638652987447
1.0848093749999999,40.0,0.09342869365065688,1.228488802473145
1.0854275,40.0,0.09342205082686487,1.2224474496303661
1.086045625,40.0,0.09341503607727208,1.2167364164547014
1.08666375,40.0,0.09340807093783707,1.2110409426799762
1.087281875,40.0,0.0934008743953559,1.2054049991747802
1.0878999999999999,40.0,0.09339345910066087,1.1996590363321014
1.088518125,40.0,0.09338620570993861,1.193422615245566
1.08913625,40.0,0.09337886809598561,1.186620142249935
1.089754375,40.0,0.09337145489625041,1.1790023788528003
1.0903725,40.0,0.09336417653284707,1.1704822110762954
1.0909906249999999,40.0,0.09335687289107636,1.160867383380551
1.09160875,40.0,0.09334956993211027,1.1502763675269305
1.092226875,40.0,0.09334243543528378,1.1388378212131212
1.0928449999999998,40.0,0.09333544022321776,1.1266400320447472
1.093463125,40.0,0.09332857416225902,1.1140998618146014
1.09408125,40.0,0.09332189514984149,1.101590130743882
1.094699375,40.0,0.0933154274361161,1.0894456199679474
1.0953175,40.0,0.09330925572106297,1.0782576079866453
1.0959356249999999,40.0,0.09330336981202961,1.068507462191063
1.09655375,40.0,0.09329766869968423,1.0606373786906917
1.097171875,40.0,0.09329223426021405,1.055074505399095
1.09779,40.0,0.09328719019512852,1.0522941270014987
1.098408125,40.0,0.09328242666880716,1.0525050614077882
1.0990262499999999,40.0,0.09327785222936473,1.0558227547571137
1.099644375,40.0,0.09327371794370944,1.0623944356902302
1.1002625,40.0,0.09326995438667954,1.0719982414953417
1.1008806249999998,40.0,0.09326629831736197,1.084461465080738
1.10149875,40.0,0.09326301597380368,1.0993916937564707
1.1021168749999999,40.0,0.09325995221104694,1.116333884050858
1.102735,40.0,0.09325680595247128,1.1346742918282535
1.103353125,40.0,0.09325389127438646,1.1538926160549974
1.1039712499999998,40.0,0.09325103312900322,1.1732762828697065
1.104589375,40.0,0.09324794942020109,1.1921487576545438
1.1052075,40.0,0.09324485023847773,1.2099336059641195
1.105825625,40.0,0.09324161253910546,1.2261127480701886
1.10644375,40.0,0.093238151245398,1.2401507715365354
1.1070618749999999,40.0,0.09323451595828385,1.2517331056255938
1.10768,40.0,0.09323049067173082,1.2606685190045301
1.108298125,40.0,0.09322615449312018,1.2667995251885817
1.10891625,40.0,0.0932215445618378,1.270250839529792
1.109534375,40.0,0.0932164291625049,1.2710220818711455
1.1101524999999999,40.0,0.09321087488111666,1.2694575471390366
1.110770625,40.0,0.09320500559464033,1.2659262868451324
1.11138875,40.0,0.093198756910415,1.2606683376893497
1.1120068749999998,40.0,0.09319208660970785,1.2541828414611589
1.112625,40.0,0.09318515816915945,1.2469452208224125
1.113243125,40.0,0.09317796363639576,1.2391976795003459
1.11386125,40.0,0.09317035136960264,1.2313630492675252
1.114479375,40.0,0.09316258686493475,1.223707406266746
1.1150974999999999,40.0,0.09315471111122242,1.2163792098218715
1.115715625,40.0,0.09314646711832392,1.2094337034228033
1.11633375,40.0,0.09313809312257601,1.202941446946759
1.116951875,40.0,0.09312977270061243,1.196867723815466
1.11757,40.0,0.09312129982136605,1.1908991996794573
1.1181881249999999,40.0,0.09311282194035346,1.1850615987885988
1.11880625,40.0,0.09310449752822096,1.179053593042767
1.119424375,40.0,0.09309618783590201,1.1726427800875259
1.1200425,40.0,0.09308808908278449,1.1656599074884237
1.120660625,40.0,0.09308014558203923,1.1579770369119249
1.1212787499999999,40.0,0.09307222969220508,1.149523530669491
1.121896875,40.0,0.09306466016408453,1.1402384373808832
1.122515,40.0,0.09305728507164233,1.1303153827891008
1.1231331249999998,40.0,0.09305006137807717,1.1198891259893127
1.12375125,40.0,0.09304327294779874,1.109219124883145
1.124369375,40.0,0.09303672256620567,1.0987385139695898
1.1249875,40.0,0.09303041582874962,1.0887501437950213
1.125605625,40.0,0.09302458638344346,1.0797120534064548
1.1262237499999999,40.0,0.09301911512377863,1.0721933733571045
1.126841875,40.0,0.09301386738877364,1.0665146626030702
1.12746,40.0,0.093008963379656,1.0630651936314712
1.128078125,40.0,0.09300450489399742,1.0622625101500525
1.12869625,40.0,0.09300027978384928,1.0643329136945734
1.1293143749999999,40.0,0.09299627307747285,1.0692531346284888
1.1299325,40.0,0.09299269847049897,1.0771585149931813
1.130550625,40.0,0.09298939308022527,1.087884790457929
1.1311687499999998,40.0,0.09298631500361801,1.1010887926106345
1.131786875,40.0,0.09298356615291865,1.1164554299801008
1.1324049999999999,40.0,0.09298093169353934,1.133509961506101
1.133023125,40.0,0.0929784496268925,1.1516451242852963
1.13364125,40.0,0.09297615233994906,1.170272641993821
1.1342593749999998,40.0,0.09297379890773548,1.1887798597300958
1.1348775,40.0,0.09297148700596547,1.2064887629967067
1.135495625,40.0,0.09296915938960805,1.2228727968767645
1.13611375,40.0,0.0929666013314125,1.2373394822865666
1.136731875,40.0,0.09296403084772209,1.249566612286468
1.1373499999999999,40.0,0.09296134507454219,1.259213441143757
1.137968125,40.0,0.09295822928472816,1.2660448407530778
1.13858625,40.0,0.09295496971700977,1.2700846568526927
1.139204375,40.0,0.0929515379927502,1.271387339693546
1.1398225,40.0,0.09294758086791083,1.2701250487414992
1.1404406249999999,40.0,0.09294330723701585,1.2665188393218367
1.14105875,40.0,0.09293877437951141,1.261005984196749
1.141676875,40.0,0.09293385855422807,1.2540487438717824
1.1422949999999998,40.0,0.09292865830381322,1.2458748731560927
1.142913125,40.0,0.09292321432204592,1.237132787507269
1.1435312499999999,40.0,0.09291755417290805,1.2281206652791021
1.144149375,40.0,0.09291167759944313,1.2191423177518648
1.1447675,40.0,0.09290570670003273,1.2105664146704842
1.1453856249999999,40.0,0.0928996715361222,1.2024586995031032
1.14600375,40.0,0.0928935048080863,1.1950180190790107
1.146621875,40.0,0.09288738230614713,1.1881521556334333
1.14724,40.0,0.09288127975878098,1.181910074242139
1.147858125,40.0,0.09287525923114591,1.1760476642105409
1.1484762499999999,40.0,0.09286945550223377,1.1704199802688702
1.149094375,40.0,0.09286369782368982,1.1648689957643703
1.1497125,40.0,0.09285820702238462,1.1591283407000668
1.150330625,40.0,0.0928531252548302,1.1529732125917347
1.15094875,40.0,0.09284810152990738,1.146350024268247
1.1515668749999999,40.0,0.09284331385211547,1.139154926291939
1.152185,40.0,0.09283897047099465,1.1312839483716848
1.152803125,40.0,0.0928347563241063,1.12297455239298
1.1534212499999998,40.0,0.09283080475828435,1.1143439502361814
1.154039375,40.0,0.09282728118251488,1.1055452492565818
1.1546575,40.0,0.09282395879027033,1.0970432975383608
1.155275625,40.0,0.09282096246228967,1.0891889430366462
1.15589375,40.0,0.09281840535059938,1.0822488563328447
1.1565118749999999,40.0,0.09281614842436539,1.076806616346386
1.15713,40.0,0.09281423036700023,1.0732297704795992
1.157748125,40.0,0.09281267905585554,1.0717694270888376
1.15836625,40.0,0.09281146385260858,1.0727975420735218
1.158984375,40.0,0.09281059867693421,1.076482193948468
1.1596024999999999,40.0,0.0928100096246402,1.0828639892122713
1.160220625,40.0,0.0928096828708808,1.0919242335504045
1.16083875,40.0,0.09280970739728271,1.1034498768385828
1.1614568749999998,40.0,0.09281004466514375,1.117211139470859
1.162075,40.0,0.09281054069048586,1.1327693649225266
1.1626931249999999,40.0,0.09281118179751807,1.1496280355525557
1.16331125,40.0,0.09281207865403666,1.1672816898164182
1.163929375,40.0,0.09281300998571868,1.1850305293838699
1.1645474999999998,40.0,0.09281383607837546,1.2023909018932735
1.165165625,40.0,0.09281479040988369,1.2186557738091255
1.16578375,40.0,0.09281558234321502,1.233295804988963
1.166401875,40.0,0.09281610140015133,1.24593180287159
1.16702,40.0,0.09281665991331914,1.2560610491389617
1.1676381249999999,40.0,0.09281692755254616,1.2635577602812131
1.16825625,40.0,0.09281685331125035,1.2682192149816023
1.168874375,40.0,0.09281668313020808,1.270021495994386
1.1694925,40.0,0.09281620114658211,1.2691837085552928
1.170110625,40.0,0.09281539967107384,1.265831973885384
1.1707287499999999,40.0,0.09281433280657149,1.2602997871565582
1.171346875,40.0,0.09281292299540334,1.2530139431901195
1.171965,40.0,0.09281131578823172,1.244408255170018
1.1725831249999998,40.0,0.0928095241728176,1.2348870904124214
1.17320125,40.0,0.092807441900214,1.224924828058272
1.1738193749999999,40.0,0.09280525013426509,1.214935583633589
1.1744375,40.0,0.09280303874783034,1.2052190523483641
1.175055625,40.0,0.09280068676896003,1.1960450194873158
1.1756737499999999,40.0,0.09279829889740301,1.187626103132098
1.176291875,40.0,0.09279600151933652,1.1800364895715643
1.17691,40.0,0.09279369908944234,1.1732063032845643
1.177528125,40.0,0.09279141487191171,1.1671635200423809
1.17814625,40.0,0.0927893546074462,1.1617724917116348
1.1787643749999999,40.0,0.09278743938298918,1.1566818695252734
1.1793825,40.0,0.09278557191613074,1.1518278290383983
1.180000625,40.0,0.09278406109495069,1.1470435803434404
1.1806187499999998,40.0,0.09278288734127922,1.141922980336986
1.181236875,40.0,0.09278181920699853,1.1364870491495416
1.1818549999999999,40.0,0.09278109445149348,1.1306665271537824
1.182473125,40.0,0.09278071846135334,1.1243111755337774
1.18309125,40.0,0.09278053400493581,1.1176394804443277
1.1837093749999998,40.0,0.09278074012798374,1.1107377775415135
1.1843275,40.0,0.0927812086715019,1.1038125911259211
1.184945625,40.0,0.09278192294612495,1.0972426571988896
1.18556375,40.0,0.09278311580990808,1.0913010598965998
1.186181875,40.0,0.09278452525682586,1.0863838264840968
1.1867999999999999,40.0,0.09278623045132484,1.0828795750122726
1.187418125,40.0,0.0927883944292602,1.0811251941944657
1.18803625,40.0,0.09279073263031803,1.081485684433761
1.188654375,40.0,0.0927933526264094,1.0840554575598547
1.1892725,40.0,0.09279633703010377,1.089134163382245
1.1898906249999999,40.0,0.09279945632406052,1.096675337644308
1.19050875,40.0,0.09280270926273569,1.1065297969350414
1.191126875,40.0,0.09280624929100355,1.1186516236030861
1.1917449999999998,40.0,0.09280999865279588,1.1325945542827591
1.192363125,40.0,0.09281374897062933,1.1480184412454006
1.1929812499999999,40.0,0.09281762954041174,1.1644118984685596
1.193599375,40.0,0.09282166519463624,1.1812302704273778
1.1942175,40.0,0.0928256190985745,1.1978901453463626
1.1948356249999998,40.0,0.09282953515678202,1.2137800006417365
1.19545375,40.0,0.092833419130433,1.2283816927940918
1.196071875,40.0,0.09283710257969992,1.2411793940697537
1.19669,40.0,0.09284063634152794,1.251745929365552
1.197308125,40.0,0.09284400983741614,1.2597515560640793
1.1979262499999999,40.0,0.09284705937666284,1.265049923120005
1.198544375,40.0,0.09284991699543868,1.2675532975760844
1.1991625,40.0,0.09285253336763183,1.2672111686873966
1.199780625,40.0,0.09285476485467897,1.264324078977543
1.20039875,40.0,0.09285684669408782,1.2590849757503215
1.2010168749999999,40.0,0.09285857697103746,1.2518589603847878
1.201635,40.0,0.09285985780552637,1.2430323544147661
1.202253125,40.0,0.09286107891335794,1.2330917155166412
1.2028712499999998,40.0,0.0928620321123678,1.2225624181926147
1.203489375,40.0,0.0928626129103801,1.2117182754337787
1.2041074999999999,40.0,0.09286318376791541,1.2010750558527326
1.204725625,40.0,0.09286367344887028,1.1910152584725684
1.20534375,40.0,0.09286401834100406,1.1816362072921431
1.2059618749999998,40.0,0.09286439852344228,1.173188812995247
1.20658,40.0,0.09286483425204853,1.1658395212016104
1.207198125,40.0,0.09286532117177203,1.1593714816228966
1.20781625,40.0,0.09286590912582472,1.1538562322740935
1.208434375,40.0,0.09286668381375095,1.1491392852745106
1.2090524999999999,40.0,0.09286760594214309,1.144881385956561
1.209670625,40.0,0.09286868910550768,1.1410078092839933
1.21028875,40.0,0.09287008313081042,1.137238854029741
1.2109068749999998,40.0,0.09287170500940699,1.1333691142014752
1.211525,40.0,0.09287359329496467,1.1292699019634167
1.2121431249999999,40.0,0.09287577667639663,1.12482163433424
1.21276125,40.0,0.09287811482468557,1.120076090154056
1.213379375,40.0,0.09288080578708387,1.1149709150428353
1.2139974999999998,40.0,0.09288378218045594,1.1097843211314962
1.214615625,40.0,0.09288680449734957,1.1046503664463496
1.21523375,40.0,0.09289016422732746,1.0997867488709379
1.215851875,40.0,0.09289386327084302,1.0956715521301472
1.21647,40.0,0.09289760725489112,1.092502407306268
1.2170881249999999,40.0,0.0929016415608845,1.0906785915550183
1.21770625,40.0,0.09290601127763415,1.0904839874422514
1.218324375,40.0,0.09291044500405876,1.0922787708656145
1.2189425,40.0,0.0929151467946582,1.09612995198698
1.219560625,40.0,0.09292009294513788,1.1021833277266406
1.2201787499999999,40.0,0.09292506470254198,1.1104930978859917
1.220796875,40.0,0.09293020413495581,1.1208739791432734
1.221415,40.0,0.09293546679687065,1.1331422021778013
1.2220331249999998,40.0,0.09294079044797252,1.146960710021357
1.22265125,40.0,0.09294618218112448,1.1619367937917535
1.2232693749999999,40.0,0.09295153970692187,1.1775786780162336
1.2238875,40.0,0.09295689203320984,1.1933210078780732
1.224505625,40.0,0.09296220845486794,1.208643927793352
1.2251237499999998,40.0,0.09296737862858431,1.222980065656911
1.225741875,40.0,0.09297232060318102,1.2357884643173809
1.22636,40.0,0.09297706771585935,1.2466787495726062
1.226978125,40.0,0.09298164402925907,1.255195261927374
1.22759625,40.0,0.09298581782501857,1.2611661280713045
1.2282143749999999,40.0,0.09298965688410249,1.2643723986679614
1.2288325,40.0,0.09299332580809971,1.26480170036918
1.229450625,40.0,0.09299654281767457,1.2626062834501814
1.23006875,40.0,0.09299942336657295,1.257880795015235
1.230686875,40.0,0.09300216869228321,1.2509938611751297
1.2313049999999999,40.0,0.09300444277908933,1.2423796656354538
1.231923125,40.0,0.09300640510587145,1.2323361543480171
1.23254125,40.0,0.09300826564332161,1.2214086245742557
1.2331593749999998,40.0,0.09300978541664545,1.2101362708085022
1.2337775,40.0,0.093011107772311,1.1987690553323902
1.2343956249999999,40.0,0.09301234770462753,1.1878622905948224
1.23501375,40.0,0.09301345215445929,1.1776789835917725
1.235631875,40.0,0.09301456315092331,1.1684397166469074
1.2362499999999998,40.0,0.0930156657693482,1.1603036084531306
1.236868125,40.0,0.09301673307122553,1.1533799288308988
1.23748625,40.0,0.09301795838800492,1.147593719876383
1.238104375,40.0,0.09301930891980299,1.142780858022098
1.2387225,40.0,0.09302067884444609,1.1389384780107041
1.2393406249999999,40.0,0.09302224770985688,1.1357203165018401
1.23995875,40.0,0.09302401902330319,1.1328797959188814
1.240576875,40.0,0.09302590479710279,1.1303015645927545
1.2411949999999998,40.0,0.09302802632797243,1.1277254116181188
1.241813125,40.0,0.09303043499011297,1.1249607949979032
1.2424312499999999,40.0,0.09303301057299383,1.1219431464962455
1.243049375,40.0,0.09303573806950688,1.1186637656602225
1.2436675,40.0,0.09303882368889552,1.1151543722461212
1.2442856249999998,40.0,0.09304209105415895,1.1114770454590936
1.24490375,40.0,0.09304539521266028,1.1079503311240875
1.245521875,40.0,0.09304904547265205,1.1047035696953504
1.24614,40.0,0.09305286466832131,1.1020838006656863
1.246758125,40.0,0.09305675423070389,1.1004289493781054
1.2473762499999999,40.0,0.09306091791290347,1.0999798920829882
1.247994375,40.0,0.09306515354321121,1.1010691885425483
1.2486125,40.0,0.09306953543749541,1.1039129942670844
1.249230625,40.0,0.09307413546873942,1.108679120942995
1.24984875,40.0,0.0930786881746202,1.1154050011716514
1.2504668749999999,40.0,0.09308333721913165,1.1241055680175402
1.251085,40.0,0.09308808532095822,1.1346426818001667
1.251703125,40.0,0.09309269604064102,1.146750672965134
1.2523212499999998,40.0,0.093097340113224,1.1601522002467664
1.252939375,40.0,0.09310199535403373,1.1744221901045082
1.2535574999999999,40.0,0.09310643963570091,1.1890267578653508
1.254175625,40.0,0.09311079688005273,1.2035697201354203
1.25479375,40.0,0.09311511285005851,1.2174168802613685
1.2554118749999998,40.0,0.09311916891227577,1.2300858898070877
1.25603,40.0,0.09312293132304961,1.2411252133055015
1.256648125,40.0,0.0931265380986482,1.2501041974796794
1.25726625,40.0,0.09312987776430504,1.2567068088021167
1.257884375,40.0,0.09313280413706061,1.260741304169578
1.2585024999999999,40.0,0.09313543956880951,1.2620329078386305
1.259120625,40.0,0.09313777628680373,1.2606912126799945
1.25973875,40.0,0.09313971283676088,1.2568097179667874
1.260356875,40.0,0.09314136473336043,1.2505723443313987
1.260975,40.0,0.09314272140756844,1.2423815317223936
1.2615931249999999,40.0,0.09314369338729417,1.232618255378524
1.26221125,40.0,0.09314445090045337,1.2217538176045857
1.262829375,40.0,0.09314493271209769,1.2101011989334536
1.2634474999999998,40.0,0.09314510631778933,1.1983988008763835
1.264065625,40.0,0.09314522317601792,1.1868532686421969
1.2646837499999999,40.0,0.09314508428025409,1.1758654416198702
1.265301875,40.0,0.09314481001327844,1.165879921753869
1.26592,40.0,0.09314469878538942,1.156985935023019
1.2665381249999998,40.0,0.09314442515167976,1.149362340496078
1.26715625,40.0,0.09314415412771458,1.1430508039322125
1.267774375,40.0,0.09314415526698488,1.1380414845207494
1.2683925,40.0,0.093144195139512,1.1341511815259349
1.269010625,40.0,0.09314432575770587,1.1312139878463758
1.2696287499999999,40.0,0.09314468861268012,1.1290712501286295
1.270246875,40.0,0.09314522419810231,1.1274110962856825
1.270865,40.0,0.09314591042038033,1.1259946563438417
1.2714831249999998,40.0,0.0931468275643301,1.1246872025354802
1.27210125,40.0,0.09314798162186302,1.1232610203594688
1.2727193749999999,40.0,0.09314929035688949,1.1216142932887985
1.2733375,40.0,0.09315081015651606,1.1197177134540475
1.273955625,40.0,0.09315255376599779,1.117634766967085
1.2745737499999998,40.0,0.09315441660703663,1.1153908583822534
1.275191875,40.0,0.09315643306802948,1.1132559846352361
1.2758099999999999,40.0,0.09315858847611708,1.111408445499054
1.276428125,40.0,0.0931608177352107,1.1100681571773525
1.27704625,40.0,0.09316323341887552,1.1096447306417025
1.2776643749999999,40.0,0.09316570789656378,1.1103151521340056
1.2782825,40.0,0.09316814608047132,1.1123266653581159
1.278900625,40.0,0.0931708263296406,1.1159463798865867
1.27951875,40.0,0.0931735652224643,1.121297970866864
1.280136875,40.0,0.0931761697074278,1.1283479545953534
1.2807549999999999,40.0,0.09317894690058243,1.1371612109902869
1.281373125,40.0,0.09318171965926815,1.14752161417629
1.28199125,40.0,0.09318429781704977,1.1592411882643239
1.2826093749999998,40.0,0.09318694774622983,1.1719674863026348
1.2832275,40.0,0.09318949453285509,1.1852741635943735
1.2838456249999999,40.0,0.0931918118917809,1.1987952341407522
1.28446375,40.0,0.09319408785614663,1.211925318895143
1.285081875,40.0,0.09319616997831955,1.2242622377639567
1.2856999999999998,40.0,0.09319800286528059,1.2352735615768922
1.286318125,40.0,0.09319961160026441,1.244539786954858
1.28693625,40.0,0.09320091178474967,1.251742061322015
1.287554375,40.0,0.09320194849055509,1.2564934312862872
1.2881725,40.0,0.09320265274724408,1.2587710607314175
1.2887906249999999,40.0,0.09320297149922449,1.258412758107868
1.28940875,40.0,0.09320293284021611,1.25542659711487
1.290026875,40.0,0.09320260316332532,1.250155659925431
1.290645,40.0,0.09320198042559084,1.2426894287763384
1.291263125,40.0,0.09320094338052769,1.2334288377339975
1.2918812499999999,40.0,0.09319970859800526,1.2228345455418503
1.292499375,40.0,0.09319830295753272,1.2113325278463316
1.2931175,40.0,0.09319652391420445,1.1993496160865267
1.2937356249999998,40.0,0.09319465055880172,1.1873805949481944
1.29435375,40.0,0.0931927201402469,1.1758745121372947
1.2949718749999999,40.0,0.09319052688496518,1.1651202747749232
1.29559,40.0,0.09318837035804488,1.155468720264035
1.296208125,40.0,0.09318631984279767,1.147107230244949
1.2968262499999998,40.0,0.09318415482421098,1.1401582928836103
1.297444375,40.0,0.09318212130759194,1.1346179283003157
1.2980625,40.0,0.09318028437753648,1.1304687292723514
1.298680625,40.0,0.09317851211469094,1.1275654736782916
1.29929875,40.0,0.09317695888970931,1.1256485431033163
1.2999168749999999,40.0,0.09317555595842295,1.1245757708433084
1.300535,40.0,0.09317428660743618,1.1241077017533356
1.301153125,40.0,0.09317330509903207,1.1238392222606448
1.3017712499999998,40.0,0.09317246294609167,1.1237576269783294
1.302389375,40.0,0.09317175876776483,1.1236129745977863
1.3030074999999999,40.0,0.09317134608557202,1.1231919123319563
1.303625625,40.0,0.09317109905095707,1.1225946200220283
1.30424375,40.0,0.09317097410729425,1.1217772943934678
1.3048618749999998,40.0,0.09317106464258154,1.1207855496787658
1.30548,40.0,0.09317131695903866,1.1198613809369724
1.3060981249999999,40.0,0.09317162619520426,1.1191611537867219
1.30671625,40.0,0.09317205495213932,1.11893076693094
1.307334375,40.0,0.09317268984860524,1.1194615837747754
1.3079524999999999,40.0,0.09317329171896307,1.1209487832867424
1.308570625,40.0,0.09317389642239442,1.1237101685112232
1.30918875,40.0,0.09317473239671557,1.1277999298529102
1.309806875,40.0,0.09317549949702501,1.1334453692307236
1.310425,40.0,0.09317622984383937,1.1406292377265688
1.3110431249999999,40.0,0.09317707062064369,1.1492603625686848
1.31166125,40.0,0.09317776551562981,1.159281746780657
1.312279375,40.0,0.09317843132772567,1.1703540599978155
1.3128974999999998,40.0,0.09317903954432584,1.1822282519081464
1.313515625,40.0,0.09317941265600137,1.194522063534384
1.3141337499999999,40.0,0.09317972914576504,1.2067089725688076
1.314751875,40.0,0.09317989883219506,1.2184462199621713
1.31537,40.0,0.09317978190828587,1.2292110221318515
1.3159881249999998,40.0,0.09317954068730647,1.2385441262228534
1.31660625,40.0,0.09317908478887611,1.2461066029196912
1.317224375,40.0,0.09317825959244525,1.2515464625199475
1.3178425,40.0,0.09317726365155794,1.25463481059297
1.318460625,40.0,0.0931760317932157,1.2552444111251397
1.3190787499999999,40.0,0.09317436716991406,1.2533737487687495
1.319696875,40.0,0.09317244780252316,1.2490251939869328
1.320315,40.0,0.09317032387642596,1.2425194570108031
1.320933125,40.0,0.0931678742791379,1.2340583973477068
1.32155125,40.0,0.09316513159991711,1.2239862745139463
1.3221693749999999,40.0,0.09316223884948006,1.212812334236561
1.3227875,40.0,0.0931591759649768,1.2009147143122945
1.323405625,40.0,0.09315587532094165,1.1888122474602991
1.3240237499999998,40.0,0.09315251651143434,1.176867266850343
1.324641875,40.0,0.09314906485733665,1.165574089506532
1.3252599999999999,40.0,0.0931455013781906,1.1552851031382092
1.325878125,40.0,0.09314203874816532,1.1461310493996826
1.32649625,40.0,0.09313856434238574,1.1384703779318321
1.3271143749999998,40.0,0.09313514982794038,1.1323579881720718
1.3277325,40.0,0.09313196459499194,1.127663115592131
1.328350625,40.0,0.09312882275140737,1.1244751201708718
1.32896875,40.0,0.09312592749092125,1.1226259200358166
1.329586875,40.0,0.09312335487142079,1.1217473536276383
1.3302049999999999,40.0,0.09312081101313062,1.1217850754727812
1.330823125,40.0,0.09311856301147307,1.1224136612460818
1.33144125,40.0,0.09311666240578252,1.1233346677486444
1.3320593749999998,40.0,0.09311482606631004,1.1243953973956844
1.3326775,40.0,0.0931132219913422,1.1253533296667708
1.3332956249999999,40.0,0.09311191476468411,1.1261695743050577
1.33391375,40.0,0.09311074792180173,1.1266645609988888
1.334531875,40.0,0.09310973815546068,1.1269555242549183
1.3351499999999998,40.0,0.09310893563506042,1.1270780710560795
1.335768125,40.0,0.09310825295805936,1.1271452593509705
1.3363862499999999,40.0,0.0931076500036459,1.1274296481615569
1.337004375,40.0,0.09310718370425287,1.1280506414168765
1.3376225,40.0,0.09310679247534574,1.1293201921933786
1.3382406249999999,40.0,0.09310642020464577,1.131461072540205
1.33885875,40.0,0.09310610302345727,1.1346434645651147
1.339476875,40.0,0.0931058204142743,1.1390395058290381
1.340095,40.0,0.09310554605962003,1.14476356787582
1.340713125,40.0,0.09310531174955271,1.1518271998613687
1.3413312499999999,40.0,0.09310502289980116,1.1601277917765787
1.341949375,40.0,0.09310466130544225,1.1695767813059705
1.3425675,40.0,0.09310438155180832,1.1798935439061156
1.3431856249999998,40.0,0.09310392830804012,1.1907743264104935
1.34380375,40.0,0.09310326893193199,1.2018916137307016
1.3444218749999999,40.0,0.09310268811444014,1.2127411511617303
1.34504,40.0,0.09310185960787547,1.223004592263188
1.345658125,40.0,0.09310078131855123,1.2321813931424683
1.3462762499999998,40.0,0.09309968901436348,1.2398531931158552
1.346894375,40.0,0.09309828758207461,1.2457703298916287
1.3475125,40.0,0.09309662458878593,1.2495368096363462
1.348130625,40.0,0.0930948425658362,1.251038888188202
1.34874875,40.0,0.0930927482828076,1.2501474129157688
1.3493668749999999,40.0,0.0930903782530667,1.2468992240255046
1.349985,40.0,0.09308778989937197,1.2413957005629825
1.350603125,40.0,0.0930849413587741,1.2338323160576978
1.35122125,40.0,0.09308189479444018,1.2245589611732774
1.351839375,40.0,0.0930786422601162,1.2139697354633157
1.3524574999999999,40.0,0.09307520543518541,1.2023631391243308
1.353075625,40.0,0.09307168006848339,1.1903244793153085
1.35369375,40.0,0.09306810116158831,1.1783266135951445
1.3543118749999998,40.0,0.09306443610025214,1.1666107844317615
1.35493,40.0,0.09306071412997291,1.1557678070162412
1.3555481249999999,40.0,0.09305712081016299,1.146055035839189
1.35616625,40.0,0.09305358583080006,1.1376718209228158
1.356784375,40.0,0.09305005034581075,1.130837573954396
1.3574024999999998,40.0,0.09304678871048772,1.1256243772114216
1.358020625,40.0,0.09304369389186956,1.1219888262971929
1.35863875,40.0,0.09304067623757468,1.1198172313323547
1.359256875,40.0,0.0930380314694688,1.1190165129708578
1.359875,40.0,0.09303563506730161,1.119294702238632
1.3604931249999999,40.0,0.09303333268172058,1.1203829300967258
1.36111125,40.0,0.09303139462920111,1.1221274587298444
1.361729375,40.0,0.0930297157782381,1.1241412427541904
1.3623474999999998,40.0,0.09302814446133655,1.1262585586081348
1.362965625,40.0,0.09302687726686117,1.1282903180889412
1.3635837499999999,40.0,0.09302577399236683,1.130098648007787
1.364201875,40.0,0.09302483919428557,1.1316101642657987
1.36482,40.0,0.09302417591927338,1.1328208499294063
1.3654381249999998,40.0,0.0930235581965157,1.1338556453160338
1.36605625,40.0,0.09302309485342473,1.1347490552790886
1.3666743749999999,40.0,0.09302283351409006,1.1357576855260885
1.3672925,40.0,0.09302258481651637,1.137065788679174
1.367910625,40.0,0.09302241440693565,1.1388564444109526
1.3685287499999998,40.0,0.09302234689339373,1.141395098550775
1.369146875,40.0,0.09302229489656792,1.1448316564726553
1.369765,40.0,0.09302221224408697,1.1493189661621817
1.370383125,40.0,0.09302219268987023,1.1549500015149188
1.37100125,40.0,0.09302221151424163,1.1616722353540916
1.3716193749999999,40.0,0.09302207454005156,1.1695332509663507
1.3722375,40.0,0.09302195835544648,1.1782517447132648
1.372855625,40.0,0.09302188306625057,1.187677747959537
1.3734737499999998,40.0,0.09302156283363275,1.1974935663183028
1.374091875,40.0,0.09302116806160736,1.207334069298854
1.3747099999999999,40.0,0.09302073875808826,1.2168487545147424
1.375328125,40.0,0.09302005421142875,1.2255709181164338
1.37594625,40.0,0.09301927040938213,1.2331802158168517
1.3765643749999998,40.0,0.09301833554747911,1.2392816875937247
1.3771825,40.0,0.09301713180036124,1.243555988457425
1.377800625,40.0,0.0930158435668924,1.2457636302244137
1.37841875,40.0,0.09301433909485327,1.2458227531101567
1.379036875,40.0,0.0930125601488482,1.2435503291311736
1.3796549999999999,40.0,0.09301069926470873,1.2391100085530555
1.380273125,40.0,0.09300860148190637,1.2325971314165045
1.38089125,40.0,0.09300624482590565,1.2242292499695306
1.3815093749999998,40.0,0.09300386180052693,1.214364062960947
1.3821275,40.0,0.09300129599346148,1.203385506008536
1.3827456249999999,40.0,0.09299852829351071,1.1916885244491817
1.38336375,40.0,0.09299581753944275,1.1796965466228866
1.383981875,40.0,0.09299307763970478,1.1679676757183046
1.3845999999999998,40.0,0.09299025723778687,1.1567772747477258
1.385218125,40.0,0.09298749188949536,1.1465196609434072
1.3858362499999999,40.0,0.0929848605529165,1.137612733078689
1.386454375,40.0,0.09298231012931793,1.1301274815479618
1.3870725,40.0,0.09297983953844616,1.1242524889202585
1.3876906249999998,40.0,0.09297763822294647,1.1201089264162778
1.38830875,40.0,0.09297559208639386,1.1175433266785582
1.388926875,40.0,0.09297373347235781,1.1164994604489384
1.389545,40.0,0.09297223260986719,1.116765089733089
1.390163125,40.0,0.09297088955748892,1.1181769000344357
1.3907812499999999,40.0,0.09296983805222894,1.120346863585501
1.391399375,40.0,0.09296911052443757,1.1230825993538531
1.3920175,40.0,0.09296851356419124,1.1261617094029666
1.3926356249999998,40.0,0.0929682454073032,1.1292268906733263
1.39325375,40.0,0.09296819694895526,1.1321886821012646
1.3938718749999999,40.0,0.09296820351403307,1.1348552483572323
1.39449,40.0,0.09296852310106556,1.1372270253170298
1.395108125,40.0,0.09296902806777009,1.1391980860076782
1.3957262499999998,40.0,0.09296950550024478,1.1409110465158905
1.396344375,40.0,0.09297018756062309,1.1424740915257872
1.3969624999999999,40.0,0.09297101965167483,1.1440078724331983
1.397580625,40.0,0.09297180134602512,1.1457567388974512
1.39819875,40.0,0.09297266680686853,1.147893161978898
1.3988168749999998,40.0,0.09297359532953173,1.1506099499677336
1.399435,40.0,0.09297447138954494,1.1541185911857272
1.400053125,40.0,0.09297534732955004,1.1584950283600437
1.40067125,40.0,0.09297622585651323,1.163821165883385
1.401289375,40.0,0.09297705712486493,1.170145221830158
1.4019074999999999,40.0,0.09297782329628373,1.1773121587211222
1.402525625,40.0,0.09297856397347491,1.1852379695228203
1.40314375,40.0,0.09297924709713878,1.1936839889138104
1.4037618749999998,40.0,0.09297981567858223,1.2023400296852584
1.40438,40.0,0.09298030860160816,1.2109123348627149
1.4049981249999999,40.0,0.09298064737800352,1.219016778636731
1.40561625,40.0,0.09298085764839063,1.2262891231393354
1.406234375,40.0,0.0929810103228503,1.2323808421347795
1.4068524999999998,40.0,0.09298087627470242,1.2369354718075427
1.407470625,40.0,0.09298058609376546,1.239754848024565
1.40808875,40.0,0.09298028418754374,1.2405249037608201
1.408706875,40.0,0.0929796321179354,1.2392679102829558
1.409325,40.0,0.09297882440524181,1.23586023789098
1.4099431249999999,40.0,0.09297798839868548,1.2303691392390526
1.41056125,40.0,0.09297682724573991,1.2231115625730489
1.411179375,40.0,0.09297555700234904,1.2141332478126108
1.4117974999999998,40.0,0.09297423636079707,1.203888938137414
1.412415625,40.0,0.0929727100908069,1.1927862700442804
1.4130337499999999,40.0,0.09297113404413518,1.1811735216425248
1.413651875,40.0,0.0929695643566482,1.1694680748812014
1.41427,40.0,0.09296797843775083,1.1581984611767737
1.4148881249999998,40.0,0.09296643568894193,1.1476931434407582
1.41550625,40.0,0.09296496636213741,1.1382447462698677
1.4161243749999999,40.0,0.0929635999721073,1.1302133817297655
1.4167425,40.0,0.09296241092991128,1.12378564205715
1.417360625,40.0,0.0929613913237334,1.1189925412904103
1.4179787499999998,40.0,0.09296051796511491,1.1159387514688754
1.418596875,40.0,0.09295988798543799,1.1145164334944344
1.419215,40.0,0.09295954424630838,1.114619784334769
1.419833125,40.0,0.09295938502838505,1.1159838342489152
1.42045125,40.0,0.0929594431361685,1.1184249035663176
1.4210693749999999,40.0,0.09295985882329158,1.1216780916034788
1.4216875,40.0,0.09296045193615368,1.1253485277356294
1.422305625,40.0,0.09296119621739432,1.1293269853479393
1.4229237499999998,40.0,0.09296229642208446,1.133274924804834
1.423541875,40.0,0.09296348959369308,1.1369929357954185
1.4241599999999999,40.0,0.09296474894473862,1.1404069519230102
1.424778125,40.0,0.09296631598470635,1.1434187046470263
1.42539625,40.0,0.09296792440063072,1.1459658038211509
1.4260143749999998,40.0,0.09296955402080223,1.1482276136746783
1.4266325,40.0,0.09297137459808513,1.1501817001741454
1.4272506249999999,40.0,0.09297317926563681,1.1520692985295493
1.42786875,40.0,0.09297502711207083,1.1540654933752785
1.428486875,40.0,0.09297694443580085,1.1563083688735647
1.4291049999999998,40.0,0.09297875137069737,1.159062147535082
1.429723125,40.0,0.09298060718156917,1.162399337934106
1.43034125,40.0,0.09298245358161925,1.1665188273194402
1.430959375,40.0,0.09298414893212775,1.171432674452652
1.4315775,40.0,0.0929858335261746,1.177126625005127
1.4321956249999999,40.0,0.09298746931394204,1.1835816946901878
1.43281375,40.0,0.0929889777573606,1.1905979272801583
1.433431875,40.0,0.09299038406645832,1.1979891273670442
1.4340499999999998,40.0,0.09299174306564378,1.205508134969158
1.434668125,40.0,0.09299295211360005,1.2127597849481313
1.4352862499999999,40.0,0.09299393957271394,1.219552057301911
1.435904375,40.0,0.09299490124432114,1.2254173293640738
1.4365225,40.0,0.09299570008120064,1.230057514728649
1.4371406249999998,40.0,0.09299620832202596,1.233269511601058
1.43775875,40.0,0.09299666146434991,1.2347146351102216
1.4383768749999999,40.0,0.09299697145783867,1.2342694001868175
1.438995,40.0,0.09299702065033007,1.2318660483653727
1.439613125,40.0,0.09299698765234943,1.2275357041167572
1.4402312499999999,40.0,0.09299681214070463,1.2212618769214563
1.440849375,40.0,0.09299643728389856,1.2133967794990381
1.4414675,40.0,0.09299603947241784,1.2041101493943067
1.4420856249999998,40.0,0.0929954861490018,1.1936988411775935
1.44270375,40.0,0.09299480678707232,1.182678662069093
1.4433218749999999,40.0,0.09299420861004407,1.1713295843978246
1.44394,40.0,0.09299349399448341,1.1601497026078158
1.444558125,40.0,0.09299279547311644,1.1495051091326172
1.4451762499999998,40.0,0.0929922784080843,1.1397752884563626
1.445794375,40.0,0.092991720630347,1.131317749318755
1.4464124999999999,40.0,0.09299128419215467,1.1242650014867768
1.447030625,40.0,0.09299110860451369,1.118917793262176
1.44764875,40.0,0.09299102463444982,1.1152992711069274
1.4482668749999998,40.0,0.09299108892512158,1.1133305313042035
1.448885,40.0,0.09299142364169209,1.1130715986206607
1.449503125,40.0,0.09299199968703495,1.1142733843752806
1.45012125,40.0,0.09299273072838928,1.116668075727787
1.450739375,40.0,0.09299369609737536,1.1201321837345632
1.4513574999999999,40.0,0.09299496463752438,1.1242957556450583
1.451975625,40.0,0.09299636706104734,1.1288380627675043
1.45259375,40.0,0.09299798644722392,1.133594002001748
1.4532118749999998,40.0,0.09299984657212129,1.1382395113439718
1.45383,40.0,0.09300175053805788,1.1426246973200171
1.4544481249999999,40.0,0.09300384044677212,1.1465715378358945
1.45506625,40.0,0.0930060480635326,1.150051499107504
1.455684375,40.0,0.09300823986319881,1.1530667272952477
1.4563024999999998,40.0,0.09301058388294577,1.1555831000315777
1.456920625,40.0,0.09301290776563555,1.1578256037220596
1.4575387499999999,40.0,0.0930151657545948,1.159858531297619
1.458156875,40.0,0.09301755130286908,1.1618893834068018
1.458775,40.0,0.09301984336168304,1.1641101524208406
1.4593931249999998,40.0,0.09302197423475496,1.1666573845482013
1.46001125,40.0,0.09302419000325858,1.1697385536711364
1.460629375,40.0,0.09302630498825122,1.1734194953104617
1.4612475,40.0,0.09302820067418754,1.17776128158821
1.461865625,40.0,0.09303011051601776,1.1827886718173857
1.4624837499999999,40.0,0.0930319032782326,1.1884047973069003
1.463101875,40.0,0.09303351907025421,1.1944729351617158
1.46372,40.0,0.09303508463814858,1.200786219405889
1.4643381249999998,40.0,0.09303651532960373,1.2071703651136882
1.46495625,40.0,0.09303779870937284,1.2131830347575627
1.4655743749999999,40.0,0.09303893854299965,1.2186747313511206
1.4661925,40.0,0.09303995606065574,1.2232752605162027
1.466810625,40.0,0.09304081686905641,1.2266189626828266
1.4674287499999998,40.0,0.09304148001508201,1.2286072031645794
1.468046875,40.0,0.09304203002296924,1.2288858796794044
1.4686649999999999,40.0,0.09304238041142769,1.2274183789962383
1.469283125,40.0,0.09304259896689762,1.2241281328221467
1.46990125,40.0,0.09304270966772722,1.2190231772932099
1.4705193749999999,40.0,0.09304256340447975,1.2122584396082394
1.4711375,40.0,0.0930423970420735,1.2040138959083064
1.471755625,40.0,0.09304217810607358,1.1945747009593908
1.4723737499999998,40.0,0.09304170003955606,1.1842896811835628
1.472991875,40.0,0.09304126889426863,1.1734650077216553
1.4736099999999999,40.0,0.09304086580112239,1.162609508844203
1.474228125,40.0,0.09304030248883492,1.1520788166385818
1.47484625,40.0,0.09303987648098856,1.1421582914025148
1.4754643749999998,40.0,0.09303956124676817,1.133371388668854
1.4760825,40.0,0.09303922494384456,1.1259028105904754
1.4767006249999999,40.0,0.09303909306670724,1.119916060993119
1.47731875,40.0,0.09303914216531003,1.1156796608359314
1.477936875,40.0,0.09303930594806793,1.1131755439003255
1.4785549999999998,40.0,0.09303968509619452,1.1123597122138114
1.479173125,40.0,0.09304026647051307,1.1131370317222682
1.47979125,40.0,0.09304104459737911,1.115382663366122
1.480409375,40.0,0.0930420525448938,1.1187932636472548
1.4810275,40.0,0.09304323161547817,1.1230954124536956
1.4816456249999999,40.0,0.09304458665435746,1.1280972179928899
1.48226375,40.0,0.09304617175307392,1.1333945586494782
1.482881875,40.0,0.0930479116853536,1.1387706928900643
1.4834999999999998,40.0,0.0930497337199579,1.143988443492008
1.484118125,40.0,0.0930516840997054,1.1488440585353428
1.4847362499999999,40.0,0.09305377210686085,1.1532042481876108
1.485354375,40.0,0.0930558310506672,1.156989432492595
1.4859725,40.0,0.09305790657191117,1.160221926587638
1.4865906249999998,40.0,0.09306011333105055,1.1629182448099464
1.48720875,40.0,0.09306217164917087,1.1652115573884767
1.4878268749999999,40.0,0.09306419064360873,1.1672374133099304
1.488445,40.0,0.09306631990901854,1.1691335887279088
1.489063125,40.0,0.09306822404454124,1.1711687443405077
1.4896812499999998,40.0,0.09307006100808088,1.1733935258194939
1.490299375,40.0,0.09307191783755374,1.1760336026160776
1.4909175,40.0,0.093073558922165,1.179206230970466
1.491535625,40.0,0.09307512765592452,1.1828747102230972
1.49215375,40.0,0.09307658923965638,1.1871605805660257
1.4927718749999999,40.0,0.09307785269545975,1.1918949365784737
1.49339,40.0,0.09307906756761317,1.1969959871485614
1.494008125,40.0,0.09308013034386625,1.2022906585284336
1.4946262499999998,40.0,0.09308099075332246,1.2075128522410477
1.495244375,40.0,0.09308178366113616,1.212409677363216
1.4958624999999999,40.0,0.09308242484183615,1.216713098482871
1.496480625,40.0,0.09308285509635719,1.2201221390940058
1.49709875,40.0,0.09308317203761857,1.2223938975461721
1.4977168749999998,40.0,0.09308336115536575,1.2232618777822983
1.498335,40.0,0.09308333464057089,1.2226144079858232
1.4989531249999999,40.0,0.0930831589580221,1.2203198570384437
1.49957125,40.0,0.0930829309774093,1.2163004985106824
1.500189375,40.0,0.09308250643434424,1.2107059957552104
1.5008074999999999,40.0,0.09308191001763474,1.2036107108716567
1.501425625,40.0,0.09308134701463879,1.195196964639603
1.50204375,40.0,0.09308066547253147,1.185818708709488
1.5026618749999998,40.0,0.09307984570116462,1.1757801011136448
1.50328,40.0,0.09307909378164725,1.1653936338798572
1.5038981249999999,40.0,0.09307829920095878,1.1551051544807074
1.50451625,40.0,0.0930774745426301,1.1453148737896006
1.505134375,40.0,0.0930767931754802,1.1363144615367275
1.5057524999999998,40.0,0.09307611099739227,1.1284262356741601
1.506370625,40.0,0.09307553395031821,1.122024787332385
1.5069887499999999,40.0,0.09307519004463652,1.1171429034339593
1.507606875,40.0,0.09307486303269662,1.1139682866389462
1.508225,40.0,0.09307476694690257,1.1125838204415552
1.5088431249999998,40.0,0.09307491781971448,1.112803827698298
1.50946125,40.0,0.09307510650827253,1.1146281139736738
1.510079375,40.0,0.09307558176767468,1.1177767224805835
1.5106975,40.0,0.09307628100289772,1.1220755829130535
1.511315625,40.0,0.09307704902521201,1.1271617750860885
1.5119337499999999,40.0,0.09307801896129149,1.1328229446033722
1.512551875,40.0,0.09307919881434132,1.138750388364779
1.51317,40.0,0.09308048767280809,1.144595156908247
1.5137881249999998,40.0,0.09308182662546494,1.150242898076803
1.51440625,40.0,0.09308331192488209,1.155410096964971
1.5150243749999999,40.0,0.09308487043026971,1.160005319554882
1.5156425,40.0,0.09308637005857222,1.1639587805502476
1.516260625,40.0,0.09308793273936344,1.1672415019830178
1.5168787499999998,40.0,0.09308947780841621,1.1699617609638422
1.517496875,40.0,0.09309090800411213,1.1721525753885458
1.5181149999999999,40.0,0.09309234425371674,1.1740047580090744
1.518733125,40.0,0.09309368589300034,1.175690562333931
1.51935125,40.0,0.0930948787683553,1.1773374420613647
1.5199693749999998,40.0,0.09309604717248969,1.1791699554347903
1.5205875,40.0,0.09309704684765642,1.1812778723676918
1.521205625,40.0,0.09309789278738444,1.1838268479399499
1.52182375,40.0,0.09309872778450426,1.1868113377171479
1.522441875,40.0,0.09309930947576099,1.19026792030396
1.5230599999999999,40.0,0.09309972552625524,1.194143563985497
1.523678125,40.0,0.09310016905620394,1.1983036856588662
1.52429625,40.0,0.09310035294879859,1.202556638932982
1.5249143749999998,40.0,0.09310036508032558,1.2067496878649806
1.5255325,40.0,0.09310038593921885,1.2105928366862968
1.5261506249999999,40.0,0.0931001868389764,1.2138068626006748
1.52676875,40.0,0.09309983391762028,1.2162040142484283
1.527386875,40.0,0.09309941945105576,1.217487051222348
1.5280049999999998,40.0,0.09309882763480071,1.2175000044699875
1.528623125,40.0,0.0930981034162877,1.2160338566135267
1.5292412499999999,40.0,0.09309726601983016,1.213104102060257
1.529859375,40.0,0.09309632616465027,1.2086211258822772
1.5304775,40.0,0.0930952591331607,1.2026494845552642
1.5310956249999998,40.0,0.09309408539355216,1.1954322587772797
1.53171375,40.0,0.093092888532111,1.1870598267641959
1.532331875,40.0,0.09309159147864507,1.1778639592918372
1.5329499999999998,40.0,0.09309029425243626,1.168242252405667
1.533568125,40.0,0.0930889869660935,1.158391527503132
1.5341862499999999,40.0,0.09308761389853652,1.1488137038604493
1.534804375,40.0,0.09308640554105625,1.1398331082609579
1.5354225,40.0,0.0930852152250095,1.1317675189933736
1.5360406249999998,40.0,0.09308401423105352,1.1248900607839354
1.53665875,40.0,0.09308309179083385,1.1195042585676658
1.5372768749999999,40.0,0.09308227202599069,1.1157397337088832
1.537895,40.0,0.09308150385106088,1.1136011638180996
1.538513125,40.0,0.09308104920519703,1.1132584508343804
1.5391312499999998,40.0,0.09308075405152566,1.1144836178007473
1.539749375,40.0,0.09308054097011008,1.1172230370769718
1.5403675,40.0,0.09308063524925267,1.1212121902394634
1.540985625,40.0,0.09308088120555626,1.126256355639634
1.54160375,40.0,0.09308121291281471,1.1320303373303389
1.5422218749999999,40.0,0.0930817718732771,1.138213949431934
1.54284,40.0,0.09308243203873444,1.1445868831086
1.543458125,40.0,0.09308319488330634,1.1508400658817046
1.5440762499999998,40.0,0.09308406574427147,1.1566930600967527
1.544694375,40.0,0.09308494895544814,1.1620482808619699
1.5453124999999999,40.0,0.09308588856405219,1.1667407026149041
1.545930625,40.0,0.09308684809938542,1.1706708561545225
1.54654875,40.0,0.09308775137679347,1.1739170615153152
1.5471668749999998,40.0,0.09308858925605135,1.1764407695446721
1.547785,40.0,0.09308940089961837,1.1784501653935107
1.5484031249999999,40.0,0.09309015110028361,1.180006808770059
1.54902125,40.0,0.09309072151997197,1.1812953767879706
1.549639375,40.0,0.09309124219397856,1.1825384812191606
1.5502574999999998,40.0,0.09309171085831515,1.183839135389517
1.550875625,40.0,0.0930919215290303,1.1853645508160906
1.55149375,40.0,0.09309209482872453,1.1872432053561348
1.552111875,40.0,0.09309221701177858,1.1894943699201903
1.55273,40.0,0.0930920334652379,1.1921630413161277
1.5533481249999999,40.0,0.09309181852384908,1.1951621648547017
1.55396625,40.0,0.09309153231751177,1.1984022514231965
1.554584375,40.0,0.0930909888121755,1.201755800863371
1.5552024999999998,40.0,0.09309040811025528,1.2049305109338384
1.555820625,40.0,0.0930897028634767,1.207842404276978
1.5564387499999999,40.0,0.09308883345921978,1.2101282783706704
1.557056875,40.0,0.09308792319436972,1.2116039663692366
1.557675,40.0,0.09308685296917757,1.2120978020428712
1.5582931249999998,40.0,0.09308564945036962,1.211362755931568
1.55891125,40.0,0.09308441715689651,1.209297930659362
1.5595293749999999,40.0,0.09308305440170397,1.2058865059005477
1.5601475,40.0,0.09308156083281333,1.2010834042148688
1.560765625,40.0,0.09308006640385166,1.1949427384502207
1.5613837499999998,40.0,0.09307849713100676,1.1877287453105176
1.562001875,40.0,0.09307683426305499,1.1795572366798768
1.56262,40.0,0.09307521532962774,1.170685470657555
1.5632381249999998,40.0,0.09307361917340813,1.1615656468664646
1.56385625,40.0,0.09307197251456494,1.152396050167615
1.5644743749999999,40.0,0.09307038205493358,1.1435707894902705
1.5650925,40.0,0.09306895199301536,1.1354838778642284
1.565710625,40.0,0.09306752316670872,1.1283640523156897
1.5663287499999998,40.0,0.09306616846397699,1.1225571047994776
1.566946875,40.0,0.09306507439300057,1.1181649237863271
1.5675649999999999,40.0,0.09306403944887034,1.1154522881175044
1.568183125,40.0,0.09306315837732614,1.114401138374642
1.56880125,40.0,0.09306254316809855,1.1149575845545483
1.5694193749999998,40.0,0.09306199934414315,1.117143002759648
1.5700375,40.0,0.09306169248982665,1.1207083590868339
1.5706556249999999,40.0,0.09306160290025478,1.12542253408311
1.57127375,40.0,0.09306156049601717,1.1311115369809455
1.571891875,40.0,0.09306177005033804,1.1374060804075798
1.5725099999999999,40.0,0.09306210629750261,1.1440111877315668
1.573128125,40.0,0.09306245327818213,1.150711134756418
1.57374625,40.0,0.09306301711201617,1.1571363256681544
1.5743643749999998,40.0,0.09306362061081837,1.1631427665270069
1.5749825,40.0,0.09306418022181182,1.1685014166367065
1.5756006249999999,40.0,0.09306484299321859,1.1731188750722907
1.57621875,40.0,0.0930655112066387,1.1769431037290272
1.576836875,40.0,0.09306607501654952,1.1799450802160718
1.5774549999999998,40.0,0.09306658152742359,1.1822260165802179
1.578073125,40.0,0.09306708179990927,1.1838845608895394
1.5786912499999999,40.0,0.09306744819948536,1.1850294092955942
1.579309375,40.0,0.09306766812953358,1.1859044397594316
1.5799275,40.0,0.09306784862346762,1.1865904156627998
1.5805456249999998,40.0,0.0930678778570357,1.187341194149967
1.58116375,40.0,0.09306775264754558,1.1882455859969885
1.581781875,40.0,0.09306756867990612,1.1894174653177145
1.5823999999999998,40.0,0.09306722864298553,1.1909647511301011
1.583018125,40.0,0.09306673793535065,1.1928263134016734
1.5836362499999999,40.0,0.09306619200171269,1.1950216578143205
1.584254375,40.0,0.09306547881738564,1.1974043037741842
1.5848725,40.0,0.09306464962032555,1.1999086854534253
1.5854906249999998,40.0,0.09306380469293137,1.2021991256401519
1.58610875,40.0,0.09306273983731625,1.2042661893971836
1.5867268749999999,40.0,0.09306163397175952,1.2057748259067282
1.587345,40.0,0.09306055685857192,1.2064534048473396
1.587963125,40.0,0.09305921930629867,1.2063083500416072
1.5885812499999998,40.0,0.09305788146714739,1.2049937101844141
1.589199375,40.0,0.09305656689625154,1.2024741464672535
1.5898174999999999,40.0,0.09305505663915695,1.1987494342663436
1.590435625,40.0,0.09305354532039523,1.193752490361445
1.59105375,40.0,0.0930520315096401,1.1876434091492805
1.5916718749999998,40.0,0.0930504366935462,1.1805320563641728
1.59229,40.0,0.09304884247070093,1.1726635710883568
1.592908125,40.0,0.0930472780769168,1.1643082524108317
1.5935262499999998,40.0,0.09304573908998894,1.1557196297927965
1.594144375,40.0,0.09304421923485313,1.1473120818064582
1.5947624999999999,40.0,0.09304278979541758,1.1393466897669198
1.595380625,40.0,0.09304146187102129,1.1321366326856457
1.59599875,40.0,0.09304020374996688,1.1260406710506963
1.5966168749999998,40.0,0.09303910153515106,1.1212346367953618
1.597235,40.0,0.09303812552781163,1.1178744837473562
1.5978531249999999,40.0,0.09303729008075444,1.1161798098991351
1.59847125,40.0,0.0930367033083016,1.1160825502110643
1.599089375,40.0,0.09303621442210572,1.1175642609037257
1.5997074999999998,40.0,0.09303588058573871,1.120566972390964
1.600325625,40.0,0.09303585780590205,1.1248545964293248
1.6009437499999999,40.0,0.09303590034299412,1.1302241950324563
1.601561875,40.0,0.09303605673839631,1.1363852981727647
1.60218,40.0,0.09303649483008826,1.1431072299136218
1.6027981249999999,40.0,0.09303695124064376,1.1500049743127287
1.60341625,40.0,0.09303745607694966,1.15684104609155
1.604034375,40.0,0.09303816962854387,1.1633743816828883
1.6046524999999998,40.0,0.09303883589217057,1.169333585403369
1.605270625,40.0,0.09303949142905625,1.1745850818644041
1.6058887499999999,40.0,0.09304024765938335,1.1789974872278643
1.606506875,40.0,0.0930409000103141,1.182565397005388
1.607125,40.0,0.09304151244692503,1.1852431830509043
1.6077431249999998,40.0,0.09304207609421783,1.1871324586727814
1.60836125,40.0,0.09304250505820995,1.1883595556192001
1.6089793749999999,40.0,0.09304288697565567,1.1890308741760371
1.6095975,40.0,0.09304313919599791,1.1893849379298533
1.610215625,40.0,0.09304324872255137,1.1894968278135694
1.6108337499999998,40.0,0.0930432600496811,1.1896417131703003
1.611451875,40.0,0.09304317442613652,1.1899348447700184
1.61207,40.0,0.09304296442334772,1.1903894175978267
1.6126881249999998,40.0,0.09304258636442235,1.1912446033742872
1.61330625,40.0,0.09304218608582852,1.1923894343934434
1.6139243749999999,40.0,0.09304166657107243,1.1937866553557523
1.6145425,40.0,0.09304094949279616,1.1954484753545966
1.615160625,40.0,0.09304027104254348,1.1971343413791293
1.6157787499999998,40.0,0.09303947589973008,1.1987275221650084
1.616396875,40.0,0.09303849022785249,1.20004041688206
1.6170149999999999,40.0,0.09303757797541745,1.2008539714115554
1.617633125,40.0,0.09303658213313043,1.2009961723140814
1.61825125,40.0,0.09303542304391085,1.2002556568710694
1.6188693749999998,40.0,0.09303432864150944,1.198548197491764
1.6194875,40.0,0.09303316353566007,1.1957442982129387
1.6201056249999999,40.0,0.09303191549552285,1.1918050149556016
1.62072375,40.0,0.09303072398450055,1.1868116642259925
1.621341875,40.0,0.09302945097602565,1.1808017114769989
1.6219599999999998,40.0,0.09302818203927327,1.1739525504007364
1.622578125,40.0,0.09302699992134462,1.1665048368783912
1.62319625,40.0,0.0930257703595205,1.158694087349233
1.6238143749999998,40.0,0.09302460192845514,1.1507817641069849
1.6244325,40.0,0.09302357279008933,1.143155161860009
1.6250506249999999,40.0,0.09302256486355424,1.1360732388147659
1.62566875,40.0,0.09302165625746611,1.129814997142554
1.626286875,40.0,0.09302092985577089,1.1246720706968065
1.6269049999999998,40.0,0.09302029884777668,1.1208982810473824
1.627523125,40.0,0.09301977496910914,1.1185374774573476
1.6281412499999999,40.0,0.09301945962599156,1.1177604339712819
1.628759375,40.0,0.0930193426947004,1.118600718241241
1.6293775,40.0,0.09301929393097405,1.1208993899866206
1.6299956249999998,40.0,0.09301944332843322,1.124623400267749
1.63061375,40.0,0.09301985086404974,1.129531886720739
1.6312318749999999,40.0,0.09302027524026982,1.1354244542877359
1.63185,40.0,0.093020886777652,1.1419746890886608
1.632468125,40.0,0.09302168070301367,1.1489383412529208
1.6330862499999999,40.0,0.0930224482845126,1.1560235598216868
1.633704375,40.0,0.09302339041184927,1.1628787005368069
1.6343225,40.0,0.0930243651765915,1.1693509036896694
1.6349406249999998,40.0,0.09302528587383316,1.1751538811298416
1.63555875,40.0,0.09302632750785642,1.1801505664078198
1.6361768749999999,40.0,0.09302728535751462,1.1842876639890254
1.636795,40.0,0.09302816045542751,1.1874272054922757
1.637413125,40.0,0.09302907875154996,1.1897176744136664
1.6380312499999998,40.0,0.09302984200348194,1.1911364223647116
1.638649375,40.0,0.09303046419149727,1.1918314124082083
1.6392674999999999,40.0,0.09303108454209931,1.1920005440783241
1.639885625,40.0,0.093031545805499,1.1917530563394092
1.64050375,40.0,0.0930318148891401,1.1913131964640369
1.6411218749999998,40.0,0.09303203870539413,1.1908293128790344
1.64174,40.0,0.09303215281426491,1.1904737293753798
1.642358125,40.0,0.09303208894455628,1.1903280795947075
1.6429762499999998,40.0,0.09303193393113664,1.1904769192771774
1.643594375,40.0,0.09303172149133199,1.1909594611222345
1.6442124999999999,40.0,0.09303137320773094,1.191703216367018
1.644830625,40.0,0.09303092220759138,1.1926523776669258
1.64544875,40.0,0.09303045416817782,1.1937107416889134
1.6460668749999998,40.0,0.09302986433259883,1.194664056234715
1.646685,40.0,0.09302920385672893,1.1953731109395964
1.6473031249999999,40.0,0.09302856525008474,1.1956669433917317
1.64792125,40.0,0.09302780819042977,1.1953368336922765
1.648539375,40.0,0.09302704618750052,1.1942186236778392
1.6491574999999998,40.0,0.09302630891616973,1.1922300090089963
1.649775625,40.0,0.09302543612939541,1.1892658386561168
1.6503937499999999,40.0,0.09302465573872408,1.1853065584832172
1.651011875,40.0,0.09302389337647271,1.1803631602521227
1.65163,40.0,0.0930229812279993,1.1746339579828875
1.6522481249999998,40.0,0.09302223477991273,1.1681396771678216
1.65286625,40.0,0.09302151942348373,1.1611599908326011
1.653484375,40.0,0.09302072064275861,1.1540145157280521
1.6541024999999998,40.0,0.09302009287521794,1.1468046175315851
1.654720625,40.0,0.09301953610293792,1.1400064704131487
1.6553387499999999,40.0,0.09301901767750334,1.133799037495151
1.655956875,40.0,0.09301864156375028,1.1285064930295887
1.656575,40.0,0.09301839852450292,1.1243119056313209
1.6571931249999998,40.0,0.09301826311118945,1.121479070321707
1.65781125,40.0,0.09301825579390653,1.120090534744563
1.6584293749999999,40.0,0.09301843753936599,1.120168795606924
1.6590475,40.0,0.09301875257623528,1.1218294915903322
1.659665625,40.0,0.09301920456307432,1.1248579810266213
1.6602837499999998,40.0,0.09301983628070934,1.129187391521601
1.660901875,40.0,0.09302059086136036,1.1346261067197643
1.6615199999999999,40.0,0.09302148522625714,1.1408743974544002
1.662138125,40.0,0.09302252174759865,1.1477118078554949
1.66275625,40.0,0.09302359695646661,1.1548099607832718
1.6633743749999998,40.0,0.0930247653972889,1.1619003879350311
1.6639925,40.0,0.0930260607388687,1.1687099371881529
1.664610625,40.0,0.09302726028938718,1.1749486437820862
1.6652287499999998,40.0,0.09302847981701928,1.1805110489209454
1.665846875,40.0,0.09302979694433891,1.1851596137555094
1.6664649999999999,40.0,0.09303091448319058,1.1888552878292447
1.667083125,40.0,0.09303200835507927,1.1915779388568095
1.66770125,40.0,0.09303312389067343,1.1933272966369481
1.6683193749999998,40.0,0.09303399179277647,1.194236313716122
1.6689375,40.0,0.09303480364165964,1.1943775611931275
1.6695556249999999,40.0,0.09303555964010249,1.1939521257564918
1.67017375,40.0,0.09303609473960338,1.1931523463465399
1.670791875,40.0,0.09303654749090451,1.1921073594261022
1.6714099999999998,40.0,0.09303688387256133,1.1910157572291986
1.672028125,40.0,0.09303707162770092,1.1900864838294622
1.67264625,40.0,0.09303718771255659,1.1893179815617922
1.6732643749999998,40.0,0.09303716962584485,1.1888788915608357
1.6738825,40.0,0.09303705481023192,1.1887544724383157
1.6745006249999999,40.0,0.09303688524094304,1.1889230531908177
1.67511875,40.0,0.09303663821196725,1.1893137526593318
1.675736875,40.0,0.09303630154930127,1.1897911440493572
1.6763549999999998,40.0,0.09303589785846203,1.1902813401982928
1.676973125,40.0,0.0930355137327175,1.1905232913304236
1.6775912499999999,40.0,0.09303503340100922,1.190388431223146
1.678209375,40.0,0.09303449263293824,1.1897638543184537
1.6788275,40.0,0.09303404804086857,1.1884040173045112
1.6794456249999998,40.0,0.09303349602863589,1.1862513646605444
1.68006375,40.0,0.0930329076684,1.1832736570586169
1.6806818749999999,40.0,0.09303245589612676,1.1793867395344908
1.6813,40.0,0.09303192130644945,1.174665143565811
1.681918125,40.0,0.09303136388932409,1.1692325801521974
1.6825362499999998,40.0,0.09303095464220466,1.1632237180755223
1.683154375,40.0,0.09303051825001651,1.1567855635024644
1.6837725,40.0,0.09303010479235785,1.1503063599024699
1.6843906249999998,40.0,0.09302984427863784,1.143877902570662
1.68500875,40.0,0.09302958467842296,1.1378687988975493
1.6856268749999999,40.0,0.09302945223780516,1.1325896634680999
1.686245,40.0,0.09302947738711967,1.1281641922828396
1.686863125,40.0,0.09302951524435299,1.12492381855873
1.6874812499999998,40.0,0.09302974979075503,1.1229658518453995
1.688099375,40.0,0.09303013466634019,1.1224298535317356
1.6887174999999999,40.0,0.09303057254455033,1.1233445384583596
1.689335625,40.0,0.09303120117512169,1.125653442818773
1.68995375,40.0,0.09303197758706482,1.1293387985753653
1.6905718749999998,40.0,0.09303283372846466,1.1341792941839879
1.69119,40.0,0.09303380890102099,1.1399499327059865
1.6918081249999999,40.0,0.093034940986371,1.1465173496820045
1.69242625,40.0,0.09303614301836498,1.153454680543097
1.693044375,40.0,0.09303734078893569,1.1605832258502424
1.6936624999999998,40.0,0.09303867841108797,1.1675748839451234
1.694280625,40.0,0.09304004858002317,1.1741687221349382
1.69489875,40.0,0.09304130164488737,1.1801463511334398
1.6955168749999998,40.0,0.09304263498038236,1.1853053240328815
1.696135,40.0,0.09304392229591962,1.1895211597941644
1.6967531249999999,40.0,0.09304505447588894,1.1927514468834286
1.69737125,40.0,0.09304621250871428,1.1949243207982208
1.697989375,40.0,0.0930472188997488,1.1961201669123012
1.6986074999999998,40.0,0.09304807815589593,1.1964732911272955
1.699225625,40.0,0.09304891717101406,1.1960173254517144
1.6998437499999999,40.0,0.09304953971040307,1.1950371523648047
1.700461875,40.0,0.09305003906152831,1.1936212341401962
1.70108,40.0,0.09305048872119606,1.1920385593368232
1.7016981249999998,40.0,0.09305071487843003,1.190388175386972
1.70231625,40.0,0.09305083529333545,1.188870563533943
1.702934375,40.0,0.09305093573539482,1.1876014914127226
1.7035524999999998,40.0,0.09305084143054262,1.186624351665885
1.704170625,40.0,0.0930506474644202,1.1859858235415204
1.7047887499999999,40.0,0.09305048075447218,1.1856676374587705
1.705406875,40.0,0.09305018452919744,1.185611902928541
1.706025,40.0,0.0930498047361823,1.185650134806997
1.7066431249999998,40.0,0.09304943833178049,1.1857489088715212
1.70726125,40.0,0.09304903315086059,1.1856842636130496
1.7078793749999999,40.0,0.09304857323014058,1.1852482174778347
1.7084975,40.0,0.09304810525143395,1.1844401713392252
1.709115625,40.0,0.09304768080103712,1.1829713624177456
1.7097337499999998,40.0,0.093047194542424,1.1807699157091813
1.710351875,40.0,0.09304673638186162,1.1779058203766315
1.7109699999999999,40.0,0.09304635428318217,1.174170645477344
1.711588125,40.0,0.09304589652501245,1.1697697303547592
1.71220625,40.0,0.09304554375321061,1.164731097839913
1.7128243749999998,40.0,0.09304523209720603,1.1592153047679035
1.7134425,40.0,0.09304488045264539,1.1534371818207503
1.714060625,40.0,0.09304471234746935,1.147576677053074
1.7146787499999998,40.0,0.09304454373974158,1.1419680057960122
1.715296875,40.0,0.09304438570061833,1.1367806610089553
1.7159149999999999,40.0,0.09304447090190435,1.1323061353868946
1.716533125,40.0,0.0930445770630548,1.1287912901277188
1.71715125,40.0,0.09304472106083654,1.1263997462173834
1.7177693749999998,40.0,0.0930451072843302,1.1252386316138032
1.7183875,40.0,0.0930455608113666,1.1254970402658255
1.7190056249999999,40.0,0.0930460776871552,1.1270859048527995
1.71962375,40.0,0.0930467882315389,1.1300109920418808
1.720241875,40.0,0.0930475924794132,1.1341878783618422
1.7208599999999998,40.0,0.09304846482634471,1.1393910323812895
1.721478125,40.0,0.0930494667893328,1.145471546696639
1.7220962499999999,40.0,0.09305055863267352,1.152122489421456
1.722714375,40.0,0.09305168713449809,1.1591128513375226
1.7233325,40.0,0.09305286825644356,1.1661317343881343
1.7239506249999998,40.0,0.09305409067595422,1.1729100043611271
1.72456875,40.0,0.09305529879860155,1.1792157903615708
1.725186875,40.0,0.09305648739019605,1.1847939989997098
1.7258049999999998,40.0,0.09305763962356804,1.1895083117848306
1.726423125,40.0,0.0930586915696229,1.1932213682936441
1.7270412499999999,40.0,0.09305969454412398,1.1958926768306315
1.727659375,40.0,0.09306062652808957,1.1975049193496194
1.7282775,40.0,0.09306134435419336,1.1981159751557975
1.7288956249999998,40.0,0.0930620158778539,1.1978729689899112
1.72951375,40.0,0.09306261476131801,1.1968375344396867
1.7301318749999999,40.0,0.09306292324561793,1.1952930863550837
1.73075,40.0,0.09306321621848587,1.1933197189656173
1.731368125,40.0,0.09306341571226948,1.1911887256444937
1.7319862499999998,40.0,0.09306334099761315,1.1890669998277346
1.732604375,40.0,0.09306328198209661,1.1870069589655334
1.7332224999999999,40.0,0.09306311608945343,1.1853116506853716
1.7338406249999998,40.0,0.09306277062118988,1.1838886983798766
1.73445875,40.0,0.09306242957433195,1.1828048472635857
1.7350768749999999,40.0,0.09306201144325582,1.182143223244767
1.735695,40.0,0.09306152295581312,1.1817051498488989
1.736313125,40.0,0.09306102076014332,1.1814405521730398
1.7369312499999998,40.0,0.09306047135673298,1.1812745527182327
1.737549375,40.0,0.09305990533581861,1.1809703367034972
1.7381674999999999,40.0,0.0930593529201766,1.180430811333813
1.738785625,40.0,0.09305878398193859,1.1794721026979513
1.73940375,40.0,0.09305819974492247,1.1780311331042153
1.7400218749999998,40.0,0.09305766269311151,1.1759334051113426
1.74064,40.0,0.09305716211720479,1.1731743440354148
1.7412581249999999,40.0,0.09305663360944486,1.1697605746050597
1.74187625,40.0,0.09305616231153287,1.1657062059356702
1.742494375,40.0,0.09305579074504061,1.1611142213836319
1.7431124999999998,40.0,0.09305537214581037,1.1561583613656845
1.743730625,40.0,0.0930550292218346,1.151007195190656
1.74434875,40.0,0.09305484384862273,1.1458450636114583
1.7449668749999998,40.0,0.09305460042846009,1.1409883568608343
1.745585,40.0,0.09305445900589737,1.1365895966304578
1.7462031249999999,40.0,0.09305451219457234,1.1329335009045256
1.74682125,40.0,0.09305454015494363,1.130211428621432
1.747439375,40.0,0.09305469329048531,1.128604578581745
1.7480574999999998,40.0,0.0930550228889114,1.1281893149269828
1.748675625,40.0,0.0930553607873849,1.1290942541872981
1.7492937499999999,40.0,0.09305586301482828,1.1312956668615657
1.749911875,40.0,0.09305647864570132,1.1346982867632762
1.75053,40.0,0.09305710137964801,1.1392527815101003
1.7511481249999998,40.0,0.09305790976228015,1.1447359987904575
1.75176625,40.0,0.09305875738922155,1.150947305794643
1.7523843749999999,40.0,0.09305960690896375,1.1576277317704682
1.7530025,40.0,0.09306058554753344,1.1645171461984065
1.753620625,40.0,0.0930615506079541,1.1713493790619594
1.7542387499999998,40.0,0.09306249369825743,1.1778064732549625
1.754856875,40.0,0.09306345036310697,1.1837283299768908
1.755475,40.0,0.09306438776317916,1.1888605881615437
1.7560931249999998,40.0,0.09306522364671528,1.1930309357950408
1.75671125,40.0,0.09306595709752284,1.1962193939775154
1.7573293749999999,40.0,0.09306669313886781,1.1982677149891583
1.7579475,40.0,0.09306725635425166,1.1993080849790116
1.758565625,40.0,0.09306765036097561,1.1993341655573952
1.7591837499999998,40.0,0.09306803736359973,1.1984465814935181
1.759801875,40.0,0.09306823291049972,1.1969156877329226
1.7604199999999999,40.0,0.09306826063643196,1.1947782733968364
1.761038125,40.0,0.0930682523869183,1.1923044682227533
1.76165625,40.0,0.09306805687052903,1.1896994641549126
1.7622743749999998,40.0,0.09306774071343801,1.1871021395237125
1.7628925,40.0,0.09306739525800825,1.1846708694066648
1.7635106249999999,40.0,0.09306687041521573,1.1825292496714586
1.7641287499999998,40.0,0.09306629684159991,1.1807945988196349
1.764746875,40.0,0.09306572226491076,1.1793951204602067
1.7653649999999999,40.0,0.0930649881982012,1.1784114586974983
1.765983125,40.0,0.0930642896715906,1.1777533438187333
1.76660125,40.0,0.09306361368718702,1.1772856049894855
1.7672193749999998,40.0,0.0930628038177458,1.1769321044352696
1.7678375,40.0,0.09306207061613443,1.1765351557012267
1.7684556249999999,40.0,0.0930613890593496,1.175939224531373
1.76907375,40.0,0.0930606259458452,1.1749947282946533
1.769691875,40.0,0.09305992191602419,1.1736283886248997
1.7703099999999998,40.0,0.0930592861289628,1.1716991067495959
1.770928125,40.0,0.0930586535317278,1.16918988134114
1.7715462499999999,40.0,0.09305804351240118,1.1660847577677413
1.772164375,40.0,0.0930575053183999,1.1624610306178118
1.7727825,40.0,0.09305703775903071,1.1583532151550686
1.7734006249999998,40.0,0.09305656118968417,1.1539550925193554
1.77401875,40.0,0.09305619475445154,1.1494561948192892
1.774636875,40.0,0.09305591043425168,1.144967114506687
1.7752549999999998,40.0,0.09305561192492894,1.1408330535590567
1.775873125,40.0,0.09305548374987561,1.1371973026581588
1.7764912499999999,40.0,0.09305539975911856,1.1342832395452658
1.777109375,40.0,0.09305535970015015,1.1322969955651299
1.7777275,40.0,0.09305552224077761,1.1313788546593917
1.7783456249999998,40.0,0.0930556709678759,1.1316397556563882
1.77896375,40.0,0.09305592706762719,1.133076626351874
1.7795818749999999,40.0,0.09305638232518457,1.135775364587786
1.7802,40.0,0.09305679755361917,1.1395741322642199
1.780818125,40.0,0.09305730220809165,1.144369159607295
1.7814362499999998,40.0,0.09305798399494355,1.1500340785757874
1.782054375,40.0,0.09305862556487592,1.1562536846304303
1.7826724999999999,40.0,0.09305929245930358,1.162874654995077
1.783290625,40.0,0.09306008360141826,1.1695669066081935
1.78390875,40.0,0.09306080908114947,1.1760786065588449
1.7845268749999998,40.0,0.09306151396313106,1.1821983633778697
1.785145,40.0,0.09306225048172628,1.1876204625837543
1.785763125,40.0,0.09306289045210074,1.1922447910176603
1.7863812499999998,40.0,0.09306346226565741,1.195860652833526
1.786999375,40.0,0.09306395780788036,1.1984348303214887
1.7876174999999999,40.0,0.09306435499211434,1.1999025752984436
1.788235625,40.0,0.09306463414731614,1.200309603325946
1.78885375,40.0,0.09306478236300682,1.1997531223079219
1.7894718749999998,40.0,0.09306483044857022,1.1983147718702283
1.79009,40.0,0.09306472092173126,1.1962001750456555
1.7907081249999999,40.0,0.09306452546480427,1.1935990049460925
1.79132625,40.0,0.093064208629476,1.1906513663794798
1.791944375,40.0,0.09306370568598801,1.187606588411595
1.7925624999999998,40.0,0.0930632167570637,1.1846530718035684
1.793180625,40.0,0.09306260262455994,1.1818603059575463
1.7937987499999999,40.0,0.09306181279447613,1.1794377285655047
1.7944168749999998,40.0,0.0930611151555214,1.177418123555185
1.795035,40.0,0.09306031325639039,1.1758105775186536
1.7956531249999999,40.0,0.09305939263587702,1.1746363870829428
1.79627125,40.0,0.09305860603657257,1.1738123672389111
1.796889375,40.0,0.09305774579506826,1.173261563355416
1.7975074999999998,40.0,0.09305683767887431,1.172829486591891
1.798125625,40.0,0.09305605103245335,1.1724015263881267
1.7987437499999999,40.0,0.09305523710538956,1.1718738243944782
1.799361875,40.0,0.09305443766933089,1.1710041300742273
1.79998,40.0,0.09305371227476461,1.1697911342919753
1.8005981249999998,40.0,0.09305300476360372,1.1681074750134421
1.80121625,40.0,0.0930523499186756,1.165889760813025
1.8018343749999999,40.0,0.09305176152257776,1.1631480565822705
1.8024525,40.0,0.09305120065512419,1.1599624567216067
1.803070625,40.0,0.09305069575033446,1.1563907792413588
1.8036887499999998,40.0,0.09305029011086882,1.1525257774561253
1.804306875,40.0,0.09304992282185681,1.1486628755024462
1.804925,40.0,0.0930495974756,1.1448497843574554
1.8055431249999998,40.0,0.0930493897929553,1.1413720682556983
1.80616125,40.0,0.09304926179826307,1.1384583400566028
1.8067793749999999,40.0,0.0930491467728693,1.1362128025576441
1.8073975,40.0,0.09304916810500301,1.1348943373716536
1.808015625,40.0,0.09304931858123193,1.134596357419194
1.8086337499999998,40.0,0.09304942877350342,1.1353732658021491
1.809251875,40.0,0.09304970686783066,1.13733943105898
1.8098699999999999,40.0,0.09305012145493692,1.1403574268916739
1.810488125,40.0,0.0930504584675539,1.1444662798215897
1.81110625,40.0,0.09305096166811583,1.1494266582076003
1.8117243749999998,40.0,0.09305153973561497,1.155108872760632
1.8123425,40.0,0.09305205728991683,1.1613146364922369
1.8129606249999999,40.0,0.09305269704975395,1.1677125049961246
1.8135787499999998,40.0,0.09305331091811939,1.1741484167078977
1.814196875,40.0,0.0930538777190773,1.1802946566915873
1.8148149999999998,40.0,0.0930545091866388,1.1859382518215393
1.815433125,40.0,0.093055032226589,1.1908680427813962
1.81605125,40.0,0.09305548463867318,1.194914278666064
1.8166693749999998,40.0,0.09305593297446428,1.1979300443195358
1.8172875,40.0,0.09305623255843516,1.1999061088268288
1.8179056249999999,40.0,0.09305642246742547,1.2007393964729458
1.81852375,40.0,0.09305654750192313,1.2005583466048884
1.819141875,40.0,0.09305653920189154,1.1994281728916512
1.8197599999999998,40.0,0.0930563728777088,1.1974404989388956
1.820378125,40.0,0.09305612107167364,1.1948359410868319
1.8209962499999999,40.0,0.09305580232315004,1.1917742295846392
1.821614375,40.0,0.09305528968077302,1.1884372611733616
1.8222325,40.0,0.09305469811934557,1.1850337206760482
1.8228506249999998,40.0,0.09305410616229201,1.18175915563359
1.82346875,40.0,0.09305334262433601,1.1787405455793722
1.8240868749999999,40.0,0.09305253255855603,1.1760873315619662
1.8247049999999998,40.0,0.09305175127187855,1.173879730596767
1.825323125,40.0,0.09305085935281344,1.1721742101711712
1.8259412499999998,40.0,0.09304997657028853,1.1708866306344583
1.826559375,40.0,0.09304914581946389,1.1700022992419636
1.8271775,40.0,0.09304824313074109,1.1694331814804086
1.8277956249999998,40.0,0.09304741616361303,1.169050172159016
1.82841375,40.0,0.09304665548288782,1.1686491563480408
1.8290318749999999,40.0,0.0930458311349624,1.1682455249566115
1.82965,40.0,0.09304515595043003,1.1675703782278903
1.830268125,40.0,0.09304451758035882,1.1665189218869179
1.8308862499999998,40.0,0.09304383258032971,1.1651706574797884
1.831504375,40.0,0.09304333635434714,1.1632394077576618
1.8321224999999999,40.0,0.09304285778118554,1.1609299111173317
1.832740625,40.0,0.0930423710618689,1.1581880875898756
1.83335875,40.0,0.09304202876535263,1.1550993518522066
1.8339768749999998,40.0,0.09304174318018876,1.1518478866757091
1.834595,40.0,0.09304149213126066,1.1485207004922902
1.835213125,40.0,0.09304130655714846,1.1453672006652416
1.8358312499999998,40.0,0.09304123342155389,1.1425263533782142
1.836449375,40.0,0.09304121154854657,1.140211991234647
1.8370674999999999,40.0,0.09304122150239601,1.1386288054432392
1.837685625,40.0,0.09304137689976891,1.137859323003237
1.83830375,40.0,0.0930415689579992,1.1380776447368979
1.8389218749999998,40.0,0.09304180143519532,1.1393491168844372
1.83954,40.0,0.09304218233925232,1.1416458997716907
1.8401581249999999,40.0,0.09304256965943142,1.1449739601991704
1.84077625,40.0,0.09304301501668748,1.1492410210161237
1.841394375,40.0,0.09304357452643262,1.1542724903860104
1.8420124999999998,40.0,0.09304408422003403,1.159917777117105
1.842630625,40.0,0.09304466678834003,1.1659496474320552
1.8432487499999999,40.0,0.09304531702377267,1.1721048558968348
1.8438668749999998,40.0,0.09304584166108892,1.1781911628274089
1.844485,40.0,0.09304641759778391,1.1838837496623014
1.8451031249999998,40.0,0.0930470252353501,1.1890369969301893
1.84572125,40.0,0.09304745190009668,1.1934073284871918
1.846339375,40.0,0.09304786901255847,1.1968550503836275
1.8469574999999998,40.0,0.09304827426772871,1.1992611475247326
1.847575625,40.0,0.09304847649676555,1.200609763167369
1.8481937499999999,40.0,0.09304862317233312,1.2008599997846678
1.848811875,40.0,0.0930487002011237,1.2000743678181836
1.84943,40.0,0.09304859395522612,1.1984155127133491
1.8500481249999998,40.0,0.0930484104390949,1.1959250395253271
1.85066625,40.0,0.09304811903542058,1.1928911410413157
1.8512843749999999,40.0,0.09304771839461033,1.1894091170009182
1.8519025,40.0,0.09304722055560669,1.1857563311812915
1.852520625,40.0,0.09304662995240451,1.1820945153898152
1.8531387499999998,40.0,0.09304599688715882,1.1785531341898292
1.853756875,40.0,0.0930452706855502,1.1753895639625231
1.8543749999999999,40.0,0.093044537598962,1.1726214910145247
1.8549931249999998,40.0,0.09304375791539347,1.1702893509817
1.85561125,40.0,0.09304293113782085,1.168584968988531
1.8562293749999998,40.0,0.09304221046423049,1.1672637847505365
1.8568475,40.0,0.09304141052848623,1.1664102163662198
1.857465625,40.0,0.09304062575285132,1.1659243740515035
1.8580837499999998,40.0,0.09304000696368023,1.165595951156576
1.858701875,40.0,0.09303931427576413,1.1653871753640945
1.8593199999999999,40.0,0.09303867578410756,1.1651069142264634
1.859938125,40.0,0.09303820780758643,1.1646709323522935
1.86055625,40.0,0.09303769230760119,1.1639039746610365
1.8611743749999998,40.0,0.09303723425976293,1.1628103988502405
1.8617925,40.0,0.09303693793615035,1.1612956611062515
1.8624106249999999,40.0,0.09303661908041999,1.1593713884785937
1.86302875,40.0,0.09303636232392881,1.1570646370355342
1.863646875,40.0,0.0930362316679823,1.1545113890472605
1.8642649999999998,40.0,0.09303610596930045,1.1517636030424434
1.864883125,40.0,0.09303607084861995,1.1490061344983593
1.8655012499999999,40.0,0.0930361116668937,1.1464279231447527
1.8661193749999998,40.0,0.09303617665139942,1.1441621263275412
1.8667375,40.0,0.09303634581919859,1.142422969720227
1.8673556249999999,40.0,0.0930365811751184,1.1413540157810445
1.86797375,40.0,0.093036847792969,1.1411059972979674
1.868591875,40.0,0.09303718952607987,1.1417473599016656
1.8692099999999998,40.0,0.09303762069875395,1.1433773605949074
1.869828125,40.0,0.09303808858098732,1.1459588712871047
1.8704462499999999,40.0,0.0930385751298551,1.1494723212322195
1.871064375,40.0,0.09303917323602504,1.1538146288431292
1.8716825,40.0,0.09303979426771122,1.158822055429695
1.8723006249999998,40.0,0.09304035531720727,1.1643424621378289
1.87291875,40.0,0.09304104637615124,1.1701378819054291
1.8735368749999999,40.0,0.09304171419654088,1.1759662904026131
1.8741549999999998,40.0,0.09304225325354486,1.181640843376456
1.874773125,40.0,0.09304290876557204,1.1868500227480485
1.8753912499999998,40.0,0.09304347269514057,1.1914604462334106
1.876009375,40.0,0.09304390319970393,1.195256841708548
1.8766275,40.0,0.09304437882952725,1.1980691893145163
1.8772456249999998,40.0,0.09304469474542697,1.1999101145765079
1.87786375,40.0,0.09304491619998327,1.2006043779631783
1.8784818749999999,40.0,0.09304510266378296,1.2002942691133092
1.8791,40.0,0.09304510079843496,1.1989860735720952
1.879718125,40.0,0.09304502152923674,1.1967691759240164
1.8803362499999998,40.0,0.0930448785377135,1.193906942215834
1.880954375,40.0,0.09304456889081449,1.1904383270701937
1.8815724999999999,40.0,0.09304418363959147,1.1866492997625404
1.882190625,40.0,0.09304376227791364,1.18275282815017
1.88280875,40.0,0.09304321752286882,1.17886057410416
1.8834268749999998,40.0,0.09304260874304747,1.1752106814360128
1.884045,40.0,0.09304201522850529,1.171930004955752
1.8846631249999999,40.0,0.09304136777539174,1.1691307097044312
1.8852812499999998,40.0,0.09304066011605455,1.1668195719320036
1.885899375,40.0,0.09304000978156163,1.1651001208507195
1.8865174999999998,40.0,0.09303940032441348,1.1639109237908867
1.887135625,40.0,0.09303873106220123,1.1631307770544377
1.88775375,40.0,0.09303814812495383,1.1627647589426866
1.8883718749999998,40.0,0.09303766723340566,1.1626253573949843
1.88899,40.0,0.0930371404104433,1.1625966659223204
1.8896081249999999,40.0,0.0930367365214427,1.162534518404627
1.89022625,40.0,0.09303642478976856,1.162355135396077
1.890844375,40.0,0.09303608403692482,1.1619020236923554
1.8914624999999998,40.0,0.09303590116569184,1.1611153122257805
1.892080625,40.0,0.09303576373876633,1.1599764199287512
1.8926987499999999,40.0,0.09303561781100979,1.1584613781437119
1.893316875,40.0,0.0930356511535181,1.1566056236224278
1.893935,40.0,0.09303567553505732,1.1544994708186782
1.8945531249999998,40.0,0.09303572080489672,1.1522766852725264
1.89517125,40.0,0.09303595196293234,1.1500176687877923
1.8957893749999999,40.0,0.09303614117407258,1.147961414355391
1.8964074999999998,40.0,0.09303637408193266,1.146212343915717
1.897025625,40.0,0.09303675386629937,1.1449559248487289
1.8976437499999999,40.0,0.09303712996872995,1.1443576214756281
1.898261875,40.0,0.09303754114468818,1.1444996552072448
1.89888,40.0,0.09303802858126412,1.1455083482903463
1.8994981249999998,40.0,0.09303858530542358,1.1473910942283878
1.90011625,40.0,0.09303914060505404,1.1501683134539036
1.9007343749999999,40.0,0.09303973445757104,1.153787435507489
1.9013525,40.0,0.09304041632387568,1.1580842873006854
1.901970625,40.0,0.09304105432595108,1.1630383884453972
1.9025887499999998,40.0,0.09304171808265684,1.1683143124321107
1.903206875,40.0,0.09304242959556322,1.1738208071768887
1.9038249999999999,40.0,0.09304306387768378,1.1792899521895783
1.9044431249999998,40.0,0.09304369760752747,1.184459145591188
1.90506125,40.0,0.09304432290939557,1.1892056349682107
1.9056793749999998,40.0,0.0930448314093728,1.1932118986538935
1.9062975,40.0,0.0930453241128644,1.1964262587444348
1.906915625,40.0,0.09304576116947183,1.1986573609662468
1.9075337499999998,40.0,0.09304601171424579,1.1998597668385826
1.908151875,40.0,0.09304626908936774,1.2000091469504683
1.9087699999999999,40.0,0.09304643848895514,1.1991345049078654
1.909388125,40.0,0.0930463714393653,1.1973371123896008
1.91000625,40.0,0.09304633456791346,1.1946850427054594
1.9106243749999998,40.0,0.09304618967048431,1.1914097016598493
1.9112425,40.0,0.09304584664344753,1.1876716320276017
1.9118606249999999,40.0,0.0930455274932829,1.1836082180382193
1.91247875,40.0,0.0930451115024682,1.1795152943603084
1.913096875,40.0,0.09304459011840699,1.1755393498842521
1.9137149999999998,40.0,0.0930440736470311,1.1718011270000124
1.914333125,40.0,0.09304351574385387,1.1685161061327056
1.9149512499999999,40.0,0.09304293780937027,1.1657520328734325
1.9155693749999998,40.0,0.09304235196141025,1.163528485301877
1.9161875,40.0,0.09304179539194683,1.1619110351117161
1.9168056249999998,40.0,0.0930412720368368,1.160846721429681
1.91742375,40.0,0.09304075910029565,1.1602641778450944
1.918041875,40.0,0.0930403315266127,1.1600623916455246
1.9186599999999998,40.0,0.09303993119162599,1.1601356909355154
1.919278125,40.0,0.09303959566342317,1.1603566375003906
1.9198962499999999,40.0,0.09303938370417056,1.1605411899061027
1.920514375,40.0,0.0930391458692487,1.1606437247975274
1.9211325,40.0,0.0930390213381386,1.1605074692931623
1.9217506249999998,40.0,0.09303903202286778,1.16005648452254
1.92236875,40.0,0.09303897734587262,1.1592783031456897
1.9229868749999999,40.0,0.09303904870917262,1.1581597084047366
1.923605,40.0,0.09303924060284305,1.1567262152918916
1.924223125,40.0,0.09303936509741181,1.1550503487042472
1.9248412499999998,40.0,0.0930395999890765,1.1532836416570995
1.925459375,40.0,0.09303994880950237,1.1515025458205788
1.9260774999999999,40.0,0.0930402366756749,1.1498640091013852
1.9266956249999998,40.0,0.0930406162111588,1.1486008605968465
1.92731375,40.0,0.09304109001727025,1.1477316642187647
1.9279318749999999,40.0,0.09304152043723857,1.1475124856519179
1.92855,40.0,0.09304204610037861,1.1479940369852224
1.929168125,40.0,0.09304260132333432,1.1492324456042582
1.9297862499999998,40.0,0.0930431527907515,1.1513354980804866
1.930404375,40.0,0.09304379266990787,1.1541827011088592
1.9310224999999999,40.0,0.09304441361693758,1.1578175767620378
1.931640625,40.0,0.0930450475643625,1.1620583219551717
1.93225875,40.0,0.09304571598219014,1.1667887398863406
1.9328768749999998,40.0,0.09304637924599264,1.1718377187462616
1.933495,40.0,0.09304701731029427,1.1769742056809058
1.9341131249999999,40.0,0.09304761524021019,1.1820146826962619
1.9347312499999998,40.0,0.09304824045323473,1.1867200164246687
1.935349375,40.0,0.09304876197791853,1.190884833577296
1.9359674999999998,40.0,0.09304919567738523,1.1943722973992734
1.936585625,40.0,0.09304967230379246,1.196966180927633
1.93720375,40.0,0.09304997317325317,1.198610059574419
1.9378218749999998,40.0,0.09305016212904589,1.199267705217895
1.93844,40.0,0.09305038545619507,1.1988480521664424
1.9390581249999999,40.0,0.09305041002675515,1.1974926778927555
1.93967625,40.0,0.09305032391122967,1.1952474201959704
1.940294375,40.0,0.09305024260897944,1.1922205250817337
1.9409124999999998,40.0,0.09304997956560564,1.1886281633718454
1.941530625,40.0,0.09304965801816847,1.184642710161922
1.9421487499999999,40.0,0.0930493108463,1.1804172525488301
1.942766875,40.0,0.09304882144224888,1.176210918359173
1.943385,40.0,0.09304834321998924,1.172185098099059
1.9440031249999998,40.0,0.0930478467915072,1.168476724748691
1.94462125,40.0,0.09304726570842387,1.1652467005275682
1.9452393749999999,40.0,0.0930467374620241,1.1625797856910487
1.9458574999999998,40.0,0.09304623396960021,1.160523899389879
1.946475625,40.0,0.09304569341137271,1.1590571021123042
1.9470937499999998,40.0,0.0930452289772793,1.1581977179524379
1.947711875,40.0,0.09304484214819403,1.1578283121591566
1.94833,40.0,0.09304445303727209,1.157874985662836
1.9489481249999998,40.0,0.09304413382740484,1.158167180128299
1.94956625,40.0,0.09304393097734641,1.1586751176167656
1.9501843749999999,40.0,0.09304377126157624,1.159151225257579
1.9508025,40.0,0.0930436310223813,1.1594999610371226
1.951420625,40.0,0.09304362734402734,1.159731876189253
1.9520387499999998,40.0,0.09304369814908335,1.159580201449414
1.952656875,40.0,0.09304373708496491,1.159156921628095
1.9532749999999999,40.0,0.09304392920031891,1.1584209200804085
1.953893125,40.0,0.0930441585202072,1.1573430615690776
1.95451125,40.0,0.09304435878746624,1.156107675091912
1.9551293749999998,40.0,0.09304472315114207,1.1546980907500417
1.9557475,40.0,0.09304505402739183,1.153337003275164
1.9563656249999999,40.0,0.0930454062710997,1.152114533420521
1.9569837499999998,40.0,0.09304589375345894,1.1511640606062579
1.957601875,40.0,0.093046304979394,1.150692539115425
1.9582199999999998,40.0,0.09304678010599528,1.1507315682303072
1.958838125,40.0,0.09304735127563507,1.1514659904442461
1.95945625,40.0,0.09304783577232639,1.1528933833832051
1.9600743749999998,40.0,0.09304838044130426,1.1550742144082955
1.9606925,40.0,0.09304900143686362,1.1579691335217992
1.9613106249999999,40.0,0.09304954782029853,1.16153004490481
1.96192875,40.0,0.09305010580184449,1.1656133110357332
1.962546875,40.0,0.09305071430824904,1.1701223389805042
1.9631649999999998,40.0,0.09305127812524393,1.174848453591948
1.963783125,40.0,0.09305179164821276,1.1795850475544178
1.9644012499999999,40.0,0.09305231222186898,1.1841887899995398
1.9650193749999998,40.0,0.09305279586139151,1.1883684993903691
1.9656375,40.0,0.09305317746641437,1.1920081405949308
1.9662556249999998,40.0,0.09305353107026133,1.1949165288009194
1.96687375,40.0,0.09305383064786345,1.1969474276968932
1.967491875,40.0,0.09305399528084747,1.1980326013379283
1.9681099999999998,40.0,0.09305411313003892,1.198153738153391
1.968728125,40.0,0.09305415520941876,1.1972452086120131
1.9693462499999999,40.0,0.09305404993835498,1.1954448997948988
1.969964375,40.0,0.09305391374921598,1.192817902285949
1.9705825,40.0,0.0930536801800909,1.1894856963303422
1.9712006249999998,40.0,0.09305329891361319,1.1856411569906513
1.97181875,40.0,0.09305295827633894,1.1814879841488346
1.9724368749999999,40.0,0.09305250046732552,1.1771632301408765
1.973055,40.0,0.09305191496640226,1.1729392590942136
1.973673125,40.0,0.0930514513876463,1.1689056815719048
1.9742912499999998,40.0,0.0930508772520757,1.1653144145964756
1.974909375,40.0,0.0930502469958585,1.1622230543566088
1.9755274999999999,40.0,0.09304975438531077,1.1596670443467776
1.9761456249999998,40.0,0.09304919933412956,1.1578808166853256
1.97676375,40.0,0.09304867265352304,1.1565978977869056
1.9773818749999998,40.0,0.0930482457417172,1.1559768939801849
1.978,40.0,0.09304784406196408,1.1558879156398318
1.978618125,40.0,0.09304750086358847,1.1561665675859032
1.9792362499999998,40.0,0.0930472275353751,1.1567673782756904
1.979854375,40.0,0.0930470480181144,1.1575207228842412
1.9804724999999999,40.0,0.0930469133606549,1.1582967153554207
1.981090625,40.0,0.09304685015874824,1.1589671655934346
1.98170875,40.0,0.09304687946047996,1.1594482158137616
1.9823268749999998,40.0,0.09304693880459687,1.1596612830661845
1.982945,40.0,0.09304708519403587,1.1595490866565283
1.9835631249999999,40.0,0.09304728760013911,1.1591262955345647
1.98418125,40.0,0.09304748495612847,1.1584358153713499
1.984799375,40.0,0.09304778268643221,1.1575038934360131
1.9854174999999998,40.0,0.09304812836229874,1.1564736089447993
1.986035625,40.0,0.09304841437346599,1.1554381678885715
1.9866537499999999,40.0,0.0930488160307454,1.1545370055566067
1.9872718749999998,40.0,0.09304926193730431,1.1538945775135605
1.98789,40.0,0.09304960815485654,1.1536776382032845
1.9885081249999998,40.0,0.09305008269975212,1.153946646112903
1.98912625,40.0,0.09305058022541977,1.1548315923674974
1.989744375,40.0,0.09305097424568395,1.1563776477485035
1.9903624999999998,40.0,0.0930514847954742,1.1585729943264536
1.990980625,40.0,0.09305198956221375,1.161435468017686
1.9915987499999999,40.0,0.09305241542395432,1.1648581921793293
1.992216875,40.0,0.09305291508131222,1.1687439861798923
1.992835,40.0,0.0930533667883645,1.1729714181315034
1.9934531249999998,40.0,0.09305378043301614,1.1773393818230058
1.99407125,40.0,0.09305421427105243,1.1816563009653553
1.9946893749999999,40.0,0.09305455624880879,1.1858000763227563
1.9953074999999998,40.0,0.09305486936914151,1.1894562836814468
1.995925625,40.0,0.09305514448593864,1.192566382274795
1.9965437499999998,40.0,0.0930553311091676,1.1949276181630062
1.997161875,40.0,0.09305544307266492,1.1964062777262991
1.99778,40.0,0.0930554797398435,1.1969960893527136
1.9983981249999998,40.0,0.09305547007815781,1.1965897922998567
1.99901625,40.0,0.09305531226390738,1.1952770401456119
1.9996343749999999,40.0,0.09305509274725457,1.1930947570652917
2.0002524999999998,40.0,0.09305486095099923,1.1901127594655454
