time_s,airspeed_mps,tip_bending_m,tip_twist_deg
0.0,65.0,0.0,0.0
0.0003803846153846154,65.0,1.1326091612379638e-6,0.00029054203812114434
0.0007607692307692308,65.0,5.252608876172669e-6,0.002135547538981318
0.0011411538461538462,65.0,1.292794459420115e-5,0.008542937535534005
0.0015215384615384615,65.0,2.428417459159285e-5,0.022760785907003537
0.0019019230769230769,65.0,3.974591373258761e-5,0.047468674215201616
0.0022823076923076924,65.0,5.966039325018851e-5,0.08511621532814947
0.0026626923076923078,65.0,8.439660075721627e-5,0.13798197990874383
0.003043076923076923,65.0,0.00011443910578963053,0.20841503373813391
0.0034234615384615384,65.0,0.00015080874574201794,0.2984567125498715
0.0038038461538461537,65.0,0.0001949114328676497,0.40965794961177837
0.004184230769230769,65.0,0.00024680794087550976,0.5416587965745462
0.004564615384615385,65.0,0.00030406712671135824,0.6918895341226468
0.004945,65.0,0.0003642246551019456,0.8556885321915383
0.0053253846153846155,65.0,0.0004271655641261285,1.0273043746026411
0.00570576923076923,65.0,0.0004937536455530629,1.2029615046415867
0.006086153846153846,65.0,0.0005647012724926268,1.3802592931885325
0.006466538461538462,65.0,0.0006411590874991776,1.5561390126798331
0.006846923076923077,65.0,0.0007243261449079346,1.727870674311138
0.007227307692307693,65.0,0.0008151588775050408,1.8936705373884881
0.0076076923076923075,65.0,0.000914943684467117,2.0526109959759062
0.007988076923076922,65.0,0.0010255628117136868,2.205280596387617
0.008368461538461538,65.0,0.0011493083795434897,2.3536272910550835
0.008748846153846154,65.0,0.0012881657312052719,2.500511855262272
0.00912923076923077,65.0,0.0014433585969962405,2.6481486631528734
0.009509615384615385,65.0,0.001615630742498291,2.7969676472433216
0.00989,65.0,0.0018054691225610426,2.94606460542215
0.010270384615384615,65.0,0.002013341489600893,3.0943284552125374
0.010650769230769231,65.0,0.0022402489440215222,3.2412560022250387
0.011031153846153847,65.0,0.0024878670067947323,3.3855437414554603
0.01141153846153846,65.0,0.0027574317417219363,3.523917932926049
0.011791923076923077,65.0,0.003048352705166142,3.652007242076434
0.012172307692307692,65.0,0.003359212570572224,3.765915257075302
0.012552692307692308,65.0,0.0036903416063772095,3.8623805696098215
0.012933076923076924,65.0,0.004043996308669037,3.939411063385105
0.013313461538461538,65.0,0.0044223414478807566,3.997204684838187
0.013693846153846154,65.0,0.004826942612431801,4.037155964996975
0.01407423076923077,65.0,0.005259447383394427,4.060248403396382
0.014454615384615385,65.0,0.005720748788991739,4.067326484942369
0.014835,65.0,0.006210729353831357,4.060190542162261
0.015215384615384615,65.0,0.0067296284460642754,4.04136792449406
0.01559576923076923,65.0,0.007277906244285425,4.014347707488989
0.015976153846153845,65.0,0.007855431483965291,3.9818173298266206
0.01635653846153846,65.0,0.008461635406753012,3.944414443922563
0.016736923076923076,65.0,0.009095548685383517,3.9021466432204455
0.017117307692307692,65.0,0.009756046405203068,3.853950781445096
0.017497692307692308,65.0,0.010442285422622313,3.7980939269282787
0.017878076923076924,65.0,0.011154020978802677,3.733360819945457
0.01825846153846154,65.0,0.011892184270210247,3.6592354839638492
0.018638846153846155,65.0,0.012658203879707959,3.5741915310099173
0.01901923076923077,65.0,0.01345222324884232,3.4759550901820444
0.019399615384615383,65.0,0.014273108746355555,3.363032558534116
0.01978,65.0,0.015120474556028886,3.2359172582376767
0.020160384615384615,65.0,0.01599585819321926,3.0971140619136373
0.02054076923076923,65.0,0.016901216755302245,2.9494712945527755
0.020921153846153846,65.0,0.01783732385440914,2.795928535704139
0.021301538461538462,65.0,0.018804403870888994,2.638781825562198
0.021681923076923078,65.0,0.01980242877587443,2.4802747926689
0.022062307692307694,65.0,0.020830226588000437,2.3229045373337143
0.02244269230769231,65.0,0.02188610201999719,2.1692740434989077
0.02282307692307692,65.0,0.022969188918909467,2.0218087268308387
0.023203461538461537,65.0,0.024078881563857246,1.881845566399564
0.023583846153846153,65.0,0.025214002131156172,1.7487633278526575
0.02396423076923077,65.0,0.026373443474705126,1.620620906169034
0.024344615384615385,65.0,0.027556310036462438,1.496079626438742
0.024725,65.0,0.028761536111958395,1.3744696389492688
0.025105384615384616,65.0,0.029988495350987385,1.2549164632749088
0.025485769230769232,65.0,0.03123733787461127,1.1364442125873748
0.025866153846153848,65.0,0.03250850433079177,1.0190443984207453
0.02624653846153846,65.0,0.03380170785422589,0.9027220246508597
0.026626923076923076,65.0,0.035114787637332584,0.7887277124198586
0.02700730769230769,65.0,0.036444853168605934,0.6798008781946108
0.027387692307692307,65.0,0.03779040204626161,0.57938287060967
0.027768076923076923,65.0,0.03915078697719158,0.49167681393331336
0.02814846153846154,65.0,0.040524547912373185,0.41909977926955144
0.028528846153846155,65.0,0.04190938562904591,0.36237115781791746
0.02890923076923077,65.0,0.04330306819222967,0.32226851338469537
0.029289615384615386,65.0,0.0447032455992904,0.2999336876004783
0.02967,65.0,0.046106986914806795,0.2953931951404611
0.030050384615384614,65.0,0.0475119611065942,0.3068871869226531
0.03043076923076923,65.0,0.04891715325324827,0.3311245653055833
0.030811153846153846,65.0,0.05032172257512139,0.3643144361597897
0.03119153846153846,65.0,0.05172475709122307,0.4028137029990584
0.031571923076923074,65.0,0.05312588315328406,0.4437453117062127
0.03195230769230769,65.0,0.05452472710428498,0.48619432825675957
0.032332692307692305,65.0,0.055920613083160056,0.5302586856762707
0.03271307692307692,65.0,0.05731340168591613,0.5767501472434583
0.03309346153846154,65.0,0.058703590455614595,0.6265623039226748
0.03347384615384615,65.0,0.0600911089795175,0.6809040263759516
0.03385423076923077,65.0,0.0614744660570232,0.741711310629592
0.034234615384615384,65.0,0.06285119776106685,0.8105112328819534
0.034615,65.0,0.06421932912317659,0.8879053041681222
0.034995384615384616,65.0,0.06557840318294071,0.9721944555470433
0.03537576923076923,65.0,0.06692833005690735,1.0603250026689224
0.03575615384615385,65.0,0.06826824402771894,1.1484030471782587
0.03613653846153846,65.0,0.0695975271868423,1.2323090824557126
0.03651692307692308,65.0,0.07091607391388462,1.309622580345554
0.036897307692307695,65.0,0.07222333846030457,1.3799042770047307
0.03727769230769231,65.0,0.07351886611863861,1.4435236227873862
0.037658076923076926,65.0,0.07480322775321922,1.501499263194564
0.03803846153846154,65.0,0.07607752267152108,1.5557603901458763
0.03841884615384615,65.0,0.07734246254884719,1.6089674162827263
0.038799230769230766,65.0,0.07859839167391029,1.6647290907460195
0.03917961538461538,65.0,0.07984544882817017,1.725295389442297
0.03956,65.0,0.0810829085348321,1.7908340634729456
0.039940384615384614,65.0,0.08230958381181018,1.859785681046223
0.04032076923076923,65.0,0.08352514426168124,1.9288301900222695
0.040701153846153845,65.0,0.08472956929867248,1.9938300070843349
0.04108153846153846,65.0,0.0859218684440342,2.0517545757404427
0.04146192307692308,65.0,0.08710042822725743,2.1018251596369883
0.04184230769230769,65.0,0.08826427092367801,2.1445028152562426
0.04222269230769231,65.0,0.08941391481479488,2.181022222776367
0.042603076923076924,65.0,0.09055114346376747,2.2129574195352157
0.04298346153846154,65.0,0.09167773433136923,2.2427054666510235
0.043363846153846156,65.0,0.09279505428692508,2.2727653587879004
0.04374423076923077,65.0,0.09390478302096815,2.3049483513133437
0.04412461538461539,65.0,0.09500836971393509,2.339730778589198
0.044505,65.0,0.09610629491239463,2.376090299117989
0.04488538461538462,65.0,0.09719929752694385,2.4114162311218212
0.04526576923076923,65.0,0.09828895154939962,2.441893170656263
0.04564615384615384,65.0,0.09937650527820545,2.4641648338306363
0.04602653846153846,65.0,0.1004627526865326,2.4761926093776716
0.046406923076923075,65.0,0.10154846774258813,2.4777244733117203
0.04678730769230769,65.0,0.10263399231536598,2.4689776469007785
0.047167692307692306,65.0,0.10371926462410763,2.4503541064578145
0.04754807692307692,65.0,0.10480487245929361,2.423706373560672
0.04792846153846154,65.0,0.10589264416202196,2.3923181878285753
0.048308846153846154,65.0,0.10698422591257781,2.3590287266894747
0.04868923076923077,65.0,0.1080799221238677,2.3252646386768214
0.049069615384615385,65.0,0.10917998389339774,2.2906314803506764
0.04945,65.0,0.1102856558823245,2.253223157922866
0.04983038461538462,65.0,0.11139885122544578,2.2112358685488145
0.05021076923076923,65.0,0.11252155707080105,2.16257162468297
0.05059115384615385,65.0,0.11365498413386013,2.1056022809928274
0.050971538461538464,65.0,0.11479965430192683,2.039731576811473
0.05135192307692308,65.0,0.11595587786566765,1.9642914469495911
0.051732307692307695,65.0,0.11712307018295469,1.8792321534853587
0.05211269230769231,65.0,0.11830009198051682,1.7860628932574487
0.05249307692307692,65.0,0.11948668475480442,1.6881922504966766
0.052873461538461536,65.0,0.12068318260545029,1.5893164933496111
0.05325384615384615,65.0,0.121889446097466,1.492176807296698
0.05363423076923077,65.0,0.12310509934490232,1.3984265498182633
0.05401461538461538,65.0,0.12432986447546332,1.3082702656118856
0.054395,65.0,0.12556309000748006,1.2212671588524158
0.054775384615384615,65.0,0.1268042001665667,1.1369896307291172
0.05515576923076923,65.0,0.12805382623781508,1.0543388583048903
0.055536153846153846,65.0,0.12931309780418287,0.9712592700777564
0.05591653846153846,65.0,0.13058200689211888,0.8857516867371809
0.05629692307692308,65.0,0.13185981541799074,0.7976817556813869
0.056677307692307693,65.0,0.1331464398713325,0.7090354569152293
0.05705769230769231,65.0,0.13444248567748876,0.6219433257553432
0.057438076923076925,65.0,0.13574848886906665,0.5384392513494743
0.05781846153846154,65.0,0.13706440645753656,0.4608740475103419
0.05819884615384616,65.0,0.1383895775810078,0.3915730740765281
0.05857923076923077,65.0,0.13972296997019967,0.3328681410725598
0.05895961538461539,65.0,0.14106314428015168,0.28595322550598723
0.05934,65.0,0.14240806415551233,0.2505564428497077
0.05972038461538461,65.0,0.1437557843689694,0.22548192441642617
0.06010076923076923,65.0,0.14510536715373068,0.20805274909315574
0.060481153846153844,65.0,0.14645644441241487,0.19552495964981034
0.06086153846153846,65.0,0.14780840622499056,0.18717159704718359
0.061241923076923076,65.0,0.14916058856130865,0.18288115608323025
0.06162230769230769,65.0,0.15051224246602307,0.18252378167654978
0.06200269230769231,65.0,0.15186208769134474,0.18636903358105492
0.06238307692307692,65.0,0.15320925481973008,0.19607537665803876
0.06276346153846153,65.0,0.15455394622396426,0.2139189332027662
0.06314384615384615,65.0,0.1558956710921552,0.24147664059025067
0.06352423076923076,65.0,0.1572322820967078,0.2792106050116634
0.06390461538461538,65.0,0.1585614694777517,0.32587825140768456
0.064285,65.0,0.15988162048580326,0.37958358170843565
0.06466538461538461,65.0,0.16119143189283025,0.43842173922945793
0.06504576923076923,65.0,0.16248949470596166,0.5004802811107886
0.06542615384615384,65.0,0.1637741032028693,0.5634289968240691
0.06580653846153846,65.0,0.16504359943060665,0.6246891160797069
0.06618692307692307,65.0,0.16629651751938646,0.6824130265516823
0.06656730769230769,65.0,0.16753145338039527,0.7364766135584511
0.0669476923076923,65.0,0.1687473487809038,0.7880356483244491
0.06732807692307692,65.0,0.16994389439178387,0.8385003451203796
0.06770846153846154,65.0,0.17112174845471628,0.8889159740288666
0.06808884615384615,65.0,0.17228184673860583,0.939692970451973
0.06846923076923077,65.0,0.17342451831626043,0.9908149494072018
0.06884961538461538,65.0,0.17454981109576548,1.0414617752273398
0.06923,65.0,0.17565745702717656,1.090414560554071
0.06961038461538462,65.0,0.17674669942761667,1.1365906046382184
0.06999076923076923,65.0,0.17781747415536278,1.1782880018336566
0.07037115384615385,65.0,0.17887022221852591,1.2132501899288635
0.07075153846153846,65.0,0.17990432182819033,1.2410792415547838
0.07113192307692308,65.0,0.18091858116631174,1.2629554401765102
0.0715123076923077,65.0,0.18191260433852174,1.279879824213229
0.07189269230769231,65.0,0.18288676139184706,1.292723171517676
0.07227307692307693,65.0,0.18384151987746153,1.302728567118291
0.07265346153846154,65.0,0.18477726886791412,1.3121775133659983
0.07303384615384616,65.0,0.18569454391273787,1.3233123853459425
0.07341423076923077,65.0,0.18659376145921935,1.3371533270575457
0.07379461538461539,65.0,0.18747496095138444,1.353092544859401
0.074175,65.0,0.18833806967311817,1.3700632002637774
0.07455538461538462,65.0,0.18918309640568853,1.387389183306157
0.07493576923076924,65.0,0.19001058724035672,1.4045913803802026
0.07531615384615385,65.0,0.19082158947803196,1.4215833171717758
0.07569653846153847,65.0,0.19161666208782943,1.438595682135889
0.07607692307692308,65.0,0.19239571510214096,1.4561408152581452
0.0764573076923077,65.0,0.19315836603272746,1.4749924256914029
0.0768376923076923,65.0,0.19390388205662112,1.4966248626612177
0.07721807692307692,65.0,0.19463179764527397,1.5228316695037452
0.07759846153846153,65.0,0.19534251061598173,1.5550312171759406
0.07797884615384615,65.0,0.1960364095100142,1.5936980056965413
0.07835923076923076,65.0,0.19671299071949203,1.638485581337611
0.07873961538461538,65.0,0.1973717953988248,1.688775061760541
0.07912,65.0,0.19801370624446643,1.7433048158908477
0.07950038461538461,65.0,0.19864015379753,1.8012483153214953
0.07988076923076923,65.0,0.1992520969714737,1.8609444348761202
0.08026115384615384,65.0,0.19985069684738432,1.9200604424731755
0.08064153846153846,65.0,0.20043734379134534,1.977724523545163
0.08102192307692307,65.0,0.20101309067778447,2.034636851841705
0.08140230769230769,65.0,0.2015788435235431,2.0918990078074984
0.0817826923076923,65.0,0.20213527531856276,2.149685097705114
0.08216307692307692,65.0,0.20268317633886604,2.2078569215976334
0.08254346153846154,65.0,0.2032240262357779,2.266884094097785
0.08292384615384615,65.0,0.20375934129293102,2.327463762474582
0.08330423076923077,65.0,0.20429010496141625,2.3889960492813818
0.08368461538461539,65.0,0.2048167611745898,2.449918232486794
0.084065,65.0,0.20533941973204636,2.508303343225994
0.08444538461538462,65.0,0.20585836147586883,2.5622214941663684
0.08482576923076923,65.0,0.2063744705792534,2.609829991319136
0.08520615384615385,65.0,0.20688933431167852,2.6500405319071954
0.08558653846153846,65.0,0.20740419574333777,2.6827436961212934
0.08596692307692308,65.0,0.2079193495338138,2.7074274177063424
0.0863473076923077,65.0,0.20843571038929506,2.7244734811619233
0.08672769230769231,65.0,0.2089551540776934,2.7353355178377794
0.08710807692307693,65.0,0.20947893460249561,2.7418130820460855
0.08748846153846154,65.0,0.21000767143545063,2.7451482909113056
0.08786884615384616,65.0,0.21054199712180496,2.745612460299895
0.08824923076923077,65.0,0.21108215427891633,2.742805479197941
0.08862961538461539,65.0,0.2116276612719964,2.7356495454209107
0.08901,65.0,0.2121776709476375,2.7227581874607214
0.08939038461538462,65.0,0.21273151041629976,2.7034822244115873
0.08977076923076924,65.0,0.2132887915754571,2.677449729854989
0.09015115384615385,65.0,0.21384958289372522,2.6436291656866366
0.09053153846153845,65.0,0.21441423834040707,2.602057556479178
0.09091192307692307,65.0,0.21498261196420404,2.5537113893729133
0.09129230769230769,65.0,0.21555422574014904,2.50025759964353
0.0916726923076923,65.0,0.21612869347913813,2.4435600944829265
0.09205307692307692,65.0,0.21670583088100334,2.38514814588896
0.09243346153846153,65.0,0.21728621248683044,2.3264860040823883
0.09281384615384615,65.0,0.21787053255919056,2.2685239686286742
0.09319423076923077,65.0,0.2184584832940493,2.211600213584094
0.09357461538461538,65.0,0.21904946320132168,2.155569273230154
0.093955,65.0,0.21964352795714173,2.100141125639893
0.09433538461538461,65.0,0.22024087545789373,2.0439165998390876
0.09471576923076923,65.0,0.22084092392337817,1.9855054827011724
0.09509615384615384,65.0,0.22144285222461427,1.9252842673327706
0.09547653846153846,65.0,0.22204634638567722,1.8644890493826498
0.09585692307692308,65.0,0.2226506805027566,1.8041261322551758
0.09623730769230769,65.0,0.22325450956241488,1.74472376761735
0.09661769230769231,65.0,0.2238568046973271,1.687558503562135
0.09699807692307692,65.0,0.2244568362830794,1.6340489079214806
0.09737846153846154,65.0,0.22505421637128656,1.5853576510830987
0.09775884615384615,65.0,0.2256491367975176,1.5421688275313103
0.09813923076923077,65.0,0.22624162359288164,1.5044733212153343
0.09851961538461539,65.0,0.22683096053221824,1.4715843962249204
0.0989,65.0,0.22741600096706563,1.4421364849685003
0.09928038461538462,65.0,0.22799571981304384,1.4152261094949579
0.09966076923076923,65.0,0.2285694791262051,1.3901939618015462
0.10004115384615385,65.0,0.22913691076358111,1.366322653841315
0.10042153846153846,65.0,0.22969734444687984,1.3432175168334328
0.10080192307692308,65.0,0.23024934365038502,1.3211452357508666
0.1011823076923077,65.0,0.23079160777437682,1.3005777584100569
0.10156269230769231,65.0,0.2313236261668608,1.282332842869549
0.10194307692307693,65.0,0.2318446174028091,1.2673910142445626
0.10232346153846154,65.0,0.232353215191609,1.2559692938823015
0.10270384615384616,65.0,0.2328483992557191,1.2475006347493733
0.10308423076923078,65.0,0.23332953089803307,1.2409450632148344
0.10346461538461539,65.0,0.23379571021230822,1.235888409314328
0.103845,65.0,0.23424584548887897,1.2320928870899532
0.10422538461538462,65.0,0.23467926924404559,1.2283407130279724
0.10460576923076922,65.0,0.23509579475958955,1.2227557732248708
0.10498615384615384,65.0,0.235495661703627,1.2147811601477656
0.10536653846153846,65.0,0.23587962963396814,1.204691086548777
0.10574692307692307,65.0,0.23624813335018038,1.1925826494151817
0.10612730769230769,65.0,0.23660082363918594,1.1786967515394697
0.1065076923076923,65.0,0.23693726028757406,1.1635317855233074
0.10688807692307692,65.0,0.23725728926461281,1.1477882553213976
0.10726846153846153,65.0,0.23756104021430152,1.1321909008994167
0.10764884615384615,65.0,0.23784872551978675,1.1173139339289335
0.10802923076923077,65.0,0.23812012486502115,1.103279957700553
0.10840961538461538,65.0,0.23837460939405755,1.0898658494856825
0.10879,65.0,0.23861200108068675,1.0760847687228527
0.10917038461538461,65.0,0.23883269117999242,1.0615588596836891
0.10955076923076923,65.0,0.23903665725472495,1.046490903732118
0.10993115384615385,65.0,0.2392236561146949,1.0305809733047973
0.11031153846153846,65.0,0.23939413828250342,1.0139701033171766
0.11069192307692308,65.0,0.23954862577964822,0.9969386671878556
0.11107230769230769,65.0,0.23968708250967763,0.9798337765969523
0.11145269230769231,65.0,0.239809448188998,0.963439003621166
0.11183307692307692,65.0,0.2399160190433835,0.9490082760155539
0.11221346153846154,65.0,0.2400072891537945,0.9380542692004336
0.11259384615384616,65.0,0.2400837648615712,0.9311506970726529
0.11297423076923077,65.0,0.24014591085754683,0.9281415908878055
0.11335461538461539,65.0,0.2401935867898316,0.929271729455127
0.113735,65.0,0.24022582521105465,0.9348893320429651
0.11411538461538462,65.0,0.24024179523652525,0.9445866171754291
0.11449576923076923,65.0,0.2402411647178786,0.9571896163340136
0.11487615384615385,65.0,0.24022379027439236,0.9719449934584001
0.11525653846153847,65.0,0.24018966888797327,0.9891309283047294
0.11563692307692308,65.0,0.24013860730274175,1.0088989090516087
0.1160173076923077,65.0,0.24007055024903992,1.0313077333057505
0.11639769230769231,65.0,0.23998617310100379,1.0566429989210846
0.11677807692307693,65.0,0.23988622702920145,1.0850790284044933
0.11715846153846154,65.0,0.2397710867948943,1.1172618737989466
0.11753884615384616,65.0,0.23964132462289436,1.1537712292557414
0.11791923076923078,65.0,0.23949805861428072,1.1947970931946568
0.11829961538461538,65.0,0.23934208989192224,1.2404894748551396
0.11868,65.0,0.23917347100001324,1.290035844460045
0.11906038461538461,65.0,0.2389925623164961,1.3422809378260072
0.11944076923076923,65.0,0.23880009762046955,1.3963580475488218
0.11982115384615384,65.0,0.2385967607988523,1.4510913895474946
0.12020153846153846,65.0,0.2383836484122237,1.5059188416589304
0.12058192307692307,65.0,0.23816179150345837,1.5606476724003027
0.12096230769230769,65.0,0.2379314466157804,1.6143932488079253
0.1213426923076923,65.0,0.2376926057191862,1.6668256134575696
0.12172307692307692,65.0,0.23744584817613154,1.718737030728419
0.12210346153846154,65.0,0.23719246174871125,1.7711657334304673
0.12248384615384615,65.0,0.23693360340626377,1.8241595645943933
0.12286423076923077,65.0,0.23667016190371293,1.8771722087137996
0.12324461538461538,65.0,0.23640316178358717,1.9301059890359613
0.123625,65.0,0.23613367661467655,1.9834110186274128
0.12400538461538461,65.0,0.23586295022825263,2.036549608584235
0.12438576923076923,65.0,0.23559185077031253,2.0881132936718485
0.12476615384615385,65.0,0.23532060030931448,2.1369988459584413
0.12514653846153848,65.0,0.23504985461962477,2.182561624367658
0.12552692307692306,65.0,0.23478043407241178,2.2244659898785777
0.12590730769230768,65.0,0.23451231158249392,2.2625510932257473
0.1262876923076923,65.0,0.23424514403331897,2.297387250039197
0.1266680769230769,65.0,0.2339789356658704,2.3296134417588297
0.12704846153846153,65.0,0.23371394425635245,2.3599450300718585
0.12742884615384614,65.0,0.23345050844604234,2.389190189550676
0.12780923076923076,65.0,0.23318920824455977,2.417972076888229
0.12818961538461537,65.0,0.2329304560139206,2.446662391435046
0.12857,65.0,0.23267372919763157,2.475090115065954
0.1289503846153846,65.0,0.23241856834727254,2.502674672597823
0.12933076923076922,65.0,0.23216540154875576,2.528706434528055
0.12971115384615384,65.0,0.23191477489081247,2.5524215279678217
0.13009153846153845,65.0,0.23166712763516092,2.5735700704247506
0.13047192307692307,65.0,0.2314228179634849,2.5927335596569985
0.13085230769230768,65.0,0.23118215992205238,2.6095676893073234
0.1312326923076923,65.0,0.23094564572122894,2.6237354217971527
0.13161307692307692,65.0,0.23071359574729886,2.63638602492496
0.13199346153846153,65.0,0.23048595581682327,2.649148832973239
0.13237384615384615,65.0,0.23026251348053084,2.6630435234339096
0.13275423076923076,65.0,0.2300433302288534,2.6782633540652876
0.13313461538461538,65.0,0.22982856350579867,2.694693922066894
0.133515,65.0,0.22961757102492256,2.7123921688912067
0.1338953846153846,65.0,0.22940963908972403,2.731107386464487
0.13427576923076923,65.0,0.22920480267343954,2.749813941225372
0.13465615384615384,65.0,0.2290031426567325,2.7677875273045496
0.13503653846153846,65.0,0.2288049483890999,2.784555099326823
0.13541692307692307,65.0,0.22861080585539106,2.7997902345415993
0.1357973076923077,65.0,0.22842067826523624,2.8134828378104224
0.1361776923076923,65.0,0.22823392853439398,2.8260794064958286
0.13655807692307692,65.0,0.22805019700928975,2.838120097811624
0.13693846153846154,65.0,0.22786969228620302,2.8500422081752372
0.13731884615384615,65.0,0.2276924496113834,2.862545496205423
0.13769923076923077,65.0,0.22751796522618872,2.875821578970492
0.13807961538461538,65.0,0.22734578227981483,2.8899716221132743
0.13846,65.0,0.22717542996522516,2.904863701096527
0.13884038461538462,65.0,0.22700620450275522,2.9200142117764663
0.13922076923076923,65.0,0.22683719460218235,2.9345029096976756
0.13960115384615385,65.0,0.22666713958785945,2.9466003678662425
0.13998153846153846,65.0,0.22649515835064477,2.955719481177158
0.14036192307692308,65.0,0.2263209612400711,2.9622127566758305
0.1407423076923077,65.0,0.22614394452625763,2.966134203491937
0.1411226923076923,65.0,0.22596316802668018,2.9668946074848597
0.14150307692307693,65.0,0.22577806309464662,2.9647581117051196
0.14188346153846154,65.0,0.2255887094585005,2.9608294993564375
0.14226384615384616,65.0,0.22539536473501676,2.955866272420517
0.14264423076923077,65.0,0.22519826387488087,2.950233441249531
0.1430246153846154,65.0,0.2249977449300049,2.943775604765046
0.143405,65.0,0.22479338148337744,2.936318384353486
0.14378538461538462,65.0,0.22458415002279633,2.927612811824622
0.14416576923076924,65.0,0.2243698394490196,2.9172686572423867
0.14454615384615385,65.0,0.22415056404145484,2.904689198049925
0.14492653846153847,65.0,0.22392595698567344,2.8895506678948615
0.14530692307692308,65.0,0.2236956583178325,2.8714098074607417
0.1456873076923077,65.0,0.22345962452891419,2.8502819559601327
0.14606769230769232,65.0,0.22321797602967386,2.8268589391382535
0.14644807692307693,65.0,0.22297065090712614,2.8016706236491418
0.14682846153846155,65.0,0.22271743273988878,2.7758211935072827
0.14720884615384616,65.0,0.22245833057933606,2.750183239771364
0.14758923076923078,65.0,0.22219370632455138,2.7251149410970448
0.1479696153846154,65.0,0.22192410279744476,2.7008917599729285
0.14835,65.0,0.22164968898316004,2.6778686340263875
0.14873038461538463,65.0,0.22137027078683408,2.6561969198203914
0.14911076923076924,65.0,0.22108603214896003,2.63563956046957
0.14949115384615386,65.0,0.22079736979790374,2.6151762164456045
0.14987153846153847,65.0,0.22050457131492582,2.594430991893502
0.1502519230769231,65.0,0.22020804860120183,2.5740703698676883
0.1506323076923077,65.0,0.21990780532836293,2.554308316825366
0.15101269230769232,65.0,0.21960299358740154,2.534947719669566
0.15139307692307694,65.0,0.21929280711533256,2.5159826276396964
0.15177346153846155,65.0,0.218977261635339,2.4985302106124867
0.15215384615384617,65.0,0.21865646522932966,2.483430789675772
0.15253423076923078,65.0,0.2183300155626243,2.4710155366261826
0.1529146153846154,65.0,0.21799783900727354,2.4615383895941227
0.153295,65.0,0.21766037950302686,2.4547504648150107
0.1536753846153846,65.0,0.2173177602695381,2.450158760491182
0.15405576923076922,65.0,0.21696990747961425,2.4469797411378256
0.15443615384615383,65.0,0.2166169368395828,2.4446156038715157
0.15481653846153845,65.0,0.216259160105778,2.442543345223858
0.15519692307692307,65.0,0.2158972490622958,2.440256283620653
0.15557730769230768,65.0,0.21553181347896133,2.4374280658225658
0.1559576923076923,65.0,0.2151629765178859,2.4341469373449613
0.1563380769230769,65.0,0.21479084137056167,2.4304384065162017
0.15671846153846153,65.0,0.2144159025696035,2.4267054979475127
0.15709884615384614,65.0,0.21403880574226178,2.423901419145777
0.15747923076923076,65.0,0.21366014064151173,2.4217949870035302
0.15785961538461538,65.0,0.21328043739607874,2.420069391085441
0.15824,65.0,0.2128998030432055,2.418655433818425
0.1586203846153846,65.0,0.2125179059847982,2.417314896965445
0.15900076923076922,65.0,0.2121348845900034,2.4155087276393847
0.15938115384615384,65.0,0.21175158926268925,2.411861564349795
0.15976153846153845,65.0,0.21136864460884583,2.405251376833044
0.16014192307692307,65.0,0.21098648077466498,2.3958340899977624
0.1605223076923077,65.0,0.21060615234772023,2.3839893872096285
0.1609026923076923,65.0,0.21022880858413404,2.3696564473734285
0.16128307692307692,65.0,0.2098549213375085,2.353148466444508
0.16166346153846153,65.0,0.20948474746533044,2.335024894430621
0.16204384615384615,65.0,0.2091186891517901,2.3161701982026335
0.16242423076923077,65.0,0.20875716885629197,2.297016132021213
0.16280461538461538,65.0,0.20840058487352897,2.27771325729042
0.163185,65.0,0.20804893999119756,2.258463670846369
0.1635653846153846,65.0,0.2077016967419804,2.238686204736325
0.16394576923076923,65.0,0.20735838552200284,2.2178915090779188
0.16432615384615384,65.0,0.2070189476059496,2.195731709083169
0.16470653846153846,65.0,0.2066834034058925,2.1719342145927105
0.16508692307692308,65.0,0.20635175478380502,2.1463825039327777
0.1654673076923077,65.0,0.20602396905235415,2.1192723346889464
0.1658476923076923,65.0,0.20569956232431721,2.091112355113121
0.16622807692307692,65.0,0.20537794325907863,2.062483343251004
0.16660846153846154,65.0,0.20505931882296524,2.0341001184525354
0.16698884615384615,65.0,0.20474421635230938,2.007477164450794
0.16736923076923077,65.0,0.20443258838692857,1.9832942043010011
0.16774961538461539,65.0,0.20412442939907638,1.9611964769010388
0.16813,65.0,0.20382021603989242,1.941181544620604
0.16851038461538462,65.0,0.2035200962621079,1.9231995753701558
0.16889076923076923,65.0,0.20322347278987782,1.9073016131398828
0.16927115384615385,65.0,0.20292968398587996,1.8929294197031006
0.16965153846153846,65.0,0.20263852128714163,1.8792520187574198
0.17003192307692308,65.0,0.20234983961772254,1.8663067349388722
0.1704123076923077,65.0,0.20206343685845235,1.8546152841843386
0.1707926923076923,65.0,0.2017790514787093,1.844573148354353
0.17117307692307693,65.0,0.2014961592432068,1.8367169846141673
0.17155346153846154,65.0,0.20121456454343728,1.8315499032222993
0.17193384615384616,65.0,0.2009345934309911,1.8294886262169143
0.17231423076923078,65.0,0.20065651589185463,1.831158386262985
0.1726946153846154,65.0,0.200380613184559,1.8367390315425134
0.173075,65.0,0.20010691693398133,1.8460115390650151
0.17345538461538462,65.0,0.19983485521899774,1.858298165958233
0.17383576923076924,65.0,0.19956409896303362,1.8726764807832994
0.17421615384615385,65.0,0.19929486259220427,1.888564952853409
0.17459653846153847,65.0,0.19902709948029168,1.9056336346513605
0.17497692307692309,65.0,0.19876032119630033,1.9235796831993852
0.1753573076923077,65.0,0.19849433005794062,1.9423922503542723
0.17573769230769232,65.0,0.1982292091043741,1.9624079076913614
0.17611807692307693,65.0,0.1979642857096173,1.9836648880021361
0.17649846153846155,65.0,0.1976983440520484,2.0062797275796136
0.17687884615384616,65.0,0.19743075169260388,2.0307979108459597
0.17725923076923078,65.0,0.19716121954552326,2.0574398283921576
0.1776396153846154,65.0,0.19688932634186948,2.0858837383193034
0.17802,65.0,0.1966147255917331,2.1154264570195616
0.17840038461538463,65.0,0.19633698972663266,2.145518953458978
0.17878076923076924,65.0,0.19605566799150528,2.175778638951199
0.17916115384615386,65.0,0.19577066916685745,2.2054389705275597
0.17954153846153847,65.0,0.1954822488024027,2.2339670208814097
0.1799219230769231,65.0,0.195190680617373,2.2611694520843515
0.1803023076923077,65.0,0.1948959636023344,2.2870484906950796
0.18068269230769232,65.0,0.19459782999556532,2.311942956514047
0.1810630769230769,65.0,0.19429586238949226,2.336506881089895
0.18144346153846153,65.0,0.19398991060589588,2.3614131892897197
0.18182384615384614,65.0,0.19368019948499068,2.3866211377978215
0.18220423076923076,65.0,0.19336656188216653,2.4120842948060406
0.18258461538461537,65.0,0.19304871122219783,2.4381610265515548
0.182965,65.0,0.19272710399909151,2.4647310426488356
0.1833453846153846,65.0,0.19240202961185143,2.491458282391263
0.18372576923076922,65.0,0.19207298546795398,2.5177612396363758
0.18410615384615384,65.0,0.19173971924048092,2.543150851706757
0.18448653846153845,65.0,0.19140267014618534,2.5674599732002603
0.18486692307692307,65.0,0.1910624967251418,2.591002466211033
0.18524730769230768,65.0,0.19071978189260566,2.6140644787199228
0.1856276923076923,65.0,0.19037506607939012,2.637167098771288
0.18600807692307691,65.0,0.19002880661111476,2.6607791303106043
0.18638846153846153,65.0,0.18968129791523938,2.6853150237277985
0.18676884615384615,65.0,0.18933307425659746,2.711694255007629
0.18714923076923076,65.0,0.18898490987052868,2.740108145739272
0.18752961538461538,65.0,0.1886370844986024,2.7704115693303395
0.18791,65.0,0.18828943272022597,2.8021669114789063
0.1882903846153846,65.0,0.18794170883909747,2.834667468369173
0.18867076923076923,65.0,0.1875936251398628,2.867638413647074
0.18905115384615384,65.0,0.1872452796435157,2.9007484104847054
0.18943153846153846,65.0,0.18689694634906823,2.9334272357817923
0.18981192307692307,65.0,0.1865486005109049,2.9658311244649056
0.1901923076923077,65.0,0.18620061333388133,2.9981298350257726
0.1905726923076923,65.0,0.18585388593905142,3.030152676587807
0.19095307692307692,65.0,0.1855088042655961,3.0624772644673732
0.19133346153846154,65.0,0.1851652125648499,3.0955451007722257
0.19171384615384615,65.0,0.18482343749561828,3.129508927050667
0.19209423076923077,65.0,0.1844843767403346,3.1638862023918954
0.19247461538461538,65.0,0.18414872825419074,3.198177793635458
0.192855,65.0,0.18381696396985198,3.232167124994677
0.19323538461538461,65.0,0.18348958936520873,3.2651433739091473
0.19361576923076923,65.0,0.18316683188166966,3.2960964789632548
0.19399615384615385,65.0,0.1828488608712048,3.3242928405702616
0.19437653846153846,65.0,0.18253629186770665,3.3491971910471223
0.19475692307692308,65.0,0.18222976744249283,3.370747132786618
0.1951373076923077,65.0,0.1819295456121915,3.389286410164288
0.1955176923076923,65.0,0.18163575256027878,3.404931023044399
0.19589807692307692,65.0,0.1813485954688848,3.4177757463954666
0.19627846153846154,65.0,0.18106853358427005,3.4274767687999614
0.19665884615384616,65.0,0.18079628565123687,3.4344243405592043
0.19703923076923077,65.0,0.18053253812974057,3.438936128034354
0.1974196153846154,65.0,0.18027795797174345,3.440335567258906
0.1978,65.0,0.18003348449906298,3.4381970837255893
0.19818038461538462,65.0,0.1798000747278906,3.4318135959929097
0.19856076923076924,65.0,0.17957786979477733,3.420793899643438
0.19894115384615385,65.0,0.17936657036544473,3.4048904053203013
0.19932153846153847,65.0,0.1791666133855262,3.3836917449893886
0.19970192307692308,65.0,0.1789785907799899,3.3575192128680995
0.2000823076923077,65.0,0.1788024451263556,3.3269878615816104
0.20046269230769231,65.0,0.17863809544486473,3.2924279607068
0.20084307692307693,65.0,0.17848544251265344,3.2544057967079
0.20122346153846155,65.0,0.17834399904229378,3.2136697340370586
0.20160384615384616,65.0,0.17821344343836834,3.1703659682134986
0.20198423076923078,65.0,0.1780937873864061,3.124761697955437
0.2023646153846154,65.0,0.17798488483706112,3.076622377546386
0.202745,65.0,0.17788626143088995,3.0257973438017554
0.20312538461538462,65.0,0.17779740218191867,2.972299936510226
0.20350576923076924,65.0,0.1777180638075956,2.915950707537315
0.20388615384615386,65.0,0.17764814583987928,2.856860643366469
0.20426653846153847,65.0,0.17758750833583062,2.7952394231117235
0.2046469230769231,65.0,0.17753602964624887,2.731505884504802
0.2050273076923077,65.0,0.1774936654074932,2.666177232172051
0.20540769230769232,65.0,0.17746050982006745,2.6004398751278006
0.20578807692307693,65.0,0.17743627538478943,2.535133891625519
0.20616846153846155,65.0,0.17741983186137522,2.470635941123113
0.20654884615384617,65.0,0.17741024362070143,2.4072562376418434
0.20692923076923078,65.0,0.17740732938393172,2.3452547936530923
0.2073096153846154,65.0,0.177410707871015,2.284821032916629
0.20769,65.0,0.17741966587517283,2.2257825438007255
0.20807038461538463,65.0,0.17743375199083095,2.168062452102016
0.20845076923076925,65.0,0.17745252629513059,2.1113941327777352
0.20883115384615383,65.0,0.17747532648646488,2.0558217107363976
0.20921153846153845,65.0,0.17750190410641192,2.001570155670869
0.20959192307692306,65.0,0.1775324594835841,1.949431882420588
0.20997230769230768,65.0,0.17756677992433867,1.9000384751589856
0.2103526923076923,65.0,0.17760426751964348,1.8534742213906215
0.2107330769230769,65.0,0.17764460244495245,1.8100294312547935
0.21111346153846153,65.0,0.17768756450408224,1.770499983763672
0.21149384615384614,65.0,0.1777327348987988,1.7352231613979678
0.21187423076923076,65.0,0.17777963764519863,1.703915203706216
0.21225461538461537,65.0,0.17782773258205462,1.6762809455067413
0.212635,65.0,0.17787658585445712,1.651699169978226
0.2130153846153846,65.0,0.17792572586422678,1.629950713506575
0.21339576923076922,65.0,0.17797405338382416,1.610802222633301
0.21377615384615384,65.0,0.1780202372220456,1.593955835513539
0.21415653846153845,65.0,0.17806355989368167,1.579302043110176
0.21453692307692307,65.0,0.1781037715854629,1.5668906867871233
0.21491730769230769,65.0,0.1781404826170947,1.5570365861769349
0.2152976923076923,65.0,0.17817321072630335,1.5501690853918844
0.21567807692307692,65.0,0.17820174928472898,1.5464765624513341
0.21605846153846153,65.0,0.17822578710758705,1.5455529772181738
0.21643884615384615,65.0,0.17824478586785447,1.547453138969307
0.21681923076923076,65.0,0.17825876638848123,1.551945011481769
0.21719961538461538,65.0,0.17826787212435807,1.558435228230554
0.21758,65.0,0.17827152145884564,1.5666300108252753
0.2179603846153846,65.0,0.17826916042237362,1.575994522410219
0.21834076923076923,65.0,0.17826064775198308,1.5861723361150746
0.21872115384615384,65.0,0.17824568973521587,1.5969145483420724
0.21910153846153846,65.0,0.1782239281516059,1.6080889780741026
0.21948192307692307,65.0,0.1781952196949894,1.6199626389366428
0.2198623076923077,65.0,0.17815963154646572,1.6332209500174082
0.2202426923076923,65.0,0.1781173636801864,1.6479898541512699
0.22062307692307692,65.0,0.17806836594342387,1.6642238237247908
0.22100346153846154,65.0,0.17801226140187523,1.682018974621298
0.22138384615384615,65.0,0.17794890055145923,1.7013976574711778
0.22176423076923077,65.0,0.17787873451896122,1.7224302089877264
0.22214461538461538,65.0,0.17780242380774372,1.7445478571705297
0.222525,65.0,0.17772031657527984,1.767475839166073
0.22290538461538462,65.0,0.177632766686871,1.7911234790010817
0.22328576923076923,65.0,0.17754026293505115,1.815351788814704
0.22366615384615385,65.0,0.17744292093174835,1.8403594859387766
0.22404653846153846,65.0,0.17734086798237997,1.8663457810201933
0.22442692307692308,65.0,0.17723465544982023,1.8936381665739284
0.2248073076923077,65.0,0.17712449018498377,1.9223778847204978
0.2251876923076923,65.0,0.1770100710137875,1.9529720554740602
0.22556807692307693,65.0,0.17689138776565655,1.9860947184912074
0.22594846153846154,65.0,0.17676873010791885,2.021567012984596
0.22632884615384616,65.0,0.17664211900100268,2.059001986769816
0.22670923076923077,65.0,0.17651153446482037,2.0984092636083607
0.2270896153846154,65.0,0.17637743449603832,2.1391608336561205
0.22747,65.0,0.1762404650731134,2.1811169761202533
0.22785038461538462,65.0,0.17610109024615012,2.2241080120208623
0.22823076923076924,65.0,0.1759595835610081,2.2677810268127367
0.22861115384615385,65.0,0.17581603184192013,2.312186074647066
0.22899153846153847,65.0,0.17567083588297142,2.3571811527889976
0.22937192307692308,65.0,0.1755249675007126,2.4029709197649165
0.2297523076923077,65.0,0.17537921390822697,2.4501597016594885
0.23013269230769232,65.0,0.1752340105180093,2.4986573530618754
0.23051307692307693,65.0,0.17508989879208461,2.548036330009314
0.23089346153846155,65.0,0.17494726568765323,2.5982424784910307
0.23127384615384616,65.0,0.17480629003757994,2.648951287093928
0.23165423076923078,65.0,0.17466744804742748,2.6997707080952953
0.2320346153846154,65.0,0.1745314085146865,2.74992517775027
0.232415,65.0,0.17439850583818492,2.7986489020416734
0.23279538461538463,65.0,0.17426892636399505,2.8457227500512787
0.23317576923076924,65.0,0.17414339712382404,2.8907042808369643
0.23355615384615386,65.0,0.17402286798294445,2.9333834789721065
0.23393653846153847,65.0,0.17390784951257113,2.9739223437648055
0.2343169230769231,65.0,0.1737990388811695,3.012471794904065
0.2346973076923077,65.0,0.173697644518075,3.04902141447073
0.23507769230769232,65.0,0.17360463283923652,3.083527969471241
0.23545807692307694,65.0,0.17352053449329571,3.1159170207487654
0.23583846153846155,65.0,0.17344561017263285,3.145950476810958
0.23621884615384617,65.0,0.17337996480937676,3.173202741674291
0.23659923076923076,65.0,0.173324013060649,3.197272685167561
0.23697961538461537,65.0,0.17327837564170337,3.2175695176737147
0.23736,65.0,0.17324325461172282,3.233633978821221
0.2377403846153846,65.0,0.17321864299698012,3.2454237928184924
0.23812076923076922,65.0,0.17320462283226057,3.25282646977993
0.23850115384615383,65.0,0.17320106239615288,3.255892624232379
0.23888153846153845,65.0,0.17320776472437294,3.2547207544316135
0.23926192307692307,65.0,0.17322490506125438,3.249360704140696
0.23964230769230768,65.0,0.1732526891813553,3.2405217298955202
0.2400226923076923,65.0,0.17329087013251127,3.2288223669105003
0.2404030769230769,65.0,0.17333931662598892,3.213872571083185
0.24078346153846153,65.0,0.1733983718414724,3.19554480571138
0.24116384615384615,65.0,0.17346805884670538,3.1738904228563385
0.24154423076923076,65.0,0.1735479864955057,3.1488120038271674
0.24192461538461538,65.0,0.17363817577171778,3.120302124588933
0.242305,65.0,0.17373890752476523,3.088121667320834
0.2426853846153846,65.0,0.17384994288634492,3.052454106847404
0.24306576923076922,65.0,0.17397057020647289,3.013508362707429
0.24344615384615384,65.0,0.17410009487120526,2.971392260779535
0.24382653846153846,65.0,0.17423801386193294,2.9268266170641724
0.24420692307692307,65.0,0.17438407578327034,2.8804458739396313
0.2445873076923077,65.0,0.17453815597494288,2.8325303287376222
0.2449676923076923,65.0,0.17469989242362824,2.783446993197455
0.24534807692307692,65.0,0.1748688371821263,2.733740780842881
0.24572846153846153,65.0,0.17504471141578962,2.683439605759309
0.24610884615384615,65.0,0.17522710067786346,2.632667990411901
0.24648923076923077,65.0,0.17541561435188777,2.581394335250041
0.24686961538461538,65.0,0.17561022789007916,2.529498860249178
0.24725,65.0,0.175810677288986,2.477052946998366
0.2476303846153846,65.0,0.17601634767146648,2.424298692472381
0.24801076923076923,65.0,0.17622705248590886,2.3716786241899372
0.24839115384615384,65.0,0.1764426640203522,2.319616534696458
0.24877153846153846,65.0,0.17666241601817737,2.2685014643459165
0.24915192307692308,65.0,0.17688551501798155,2.218562981173001
0.2495323076923077,65.0,0.1771117007251926,2.170489711437609
0.2499126923076923,65.0,0.1773406351550235,2.1245798473216033
0.25029307692307695,65.0,0.17757131572438892,2.0808617095396906
0.25067346153846154,65.0,0.17780257624872664,2.039317189126204
0.2510538461538461,65.0,0.17803359610709313,1.999778147666897
0.25143423076923077,65.0,0.1782637480439243,1.9622137387211454
0.25181461538461536,65.0,0.17849258810250188,1.9262594618167155
0.252195,65.0,0.17871983947584746,1.8919863994681505
0.2525753846153846,65.0,0.17894505102090189,1.8594772456598616
0.25295576923076923,65.0,0.17916770293683906,1.8287718426754647
0.2533361538461538,65.0,0.17938741287352586,1.7999303940670306
0.25371653846153847,65.0,0.17960371171210399,1.7731305738440708
0.25409692307692305,65.0,0.17981622482742057,1.748811612664692
0.2544773076923077,65.0,0.18002473839463856,1.7272556516781508
0.2548576923076923,65.0,0.18022871478104352,1.7080674890543766
0.25523807692307693,65.0,0.18042756282600472,1.6911238608926955
0.2556184615384615,65.0,0.18062111774070025,1.6763096454858997
0.25599884615384616,65.0,0.18080902893158937,1.663220021201346
0.25637923076923075,65.0,0.1809905178119619,1.6518906895912218
0.2567596153846154,65.0,0.1811652632567811,1.6417480612385087
0.25714,65.0,0.1813334980131952,1.6325402831697848
0.2575203846153846,65.0,0.1814950928283025,1.6243032475548966
0.2579007692307692,65.0,0.18164953422050373,1.6169883634816506
0.25828115384615385,65.0,0.18179663038669353,1.610966949030462
0.25866153846153844,65.0,0.18193648936544368,1.606264304257948
0.2590419230769231,65.0,0.18206930776696176,1.6026773257376314
0.2594223076923077,65.0,0.18219546521308239,1.6006441437134347
0.2598026923076923,65.0,0.18231531907259654,1.6004206006994441
0.2601830769230769,65.0,0.1824289463236398,1.6015278032920033
0.26056346153846155,65.0,0.18253630680581037,1.60389529390046
0.26094384615384614,65.0,0.18263739405307988,1.6072091854999326
0.2613242307692308,65.0,0.18273213700305133,1.6113293126017258
0.26170461538461537,65.0,0.18282047227862047,1.61620817510462
0.262085,65.0,0.18290238072543238,1.6214962107160593
0.2624653846153846,65.0,0.18297772264771828,1.6276622092079729
0.26284576923076924,65.0,0.1830464550671277,1.6347990569165027
0.26322615384615383,65.0,0.1831087883159208,1.6429205345876066
0.2636065384615385,65.0,0.18316465157947157,1.6522165522763097
0.26398692307692306,65.0,0.18321382156958482,1.6630240940936893
0.2643673076923077,65.0,0.18325676834103213,1.6756333831193095
0.2647476923076923,65.0,0.1832941428361747,1.690012743149044
0.26512807692307694,65.0,0.1833258983632701,1.7060006376727297
0.2655084615384615,65.0,0.18335191050161778,1.7234401670585517
0.26588884615384617,65.0,0.18337248919127716,1.742196144090028
0.26626923076923076,65.0,0.1833879949140744,1.7620084913276235
0.2666496153846154,65.0,0.18339880700783268,1.7830454810433725
0.26703,65.0,0.18340542057271422,1.8050619199047047
0.26741038461538463,65.0,0.18340819368821684,1.8280635692684795
0.2677907692307692,65.0,0.18340725977070724,1.8523400428557284
0.26817115384615386,65.0,0.18340275983485413,1.8779962536763724
0.26855153846153845,65.0,0.18339494155849692,1.9053890276076766
0.2689319230769231,65.0,0.18338404427297886,1.9342649041153916
0.2693123076923077,65.0,0.1833703808103921,1.9645401417257562
0.2696926923076923,65.0,0.1833543929033391,1.9963292657176273
0.2700730769230769,65.0,0.18333654575201627,2.029352581121503
0.27045346153846156,65.0,0.18331745941644806,2.0633215697481426
0.27083384615384615,65.0,0.18329782362206154,2.0980442148731435
0.2712142307692308,65.0,0.18327801068291322,2.1329046889505174
0.2715946153846154,65.0,0.18325851583526115,2.1679039785651573
0.271975,65.0,0.18324043157924452,2.2028356485945504
0.2723553846153846,65.0,0.18322457246450277,2.237605526921707
0.27273576923076925,65.0,0.18321101123030023,2.27262731029068
0.27311615384615384,65.0,0.18319995980199932,2.3075265108713436
0.2734965384615385,65.0,0.18319198985467516,2.3421682812986933
0.2738769230769231,65.0,0.1831874852044448,2.376810876974921
0.2742573076923077,65.0,0.18318677172373365,2.411477738897598
0.2746376923076923,65.0,0.1831902974324109,2.4456779862007796
0.27501807692307695,65.0,0.1831982334637663,2.4789935720750154
0.27539846153846154,65.0,0.183210508161463,2.511146985957977
0.2757788461538462,65.0,0.18322722341999007,2.541892107460888
0.27615923076923077,65.0,0.18324855619596445,2.570888764757985
0.2765396153846154,65.0,0.1832746280434594,2.597822969590685
0.27692,65.0,0.18330565244485028,2.6227935659304595
0.27730038461538464,65.0,0.18334190586097587,2.645681564347997
0.27768076923076923,65.0,0.18338369903492427,2.6665330231340914
0.2780611538461539,65.0,0.1834313594541675,2.6855773570114154
0.27844153846153846,65.0,0.18348496338169223,2.7028953664889026
0.27882192307692305,65.0,0.18354435335658945,2.7184422020305465
0.2792023076923077,65.0,0.18360968785358855,2.7322931136655852
0.2795826923076923,65.0,0.18368135254593684,2.7443796836838756
0.2799630769230769,65.0,0.18375916181859656,2.7542808072274165
0.2803434615384615,65.0,0.18384246893070388,2.7618702739288468
0.28072384615384616,65.0,0.18393105581394467,2.7669960537913525
0.28110423076923075,65.0,0.18402502331128046,2.769672279234806
0.2814846153846154,65.0,0.18412417655395236,2.7697820291518687
0.281865,65.0,0.1842284641390957,2.767260593339007
0.2822453846153846,65.0,0.18433810914409046,2.7625326063248825
0.2826257692307692,65.0,0.1844529496978382,2.755980416069707
0.28300615384615385,65.0,0.18457272072632883,2.7478570776028834
0.28338653846153844,65.0,0.18469748591489785,2.7380574174485024
0.2837669230769231,65.0,0.1848272447211646,2.72679771276878
0.28414730769230767,65.0,0.18496187073171305,2.7145243984185696
0.2845276923076923,65.0,0.1851013479786934,2.7011731632633507
0.2849080769230769,65.0,0.185245692702196,2.6866709639987034
0.28528846153846155,65.0,0.18539484888951757,2.6710033003735076
0.28566884615384613,65.0,0.1855485456661363,2.6539802400805543
0.2860492307692308,65.0,0.18570625150689957,2.635752598235512
0.28642961538461537,65.0,0.18586750194150195,2.616513168387898
0.28681,65.0,0.18603217555458157,2.596328081917406
0.2871903846153846,65.0,0.18620007374445743,2.5756588709956483
0.28757076923076924,65.0,0.18637042876434756,2.5545474707731657
0.28795115384615383,65.0,0.18654245433934008,2.5332947829470536
0.2883315384615385,65.0,0.18671592932242,2.5123307068627145
0.28871192307692306,65.0,0.18689065108027128,2.4915551833837335
0.2890923076923077,65.0,0.18706619124913063,2.471057173589435
0.2894726923076923,65.0,0.18724241414362508,2.451029487840448
0.28985307692307694,65.0,0.18741919900396486,2.431164041183547
0.2902334615384615,65.0,0.1875960156684881,2.4114812152903466
0.29061384615384617,65.0,0.18777239887425207,2.391908662791656
0.29099423076923076,65.0,0.1879481683531986,2.3723930962209403
0.2913746153846154,65.0,0.18812294692732756,2.3531420111634773
0.291755,65.0,0.1882962011120443,2.333876867008291
0.29213538461538463,65.0,0.18846774536244656,2.314851107052148
0.2925157692307692,65.0,0.1886374543087004,2.296561719025823
0.29289615384615386,65.0,0.18880491108000674,2.278965158797382
0.29327653846153845,65.0,0.18896963185086768,2.2619586370407947
0.2936569230769231,65.0,0.18913114280822443,2.245678768669046
0.2940373076923077,65.0,0.18928920402467025,2.230012995863194
0.2944176923076923,65.0,0.18944392750287495,2.214799983200243
0.2947980769230769,65.0,0.1895951537437056,2.199907251263529
0.29517846153846156,65.0,0.1897423883837815,2.185194433916998
0.29555884615384614,65.0,0.18988552356714486,2.170561305489132
0.2959392307692308,65.0,0.19002480037689856,2.1557043614688065
0.2963196153846154,65.0,0.19016032026256538,2.140850059954633
0.2967,65.0,0.19029213417809993,2.1261379052606215
0.2970803846153846,65.0,0.19042047752749497,2.111633383872801
0.29746076923076925,65.0,0.19054541839054367,2.097491763284475
0.29784115384615384,65.0,0.19066663992257088,2.083613288797643
0.2982215384615385,65.0,0.19078400086723116,2.0702283564856088
0.29860192307692307,65.0,0.1908975514170951,2.057427039491832
0.2989823076923077,65.0,0.19100698093184873,2.0449678217510683
0.2993626923076923,65.0,0.1911120405871875,2.0329312860560975
0.29974307692307695,65.0,0.19121291783686264,2.0210067007738823
0.30012346153846153,65.0,0.19130962118013517,2.0090158051738958
0.3005038461538462,65.0,0.19140189291194598,1.9972208334594932
0.30088423076923076,65.0,0.19148957014370874,1.985408227810532
0.3012646153846154,65.0,0.19157261899434042,1.973771914089859
0.301645,65.0,0.19165124019831262,1.9624093013851132
0.30202538461538464,65.0,0.1917257310515229,1.9513396741186804
0.30240576923076923,65.0,0.19179604018725105,1.9410918229669343
0.30278615384615387,65.0,0.1918619566081877,1.931725822719115
0.30316653846153846,65.0,0.19192366072665498,1.9230689364422124
0.3035469230769231,65.0,0.19198145853568754,1.9153215625218543
0.3039273076923077,65.0,0.1920353563801069,1.9086022456794407
0.30430769230769233,65.0,0.19208540948134029,1.902713428746455
0.3046880769230769,65.0,0.19213183911728876,1.8975605221372973
0.30506846153846157,65.0,0.1921745499579243,1.8930463284328602
0.30544884615384615,65.0,0.19221329993758415,1.889240952985418
0.3058292307692308,65.0,0.1922482123463561,1.886142583228177
0.3062096153846154,65.0,0.19227943718822124,1.8835280908363385
0.30659,65.0,0.19230693927289402,1.8817569003237282
0.3069703846153846,65.0,0.19233103222355635,1.8811053910370716
0.3073507692307692,65.0,0.19235233983715086,1.8816902707802916
0.30773115384615385,65.0,0.19237117873330356,1.883380455576898
0.30811153846153844,65.0,0.19238760967274698,1.8863205434269374
0.3084919230769231,65.0,0.1924019100554768,1.8904472292314198
0.30887230769230767,65.0,0.19241456874281868,1.895595152611582
0.3092526923076923,65.0,0.19242604670795738,1.9019292094044207
0.3096330769230769,65.0,0.19243668638962552,1.9090475730070386
0.31001346153846154,65.0,0.19244654053098964,1.9167098971572738
0.31039384615384613,65.0,0.19245561495347516,1.924878645195975
0.3107742307692308,65.0,0.19246430642095444,1.9336981631214807
0.31115461538461536,65.0,0.19247289989978406,1.9431043231693963
0.311535,65.0,0.19248135242145115,1.9529708429006918
0.3119153846153846,65.0,0.19248989933718427,1.9633627588110554
0.31229576923076924,65.0,0.19249877683763142,1.9744615851134997
0.3126761538461538,65.0,0.19250781369170275,1.9863791865400378
0.31305653846153847,65.0,0.1925169781321896,1.9988155696820706
0.31343692307692306,65.0,0.19252650498610302,2.0116743278730143
0.3138173076923077,65.0,0.19253645793244437,2.0248314711616175
0.3141976923076923,65.0,0.19254684997620625,2.038127050550013
0.31457807692307693,65.0,0.19255804878115884,2.051314269941569
0.3149584615384615,65.0,0.19257050467006875,2.064351958268006
0.31533884615384616,65.0,0.1925841340653459,2.077050223948011
0.31571923076923075,65.0,0.19259867336091,2.0894874222093764
0.3160996153846154,65.0,0.19261426321470784,2.1016192727723277
0.31648,65.0,0.19263106490045365,2.1133185012401574
0.3168603846153846,65.0,0.19264905666442056,2.1249688553613386
0.3172407692307692,65.0,0.19266813482531453,2.136530012730119
0.31762115384615386,65.0,0.19268800804272837,2.1479257256214623
0.31800153846153845,65.0,0.19270855630072306,2.159217903639665
0.3183819230769231,65.0,0.19272991285124047,2.170323930356821
0.3187623076923077,65.0,0.19275203264781496,2.1809808566222073
0.3191426923076923,65.0,0.19277485793754465,2.1913526165580026
0.3195230769230769,65.0,0.19279855102503773,2.2013153262042917
0.31990346153846155,65.0,0.19282317577937635,2.2105638235615306
0.32028384615384614,65.0,0.19284857114798773,2.219213541175318
0.3206642307692308,65.0,0.19287479450392103,2.227285440900991
0.3210446153846154,65.0,0.19290209923772017,2.2351099531692995
0.321425,65.0,0.19293041387936216,2.2427132876403104
0.3218053846153846,65.0,0.19295975715952046,2.250113513090198
0.32218576923076925,65.0,0.19299057856469673,2.2575752932165205
0.32256615384615384,65.0,0.1930229233684576,2.2652171018397302
0.3229465384615385,65.0,0.19305630927881987,2.272966703675293
0.32332692307692307,65.0,0.19309048895600267,2.2808136799088836
0.3237073076923077,65.0,0.193125468171889,2.288811432764492
0.3240876923076923,65.0,0.19316116656092658,2.2966988338150798
0.32446807692307694,65.0,0.193197335350298,2.3044824040035383
0.32484846153846153,65.0,0.19323368163628388,2.3121441599689967
0.3252288461538462,65.0,0.1932700207835002,2.3197986051889314
0.32560923076923076,65.0,0.19330623948567172,2.327340673782006
0.3259896153846154,65.0,0.19334234118117477,2.3348440413346143
0.32637,65.0,0.19337830376026133,2.342576891967398
0.32675038461538464,65.0,0.19341400690000896,2.350583954199374
0.3271307692307692,65.0,0.19344950317684784,2.359086646543256
0.32751115384615387,65.0,0.19348468062457252,2.3678383158384753
0.32789153846153846,65.0,0.19351916998854865,2.376973608620265
0.3282719230769231,65.0,0.19355292100296975,2.3864000838978097
0.3286523076923077,65.0,0.19358583131752144,2.3957509581986582
0.32903269230769233,65.0,0.19361752884837208,2.405175554435021
0.3294130769230769,65.0,0.19364803977812173,2.414534224164327
0.32979346153846156,65.0,0.1936775240322848,2.423590737854729
0.33017384615384615,65.0,0.19370561898923866,2.43243486627139
0.3305542307692308,65.0,0.19373181235268291,2.4409683595066576
0.3309346153846154,65.0,0.19375604402655863,2.44908494215915
0.331315,65.0,0.19377848220414254,2.4571190535179763
0.3316953846153846,65.0,0.19379908221418593,2.4648733000384078
0.33207576923076926,65.0,0.19381776421770633,2.472481048585112
0.33245615384615385,65.0,0.1938346090809356,2.479907642701649
0.3328365384615385,65.0,0.19384968741928424,2.4868875731456135
0.3332169230769231,65.0,0.19386315117337952,2.493480027320235
0.3335973076923077,65.0,0.1938752514751661,2.499609349690475
0.3339776923076923,65.0,0.19388606264208516,2.505106103769986
0.3343580769230769,65.0,0.19389567219447512,2.5096982692165533
0.33473846153846154,65.0,0.19390423058198025,2.513355483865226
0.33511884615384613,65.0,0.1939116472715581,2.5163106488099167
0.33549923076923077,65.0,0.19391779931552564,2.5185732578405045
0.33587961538461536,65.0,0.19392272637797256,2.5199022808428526
0.33626,65.0,0.19392638418467123,2.5204687562985835
0.3366403846153846,65.0,0.1939287085685815,2.5204430230483648
0.33702076923076923,65.0,0.19392995673365504,2.5199542347023414
0.3374011538461538,65.0,0.19393036018119714,2.5188877288988167
0.33778153846153847,65.0,0.19392959741006138,2.517190431698448
0.33816192307692305,65.0,0.1939274127876244,2.5149561010935857
0.3385423076923077,65.0,0.19392416515085167,2.511849229566517
0.3389226923076923,65.0,0.19392008956881204,2.5080626892324682
0.33930307692307693,65.0,0.19391509784368152,2.503616405156304
0.3396834615384615,65.0,0.19390930607946189,2.498287204199007
0.34006384615384616,65.0,0.19390283391131924,2.492254031638062
0.34044423076923075,65.0,0.19389570759872465,2.485704532659593
0.3408246153846154,65.0,0.1938880668816953,2.478689448212451
0.341205,65.0,0.19387996936981966,2.4713186924404695
0.3415853846153846,65.0,0.1938713956514877,2.4637335590664065
0.3419657692307692,65.0,0.19386237379966723,2.4559847094518217
0.34234615384615386,65.0,0.19385285817597886,2.4482100079589286
0.34272653846153844,65.0,0.19384275048935992,2.440169882342142
0.3431069230769231,65.0,0.19383198512691516,2.431789357740909
0.3434873076923077,65.0,0.19382062780023077,2.4233052819223517
0.3438676923076923,65.0,0.19380879762665087,2.414512412530462
0.3442480769230769,65.0,0.19379665291624795,2.405371006468396
0.34462846153846155,65.0,0.19378467451988124,2.395870384649741
0.34500884615384614,65.0,0.19377311568623037,2.3860598027383566
0.3453892307692308,65.0,0.19376170541329713,2.3761866605650113
0.34576961538461537,65.0,0.19375063087901362,2.366261574578403
0.34615,65.0,0.19374046000921366,2.356258268724483
0.3465303846153846,65.0,0.19373130090682011,2.3463323662995355
0.34691076923076924,65.0,0.19372312938946468,2.336580390060762
0.34729115384615383,65.0,0.19371613142468116,2.3269257473345997
0.3476715384615385,65.0,0.19371041756408533,2.3173265323072743
0.34805192307692306,65.0,0.1937059548069508,2.307678981093001
0.3484323076923077,65.0,0.19370275324148536,2.297808686220147
0.3488126923076923,65.0,0.1937008830850072,2.287671168439779
0.34919307692307694,65.0,0.1937002846909778,2.2773637928463413
0.3495734615384615,65.0,0.19370090562219203,2.266782127678633
0.34995384615384617,65.0,0.19370277874634648,2.2559084302913415
0.35033423076923076,65.0,0.19370578261513416,2.2447690904099207
0.3507146153846154,65.0,0.19370987107927906,2.2335345566729856
0.351095,65.0,0.19371513178529007,2.2222489653120308
0.35147538461538463,65.0,0.19372156098267745,2.2109083844343345
0.3518557692307692,65.0,0.19372937145756053,2.1996037804758024
0.35223615384615387,65.0,0.19373876531542095,2.188432092849054
0.35261653846153845,65.0,0.19374940396370485,2.1771910719302774
0.3529969230769231,65.0,0.19376089813973865,2.165688028412619
0.3533773076923077,65.0,0.19377327159700944,2.1541174863328334
0.35375769230769233,65.0,0.1937866036915814,2.1423261738605137
0.3541380769230769,65.0,0.1938005780745473,2.1302575891765887
0.35451846153846156,65.0,0.19381482780896134,2.117998827577051
0.35489884615384615,65.0,0.19382939412331393,2.105671701906869
0.3552792307692308,65.0,0.19384413520994734,2.093277685334346
0.3556596153846154,65.0,0.19385870412686163,2.0809873640011443
0.35604,65.0,0.19387314451544077,2.069021424024652
0.3564203846153846,65.0,0.19388741703850013,2.057300955518139
0.35680076923076925,65.0,0.1939013141141796,2.045986128742156
0.35718115384615384,65.0,0.1939148857138578,2.0350314852996743
0.3575615384615385,65.0,0.1939280981741321,2.0245375457403636
0.3579419230769231,65.0,0.19394080797426183,2.014602992732616
0.3583223076923077,65.0,0.19395298652341694,2.005007773801017
0.3587026923076923,65.0,0.19396460106184538,1.9957658721440414
0.35908307692307695,65.0,0.19397572664666052,1.9871056940837344
0.35946346153846154,65.0,0.1939864989905095,1.978975429349605
0.3598438461538462,65.0,0.1939967811953668,1.97166621391498
0.36022423076923077,65.0,0.19400614944334946,1.9651736571321012
0.3606046153846154,65.0,0.1940142867330632,1.9594799187670924
0.360985,65.0,0.1940212750264827,1.9549687372461495
0.36136538461538464,65.0,0.1940270696081565,1.951513972267379
0.36174576923076923,65.0,0.19403124474900757,1.9492569038174679
0.3621261538461538,65.0,0.19403370418528698,1.9482663967086797
0.36250653846153846,65.0,0.19403453992970668,1.9482683433934662
0.36288692307692305,65.0,0.19403351283777948,1.9493157886630768
0.3632673076923077,65.0,0.1940304829328336,1.9515071279085934
0.3636476923076923,65.0,0.1940255258208577,1.9547361424910359
0.3640280769230769,65.0,0.19401856402273418,1.9589211140038267
0.3644084615384615,65.0,0.19400944433376566,1.9640445063116858
0.36478884615384616,65.0,0.19399814929872922,1.9702522625345562
0.36516923076923075,65.0,0.19398461768469136,1.9776244490909758
0.3655496153846154,65.0,0.19396858469192693,1.9859593719140174
0.36593,65.0,0.19394988819205822,1.995417596889824
0.3663103846153846,65.0,0.19392855987703847,2.0060083090525866
0.3666907692307692,65.0,0.19390457185839938,2.017659949114547
0.36707115384615385,65.0,0.19387787920097127,2.0302197984223147
0.36745153846153844,65.0,0.193848278912829,2.0434083753918517
0.3678319230769231,65.0,0.19381535952950626,2.0574017670898748
0.36821230769230767,65.0,0.19377912294383814,2.0718800076471293
0.3685926923076923,65.0,0.1937398543972074,2.08669632600661
0.3689730769230769,65.0,0.19369747291605446,2.1018967635081354
0.36935346153846155,65.0,0.1936519327632991,2.1173761337247545
0.36973384615384614,65.0,0.19360354634663846,2.133115134510602
0.3701142307692308,65.0,0.1935525386060152,2.149228220232747
0.37049461538461537,65.0,0.19349893996033032,2.1656321559937637
0.370875,65.0,0.1934428622311075,2.182187324599068
0.3712553846153846,65.0,0.19338458279102486,2.199002194339769
0.37163576923076924,65.0,0.19332421377159215,2.215926587044496
0.37201615384615383,65.0,0.19326171726082195,2.233133491653461
0.3723965384615385,65.0,0.19319729902070218,2.2502058518582744
0.37277692307692306,65.0,0.19313101823552972,2.2669376077305046
0.3731573076923077,65.0,0.1930627018393381,2.2835765508823016
0.3735376923076923,65.0,0.19299252819093216,2.2998754713220886
0.37391807692307694,65.0,0.19292078384306927,2.315844631651385
0.3742984615384615,65.0,0.1928476166471448,2.331518045606485
0.37467884615384617,65.0,0.19277319121097816,2.346895542844882
0.37505923076923076,65.0,0.19269744799377947,2.3620293991909085
0.3754396153846154,65.0,0.19262035552070908,2.37706824853636
0.37582,65.0,0.1925423109665537,2.3918134625447665
0.37620038461538463,65.0,0.19246362509995132,2.406422838319799
0.3765807692307692,65.0,0.19238430871772375,2.4209201645310787
0.37696115384615386,65.0,0.1923045122316274,2.4351857136180586
0.37734153846153845,65.0,0.1922245939831766,2.4491383711889307
0.3777219230769231,65.0,0.1921447013504238,2.462752934634729
0.3781023076923077,65.0,0.19206472354798618,2.47607438907517
0.3784826923076923,65.0,0.19198481675869772,2.488913771495437
0.3788630769230769,65.0,0.19190521089565538,2.5013537043489342
0.37924346153846156,65.0,0.19182581008556554,2.513406807080007
0.37962384615384615,65.0,0.19174669656451868,2.5250987456853973
0.3800042307692308,65.0,0.19166812493719565,2.536486334246079
0.3803846153846154,65.0,0.19159006379287538,2.547651884644466
0.380765,65.0,0.19151253693593198,2.558556105217781
0.3811453846153846,65.0,0.19143588896679356,2.569068252524943
0.38152576923076925,65.0,0.19136054755725504,2.5791909014778773
0.38190615384615384,65.0,0.19128676243592826,2.5890160769669732
0.3822865384615385,65.0,0.19121460501838894,2.5984255434354906
0.38266692307692307,65.0,0.191144195706928,2.607019583945616
0.3830473076923077,65.0,0.1910757440911221,2.615014378001019
0.3834276923076923,65.0,0.19100960070148987,2.6223090833139877
0.38380807692307695,65.0,0.1909460442550497,2.6288102348447735
0.38418846153846153,65.0,0.19088504408761423,2.6346267567305963
0.3845688461538462,65.0,0.19082680948838388,2.6396611125590272
0.38494923076923077,65.0,0.1907717013969629,2.643969558480048
0.3853296153846154,65.0,0.19071958032616976,2.6474484932263462
0.38571,65.0,0.19067036956213382,2.650235287751955
0.38609038461538464,65.0,0.1906243312625315,2.6521739507950852
0.38647076923076923,65.0,0.1905814637320405,2.6532109285262013
0.3868511538461539,65.0,0.1905416901705464,2.6532111264245737
0.38723153846153846,65.0,0.19050515943121563,2.6520142375949134
0.3876119230769231,65.0,0.1904719729542272,2.6497867945006126
0.3879923076923077,65.0,0.19044202580805572,2.646247048593272
0.38837269230769234,65.0,0.19041527665188648,2.6414084519015377
0.3887530769230769,65.0,0.1903920381116712,2.635393730076114
0.38913346153846157,65.0,0.19037250349519771,2.6281757199237954
0.38951384615384615,65.0,0.19035645032090687,2.619816638769601
0.38989423076923074,65.0,0.19034371263760977,2.6104292539320153
0.3902746153846154,65.0,0.1903341712014065,2.59989789910157
0.390655,65.0,0.19032767984029594,2.5883768996309002
0.3910353846153846,65.0,0.1903242190924359,2.575923691924774
0.3914157692307692,65.0,0.1903235778526827,2.5623425633008923
0.39179615384615385,65.0,0.1903254747456722,2.54785369028479
0.39217653846153844,65.0,0.19032991054139,2.532314143384445
0.3925569230769231,65.0,0.19033677595260992,2.5157512250316993
0.39293730769230767,65.0,0.19034570786026653,2.49826537289206
0.3933176923076923,65.0,0.19035655125675585,2.4799006831054733
0.3936980769230769,65.0,0.19036935960359203,2.460700706500096
0.39407846153846154,65.0,0.19038398833773287,2.440856707632071
0.39445884615384613,65.0,0.19040026811171978,2.4205836143704427
0.3948392307692308,65.0,0.19041829404451244,2.400058761642269
0.39521961538461536,65.0,0.1904379771691094,2.3792453808994636
0.3956,65.0,0.1904589654033123,2.358195823910679
0.3959803846153846,65.0,0.19048127969163203,2.3372055651741555
0.39636076923076924,65.0,0.19050510044430302,2.316371181890111
0.3967411538461538,65.0,0.19053019427347334,2.295640356188193
0.39712153846153847,65.0,0.1905561934499436,2.274908758904021
0.39750192307692306,65.0,0.1905828380517499,2.2544839266482133
0.3978823076923077,65.0,0.1906099158457231,2.2343830230277866
0.3982626923076923,65.0,0.19063727989678497,2.2145702198607014
0.39864307692307693,65.0,0.19066475191125457,2.1953592314474357
0.3990234615384615,65.0,0.19069212122768134,2.1767205476307034
0.39940384615384616,65.0,0.19071925087081032,2.1587610289898773
0.39978423076923075,65.0,0.1907460951125933,2.141754156844665
0.4001646153846154,65.0,0.1907725204296296,2.1257351654265717
0.400545,65.0,0.19079819803396272,2.110639950930072
0.40092538461538463,65.0,0.19082300890965448,2.096580771158257
0.4013057692307692,65.0,0.19084698595874122,2.0834493976339132
0.40168615384615386,65.0,0.19086985122797545,2.071375078185134
0.40206653846153845,65.0,0.19089141632821555,2.060330109471062
0.4024469230769231,65.0,0.19091169814405742,2.0500656521308764
0.4028273076923077,65.0,0.1909303281143158,2.0408043875719524
0.4032076923076923,65.0,0.1909469295944499,2.0325171160085262
0.4035880769230769,65.0,0.19096159724594167,2.0250991716545443
0.40396846153846155,65.0,0.19097429950789355,2.0186688489923705
0.40434884615384614,65.0,0.19098466782768006,2.013182147476207
0.4047292307692308,65.0,0.19099239353701034,2.008705367824325
0.4051096153846154,65.0,0.19099735087047853,2.0052056665278473
0.40549,65.0,0.19099949143222508,2.0025022284246927
0.4058703846153846,65.0,0.19099874746585072,2.000606731722728
0.40625076923076925,65.0,0.19099511077372494,1.9995223287675987
0.40663115384615384,65.0,0.1909886119510791,1.9991195320840771
0.4070115384615385,65.0,0.19097930569930743,1.9992672639255937
0.40739192307692307,65.0,0.19096732258799218,1.9999019849402753
0.4077723076923077,65.0,0.1909526130267105,2.0010617905528068
0.4081526923076923,65.0,0.1909350594349289,2.0026624403373248
0.40853307692307694,65.0,0.1909148230341599,2.004743921028238
0.40891346153846153,65.0,0.19089198290323345,2.00736842699747
0.4092938461538462,65.0,0.19086643197746728,2.0103871549036563
0.40967423076923076,65.0,0.19083826909040788,2.013940566061938
0.4100546153846154,65.0,0.19080756661579068,2.017977407234956
0.410435,65.0,0.19077412901062096,2.0224433833548088
0.41081538461538464,65.0,0.19073795001501345,2.0274488002186635
0.4111957692307692,65.0,0.19069939106305797,2.0327146345458167
0.41157615384615387,65.0,0.19065857674090717,2.038291629684511
0.41195653846153846,65.0,0.19061527260503724,2.044408380145056
0.4123369230769231,65.0,0.19056953576748822,2.0506607391796434
0.4127173076923077,65.0,0.19052164206182468,2.0572398621152796
0.41309769230769233,65.0,0.19047164652792484,2.0642738163041585
0.4134780769230769,65.0,0.19041967256857736,2.0716586408360773
0.41385846153846156,65.0,0.19036593618511422,2.0795443127163242
0.41423884615384615,65.0,0.19031054158427285,2.087978433050009
0.4146192307692308,65.0,0.1902536760943388,2.097064399958806
0.4149996153846154,65.0,0.19019541209937432,2.106709129613287
0.41538,65.0,0.19013564910955874,2.116917646057322
0.4157603846153846,65.0,0.19007443685136785,2.127697745953774
0.41614076923076926,65.0,0.19001189902058313,2.139055516421187
0.41652115384615385,65.0,0.18994810198228013,2.150861540859016
0.4169015384615385,65.0,0.1898831009985663,2.1631274109932503
0.4172819230769231,65.0,0.18981704840102567,2.1759265411712474
0.41766230769230767,65.0,0.18975007201030697,2.189088950757096
0.4180426923076923,65.0,0.18968214433293473,2.2026622861871394
0.4184230769230769,65.0,0.18961355373631703,2.216710024854871
0.41880346153846154,65.0,0.18954484798144763,2.2312946055840124
0.41918384615384613,65.0,0.18947607674059463,2.246291332462137
0.4195642307692308,65.0,0.1894071736046492,2.2618081745827827
0.41994461538461536,65.0,0.1893385254601308,2.277664068531041
0.420325,65.0,0.18927043342272157,2.2937936639656056
0.4207053846153846,65.0,0.18920296704313286,2.310278989070567
0.42108576923076924,65.0,0.18913634016655417,2.326883011317338
0.4214661538461538,65.0,0.18907082614671553,2.343439698611203
0.42184653846153847,65.0,0.1890065864514109,2.3599771342010323
0.42222692307692306,65.0,0.18894374862369995,2.376394533500326
0.4226073076923077,65.0,0.1888824053297484,2.3925735017397556
0.4229876923076923,65.0,0.1888225763375293,2.4085749955283915
0.42336807692307693,65.0,0.18876436177817302,2.4241922184956266
0.4237484615384615,65.0,0.1887079896052003,2.4393778952149567
0.42412884615384616,65.0,0.18865360266491357,2.4542047783593084
0.42450923076923075,65.0,0.18860132873086685,2.468651553042347
0.4248896153846154,65.0,0.18855137645457198,2.4825285712337024
0.42527,65.0,0.1885037588988609,2.4957018595846954
0.4256503846153846,65.0,0.18845851345071496,2.508126791355817
0.4260307692307692,65.0,0.18841599689442567,2.5197826229012152
0.42641115384615386,65.0,0.18837640176881362,2.5306273653838756
0.42679153846153844,65.0,0.18833951068609403,2.5403172912033143
0.4271719230769231,65.0,0.1883052089750474,2.54903842535983
0.4275523076923077,65.0,0.18827368221485072,2.556772498595894
0.4279326923076923,65.0,0.18824492458369205,2.563350267425536
0.4283130769230769,65.0,0.18821871070042745,2.568950734772617
0.42869346153846155,65.0,0.18819508421768158,2.573500349188662
0.42907384615384614,65.0,0.18817415193946604,2.577032409269884
0.4294542307692308,65.0,0.1881557622609597,2.5795554858817935
0.42983461538461537,65.0,0.1881398470061161,2.58111470721947
0.430215,65.0,0.18812638725374103,2.581573240586298
0.4305953846153846,65.0,0.1881152206288083,2.5810499175665287
0.43097576923076925,65.0,0.18810637267594577,2.579451766341536
0.43135615384615383,65.0,0.18809997469953463,2.5768337170760085
0.4317365384615385,65.0,0.18809599847365774,2.5733806956864025
0.43211692307692307,65.0,0.18809447060504747,2.5687912533041795
0.4324973076923077,65.0,0.18809538808071488,2.563397890306125
0.4328776923076923,65.0,0.18809858817861522,2.557320657983723
0.43325807692307694,65.0,0.18810409275614423,2.5505515397126777
0.43363846153846153,65.0,0.18811205248935972,2.543185974794984
0.43401884615384617,65.0,0.18812232567812456,2.5353055144793695
0.43439923076923076,65.0,0.1881345537396422,2.5270322220802277
0.4347796153846154,65.0,0.18814863293449605,2.518393055756691
0.43516,65.0,0.18816464713401743,2.5093907396776305
0.43554038461538463,65.0,0.18818237794321735,2.5000271874950375
0.4359207692307692,65.0,0.18820158704572568,2.4903954256439076
0.43630115384615387,65.0,0.18822238444998488,2.4804779435748023
0.43668153846153845,65.0,0.18824476739056548,2.470475855168802
0.4370619230769231,65.0,0.18826851758987356,2.4602230435243686
0.4374423076923077,65.0,0.1882935676564735,2.449979079811101
0.43782269230769233,65.0,0.18831981988426935,2.439715140505383
0.4382030769230769,65.0,0.1883470684216122,2.4294015596810725
0.43858346153846156,65.0,0.18837528346989926,2.4193531875972667
0.43896384615384615,65.0,0.1884044622614395,2.409429249756785
0.4393442307692308,65.0,0.18843443798476833,2.399691869617047
0.4397246153846154,65.0,0.18846501843987792,2.390150152559609
0.440105,65.0,0.18849600027097937,2.3806921212300263
0.4404853846153846,65.0,0.1885271363367053,2.371441286458468
0.44086576923076926,65.0,0.18855833814332373,2.362301651674775
0.44124615384615384,65.0,0.18858959334887657,2.353069502852793
0.4416265384615385,65.0,0.18862055141569375,2.3440869718302646
0.4420069230769231,65.0,0.18865085454999755,2.335091682257569
0.4423873076923077,65.0,0.18868059418012262,2.326016674155311
0.4427676923076923,65.0,0.18870975754448235,2.3171989330886396
0.44314807692307695,65.0,0.18873806956868855,2.3083441046475057
0.44352846153846154,65.0,0.1887655259497059,2.299596713259027
0.4439088461538462,65.0,0.1887922894039174,2.2909502374048523
0.44428923076923077,65.0,0.18881832527219566,2.28234852801984
0.4446696153846154,65.0,0.18884347581357422,2.2738443927778116
0.44505,65.0,0.18886770419617838,2.2653090891297363
0.4454303846153846,65.0,0.18889097717794376,2.2567132807858816
0.44581076923076923,65.0,0.18891313989112737,2.2481100338108218
0.4461911538461538,65.0,0.18893421550901088,2.2394050999104116
0.44657153846153846,65.0,0.18895430818273978,2.230530922949894
0.44695192307692305,65.0,0.18897326588728658,2.2217128095929177
0.4473323076923077,65.0,0.18899096431119355,2.2128660577795047
0.4477126923076923,65.0,0.18900738894669697,2.2040186266177773
0.4480930769230769,65.0,0.18902246981328624,2.1951912854836615
0.4484734615384615,65.0,0.18903633131169434,2.186479535744358
0.44885384615384616,65.0,0.18904903243726578,2.1779827078659912
0.44923423076923075,65.0,0.18906032592826183,2.1696004087252785
0.4496146153846154,65.0,0.1890702264582114,2.161451538214343
0.449995,65.0,0.18907898964208156,2.1534280126059286
0.4503753846153846,65.0,0.18908657355135122,2.1456339121321766
0.4507557692307692,65.0,0.18909284585863845,2.1381425602062203
0.45113615384615385,65.0,0.1890979718546587,2.1309336060143402
0.45151653846153844,65.0,0.18910212598261741,2.124021151702267
0.4518969230769231,65.0,0.18910516256317958,2.117487927522029
0.4522773076923077,65.0,0.18910694343448492,2.1114317010122208
0.4526576923076923,65.0,0.1891075183523858,2.1058772934189873
0.4530380769230769,65.0,0.18910677856407196,2.100940814520455
0.45341846153846155,65.0,0.18910461644185872,2.0965203992735435
0.45379884615384614,65.0,0.18910118608046358,2.092819845666684
0.4541792307692308,65.0,0.1890965637997997,2.089782469901031
0.45455961538461537,65.0,0.18909063605802776,2.087399074148024
0.45494,65.0,0.18908338176416695,2.085717175782711
0.4553203846153846,65.0,0.18907491512050933,2.0845923966983158
0.45570076923076924,65.0,0.18906536805370416,2.0841298530607753
0.45608115384615383,65.0,0.18905488489249397,2.084453534790695
0.4564615384615385,65.0,0.18904351584005258,2.0852949012451725
0.45684192307692306,65.0,0.18903122805763542,2.086746299434425
0.4572223076923077,65.0,0.18901819147626037,2.0890131190561574
0.4576026923076923,65.0,0.1890046643365885,2.0918916108707393
0.45798307692307694,65.0,0.1889905877452968,2.095407111589326
0.4583634615384615,65.0,0.1889759294094968,2.099601962761327
0.45874384615384617,65.0,0.18896102168171172,2.104412665554183
0.45912423076923076,65.0,0.1889459651556037,2.109782240137999
0.4595046153846154,65.0,0.18893058483077696,2.115714354083919
0.459885,65.0,0.18891496034824165,2.1220336078655264
0.46026538461538463,65.0,0.18889919816203246,2.128693146129148
0.4606457692307692,65.0,0.1888832426627959,2.1356183383927823
0.46102615384615386,65.0,0.18886722571150677,2.142760013352198
0.46140653846153845,65.0,0.1888514209555819,2.150277275531288
0.4617869230769231,65.0,0.18883591637536346,2.15784329302575
0.4621673076923077,65.0,0.1888206607494774,2.1655236800780946
0.4625476923076923,65.0,0.18880573058410904,2.1734311928711434
0.4629280769230769,65.0,0.1887913245520367,2.1813918031870863
0.46330846153846156,65.0,0.18877752339092935,2.1894492579398226
0.46368884615384615,65.0,0.18876432567250195,2.197525475343535
0.4640692307692308,65.0,0.18875171155187126,2.2055186205066875
0.4644496153846154,65.0,0.18873961982979368,2.2134886905564057
0.46483,65.0,0.1887281227287324,2.221297875653494
0.4652103846153846,65.0,0.1887172680376186,2.2288859444647966
0.46559076923076925,65.0,0.18870684744114175,2.236284888061515
0.46597115384615384,65.0,0.1886968528456289,2.2434006165229126
0.4663515384615385,65.0,0.18868751831595623,2.250283192879356
0.46673192307692307,65.0,0.18867873428305534,2.2569259650164484
0.4671123076923077,65.0,0.18867032219019028,2.263371125169949
0.4674926923076923,65.0,0.18866238595893153,2.2696665748981695
0.46787307692307695,65.0,0.18865494700347793,2.2756670498905076
0.46825346153846154,65.0,0.18864793822225073,2.281564357228184
0.4686338461538462,65.0,0.18864152417303437,2.2873633340201933
0.46901423076923077,65.0,0.18863591955254055,2.292904613871528
0.4693946153846154,65.0,0.18863103690353214,2.298405902380675
0.469775,65.0,0.18862675065552323,2.3036915142885186
0.47015538461538464,65.0,0.18862318394590477,2.3088094377005985
0.47053576923076923,65.0,0.1886204136839488,2.3139258118481765
0.4709161538461539,65.0,0.18861837028344117,2.318751860744102
0.47129653846153846,65.0,0.18861701019545715,2.323586401340698
0.4716769230769231,65.0,0.18861626579440394,2.328474387197092
0.4720573076923077,65.0,0.18861612887564894,2.3332077205075503
0.47243769230769234,65.0,0.1886166776496725,2.3380848272152104
0.4728180769230769,65.0,0.18861784577358665,2.3429722309863252
0.4731984615384615,65.0,0.18861954017202384,2.34794358683665
0.47357884615384616,65.0,0.18862189192743672,2.3530505694619346
0.47395923076923074,65.0,0.18862505351053394,2.358173359647699
0.4743396153846154,65.0,0.18862890631232257,2.3633738643000455
0.47472,65.0,0.18863331875097028,2.3686336954866567
0.4751003846153846,65.0,0.18863841213920315,2.373792725655187
0.4754807692307692,65.0,0.1886441776376506,2.3790339205109574
0.47586115384615385,65.0,0.18865047317982098,2.3843614049716866
0.47624153846153844,65.0,0.18865748266104226,2.389488745682152
0.4766219230769231,65.0,0.18866526736580058,2.394684777502039
0.47700230769230767,65.0,0.1886734947099434,2.3999086370171536
0.4773826923076923,65.0,0.18868207765806233,2.4050741311744956
0.4777630769230769,65.0,0.1886911023733269,2.4101355628025267
0.47814346153846154,65.0,0.18870045883258035,2.4150814970141594
0.47852384615384613,65.0,0.1887100124563265,2.419915617996361
0.4789042307692308,65.0,0.18871968043766083,2.424495845314815
0.47928461538461536,65.0,0.18872943396435657,2.428841327552497
0.479665,65.0,0.18873930170128606,2.432817900796394
0.4800453846153846,65.0,0.18874927711809264,2.43640022949374
0.48042576923076924,65.0,0.18875930711710862,2.4395681102818267
0.4808061538461538,65.0,0.18876939858745198,2.4423433749114096
0.48118653846153847,65.0,0.1887797121846983,2.4445948151040455
0.48156692307692306,65.0,0.18879032583074673,2.446445997616976
0.4819473076923077,65.0,0.18880106130461727,2.4478113059481856
0.4823276923076923,65.0,0.18881187976152047,2.4486812256465944
0.48270807692307693,65.0,0.18882290702681545,2.4490997952611155
0.4830884615384615,65.0,0.18883403846009503,2.448892005610472
0.48346884615384617,65.0,0.1888452485356862,2.448218664678763
0.48384923076923075,65.0,0.1888567618521778,2.4469977016368447
0.4842296153846154,65.0,0.18886850804560124,2.445170757554571
0.48461,65.0,0.18888023202223764,2.442782471978249
0.48499038461538463,65.0,0.18889202178562928,2.439753461258011
0.4853707692307692,65.0,0.1889040622399725,2.436096670192166
0.48575115384615386,65.0,0.1889162626768205,2.4320361724164297
0.48613153846153845,65.0,0.18892854707659384,2.427421220848987
0.4865119230769231,65.0,0.18894105654628246,2.422248865789639
0.4868923076923077,65.0,0.18895386217361448,2.416783833388337
0.4872726923076923,65.0,0.18896697226572157,2.4109350375793515
0.4876530769230769,65.0,0.18898043248593835,2.404796755164825
0.48803346153846155,65.0,0.18899420096299108,2.398358490621909
0.48841384615384614,65.0,0.1890083157633296,2.39166043287185
0.4887942307692308,65.0,0.18902290375958272,2.384730577257375
0.4891746153846154,65.0,0.18903785631244388,2.377635076902872
0.489555,65.0,0.18905298131750214,2.3703527559666844
0.4899353846153846,65.0,0.18906828663632486,2.3629008225557344
0.49031576923076925,65.0,0.1890837532103819,2.3553959876000685
0.49069615384615384,65.0,0.18909927427071024,2.3476814083792172
0.4910765384615385,65.0,0.1891149205201696,2.3400936003727812
0.49145692307692307,65.0,0.18913081394309558,2.332576322241405
0.4918373076923077,65.0,0.18914681202745745,2.3250248095677444
0.4922176923076923,65.0,0.18916275349165948,2.3176464987282603
0.49259807692307694,65.0,0.18917883293247356,2.310438996423133
0.49297846153846153,65.0,0.18919519675304744,2.3033560048571045
0.4933588461538462,65.0,0.1892116494238801,2.296410190566906
0.49373923076923076,65.0,0.1892282090593729,2.2896654238288043
0.4941196153846154,65.0,0.18924509280527502,2.2830056956761586
0.4945,65.0,0.18926224844163017,2.276538043372506
0.49488038461538464,65.0,0.18927964121007107,2.270145541693782
0.4952607692307692,65.0,0.18929731767687383,2.2639352870796667
0.49564115384615387,65.0,0.18931521822639466,2.2578653071771186
0.49602153846153846,65.0,0.1893334087025837,2.25189651083828
0.4964019230769231,65.0,0.18935194957625642,2.2461632130685008
0.4967823076923077,65.0,0.18937069780503915,2.2405043397395548
0.49716269230769233,65.0,0.18938957613085028,2.235064275202364
0.4975430769230769,65.0,0.18940863772703007,2.229639278683991
0.49792346153846156,65.0,0.1894278887421666,2.224367558525199
0.49830384615384615,65.0,0.18944734299850338,2.2192070568226976
0.4986842307692308,65.0,0.18946713427580367,2.2140297867070506
0.4990646153846154,65.0,0.18948733534486545,2.20892895664984
0.49944500000000003,65.0,0.18950776418958779,2.203778096295146
0.4998253846153846,65.0,0.18952837734589184,2.1986089074299464
0.5002057692307692,65.0,0.18954940105327522,2.1935631334997536
0.5005861538461539,65.0,0.18957074884228614,2.188398319727248
0.5009665384615385,65.0,0.18959218131774713,2.1831929785043225
0.5013469230769231,65.0,0.18961377226755796,2.178204537858069
0.5017273076923077,65.0,0.18963557140274975,2.1731218396407184
0.5021076923076923,65.0,0.18965740279126234,2.1681397835838307
0.502488076923077,65.0,0.1896791301641469,2.163243479334701
0.5028684615384615,65.0,0.18970071804338354,2.158310616421691
0.5032488461538461,65.0,0.18972210659761282,2.1534986818934874
0.5036292307692307,65.0,0.1897432444229546,2.14876563915954
0.5040096153846154,65.0,0.18976411666614626,2.1441018421118136
0.50439,65.0,0.1897845786728688,2.139548139078402
0.5047703846153846,65.0,0.18980450924269873,2.135086651751424
0.5051507692307692,65.0,0.18982399908804545,2.130750118025521
0.5055311538461539,65.0,0.18984302594473632,2.126766097403339
0.5059115384615385,65.0,0.18986156408349933,2.1229642509290043
0.5062919230769231,65.0,0.1898797669674004,2.1194651268544944
0.5066723076923076,65.0,0.1898975242435747,2.1163887164238133
0.5070526923076923,65.0,0.1899146144022211,2.1137108490866217
0.5074330769230769,65.0,0.1899311338022048,2.1114783705241993
0.5078134615384615,65.0,0.1899471445193204,2.109601031840195
0.5081938461538461,65.0,0.1899624437124716,2.1082747360201775
0.5085742307692308,65.0,0.18997690714913537,2.107416053909599
0.5089546153846154,65.0,0.18999064540307498,2.1070261170560354
0.509335,65.0,0.19000371286561765,2.107173753032935
0.5097153846153846,65.0,0.190015924780019,2.107816787216377
0.5100957692307693,65.0,0.19002723395275567,2.1090895889001655
0.5104761538461539,65.0,0.19003777823353868,2.1109150393820797
0.5108565384615384,65.0,0.19004752183333476,2.1133285812864924
0.511236923076923,65.0,0.19005648116981252,2.1164081560580734
0.5116173076923077,65.0,0.19006472868116975,2.1200978979380163
0.5119976923076923,65.0,0.19007213350104046,2.1243768498907953
0.5123780769230769,65.0,0.19007868478453577,2.129376633974672
0.5127584615384615,65.0,0.1900844848076277,2.134831891385019
0.5131388461538462,65.0,0.1900894881827799,2.140787212720746
0.5135192307692308,65.0,0.19009373029057863,2.1474025337398452
0.5138996153846154,65.0,0.19009725537837824,2.1543391928052076
0.51428,65.0,0.1900998717181267,2.161766982469458
0.5146603846153847,65.0,0.19010145815473808,2.1695955144075407
0.5150407692307692,65.0,0.1901021370570817,2.1776604597694718
0.5154211538461538,65.0,0.19010190091102466,2.1861284738215097
0.5158015384615384,65.0,0.1901005328292887,2.1949147557543616
0.5161819230769231,65.0,0.19009806008305513,2.2038616651020067
0.5165623076923077,65.0,0.19009471728684577,2.2130398169398267
0.5169426923076923,65.0,0.1900904586181745,2.2223599617654797
0.5173230769230769,65.0,0.19008514541735827,2.231813143572883
0.5177034615384616,65.0,0.19007892291707756,2.241279322561163
0.5180838461538462,65.0,0.19007191933808276,2.2507004754250617
0.5184642307692308,65.0,0.19006411718099725,2.260118347157607
0.5188446153846153,65.0,0.19005558991914873,2.2693838180680292
0.519225,65.0,0.19004638312813418,2.2784988844312006
0.5196053846153846,65.0,0.19003644616705276,2.2874203824127712
0.5199857692307692,65.0,0.19002580903212885,2.296179472903034
0.5203661538461538,65.0,0.19001458920586675,2.3046584156773684
0.5207465384615385,65.0,0.19000286408078143,2.3129085296410943
0.5211269230769231,65.0,0.1899906705718171,2.321007824977187
0.5215073076923077,65.0,0.1899780614391827,2.3287777584313654
0.5218876923076923,65.0,0.1899649960140162,2.336230411859059
0.522268076923077,65.0,0.18995149681550832,2.3434768157779367
0.5226484615384616,65.0,0.18993780591665285,2.3503916224916
0.5230288461538461,65.0,0.18992393792895967,2.356919641736906
0.5234092307692307,65.0,0.1899097879243714,2.363196050399397
0.5237896153846154,65.0,0.1898956602494251,2.3691023277143204
0.52417,65.0,0.18988178520240875,2.374723893581749
0.5245503846153846,65.0,0.18986802333504518,2.380060916280668
0.5249307692307692,65.0,0.18985441631079075,2.3851110505168456
0.5253111538461539,65.0,0.18984116119129954,2.3898938277829425
0.5256915384615385,65.0,0.18982830117254187,2.39446433195484
0.5260719230769231,65.0,0.189815830987225,2.39883470486762
0.5264523076923077,65.0,0.1898037822220324,2.403008667335419
0.5268326923076924,65.0,0.18979218609567877,2.4070279388363773
0.527213076923077,65.0,0.18978096904293007,2.410762149759788
0.5275934615384615,65.0,0.18977013409034085,2.414285570227721
0.5279738461538461,65.0,0.18975987028495522,2.417689253627318
0.5283542307692308,65.0,0.18975019813463687,2.4208208979793304
0.5287346153846154,65.0,0.18974110396103572,2.4237498584283363
0.529115,65.0,0.1897326717634725,2.426476942952668
0.5294953846153846,65.0,0.18972486096273194,2.4289265817064187
0.5298757692307692,65.0,0.18971777348733304,2.43128364359408
0.5302561538461539,65.0,0.18971158215619505,2.4334070888881536
0.5306365384615385,65.0,0.1897061849187721,2.435234251888419
0.531016923076923,65.0,0.18970161100640184,2.4369572251011746
0.5313973076923076,65.0,0.18969813678764919,2.438415493729887
0.5317776923076923,65.0,0.18969578982254706,2.4396270756566323
0.5321580769230769,65.0,0.18969439475982514,2.4406007059435857
0.5325384615384615,65.0,0.18969399335666884,2.441191103437866
0.5329188461538461,65.0,0.1896947571726796,2.4414575346396035
0.5332992307692308,65.0,0.189696630559655,2.4413712448472613
0.5336796153846154,65.0,0.18969954474098208,2.4408353139514403
0.53406,65.0,0.1897036210455907,2.4399129957202392
0.5344403846153846,65.0,0.1897088143728728,2.438552442898049
0.5348207692307693,65.0,0.1897150324419301,2.4366515348505753
0.5352011538461539,65.0,0.1897224401646952,2.4344226526561337
0.5355815384615384,65.0,0.1897311397529882,2.4316829572318595
0.535961923076923,65.0,0.18974110633683666,2.4284284509571616
0.5363423076923077,65.0,0.1897523522242827,2.4247320671958295
0.5367226923076923,65.0,0.18976484244966196,2.420559619341645
0.5371030769230769,65.0,0.18977857641535786,2.4159123360916674
0.5374834615384615,65.0,0.18979357439852554,2.4106118451874674
0.5378638461538462,65.0,0.18980977703797147,2.4048843622926377
0.5382442307692308,65.0,0.18982707557721412,2.3986339086651123
0.5386246153846154,65.0,0.1898454349741243,2.391845221086889
0.539005,65.0,0.18986496044659973,2.3845841938547365
0.5393853846153847,65.0,0.18988550397542012,2.376838858985298
0.5397657692307692,65.0,0.18990675402161936,2.3686556780275696
0.5401461538461538,65.0,0.1899287870061591,2.3601205359030857
0.5405265384615384,65.0,0.1899516503274179,2.3512137403727036
0.5409069230769231,65.0,0.18997508517771836,2.3419539238288603
0.5412873076923077,65.0,0.1899990705074148,2.3325149894084407
0.5416676923076923,65.0,0.19002364142241607,2.322682063741804
0.5420480769230769,65.0,0.19004859289398102,2.312780555300543
0.5424284615384616,65.0,0.19007387114169733,2.3026825081548727
0.5428088461538462,65.0,0.1900995645237607,2.292369479746176
0.5431892307692308,65.0,0.19012564121206477,2.28211985966527
0.5435696153846153,65.0,0.1901519755911857,2.271765720448988
0.54395,65.0,0.19017845904278302,2.261468399699001
0.5443303846153846,65.0,0.19020504079070924,2.2513441591764867
0.5447107692307692,65.0,0.19023164178838103,2.2412506733807684
0.5450911538461538,65.0,0.19025816186240332,2.2314228602533177
0.5454715384615385,65.0,0.19028450618392057,2.221923549058517
0.5458519230769231,65.0,0.19031055311613387,2.212608763906518
0.5462323076923077,65.0,0.19033633418495577,2.203743788711347
0.5466126923076923,65.0,0.1903618936602549,2.195215889462186
0.546993076923077,65.0,0.19038697606671742,2.187090044622635
0.5473734615384616,65.0,0.19041145538721596,2.179431516541335
0.5477538461538461,65.0,0.1904354924404544,2.172136746700716
0.5481342307692307,65.0,0.19045904166724248,2.1653750021939073
0.5485146153846154,65.0,0.19048193674351366,2.159090090139417
0.548895,65.0,0.1905042199762892,2.153347507639681
0.5492753846153846,65.0,0.19052590215240264,2.148087028430556
0.5496557692307692,65.0,0.19054679954503934,2.1434061622316403
0.5500361538461539,65.0,0.19056687440883324,2.13927862536215
0.5504165384615385,65.0,0.19058625421512415,2.13566235678243
0.5507969230769231,65.0,0.19060482607074253,2.132645215065698
0.5511773076923077,65.0,0.19062236737041577,2.130164297761997
0.5515576923076924,65.0,0.1906388770042456,2.1281465160127206
0.551938076923077,65.0,0.19065430567736866,2.126558178209995
0.5523184615384615,65.0,0.19066851203289342,2.1255202218371085
0.5526988461538461,65.0,0.19068146958147952,2.1248139163303366
0.5530792307692308,65.0,0.19069309130139203,2.124499259019456
0.5534596153846154,65.0,0.19070336427682574,2.124562665198935
0.55384,65.0,0.19071242364012378,2.124949163972698
0.5542203846153846,65.0,0.19072018521929446,2.1257261457446117
0.5546007692307693,65.0,0.1907264988029896,2.126748076101836
0.5549811538461539,65.0,0.1907314240265607,2.128133770733631
0.5553615384615385,65.0,0.19073506566955384,2.1297364820396636
0.555741923076923,65.0,0.19073739644042725,2.131592664184672
0.5561223076923077,65.0,0.19073831693527796,2.1336968585606972
0.5565026923076923,65.0,0.19073791317113323,2.1360496325338767
0.5568830769230769,65.0,0.1907362206129614,2.1385067052801534
0.5572634615384615,65.0,0.19073305369174876,2.141084277692792
0.5576438461538461,65.0,0.19072853585101274,2.143930433798725
0.5580242307692308,65.0,0.19072285794224192,2.146800324248757
0.5584046153846154,65.0,0.1907158367002077,2.1498530749186
0.558785,65.0,0.19070744332358275,2.153057161286416
0.5591653846153846,65.0,0.19069785321510213,2.1563594652281557
0.5595457692307693,65.0,0.1906870649241722,2.15984398685241
0.5599261538461539,65.0,0.19067508205565567,2.163567753355901
0.5603065384615384,65.0,0.19066198138258192,2.1673583351466936
0.560686923076923,65.0,0.1906478485992273,2.1713851087003455
0.5610673076923077,65.0,0.19063283479130186,2.1756675228009392
0.5614476923076923,65.0,0.1906170388783112,2.180083824220126
0.5618280769230769,65.0,0.1906004465232875,2.1847595727652394
0.5622084615384615,65.0,0.19058302244448494,2.1895939407468634
0.5625888461538462,65.0,0.19056488729204027,2.1946722643837386
0.5629692307692308,65.0,0.19054618929088976,2.2000041237161145
0.5633496153846154,65.0,0.19052683770028075,2.205553329970332
0.56373,65.0,0.19050684513023697,2.211359048382198
0.5641103846153847,65.0,0.19048637156582984,2.2174510825429934
0.5644907692307692,65.0,0.19046533974769575,2.2237488138397916
0.5648711538461538,65.0,0.19044373853238616,2.230377369749072
0.5652515384615384,65.0,0.1904217889013259,2.237321051742975
0.5656319230769231,65.0,0.19039956609831934,2.244395849553942
0.5660123076923077,65.0,0.19037698230510494,2.2517867273051326
0.5663926923076923,65.0,0.19035409659527047,2.259400080173131
0.5667730769230769,65.0,0.19033112744125685,2.2672170197973407
0.5671534615384616,65.0,0.19030809636930937,2.275159579272875
0.5675338461538462,65.0,0.1902849465454449,2.2832231346677387
0.5679142307692308,65.0,0.1902618640974044,2.291440693855877
0.5682946153846153,65.0,0.19023898626648167,2.2997418567706784
0.568675,65.0,0.19021634574378965,2.308110698544289
0.5690553846153846,65.0,0.1901940559349144,2.3165021235941565
0.5694357692307692,65.0,0.19017206560879085,2.3248875881108226
0.5698161538461538,65.0,0.19015034645645035,2.3332557079944545
0.5701965384615385,65.0,0.19012911867602006,2.3415163042072726
0.5705769230769231,65.0,0.19010840937542134,2.349616941938189
0.5709573076923077,65.0,0.19008816254463096,2.3576325069595283
0.5713376923076923,65.0,0.19006852575148422,2.3653223615811214
0.571718076923077,65.0,0.19004957443231074,2.3727298657843363
0.5720984615384616,65.0,0.19003129025912271,2.3799374453298903
0.5724788461538461,65.0,0.19001377496548474,2.3866103305323256
0.5728592307692307,65.0,0.18999722760944696,2.393002692082125
0.5732396153846154,65.0,0.189981683881829,2.398980729292585
0.57362,65.0,0.18996703646342886,2.4044439694035997
0.5740003846153846,65.0,0.1899534239534875,2.4095565173972737
0.5743807692307692,65.0,0.18994101356646328,2.4140919251905766
0.5747611538461539,65.0,0.18992965169907994,2.418151488279535
0.5751415384615385,65.0,0.18991930405170523,2.4217548649303655
0.5755219230769231,65.0,0.18991013619219507,2.4247501790831922
0.5759023076923077,65.0,0.18990214216175208,2.4272176039885305
0.5762826923076924,65.0,0.18989527677958237,2.4291543158945847
0.576663076923077,65.0,0.1898895212944164,2.4304754478270416
0.5770434615384615,65.0,0.18988476510442517,2.431294934232188
0.5774238461538461,65.0,0.18988099733486477,2.431511238042993
0.5778042307692308,65.0,0.18987830798841532,2.4311571804884915
0.5781846153846154,65.0,0.18987664293155315,2.430333505092568
0.578565,65.0,0.18987592923035296,2.429015254502509
0.5789453846153846,65.0,0.1898762323752487,2.427207838887146
0.5793257692307693,65.0,0.18987755810220935,2.4249940681048443
0.5797061538461539,65.0,0.18987979025866367,2.422399559133742
0.5800865384615385,65.0,0.18988299397975833,2.419384472059206
0.580466923076923,65.0,0.18988727749908588,2.4160421920147246
0.5808473076923077,65.0,0.18989243504211384,2.4124522970413893
0.5812276923076923,65.0,0.18989836393803297,2.4085186950725195
0.5816080769230769,65.0,0.18990520693545315,2.4042701490378744
0.5819884615384615,65.0,0.18991287484777838,2.3998940194824936
0.5823688461538462,65.0,0.18992116082196478,2.395242078600168
0.5827492307692308,65.0,0.18993007711149318,2.3904515898663363
0.5831296153846154,65.0,0.18993971318939343,2.385550106476802
0.58351,65.0,0.18995002463638982,2.380495889944899
0.5838903846153847,65.0,0.18996089235011254,2.3754755645609213
0.5842707692307693,65.0,0.18997228686551335,2.3703580123609513
0.5846511538461538,65.0,0.18998418158375321,2.365239967038201
0.5850315384615384,65.0,0.18999652224089258,2.36014501189915
0.585411923076923,65.0,0.19000937975274954,2.355059010498538
0.5857923076923077,65.0,0.19002270844503277,2.3499759749247064
0.5861726923076923,65.0,0.19003639033955527,2.3450005875806723
0.5865530769230769,65.0,0.1900505028568675,2.3400101851890662
0.5869334615384615,65.0,0.1900649647667342,2.3350218784651036
0.5873138461538462,65.0,0.19007962253029856,2.3301549121389975
0.5876942307692308,65.0,0.19009458717364777,2.32531496763574
0.5880746153846154,65.0,0.19010978210156154,2.320508551486538
0.588455,65.0,0.19012494119568157,2.3157692352610475
0.5888353846153846,65.0,0.19014008518313205,2.3110579001769747
0.5892157692307692,65.0,0.19015525741617473,2.306405711097518
0.5895961538461538,65.0,0.19017027307910966,2.301809829073876
0.5899765384615384,65.0,0.1901849673017654,2.2971680789056506
0.5903569230769231,65.0,0.19019941753009073,2.292536358887695
0.5907373076923077,65.0,0.19021371630372844,2.2879248960948733
0.5911176923076923,65.0,0.19022769864859707,2.2832862976645125
0.5914980769230769,65.0,0.19024127709204874,2.278610558994483
0.5918784615384616,65.0,0.19025448569976047,2.273889385411273
0.5922588461538462,65.0,0.19026722582042183,2.2690793957847344
0.5926392307692308,65.0,0.19027948439388465,2.2642524834649564
0.5930196153846153,65.0,0.19029130204565126,2.259454255513269
0.5934,65.0,0.19030257570477785,2.2545050118936643
0.5937803846153846,65.0,0.19031325990341874,2.24961214328389
0.5941607692307692,65.0,0.19032335806883666,2.2446924653618536
0.5945411538461538,65.0,0.1903327893807843,2.239678723792391
0.5949215384615385,65.0,0.19034152232236018,2.234784873860636
0.5953019230769231,65.0,0.19034959974965393,2.2298225215319323
0.5956823076923077,65.0,0.19035696213424372,2.224830428202412
0.5960626923076923,65.0,0.19036347886890936,2.2199110319420994
0.596443076923077,65.0,0.19036924858872714,2.2150764403010963
0.5968234615384616,65.0,0.19037438254307382,2.2102409786822457
0.5972038461538461,65.0,0.19037867838980546,2.2055095826177435
0.5975842307692307,65.0,0.1903821335377552,2.200932842963422
0.5979646153846154,65.0,0.1903850196801012,2.1965128038805086
0.598345,65.0,0.19038730159030037,2.1923060349236896
0.5987253846153846,65.0,0.1903888658364024,2.1882878654300897
0.5991057692307692,65.0,0.19038976890826456,2.184591252133602
0.5994861538461539,65.0,0.1903899953142646,2.1811320079990764
0.5998665384615385,65.0,0.1903895212619961,2.1779969046142313
0.6002469230769231,65.0,0.1903883590865306,2.175149132258397
0.6006273076923077,65.0,0.19038652661124533,2.1726946402094587
0.6010076923076924,65.0,0.19038400543876863,2.1705575392941205
0.6013880769230769,65.0,0.19038073729382152,2.168749703048567
0.6017684615384615,65.0,0.19037676296926645,2.1674634598144684
0.6021488461538461,65.0,0.19037209182579312,2.1664217004152966
0.6025292307692308,65.0,0.1903667004445697,2.1658719339595556
0.6029096153846154,65.0,0.19036067466514667,2.1657586286869206
0.60329,65.0,0.19035397651976005,2.166027763349955
0.6036703846153846,65.0,0.1903465605606405,2.166778166041114
0.6040507692307693,65.0,0.1903386198981271,2.167962411009707
0.6044311538461539,65.0,0.1903301573158036,2.1694750298988232
0.6048115384615385,65.0,0.19032100360526963,2.171478377580747
0.605191923076923,65.0,0.1903113201576043,2.1738602557832465
0.6055723076923077,65.0,0.19030130247536806,2.176535539299727
0.6059526923076923,65.0,0.19029084568717997,2.1796166228631266
0.6063330769230769,65.0,0.19027987446976,2.1829563012233155
0.6067134615384615,65.0,0.19026847810999897,2.1866153016621417
0.6070938461538462,65.0,0.19025668324588998,2.190491421278593
0.6074742307692308,65.0,0.1902444472218079,2.1946302075420174
0.6078546153846154,65.0,0.19023185571829632,2.198964186884176
0.608235,65.0,0.19021899987756066,2.203458881286931
0.6086153846153847,65.0,0.1902058390029696,2.208153367911587
0.6089957692307693,65.0,0.19019243117546555,2.212906658035591
0.6093761538461538,65.0,0.1901788812520111,2.217801141412438
0.6097565384615384,65.0,0.19016520331460188,2.2227309168096396
0.6101369230769231,65.0,0.1901514710530389,2.2276468577950923
0.6105173076923077,65.0,0.19013774219561144,2.2326073497601073
0.6108976923076923,65.0,0.19012399586171813,2.2375554005112055
0.6112780769230769,65.0,0.19011031271272014,2.2423570647172255
0.6116584615384616,65.0,0.19009679489890907,2.247174033954095
0.6120388461538462,65.0,0.1900833667003487,2.251873265546674
0.6124192307692308,65.0,0.1900699599085552,2.256447794715569
0.6127996153846154,65.0,0.1900567379143563,2.260999085566102
0.61318,65.0,0.1900438210153973,2.2653102564359644
0.6135603846153846,65.0,0.19003102540462513,2.26963226274258
0.6139407692307692,65.0,0.19001828575191246,2.273820101869168
0.6143211538461538,65.0,0.19000577455594464,2.2777796565729855
0.6147015384615384,65.0,0.18999342146887505,2.281689216567292
0.6150819230769231,65.0,0.18998116435377846,2.2854604008082036
0.6154623076923077,65.0,0.18996917951970613,2.2890497590079573
0.6158426923076923,65.0,0.18995745395424862,2.292573296951968
0.6162230769230769,65.0,0.18994592082505002,2.296020681157637
0.6166034615384616,65.0,0.1899346731715317,2.2992373537624586
0.6169838461538462,65.0,0.18992372913593789,2.302496147495728
0.6173642307692307,65.0,0.18991308495433815,2.305655136516362
0.6177446153846153,65.0,0.18990274848614605,2.308766359820406
0.618125,65.0,0.1898926907887925,2.31184729393444
0.6185053846153846,65.0,0.1898829270040964,2.314857817136605
0.6188857692307692,65.0,0.1898734787626925,2.317947647230233
0.6192661538461538,65.0,0.18986434772909397,2.320949359725575
0.6196465384615385,65.0,0.18985544431261936,2.3240041805829303
0.6200269230769231,65.0,0.1898467455574804,2.327002052589228
0.6204073076923077,65.0,0.18983845609104233,2.33000675720566
0.6207876923076923,65.0,0.1898305758666335,2.333057990403053
0.621168076923077,65.0,0.1898229016182496,2.3360950083239995
0.6215484615384615,65.0,0.18981553748559596,2.339127080165646
0.6219288461538461,65.0,0.18980860773891148,2.342173244431
0.6223092307692307,65.0,0.1898020006627107,2.3452021879589493
0.6226896153846154,65.0,0.18979575892892137,2.3482918405663855
0.62307,65.0,0.18979002072019704,2.351353558436653
0.6234503846153846,65.0,0.1897847467200582,2.3543471356508854
0.6238307692307692,65.0,0.1897798548295055,2.3574191832557307
0.6242111538461539,65.0,0.1897754157263819,2.360341005632154
0.6245915384615385,65.0,0.18977147268745814,2.3632212433636957
0.6249719230769231,65.0,0.18976790147059822,2.3660584671124254
0.6253523076923077,65.0,0.18976468983190967,2.3686650324315344
0.6257326923076924,65.0,0.18976187432780817,2.3711692594342613
0.6261130769230769,65.0,0.1897593844503821,2.373566092915314
0.6264934615384615,65.0,0.1897572531212905,2.3756958963011248
0.6268738461538461,65.0,0.18975544551573345,2.3776280028426435
0.6272542307692308,65.0,0.18975383533125487,2.3793664371614103
0.6276346153846154,65.0,0.18975255269569058,2.380819558117063
0.628015,65.0,0.18975169879883333,2.3820920445876763
0.6283953846153846,65.0,0.1897511355270163,2.3830199332162936
0.6287757692307693,65.0,0.18975078893922104,2.3836649344431335
0.6291561538461539,65.0,0.1897507316004871,2.3840275419401635
0.6295365384615385,65.0,0.1897510012042879,2.3840401109922698
0.629916923076923,65.0,0.1897514836106951,2.3837022994589283
0.6302973076923077,65.0,0.1897521871286688,2.38304746334622
0.6306776923076923,65.0,0.18975324138307767,2.3820505671533074
0.6310580769230769,65.0,0.18975450658847579,2.3806276677741605
0.6314384615384615,65.0,0.18975588190541107,2.3789624780735825
0.6318188461538462,65.0,0.18975752551005637,2.3769338941722293
0.6321992307692308,65.0,0.18975937045027588,2.3745285701548386
0.6325796153846154,65.0,0.189761279611827,2.3718835612005083
0.63296,65.0,0.18976335200357486,2.368883582750326
0.6333403846153847,65.0,0.18976560167775508,2.3656658768729706
0.6337207692307693,65.0,0.1897680060072064,2.3621726804780705
0.6341011538461538,65.0,0.18977060359460604,2.3583986687630136
0.6344815384615384,65.0,0.18977334118913916,2.354453033437651
0.6348619230769231,65.0,0.1897762275369833,2.350286845122588
0.6352423076923077,65.0,0.1897793925592596,2.3459522595230378
0.6356226923076923,65.0,0.18978286376828174,2.341502610182141
0.6360030769230769,65.0,0.18978650652390738,2.3369189246808597
0.6363834615384616,65.0,0.18979028018067057,2.3322617387681923
0.6367638461538462,65.0,0.18979429719056784,2.3275588837545462
0.6371442307692308,65.0,0.18979850424340783,2.3228166687462775
0.6375246153846154,65.0,0.18980278316155996,2.318096776936333
0.637905,65.0,0.1898072414502946,2.313386629410306
0.6382853846153846,65.0,0.18981189588529224,2.308760089552339
0.6386657692307692,65.0,0.18981658051889003,2.304167099808417
0.6390461538461538,65.0,0.18982131940315786,2.2996655675796016
0.6394265384615385,65.0,0.189826208021594,2.295297541623068
0.6398069230769231,65.0,0.18983114426279127,2.2909594708687555
0.6401873076923077,65.0,0.18983605014477167,2.286768646746492
0.6405676923076923,65.0,0.18984102196632896,2.28278743053653
0.6409480769230769,65.0,0.18984610405855193,2.278814396849586
0.6413284615384616,65.0,0.18985121638983057,2.2750418875507017
0.6417088461538462,65.0,0.1898563393615848,2.271475945549821
0.6420892307692307,65.0,0.18986148696569827,2.267963158415719
0.6424696153846153,65.0,0.18986663256826264,2.264694816247916
0.64285,65.0,0.1898718563894331,2.2615011146162107
0.6432303846153846,65.0,0.18987713381136148,2.258450142806804
0.6436107692307692,65.0,0.18988226581855966,2.255601328001114
0.6439911538461538,65.0,0.18988731254799793,2.2527761748629884
0.6443715384615385,65.0,0.18989235895589324,2.250049228455423
0.6447519230769231,65.0,0.18989725065943658,2.2474638714312882
0.6451323076923077,65.0,0.1899020081389672,2.2448637629926704
0.6455126923076923,65.0,0.18990675563561996,2.2423701396084343
0.645893076923077,65.0,0.1899114248855814,2.2399805969428277
0.6462734615384615,65.0,0.18991595245312776,2.2375067527168846
0.6466538461538461,65.0,0.18992041694572107,2.2351975785299336
0.6470342307692307,65.0,0.1899248803829386,2.2328509242040013
0.6474146153846154,65.0,0.1899292438012176,2.2305497447310443
0.647795,65.0,0.18993345930288846,2.2283206018645285
0.6481753846153846,65.0,0.18993768508967726,2.2260196869549365
0.6485557692307692,65.0,0.18994191094764898,2.2237913169417824
0.6489361538461539,65.0,0.18994598000291593,2.221595754098891
0.6493165384615385,65.0,0.1899499358963427,2.2193659657003795
0.6496969230769231,65.0,0.18995378008335256,2.2171599774928716
0.6500773076923076,65.0,0.18995747131918542,2.214980144014964
0.6504576923076923,65.0,0.18996107536201146,2.212840546988628
0.6508380769230769,65.0,0.18996447419146095,2.2107616003280373
0.6512184615384615,65.0,0.18996756001877954,2.208690406585803
0.6515988461538461,65.0,0.18997043478598982,2.206756566499358
0.6519792307692308,65.0,0.18997308515195555,2.204856752545416
0.6523596153846154,65.0,0.18997541460219303,2.2030992329644747
0.65274,65.0,0.18997747239932786,2.201540251374244
0.6531203846153846,65.0,0.18997934005228342,2.1999974792034425
0.6535007692307693,65.0,0.18998092138701794,2.1987192632939965
0.6538811538461539,65.0,0.18998213846087406,2.197628836967946
0.6542615384615384,65.0,0.1899831207748809,2.1966738566731814
0.654641923076923,65.0,0.1899838294558023,2.1960052174160314
0.6550223076923077,65.0,0.18998408090464958,2.1955388532379123
0.6554026923076923,65.0,0.18998396976756657,2.1952868158511807
0.6557830769230769,65.0,0.189983589575349,2.1953935602941326
0.6561634615384615,65.0,0.18998280879004467,2.1957350187631914
0.6565438461538462,65.0,0.18998156080002068,2.1963775488270785
0.6569242307692308,65.0,0.18997988408819708,2.197355768150219
0.6573046153846154,65.0,0.18997781903365513,2.198569853343515
0.657685,65.0,0.18997536749865232,2.2002340352413405
0.6580653846153847,65.0,0.18997251703823795,2.2021412390889346
0.6584457692307693,65.0,0.18996926069018966,2.2043423475395767
0.6588261538461538,65.0,0.189965571031515,2.2069185513555536
0.6592065384615384,65.0,0.1899615217323395,2.209756258547364
0.6595869230769231,65.0,0.18995717312032884,2.212873232618765
0.6599673076923077,65.0,0.18995243913571203,2.2162875307470604
0.6603476923076923,65.0,0.18994741846067148,2.2200342078652096
0.6607280769230769,65.0,0.18994220890243033,2.223897630298698
0.6611084615384616,65.0,0.18993664098134624,2.2281212598303277
0.6614888461538462,65.0,0.18993076412376955,2.2325513378513406
0.6618692307692308,65.0,0.1899247097633426,2.2371124796559205
0.6622496153846154,65.0,0.18991831926503436,2.2419043097304314
0.66263,65.0,0.1899115460647929,2.2467892421821083
0.6630103846153846,65.0,0.18990455213317542,2.251830824301061
0.6633907692307692,65.0,0.1898973604006041,2.2569244019034764
0.6637711538461538,65.0,0.189889854451779,2.2620897113699345
0.6641515384615385,65.0,0.18988202276547123,2.267235075576979
0.6645319230769231,65.0,0.18987398653809134,2.272433437299272
0.6649123076923077,65.0,0.1898657818075952,2.2775520813683703
0.6652926923076923,65.0,0.189857368636935,2.2826454452004152
0.665673076923077,65.0,0.18984879476889446,2.2876678931551
0.6660534615384616,65.0,0.18984005616549826,2.2925699296288506
0.6664338461538462,65.0,0.18983113034020735,2.297399256186633
0.6668142307692307,65.0,0.18982211419584635,2.302065207005756
0.6671946153846154,65.0,0.18981300041060747,2.3066083459600266
0.667575,65.0,0.18980374763569255,2.3109541139653555
0.6679553846153846,65.0,0.18979446607228662,2.3151640406424434
0.6683357692307692,65.0,0.18978515198895307,2.319153158017173
0.6687161538461538,65.0,0.18977571144078678,2.3229572873862385
0.6690965384615385,65.0,0.1897662364295858,2.3265632726725376
0.6694769230769231,65.0,0.1897567902763331,2.329917796634916
0.6698573076923077,65.0,0.18974726424857385,2.3330716245275864
0.6702376923076923,65.0,0.1897376958284816,2.336076487082209
0.670618076923077,65.0,0.1897283006638837,2.338836413183154
0.6709984615384615,65.0,0.18971906682032397,2.3413724089741907
0.6713788461538461,65.0,0.1897098602260764,2.3438282746259165
0.6717592307692307,65.0,0.18970082481584605,2.346007323968031
0.6721396153846154,65.0,0.18969209713023144,2.3481117764965522
0.67252,65.0,0.18968362033348224,2.3500352715872066
0.6729003846153846,65.0,0.18967542679029353,2.351753592071405
0.6732807692307692,65.0,0.18966756483278574,2.353450926309462
0.6736611538461539,65.0,0.18965999891395344,2.3549534387032045
0.6740415384615385,65.0,0.18965277007146414,2.3562978215979107
0.6744219230769231,65.0,0.18964592206958772,2.3576047835745984
0.6748023076923076,65.0,0.18963943449803125,2.35878472997765
0.6751826923076923,65.0,0.18963333758233875,2.359809137827952
0.6755630769230769,65.0,0.1896276729387824,2.360866427746353
0.6759434615384615,65.0,0.18962243308638,2.361754541897066
0.6763238461538461,65.0,0.18961758967488732,2.3625687083608256
0.6767042307692308,65.0,0.1896131980178318,2.3633742615891253
0.6770846153846154,65.0,0.18960930473769322,2.3639976743019977
0.677465,65.0,0.1896058019457885,2.364651622309357
0.6778453846153846,65.0,0.1896027772068865,2.3651194833395985
0.6782257692307693,65.0,0.18960042664898905,2.3655233301121292
0.6786061538461539,65.0,0.18959857681311099,2.365869319159722
0.6789865384615384,65.0,0.18959713556730884,2.366042548271142
0.679366923076923,65.0,0.18959630680138104,2.3661130977174256
0.6797473076923077,65.0,0.18959607580458768,2.3660224607742997
0.6801276923076923,65.0,0.18959633833499698,2.365823169666315
0.6805080769230769,65.0,0.18959712999060224,2.36546102928393
0.6808884615384615,65.0,0.18959844614360957,2.3649127443246587
0.6812688461538462,65.0,0.1896002475297647,2.364182922369782
0.6816492307692308,65.0,0.1896025386026953,2.3632636318713414
0.6820296153846154,65.0,0.1896053472673867,2.3620931671288026
0.68241,65.0,0.18960866783522284,2.3607981942806973
0.6827903846153847,65.0,0.18961249258367247,2.359156845144084
0.6831707692307692,65.0,0.18961686925944182,2.357301624851211
0.6835511538461538,65.0,0.18962177093562196,2.355266638536204
0.6839315384615384,65.0,0.189627161869864,2.352836233495686
0.6843119230769231,65.0,0.18963311642382524,2.3502675688315784
0.6846923076923077,65.0,0.1896395744519412,2.347391557776509
0.6850726923076923,65.0,0.18964646762602144,2.3441912773644917
0.6854530769230769,65.0,0.1896539449341591,2.3408457877975097
0.6858334615384616,65.0,0.18966200220481175,2.337210091364728
0.6862138461538462,65.0,0.18967043900860103,2.3333044682340405
0.6865942307692308,65.0,0.1896792437296248,2.329251725320318
0.6869746153846154,65.0,0.18968854129148094,2.324886834397425
0.687355,65.0,0.18969826006464188,2.3203680877018455
0.6877353846153846,65.0,0.1897082371349345,2.315703662352663
0.6881157692307692,65.0,0.18971852880190576,2.310782196461913
0.6884961538461538,65.0,0.18972914774891253,2.3057630867700283
0.6888765384615385,65.0,0.189739945805379,2.3006177165196418
0.6892569230769231,65.0,0.189750961942616,2.2953618395407442
0.6896373076923077,65.0,0.18976223095221628,2.2900260891278386
0.6900176923076923,65.0,0.18977364326526844,2.284692039671085
0.690398076923077,65.0,0.18978521479184687,2.2793084432842514
0.6907784615384616,65.0,0.18979694326064328,2.2739567072502194
0.6911588461538462,65.0,0.1898087249808155,2.2686765160676154
0.6915392307692307,65.0,0.1898205527392607,2.2634576990493938
0.6919196153846154,65.0,0.18983239105633362,2.258327579179133
0.6923,65.0,0.18984413018519664,2.253313646510877
0.6926803846153846,65.0,0.18985578441627096,2.248469265026955
0.6930607692307692,65.0,0.1898673996795473,2.2437971612243315
0.6934411538461539,65.0,0.18987887734756742,2.239302168992478
0.6938215384615385,65.0,0.18989005949498705,2.234984915913312
0.6942019230769231,65.0,0.1899009848136216,2.230933695273361
0.6945823076923077,65.0,0.18991176723982678,2.2271386047344937
0.6949626923076924,65.0,0.18992225383263014,2.2235372067181607
0.695343076923077,65.0,0.18993234977825169,2.2202824734222806
0.6957234615384615,65.0,0.18994219553203923,2.2172799184966485
0.6961038461538461,65.0,0.18995173497856174,2.2145153080703817
0.6964842307692307,65.0,0.18996085559023787,2.212119944965305
0.6968646153846154,65.0,0.1899696605914086,2.2099934573922506
0.697245,65.0,0.18997815051152936,2.2080902119674377
0.6976253846153846,65.0,0.18998622677317312,2.20652842225777
0.6980057692307692,65.0,0.18999391972427163,2.2052435009895883
0.6983861538461539,65.0,0.19000122961965893,2.204168858555746
0.6987665384615385,65.0,0.19000807700148808,2.203410989273572
0.699146923076923,65.0,0.19001443857006264,2.2028571773637746
0.6995273076923076,65.0,0.19002029761242092,2.20249576713796
0.6999076923076923,65.0,0.1900256126350004,2.2024316245916795
0.7002880769230769,65.0,0.1900304270068484,2.2025415186498947
0.7006684615384615,65.0,0.19003478202605062,2.2028130417409795
0.7010488461538461,65.0,0.190038560225032,2.2033072511601692
0.7014292307692308,65.0,0.19004169001342971,2.2039254763617957
0.7018096153846154,65.0,0.19004432043011832,2.204722440568311
0.70219,65.0,0.19004647396975802,2.2056331910538374
0.7025703846153846,65.0,0.19004799381317755,2.2066253120024393
0.7029507692307693,65.0,0.19004892702398166,2.207780436763483
0.7033311538461539,65.0,0.19004936811853634,2.2090172415864626
0.7037115384615384,65.0,0.19004923251242808,2.2102874994894357
0.704091923076923,65.0,0.1900484779445616,2.211671092314268
0.7044723076923077,65.0,0.19004719380377336,2.213170380106658
0.7048526923076923,65.0,0.19004538626345696,2.214620409662775
0.7052330769230769,65.0,0.1900429603495511,2.2162680233530967
0.7056134615384615,65.0,0.1900399626874074,2.217925294474063
0.7059938461538462,65.0,0.1900364575068086,2.2196037138074622
0.7063742307692308,65.0,0.19003234699674043,2.221434980990487
0.7067546153846154,65.0,0.19002763936857048,2.2232437967527607
0.707135,65.0,0.1900224234051382,2.2251896592396205
0.7075153846153847,65.0,0.1900166778410569,2.227159237702396
0.7078957692307692,65.0,0.19001050156852645,2.2292197071615187
0.7082761538461538,65.0,0.1900039530814052,2.231374217893504
0.7086565384615384,65.0,0.1899969040018237,2.2336315327092953
0.7090369230769231,65.0,0.1899894463891255,2.235989709726763
0.7094173076923077,65.0,0.18998174559089467,2.2384334935285723
0.7097976923076923,65.0,0.18997373063816295,2.241009118291931
0.7101780769230769,65.0,0.18996536006269707,2.2437688432188665
0.7105584615384616,65.0,0.18995673915632175,2.246590766279298
0.7109388461538462,65.0,0.18994793073820387,2.249568915608888
0.7113192307692308,65.0,0.18993887541469484,2.2527422702017987
0.7116996153846153,65.0,0.18992957174149508,2.255941496450899
0.71208,65.0,0.1899201670870547,2.259396914872089
0.7124603846153846,65.0,0.18991064086163714,2.262930884868485
0.7128407692307692,65.0,0.18990092091181135,2.2665544770091834
0.7132211538461538,65.0,0.1898911632768127,2.2704104904452342
0.7136015384615385,65.0,0.1898813912249397,2.2742808880395504
0.7139819230769231,65.0,0.18987151896276072,2.2783009478372747
0.7143623076923077,65.0,0.18986163570989587,2.282468372908463
0.7147426923076923,65.0,0.18985182039993573,2.2866206265491575
0.715123076923077,65.0,0.18984209590790832,2.2909259971870215
0.7155034615384616,65.0,0.18983252773842327,2.2953186477911194
0.7158838461538461,65.0,0.18982310514834322,2.2996302381217495
0.7162642307692307,65.0,0.1898137762720893,2.3041047541452855
0.7166446153846154,65.0,0.18980463592687855,2.308469649984864
0.717025,65.0,0.18979578004151976,2.312796871610046
0.7174053846153846,65.0,0.18978710924707415,2.3171858554133684
0.7177857692307692,65.0,0.18977859177526937,2.3213672366000035
0.7181661538461539,65.0,0.18977039173242866,2.3254960778229385
0.7185465384615385,65.0,0.18976250035080475,2.329505348859331
0.7189269230769231,65.0,0.18975481480734047,2.333364320386684
0.7193073076923077,65.0,0.18974746779714274,2.3370415440339403
0.7196876923076924,65.0,0.18974054354355924,2.34054671485127
0.720068076923077,65.0,0.18973395465095874,2.343843944702385
0.7204484615384615,65.0,0.18972774944184548,2.3468989235336357
0.7208288461538461,65.0,0.18972204035864937,2.349741950112811
0.7212092307692308,65.0,0.18971680064969487,2.3523082259994634
0.7215896153846154,65.0,0.1897119722069782,2.354628677823933
0.72197,65.0,0.18970762390736032,2.356585145851261
0.7223503846153846,65.0,0.18970385819080685,2.358345540960597
0.7227307692307693,65.0,0.18970064148976967,2.3597587850939346
0.7231111538461539,65.0,0.18969795539379158,2.3608897862760956
0.7234915384615385,65.0,0.1896958122619376,2.3617234052448106
0.723871923076923,65.0,0.18969415393937306,2.3621994410091953
0.7242523076923076,65.0,0.1896930485425666,2.362484363296828
0.7246326923076923,65.0,0.18969254071282277,2.3623976294568445
0.7250130769230769,65.0,0.18969248123170437,2.362063080340626
0.7253934615384615,65.0,0.18969290431383415,2.3614739792479753
0.7257738461538461,65.0,0.18969394806314752,2.3606027779678795
0.7261542307692308,65.0,0.18969548504672976,2.359473623185414
0.7265346153846154,65.0,0.18969746435106663,2.358197397239192
0.726915,65.0,0.1897000293716943,2.3566072165039915
0.7272953846153846,65.0,0.18970313393878208,2.3548531387677647
0.7276757692307693,65.0,0.1897066757041007,2.3529793821456906
0.7280561538461539,65.0,0.18971071425687627,2.350848026670726
0.7284365384615384,65.0,0.1897152819101134,2.3486871315789437
0.728816923076923,65.0,0.18972026107979548,2.346328742561907
0.7291973076923077,65.0,0.18972557288171532,2.343870030124175
0.7295776923076923,65.0,0.18973131158567647,2.3413848266873423
0.7299580769230769,65.0,0.18973749029164613,2.338803096746943
0.7303384615384615,65.0,0.18974399063785352,2.3361510403761745
0.7307188461538462,65.0,0.1897508026486267,2.333502230814058
0.7310992307692308,65.0,0.18975790833122375,2.33080343568058
0.7314796153846154,65.0,0.18976525844631195,2.32807841366788
0.73186,65.0,0.18977290410650532,2.3254048861577683
0.7322403846153847,65.0,0.18978080835929753,2.3226499119093447
0.7326207692307692,65.0,0.18978887530535593,2.319947712384385
0.7330011538461538,65.0,0.1897971758933227,2.317292240980071
0.7333815384615384,65.0,0.1898057508739626,2.3146235273947595
0.7337619230769231,65.0,0.1898144763012104,2.3119608646880887
0.7341423076923077,65.0,0.18982333899270498,2.309397357070765
0.7345226923076923,65.0,0.18983243286294205,2.306794372481038
0.7349030769230769,65.0,0.1898416789572538,2.304240309525418
0.7352834615384616,65.0,0.1898509577559006,2.30174881765232
0.7356638461538462,65.0,0.18986036721696448,2.299206376002936
0.7360442307692308,65.0,0.18986989577965813,2.2967351289965374
0.7364246153846153,65.0,0.18987933526367,2.2942000099128452
0.736805,65.0,0.18988873482671825,2.291715098989427
0.7371853846153846,65.0,0.18989819774800631,2.2892223443687105
0.7375657692307692,65.0,0.1899076215731853,2.2866445006345195
0.7379461538461538,65.0,0.18991695604195197,2.2841288278328675
0.7383265384615385,65.0,0.1899261920846854,2.281550774313692
0.7387069230769231,65.0,0.18993530749909202,2.278961090163133
0.7390873076923077,65.0,0.18994430981001093,2.2763164226877888
0.7394676923076923,65.0,0.18995317105776727,2.273665096469393
0.739848076923077,65.0,0.18996185990752568,2.2709874770606264
0.7402284615384616,65.0,0.18997034087019787,2.268265849176045
0.7406088461538461,65.0,0.18997862668544854,2.265503182686857
0.7409892307692307,65.0,0.18998673685174833,2.262753720764515
0.7413696153846154,65.0,0.18999453909866523,2.259927335867101
0.74175,65.0,0.19000203236843038,2.257092040860989
0.7421303846153846,65.0,0.19000930992893683,2.254315240765048
0.7425107692307692,65.0,0.19001621977878203,2.2513874929519653
0.7428911538461539,65.0,0.19002272005787998,2.2486167501213266
0.7432715384615385,65.0,0.1900289470653882,2.245810238157649
0.7436519230769231,65.0,0.19003478385860087,2.24296818843729
0.7440323076923077,65.0,0.19004011479772526,2.2403195614197413
0.7444126923076924,65.0,0.1900450823162052,2.237614332036121
0.744793076923077,65.0,0.19004974693425014,2.2350120071340314
0.7451734615384615,65.0,0.19005401429839602,2.23258707667687
0.7455538461538461,65.0,0.19005785076093992,2.230182023478968
0.7459342307692308,65.0,0.1900613197070264,2.227960579546939
0.7463146153846154,65.0,0.19006442251867223,2.2258864762768056
0.746695,65.0,0.19006712535392362,2.2238970308798263
0.7470753846153846,65.0,0.19006946241823997,2.2221959399295628
0.7474557692307693,65.0,0.19007140613258633,2.220618717493991
0.7478361538461539,65.0,0.19007294527876975,2.2192294792180065
0.7482165384615385,65.0,0.19007414872202144,2.218111233108567
0.748596923076923,65.0,0.19007496919930855,2.2171779479761358
0.7489773076923077,65.0,0.19007535298658593,2.2164895851498567
0.7493576923076923,65.0,0.19007538301287952,2.2160726583031156
0.7497380769230769,65.0,0.1900750684720244,2.2158538392201934
0.7501184615384615,65.0,0.1900743401067412,2.2159009222043196
0.7504988461538462,65.0,0.19007324581188104,2.2162290977927945
0.7508792307692308,65.0,0.1900718659597578,2.216738371560884
0.7512596153846154,65.0,0.19007011600632337,2.2175561588579873
0.75164,65.0,0.19006794335378663,2.2185483855257084
0.7520203846153846,65.0,0.19006553839779095,2.2197913571736034
0.7524007692307693,65.0,0.19006293979427108,2.221260164639634
0.7527811538461538,65.0,0.19005997766904498,2.2229379435599115
0.7531615384615384,65.0,0.1900567118450474,2.224826635588805
0.753541923076923,65.0,0.19005324418577058,2.226829834613203
0.7539223076923077,65.0,0.19004948387125373,2.2290728189377793
0.7543026923076923,65.0,0.19004544407089435,2.231466537246635
0.7546830769230769,65.0,0.19004117848963573,2.2339069037829815
0.7550634615384615,65.0,0.19003663966791504,2.2365481239037353
0.7554438461538462,65.0,0.19003188054415507,2.2392496829167126
0.7558242307692308,65.0,0.19002693792029876,2.241978045914627
0.7562046153846154,65.0,0.19002176936795503,2.2448503901087786
0.756585,65.0,0.1900164072859715,2.247692473071207
0.7569653846153847,65.0,0.1900109115295705,2.2505385524759287
0.7573457692307692,65.0,0.19000529336784974,2.253454446075281
0.7577261538461538,65.0,0.1899995394897906,2.25630325882303
0.7581065384615384,65.0,0.1899937164738072,2.2591710291225024
0.7584869230769231,65.0,0.18998787624407432,2.2619881544346865
0.7588673076923077,65.0,0.18998192096746705,2.264716522200694
0.7592476923076923,65.0,0.1899758909304735,2.267464462444747
0.7596280769230769,65.0,0.1899699805031287,2.270122246231852
0.7600084615384616,65.0,0.18996410846947476,2.27267471171385
0.7603888461538462,65.0,0.18995814682918005,2.2752110999756603
0.7607692307692308,65.0,0.1899522390197559,2.2776221222817186
0.7611496153846153,65.0,0.18994642690576655,2.2799505177361654
0.76153,65.0,0.1899406107749179,2.2822429087688114
0.7619103846153846,65.0,0.18993483478597298,2.284406893717584
0.7622907692307692,65.0,0.18992916250381423,2.286486421457731
0.7626711538461538,65.0,0.18992357264453613,2.2885376074090114
0.7630515384615385,65.0,0.18991808239943456,2.2905271394470206
0.7634319230769231,65.0,0.18991274203620143,2.2923940615662564
0.7638123076923077,65.0,0.1899075280421824,2.2942893487459823
0.7641926923076923,65.0,0.1899024286071867,2.296112459698214
0.764573076923077,65.0,0.18989752679830385,2.2978497599315815
0.7649534615384616,65.0,0.18989279245027502,2.2996621962052335
0.7653338461538461,65.0,0.18988819031750123,2.301360091299048
0.7657142307692307,65.0,0.18988381647509142,2.3030848419570895
0.7660946153846154,65.0,0.18987960151560304,2.3047843804018218
0.766475,65.0,0.18987546776283146,2.306466999739973
0.7668553846153846,65.0,0.189871548782745,2.308172954060353
0.7672357692307692,65.0,0.1898678897971626,2.3098640102484835
0.7676161538461539,65.0,0.18986437032196296,2.3115459936184735
0.7679965384615385,65.0,0.18986095193165575,2.3132609906652273
0.7683769230769231,65.0,0.1898577495012475,2.3149954633205336
0.7687573076923077,65.0,0.189854786390496,2.316668835657032
0.7691376923076924,65.0,0.18985194047789875,2.3184080529860194
0.7695180769230769,65.0,0.18984927815443353,2.3201045814881334
0.7698984615384615,65.0,0.18984690989366818,2.321829856257642
0.7702788461538461,65.0,0.18984473202509322,2.3234798066671214
0.7706592307692308,65.0,0.18984277918310985,2.3251659068483685
0.7710396153846154,65.0,0.189841132747092,2.326786285516402
0.77142,65.0,0.18983968412176486,2.328331675309234
0.7718003846153846,65.0,0.18983847036878773,2.329902373898763
0.7721807692307693,65.0,0.18983755261942215,2.3313038412993707
0.7725611538461539,65.0,0.1898368482976571,2.332698976894221
0.7729415384615385,65.0,0.18983639007649164,2.33398597944694
0.773321923076923,65.0,0.18983619643257452,2.3351190748204878
0.7737023076923077,65.0,0.1898361842305621,2.3362044250357696
0.7740826923076923,65.0,0.18983636440615245,2.337127737453274
0.7744630769230769,65.0,0.18983683610049445,2.33785600658373
0.7748434615384615,65.0,0.18983759916967244,2.338517679060843
0.7752238461538462,65.0,0.1898385146882991,2.3389649771902365
0.7756042307692308,65.0,0.1898396110265831,2.339208190418787
0.7759846153846154,65.0,0.18984102428411975,2.3393564417468538
0.776365,65.0,0.18984264963142922,2.3391995848737652
0.7767453846153847,65.0,0.1898444101773088,2.338914405582346
0.7771257692307693,65.0,0.18984642856865874,2.3384571364921274
0.7775061538461538,65.0,0.18984869452020695,2.3377378153618515
0.7778865384615384,65.0,0.18985111888967493,2.3368431567281043
0.7782669230769231,65.0,0.1898537336619768,2.335793942821214
0.7786473076923077,65.0,0.1898565441890585,2.3344995704038896
0.7790276923076923,65.0,0.18985947816233695,2.3330343616439246
0.7794080769230769,65.0,0.18986252368081727,2.3314120039182695
0.7797884615384615,65.0,0.18986572694919795,2.329561453113054
0.7801688461538462,65.0,0.18986904540667512,2.3276048282407364
0.7805492307692308,65.0,0.18987243909840532,2.325447758007761
0.7809296153846154,65.0,0.1898759490105406,2.323186610905867
0.78131,65.0,0.18987951195405184,2.320770855503794
0.7816903846153846,65.0,0.1898831346186605,2.3182396476164504
0.7820707692307692,65.0,0.18988695510865564,2.3156591099329624
0.7824511538461538,65.0,0.18989086493561572,2.3129472392678996
0.7828315384615384,65.0,0.18989475212210274,2.3102605836792374
0.7832119230769231,65.0,0.18989877052326148,2.3074152114499027
0.7835923076923077,65.0,0.1899029224534849,2.304631970254395
0.7839726923076923,65.0,0.18990707608255009,2.301840480089431
0.7843530769230769,65.0,0.18991125723755464,2.2989898337714996
0.7847334615384616,65.0,0.18991553730473884,2.2962197511044
0.7851138461538462,65.0,0.18991988449286618,2.293456110099055
0.7854942307692308,65.0,0.1899242198212216,2.290726220369642
0.7858746153846153,65.0,0.1899285789827282,2.2880899203044502
0.786255,65.0,0.1899329893060562,2.28552127240315
0.7866353846153846,65.0,0.18993734925139572,2.2829390753945336
0.7870157692307692,65.0,0.18994168208663445,2.280585083175172
0.7873961538461538,65.0,0.18994607276070333,2.278208586974759
0.7877765384615385,65.0,0.18995043267119865,2.2759760911344227
0.7881569230769231,65.0,0.18995474845336952,2.2738922867931133
0.7885373076923077,65.0,0.1899590664362488,2.271792109667449
0.7889176923076923,65.0,0.18996331862877236,2.269894060033609
0.789298076923077,65.0,0.18996756598876585,2.2680774767219796
0.7896784615384616,65.0,0.1899718568150072,2.266338200843672
0.7900588461538461,65.0,0.18997603999683896,2.2646964828623886
0.7904392307692307,65.0,0.18998010381809122,2.2631570756789277
0.7908196153846154,65.0,0.1899841610155856,2.261683783536898
0.7912,65.0,0.18998814625396854,2.2602880344660154
0.7915803846153846,65.0,0.18999194467290906,2.2589652274765655
0.7919607692307692,65.0,0.1899956186511363,2.257703365358138
0.7923411538461539,65.0,0.18999924931891288,2.256464250251736
0.7927215384615385,65.0,0.19000272776332994,2.2553272511076274
0.7931019230769231,65.0,0.19000601500839692,2.2542083388598977
0.7934823076923077,65.0,0.19000921961334605,2.253076438596687
0.7938626923076924,65.0,0.19001227592708092,2.252059448321566
0.7942430769230769,65.0,0.19001512256312766,2.2509632122536853
0.7946234615384615,65.0,0.19001785884750463,2.249958071320363
0.7950038461538461,65.0,0.19002049085583034,2.2489444983906326
0.7953842307692308,65.0,0.190022958229321,2.2479029819829113
0.7957646153846154,65.0,0.1900252569250389,2.246932765006377
0.796145,65.0,0.19002740254245512,2.2459204579177072
0.7965253846153846,65.0,0.19002940893567852,2.2449307444055355
0.7969057692307693,65.0,0.19003127957984228,2.243994924998567
0.7972861538461539,65.0,0.19003300494188344,2.2430288108936587
0.7976665384615385,65.0,0.19003452239491608,2.242073771584226
0.798046923076923,65.0,0.1900358143456143,2.241240095073694
0.7984273076923077,65.0,0.1900369961358671,2.2403541947295462
0.7988076923076923,65.0,0.19003798861581028,2.2395050606587357
0.7991880769230769,65.0,0.19003867330693155,2.2387932560608346
0.7995684615384615,65.0,0.19003923781586582,2.238065294157209
0.7999488461538462,65.0,0.19003968268315646,2.2374341714826858
0.8003292307692308,65.0,0.19003985566751125,2.2369031054295276
0.8007096153846154,65.0,0.1900398603235966,2.2364685026106135
0.80109,65.0,0.1900397252398758,2.2360964308208047
0.8014703846153847,65.0,0.19003935626471566,2.2358968260070915
0.8018507692307693,65.0,0.1900387730469178,2.2358036795031184
0.8022311538461538,65.0,0.1900380316594882,2.2358369648030934
0.8026115384615384,65.0,0.19003713244505527,2.2360574328826694
0.8029919230769231,65.0,0.19003598822782813,2.2363743663059306
0.8033723076923077,65.0,0.19003459304808928,2.2369060005734567
0.8037526923076923,65.0,0.19003302765047372,2.237583459185982
0.8041330769230769,65.0,0.19003124692731574,2.23841248046366
0.8045134615384616,65.0,0.19002924495943146,2.239430109848324
0.8048938461538462,65.0,0.19002704379800436,2.2406274375914945
0.8052742307692308,65.0,0.19002456514095828,2.2419678492169157
0.8056546153846154,65.0,0.19002187877951043,2.243505330894991
0.8060350000000001,65.0,0.19001905316454726,2.24519254452834
0.8064153846153846,65.0,0.19001596448785893,2.247014158305206
0.8067957692307692,65.0,0.19001264976115012,2.2490550802321208
0.8071761538461538,65.0,0.19000924616182752,2.2511952814686924
0.8075565384615384,65.0,0.19000570216941687,2.2534622696022124
0.8079369230769231,65.0,0.19000195023741073,2.255900486969648
0.8083173076923077,65.0,0.18999806702049343,2.2584299672710486
0.8086976923076923,65.0,0.1899941013417029,2.2610320435296334
0.8090780769230769,65.0,0.1899899450724625,2.2637594056820367
0.8094584615384616,65.0,0.18998563020542533,2.266522512645954
0.8098388461538462,65.0,0.18998130038380795,2.2693417579911537
0.8102192307692307,65.0,0.18997684865018946,2.272208975862921
0.8105996153846153,65.0,0.18997221722922672,2.27509724818616
0.81098,65.0,0.189967531023025,2.277964684396846
0.8113603846153846,65.0,0.18996278509508738,2.2808347529809465
0.8117407692307692,65.0,0.18995797130424796,2.2836949261990442
0.8121211538461538,65.0,0.1899531219915007,2.2864700370518607
0.8125015384615385,65.0,0.18994820536872475,2.289273603916043
0.8128819230769231,65.0,0.18994325420436256,2.2919271056281363
0.8132623076923077,65.0,0.18993832060550955,2.2945102628728162
0.8136426923076923,65.0,0.18993338817058789,2.2970734792052867
0.814023076923077,65.0,0.18992842893124479,2.2994740371601767
0.8144034615384615,65.0,0.18992347629055106,2.301756121948177
0.8147838461538461,65.0,0.1899186235885892,2.3039921056904142
0.8151642307692307,65.0,0.1899138153273805,2.306032489728345
0.8155446153846154,65.0,0.18990896120214018,2.3079971103526207
0.815925,65.0,0.1899041972031727,2.3098600889081458
0.8163053846153846,65.0,0.18989951098156907,2.3114930174239063
0.8166857692307692,65.0,0.1898947644514968,2.313122443012837
0.8170661538461539,65.0,0.18989011469702305,2.31455710524398
0.8174465384615385,65.0,0.18988562092583675,2.3158624394995253
0.8178269230769231,65.0,0.1898811275346248,2.317139046042651
0.8182073076923077,65.0,0.18987668556839515,2.3181829606312876
0.8185876923076923,65.0,0.18987240135296207,2.3191874220860997
0.8189680769230769,65.0,0.18986825418037878,2.320112417846487
0.8193484615384615,65.0,0.18986423095660848,2.3208806543231937
0.8197288461538461,65.0,0.18986034672681373,2.321616703750441
0.8201092307692308,65.0,0.18985662335804981,2.3222439222944167
0.8204896153846154,65.0,0.18985307138042584,2.3228026250520477
0.82087,65.0,0.18984970840575527,2.323323885580038
0.8212503846153846,65.0,0.1898465343585658,2.3237442059427322
0.8216307692307693,65.0,0.1898435088606918,2.324160794533477
0.8220111538461539,65.0,0.18984070918304738,2.3244794625240712
0.8223915384615385,65.0,0.18983818727992313,2.324796137336418
0.822771923076923,65.0,0.1898358244164988,2.325094923468609
0.8231523076923077,65.0,0.18983364943589068,2.3252801446881866
0.8235326923076923,65.0,0.18983176192945933,2.3255097668861446
0.8239130769230769,65.0,0.18983006893808482,2.3256593515803368
0.8242934615384615,65.0,0.1898285628784444,2.3257702641168847
0.8246738461538462,65.0,0.18982737483036272,2.32589603104783
0.8250542307692308,65.0,0.1898264862273778,2.3259342742503364
0.8254346153846154,65.0,0.18982578815130782,2.3259325670009234
0.825815,65.0,0.18982532548636197,2.3259347124339445
0.8261953846153847,65.0,0.18982522803945748,2.3258386591420317
0.8265757692307693,65.0,0.18982540950517765,2.3256990618983258
0.8269561538461538,65.0,0.18982578876288328,2.3255608738899944
0.8273365384615384,65.0,0.1898264781643447,2.32522381999016
0.8277169230769231,65.0,0.18982743000231173,2.3249425831940647
0.8280973076923077,65.0,0.18982859676072558,2.3245251941053064
0.8284776923076923,65.0,0.18983004945401946,2.323968930613146
0.8288580769230769,65.0,0.1898317013168515,2.3233929210651794
0.8292384615384616,65.0,0.18983355127877644,2.322640995412189
0.8296188461538462,65.0,0.18983570156900406,2.321813035879892
0.8299992307692308,65.0,0.18983806858940425,2.3208492637164007
0.8303796153846154,65.0,0.18984060946924777,2.319779011570648
0.83076,65.0,0.1898433787811065,2.31853829996698
0.8311403846153846,65.0,0.1898463647099879,2.3172231554427007
0.8315207692307692,65.0,0.18984953236886523,2.315710498884799
0.8319011538461538,65.0,0.1898528792530926,2.314112108183059
0.8322815384615385,65.0,0.18985649036780458,2.3123897212768627
0.8326619230769231,65.0,0.18986031696857356,2.3104643599454073
0.8330423076923077,65.0,0.1898642119396622,2.30848877250693
0.8334226923076923,65.0,0.18986830927365556,2.30636194342444
0.833803076923077,65.0,0.18987266714389203,2.3041040435932767
0.8341834615384616,65.0,0.18987709047107626,2.301723854612
0.8345638461538462,65.0,0.18988161367282796,2.299296489051755
0.8349442307692307,65.0,0.1898863097790311,2.2967244442043855
0.8353246153846153,65.0,0.1898910847455765,2.2940876528038063
0.835705,65.0,0.1898959387829566,2.291403609283098
0.8360853846153846,65.0,0.18990087634042543,2.28863379003194
0.8364657692307692,65.0,0.18990586378949612,2.2858421497025643
0.8368461538461538,65.0,0.18991091303415264,2.283043481213379
0.8372265384615385,65.0,0.1899160454368185,2.2802187630695223
0.8376069230769231,65.0,0.1899212254342079,2.2773825945086905
0.8379873076923077,65.0,0.18992638179952404,2.274629915185524
0.8383676923076923,65.0,0.18993155897396882,2.271846755416941
0.838748076923077,65.0,0.18993675665761275,2.2691637827024054
0.8391284615384615,65.0,0.18994186963007317,2.266520817804031
0.8395088461538461,65.0,0.18994696654184584,2.2639676336927272
0.8398892307692307,65.0,0.18995208314120363,2.2615244926492672
0.8402696153846154,65.0,0.18995705055408063,2.2591570613566954
0.84065,65.0,0.18996186915521857,2.2569520952433284
0.8410303846153846,65.0,0.18996664824021864,2.2548306396156166
0.8414107692307692,65.0,0.1899713171455726,2.25287668668926
0.8417911538461539,65.0,0.1899757742163106,2.251037305891791
0.8421715384615385,65.0,0.18998004797919804,2.249395959661019
0.8425519230769231,65.0,0.1899842069701787,2.2478776455181615
0.8429323076923076,65.0,0.18998818042614737,2.2464620097599877
0.8433126923076923,65.0,0.18999190562750318,2.2453202195964668
0.8436930769230769,65.0,0.18999546976613907,2.244248814434541
0.8440734615384615,65.0,0.18999883990280197,2.2433353775783953
0.8444538461538461,65.0,0.19000197350188688,2.242624610698758
0.8448342307692308,65.0,0.1900049582592197,2.242034268256266
0.8452146153846154,65.0,0.1900077086905677,2.2415620184977776
0.845595,65.0,0.19001017101751916,2.2413224945270755
0.8459753846153846,65.0,0.19001244475486492,2.241097786052226
0.8463557692307693,65.0,0.19001445478267462,2.2410517545741295
0.8467361538461539,65.0,0.19001616787469075,2.241176566176167
0.8471165384615384,65.0,0.19001769370573793,2.241275756078211
0.847496923076923,65.0,0.1900189699252683,2.2416235900859234
0.8478773076923077,65.0,0.19001990300898797,2.241949359285903
0.8482576923076923,65.0,0.1900205740303568,2.2423830202544925
0.8486380769230769,65.0,0.1900210493557201,2.2429218820273458
0.8490184615384615,65.0,0.19002125297869496,2.243477180426206
0.8493988461538462,65.0,0.19002111773499344,2.244121389891156
0.8497792307692308,65.0,0.19002074699171514,2.2447936608078103
0.8501596153846154,65.0,0.1900201938328767,2.2455100624705446
0.85054,65.0,0.19001932920726747,2.2462791366839454
0.8509203846153847,65.0,0.1900181829123852,2.247083877852378
0.8513007692307692,65.0,0.19001684531183294,2.2478831088135127
0.8516811538461538,65.0,0.19001523749846885,2.2487532270377253
0.8520615384615384,65.0,0.19001337856775025,2.2496063696825948
0.8524419230769231,65.0,0.1900113134424968,2.25053357231816
0.8528223076923077,65.0,0.19000896532868375,2.251435573132257
0.8532026923076923,65.0,0.19000634138133735,2.2523750140175767
0.8535830769230769,65.0,0.1900034847741178,2.253356808653586
0.8539634615384616,65.0,0.19000037298093572,2.2543077021569107
0.8543438461538462,65.0,0.18999701784391296,2.2553757466572657
0.8547242307692308,65.0,0.18999347654689627,2.25642103918795
0.8551046153846154,65.0,0.18998972138885353,2.257489215312219
0.855485,65.0,0.18998568824228915,2.258674174253704
0.8558653846153846,65.0,0.18998149722214375,2.2598489231013685
0.8562457692307692,65.0,0.18997721512340754,2.26106706045178
0.8566261538461538,65.0,0.1899726883351642,2.262437876111989
0.8570065384615385,65.0,0.18996796212259695,2.2637495234127707
0.8573869230769231,65.0,0.18996319596925226,2.2651862459190966
0.8577673076923077,65.0,0.1899583006215171,2.2667419197377896
0.8581476923076923,65.0,0.18995322845651713,2.2682656840524027
0.858528076923077,65.0,0.18994807593279311,2.269938868153614
0.8589084615384616,65.0,0.18994285657172633,2.271667529599163
0.8592888461538462,65.0,0.18993755856950387,2.273450278936122
0.8596692307692307,65.0,0.1899321910523269,2.275349693533309
0.8600496153846154,65.0,0.18992679594603595,2.2772932515466358
0.86043,65.0,0.18992136527764317,2.279300856996085
0.8608103846153846,65.0,0.18991586314897785,2.281399678248354
0.8611907692307692,65.0,0.18991038737805105,2.283534344658119
0.8615711538461539,65.0,0.1899049531858858,2.285717384582397
0.8619515384615385,65.0,0.18989952783739694,2.287998835518659
0.8623319230769231,65.0,0.18989421108059998,2.290232893878994
0.8627123076923077,65.0,0.18988894797331685,2.2925507504965874
0.8630926923076923,65.0,0.18988370552150094,2.294888747391957
0.863473076923077,65.0,0.18987865549987182,2.297199764789209
0.8638534615384615,65.0,0.18987373395608784,2.2995155113673325
0.8642338461538461,65.0,0.18986882798453195,2.3018020092720546
0.8646142307692307,65.0,0.1898640792936867,2.3040998059311937
0.8649946153846154,65.0,0.18985954033296995,2.30628145378443
0.865375,65.0,0.189855106649068,2.308463272169556
0.8657553846153846,65.0,0.18985077049200885,2.3105549639391008
0.8661357692307692,65.0,0.1898466309118836,2.312519605165422
0.8665161538461539,65.0,0.1898426954720322,2.314471214734853
0.8668965384615385,65.0,0.18983889910804666,2.316244202710455
0.8672769230769231,65.0,0.18983530255287134,2.3179054926300284
0.8676573076923076,65.0,0.18983194821668595,2.3194886949936118
0.8680376923076923,65.0,0.1898287500337006,2.3208584023131773
0.8684180769230769,65.0,0.18982575182254594,2.3221253116923366
0.8687984615384615,65.0,0.18982302808963125,2.3232574164049025
0.8691788461538461,65.0,0.18982053641674887,2.324167410830945
0.8695592307692308,65.0,0.18981829758165478,2.324984584674812
0.8699396153846154,65.0,0.18981632250070168,2.3256165149633636
0.87032,65.0,0.18981456980665942,2.3260686859786865
0.8707003846153846,65.0,0.18981307090293462,2.3263747869341174
0.8710807692307693,65.0,0.18981187475083092,2.326530516232745
0.8714611538461539,65.0,0.18981091952640147,2.326477841717268
0.8718415384615384,65.0,0.18981014265112414,2.3263297134445002
0.872221923076923,65.0,0.1898096614479088,2.32601530645824
0.8726023076923077,65.0,0.18980951165789475,2.3255088708894367
0.8729826923076923,65.0,0.18980953191014244,2.3249279983841866
0.8733630769230769,65.0,0.1898097702493408,2.3242081843225026
0.8737434615384615,65.0,0.18981035932080143,2.3233468634207997
0.8741238461538462,65.0,0.18981118481726247,2.3223846621338007
0.8745042307692308,65.0,0.18981222449609145,2.321365673619097
0.8748846153846154,65.0,0.1898135765420508,2.320201021993074
0.875265,65.0,0.1898151708047892,2.3190341791698774
0.8756453846153847,65.0,0.18981695230828538,2.317740588599822
0.8760257692307692,65.0,0.18981898005692918,2.3164019947140226
0.8764061538461538,65.0,0.1898212602919606,2.3150824000388135
0.8767865384615384,65.0,0.18982375739577684,2.3136304915945027
0.8771669230769231,65.0,0.18982644902540644,2.312231232098989
0.8775473076923077,65.0,0.18982932103584335,2.31080564087788
0.8779276923076923,65.0,0.18983236743588316,2.3093129204145577
0.8783080769230769,65.0,0.18983557750011526,2.3078719726486567
0.8786884615384616,65.0,0.1898389626876393,2.306433243377736
0.8790688461538462,65.0,0.1898424590641968,2.304965131993533
0.8794492307692308,65.0,0.18984603384966323,2.30353640183176
0.8798296153846153,65.0,0.18984981098836134,2.3021174485361833
0.88021,65.0,0.18985372995656277,2.300712429223495
0.8805903846153846,65.0,0.18985765123822684,2.2993253842299946
0.8809707692307692,65.0,0.18986169587449012,2.2979645507888873
0.8813511538461538,65.0,0.18986590876478426,2.296613468360475
0.8817315384615385,65.0,0.18987014651178427,2.2952437203295974
0.8821119230769231,65.0,0.18987443549276156,2.2939730951465904
0.8824923076923077,65.0,0.18987883915651974,2.2926287878747327
0.8828726923076923,65.0,0.18988325638347797,2.2913064033442883
0.883253076923077,65.0,0.18988764589188847,2.2900340444553517
0.8836334615384616,65.0,0.1898920826488861,2.288684801201507
0.8840138461538462,65.0,0.18989656540867678,2.287383927780639
0.8843942307692307,65.0,0.1899010134044858,2.286080213261964
0.8847746153846154,65.0,0.1899054297469831,2.284706294222614
0.885155,65.0,0.18990983726916252,2.2833700471729115
0.8855353846153846,65.0,0.18991419490523534,2.282013280997991
0.8859157692307692,65.0,0.18991851945355417,2.28056968164458
0.8862961538461539,65.0,0.18992280166653483,2.2792053232697884
0.8866765384615385,65.0,0.18992696881727603,2.277734115576252
0.8870569230769231,65.0,0.18993108628871053,2.276227841763277
0.8874373076923077,65.0,0.1899351942588803,2.2748111120050405
0.8878176923076924,65.0,0.18993917854720657,2.273229782560283
0.888198076923077,65.0,0.18994301383947854,2.2717186379234446
0.8885784615384615,65.0,0.1899467831818308,2.2701741712172594
0.8889588461538461,65.0,0.18995047923305475,2.268580841719507
0.8893392307692308,65.0,0.18995398875697841,2.267030256270525
0.8897196153846154,65.0,0.18995733808706938,2.2654791497788467
0.8901,65.0,0.18996060017229077,2.2638706098978743
0.8904803846153846,65.0,0.18996363805139976,2.2623380562012168
0.8908607692307692,65.0,0.18996643477950598,2.260818342913805
0.8912411538461539,65.0,0.1899691374919638,2.2592733496939648
0.8916215384615385,65.0,0.18997166361814313,2.257862711915687
0.892001923076923,65.0,0.18997393189264536,2.256399749928102
0.8923823076923076,65.0,0.1899760346931323,2.2550719628464213
0.8927626923076923,65.0,0.18997795014618288,2.2537603211797235
0.8931430769230769,65.0,0.18997965008047904,2.252567345451475
0.8935234615384615,65.0,0.18998116714492694,2.2514575452477135
0.8939038461538461,65.0,0.18998245510990933,2.2503704723030262
0.8942842307692308,65.0,0.18998352200972357,2.2495201689574014
0.8946646153846154,65.0,0.18998442389731726,2.248681746909106
0.895045,65.0,0.18998513950156015,2.247986021952069
0.8954253846153846,65.0,0.18998560453152907,2.2474559945444996
0.8958057692307693,65.0,0.18998582670681152,2.24700238540101
0.8961861538461539,65.0,0.1899859000156717,2.246703859195211
0.8965665384615384,65.0,0.18998577966662844,2.2465824998740445
0.896946923076923,65.0,0.18998538287944872,2.2465191853539523
0.8973273076923077,65.0,0.1899848210633375,2.2466766914225884
0.8977076923076923,65.0,0.18998409905891495,2.246941019415455
0.8980880769230769,65.0,0.18998310321615694,2.2472944228953278
0.8984684615384615,65.0,0.18998192282314724,2.2479081274957577
0.8988488461538462,65.0,0.1899806564602588,2.2485185849307454
0.8992292307692308,65.0,0.18997920555173714,2.2493219704764558
0.8996096153846154,65.0,0.1899775378140006,2.2502845929806075
0.89999,65.0,0.18997576099169275,2.2512804746267774
0.9003703846153847,65.0,0.189973866176388,2.252422491150421
0.9007507692307692,65.0,0.1899717906305443,2.253692595311404
0.9011311538461538,65.0,0.18996957732953965,2.254972377109621
0.9015115384615384,65.0,0.18996723611861774,2.256383738058235
0.9018919230769231,65.0,0.1899647469869986,2.257881255579212
0.9022723076923077,65.0,0.18996217275668872,2.2593553571010436
0.9026526923076923,65.0,0.189959490214424,2.260941314805778
0.9030330769230769,65.0,0.18995662494483545,2.2625454184803386
0.9034134615384616,65.0,0.18995366982983883,2.2641663299874266
0.9037938461538462,65.0,0.18995067602352475,2.265793302836004
0.9041742307692308,65.0,0.18994755360821625,2.267441965949563
0.9045546153846153,65.0,0.18994432710436418,2.269085471798908
0.904935,65.0,0.18994108033762228,2.270696572472322
0.9053153846153846,65.0,0.189937763598731,2.2723259314773756
0.9056957692307692,65.0,0.18993434005693757,2.2738573162853264
0.9060761538461538,65.0,0.18993091055161207,2.275450145514598
0.9064565384615385,65.0,0.18992752252397896,2.27691887718045
0.9068369230769231,65.0,0.18992406718912921,2.2783863119433914
0.9072173076923077,65.0,0.18992054773531286,2.2798294581957403
0.9075976923076923,65.0,0.1899170953327623,2.2811682091906498
0.907978076923077,65.0,0.18991365149123116,2.282511150752731
0.9083584615384616,65.0,0.18991014330327838,2.283762858609313
0.9087388461538461,65.0,0.18990666880618642,2.285020701679453
0.9091192307692307,65.0,0.18990323378801646,2.286169548022684
0.9094996153846154,65.0,0.1898998054647798,2.2873155967413004
0.90988,65.0,0.189896457686262,2.288421137095158
0.9102603846153846,65.0,0.1898931491483,2.289465347355225
0.9106407692307692,65.0,0.1898898415395789,2.2905044560320262
0.9110211538461539,65.0,0.18988665476937705,2.2914948340642676
0.9114015384615385,65.0,0.189883576642067,2.2924554340756536
0.9117819230769231,65.0,0.18988053341649466,2.293421098133448
0.9121623076923077,65.0,0.1898775924475025,2.294376230949166
0.9125426923076924,65.0,0.18987478907638874,2.2952570780467356
0.912923076923077,65.0,0.18987205227556653,2.2962255162426644
0.9133034615384615,65.0,0.18986938532696393,2.2971137368998917
0.9136838461538461,65.0,0.18986689256714218,2.298020808550306
0.9140642307692308,65.0,0.18986454481065118,2.298985138372932
0.9144446153846154,65.0,0.18986222875718983,2.2998672392371344
0.914825,65.0,0.18986002761024384,2.3007940605049506
0.9152053846153846,65.0,0.18985801939365557,2.301765384661228
0.9155857692307693,65.0,0.18985608785321062,2.3026461438371295
0.9159661538461539,65.0,0.18985422288386314,2.3036035256824072
0.9163465384615385,65.0,0.1898525187828275,2.3045668841461753
0.916726923076923,65.0,0.18985096179529937,2.3054178957317766
0.9171073076923077,65.0,0.18984952527348675,2.3064076024400006
0.9174876923076923,65.0,0.18984824094265776,2.307303571937419
0.9178680769230769,65.0,0.18984709124583282,2.3081685364096804
0.9182484615384615,65.0,0.18984605595832643,2.3090760025889026
0.9186288461538461,65.0,0.18984520369041746,2.309880859464989
0.9190092307692308,65.0,0.18984452288676185,2.310695135231219
0.9193896153846154,65.0,0.18984393509717695,2.3114848195142725
0.91977,65.0,0.1898435076087215,2.3121467465201864
0.9201503846153846,65.0,0.18984326728190684,2.3128168847206316
0.9205307692307693,65.0,0.18984309653998896,2.313404584939747
0.9209111538461539,65.0,0.18984306852944327,2.3138722631270445
0.9212915384615384,65.0,0.18984327471787005,2.3143376994332754
0.921671923076923,65.0,0.18984357454033093,2.3146431082981365
0.9220523076923077,65.0,0.189843959202097,2.3148731205034867
0.9224326923076923,65.0,0.18984454201341042,2.3150400495191397
0.9228130769230769,65.0,0.18984529625088442,2.3150357255003873
0.9231934615384615,65.0,0.18984613955013901,2.3149987440608735
0.9235738461538462,65.0,0.18984708980106152,2.314771660135785
0.9239542307692308,65.0,0.1898482361657608,2.3144756891796354
0.9243346153846154,65.0,0.18984954294984055,2.314091614121251
0.924715,65.0,0.18985094695145094,2.313511608405636
0.9250953846153847,65.0,0.1898525030479478,2.312907276154995
0.9254757692307692,65.0,0.18985418515128644,2.312133692005378
0.9258561538461538,65.0,0.1898559518958271,2.311237901021516
0.9262365384615384,65.0,0.18985787170770815,2.3103231397768083
0.9266169230769231,65.0,0.18985989714630436,2.309201386848879
0.9269973076923077,65.0,0.18986196752252638,2.3080340412113243
0.9273776923076923,65.0,0.18986415791120023,2.306825094216213
0.9277580769230769,65.0,0.18986643316859125,2.3054206994541775
0.9281384615384616,65.0,0.1898687221897908,2.304054901104778
0.9285188461538462,65.0,0.18987112065701767,2.3026002338105482
0.9288992307692308,65.0,0.18987363776788124,2.3010141841412444
0.9292796153846153,65.0,0.18987614651529075,2.2995056857730733
0.92966,65.0,0.18987868278880962,2.297890556226593
0.9300403846153846,65.0,0.18988135008087112,2.296244394943618
0.9304207692307692,65.0,0.18988405861594357,2.2946393677406776
0.9308011538461538,65.0,0.18988671901659882,2.2929692507100037
0.9311815384615385,65.0,0.18988943798696384,2.2913284630111432
0.9315619230769231,65.0,0.18989224541440447,2.2897346907496705
0.9319423076923077,65.0,0.18989504301277985,2.2880948134278336
0.9323226923076923,65.0,0.18989783655114303,2.2865486412266893
0.932703076923077,65.0,0.18990065490708996,2.285009433694873
0.9330834615384616,65.0,0.1899034587354507,2.283512266009373
0.9334638461538461,65.0,0.18990624313377538,2.2820782106653725
0.9338442307692307,65.0,0.18990903843916013,2.2806954096689607
0.9342246153846154,65.0,0.1899118149750424,2.279350425321956
0.934605,65.0,0.18991454448243,2.2780917970051493
0.9349853846153846,65.0,0.18991726497303993,2.2769045991907624
0.9353657692307692,65.0,0.18991996303459496,2.2757085550407483
0.9357461538461539,65.0,0.18992260468201075,2.274680056774542
0.9361265384615385,65.0,0.18992525514905284,2.273642863399691
0.9365069230769231,65.0,0.18992790590081796,2.2726797259478704
0.9368873076923077,65.0,0.1899304460267896,2.2717967842845517
0.9372676923076924,65.0,0.18993294923078802,2.2709693769532473
0.937648076923077,65.0,0.18993549668224124,2.270172188653639
0.9380284615384615,65.0,0.18993792499191348,2.269424813897214
0.9384088461538461,65.0,0.1899402195587009,2.2687741368620284
0.9387892307692308,65.0,0.18994253098461128,2.268095189201946
0.9391696153846154,65.0,0.18994479066001999,2.267485432046567
0.93955,65.0,0.18994691746633574,2.266913059484588
0.9399303846153846,65.0,0.18994896760014535,2.266358747212723
0.9403107692307693,65.0,0.18995094189542983,2.265817228337154
0.9406911538461539,65.0,0.18995280495260913,2.2653070617498234
0.9410715384615385,65.0,0.18995456616395592,2.2647984134405843
0.941451923076923,65.0,0.18995624933279662,2.264305258535309
0.9418323076923077,65.0,0.1899578327979038,2.2638427908006067
0.9422126923076923,65.0,0.18995928729937958,2.2633428228785553
0.9425930769230769,65.0,0.18996065087536354,2.2628963982049886
0.9429734615384615,65.0,0.18996191790113126,2.262423789130289
0.9433538461538462,65.0,0.18996305672385996,2.2619575911983265
0.9437342307692308,65.0,0.18996412434187926,2.261531969603716
0.9441146153846154,65.0,0.18996507848446303,2.261084076821842
0.944495,65.0,0.18996585099086108,2.2606277236495265
0.9448753846153847,65.0,0.18996655265833173,2.260256905004869
0.9452557692307693,65.0,0.1899671749476735,2.2598220229826573
0.9456361538461538,65.0,0.1899675798963846,2.2594322820792634
0.9460165384615384,65.0,0.18996784045013448,2.259137419693773
0.946396923076923,65.0,0.1899680651100952,2.258742072891319
0.9467773076923077,65.0,0.1899681635020412,2.2584875135583573
0.9471576923076923,65.0,0.18996807509760838,2.2582800750623018
0.9475380769230769,65.0,0.18996789393031058,2.2580420167179893
0.9479184615384615,65.0,0.18996762969790545,2.2579351165343486
0.9482988461538462,65.0,0.18996719921727281,2.2578649096785033
0.9486792307692308,65.0,0.1899666680156701,2.2578412449661043
0.9490596153846154,65.0,0.18996607219128347,2.257939901679531
0.94944,65.0,0.18996532551458728,2.2580942616856308
0.9498203846153846,65.0,0.18996446648248136,2.2582778852970304
0.9502007692307692,65.0,0.18996352217412993,2.2586701936695928
0.9505811538461538,65.0,0.18996245341308243,2.2590243369224847
0.9509615384615384,65.0,0.1899612925282252,2.2595537016026417
0.9513419230769231,65.0,0.1899600342070205,2.260165982508213
0.9517223076923077,65.0,0.18995864122224956,2.260816088202891
0.9521026923076923,65.0,0.18995713634713432,2.261661245252005
0.9524830769230769,65.0,0.18995556149310333,2.262493843229901
0.9528634615384616,65.0,0.18995389053021286,2.2635134236808843
0.9532438461538462,65.0,0.18995205060015827,2.2645473693409053
0.9536242307692308,65.0,0.18995012830061608,2.2656919160228344
0.9540046153846153,65.0,0.18994822483729432,2.2669475386931244
0.954385,65.0,0.18994619404792018,2.2682279424746197
0.9547653846153846,65.0,0.18994402545184091,2.2696140912061535
0.9551457692307692,65.0,0.18994187135853893,2.2710450702032996
0.9555261538461538,65.0,0.18993964533681765,2.2725082976530957
0.9559065384615385,65.0,0.1899373009142838,2.274066057991198
0.9562869230769231,65.0,0.18993495545557604,2.275633126672058
0.9566673076923077,65.0,0.18993257533848826,2.2771792942261455
0.9570476923076923,65.0,0.18993010575787184,2.278862337241653
0.957428076923077,65.0,0.18992760017084692,2.280416194890905
0.9578084615384616,65.0,0.18992507893421762,2.2820484183648713
0.9581888461538461,65.0,0.189922527470679,2.2836976799478266
0.9585692307692307,65.0,0.18991994769456957,2.28521286604199
0.9589496153846154,65.0,0.18991735950073524,2.286811849491472
0.95933,65.0,0.18991475001126046,2.2883386110730033
0.9597103846153846,65.0,0.18991214051403285,2.2897854485063083
0.9600907692307692,65.0,0.18990958093144847,2.2912301707545466
0.9604711538461539,65.0,0.18990700216218506,2.2926060959647163
0.9608515384615385,65.0,0.18990439662620254,2.29387268853891
0.9612319230769231,65.0,0.1899018950445764,2.2951584383073267
0.9616123076923077,65.0,0.18989947769809395,2.296305465184264
0.9619926923076924,65.0,0.18989703046174647,2.2973983382372016
0.9623730769230769,65.0,0.18989462304468505,2.2984428646824697
0.9627534615384615,65.0,0.18989232976472914,2.2993678288542996
0.9631338461538461,65.0,0.18989006056585106,2.3002488672766876
0.9635142307692308,65.0,0.18988780539820013,2.301037131109312
0.9638946153846154,65.0,0.18988566288467712,2.3017623504376163
0.964275,65.0,0.18988360093150802,2.302390120965744
0.9646553846153846,65.0,0.18988153782385234,2.302985874098308
0.9650357692307693,65.0,0.1898795630948061,2.3034829923352107
0.9654161538461539,65.0,0.18987771867771805,2.303911126274067
0.9657965384615385,65.0,0.18987591216411842,2.304326932723334
0.966176923076923,65.0,0.18987419068343395,2.304628054016364
0.9665573076923077,65.0,0.18987258969899112,2.3049196697687115
0.9669376923076923,65.0,0.1898710520169099,2.3051604645171744
0.9673180769230769,65.0,0.18986964059506226,2.305362636593215
0.9676984615384615,65.0,0.18986835210039368,2.3054899593012808
0.9680788461538462,65.0,0.18986710305936838,2.3056588222552556
0.9684592307692308,65.0,0.1898659747881862,2.3057420768282726
0.9688396153846154,65.0,0.1898650278888678,2.30580643823886
0.96922,65.0,0.1898641785265346,2.3058998184065853
0.9696003846153847,65.0,0.1898633906759082,2.30589469656634
0.9699807692307693,65.0,0.18986273218896635,2.305957740091254
0.9703611538461538,65.0,0.1898622331646304,2.3059517557416336
0.9707415384615384,65.0,0.18986181119666354,2.3059294770031444
0.9711219230769231,65.0,0.18986147779082782,2.305931189910684
0.9715023076923077,65.0,0.1898613446453632,2.3059072180262836
0.9718826923076923,65.0,0.18986132393524316,2.305833632767752
0.9722630769230769,65.0,0.18986135816750052,2.305793912230027
0.9726434615384616,65.0,0.189861595859284,2.3057305804200126
0.9730238461538462,65.0,0.18986199499931788,2.305587835640823
0.9734042307692308,65.0,0.18986246897695316,2.305508632029431
0.9737846153846154,65.0,0.18986310388293468,2.305351164620635
0.974165,65.0,0.1898638899371314,2.3051593188759583
0.9745453846153846,65.0,0.1898647941574936,2.304951131756744
0.9749257692307692,65.0,0.1898658452916243,2.304711762097417
0.9753061538461538,65.0,0.18986700901851922,2.3043875011504342
0.9756865384615384,65.0,0.189868263241224,2.3040576874829686
0.9760669230769231,65.0,0.18986965943611867,2.303662578280202
0.9764473076923077,65.0,0.18987122304323215,2.3031737687184517
0.9768276923076923,65.0,0.18987286392796446,2.302697259873049
0.9772080769230769,65.0,0.1898745541034526,2.302102807156231
0.9775884615384616,65.0,0.18987640559225172,2.301439957099376
0.9779688461538462,65.0,0.18987836819870263,2.300745713825783
0.9783492307692307,65.0,0.18988035235997372,2.299934234324158
0.9787296153846153,65.0,0.18988246725173777,2.2990880501275703
0.97911,65.0,0.18988471469501544,2.298181399887929
0.9794903846153846,65.0,0.18988698671621315,2.2971218995399685
0.9798707692307692,65.0,0.18988932518432,2.2961030366509143
0.9802511538461538,65.0,0.18989178568151677,2.2949559424259505
0.9806315384615385,65.0,0.18989431724535955,2.2937311304883403
0.9810119230769231,65.0,0.1898968551319617,2.2925030636595745
0.9813923076923077,65.0,0.18989944334834385,2.2911706181763645
0.9817726923076923,65.0,0.1899021275750802,2.2898084764959874
0.982153076923077,65.0,0.1899048099334414,2.2883931285165984
0.9825334615384615,65.0,0.18990749780558022,2.286972219363752
0.9829138461538461,65.0,0.1899102318819747,2.285476772069549
0.9832942307692307,65.0,0.18991293433734677,2.283961557273737
0.9836746153846154,65.0,0.18991568288507027,2.2824919807084023
0.984055,65.0,0.1899184871288616,2.2809434485459485
0.9844353846153846,65.0,0.18992120226808687,2.2794391789590485
0.9848157692307692,65.0,0.18992391418981286,2.277959844076433
0.9851961538461539,65.0,0.18992667995406717,2.2764404908389686
0.9855765384615385,65.0,0.18992937700057844,2.27501521118594
0.9859569230769231,65.0,0.18993202934604994,2.273623594801938
0.9863373076923077,65.0,0.18993469920269945,2.2722122567214877
0.9867176923076924,65.0,0.18993733760808004,2.270942811247589
0.9870980769230769,65.0,0.18993988514240737,2.269685748768604
0.9874784615384615,65.0,0.1899423756747799,2.268475732114306
0.9878588461538461,65.0,0.18994486967738067,2.267417211391677
0.9882392307692308,65.0,0.1899472658170269,2.266343246166948
0.9886196153846154,65.0,0.18994951846902491,2.265392606962666
0.989,65.0,0.1899517467271154,2.2645633637909537
0.9893803846153846,65.0,0.1899539089833993,2.263735147663595
0.9897607692307693,65.0,0.18995591619028954,2.2630755148059536
0.9901411538461539,65.0,0.1899578338772302,2.262473955280771
0.9905215384615385,65.0,0.189959653459942,2.261925667810191
0.990901923076923,65.0,0.18996135289534716,2.2615411557695615
0.9912823076923077,65.0,0.18996298483485713,2.261189620224335
0.9916626923076923,65.0,0.18996449980300173,2.2609285993044996
0.9920430769230769,65.0,0.189965852950331,2.2607756372108394
0.9924234615384615,65.0,0.18996709922797447,2.2606686239896825
0.9928038461538462,65.0,0.189968257090856,2.2606572315879303
0.9931842307692308,65.0,0.18996925131839185,2.260691914977707
0.9935646153846154,65.0,0.18997008736991589,2.2608280975509776
0.993945,65.0,0.18997085640576936,2.260967402736411
0.9943253846153847,65.0,0.1899714748428787,2.261200951584682
0.9947057692307693,65.0,0.1899718815785861,2.2614831033315133
0.9950861538461538,65.0,0.18997221413379609,2.261773158164081
0.9954665384615384,65.0,0.1899724415899477,2.262121003186136
0.9958469230769231,65.0,0.18997244440067276,2.262511553625648
0.9962273076923077,65.0,0.1899723185843401,2.262904857749461
0.9966076923076923,65.0,0.1899721165616388,2.2633133810718857
0.9969880769230769,65.0,0.18997176508250566,2.2638129058769056
0.9973684615384616,65.0,0.1899712514047916,2.2642011825564983
0.9977488461538462,65.0,0.18997060993085607,2.2647127217214087
0.9981292307692308,65.0,0.1899698708223364,2.265198648740184
0.9985096153846154,65.0,0.18996901522795692,2.2656471166997694
0.9988900000000001,65.0,0.18996803738308626,2.266190918387294
0.9992703846153846,65.0,0.18996695566684088,2.2666557764435233
0.9996507692307692,65.0,0.18996572181903257,2.267171657878131
1.000031153846154,65.0,0.18996437315532744,2.26770767494018
1.0004115384615384,65.0,0.1899629600675374,2.268193752285088
1.000791923076923,65.0,0.18996137371939703,2.2687300269718076
1.0011723076923078,65.0,0.18995967800118507,2.269310679102553
1.0015526923076923,65.0,0.1899579563521419,2.2698054026843035
1.001933076923077,65.0,0.18995606169038748,2.2704163497753904
1.0023134615384615,65.0,0.18995404912587707,2.2710122680539975
1.0026938461538462,65.0,0.18995203392367443,2.2715880052350204
1.0030742307692309,65.0,0.18994990216875837,2.2722604195837595
1.0034546153846153,65.0,0.18994763187906624,2.2729116277242634
1.003835,65.0,0.18994533053685356,2.273617177554918
1.0042153846153845,65.0,0.18994300845291648,2.2743356517897717
1.0045957692307692,65.0,0.18994059282805817,2.275122526139229
1.004976153846154,65.0,0.189938076123564,2.275917845936468
1.0053565384615384,65.0,0.18993554956693404,2.276769255578516
1.005736923076923,65.0,0.18993300463085802,2.277665754893055
1.0061173076923078,65.0,0.18993038717668412,2.278579683235117
1.0064976923076923,65.0,0.18992776459443267,2.27956779672503
1.006878076923077,65.0,0.1899251094493909,2.2805893563336674
1.0072584615384614,65.0,0.18992239349883663,2.28162595629179
1.0076388461538461,65.0,0.189919706710298,2.282718494028222
1.0080192307692308,65.0,0.18991700941167308,2.283855946177856
1.0083996153846153,65.0,0.1899142803909473,2.2849850855154803
1.00878,65.0,0.18991160344061803,2.2862023651527563
1.0091603846153847,65.0,0.18990895947162126,2.287385195098776
1.0095407692307692,65.0,0.18990631184676085,2.2885968366601976
1.0099211538461539,65.0,0.18990370644491733,2.2898720208818855
1.0103015384615384,65.0,0.18990120008611058,2.291072380809362
1.010681923076923,65.0,0.18989872699619287,2.2923370995021375
1.0110623076923078,65.0,0.1898962416846541,2.2935534615240885
1.0114426923076922,65.0,0.1898939044468149,2.2947895581354816
1.011823076923077,65.0,0.18989168397927492,2.295958437965021
1.0122034615384616,65.0,0.18988943009437265,2.2971441491885587
1.0125838461538461,65.0,0.18988727774560082,2.298275325723161
1.0129642307692308,65.0,0.18988527154550697,2.299322349555956
1.0133446153846153,65.0,0.18988331455215288,2.300391718400011
1.013725,65.0,0.18988146218099095,2.3013370093622187
1.0141053846153847,65.0,0.18987971891141062,2.302264119728637
1.0144857692307692,65.0,0.189878051829419,2.3030926642906646
1.0148661538461539,65.0,0.18987650170043377,2.303851427613378
1.0152465384615386,65.0,0.18987506285014544,2.3045270149939836
1.015626923076923,65.0,0.189873740582359,2.3051626089838275
1.0160073076923077,65.0,0.1898725361528425,2.3056303591562033
1.0163876923076922,65.0,0.18987145561850707,2.3060716542780284
1.016768076923077,65.0,0.189870525532246,2.306443412100542
1.0171484615384616,65.0,0.18986968428155304,2.3066125291790263
1.017528846153846,65.0,0.18986897579616485,2.3068473825897504
1.0179092307692308,65.0,0.18986845240417644,2.306869391491074
1.0182896153846155,65.0,0.18986797669743036,2.306832701592543
1.01867,65.0,0.1898676073364193,2.3067590981371997
1.0190503846153847,65.0,0.18986746836879295,2.3065426471080412
1.0194307692307691,65.0,0.1898674112858602,2.3062694493972526
1.0198111538461538,65.0,0.18986740136888902,2.3059396404699535
1.0201915384615385,65.0,0.18986756695732426,2.3055033593308845
1.020571923076923,65.0,0.18986789091724013,2.3050216473916856
1.0209523076923077,65.0,0.1898683042794805,2.30450354680005
1.0213326923076924,65.0,0.1898688316066549,2.303885377807513
1.021713076923077,65.0,0.18986950990924117,2.3032687093837354
1.0220934615384616,65.0,0.18987029338555508,2.302569469657485
1.022473846153846,65.0,0.18987117412957752,2.3018637295138515
1.0228542307692308,65.0,0.18987220541776315,2.301125912105443
1.0232346153846155,65.0,0.18987334528053715,2.3003521386741554
1.023615,65.0,0.1898745740630213,2.2995745808823704
1.0239953846153846,65.0,0.18987594669415694,2.2987793057029484
1.0243757692307693,65.0,0.18987740554681035,2.2979849423344287
1.0247561538461538,65.0,0.18987893368301362,2.2971833317610524
1.0251365384615385,65.0,0.18988059760302076,2.2963789511663357
1.025516923076923,65.0,0.18988232619392345,2.295584390336302
1.0258973076923077,65.0,0.1898840834458854,2.2948043331218804
1.0262776923076924,65.0,0.18988595304504652,2.294004018087118
1.0266580769230769,65.0,0.18988793462384906,2.2932767529241276
1.0270384615384616,65.0,0.1898899344907501,2.292491556077597
1.0274188461538463,65.0,0.18989193981258184,2.2917397224123794
1.0277992307692307,65.0,0.1898940624109705,2.291069726629393
1.0281796153846154,65.0,0.1898962776448625,2.290273777334078
1.02856,65.0,0.18989845705901168,2.289631414180789
1.0289403846153846,65.0,0.18990069248175243,2.288925138829694
1.0293207692307693,65.0,0.1899030157099379,2.288198041441887
1.0297011538461538,65.0,0.189905293926603,2.287578278932066
1.0300815384615385,65.0,0.18990759855002118,2.2868630085528805
1.030461923076923,65.0,0.18990996201810448,2.28617570406306
1.0308423076923077,65.0,0.18991228544285327,2.2855297039586815
1.0312226923076924,65.0,0.18991461703548213,2.2848261415518656
1.0316030769230768,65.0,0.18991696474802222,2.2841204285471868
1.0319834615384615,65.0,0.1899192669134652,2.283458469987778
1.0323638461538462,65.0,0.18992156386884693,2.2827051208744598
1.0327442307692307,65.0,0.1899238466212477,2.281995564556735
1.0331246153846154,65.0,0.18992606980918553,2.281254902838921
1.033505,65.0,0.18992825527822016,2.280481168753022
1.0338853846153846,65.0,0.18993043640683355,2.279732504030982
1.0342657692307693,65.0,0.18993260712821192,2.2789084309621046
1.0346461538461538,65.0,0.18993466724942992,2.278128359870169
1.0350265384615385,65.0,0.18993665749956684,2.2772995803484335
1.0354069230769232,65.0,0.18993869526058185,2.2764674961146802
1.0357873076923076,65.0,0.18994064551603032,2.275618184931435
1.0361676923076923,65.0,0.18994246790891975,2.27477197412307
1.0365480769230768,65.0,0.189944284451698,2.2739314901672167
1.0369284615384615,65.0,0.1899460275539553,2.273054565584069
1.0373088461538462,65.0,0.18994763806233844,2.272204662499351
1.0376892307692307,65.0,0.1899491849152894,2.2713860475389462
1.0380696153846154,65.0,0.18995066853873052,2.2705120326249517
1.03845,65.0,0.18995203838565408,2.2697324441889926
1.0388303846153846,65.0,0.18995329691713855,2.2689513622506134
1.0392107692307693,65.0,0.18995448957916816,2.268148370413429
1.0395911538461537,65.0,0.18995557781371053,2.2674764948640522
1.0399715384615384,65.0,0.18995653462216275,2.2667781412213612
1.0403519230769231,65.0,0.18995741755617776,2.2661313392126368
1.0407323076923076,65.0,0.18995817073406737,2.2655662940531127
1.0411126923076923,65.0,0.18995880008179283,2.2650462576897867
1.041493076923077,65.0,0.18995939671587794,2.2645669725295567
1.0418734615384615,65.0,0.1899598508346975,2.264189342074546
1.0422538461538462,65.0,0.1899601228111702,2.263868083479345
1.0426342307692307,65.0,0.18996034815708282,2.263599102452461
1.0430146153846154,65.0,0.1899604918056953,2.263438066643298
1.043395,65.0,0.18996047153510015,2.263335868296317
1.0437753846153845,65.0,0.1899603247938678,2.2633237995780675
1.0441557692307692,65.0,0.18996009589723842,2.263388212728383
1.044536153846154,65.0,0.1899597651914986,2.2635178653261008
1.0449165384615384,65.0,0.18995926683729805,2.263736818625338
1.0452969230769231,65.0,0.18995868438580701,2.264061453622309
1.0456773076923076,65.0,0.18995805629599663,2.2644057734440626
1.0460576923076923,65.0,0.18995726229260065,2.2648518529271096
1.046438076923077,65.0,0.1899563803730499,2.265398931279504
1.0468184615384615,65.0,0.18995547002590307,2.265938655315697
1.0471988461538462,65.0,0.18995442350507014,2.2666012015785473
1.0475792307692309,65.0,0.18995328932300898,2.267308539712879
1.0479596153846154,65.0,0.1899521042850353,2.268021137875729
1.04834,65.0,0.18995080638347384,2.2688311350288415
1.0487203846153845,65.0,0.18994946384607336,2.269669648221898
1.0491007692307692,65.0,0.1899480872248277,2.2705026189630257
1.049481153846154,65.0,0.189946586501542,2.2714156545651267
1.0498615384615384,65.0,0.18994500414277338,2.2723153665711178
1.050241923076923,65.0,0.1899434214821869,2.2732122995188138
1.0506223076923078,65.0,0.18994179537457023,2.2741718321985576
1.0510026923076923,65.0,0.18994005780972695,2.2750898096086054
1.051383076923077,65.0,0.1899382791135033,2.276004149743498
1.0517634615384615,65.0,0.18993651791666563,2.276939468582332
1.0521438461538462,65.0,0.18993467655444587,2.277832550153603
1.0525242307692309,65.0,0.1899327686134348,2.278719432662335
1.0529046153846153,65.0,0.18993090396728,2.2796006536568565
1.053285,65.0,0.18992901295066006,2.2804336885796532
1.0536653846153847,65.0,0.1899270568465561,2.2812471112968513
1.0540457692307692,65.0,0.18992512396582995,2.2820618734628
1.054426153846154,65.0,0.18992320753530173,2.282813331727894
1.0548065384615384,65.0,0.18992125142741653,2.2835498981060236
1.055186923076923,65.0,0.1899192749237547,2.2842497385595193
1.0555673076923078,65.0,0.18991732306044176,2.2849486541464477
1.0559476923076923,65.0,0.18991537671828426,2.2855572047784407
1.056328076923077,65.0,0.18991343727480411,2.2862221187843104
1.0567084615384617,65.0,0.18991153109941428,2.2868032472783315
1.0570888461538461,65.0,0.18990960228500423,2.2873445990965937
1.0574692307692308,65.0,0.1899076815852991,2.2879607015709587
1.0578496153846153,65.0,0.18990586657503788,2.288432185755183
1.05823,65.0,0.1899040611305954,2.288988312410643
1.0586103846153847,65.0,0.18990222362318881,2.2894979088021272
1.0589907692307692,65.0,0.1899004987377219,2.289963004699207
1.0593711538461539,65.0,0.1898988403112955,2.290482504348306
1.0597515384615384,65.0,0.18989715966900533,2.29097491478171
1.060131923076923,65.0,0.1898955655211503,2.29141881622067
1.0605123076923078,65.0,0.18989407320469218,2.2919387245004033
1.0608926923076922,65.0,0.1898926072742912,2.2924225933076783
1.061273076923077,65.0,0.18989118750350656,2.292866779324161
1.0616534615384616,65.0,0.18988986427388763,2.293425810191515
1.062033846153846,65.0,0.1898886287199165,2.293858958749205
1.0624142307692308,65.0,0.189887410227639,2.294380651001879
1.0627946153846153,65.0,0.18988624810415064,2.29488052470242
1.063175,65.0,0.1898852137668104,2.2953653699228793
1.0635553846153847,65.0,0.1898842354859106,2.2958855294924656
1.0639357692307692,65.0,0.1898833262741259,2.2963579009414734
1.0643161538461539,65.0,0.18988252057508848,2.2968758396740108
1.0646965384615386,65.0,0.18988175089183806,2.2973403684447478
1.065076923076923,65.0,0.18988108606938564,2.29782388575365
1.0654573076923077,65.0,0.18988056271951617,2.298289225519388
1.0658376923076922,65.0,0.18988006358478832,2.298706106677618
1.066218076923077,65.0,0.18987963241681102,2.2991459792340425
1.0665984615384616,65.0,0.1898793520900094,2.2995450658752516
1.066978846153846,65.0,0.18987913637349382,2.2998536244769974
1.0673592307692308,65.0,0.18987895565036284,2.300230959661159
1.0677396153846155,65.0,0.18987889607684313,2.3004863999693206
1.06812,65.0,0.1898789558116644,2.3006971547989434
1.0685003846153847,65.0,0.18987904072808934,2.300942690923165
1.0688807692307691,65.0,0.18987919683349327,2.3010173103904563
1.0692611538461538,65.0,0.1898795034343673,2.301120915118108
1.0696415384615385,65.0,0.18987985440202887,2.3011516795782643
1.070021923076923,65.0,0.18988022833840665,2.3010737019266787
1.0704023076923077,65.0,0.1898807287845267,2.30098976361348
1.0707826923076924,65.0,0.1898813243554525,2.3008168786590475
1.0711630769230769,65.0,0.1898819808484439,2.300558445653204
1.0715434615384616,65.0,0.18988271837894394,2.300271329285088
1.071923846153846,65.0,0.18988352063135727,2.299916676418273
1.0723042307692308,65.0,0.18988439749300215,2.299429608555442
1.0726846153846155,65.0,0.1898853597799717,2.2989970853973225
1.073065,65.0,0.1898864002207278,2.298393646599418
1.0734453846153846,65.0,0.18988747651350754,2.297786348605088
1.0738257692307693,65.0,0.18988859425252994,2.297149471877272
1.0742061538461538,65.0,0.18988982490609801,2.296384593389393
1.0745865384615385,65.0,0.18989108251551332,2.2956398466719117
1.074966923076923,65.0,0.18989232998726632,2.294831518754569
1.0753473076923077,65.0,0.18989369809002743,2.294000410136762
1.0757276923076924,65.0,0.18989511420895744,2.293086885183579
1.0761080769230769,65.0,0.1898964868181119,2.292227590639798
1.0764884615384616,65.0,0.18989795027512313,2.2912969273638777
1.0768688461538463,65.0,0.1898994858600673,2.2903501765768195
1.0772492307692307,65.0,0.18990097547854345,2.28943093314543
1.0776296153846154,65.0,0.1899024824198487,2.2884793147109774
1.07801,65.0,0.18990405893193277,2.287542894805275
1.0783903846153846,65.0,0.18990566030381717,2.286604592650651
1.0787707692307693,65.0,0.1899072479664007,2.2857224469401416
1.0791511538461538,65.0,0.18990883868741376,2.2847899440642716
1.0795315384615385,65.0,0.18991044862741702,2.2839526708270315
1.0799119230769232,65.0,0.1899120474875126,2.283082751714658
1.0802923076923077,65.0,0.18991364902894758,2.282276259643459
1.0806726923076924,65.0,0.18991525035587623,2.281513826871235
1.0810530769230768,65.0,0.1899167988357773,2.280738601595465
1.0814334615384615,65.0,0.18991834723664078,2.2800464429868827
1.0818138461538462,65.0,0.1899199111225448,2.279377490945446
1.0821942307692307,65.0,0.1899214037127941,2.2787321863840777
1.0825746153846154,65.0,0.18992286827104085,2.2781491836005308
1.0829550000000001,65.0,0.18992436438284033,2.277608130339304
1.0833353846153846,65.0,0.18992580950717589,2.277052024698438
1.0837157692307693,65.0,0.1899271814547888,2.276611840408069
1.0840961538461538,65.0,0.18992858021966774,2.276166418073164
1.0844765384615385,65.0,0.1899299647632949,2.2757273927970156
1.0848569230769232,65.0,0.18993122889866726,2.2753667488348164
1.0852373076923076,65.0,0.18993246619879728,2.275021412382821
1.0856176923076923,65.0,0.18993373840743635,2.274663717303905
1.0859980769230768,65.0,0.1899349315154029,2.2743809921259452
1.0863784615384615,65.0,0.18993603556641908,2.274110932134686
1.0867588461538462,65.0,0.1899371280250657,2.273788016755738
1.0871392307692307,65.0,0.189938162578559,2.2735835313904276
1.0875196153846154,65.0,0.1899391249358999,2.2733205745537766
1.0879,65.0,0.1899400557045288,2.273061230003318
1.0882803846153846,65.0,0.18994090785997342,2.2728837944626203
1.0886607692307693,65.0,0.18994168700543101,2.272604893729989
1.0890411538461537,65.0,0.18994243532024876,2.2724086595911523
1.0894215384615384,65.0,0.1899431162604604,2.2722101893953037
1.0898019230769231,65.0,0.1899437100395745,2.271955885294081
1.0901823076923076,65.0,0.18994425371795293,2.271766613307701
1.0905626923076923,65.0,0.1899447603369622,2.2715628287757865
1.090943076923077,65.0,0.18994517448695414,2.271322984655987
1.0913234615384615,65.0,0.18994549670573907,2.271163877397074
1.0917038461538462,65.0,0.18994580638981406,2.2709397783509044
1.0920842307692307,65.0,0.18994603248130856,2.2707440616657855
1.0924646153846154,65.0,0.18994609950339492,2.2705972782328177
1.092845,65.0,0.18994615083401417,2.2703867651145235
1.0932253846153845,65.0,0.18994619054979742,2.270278226963759
1.0936057692307692,65.0,0.18994607393242535,2.2701192413982416
1.093986153846154,65.0,0.18994587512323174,2.270015079579635
1.0943665384615384,65.0,0.1899456581460781,2.2699495111043198
1.0947469230769231,65.0,0.1899453410608042,2.2698595982824297
1.0951273076923076,65.0,0.189944945144945,2.2698813327837866
1.0955076923076923,65.0,0.18994450101232654,2.2698584371744803
1.095888076923077,65.0,0.1899439762555398,2.269921381081199
1.0962684615384615,65.0,0.18994338340225939,2.2700466003545934
1.0966488461538462,65.0,0.18994274475153367,2.2701448205360175
1.0970292307692309,65.0,0.18994204335718556,2.270351331731214
1.0974096153846153,65.0,0.18994125783817994,2.2706206084704466
1.09779,65.0,0.1899404363596794,2.2708479863224285
1.0981703846153845,65.0,0.18993957698983543,2.2712436070154394
1.0985507692307692,65.0,0.18993861643685972,2.2716321716706065
1.098931153846154,65.0,0.18993761992027627,2.2720398955433088
1.0993115384615384,65.0,0.1899366122048631,2.2725941322806604
1.099691923076923,65.0,0.18993549364769302,2.273115281269695
1.1000723076923078,65.0,0.1899343023227413,2.273697770199549
1.1004526923076923,65.0,0.18993314066915618,2.274396844922554
1.100833076923077,65.0,0.18993194930099952,2.2750372781885586
1.1012134615384614,65.0,0.1899306514196878,2.2757856419299536
1.1015938461538461,65.0,0.18992932827383932,2.2765961350196617
1.1019742307692308,65.0,0.18992803520132118,2.2773319517388844
1.1023546153846153,65.0,0.1899266789182458,2.2782266669249234
1.102735,65.0,0.18992526866521797,2.279064913177899
1.1031153846153847,65.0,0.18992388922253542,2.2799262792707387
1.1034957692307692,65.0,0.18992247135867493,2.2808605212590463
1.103876153846154,65.0,0.18992101055454597,2.281733635796188
1.1042565384615384,65.0,0.18991958504693127,2.2826399960495998
1.104636923076923,65.0,0.1899181225034912,2.2835631072533285
1.1050173076923078,65.0,0.18991662871803375,2.2844505591719866
1.1053976923076922,65.0,0.18991517771545857,2.2853241641349347
1.105778076923077,65.0,0.1899137013433614,2.2862097837846975
1.1061584615384616,65.0,0.1899122057356356,2.2870372338308504
1.1065388461538461,65.0,0.18991075565200394,2.2878687391273953
1.1069192307692308,65.0,0.1899093062879366,2.2886434861042546
1.1072996153846153,65.0,0.1899078249085906,2.289396355589149
1.10768,65.0,0.18990637434547186,2.2901207359138613
1.1080603846153847,65.0,0.18990500922340411,2.2907716836194494
1.1084407692307692,65.0,0.18990365154216218,2.2914318021027253
1.1088211538461539,65.0,0.18990225576328099,2.2919990026678634
1.1092015384615386,65.0,0.1899009437031698,2.2925508056753174
1.109581923076923,65.0,0.18989970808432985,2.293050589048866
1.1099623076923077,65.0,0.18989844164777622,2.2934770684504664
1.1103426923076922,65.0,0.18989722132945283,2.2939166476794535
1.110723076923077,65.0,0.18989609012572234,2.294264271415064
1.1111034615384616,65.0,0.18989496624417146,2.294552423400083
1.111483846153846,65.0,0.18989387847480016,2.294871800427376
1.1118642307692308,65.0,0.18989287534881463,2.295080806802267
1.1122446153846155,65.0,0.18989190065352093,2.2952709930185615
1.112625,65.0,0.18989096239893039,2.2954643293897496
1.1130053846153847,65.0,0.18989011210452714,2.295562317974282
1.1133857692307692,65.0,0.18988930783031924,2.2956755602434464
1.1137661538461539,65.0,0.18988854490592907,2.2957653928350905
1.1141465384615385,65.0,0.18988787642552252,2.2958051736724965
1.114526923076923,65.0,0.1898872558337489,2.295832628196735
1.1149073076923077,65.0,0.1898866503119967,2.2958621619229804
1.1152876923076922,65.0,0.18988616325820054,2.295857811724842
1.115668076923077,65.0,0.18988578539329304,2.2958322588182174
1.1160484615384616,65.0,0.18988540118126535,2.295856093367991
1.116428846153846,65.0,0.1898850698451381,2.2957683737549734
1.1168092307692308,65.0,0.18988486820305278,2.2957809004877996
1.1171896153846155,65.0,0.18988471886272962,2.295726593781761
1.11757,65.0,0.18988458415630743,2.295656487985335
1.1179503846153847,65.0,0.1898845389810991,2.2956589286624602
1.1183307692307691,65.0,0.18988459099299768,2.2955603128705624
1.1187111538461538,65.0,0.18988467423896818,2.2955049462177395
1.1190915384615385,65.0,0.1898848147812183,2.2954768979829887
1.119471923076923,65.0,0.18988506269600608,2.2953825807878436
1.1198523076923077,65.0,0.18988536053940683,2.2952806872277622
1.1202326923076924,65.0,0.18988569953702022,2.295254556512582
1.1206130769230769,65.0,0.189886149333473,2.295095246023958
1.1209934615384616,65.0,0.18988666193588358,2.2950154361249635
1.121373846153846,65.0,0.18988721338007092,2.2948962972563014
1.1217542307692308,65.0,0.18988786740401606,2.2947093387936457
1.1221346153846155,65.0,0.1898885587074541,2.2945892930104343
1.122515,65.0,0.1898892801240259,2.2943526341388423
1.1228953846153846,65.0,0.18989014166679438,2.294170939143368
1.1232757692307693,65.0,0.18989105326700143,2.2939031003413013
1.1236561538461538,65.0,0.1898919446501362,2.293623670129993
1.1240365384615385,65.0,0.18989293016918649,2.2933272443788626
1.124416923076923,65.0,0.18989400786568145,2.292963349024335
1.1247973076923077,65.0,0.18989509298744608,2.292585162935211
1.1251776923076924,65.0,0.18989619630762433,2.2921707277821683
1.1255580769230769,65.0,0.18989738638974368,2.291691878164442
1.1259384615384616,65.0,0.18989863567662202,2.291207403911403
1.1263188461538463,65.0,0.1898998757183517,2.290677960073973
1.1266992307692307,65.0,0.18990116841688118,2.2900672344926742
1.1270796153846154,65.0,0.1899025345262833,2.2895104563253534
1.12746,65.0,0.189903887723811,2.2888113013067115
1.1278403846153846,65.0,0.1899052601620876,2.28815423496333
1.1282207692307693,65.0,0.18990669981663177,2.2874681621562463
1.1286011538461538,65.0,0.18990813547025306,2.286676033729277
1.1289815384615385,65.0,0.18990956971934195,2.2859630975390792
1.1293619230769232,65.0,0.18991102792418085,2.285168061172271
1.1297423076923077,65.0,0.18991246739190198,2.2843352028711066
1.1301226923076924,65.0,0.18991391388691806,2.283571692981069
1.1305030769230768,65.0,0.18991539935698773,2.2827324140343803
1.1308834615384615,65.0,0.1899168558198143,2.281875172694425
1.1312638461538462,65.0,0.18991825087983577,2.2811249338584565
1.1316442307692307,65.0,0.1899196800600668,2.280255854111928
1.1320246153846154,65.0,0.18992113427814186,2.279453147507669
1.132405,65.0,0.1899224911954706,2.2787197975505147
1.1327853846153846,65.0,0.1899238296734002,2.277886443781054
1.1331657692307693,65.0,0.18992521892763684,2.2771995089830166
1.1335461538461538,65.0,0.1899265353419288,2.2764768038107044
1.1339265384615385,65.0,0.18992779538610485,2.275792659570755
1.1343069230769232,65.0,0.18992907240045281,2.2751725428946825
1.1346873076923076,65.0,0.1899303030101368,2.274576510292613
1.1350676923076923,65.0,0.1899314627790879,2.274016547872192
1.135448076923077,65.0,0.18993259021363224,2.2735246670466873
1.1358284615384615,65.0,0.1899336973533511,2.27306342833518
1.1362088461538462,65.0,0.1899347436402074,2.272654187613159
1.1365892307692307,65.0,0.18993570750050842,2.2723175638473556
1.1369696153846154,65.0,0.18993663346277267,2.2719782772254744
1.13735,65.0,0.18993750957491215,2.271765680728516
1.1377303846153846,65.0,0.1899383198059723,2.271525204620608
1.1381107692307693,65.0,0.1899391064022503,2.2713964664902404
1.138491153846154,65.0,0.18993980449024836,2.271284999010936
1.1388715384615384,65.0,0.18994040247808858,2.2712108412282666
1.1392519230769231,65.0,0.18994101198468133,2.2712344421593054
1.1396323076923076,65.0,0.18994155077535035,2.271193277244176
1.1400126923076923,65.0,0.18994194687629634,2.271321709445993
1.140393076923077,65.0,0.18994232916787598,2.271397677905703
1.1407734615384615,65.0,0.18994268342824439,2.271502608799945
1.1411538461538462,65.0,0.18994290685752438,2.271700109961513
1.1415342307692307,65.0,0.18994305967499664,2.2718756201737325
1.1419146153846154,65.0,0.18994318982375008,2.2720624120210906
1.142295,65.0,0.18994322324884066,2.2723183740486466
1.1426753846153845,65.0,0.18994314734410683,2.272545778670383
1.1430557692307692,65.0,0.18994303921716474,2.2727855983368337
1.143436153846154,65.0,0.18994288273012142,2.273085819865505
1.1438165384615384,65.0,0.18994261189592845,2.2733302123332293
1.1441969230769231,65.0,0.18994226747407497,2.2736129047482048
1.1445773076923076,65.0,0.189941883772461,2.2739027664989573
1.1449576923076923,65.0,0.18994142795241986,2.274178471388534
1.145338076923077,65.0,0.18994091593931564,2.2744579865798666
1.1457184615384615,65.0,0.18994035456107955,2.274767667562371
1.1460988461538462,65.0,0.18993969888534828,2.2750264161674485
1.1464792307692309,65.0,0.1899389908817464,2.275317144160477
1.1468596153846153,65.0,0.1899382696666449,2.27562350715343
1.14724,65.0,0.18993745832084666,2.2758763216503515
1.1476203846153845,65.0,0.18993655595381123,2.2761878937435758
1.1480007692307692,65.0,0.1899356521442367,2.2764798156634427
1.148381153846154,65.0,0.18993471924867675,2.2767454728518266
1.1487615384615384,65.0,0.18993367557223642,2.2770742276122293
1.149141923076923,65.0,0.18993259740104879,2.2773906943082323
1.1495223076923078,65.0,0.1899315372933955,2.277666313205591
1.1499026923076923,65.0,0.18993037948745245,2.2780320088821946
1.150283076923077,65.0,0.1899291584247585,2.278369651953143
1.1506634615384614,65.0,0.18992798611074413,2.278704141047602
1.1510438461538461,65.0,0.18992676065416192,2.2791209009164044
1.1514242307692308,65.0,0.18992545419415774,2.2794763383632968
1.1518046153846153,65.0,0.1899241635829187,2.2799117681842915
1.152185,65.0,0.1899228584898133,2.2803497551942766
1.1525653846153847,65.0,0.1899215288873635,2.280796011911193
1.1529457692307692,65.0,0.18992019639800206,2.2812959921233054
1.153326153846154,65.0,0.1899188346900194,2.2817880552682386
1.1537065384615384,65.0,0.1899174580553362,2.282328514447112
1.154086923076923,65.0,0.18991608871151944,2.282864190420581
1.1544673076923078,65.0,0.18991472312838587,2.2834559520196236
1.1548476923076922,65.0,0.18991333391141782,2.284042098649929
1.155228076923077,65.0,0.18991192757953995,2.284634261994129
1.1556084615384616,65.0,0.18991058073770967,2.285294175781199
1.1559888461538461,65.0,0.18990924822235503,2.285919339177419
1.1563692307692308,65.0,0.18990786110669186,2.2865616790020056
1.1567496153846153,65.0,0.18990654756629582,2.2872507464395446
1.15713,65.0,0.1899052888330506,2.2878984841131547
1.1575103846153847,65.0,0.18990397393020522,2.288547820699448
1.1578907692307692,65.0,0.18990272337931094,2.2892591493368695
1.1582711538461539,65.0,0.18990156629525098,2.2898742119508495
1.1586515384615386,65.0,0.1899003938365307,2.2905246341543517
1.159031923076923,65.0,0.18989923225403663,2.2911862068562434
1.1594123076923077,65.0,0.18989815450299832,2.2917551336861512
1.1597926923076922,65.0,0.1898971393478423,2.2923601993503504
1.160173076923077,65.0,0.18989614338904334,2.2929419850416553
1.1605534615384616,65.0,0.18989519952877895,2.293415974210281
1.160933846153846,65.0,0.18989432144380958,2.293962480818108
1.1613142307692308,65.0,0.18989347501059323,2.2943968198087528
1.1616946153846155,65.0,0.1898927040161698,2.294783701454036
1.162075,65.0,0.18989200214835442,2.295205499799918
1.1624553846153847,65.0,0.18989131301740966,2.2954773178078023
1.1628357692307691,65.0,0.1898907157399213,2.29577257496857
1.1632161538461538,65.0,0.18989022252994603,2.2960104096979466
1.1635965384615385,65.0,0.18988974844110718,2.296161335994766
1.163976923076923,65.0,0.1898893356567685,2.296295116159704
1.1643573076923077,65.0,0.18988903132880827,2.2963826131177285
1.1647376923076924,65.0,0.18988877978229618,2.2963801200885
1.165118076923077,65.0,0.1898885583014892,2.296373361936806
1.1654984615384616,65.0,0.18988843213211787,2.2962944725683454
1.165878846153846,65.0,0.1898884168035384,2.2961705226064804
1.1662592307692308,65.0,0.18988840553450656,2.296013805631682
1.1666396153846155,65.0,0.18988842367650216,2.295791523161884
1.16702,65.0,0.18988859341379846,2.2955795877832976
1.1674003846153846,65.0,0.18988880729431035,2.295248811448907
1.1677807692307693,65.0,0.18988902823771775,2.294979958622576
1.1681611538461538,65.0,0.1898893621660268,2.294626766354355
1.1685415384615385,65.0,0.1898897456909125,2.2942263065785826
1.168921923076923,65.0,0.18989016670637668,2.2938935876102047
1.1693023076923077,65.0,0.18989068252832064,2.2934352464731527
1.1696826923076924,65.0,0.18989123359816285,2.2930189054479544
1.1700630769230769,65.0,0.1898918222884442,2.292623351148512
1.1704434615384616,65.0,0.18989250859231233,2.2921306243275104
1.170823846153846,65.0,0.18989324811966396,2.2916985328108264
1.1712042307692307,65.0,0.1898940082718372,2.291280165380005
1.1715846153846154,65.0,0.1898948259405331,2.2907792707736276
1.171965,65.0,0.18989571338717448,2.290374458153921
1.1723453846153846,65.0,0.18989662401475535,2.289917358668178
1.1727257692307693,65.0,0.18989754607072798,2.2894624409095625
1.1731061538461538,65.0,0.1898985596320746,2.2890776453283035
1.1734865384615385,65.0,0.18989962068146476,2.2886187769036996
1.173866923076923,65.0,0.1899006328896364,2.2882203165056216
1.1742473076923077,65.0,0.18990170588737237,2.2878336339090644
1.1746276923076924,65.0,0.18990287634455486,2.2874179500097083
1.1750080769230768,65.0,0.18990401764030373,2.2870423583839616
1.1753884615384615,65.0,0.18990516242596464,2.286686320362797
1.1757688461538462,65.0,0.1899063739934182,2.2862992366524284
1.1761492307692307,65.0,0.18990759465328524,2.2859329545103932
1.1765296153846154,65.0,0.18990881140899873,2.285604431748674
1.17691,65.0,0.18991005465186644,2.2852254465058253
1.1772903846153846,65.0,0.189911306274283,2.2848836255113882
1.1776707692307693,65.0,0.18991254539329477,2.284533863093948
1.1780511538461538,65.0,0.18991381190498383,2.2841840506352873
1.1784315384615385,65.0,0.189915087786948,2.2838038496149413
1.1788119230769232,65.0,0.18991631245330354,2.2834839418741586
1.1791923076923077,65.0,0.18991754800226704,2.283088555013943
1.1795726923076923,65.0,0.18991880239243059,2.282699285643782
1.1799530769230768,65.0,0.18991998331661206,2.2823550644935167
1.1803334615384615,65.0,0.1899211623550363,2.281922345452365
1.1807138461538462,65.0,0.18992238154822005,2.2815475617270167
1.1810942307692307,65.0,0.18992352075101465,2.28110986968476
1.1814746153846154,65.0,0.189924606569062,2.2807076887501974
1.181855,65.0,0.1899257222428641,2.28025458511033
1.1822353846153846,65.0,0.18992682382991666,2.279827741770229
1.1826157692307693,65.0,0.1899278547390264,2.2793739133295183
1.1829961538461538,65.0,0.18992883307664085,2.278908575244923
1.1833765384615385,65.0,0.1899298261392121,2.2784791150356067
1.1837569230769232,65.0,0.18993077701962438,2.277966363507921
1.1841373076923076,65.0,0.1899316305723318,2.277559173098465
1.1845176923076923,65.0,0.18993248514215003,2.2770696158549586
1.184898076923077,65.0,0.1899332967366341,2.276611506093134
1.1852784615384615,65.0,0.18993401598676551,2.276181300122275
1.1856588461538462,65.0,0.18993474201657423,2.2757507765204017
1.1860392307692307,65.0,0.18993540293929584,2.275313134914334
1.1864196153846154,65.0,0.18993596508253935,2.2749308283629976
1.1868,65.0,0.18993652698332764,2.2745588023538277
1.1871803846153846,65.0,0.1899370201118102,2.2741661733023975
1.1875607692307693,65.0,0.18993742106389572,2.273893726268942
1.187941153846154,65.0,0.18993781522898578,2.273570544940176
1.1883215384615384,65.0,0.18993816171215042,2.273301374364083
1.1887019230769231,65.0,0.1899384029407138,2.27310999417688
1.1890823076923076,65.0,0.18993858294971505,2.272902838873717
1.1894626923076923,65.0,0.18993876030211207,2.2727537659890613
1.189843076923077,65.0,0.18993888072952636,2.272688633466076
1.1902234615384615,65.0,0.1899388706814051,2.272591380772863
1.1906038461538462,65.0,0.18993883303318498,2.2725955146851646
1.1909842307692309,65.0,0.18993878689223298,2.2726533695399764
1.1913646153846154,65.0,0.18993861868247403,2.272679099395241
1.191745,65.0,0.18993838798769944,2.272854330282486
1.1921253846153845,65.0,0.18993813850137456,2.272993973189157
1.1925057692307692,65.0,0.1899378083207546,2.273196007378995
1.192886153846154,65.0,0.18993742208435827,2.27347674959417
1.1932665384615384,65.0,0.18993700229294952,2.2737407590303
1.193646923076923,65.0,0.18993652340889094,2.274081510247022
1.1940273076923078,65.0,0.18993597910416304,2.2744402130338925
1.1944076923076923,65.0,0.18993539604643153,2.2748345497276006
1.194788076923077,65.0,0.18993478205895717,2.2752539526550044
1.1951684615384615,65.0,0.18993409670221553,2.275710360024824
1.1955488461538462,65.0,0.189933395050001,2.2761643950139603
1.1959292307692309,65.0,0.1899326785315535,2.2766746241241256
1.1963096153846153,65.0,0.18993184909594185,2.2771501660113853
1.19669,65.0,0.18993101419270195,2.2776869948109977
1.1970703846153845,65.0,0.18993021881998032,2.278200512328478
1.1974507692307692,65.0,0.1899293159011598,2.2786996964323816
1.197831153846154,65.0,0.18992836001345928,2.2792849927168084
1.1982115384615384,65.0,0.1899274500104674,2.2797319356577193
1.198591923076923,65.0,0.1899264992521336,2.280308032857324
1.1989723076923078,65.0,0.18992548970210726,2.2808015325198365
1.1993526923076923,65.0,0.18992447791431188,2.281260707903432
1.199733076923077,65.0,0.18992347044949523,2.281816747944888
1.2001134615384614,65.0,0.1899224465901999,2.282233289032737
1.2004938461538461,65.0,0.18992139369962002,2.28269595146692
1.2008742307692308,65.0,0.18992036293889866,2.283170507722774
1.2012546153846153,65.0,0.18991932882190993,2.283556537771767
1.201635,65.0,0.18991824899379822,2.2839633056916515
1.2020153846153847,65.0,0.1899172032954751,2.2843868752435856
1.2023957692307692,65.0,0.18991616521789778,2.2846939555657313
1.2027761538461539,65.0,0.18991509601166387,2.2850963833581663
1.2031565384615384,65.0,0.1899140754023571,2.285418745222538
1.203536923076923,65.0,0.1899130459367454,2.285711015496403
1.2039173076923078,65.0,0.18991197436900012,2.2860575024751317
1.2042976923076922,65.0,0.18991097955480526,2.2863210784103347
1.204678076923077,65.0,0.18991001382321254,2.2866046421711776
1.2050584615384616,65.0,0.18990899146534737,2.286891072436601
1.205438846153846,65.0,0.18990800333873653,2.2871463834096075
1.2058192307692308,65.0,0.18990709330565006,2.2873960280756065
1.2061996153846153,65.0,0.18990617759548536,2.2876632070674963
1.20658,65.0,0.18990524386828073,2.287904904279899
1.2069603846153847,65.0,0.18990437857331405,2.288157757278121
1.2073407692307692,65.0,0.18990356862837576,2.2884030492071448
1.2077211538461539,65.0,0.18990274383786554,2.2886535514816235
1.2081015384615386,65.0,0.18990196661390407,2.288905584406942
1.208481923076923,65.0,0.18990126113736736,2.289161400518309
1.2088623076923077,65.0,0.18990054496845665,2.289420803455329
1.2092426923076922,65.0,0.1898998650056106,2.2896642244249032
1.209623076923077,65.0,0.1898992529428482,2.289942845850165
1.2100034615384616,65.0,0.1898986625665662,2.29019766751702
1.210383846153846,65.0,0.18989812182036217,2.2904599453619348
1.2107642307692308,65.0,0.18989762631641782,2.2907328849071686
1.2111446153846155,65.0,0.1898971581012773,2.290987238808362
1.211525,65.0,0.18989673659389147,2.2912417534402136
1.2119053846153847,65.0,0.18989638713500478,2.291517483056914
1.2122857692307691,65.0,0.18989609349419864,2.291745382420422
1.2126661538461538,65.0,0.1898957926326358,2.2919807649597748
1.2130465384615385,65.0,0.18989555893548257,2.2922407168068957
1.213426923076923,65.0,0.18989544684722856,2.292410110879455
1.2138073076923077,65.0,0.18989531185541067,2.2926279595658254
1.2141876923076924,65.0,0.1898951950839991,2.2928233358730887
1.214568076923077,65.0,0.18989521786844404,2.292940669670671
1.2149484615384616,65.0,0.18989525217756606,2.2930908231754383
1.215328846153846,65.0,0.18989529480999393,2.2932035214396493
1.2157092307692308,65.0,0.18989544185668267,2.293267098841029
1.2160896153846155,65.0,0.18989561925658718,2.2933094648183885
1.21647,65.0,0.18989581219235122,2.2933326635715563
1.2168503846153846,65.0,0.18989606186155983,2.2932935302560526
1.2172307692307693,65.0,0.18989636580101618,2.2932419441513012
1.2176111538461538,65.0,0.1898967218827701,2.2931555857046484
1.2179915384615385,65.0,0.18989710069409776,2.292999143150225
1.218371923076923,65.0,0.1898975261109347,2.2928540721478807
1.2187523076923077,65.0,0.18989800077581326,2.2926337584082446
1.2191326923076924,65.0,0.18989849781427012,2.292380989268884
1.2195130769230769,65.0,0.18989907238562212,2.2921284637416486
1.2198934615384616,65.0,0.18989966428852587,2.291791107481309
1.2202738461538463,65.0,0.189900242338047,2.291434926631748
1.2206542307692307,65.0,0.18990092270794748,2.2910989974446156
1.2210346153846154,65.0,0.18990164111942848,2.2906432068915685
1.221415,65.0,0.18990231612074787,2.290228512724602
1.2217953846153846,65.0,0.18990304483936077,2.2897895069537464
1.2221757692307693,65.0,0.18990384504642396,2.2892715354313715
1.2225561538461538,65.0,0.18990463370714133,2.2887961783516007
1.2229365384615385,65.0,0.1899054185542121,2.2883023451810187
1.2233169230769232,65.0,0.18990626858875723,2.287744025142128
1.2236973076923077,65.0,0.1899071376440652,2.287238162707401
1.2240776923076924,65.0,0.18990796212919725,2.286705018839912
1.2244580769230768,65.0,0.18990883431396036,2.2861514615064458
1.2248384615384615,65.0,0.1899097596637275,2.2856484901803658
1.2252188461538462,65.0,0.18991064434520077,2.28508842360479
1.2255992307692307,65.0,0.1899115457550186,2.284607016331518
1.2259796153846154,65.0,0.1899124735566371,2.2840713278708065
1.22636,65.0,0.18991337493377375,2.2835952542566154
1.2267403846153846,65.0,0.18991430456500208,2.2831296754573964
1.2271207692307693,65.0,0.18991523559941692,2.2826342261586374
1.2275011538461538,65.0,0.18991612048584147,2.282254305637105
1.2278815384615385,65.0,0.18991701789674634,2.281785190911835
1.2282619230769232,65.0,0.1899179326154838,2.2814235390035096
1.2286423076923076,65.0,0.18991882012497852,2.2810551865029707
1.2290226923076923,65.0,0.18991965810173886,2.280679760003682
1.2294030769230768,65.0,0.18992050061959884,2.280388854455229
1.2297834615384615,65.0,0.18992137601405185,2.280083822240354
1.2301638461538462,65.0,0.18992217981158097,2.2797794208411917
1.2305442307692307,65.0,0.18992294832072254,2.2795678177243195
1.2309246153846154,65.0,0.18992377099278374,2.2793144990284753
1.231305,65.0,0.18992452457137998,2.2790798482263535
1.2316853846153846,65.0,0.18992520786017655,2.278939350754276
1.2320657692307693,65.0,0.18992594367294102,2.278706231517265
1.2324461538461537,65.0,0.1899266489076608,2.2785675358647506
1.2328265384615384,65.0,0.18992727676962887,2.27843752208138
1.2332069230769231,65.0,0.1899279031882389,2.2782620875603836
1.2335873076923076,65.0,0.18992850596900837,2.2781596695719397
1.2339676923076923,65.0,0.18992906399440024,2.278045894271461
1.234348076923077,65.0,0.18992959985573282,2.2779083122442914
1.2347284615384615,65.0,0.18993009427291446,2.2778192533283583
1.2351088461538462,65.0,0.1899305389240626,2.277722054314774
1.2354892307692307,65.0,0.18993096154054936,2.2775961662223323
1.2358696153846154,65.0,0.1899313724781262,2.2775175111316655
1.23625,65.0,0.18993171807899736,2.277410784098122
1.2366303846153845,65.0,0.1899319972461671,2.2773159389828024
1.2370107692307692,65.0,0.18993229754877441,2.2772115522178
1.237391153846154,65.0,0.1899325628488952,2.2771189640042704
1.2377715384615384,65.0,0.1899327320176979,2.2770264943636653
1.2381519230769231,65.0,0.18993290254813588,2.276914562707571
1.2385323076923076,65.0,0.1899330593645019,2.2768554932346374
1.2389126923076923,65.0,0.18993312002685367,2.2767192160263368
1.239293076923077,65.0,0.18993313881243912,2.2766681660268038
1.2396734615384615,65.0,0.18993317139024127,2.276580240787466
1.2400538461538462,65.0,0.18993315136557945,2.2764918864913866
1.2404342307692309,65.0,0.18993303826624727,2.276452087441555
1.2408146153846153,65.0,0.18993291248950497,2.276387471386242
1.241195,65.0,0.18993277869950467,2.276340397640789
1.2415753846153845,65.0,0.18993255955139796,2.2763301940758236
1.2419557692307692,65.0,0.18993230575202658,2.276330884080411
1.242336153846154,65.0,0.18993203780388723,2.2762985282507557
1.2427165384615384,65.0,0.18993169073131372,2.276399526822602
1.243096923076923,65.0,0.18993133768619652,2.276399167349986
1.2434773076923078,65.0,0.18993097155184951,2.276492364948289
1.2438576923076923,65.0,0.18993050321789245,2.2766371428783527
1.244238076923077,65.0,0.18993002945114631,2.2767119175090262
1.2446184615384615,65.0,0.18992956694687305,2.2769168573216927
1.2449988461538462,65.0,0.18992902658183772,2.2770892105199074
1.2453792307692308,65.0,0.1899284510400692,2.2773204929939412
1.2457596153846153,65.0,0.18992787472185718,2.2775582196876587
1.24614,65.0,0.18992726652304545,2.277851501224567
1.2465203846153847,65.0,0.18992659567959394,2.2781378975113817
1.2469007692307692,65.0,0.18992590272425094,2.278492212650102
1.247281153846154,65.0,0.18992525008964853,2.2788478199792754
1.2476615384615384,65.0,0.18992453320102945,2.2792261431675174
1.248041923076923,65.0,0.18992374808041246,2.279646392727251
1.2484223076923078,65.0,0.18992302183374732,2.2800755002449016
1.2488026923076923,65.0,0.1899222737498134,2.2805257885658534
1.249183076923077,65.0,0.18992146199232757,2.280979387667304
1.2495634615384617,65.0,0.1899206754318007,2.281499249109071
1.2499438461538461,65.0,0.1899198802408226,2.2819383132651785
1.2503242307692308,65.0,0.1899190594689132,2.28247126644347
1.2507046153846153,65.0,0.1899182620085554,2.2829882470961267
1.251085,65.0,0.18991745091233256,2.2834490294971332
1.2514653846153847,65.0,0.189916610260511,2.284001135960984
1.2518457692307692,65.0,0.1899157917769296,2.2844793937138412
1.2522261538461539,65.0,0.18991500025485394,2.2849620215466255
1.2526065384615384,65.0,0.18991417847529976,2.2854734688503235
1.252986923076923,65.0,0.18991334479980407,2.2859254738012793
1.2533673076923078,65.0,0.18991257069159587,2.286368423970093
1.2537476923076922,65.0,0.18991177514337176,2.2868290486240177
1.254128076923077,65.0,0.18991094270948886,2.28721957237373
1.2545084615384616,65.0,0.1899101936612202,2.2876222480539217
1.254888846153846,65.0,0.18990946486170499,2.2879966168659216
1.2552692307692308,65.0,0.1899086893279983,2.288319904879283
1.2556496153846153,65.0,0.18990795272134095,2.2886572084769616
1.25603,65.0,0.18990727451119446,2.2889387905780847
1.2564103846153847,65.0,0.1899066017079481,2.2892047007634133
1.2567907692307692,65.0,0.18990591723501535,2.289424407390338
1.2571711538461539,65.0,0.18990527556172032,2.2896679251860226
1.2575515384615386,65.0,0.1899046869403487,2.289814718776304
1.257931923076923,65.0,0.1899040907562512,2.2899779230066284
1.2583123076923077,65.0,0.18990353041676555,2.2901467183852207
1.2586926923076922,65.0,0.1899030167057331,2.290195377738483
1.259073076923077,65.0,0.1899024892020325,2.2903235030818463
1.2594534615384616,65.0,0.1899020221805754,2.2903868847958226
1.259833846153846,65.0,0.18990161541615105,2.290412896336192
1.2602142307692308,65.0,0.1899011799248492,2.2904572834332386
1.2605946153846155,65.0,0.18990080272239054,2.290485262674049
1.260975,65.0,0.189900498938269,2.290457467386234
1.2613553846153847,65.0,0.1899001665768869,2.2904704340675512
1.2617357692307691,65.0,0.18989988119315426,2.2904568414997817
1.2621161538461538,65.0,0.1898996918231184,2.290397177952948
1.2624965384615385,65.0,0.18989950725684995,2.290413978271204
1.262876923076923,65.0,0.18989932277643726,2.290332811176749
1.2632573076923077,65.0,0.18989920953146092,2.2903198448777657
1.2636376923076924,65.0,0.18989916818143282,2.290269926830499
1.2640180769230769,65.0,0.18989912038166273,2.2902173686340426
1.2643984615384616,65.0,0.18989908401971567,2.29018238354576
1.264778846153846,65.0,0.18989913688219637,2.2901306707064655
1.2651592307692308,65.0,0.1898992209010633,2.2900851379205722
1.2655396153846155,65.0,0.18989930652983195,2.2900316849771745
1.26592,65.0,0.18989945627384422,2.289990741179954
1.2663003846153846,65.0,0.18989963722884634,2.289938992505432
1.2666807692307693,65.0,0.18989983206233543,2.289874380294698
1.2670611538461538,65.0,0.18990009343225422,2.289832549616532
1.2674415384615385,65.0,0.18990038955206678,2.2897683931870723
1.267821923076923,65.0,0.18990069073011676,2.2896844496238713
1.2682023076923077,65.0,0.18990104757801662,2.2896455848385475
1.2685826923076924,65.0,0.1899014490847765,2.2895334920815196
1.2689630769230769,65.0,0.18990184612423477,2.289437277615579
1.2693434615384616,65.0,0.18990228786540048,2.28936916182163
1.2697238461538463,65.0,0.18990280842783508,2.289215062930951
1.2701042307692307,65.0,0.18990331519639708,2.289085133073618
1.2704846153846154,65.0,0.18990380983046204,2.2889757246045317
1.270865,65.0,0.18990440680138784,2.288758502900683
1.2712453846153846,65.0,0.1899050272303034,2.288592294938397
1.2716257692307693,65.0,0.18990559526058348,2.288423468440188
1.2720061538461538,65.0,0.18990622606970473,2.2881268019984478
1.2723865384615385,65.0,0.18990691157782888,2.2879453356108437
1.2727669230769232,65.0,0.18990757989702212,2.2876562512628795
1.2731473076923077,65.0,0.1899082688913673,2.287339065150599
1.2735276923076924,65.0,0.1899089855343823,2.2870913550858285
1.2739080769230768,65.0,0.18990971490576392,2.286705317237267
1.2742884615384615,65.0,0.18991045466391376,2.286376706246021
1.2746688461538462,65.0,0.18991121046492446,2.286025336975593
1.2750492307692307,65.0,0.1899119913983306,2.2856060201616506
1.2754296153846154,65.0,0.1899127544926632,2.28524013176406
1.27581,65.0,0.18991352713093526,2.2848084025217466
1.2761903846153846,65.0,0.1899143279597278,2.28437053325202
1.2765707692307693,65.0,0.18991508654878217,2.2839624804892145
1.2769511538461538,65.0,0.1899158687985632,2.2834997556933287
1.2773315384615385,65.0,0.1899166885262776,2.2830555306264473
1.2777119230769232,65.0,0.1899174274843404,2.2826106672077557
1.2780923076923076,65.0,0.18991816902417927,2.2821581447113326
1.2784726923076923,65.0,0.18991897574856678,2.281721549315402
1.278853076923077,65.0,0.1899197140299511,2.28126458087767
1.2792334615384615,65.0,0.18992040323184198,2.280859339841675
1.2796138461538462,65.0,0.1899211330645474,2.2804340825412646
1.2799942307692307,65.0,0.18992185882430407,2.2800067293148056
1.2803746153846154,65.0,0.18992253082267357,2.2796690769657726
1.280755,65.0,0.18992317856643215,2.2792722597956905
1.2811353846153846,65.0,0.18992384192329323,2.2789219355381496
1.2815157692307693,65.0,0.18992446295192167,2.278634183872785
1.2818961538461537,65.0,0.18992504181354083,2.278307463298597
1.2822765384615384,65.0,0.18992563548268135,2.278045196897688
1.2826569230769231,65.0,0.18992618232484637,2.2778350901483915
1.2830373076923076,65.0,0.18992668070693727,2.2775695398847753
1.2834176923076923,65.0,0.18992717753365249,2.2774274010967006
1.283798076923077,65.0,0.18992762760577847,2.2772610900017054
1.2841784615384615,65.0,0.18992803940864272,2.277120696561821
1.2845588461538462,65.0,0.18992844805055875,2.277048641036799
1.2849392307692307,65.0,0.1899288124596022,2.276960867272872
1.2853196153846154,65.0,0.18992911514381755,2.2769223090139885
1.2857,65.0,0.1899294042999178,2.276914739914988
1.2860803846153845,65.0,0.18992969842785767,2.276928093997523
1.2864607692307692,65.0,0.1899299122386254,2.2769287771292634
1.286841153846154,65.0,0.18993005480886882,2.2770323549822837
1.2872215384615384,65.0,0.18993024303743472,2.27707087399956
1.2876019230769231,65.0,0.18993039285262694,2.2771617451692956
1.2879823076923076,65.0,0.1899304317706019,2.277308018619939
1.2883626923076923,65.0,0.1899304864625517,2.277386060848315
1.288743076923077,65.0,0.1899305269552421,2.2775421442692036
1.2891234615384615,65.0,0.18993047272359995,2.2776883284007843
1.2895038461538462,65.0,0.18993041252429374,2.277835647253056
1.2898842307692309,65.0,0.18993033347558766,2.2779846321410324
1.2902646153846153,65.0,0.18993018648978188,2.278176929621087
1.290645,65.0,0.18993001002181034,2.2783036277764617
1.2910253846153845,65.0,0.1899298021429232,2.2785030223044234
1.2914057692307692,65.0,0.1899295601196561,2.2786657272209134
1.291786153846154,65.0,0.1899292850861158,2.278810567972414
1.2921665384615384,65.0,0.18992898343972447,2.2790165987475075
1.292546923076923,65.0,0.18992864657473174,2.279149992686232
1.2929273076923078,65.0,0.18992825685755868,2.2793306327012144
1.2933076923076923,65.0,0.18992786749908833,2.2794890499659877
1.293688076923077,65.0,0.18992746666927626,2.2796514551300997
1.2940684615384614,65.0,0.18992697290126076,2.2798021882286044
1.2944488461538461,65.0,0.1899264644131029,2.279968942280164
1.2948292307692308,65.0,0.18992600095214804,2.2801265564218385
1.2952096153846153,65.0,0.1899254608359151,2.2802756730033646
1.29559,65.0,0.18992485886976418,2.2804445139783556
1.2959703846153847,65.0,0.18992429495495894,2.280605498023647
1.2963507692307692,65.0,0.18992370353185495,2.2807718145608047
1.296731153846154,65.0,0.18992304815020683,2.280929990084161
1.2971115384615384,65.0,0.1899224040414797,2.281136359319829
1.297491923076923,65.0,0.1899217668577953,2.2812914992778195
1.2978723076923078,65.0,0.1899210767556735,2.28149643340567
1.2982526923076922,65.0,0.18992036898423134,2.2817174187123603
1.298633076923077,65.0,0.18991968584030477,2.2818914193164592
1.2990134615384616,65.0,0.1899189775432292,2.282155042225909
1.2993938461538461,65.0,0.1899182522614411,2.282380406469858
1.2997742307692308,65.0,0.1899175477966873,2.2826122057842335
1.3001546153846153,65.0,0.18991681196050533,2.2829082754986625
1.300535,65.0,0.18991607212964565,2.283170435499083
1.3009153846153847,65.0,0.18991537311063772,2.283430380214228
1.3012957692307692,65.0,0.18991463913691006,2.283801020926743
1.3016761538461539,65.0,0.18991387645246727,2.2840409868048104
1.3020565384615386,65.0,0.18991316556919063,2.284397043117705
1.302436923076923,65.0,0.18991247621962892,2.284765312355807
1.3028173076923077,65.0,0.18991175022602946,2.285021797115323
1.3031976923076922,65.0,0.18991102393579581,2.285466479602147
1.303578076923077,65.0,0.1899103548479541,2.2857672627500873
1.3039584615384616,65.0,0.18990969291547943,2.2861200274031432
1.304338846153846,65.0,0.18990899386658142,2.2865190441201206
1.3047192307692308,65.0,0.1899083587967019,2.2868448747509698
1.3050996153846155,65.0,0.18990776818359387,2.2872100130067983
1.30548,65.0,0.18990712327360382,2.2875706515461176
1.3058603846153847,65.0,0.18990653088447731,2.2878993250455144
1.3062407692307691,65.0,0.1899060031423688,2.288229611702993
1.3066211538461538,65.0,0.18990544756775385,2.288576620063483
1.3070015384615385,65.0,0.18990493508023668,2.288838099393719
1.307381923076923,65.0,0.18990446402714234,2.289171560922019
1.3077623076923077,65.0,0.1899039884855764,2.2894008959741425
1.3081426923076922,65.0,0.18990356887280535,2.2896751661448964
1.308523076923077,65.0,0.18990318464966535,2.289892769465435
1.3089034615384616,65.0,0.18990279654175565,2.290072216113921
1.309283846153846,65.0,0.18990244292290268,2.2902894338982507
1.3096642307692308,65.0,0.18990215825924178,2.2903842548346565
1.3100446153846155,65.0,0.18990191121216576,2.2905402486479365
1.310425,65.0,0.189901647659652,2.290628081293895
1.3108053846153847,65.0,0.18990143674872226,2.290668674251836
1.3111857692307691,65.0,0.18990131137546754,2.290727484115865
1.3115661538461538,65.0,0.18990117056602465,2.29071910734071
1.3119465384615385,65.0,0.18990105262195675,2.290691359749435
1.312326923076923,65.0,0.18990103135585013,2.290672296080808
1.3127073076923077,65.0,0.1899010181867379,2.290557911451227
1.3130876923076924,65.0,0.1899010003889275,2.290472656376313
1.3134680769230769,65.0,0.1899010569112556,2.290374674666423
1.3138484615384616,65.0,0.1899011648726544,2.2901793082503987
1.314228846153846,65.0,0.1899012722690644,2.2900530151568455
1.3146092307692308,65.0,0.18990140842627387,2.2898642953313524
1.3149896153846155,65.0,0.1899016069405627,2.289639097366772
1.31537,65.0,0.18990182136486533,2.289450441702492
1.3157503846153846,65.0,0.18990205807240193,2.289229142661449
1.3161307692307693,65.0,0.18990235134947236,2.288959769278879
1.3165111538461538,65.0,0.18990263827905374,2.288744640799216
1.3168915384615385,65.0,0.18990295516967493,2.2884995633376115
1.317271923076923,65.0,0.18990336264624827,2.2882081425116336
1.3176523076923077,65.0,0.18990375028285056,2.288002198594571
1.3180326923076924,65.0,0.1899041308790166,2.2877162409075393
1.3184130769230769,65.0,0.189904599268592,2.287463688602776
1.3187934615384616,65.0,0.18990507958961517,2.287226338192122
1.3191738461538463,65.0,0.18990554276621205,2.286963629870959
1.3195542307692307,65.0,0.18990605061391705,2.2867326534993753
1.3199346153846154,65.0,0.18990660271526957,2.2864869101164307
1.320315,65.0,0.1899071449366914,2.2862591664662193
1.3206953846153846,65.0,0.18990767741721132,2.286027186907219
1.3210757692307693,65.0,0.1899082691036477,2.285829336189045
1.3214561538461538,65.0,0.1899088900492511,2.285586983630531
1.3218365384615385,65.0,0.1899094674712361,2.2853999023419336
1.3222169230769232,65.0,0.189910073836762,2.285209426886471
1.3225973076923077,65.0,0.18991073389387936,2.2849846473887343
1.3229776923076924,65.0,0.18991135927005742,2.284823223332085
1.3233580769230768,65.0,0.18991199772895806,2.2846275302475254
1.3237384615384615,65.0,0.18991266519348582,2.284437783101095
1.3241188461538462,65.0,0.18991329832607715,2.2842557432102004
1.3244992307692307,65.0,0.18991396328801505,2.2840947868246433
1.3248796153846154,65.0,0.1899146588887055,2.2838835916062483
1.32526,65.0,0.18991530052752212,2.2837212350145712
1.3256403846153846,65.0,0.18991594072816134,2.283536008808236
1.3260207692307693,65.0,0.18991662460841302,2.283336079285759
1.3264011538461538,65.0,0.18991727784056822,2.2831492317639177
1.3267815384615385,65.0,0.18991789161660896,2.2829579942451983
1.3271619230769232,65.0,0.18991853554571844,2.2827475150743135
1.3275423076923076,65.0,0.18991918447069364,2.282533015363254
1.3279226923076923,65.0,0.1899197691687043,2.2823402678631215
1.328303076923077,65.0,0.18992034806504643,2.282093359571627
1.3286834615384615,65.0,0.18992096812974085,2.281877008558014
1.3290638461538462,65.0,0.18992153955454455,2.2816589510985295
1.3294442307692307,65.0,0.18992205752364535,2.2813900916083156
1.3298246153846154,65.0,0.18992260348657636,2.2811737703153896
1.330205,65.0,0.1899231386629912,2.2809351909948687
1.3305853846153846,65.0,0.18992361721353143,2.280642554136373
1.3309657692307693,65.0,0.18992408249174939,2.280454788587539
1.331346153846154,65.0,0.18992453209307736,2.280170381523743
1.3317265384615384,65.0,0.18992494833695045,2.2799100016512637
1.3321069230769231,65.0,0.1899253493753425,2.2797264838512157
1.3324873076923076,65.0,0.18992573255228698,2.279423369657729
1.3328676923076923,65.0,0.18992606176554655,2.2792311483879746
1.333248076923077,65.0,0.18992635471094774,2.2790226848116313
1.3336284615384615,65.0,0.1899266672237485,2.278771050899302
1.3340088461538462,65.0,0.18992691878026452,2.2786111364385633
1.3343892307692309,65.0,0.18992710456264555,2.2784310522720226
1.3347696153846154,65.0,0.18992733176078389,2.2782357678550222
1.33515,65.0,0.18992750775836068,2.278132033017724
1.3355303846153845,65.0,0.18992759285560912,2.2779810048693716
1.3359107692307692,65.0,0.18992771174725687,2.277876341621466
1.336291153846154,65.0,0.18992781593176258,2.2778211898536016
1.3366715384615384,65.0,0.18992783002360727,2.2777324128321292
1.337051923076923,65.0,0.1899278261207193,2.277726482849586
1.3374323076923076,65.0,0.18992782309296768,2.2777016973744764
1.3378126923076923,65.0,0.1899277828308695,2.277730474805375
1.338193076923077,65.0,0.18992768239030114,2.277776175674713
1.3385734615384615,65.0,0.1899275530464349,2.2778250732582612
1.3389538461538462,65.0,0.189927423051837,2.277955608836978
1.3393342307692309,65.0,0.18992724110236583,2.2780367060035367
1.3397146153846153,65.0,0.1899270323238811,2.2781921863672023
1.340095,65.0,0.18992681716289353,2.278381914682559
1.3404753846153845,65.0,0.1899265326105407,2.2785215250166835
1.3408557692307692,65.0,0.18992623824014535,2.2787603454719454
1.341236153846154,65.0,0.18992595385405503,2.2789826721819963
1.3416165384615384,65.0,0.18992559114458055,2.2791906455735504
1.341996923076923,65.0,0.18992521625134007,2.2794910852512995
1.3423773076923078,65.0,0.189924865088854,2.279730530401993
1.3427576923076923,65.0,0.1899244472112814,2.2799887501532208
1.343138076923077,65.0,0.18992399130515863,2.280327119854647
1.3435184615384614,65.0,0.18992356975766597,2.2805693852972913
1.3438988461538461,65.0,0.18992312781521617,2.2808775956998155
1.3442792307692308,65.0,0.18992261045347789,2.2811958909938177
1.3446596153846153,65.0,0.1899221023396464,2.281462810957995
1.34504,65.0,0.18992163022049816,2.2817663234052175
1.3454203846153847,65.0,0.18992109600933277,2.2820833421069526
1.3458007692307692,65.0,0.18992052669114404,2.282326311133849
1.3461811538461539,65.0,0.18991999358639433,2.282634642978749
1.3465615384615384,65.0,0.18991944195183544,2.282911669010985
1.346941923076923,65.0,0.18991886772996183,2.2831347646796445
1.3473223076923078,65.0,0.18991831065252188,2.283445354286869
1.3477026923076922,65.0,0.18991773632544123,2.2836408661740975
1.348083076923077,65.0,0.18991714912551746,2.283895116665259
1.3484634615384616,65.0,0.1899165802351152,2.284112255428825
1.3488438461538461,65.0,0.18991600991980592,2.284319920081873
1.3492242307692308,65.0,0.1899154244722454,2.2845248970178895
1.3496046153846153,65.0,0.18991484887006355,2.284700549172636
1.349985,65.0,0.18991429832550377,2.284903002172649
1.3503653846153847,65.0,0.18991372503127066,2.2850349905057734
1.3507457692307692,65.0,0.1899131406548243,2.2852360734221233
1.3511261538461539,65.0,0.1899126222890107,2.285362876121694
1.3515065384615386,65.0,0.18991208880547203,2.285508606604153
1.351886923076923,65.0,0.189911501754559,2.2856555600064414
1.3522673076923077,65.0,0.18991099639581005,2.2857996405723098
1.3526476923076922,65.0,0.18991052259136948,2.2859018143572056
1.353028076923077,65.0,0.1899099835142426,2.2860526174608475
1.3534084615384616,65.0,0.1899094822190701,2.286187757157361
1.353788846153846,65.0,0.18990903736564804,2.2862680580506383
1.3541692307692308,65.0,0.18990857679533746,2.286447822135172
1.3545496153846155,65.0,0.18990813324845798,2.286540775971186
1.35493,65.0,0.18990772390090782,2.2866705983661553
1.3553103846153847,65.0,0.18990732022465365,2.286816005720598
1.3556907692307691,65.0,0.1899069338410549,2.286927853813254
1.3560711538461538,65.0,0.18990657597206945,2.287069091134894
1.3564515384615385,65.0,0.18990624113266277,2.2872094978706006
1.356831923076923,65.0,0.1899059147772471,2.2873346078751675
1.3572123076923077,65.0,0.1899056176230376,2.287474642433636
1.3575926923076924,65.0,0.1899053604211742,2.287630137304188
1.357973076923077,65.0,0.18990509300999336,2.287740036722041
1.3583534615384616,65.0,0.1899048602725668,2.2879006546281047
1.358733846153846,65.0,0.18990469730418452,2.288035563100345
1.3591142307692308,65.0,0.18990450481196172,2.2881506079419576
1.3594946153846155,65.0,0.1899043254584539,2.288293308763727
1.359875,65.0,0.18990424461190297,2.288431255571756
1.3602553846153846,65.0,0.18990416628045012,2.2885090892055895
1.3606357692307693,65.0,0.18990406170290666,2.2886420107731014
1.3610161538461538,65.0,0.18990402087791053,2.288760979308938
1.3613965384615385,65.0,0.18990404298879326,2.2887794852884427
1.361776923076923,65.0,0.1899040531881966,2.2889277221227853
1.3621573076923077,65.0,0.18990407950047553,2.2889452795913243
1.3625376923076924,65.0,0.18990417283420016,2.2889805821673135
1.3629180769230769,65.0,0.18990426942973637,2.289045658477578
1.3632984615384616,65.0,0.18990437086293846,2.2890091003430255
1.363678846153846,65.0,0.18990453707128654,2.289024735358345
1.3640592307692307,65.0,0.18990471152939561,2.2889837067406766
1.3644396153846154,65.0,0.18990489016789566,2.288932798673704
1.36482,65.0,0.18990513054897334,2.288857229298081
1.3652003846153846,65.0,0.1899053720811676,2.2887726483551596
1.3655807692307693,65.0,0.1899056225354742,2.2886389092319623
1.3659611538461538,65.0,0.18990593317384916,2.2885269660031837
1.3663415384615385,65.0,0.18990624918055807,2.288350732583619
1.366721923076923,65.0,0.18990656137834933,2.2881818921421577
1.3671023076923077,65.0,0.18990690796972184,2.287996338445982
1.3674826923076924,65.0,0.1899073054874722,2.287757191199871
1.3678630769230768,65.0,0.18990769989267103,2.2875712379804893
1.3682434615384615,65.0,0.1899080574123975,2.287271758819767
1.3686238461538462,65.0,0.1899084867435397,2.2870667612962228
1.3690042307692307,65.0,0.1899089601046219,2.286764363479277
1.3693846153846154,65.0,0.1899093678102092,2.2864781339101055
1.369765,65.0,0.1899098164585413,2.286232015857779
1.3701453846153846,65.0,0.1899103162878081,2.285890629010075
1.3705257692307693,65.0,0.18991076607995,2.2856073774101997
1.3709061538461538,65.0,0.18991123772607507,2.285327202849351
1.3712865384615385,65.0,0.1899117482932747,2.28498856343913
1.3716669230769232,65.0,0.18991223385807265,2.2847062054971023
1.3720473076923076,65.0,0.18991272694238276,2.2844364670416106
1.3724276923076923,65.0,0.189913241002075,2.2840795960173277
1.3728080769230768,65.0,0.18991374396572502,2.283856923948831
1.3731884615384615,65.0,0.18991424782374858,2.283567199046327
1.3735688461538462,65.0,0.18991476680988126,2.2832592508801013
1.3739492307692307,65.0,0.18991527621587465,2.2830682328221883
1.3743296153846154,65.0,0.18991575921006004,2.282779668269001
1.37471,65.0,0.18991626659792804,2.2825525711647634
1.3750903846153846,65.0,0.18991679582892,2.2823674522400865
1.3754707692307693,65.0,0.18991725724965153,2.2821258366556587
1.3758511538461538,65.0,0.1899177109518483,2.281953038000259
1.3762315384615385,65.0,0.18991822106595158,2.2817931957204642
1.3766119230769231,65.0,0.1899186922079581,2.2815936351049784
1.3769923076923076,65.0,0.18991911537832562,2.2814890203298828
1.3773726923076923,65.0,0.18991956484885353,2.28133470983421
1.377753076923077,65.0,0.18992001626701388,2.2812034597124486
1.3781334615384615,65.0,0.18992041451877636,2.28112181759135
1.3785138461538462,65.0,0.18992080434488798,2.280996561309801
1.3788942307692307,65.0,0.18992121923772465,2.2809283996194525
1.3792746153846154,65.0,0.18992159042337264,2.2808399677185633
1.379655,65.0,0.1899219264691333,2.280769495221152
1.3800353846153846,65.0,0.1899222879732143,2.280713279038378
1.3804157692307693,65.0,0.18992261457168086,2.2806441813343197
1.380796153846154,65.0,0.18992290206916831,2.280607045571871
1.3811765384615384,65.0,0.1899232082738862,2.2805448311890686
1.3815569230769231,65.0,0.18992346716827915,2.2804951553789685
1.3819373076923076,65.0,0.18992368843830576,2.2804721178445013
1.3823176923076923,65.0,0.18992394630094978,2.2804114854832784
1.382698076923077,65.0,0.18992415732487974,2.2803583039640016
1.3830784615384615,65.0,0.18992429909974,2.2803586048908864
1.3834588461538462,65.0,0.18992446735105176,2.2802630983457433
1.3838392307692309,65.0,0.1899246354269101,2.2802475999316023
1.3842196153846154,65.0,0.18992474480968818,2.280220814545677
1.3846,65.0,0.18992482142332587,2.280127241953618
1.3849803846153845,65.0,0.18992490856611144,2.2801385548246187
1.3853607692307692,65.0,0.18992498100603403,2.2800571152846896
1.385741153846154,65.0,0.18992498292836982,2.2800211567161868
1.3861215384615384,65.0,0.18992498561444346,2.2799984965227993
1.386501923076923,65.0,0.18992500736586895,2.2799370567070865
1.3868823076923078,65.0,0.18992494937459445,2.2799040477501644
1.3872626923076923,65.0,0.18992487258587465,2.279889730591042
1.387643076923077,65.0,0.18992482197151814,2.2798484878008254
1.3880234615384615,65.0,0.18992470777750486,2.279824012109986
1.3884038461538462,65.0,0.18992456813533481,2.279833597226411
1.3887842307692309,65.0,0.18992443554107769,2.279812410713496
1.3891646153846153,65.0,0.1899242495958498,2.2798134826262513
1.389545,65.0,0.1899240535348289,2.2798632242444965
1.3899253846153847,65.0,0.18992386697526145,2.279860287198777
1.3903057692307692,65.0,0.18992362442421107,2.2799106801175033
1.390686153846154,65.0,0.18992334513335768,2.279997178481333
1.3910665384615384,65.0,0.1899230904840742,2.2800227535193986
1.391446923076923,65.0,0.18992283095034024,2.280149668114363
1.3918273076923078,65.0,0.1899225012303639,2.280243153024194
1.3922076923076923,65.0,0.18992216249753674,2.280348656086132
1.392588076923077,65.0,0.18992186198256603,2.2805129056984925
1.3929684615384614,65.0,0.1899214993389912,2.2806458574329036
1.3933488461538461,65.0,0.18992110053502037,2.280817023158626
1.3937292307692308,65.0,0.1899207450599889,2.281016307918283
1.3941096153846153,65.0,0.18992035916633618,2.2812043567012923
1.39449,65.0,0.18991993087977563,2.2814106469868722
1.3948703846153847,65.0,0.18991951444774358,2.2816717449430346
1.3952507692307692,65.0,0.1899191053133189,2.281869372517843
1.3956311538461539,65.0,0.18991867176970129,2.2821500418832277
1.3960115384615384,65.0,0.1899182120091806,2.282400830468071
1.396391923076923,65.0,0.1899177729206407,2.2826656069850078
1.3967723076923078,65.0,0.18991733042112957,2.2829475255684266
1.3971526923076922,65.0,0.1899168640207253,2.2832128893359904
1.397533076923077,65.0,0.18991642892608596,2.283520261574185
1.3979134615384616,65.0,0.18991596702716546,2.2837716871772575
1.398293846153846,65.0,0.18991547839975206,2.284072057977054
1.3986742307692308,65.0,0.1899150631521689,2.284359695302922
1.3990546153846153,65.0,0.1899146248158736,2.284602893325237
1.399435,65.0,0.18991413146306216,2.2849027361436205
1.3998153846153847,65.0,0.18991370686263503,2.2851605450532175
1.4001957692307692,65.0,0.18991329171034396,2.285382160371113
1.4005761538461539,65.0,0.18991282764366368,2.285661077050068
1.4009565384615386,65.0,0.18991239703203014,2.285871249568532
1.401336923076923,65.0,0.18991200049862234,2.2860721875997094
1.4017173076923077,65.0,0.18991159237542773,2.2863163068376005
1.4020976923076922,65.0,0.18991117232821342,2.2864544705960594
1.402478076923077,65.0,0.1899107892801362,2.2866511534179637
1.4028584615384616,65.0,0.1899104429590413,2.286823937122153
1.403238846153846,65.0,0.18991006050125406,2.2869161386565438
1.4036192307692308,65.0,0.18990969618288017,2.2870835550592123
1.4039996153846155,65.0,0.18990938546568903,2.2871829709350315
1.40438,65.0,0.18990906018387244,2.287243791371223
1.4047603846153847,65.0,0.18990875323012832,2.2873670616077533
1.4051407692307691,65.0,0.18990847776278755,2.287411158700372
1.4055211538461538,65.0,0.1899081875866418,2.287430049803832
1.4059015384615385,65.0,0.1899079277310194,2.2875303603054538
1.406281923076923,65.0,0.18990771800530967,2.287493728080431
1.4066623076923077,65.0,0.18990749151983985,2.2875329760986065
1.4070426923076924,65.0,0.18990726329379354,2.287556443679115
1.4074230769230769,65.0,0.18990709803473,2.2875059626793735
1.4078034615384616,65.0,0.18990695123533666,2.287534763372052
1.408183846153846,65.0,0.18990677339590867,2.2874905016001152
1.4085642307692308,65.0,0.1899066457532036,2.287483679393323
1.4089446153846155,65.0,0.18990657935279381,2.287441381797248
1.409325,65.0,0.18990647396661745,2.2874168295180075
1.4097053846153846,65.0,0.18990638762505202,2.2873859618477885
1.4100857692307693,65.0,0.18990638345048533,2.2873448542083765
1.4104661538461538,65.0,0.18990636428971802,2.287311893079167
1.4108465384615385,65.0,0.18990633511331087,2.287279701063285
1.411226923076923,65.0,0.18990636431568042,2.2872342977100057
1.4116073076923077,65.0,0.18990641533721844,2.2871996135866137
1.4119876923076924,65.0,0.18990647461220667,2.2871891126543478
1.4123680769230769,65.0,0.18990655364703019,2.2871013066860333
1.4127484615384616,65.0,0.18990665062148054,2.287135176712433
1.4131288461538463,65.0,0.18990676926979538,2.2870422103893704
1.4135092307692307,65.0,0.18990690732959828,2.287032851522742
1.4138896153846154,65.0,0.18990708053794203,2.2870162137526955
1.41427,65.0,0.18990725385779567,2.2869318458687564
1.4146503846153846,65.0,0.18990742641646574,2.286944139933964
1.4150307692307693,65.0,0.18990766517325833,2.2868719774515665
1.4154111538461538,65.0,0.18990790661125984,2.2868254055575137
1.4157915384615385,65.0,0.1899081147531994,2.286794769512485
1.4161719230769232,65.0,0.18990840125759142,2.2867309944200116
1.4165523076923077,65.0,0.18990871256182476,2.2866460932681596
1.4169326923076924,65.0,0.18990896667535595,2.286611622641624
1.4173130769230768,65.0,0.18990928142113278,2.2865191096399755
1.4176934615384615,65.0,0.18990964362567603,2.2864130133361003
1.4180738461538462,65.0,0.18990996082013673,2.2863478226061527
1.4184542307692307,65.0,0.18991028831116966,2.2862185607122365
1.4188346153846154,65.0,0.189910662003573,2.2860999899472265
1.419215,65.0,0.18991104639353185,2.2859770028721136
1.4195953846153846,65.0,0.18991141403537268,2.285839714520215
1.4199757692307693,65.0,0.1899117931579389,2.285661199866944
1.4203561538461538,65.0,0.18991219950706437,2.285525470071314
1.4207365384615385,65.0,0.18991259337255773,2.2853323041600073
1.4211169230769232,65.0,0.18991300387037052,2.2851346833410333
1.4214973076923076,65.0,0.18991343455339085,2.2849656378267733
1.4218776923076923,65.0,0.1899138317597665,2.2847234838855224
1.4222580769230768,65.0,0.1899142510141652,2.284525124714295
1.4226384615384615,65.0,0.18991469872022504,2.284300779013101
1.4230188461538462,65.0,0.18991510606878048,2.284054581191118
1.4233992307692307,65.0,0.18991551570330573,2.283823914314366
1.4237796153846154,65.0,0.18991596097575686,2.283594535076849
1.42416,65.0,0.189916385893053,2.283317451029785
1.4245403846153846,65.0,0.1899167749403674,2.2831012082938873
1.4249207692307693,65.0,0.18991719177122454,2.2828535093425386
1.4253011538461537,65.0,0.18991763145542628,2.2825756719005033
1.4256815384615384,65.0,0.18991800189035415,2.282382703445965
1.4260619230769231,65.0,0.189918361258305,2.2821113597858087
1.4264423076923076,65.0,0.18991878718871827,2.2818986630344504
1.4268226923076923,65.0,0.18991916008814075,2.2816692800796523
1.427203076923077,65.0,0.18991948728335745,2.281472571217414
1.4275834615384615,65.0,0.18991985943486875,2.2812575368648784
1.4279638461538462,65.0,0.1899201967181358,2.2810709822291604
1.4283442307692307,65.0,0.18992050964034135,2.280920163772659
1.4287246153846154,65.0,0.18992084021602212,2.280716925231715
1.429105,65.0,0.18992112959728163,2.280619769421263
1.4294853846153845,65.0,0.1899214027341988,2.280458443261645
1.4298657692307692,65.0,0.18992167740477206,2.280357923239635
1.430246153846154,65.0,0.189921927650719,2.2802596783186613
1.4306265384615384,65.0,0.18992215278031396,2.280187143435003
1.4310069230769231,65.0,0.189922356397411,2.280107665604254
1.4313873076923076,65.0,0.18992256990274534,2.2800803290073843
1.4317676923076923,65.0,0.18992274844411206,2.280048151912936
1.432148076923077,65.0,0.18992287438014446,2.2800056374012265
1.4325284615384615,65.0,0.18992304111534386,2.280057974399692
1.4329088461538462,65.0,0.1899231807801335,2.2800280820958188
1.4332892307692309,65.0,0.18992323257725235,2.2800634829622926
1.4336696153846153,65.0,0.1899233200002577,2.280136495936348
1.43405,65.0,0.18992342352729275,2.2801425153162325
1.4344303846153845,65.0,0.1899234467149623,2.280228126416579
1.4348107692307692,65.0,0.189923452423011,2.2803144294411237
1.435191153846154,65.0,0.1899234768770237,2.2803523080006958
1.4355715384615384,65.0,0.18992346791609144,2.280471727542596
1.435951923076923,65.0,0.18992342215467573,2.2805543116858917
1.4363323076923078,65.0,0.18992337652987382,2.2806291425055885
1.4367126923076923,65.0,0.18992331373504814,2.280761440842253
1.437093076923077,65.0,0.18992320656804407,2.2808302417858575
1.4374734615384615,65.0,0.1899231050563121,2.2809445445623275
1.4378538461538461,65.0,0.1899229903276356,2.281045609403946
1.4382342307692308,65.0,0.1899228210789093,2.2811448856424423
1.4386146153846153,65.0,0.1899226672018944,2.2812433074229936
1.438995,65.0,0.18992250763830978,2.2813392510221826
1.4393753846153847,65.0,0.1899222866819269,2.281445979737856
1.4397557692307692,65.0,0.18992207640808098,2.281526506550953
1.440136153846154,65.0,0.18992187660203322,2.281628038133925
1.4405165384615384,65.0,0.1899216217816318,2.2817246421923545
1.440896923076923,65.0,0.18992134053654236,2.281789709508128
1.4412773076923078,65.0,0.18992108530958363,2.2818999360380414
1.4416576923076923,65.0,0.18992083122210113,2.2819886647303247
1.442038076923077,65.0,0.18992051114594236,2.282038915818239
1.4424184615384616,65.0,0.18992018024954166,2.2821713398850085
1.4427988461538461,65.0,0.18991989556341488,2.2822339815008266
1.4431792307692308,65.0,0.18991956280988248,2.2822955505068987
1.4435596153846153,65.0,0.18991919260022289,2.282448897792315
1.44394,65.0,0.18991886725223023,2.2824790832974893
1.4443203846153847,65.0,0.18991850958722278,2.2825976474542564
1.4447007692307692,65.0,0.18991811727998026,2.2827193256294827
1.4450811538461539,65.0,0.18991776792267653,2.282776663707624
1.4454615384615386,65.0,0.18991738707402736,2.2829291735746096
1.445841923076923,65.0,0.18991698430814224,2.283031592441285
1.4462223076923078,65.0,0.18991662025860667,2.283139208622834
1.4466026923076922,65.0,0.18991623058458681,2.283290766338332
1.446983076923077,65.0,0.18991582535581217,2.2834222095504826
1.4473634615384616,65.0,0.18991544807971855,2.28355619514868
1.447743846153846,65.0,0.18991506991285262,2.2837231517918277
1.4481242307692308,65.0,0.18991466346357755,2.2838678023219714
1.4485046153846153,65.0,0.18991425855321092,2.284044624065332
1.448885,65.0,0.18991390401852107,2.284208390367449
1.4492653846153847,65.0,0.1899135387218537,2.284393703031004
1.4496457692307692,65.0,0.18991312154858384,2.2845709141772246
1.4500261538461539,65.0,0.18991275785781492,2.2847595651146215
1.4504065384615386,65.0,0.18991242887810678,2.284957298561742
1.450786923076923,65.0,0.18991204854567797,2.28513591771531
1.4511673076923077,65.0,0.18991169227640364,2.2853450415787355
1.4515476923076922,65.0,0.18991137819887244,2.2855393360381058
1.451928076923077,65.0,0.18991104440264509,2.2857129604084485
1.4523084615384616,65.0,0.1899107175470517,2.2859267442609537
1.452688846153846,65.0,0.1899104255718587,2.2861150882993053
1.4530692307692308,65.0,0.18991013974944476,2.2862598051687018
1.4534496153846155,65.0,0.18990985097393498,2.2864856544147765
1.45383,65.0,0.18990959381680347,2.286621936078729
1.4542103846153847,65.0,0.18990935892968902,2.286768469936636
1.4545907692307691,65.0,0.18990910790620413,2.2869587462872176
1.4549711538461538,65.0,0.1899088998152259,2.2870521454032104
1.4553515384615385,65.0,0.1899087189218826,2.2871854366690703
1.455731923076923,65.0,0.18990849284310818,2.2873102415885973
1.4561123076923077,65.0,0.1899083314185842,2.2873909516044257
1.4564926923076924,65.0,0.18990822372812877,2.287456184517776
1.4568730769230769,65.0,0.18990806162271395,2.287560592702179
1.4572534615384616,65.0,0.18990792924560687,2.287562361246018
1.457633846153846,65.0,0.18990785817014308,2.2876224846051434
1.4580142307692308,65.0,0.1899077881018353,2.2876362576971423
1.4583946153846155,65.0,0.1899077153822726,2.2876113538131793
1.458775,65.0,0.18990766842919035,2.2876330758540355
1.4591553846153846,65.0,0.18990767033312034,2.2875670718040158
1.4595357692307693,65.0,0.18990766888793906,2.2875361169596458
1.4599161538461538,65.0,0.1899076603545693,2.287476068383014
1.4602965384615385,65.0,0.18990772189252264,2.2873993969017694
1.460676923076923,65.0,0.18990778268440459,2.2873054517911635
1.4610573076923077,65.0,0.189907825365462,2.2872189697029697
1.4614376923076924,65.0,0.18990794037467984,2.287113718101531
1.4618180769230769,65.0,0.18990805076910766,2.2869715569280045
1.4621984615384616,65.0,0.18990815420901436,2.286880209345636
1.4625788461538463,65.0,0.1899083196972967,2.2867325139736496
1.4629592307692307,65.0,0.18990846790354982,2.2865823454572785
1.4633396153846154,65.0,0.1899086147419613,2.286467477085259
1.46372,65.0,0.18990882902537204,2.286311890673789
1.4641003846153846,65.0,0.1899090469724116,2.2861503228160234
1.4644807692307693,65.0,0.18990923858669229,2.2860359664182837
1.4648611538461538,65.0,0.1899094586248222,2.2858676554779063
1.4652415384615385,65.0,0.18990973321093826,2.2857203165691016
1.4656219230769232,65.0,0.18990999326542618,2.2855990343827055
1.4660023076923077,65.0,0.18991022616095884,2.285434128735869
1.4663826923076924,65.0,0.18991052352402946,2.2853185259529467
1.4667630769230768,65.0,0.18991083301049305,2.285170591622689
1.4671434615384615,65.0,0.18991110101578154,2.2850537039313177
1.4675238461538462,65.0,0.18991141001190995,2.2849182718822374
1.4679042307692307,65.0,0.18991174420898413,2.2848101239261758
1.4682846153846154,65.0,0.18991205201477382,2.2846902995787897
1.468665,65.0,0.18991237131674196,2.2845690699002295
1.4690453846153846,65.0,0.18991271460214085,2.2844849974548187
1.4694257692307693,65.0,0.1899130567727529,2.2843589754341598
1.4698061538461538,65.0,0.18991339138090696,2.2842707122612325
1.4701865384615385,65.0,0.18991373627176614,2.2841746040219526
1.4705669230769232,65.0,0.1899140872394841,2.284076566711093
1.4709473076923076,65.0,0.18991442369766154,2.283966689756291
1.4713276923076923,65.0,0.18991479078431728,2.2839184086623963
1.471708076923077,65.0,0.18991516261889824,2.2837726593810688
1.4720884615384615,65.0,0.18991547503448722,2.2837064910258142
1.4724688461538462,65.0,0.1899158291939444,2.28364064435664
1.4728492307692307,65.0,0.18991622213724194,2.283463180487678
1.4732296153846154,65.0,0.189916533724613,2.2834646485046384
1.47361,65.0,0.18991685700540395,2.283296073794615
1.4739903846153846,65.0,0.18991723226407453,2.2832046792328304
1.4743707692307693,65.0,0.1899175522213642,2.2831278952809813
1.4747511538461537,65.0,0.18991785648562093,2.282977036461138
1.4751315384615384,65.0,0.1899181885152042,2.282883899973175
1.4755119230769231,65.0,0.18991850610336045,2.28277476228575
1.4758923076923076,65.0,0.18991879737591644,2.282627584425662
1.4762726923076923,65.0,0.18991907958167245,2.2825158202422076
1.476653076923077,65.0,0.18991937865703687,2.282405483390747
1.4770334615384615,65.0,0.18991965785141443,2.28223729731173
1.4774138461538462,65.0,0.18991989776932433,2.2821439865549835
1.4777942307692307,65.0,0.189920154353793,2.281984741451789
1.4781746153846154,65.0,0.18992039468280814,2.2818602214034196
1.478555,65.0,0.18992060302778746,2.2817345245918483
1.4789353846153845,65.0,0.1899208371659193,2.281586950126827
1.4793157692307692,65.0,0.18992102908377353,2.281479058266492
1.479696153846154,65.0,0.1899211752879406,2.2813333736712647
1.4800765384615384,65.0,0.18992136786131766,2.2812290233825885
1.4804569230769231,65.0,0.1899215315360565,2.2811071197546164
1.4808373076923076,65.0,0.18992162799809056,2.2809979338096027
1.4812176923076923,65.0,0.1899217456272785,2.280906153605076
1.481598076923077,65.0,0.1899218714530491,2.280811493749082
1.4819784615384615,65.0,0.1899219420699328,2.280718396438096
1.4823588461538462,65.0,0.18992198422239723,2.280681353486657
1.4827392307692309,65.0,0.18992205544150398,2.2805925830384157
1.4831196153846153,65.0,0.1899221009371874,2.2805493909413057
1.4835,65.0,0.18992208062392293,2.2805549517255246
1.4838803846153845,65.0,0.18992209012416036,2.2804778770065823
1.4842607692307692,65.0,0.1899220985555343,2.280525062457573
1.484641153846154,65.0,0.1899220391005991,2.280519614882965
1.4850215384615384,65.0,0.18992198542711078,2.2805186564023874
1.485401923076923,65.0,0.18992192534735555,2.2806027738774444
1.4857823076923078,65.0,0.189921831142913,2.280625525932829
1.4861626923076923,65.0,0.1899217405819272,2.280689607495731
1.486543076923077,65.0,0.18992162851530722,2.2807983433488155
1.4869234615384614,65.0,0.18992148366768863,2.2808669358720914
1.4873038461538461,65.0,0.18992133533338545,2.280966575981538
1.4876842307692308,65.0,0.18992118575421063,2.2811246274210353
1.4880646153846153,65.0,0.1899210199302552,2.281193202880431
1.488445,65.0,0.18992080694154315,2.2813721981066726
1.4888253846153847,65.0,0.18992060525597002,2.281511321957472
1.4892057692307692,65.0,0.18992043337258657,2.281632119182063
1.489586153846154,65.0,0.1899201784195088,2.2818317922648546
1.4899665384615384,65.0,0.18991992630548504,2.281962695577504
1.490346923076923,65.0,0.18991973161311365,2.2821438315630718
1.4907273076923078,65.0,0.18991945583292796,2.282294858606046
1.4911076923076922,65.0,0.18991916636948356,2.282488985127744
1.491488076923077,65.0,0.18991893104505356,2.2826307492667346
1.4918684615384616,65.0,0.18991865303025093,2.282808839056538
1.4922488461538461,65.0,0.18991834772438498,2.28298102315406
1.4926292307692308,65.0,0.18991805553658245,2.2831249829002758
1.4930096153846153,65.0,0.18991776286782996,2.2832941019965816
1.49339,65.0,0.1899174639006823,2.283444116070775
1.4937703846153847,65.0,0.1899171523666821,2.2835872304087603
1.4941507692307692,65.0,0.1899168469125625,2.283729392240859
1.4945311538461539,65.0,0.18991652986475915,2.283871907047384
1.4949115384615386,65.0,0.18991620884131044,2.283979309063837
1.495291923076923,65.0,0.18991591660499416,2.2841261275047993
1.4956723076923077,65.0,0.18991559404893818,2.284220498784528
1.4960526923076922,65.0,0.18991525589785307,2.284330411373649
1.496433076923077,65.0,0.1899149715746526,2.284448188980895
1.4968134615384616,65.0,0.18991467030410242,2.2845175761382315
1.497193846153846,65.0,0.18991433144037337,2.2846215405186263
1.4975742307692308,65.0,0.18991403948687488,2.284707600752324
1.4979546153846155,65.0,0.18991376204564342,2.2847771275780526
1.498335,65.0,0.18991344559057183,2.284848876462669
1.4987153846153847,65.0,0.1899131403761277,2.2849328598175074
1.4990957692307691,65.0,0.18991288598922595,2.2849930268102576
1.4994761538461538,65.0,0.18991261525500117,2.285046520633213
1.4998565384615385,65.0,0.18991230553512486,2.285130414001391
1.500236923076923,65.0,0.18991205409594225,2.2851874813008566
1.5006173076923077,65.0,0.18991182390859415,2.2852201551739513
1.5009976923076924,65.0,0.18991155518496236,2.2853327267495316
1.501378076923077,65.0,0.18991132487766502,2.2853560921300446
1.5017584615384616,65.0,0.18991111065219732,2.2854185830508356
1.502138846153846,65.0,0.18991087549107996,2.285522438980695
1.5025192307692308,65.0,0.18991068445635018,2.2855318512413882
1.5028996153846155,65.0,0.1899105033032931,2.2856384695391823
1.50328,65.0,0.1899102976011094,2.2857053550688087
1.5036603846153846,65.0,0.18991013308448682,2.28574240434032
1.5040407692307691,65.0,0.18990999378447382,2.2858564798029297
1.5044211538461538,65.0,0.18990984087743928,2.2859017458898725
1.5048015384615385,65.0,0.18990969711859115,2.285972277506831
1.505181923076923,65.0,0.18990958827676627,2.286071574169136
1.5055623076923077,65.0,0.18990949901309326,2.286115970533952
1.5059426923076924,65.0,0.18990938472718763,2.2861887971750074
1.5063230769230769,65.0,0.18990929945808344,2.2862876798681624
1.5067034615384616,65.0,0.1899092790461188,2.2863186272738636
1.507083846153846,65.0,0.18990921476033093,2.2863954997259306
1.5074642307692308,65.0,0.18990914465957554,2.2864699900378427
1.5078446153846154,65.0,0.18990916461110322,2.286491894385987
1.508225,65.0,0.18990916907155642,2.2865675065120903
1.5086053846153846,65.0,0.18990915404396683,2.286595754869622
1.5089857692307693,65.0,0.18990919682126975,2.2866303978649603
1.5093661538461538,65.0,0.18990924175956897,2.286655293758967
1.5097465384615385,65.0,0.1899092867151311,2.2866689954943866
1.510126923076923,65.0,0.18990936775869016,2.286681068282701
1.5105073076923077,65.0,0.1899094530846561,2.286662697590744
1.5108876923076924,65.0,0.1899095381591903,2.286656653360165
1.5112680769230769,65.0,0.1899096533460988,2.2866338797385706
1.5116484615384616,65.0,0.18990979357824297,2.286565669060417
1.5120288461538463,65.0,0.18990992069303345,2.2865545825034452
1.5124092307692307,65.0,0.18991005660215662,2.286468831088865
1.5127896153846154,65.0,0.1899102437602968,2.286376188384445
1.51317,65.0,0.18991041676515646,2.2863375346906483
1.5135503846153846,65.0,0.1899105720024229,2.28618971140236
1.5139307692307693,65.0,0.1899107934993034,2.2861072914994836
1.5143111538461538,65.0,0.1899110193221152,2.285995415114393
1.5146915384615385,65.0,0.18991120100973255,2.2858375329294174
1.5150719230769232,65.0,0.18991142150740595,2.285724163155363
1.5154523076923077,65.0,0.18991168242037465,2.285586225290884
1.5158326923076924,65.0,0.18991192350872174,2.285395544164624
1.5162130769230768,65.0,0.1899121488055043,2.2852830295611333
1.5165934615384615,65.0,0.18991240850284988,2.2851063816566017
1.5169738461538462,65.0,0.1899126869333931,2.2849033327549853
1.5173542307692307,65.0,0.1899129293288397,2.2848109600784072
1.5177346153846154,65.0,0.18991319744464322,2.2845638299862356
1.518115,65.0,0.189913486791211,2.284436272720926
1.5184953846153846,65.0,0.18991373309555618,2.2842703597296405
1.5188757692307693,65.0,0.18991401889332424,2.2840720429292594
1.5192561538461538,65.0,0.18991431847408546,2.2839405726233726
1.5196365384615385,65.0,0.18991456449903188,2.2837649583086357
1.5200169230769232,65.0,0.18991485156921775,2.2836148553055504
1.5203973076923076,65.0,0.18991515335562478,2.283458269709747
1.5207776923076923,65.0,0.18991540360394285,2.283328910411415
1.521158076923077,65.0,0.18991567740931012,2.28318687976129
1.5215384615384615,65.0,0.1899159765218184,2.2830544971433797
1.5219188461538462,65.0,0.18991624229827192,2.282942270018603
1.5222992307692307,65.0,0.18991648431232813,2.2828342507339743
1.5226796153846154,65.0,0.18991674924490776,2.282713316001279
1.52306,65.0,0.1899170376103479,2.2826414049048425
1.5234403846153846,65.0,0.1899172761020526,2.2825447234368568
1.5238207692307693,65.0,0.18991749478333642,2.2824533926635255
1.524201153846154,65.0,0.18991776422939696,2.28242199934656
1.5245815384615384,65.0,0.18991800075993162,2.282311283272144
1.5249619230769231,65.0,0.1899181987983325,2.2822892569155653
1.5253423076923076,65.0,0.18991843402994985,2.2822402571394087
1.5257226923076923,65.0,0.1899186463832042,2.282170053858241
1.526103076923077,65.0,0.18991883015892064,2.28216460197457
1.5264834615384615,65.0,0.18991903696400533,2.282121448343334
1.5268638461538462,65.0,0.18991922521662782,2.282080578779302
1.5272442307692309,65.0,0.1899193822052509,2.28207327247713
1.5276246153846154,65.0,0.18991955080982606,2.2820546386001386
1.528005,65.0,0.1899197167140575,2.282004552876579
1.5283853846153845,65.0,0.1899198385293682,2.2820258672122433
1.5287657692307692,65.0,0.18991996668032085,2.281987101959887
1.529146153846154,65.0,0.1899201148831053,2.28196530224367
1.5295265384615384,65.0,0.18992020332996074,2.2819687651683984
1.529906923076923,65.0,0.18992026914930055,2.2819382023235635
1.5302873076923076,65.0,0.18992038378453077,2.2819193342554014
1.5306676923076923,65.0,0.18992046782434485,2.281909151322826
1.531048076923077,65.0,0.1899204904858404,2.281897001069963
1.5314284615384615,65.0,0.18992054053175753,2.2818471748505362
1.5318088461538462,65.0,0.18992059776515877,2.2818775874721218
1.5321892307692309,65.0,0.18992060614210102,2.2818075041500387
1.5325696153846153,65.0,0.18992060277514333,2.281811743055544
1.53295,65.0,0.1899206090491579,2.281807223733384
1.5333303846153845,65.0,0.18992059726743993,2.281745439653521
1.5337107692307692,65.0,0.18992055652893713,2.2817681546974193
1.534091153846154,65.0,0.1899205194796125,2.2817342194248487
1.5344715384615384,65.0,0.18992047854932378,2.2817227232598225
1.534851923076923,65.0,0.18992039554154003,2.2817054441239626
1.5352323076923078,65.0,0.18992031785952862,2.2817271025679684
1.5356126923076923,65.0,0.1899202448141361,2.2816796009467475
1.535993076923077,65.0,0.18992011955522253,2.2817224079749474
1.5363734615384614,65.0,0.1899200121940143,2.281721006266571
1.5367538461538461,65.0,0.18991991442086878,2.2817188017635717
1.5371342307692308,65.0,0.1899197431679199,2.2817698939291997
1.5375146153846153,65.0,0.18991958901935138,2.2817751179540737
1.537895,65.0,0.18991947624756658,2.2818358576348485
1.5382753846153847,65.0,0.18991929645262415,2.281859658566859
1.5386557692307692,65.0,0.1899190933609379,2.2819417311813113
1.5390361538461539,65.0,0.18991893339677732,2.281987264888628
1.5394165384615384,65.0,0.18991875356944926,2.2820648505664165
1.539796923076923,65.0,0.18991853601246353,2.2821636165132846
1.5401773076923078,65.0,0.18991832142164813,2.282232914994363
1.5405576923076922,65.0,0.18991812327555985,2.2823538502912477
1.540938076923077,65.0,0.18991790291967278,2.282457839608262
1.5413184615384616,65.0,0.18991765766645072,2.2825677382723635
1.5416988461538461,65.0,0.18991744130405386,2.2827054283672403
1.5420792307692308,65.0,0.18991720971365028,2.2828464968981033
1.5424596153846153,65.0,0.1899169467613657,2.282946828141342
1.54284,65.0,0.18991671332826415,2.283141911159328
1.5432203846153847,65.0,0.1899164700711179,2.2832632089251663
1.5436007692307692,65.0,0.18991620493995093,2.283399075226256
1.5439811538461539,65.0,0.18991596846684375,2.2836101557580077
1.5443615384615386,65.0,0.18991571973843763,2.2837082134270617
1.544741923076923,65.0,0.18991544264342564,2.283885543428956
1.5451223076923077,65.0,0.18991519908101637,2.284077515518127
1.5455026923076922,65.0,0.18991497631438461,2.2841716826761855
1.545883076923077,65.0,0.18991470938317773,2.2843649185179085
1.5462634615384616,65.0,0.18991443792438611,2.2845274125538433
1.546643846153846,65.0,0.1899142277410404,2.2846149383727816
1.5470242307692308,65.0,0.1899139964472606,2.284818030020162
1.5474046153846155,65.0,0.18991372095351805,2.284920914051633
1.547785,65.0,0.189913503732284,2.285031642298922
1.5481653846153847,65.0,0.1899132980454959,2.2851995431992793
1.5485457692307691,65.0,0.18991305055194999,2.2852502850101644
1.5489261538461538,65.0,0.18991283892910493,2.2854029076635007
1.5493065384615385,65.0,0.1899126469504044,2.2854696225413824
1.549686923076923,65.0,0.18991243414176393,2.2855531835651925
1.5500673076923077,65.0,0.18991223620064157,2.2856463314838127
1.5504476923076924,65.0,0.1899120536643322,2.285683984473351
1.550828076923077,65.0,0.1899118803413313,2.2857688964140332
1.5512084615384616,65.0,0.189911710401668,2.285794327480441
1.551588846153846,65.0,0.18991154966911708,2.2858399854076628
1.5519692307692308,65.0,0.1899114043306124,2.2858728520654537
1.5523496153846155,65.0,0.1899112478663537,2.2858901675762997
1.55273,65.0,0.1899111254123242,2.2858984680942482
1.5531103846153846,65.0,0.18991102935714171,2.2859275229786875
1.5534907692307693,65.0,0.18991088508788406,2.2858931749071503
1.5538711538461538,65.0,0.1899107759794739,2.285921384657346
1.5542515384615385,65.0,0.18991072765645303,2.2859046167480663
1.554631923076923,65.0,0.18991062905075062,2.2858560455415082
1.5550123076923077,65.0,0.18991053049072534,2.2859014966911073
1.5553926923076924,65.0,0.18991050188545974,2.285827286296467
1.5557730769230769,65.0,0.1899104608056833,2.285812299845999
1.5561534615384616,65.0,0.1899103982697926,2.285826855332757
1.5565338461538463,65.0,0.18991038422828915,2.2857521483967145
1.5569142307692307,65.0,0.18991038737194674,2.2857447730629525
1.5572946153846154,65.0,0.1899103688496024,2.285741530735523
1.557675,65.0,0.1899103701175369,2.2856726891176096
1.5580553846153846,65.0,0.18991040525875663,2.285676101417477
1.5584357692307693,65.0,0.18991043746048114,2.285654161683941
1.5588161538461538,65.0,0.18991047068345163,2.285603843040086
1.5591965384615385,65.0,0.18991053102811203,2.285607390776449
1.559576923076923,65.0,0.1899105905575536,2.28557618164788
1.5599573076923077,65.0,0.18991065661581985,2.2855433155751976
1.5603376923076924,65.0,0.18991076036508198,2.2855385231169034
1.5607180769230768,65.0,0.18991085479737857,2.285514004418898
1.5610984615384615,65.0,0.18991093497324624,2.2854729629311215
1.5614788461538462,65.0,0.18991106206975117,2.285488352356944
1.5618592307692307,65.0,0.18991120968993594,2.285428080743079
1.5622396153846154,65.0,0.18991132024960572,2.2854183120082183
1.56262,65.0,0.18991144711873395,2.285405399985666
1.5630003846153846,65.0,0.18991163021064386,2.2853488105274695
1.5633807692307693,65.0,0.18991179150394846,2.2853311454149297
1.5637611538461538,65.0,0.18991192915408173,2.285299766046351
1.5641415384615385,65.0,0.18991212676429484,2.285247581205886
1.5645219230769232,65.0,0.18991232838885794,2.285202547616923
1.5649023076923076,65.0,0.1899124844399222,2.2851636335821848
1.5652826923076923,65.0,0.18991268327915287,2.2850934580528777
1.5656630769230768,65.0,0.18991291143142755,2.285032532105888
1.5660434615384615,65.0,0.18991310050227958,2.284975089103954
1.5664238461538462,65.0,0.18991330715876076,2.284886705740832
1.5668042307692307,65.0,0.1899135349855763,2.2848088415354
1.5671846153846154,65.0,0.18991373987446075,2.2847224598644367
1.567565,65.0,0.1899139685272532,2.2846275583890776
1.5679453846153846,65.0,0.18991420511917728,2.2845192757387607
1.5683257692307693,65.0,0.1899144169409252,2.2844225136584875
1.5687061538461538,65.0,0.18991464011423026,2.2843037723533914
1.5690865384615384,65.0,0.1899148834678198,2.2841798192392213
1.5694669230769231,65.0,0.1899151225088204,2.284070841893372
1.5698473076923076,65.0,0.1899153296063552,2.2839332649136455
1.5702276923076923,65.0,0.1899155536475065,2.2838009660179583
1.570608076923077,65.0,0.1899158147452401,2.283682294565145
1.5709884615384615,65.0,0.18991602582750794,2.283532659046707
1.5713688461538462,65.0,0.18991622465997365,2.283395544935412
1.5717492307692307,65.0,0.18991648092326263,2.2832916650698136
1.5721296153846154,65.0,0.18991669643612066,2.2831079239880654
1.57251,65.0,0.18991687239393273,2.283007127384057
1.5728903846153846,65.0,0.18991710163779954,2.282889490959372
1.5732707692307693,65.0,0.1899173206805694,2.2827132244847137
1.573651153846154,65.0,0.1899174952458749,2.282646923286301
1.5740315384615384,65.0,0.18991768393414626,2.282507484054708
1.5744119230769231,65.0,0.18991787956308492,2.2823736105368853
1.5747923076923076,65.0,0.18991805182111912,2.282323077871278
1.5751726923076923,65.0,0.18991821964410496,2.282188605377272
1.575553076923077,65.0,0.18991839215117853,2.2820935694466633
1.5759334615384615,65.0,0.18991853540915526,2.282073655813486
1.5763138461538462,65.0,0.18991867289617043,2.281924636441532
1.5766942307692309,65.0,0.18991883524720657,2.281921404875524
1.5770746153846154,65.0,0.18991895458366923,2.281867395780584
1.577455,65.0,0.18991904569923337,2.2817787275342707
1.5778353846153845,65.0,0.1899191782509751,2.281817147786028
1.5782157692307692,65.0,0.18991928566053143,2.2817360113076997
1.578596153846154,65.0,0.18991934968996593,2.281753941267236
1.5789765384615384,65.0,0.18991943036935766,2.2817485645689954
1.579356923076923,65.0,0.1899195167545776,2.2817443609847015
1.5797373076923078,65.0,0.18991956397794937,2.281758109375607
1.5801176923076923,65.0,0.18991958509712545,2.2817907962398545
1.580498076923077,65.0,0.1899196420346088,2.281802609001935
1.5808784615384615,65.0,0.18991968557845296,2.281850918962218
1.5812588461538462,65.0,0.18991966567244148,2.28188105883144
1.5816392307692309,65.0,0.18991967126897072,2.2819255674379777
1.5820196153846153,65.0,0.18991969205722012,2.2819952281780864
1.5824,65.0,0.18991965452112963,2.28200478043586
1.5827803846153847,65.0,0.18991962666796036,2.2821158551636556
1.5831607692307692,65.0,0.18991960616462372,2.282129762186054
1.583541153846154,65.0,0.18991953652705332,2.2821988526325616
1.5839215384615384,65.0,0.18991948593678398,2.2822914430204158
1.584301923076923,65.0,0.18991943816569876,2.2822943435548053
1.5846823076923078,65.0,0.1899193367290141,2.2824063930141363
1.5850626923076923,65.0,0.18991924428405593,2.28244787692835
1.585443076923077,65.0,0.1899191719033477,2.282487533896512
1.5858234615384617,65.0,0.18991906316067805,2.282578714838906
1.5862038461538461,65.0,0.18991893195628007,2.2826203139262864
1.5865842307692308,65.0,0.1899188216236192,2.282655289484944
1.5869646153846153,65.0,0.18991870857800722,2.282748867995245
1.587345,65.0,0.18991854844234252,2.2827647037205443
1.5877253846153847,65.0,0.18991839381795975,2.2828205790378893
1.5881057692307692,65.0,0.1899182762662439,2.2828973898079132
1.5884861538461539,65.0,0.18991811323908464,2.282897112984371
1.5888665384615384,65.0,0.18991791881788916,2.2829791562360966
1.589246923076923,65.0,0.18991776698520277,2.2830218574635266
1.5896273076923078,65.0,0.18991760688697182,2.283042241867137
1.5900076923076922,65.0,0.18991740467464274,2.283111507690084
1.590388076923077,65.0,0.1899172189417791,2.283162005769549
1.5907684615384616,65.0,0.18991704006227164,2.283177543422704
1.591148846153846,65.0,0.1899168327772544,2.2832606239105484
1.5915292307692308,65.0,0.1899166366107011,2.2833040707893013
1.5919096153846153,65.0,0.1899164465532302,2.2833304338286657
1.59229,65.0,0.18991622437822447,2.283433072295214
1.5926703846153847,65.0,0.18991601245347048,2.283451498519527
1.5930507692307692,65.0,0.18991582978926014,2.283539599496525
1.5934311538461539,65.0,0.1899156100577615,2.283591933028022
1.5938115384615386,65.0,0.18991537930402877,2.2836787884778644
1.594191923076923,65.0,0.1899151982991677,2.283739920772975
1.5945723076923077,65.0,0.18991498922261,2.2838185950890533
1.5949526923076922,65.0,0.18991474713246628,2.2839251748175093
1.595333076923077,65.0,0.1899145603441198,2.283971712147723
1.5957134615384616,65.0,0.189914376054802,2.2841097088196163
1.596093846153846,65.0,0.1899141483483326,2.284164123765283
1.5964742307692308,65.0,0.1899139395243416,2.284289237598897
1.5968546153846155,65.0,0.18991376224057996,2.284377479688045
1.597235,65.0,0.18991357661798583,2.2844802728194655
1.5976153846153847,65.0,0.18991336876975445,2.28458923465055
1.5979957692307691,65.0,0.18991318401288793,2.2846935192156757
1.5983761538461538,65.0,0.1899130257055248,2.28479834197088
1.5987565384615385,65.0,0.1899128405925646,2.2848947146174097
1.599136923076923,65.0,0.18991267072535348,2.2850236953479794
1.5995173076923077,65.0,0.18991253041114894,2.2850942713702613
1.5998976923076924,65.0,0.1899123586645089,2.285214138286511
1.6002780769230769,65.0,0.18991221430223626,2.2853075011581794
1.6006584615384616,65.0,0.189912106985572,2.285392820396522
1.601038846153846,65.0,0.18991195447411147,2.2854765400983825
1.6014192307692308,65.0,0.18991183040189627,2.2855751344564417
1.6017996153846155,65.0,0.18991175027035978,2.285634382439923
1.60218,65.0,0.18991162756756913,2.2856860150200946
1.6025603846153846,65.0,0.18991151964129785,2.2857942310420443
1.6029407692307693,65.0,0.18991146320738722,2.2857917981115516
1.6033211538461538,65.0,0.18991139535959942,2.2858593138337007
1.6037015384615385,65.0,0.18991130474048856,2.2859108761044675
1.604081923076923,65.0,0.1899112486355283,2.285892936638522
1.6044623076923077,65.0,0.18991123505057306,2.2859438570567856
1.6048426923076924,65.0,0.18991118986606234,2.2859503060753434
1.6052230769230769,65.0,0.18991114072426477,2.2859111427546486
1.6056034615384616,65.0,0.1899111497752298,2.285951273124502
1.6059838461538463,65.0,0.18991114973467266,2.2858972973681326
1.6063642307692307,65.0,0.18991113937771137,2.2858608506692297
1.6067446153846154,65.0,0.18991116535047647,2.2858729348494893
1.607125,65.0,0.1899111922783917,2.285768105371953
1.6075053846153846,65.0,0.18991121906358643,2.285753051864888
1.6078857692307693,65.0,0.18991126968636068,2.2857001592894055
1.6082661538461538,65.0,0.189911332357469,2.2856017618383966
1.6086465384615385,65.0,0.18991138710796907,2.2855746133212795
1.6090269230769232,65.0,0.18991145480828822,2.2854761731530098
1.6094073076923077,65.0,0.18991155254502864,2.2854033407651593
1.6097876923076924,65.0,0.18991163116389426,2.285328342752444
1.6101680769230768,65.0,0.1899117102426469,2.2852481143307886
1.6105484615384615,65.0,0.18991185066772123,2.2851580500533704
1.6109288461538462,65.0,0.1899119628953242,2.285077502276431
1.6113092307692307,65.0,0.1899120412465254,2.2849941265738245
1.6116896153846154,65.0,0.1899122016793757,2.2849137843395613
1.6120700000000001,65.0,0.18991235635646234,2.2848181142260375
1.6124503846153846,65.0,0.18991246122261365,2.284752665235074
1.6128307692307693,65.0,0.18991261386601224,2.284671328270725
1.6132111538461538,65.0,0.1899127854660845,2.2845690363828517
1.6135915384615385,65.0,0.18991293753879146,2.2845439557700526
1.6139719230769232,65.0,0.18991309360143271,2.2844211380094848
1.6143523076923076,65.0,0.18991326418948884,2.2843787232238726
1.6147326923076923,65.0,0.18991344241248306,2.2843242116201474
1.6151130769230768,65.0,0.18991360861658094,2.284222637649613
1.6154934615384615,65.0,0.1899137871698074,2.2841989301439196
1.6158738461538462,65.0,0.18991398256734804,2.2841353942867193
1.6162542307692307,65.0,0.1899141510261895,2.2840560437765727
1.6166346153846154,65.0,0.18991433510944178,2.284033545944609
1.617015,65.0,0.18991453866694163,2.283974309740263
1.6173953846153846,65.0,0.18991470515214895,2.2839021608999754
1.6177757692307693,65.0,0.18991489475710366,2.2838964623532143
1.6181561538461537,65.0,0.18991511310203474,2.283814735090961
1.6185365384615384,65.0,0.1899152788664574,2.2837713809046063
1.6189169230769231,65.0,0.18991544952079303,2.283754425956556
1.6192973076923076,65.0,0.1899156722993084,2.2836680121664132
1.6196776923076923,65.0,0.18991585971884195,2.2836388050436534
1.620058076923077,65.0,0.18991601215027984,2.283602178068394
1.6204384615384615,65.0,0.18991620317987565,2.283522059221073
1.6208188461538462,65.0,0.1899164079940866,2.2834924302369415
1.6211992307692307,65.0,0.18991656610241367,2.283434881898857
1.6215796153846154,65.0,0.18991672449191005,2.2833666479845385
1.62196,65.0,0.1899169170493938,2.283323292646962
1.6223403846153845,65.0,0.18991707340333389,2.2832485134407663
1.6227207692307692,65.0,0.18991721876565174,2.283201425484278
1.623101153846154,65.0,0.18991739226506754,2.2831117930134726
1.6234815384615384,65.0,0.18991753819051074,2.2830766064837595
1.6238619230769231,65.0,0.18991767009422478,2.282982140810606
1.6242423076923076,65.0,0.18991781773349276,2.2829145089335996
1.6246226923076923,65.0,0.18991794550201277,2.2828679282928745
1.625003076923077,65.0,0.18991806148601473,2.2827597153293735
1.6253834615384615,65.0,0.18991818962212992,2.282713730702764
1.6257638461538462,65.0,0.18991830386804032,2.2826436123687643
1.6261442307692309,65.0,0.18991839162230165,2.2825515470573867
1.6265246153846153,65.0,0.18991847924544542,2.2825054858959186
1.626905,65.0,0.1899185910134473,2.282439823683373
1.6272853846153845,65.0,0.1899186658017532,2.282349247472175
1.6276657692307692,65.0,0.1899186953201352,2.2823270826791897
1.628046153846154,65.0,0.1899187813186588,2.2822559062433587
1.6284265384615384,65.0,0.18991885582414506,2.2821844845297385
1.628806923076923,65.0,0.18991885361150843,2.2821858484297066
1.6291873076923078,65.0,0.18991889490286293,2.2821083555964097
1.6295676923076923,65.0,0.18991894397389558,2.282087375578302
1.629948076923077,65.0,0.1899189293507477,2.282073939117853
1.6303284615384614,65.0,0.18991893779790842,2.282040225771436
1.6307088461538461,65.0,0.189918948646802,2.2820378874855556
1.6310892307692308,65.0,0.18991892446551198,2.282035710231986
1.6314696153846153,65.0,0.1899189002215901,2.2820440406031017
1.63185,65.0,0.18991886864137322,2.2820457584955185
1.6322303846153847,65.0,0.18991883048202088,2.2820842122752145
1.6326107692307692,65.0,0.18991877833516146,2.2821064152594097
1.632991153846154,65.0,0.18991872209498425,2.282137218430891
1.6333715384615384,65.0,0.18991866348469,2.282201060488681
1.633751923076923,65.0,0.18991856944703114,2.2822380795411705
1.6341323076923078,65.0,0.18991849229092614,2.2822949342931103
1.6345126923076922,65.0,0.1899184294560774,2.2823898904473086
1.634893076923077,65.0,0.1899183013465757,2.282419007641331
1.6352734615384616,65.0,0.18991818405815641,2.2825256248472803
1.6356538461538461,65.0,0.18991810961493605,2.282615605212742
1.6360342307692308,65.0,0.1899179836453017,2.282654929093965
1.6364146153846153,65.0,0.189917835471493,2.282803782409278
1.636795,65.0,0.1899177202724616,2.28285702030116
1.6371753846153847,65.0,0.18991760034243788,2.282955505349963
1.6375557692307692,65.0,0.18991744346554804,2.2830613470485734
1.6379361538461539,65.0,0.1899172915553997,2.2831536773926766
1.6383165384615386,65.0,0.18991717052587911,2.2832413067806714
1.638696923076923,65.0,0.18991700832798003,2.283338659532273
1.6390773076923078,65.0,0.18991682985677127,2.2834463433348406
1.6394576923076922,65.0,0.1899166973930725,2.2835035083040394
1.639838076923077,65.0,0.18991652924174537,2.2836304079375167
1.6402184615384616,65.0,0.18991635069043938,2.2836874258605677
1.640598846153846,65.0,0.18991620830173236,2.28378434716465
1.6409792307692308,65.0,0.18991602413945136,2.283850092806008
1.6413596153846155,65.0,0.18991584586804536,2.283943314406999
1.64174,65.0,0.18991570242863048,2.2839921557888103
1.6421203846153847,65.0,0.18991552339924048,2.2840690983542555
1.6425007692307692,65.0,0.18991533609507402,2.2841428686614322
1.6428811538461539,65.0,0.18991517401216076,2.2841628919721724
1.6432615384615386,65.0,0.18991502202395913,2.2842693693542166
1.643641923076923,65.0,0.18991485034142838,2.2842743095439566
1.6440223076923077,65.0,0.18991465940255167,2.284337702623512
1.6444026923076922,65.0,0.18991451578426463,2.2843969208631094
1.644783076923077,65.0,0.18991437202960665,2.2844035789878565
1.6451634615384616,65.0,0.189914175315364,2.284460716934205
1.645543846153846,65.0,0.18991403252717864,2.2845096577398687
1.6459242307692308,65.0,0.1899139084162598,2.2845088365500184
1.6463046153846155,65.0,0.18991372395096176,2.284558108972453
1.646685,65.0,0.1899135790927225,2.2846112910641256
1.6470653846153847,65.0,0.18991346157101885,2.2845857680061887
1.6474457692307691,65.0,0.1899133092369644,2.284671988132552
1.6478261538461538,65.0,0.18991317786615214,2.2846738237088347
1.6482065384615385,65.0,0.18991305971138822,2.2846921761315775
1.648586923076923,65.0,0.18991293083241073,2.2847569877853466
1.6489673076923077,65.0,0.189912817199856,2.28475779702107
1.6493476923076924,65.0,0.18991271911106686,2.284799939007186
1.6497280769230769,65.0,0.18991261335145038,2.2848384654267027
1.6501084615384616,65.0,0.1899124983431381,2.2848655222874035
1.650488846153846,65.0,0.18991242452106935,2.284900585000018
1.6508692307692308,65.0,0.18991236208643889,2.2849439199104546
1.6512496153846155,65.0,0.1899122573729344,2.2849708361626306
1.65163,65.0,0.18991218563875298,2.285021662265256
1.6520103846153846,65.0,0.1899121554506881,2.2850425535131467
1.6523907692307693,65.0,0.18991208692239986,2.28509691751837
1.6527711538461538,65.0,0.18991202327944656,2.2851299128859943
1.6531515384615385,65.0,0.18991200941976172,2.285152346802405
1.653531923076923,65.0,0.1899119821783077,2.285225449473713
1.6539123076923077,65.0,0.18991193870332282,2.2852063505063347
1.6542926923076924,65.0,0.18991192511577346,2.285290907929393
1.6546730769230769,65.0,0.18991193869847708,2.285293190516755
1.6550534615384616,65.0,0.18991193493010208,2.285307783100367
1.6554338461538463,65.0,0.18991192628493928,2.2853737666325236
1.6558142307692307,65.0,0.18991196397841323,2.2853475257391476
1.6561946153846154,65.0,0.1899119897560792,2.2853793470581363
1.656575,65.0,0.18991200684184995,2.2854059302490706
1.6569553846153846,65.0,0.18991207248602693,2.2853786959292886
1.6573357692307693,65.0,0.1899121087908906,2.2853840650177926
1.6577161538461538,65.0,0.1899121441227778,2.2854143544269885
1.6580965384615385,65.0,0.18991224654054648,2.285326251320269
1.6584769230769232,65.0,0.18991230942312892,2.2853739654793417
1.6588573076923077,65.0,0.18991235681912774,2.285318725848743
1.6592376923076924,65.0,0.1899124671770862,2.2852629102335253
1.6596180769230768,65.0,0.18991256464524903,2.2852682294119435
1.6599984615384615,65.0,0.1899126438267646,2.285175644991303
1.6603788461538462,65.0,0.18991274784405773,2.2851511068919037
1.6607592307692307,65.0,0.1899128711520108,2.285074468708057
1.6611396153846154,65.0,0.18991298911578638,2.2850185351040238
1.66152,65.0,0.18991308362991494,2.284936751765249
1.6619003846153846,65.0,0.1899132171186286,2.2848684079538
1.6622807692307693,65.0,0.1899133757488937,2.284786420086509
1.6626611538461538,65.0,0.18991347857270535,2.284690527999877
1.6630415384615385,65.0,0.18991361146899835,2.2846219623487922
1.6634219230769232,65.0,0.18991378128031433,2.2845118704482417
1.6638023076923076,65.0,0.1899139038493175,2.2844253797972796
1.6641826923076923,65.0,0.1899140507740292,2.2843371270547537
1.664563076923077,65.0,0.18991421166371367,2.2842337408756417
1.6649434615384615,65.0,0.1899143413508843,2.2841331462986125
1.6653238461538462,65.0,0.18991449812378375,2.284057910740815
1.6657042307692307,65.0,0.18991466604015084,2.2839423734236917
1.6660846153846154,65.0,0.18991480818430967,2.2838584395508517
1.666465,65.0,0.1899149466904566,2.28378017375092
1.6668453846153846,65.0,0.1899151141552216,2.2836752993085856
1.6672257692307693,65.0,0.18991528037763375,2.283597957241167
1.667606153846154,65.0,0.18991540355318134,2.2835307570540184
1.6679865384615384,65.0,0.18991555830771098,2.283439925712425
1.6683669230769231,65.0,0.18991574008600967,2.2833730745725775
1.6687473076923076,65.0,0.1899158559482686,2.283318447243492
1.6691276923076923,65.0,0.18991598928136344,2.2832395597373365
1.669508076923077,65.0,0.18991616726201616,2.283196226645799
1.6698884615384615,65.0,0.18991629544280858,2.2831465377837965
1.6702688461538462,65.0,0.18991641512711774,2.2830875506699666
1.6706492307692307,65.0,0.18991655814644057,2.2830605468202436
1.6710296153846154,65.0,0.1899166940133393,2.283019325704828
1.67141,65.0,0.1899168176000892,2.282984004959307
1.6717903846153845,65.0,0.18991692707707838,2.2829571293609883
1.6721707692307692,65.0,0.18991705027478684,2.2829487003154703
1.672551153846154,65.0,0.18991716572744508,2.2828962591223667
1.6729315384615384,65.0,0.18991725969111709,2.282911053419851
1.6733119230769231,65.0,0.18991738200986588,2.282892137199518
1.6736923076923076,65.0,0.18991747240242401,2.282850700179057
1.6740726923076923,65.0,0.18991753868370873,2.2828893603149996
1.674453076923077,65.0,0.18991766064681342,2.282844744778076
1.6748334615384615,65.0,0.18991773506469659,2.282843218181897
1.6752138461538462,65.0,0.1899177761399394,2.2828594371776028
1.6755942307692309,65.0,0.18991787904787458,2.2828335589016073
1.6759746153846153,65.0,0.18991794379018487,2.2828236087216216
1.676355,65.0,0.18991796545321232,2.2828473512365886
1.6767353846153845,65.0,0.18991802845409847,2.2828122195111464
1.6771157692307692,65.0,0.18991808897258464,2.2828157042723007
1.677496153846154,65.0,0.18991811031922243,2.282827979061866
1.6778765384615384,65.0,0.18991812367995456,2.282782909282593
1.678256923076923,65.0,0.1899181594495587,2.282812904563674
1.6786373076923078,65.0,0.18991818779401431,2.282789170379026
1.6790176923076923,65.0,0.1899181744261217,2.2827656537970165
1.679398076923077,65.0,0.18991817341883246,2.2827891009153345
1.6797784615384614,65.0,0.18991818431897126,2.282752796932184
1.6801588461538461,65.0,0.18991815777766322,2.2827468661267423
1.6805392307692308,65.0,0.18991814050569697,2.28275937779824
1.6809196153846153,65.0,0.18991812798727706,2.2827198437075595
1.6813,65.0,0.18991807522576562,2.282740494225815
1.6816803846153847,65.0,0.1899180376599013,2.282715938768841
1.6820607692307692,65.0,0.18991800903699585,2.282721618737513
1.682441153846154,65.0,0.18991794083405436,2.2827234921949984
1.6828215384615384,65.0,0.18991787394237838,2.282704267601781
1.683201923076923,65.0,0.18991782628277046,2.2827468417518966
1.6835823076923078,65.0,0.18991775431147334,2.2827086277768838
1.6839626923076922,65.0,0.18991765135029998,2.2827518367046444
1.684343076923077,65.0,0.18991757990542613,2.282769419514062
1.6847234615384616,65.0,0.18991751844352037,2.282758245833679
1.6851038461538461,65.0,0.1899173917398985,2.282814839749526
1.6854842307692308,65.0,0.18991728265640806,2.2828438712786645
1.6858646153846153,65.0,0.18991721907403375,2.282842923742412
1.686245,65.0,0.18991709540533094,2.2829321067980874
1.6866253846153847,65.0,0.18991696184218204,2.282949462460601
1.6870057692307692,65.0,0.1899168680385792,2.2829848278308837
1.6873861538461539,65.0,0.18991674405393932,2.2830932205559256
1.6877665384615386,65.0,0.18991661432923204,2.283090082784772
1.688146923076923,65.0,0.18991649845068187,2.2831963034874114
1.6885273076923077,65.0,0.18991636328873532,2.283265832361383
1.6889076923076922,65.0,0.18991623042569242,2.283304305131332
1.689288076923077,65.0,0.1899160986779666,2.2834245034643064
1.6896684615384616,65.0,0.18991596606234,2.2834784259408027
1.690048846153846,65.0,0.189915830111393,2.283562131062526
1.6904292307692308,65.0,0.1899156796822304,2.2836612510794216
1.6908096153846155,65.0,0.18991555960985262,2.2837377337696654
1.69119,65.0,0.189915420686007,2.283818054496351
1.6915703846153847,65.0,0.1899152511807626,2.283926352754506
1.6919507692307691,65.0,0.189915147812526,2.2839969526854005
1.6923311538461538,65.0,0.18991501916218773,2.2840851055821165
1.6927115384615385,65.0,0.18991483947051804,2.28418083950197
1.693091923076923,65.0,0.1899147281847024,2.2842573159417476
1.6934723076923077,65.0,0.18991461954824201,2.2843350685686525
1.6938526923076924,65.0,0.18991446111336172,2.284414807210332
1.694233076923077,65.0,0.18991432748487563,2.284503805720598
1.6946134615384616,65.0,0.18991421899891742,2.284542261080767
1.694993846153846,65.0,0.1899140965710246,2.2846363393934945
1.6953742307692308,65.0,0.18991396643644776,2.2846923713381946
1.6957546153846155,65.0,0.1899138551737047,2.284728801361989
1.696135,65.0,0.18991375187473306,2.2848066142140375
1.6965153846153846,65.0,0.18991362908910958,2.28483726765234
1.6968957692307693,65.0,0.18991353032206443,2.2848718698673833
1.6972761538461538,65.0,0.18991344425029735,2.2849194848203775
1.6976565384615385,65.0,0.1899133302094957,2.284948077913624
1.698036923076923,65.0,0.18991324916544708,2.284948765835704
1.6984173076923077,65.0,0.1899131783363518,2.2850075387098423
1.6987976923076924,65.0,0.1899130768550855,2.284979736385826
1.6991780769230769,65.0,0.18991300885059575,2.285013047116633
1.6995584615384616,65.0,0.18991296031515326,2.2850215485741856
1.699938846153846,65.0,0.1899128860261494,2.284993755540734
1.7003192307692307,65.0,0.1899128140934844,2.2850242391381044
1.7006996153846154,65.0,0.18991277765669937,2.2849975645269867
1.70108,65.0,0.18991275362506796,2.2849933508085796
1.7014603846153846,65.0,0.1899126853763003,2.2849748928691893
1.7018407692307693,65.0,0.18991264041650846,2.284987759378181
1.7022211538461538,65.0,0.18991265352171324,2.284926154786359
1.7026015384615385,65.0,0.18991261496917233,2.284951212148774
1.702981923076923,65.0,0.18991258009452008,2.28492233796358
1.7033623076923077,65.0,0.18991260286730038,2.2848839157286904
1.7037426923076924,65.0,0.18991258860441854,2.284898455365225
1.7041230769230769,65.0,0.18991257774026238,2.2848550877275207
1.7045034615384616,65.0,0.18991260907045554,2.2848515251360557
1.7048838461538462,65.0,0.18991261697946007,2.2848201183689443
1.7052642307692307,65.0,0.1899126311344141,2.2848319838257574
1.7056446153846154,65.0,0.18991267147810315,2.2847752922353366
1.706025,65.0,0.18991269958462356,2.284793455420682
1.7064053846153846,65.0,0.18991273314469692,2.284775574384704
1.7067857692307693,65.0,0.18991278345045726,2.284731856614498
1.7071661538461538,65.0,0.18991284319225932,2.284768548388019
1.7075465384615385,65.0,0.1899128886868928,2.2847092741906705
1.7079269230769232,65.0,0.18991293513469948,2.2847211583396603
1.7083073076923077,65.0,0.18991302969706286,2.284713156131543
1.7086876923076924,65.0,0.1899131041637844,2.2846802174537975
1.7090680769230768,65.0,0.18991314290206487,2.2846806365595707
1.7094484615384615,65.0,0.1899132422079212,2.2846725388754936
1.7098288461538462,65.0,0.18991335267984885,2.284636301329466
1.7102092307692307,65.0,0.18991341435286185,2.2846373564968117
1.7105896153846154,65.0,0.18991350719091696,2.284616851038124
1.71097,65.0,0.18991362857085692,2.2845850897936715
1.7113503846153846,65.0,0.18991371904689788,2.284571033221954
1.7117307692307693,65.0,0.18991381335417812,2.284540674551326
1.7121111538461538,65.0,0.18991393862600695,2.2845186054318494
1.7124915384615385,65.0,0.1899140514682109,2.2844661079505917
1.7128719230769232,65.0,0.1899141514110411,2.284459676787967
1.7132523076923076,65.0,0.18991427847758982,2.2843957085711217
1.7136326923076923,65.0,0.18991440153405506,2.28435144666819
1.714013076923077,65.0,0.18991450714849797,2.2843386914700226
1.7143934615384615,65.0,0.18991464209910294,2.2842348759369666
1.7147738461538462,65.0,0.18991477357676428,2.284221490905781
1.7151542307692307,65.0,0.1899148720802893,2.284156861742553
1.7155346153846154,65.0,0.18991500742059858,2.2840732835575173
1.715915,65.0,0.18991515720275476,2.2840339830065983
1.7162953846153846,65.0,0.18991525745485327,2.283968574352501
1.7166757692307693,65.0,0.1899153711174832,2.2838626483683004
1.717056153846154,65.0,0.1899155189641602,2.283843851992309
1.7174365384615384,65.0,0.18991564635382216,2.2837387888649308
1.7178169230769231,65.0,0.18991575000687186,2.2836497833358487
1.7181973076923076,65.0,0.18991586943419655,2.283637347194368
1.7185776923076923,65.0,0.18991601089755875,2.2834841101174312
1.718958076923077,65.0,0.18991611434315997,2.2834666123267273
1.7193384615384615,65.0,0.18991620924317387,2.2833774378551794
1.7197188461538462,65.0,0.18991635013281208,2.283290530103833
1.7200992307692309,65.0,0.1899164519915997,2.2832453551832224
1.7204796153846154,65.0,0.18991653269075737,2.283159100925499
1.72086,65.0,0.18991665871812066,2.2831072170482223
1.7212403846153845,65.0,0.18991675134776176,2.283036087560929
1.7216207692307692,65.0,0.1899168283388144,2.2829918124281954
1.722001153846154,65.0,0.18991693971088064,2.282926513510621
1.7223815384615384,65.0,0.18991701517070117,2.2828881509184953
1.722761923076923,65.0,0.18991707847389713,2.282839885228475
1.7231423076923078,65.0,0.1899171774600832,2.2828102504725325
1.7235226923076923,65.0,0.18991725026029768,2.282761419715911
1.723903076923077,65.0,0.18991729299795593,2.282755272804418
1.7242834615384615,65.0,0.18991735366065263,2.2827246726143513
1.7246638461538462,65.0,0.18991742994923433,2.28269303566205
1.7250442307692309,65.0,0.18991747614129315,2.2827205650354867
1.7254246153846153,65.0,0.18991749389898155,2.282676901026862
1.725805,65.0,0.18991755022171972,2.2826940094526633
1.7261853846153845,65.0,0.189917596895355,2.282713536222426
1.7265657692307692,65.0,0.18991759315213225,2.2826884690023763
1.726946153846154,65.0,0.1899176203004756,2.2827305666798727
1.7273265384615384,65.0,0.18991765592606635,2.282755301818409
1.727706923076923,65.0,0.18991764742309314,2.282732690570655
1.7280873076923078,65.0,0.18991764375494177,2.282814185560899
1.7284676923076923,65.0,0.18991765580911288,2.282812887100929
1.728848076923077,65.0,0.1899176476180322,2.2828245445243933
1.7292284615384614,65.0,0.18991762320811784,2.2829105644253915
1.7296088461538461,65.0,0.189917611333598,2.282895862079257
1.7299892307692308,65.0,0.18991758967918534,2.282940287941053
1.7303696153846153,65.0,0.18991754470727773,2.2830093780649094
1.73075,65.0,0.18991752645167964,2.2829991623096193
1.7311303846153847,65.0,0.18991749186155008,2.28306128971216
1.7315107692307692,65.0,0.1899174129757877,2.2831054003727465
1.7318911538461539,65.0,0.18991737851296397,2.2831125033834074
1.7322715384615384,65.0,0.18991734863632495,2.2831707365501357
1.732651923076923,65.0,0.18991725596335107,2.2832004693779697
1.7330323076923078,65.0,0.18991718835307445,2.2832217409576323
1.7334126923076922,65.0,0.18991714635742307,2.2832698189278053
1.733793076923077,65.0,0.18991705909752132,2.2832828533996254
1.7341734615384616,65.0,0.18991696879938536,2.283326868408421
1.7345538461538461,65.0,0.18991689907698522,2.283344406582224
1.7349342307692308,65.0,0.18991682434749801,2.2833753597461173
1.7353146153846153,65.0,0.18991672273255886,2.2834025259723933
1.735695,65.0,0.1899166212784773,2.2834174548808073
1.7360753846153847,65.0,0.18991654985219814,2.283462505555465
1.7364557692307692,65.0,0.18991644811692604,2.283459106240816
1.7368361538461539,65.0,0.1899163298784795,2.283504613647926
1.7372165384615386,65.0,0.18991624460429468,2.283524731992058
1.737596923076923,65.0,0.18991613816740008,2.283531868802568
1.7379773076923077,65.0,0.1899160192596069,2.2835820539419314
1.7383576923076922,65.0,0.18991593009515406,2.2835961373815086
1.738738076923077,65.0,0.1899158123787646,2.2836128202789023
1.7391184615384616,65.0,0.18991567994318873,2.2836604321456933
1.739498846153846,65.0,0.18991559330380733,2.2836860344839045
1.7398792307692308,65.0,0.18991548839491396,2.2837006643800386
1.7402596153846155,65.0,0.18991534552837333,2.283761518289824
1.74064,65.0,0.18991524095582757,2.283786408495107
1.7410203846153847,65.0,0.18991515087377012,2.283815247608158
1.7414007692307691,65.0,0.18991501741448782,2.2838702913325135
1.7417811538461538,65.0,0.18991489441152176,2.2839206489386235
1.7421615384615385,65.0,0.18991480811270295,2.2839368055890854
1.742541923076923,65.0,0.1899146976299217,2.284018974758588
1.7429223076923077,65.0,0.18991456560473083,2.284054344684036
1.7433026923076924,65.0,0.1899144705649611,2.284093496087977
1.743683076923077,65.0,0.18991438279561892,2.2841802723148446
1.7440634615384616,65.0,0.189914262138907,2.2842052217858333
1.744443846153846,65.0,0.18991415833347197,2.2842681108720853
1.7448242307692308,65.0,0.18991407375943395,2.2843457039156765
1.7452046153846155,65.0,0.18991397591156264,2.284376050652995
1.745585,65.0,0.18991388150805172,2.284437101777776
1.7459653846153846,65.0,0.18991380054115276,2.2845322502127883
1.7463457692307693,65.0,0.18991371144011102,2.284516857835149
1.7467261538461538,65.0,0.18991362369162088,2.2846399776403863
1.7471065384615385,65.0,0.1899135655327738,2.284665589092912
1.747486923076923,65.0,0.18991349767036328,2.2846868682685066
1.7478673076923077,65.0,0.1899134064887968,2.284800091334888
1.7482476923076924,65.0,0.18991335766245085,2.284781807697942
1.7486280769230769,65.0,0.18991332316190498,2.2848514993272175
1.7490084615384616,65.0,0.1899132394568707,2.2848947503468136
1.7493888461538463,65.0,0.18991319166708406,2.2849081835893745
1.7497692307692307,65.0,0.1899131853270712,2.28494721147818
1.7501496153846154,65.0,0.18991312476314762,2.2849723868251903
1.75053,65.0,0.18991307785940614,2.2849839723426526
1.7509103846153846,65.0,0.1899130819634997,2.285001635862822
1.7512907692307693,65.0,0.18991305813622283,2.2850116538878606
1.7516711538461538,65.0,0.18991302578804767,2.2850043478937168
1.7520515384615385,65.0,0.1899130222892764,2.2850207591421414
1.7524319230769232,65.0,0.18991302623044973,2.2849878806935564
1.7528123076923077,65.0,0.1899130266579256,2.2850030936852366
1.7531926923076924,65.0,0.18991302596722218,2.2849649665827854
1.7535730769230768,65.0,0.18991304376969523,2.284945831975918
1.7539534615384615,65.0,0.18991306040669917,2.284941271594643
1.7543338461538462,65.0,0.18991307505536095,2.2848728414903445
1.7547142307692307,65.0,0.1899131209369345,2.2848723521989043
1.7550946153846154,65.0,0.18991314759917577,2.2848292983853287
1.755475,65.0,0.18991316603180022,2.2847632963694395
1.7558553846153846,65.0,0.1899132323176419,2.284760742674079
1.7562357692307693,65.0,0.18991328209729744,2.284691759579351
1.7566161538461538,65.0,0.18991330519597932,2.2846314411772037
1.7569965384615385,65.0,0.18991337673091527,2.2846364998611697
1.7573769230769232,65.0,0.18991345531732176,2.2845267255499917
1.7577573076923076,65.0,0.18991349248816194,2.2845066574411845
1.7581376923076923,65.0,0.18991355521985012,2.2844887978756625
1.7585180769230768,65.0,0.18991365587356346,2.2843634092454423
1.7588984615384615,65.0,0.18991372303347906,2.2843969076946204
1.7592788461538462,65.0,0.1899137750070264,2.2843088651841907
1.7596592307692307,65.0,0.18991387633154994,2.284253669148594
1.7600396153846154,65.0,0.18991397307209504,2.2842486313810273
1.76042,65.0,0.18991403795050443,2.2841779560240165
1.7608003846153846,65.0,0.1899141344530604,2.2841333183719446
1.7611807692307693,65.0,0.18991423313541486,2.2841273362634587
1.7615611538461537,65.0,0.1899143136952067,2.2840582524006834
1.7619415384615384,65.0,0.18991441967029107,2.284027841562746
1.7623219230769231,65.0,0.18991452099810785,2.2840303542569083
1.7627023076923076,65.0,0.1899146072227943,2.283939545277956
1.7630826923076923,65.0,0.189914708879752,2.2839711589257017
1.763463076923077,65.0,0.18991481862024234,2.2839003239774485
1.7638434615384615,65.0,0.18991491733290866,2.283891865382519
1.7642238461538462,65.0,0.18991500366563407,2.2838715104945515
1.7646042307692307,65.0,0.18991511871414626,2.2838281013689086
1.7649846153846154,65.0,0.1899152348259922,2.2838301958338483
1.765365,65.0,0.18991530669686404,2.283775882691446
1.7657453846153846,65.0,0.18991541318577482,2.283786646308665
1.7661257692307692,65.0,0.18991554691042373,2.2837349104050473
1.766506153846154,65.0,0.18991561919418812,2.2837235407955436
1.7668865384615384,65.0,0.1899157009800434,2.2837034243880416
1.7672669230769231,65.0,0.18991583372692442,2.2836686468173153
1.7676473076923076,65.0,0.1899159239697282,2.2836434382389523
1.7680276923076923,65.0,0.18991599578097518,2.283627582318404
1.768408076923077,65.0,0.18991610321947075,2.2835880932080577
1.7687884615384615,65.0,0.18991619494491344,2.283551512185096
1.7691688461538462,65.0,0.18991627146733958,2.283548571458676
1.7695492307692309,65.0,0.18991636436846693,2.2834791185832044
1.7699296153846154,65.0,0.18991644821134918,2.283473595811942
1.77031,65.0,0.18991651644950877,2.283428680184514
1.7706903846153845,65.0,0.1899165952281448,2.2833877928918724
1.7710707692307692,65.0,0.18991667691516326,2.283355932987397
1.771451153846154,65.0,0.18991673459322989,2.2833226129376483
1.7718315384615384,65.0,0.18991679288832392,2.283273682496997
1.772211923076923,65.0,0.1899168727393218,2.2832389008269995
1.7725923076923078,65.0,0.18991692454153986,2.2832147326042547
1.7729726923076923,65.0,0.1899169569447943,2.2831439640122246
1.773353076923077,65.0,0.18991702471702143,2.283145245990428
1.7737334615384615,65.0,0.18991708172959496,2.2830893016010894
1.7741138461538462,65.0,0.18991709093098721,2.283037914235076
1.7744942307692309,65.0,0.1899171250474903,2.283050361822294
1.7748746153846153,65.0,0.18991718565029606,2.282979644443855
1.775255,65.0,0.18991719649836242,2.2829573582642375
1.7756353846153847,65.0,0.18991719594854253,2.2829625891764596
1.7760157692307692,65.0,0.18991723046167047,2.2829058858963265
1.776396153846154,65.0,0.18991724617196695,2.282891481299013
1.7767765384615384,65.0,0.1899172318395208,2.282916662133424
1.777156923076923,65.0,0.18991724201748314,2.282846332843248
1.7775373076923078,65.0,0.18991724674441468,2.2828877929104427
1.7779176923076923,65.0,0.18991721604581188,2.2828742412695564
1.778298076923077,65.0,0.18991721260642783,2.282855535421232
1.7786784615384617,65.0,0.18991720311816984,2.2829007545414273
1.7790588461538461,65.0,0.18991715649750196,2.282882177923725
1.7794392307692308,65.0,0.18991713821753903,2.282913000414002
1.7798196153846153,65.0,0.18991711747367088,2.2829333209085814
1.7802,65.0,0.18991705929204086,2.282959173966708
1.7805803846153847,65.0,0.1899170181405937,2.2829802183554055
1.7809607692307692,65.0,0.1899169884261019,2.2830356717717653
1.7813411538461539,65.0,0.18991693175913205,2.2830444625750452
1.7817215384615384,65.0,0.1899168587870114,2.2831063881334877
1.782101923076923,65.0,0.18991680708548958,2.2831494194679167
1.7824823076923078,65.0,0.1899167696494534,2.283176549307854
1.7828626923076922,65.0,0.18991668296444383,2.283255818286062
1.783243076923077,65.0,0.18991659591751694,2.2832727973624825
1.7836234615384616,65.0,0.18991655704621213,2.28335925651378
1.784003846153846,65.0,0.18991647665380806,2.283382280229055
1.7843842307692308,65.0,0.1899163756661,2.2834492965680484
1.7847646153846153,65.0,0.18991632064907019,2.2835199301640237
1.785145,65.0,0.189916237381841,2.2835326592770837
1.7855253846153847,65.0,0.18991613505995272,2.2836256819833887
1.7859057692307692,65.0,0.18991606711409942,2.283668630294961
1.7862861538461539,65.0,0.18991597859926346,2.283691020391594
1.7866665384615386,65.0,0.1899158779379262,2.2837862699568654
1.787046923076923,65.0,0.18991579814705037,2.283808238481994
1.7874273076923077,65.0,0.18991571223104015,2.283835132829288
1.7878076923076922,65.0,0.18991560835105314,2.2839348548789773
1.788188076923077,65.0,0.18991551728592054,2.283918878081462
1.7885684615384616,65.0,0.18991544491323903,2.2839781573804103
1.788948846153846,65.0,0.18991533691079826,2.284040539847795
1.7893292307692308,65.0,0.18991522778840178,2.2840233938147922
1.7897096153846155,65.0,0.18991516607838038,2.2840928111196335
1.79009,65.0,0.189915077515049,2.2841223404103315
1.7904703846153847,65.0,0.18991495829668992,2.2841078098807417
1.7908507692307691,65.0,0.18991487950401384,2.2841895114667445
1.7912311538461538,65.0,0.1899148096944115,2.284170381009169
1.7916115384615385,65.0,0.1899147097462338,2.284191616014438
1.791991923076923,65.0,0.18991461501309037,2.284247545918509
1.7923723076923077,65.0,0.18991454616753325,2.284214810416057
1.7927526923076924,65.0,0.18991446793536282,2.284264600752005
1.7931330769230769,65.0,0.1899143694451025,2.284272729041736
1.7935134615384616,65.0,0.1899143019862033,2.2842743454741385
1.793893846153846,65.0,0.18991423821897896,2.2843070587990706
1.7942742307692308,65.0,0.1899141440781001,2.2843026037011236
1.7946546153846155,65.0,0.18991408369748683,2.284335129973542
1.795035,65.0,0.18991402940230878,2.284326790275297
1.7954153846153846,65.0,0.189913941104788,2.28435976451009
1.7957957692307693,65.0,0.18991389376719814,2.284372681029438
1.7961761538461538,65.0,0.18991385183454218,2.2843671071078706
1.7965565384615385,65.0,0.1899137657906334,2.284413006168604
1.796936923076923,65.0,0.18991372328405587,2.284413623776048
1.7973173076923077,65.0,0.18991370324412418,2.2844211578312756
1.7976976923076924,65.0,0.18991364124585872,2.284465270865499
1.7980780769230769,65.0,0.18991358801620065,2.2844666619251037
1.7984584615384616,65.0,0.18991357004246873,2.284478441828997
1.7988388461538463,65.0,0.18991354846135441,2.284525103257058
1.7992192307692307,65.0,0.1899135040490924,2.28451898662171
1.7995996153846154,65.0,0.18991347673180733,2.284547763743137
1.79998,65.0,0.18991347900630653,2.284580409253579
1.8003603846153846,65.0,0.18991345719256075,2.284575610538249
1.8007407692307693,65.0,0.18991342914614223,2.2846116264352405
1.8011211538461538,65.0,0.1899134440026169,2.284631679731111
1.8015015384615385,65.0,0.18991344414783068,2.2846306381389554
1.8018819230769232,65.0,0.18991342667458316,2.284659849434513
1.8022623076923077,65.0,0.18991345044253544,2.284678022821079
1.8026426923076924,65.0,0.18991346546370838,2.28466233307189
1.8030230769230768,65.0,0.189913465293413,2.2847033129729155
1.8034034615384615,65.0,0.18991350096354817,2.284691458667708
1.8037838461538462,65.0,0.18991352635661915,2.2846876897589894
1.8041642307692307,65.0,0.18991353523978396,2.284702203338553
1.8045446153846154,65.0,0.18991358085998958,2.2846976483775085
1.8049250000000001,65.0,0.18991363444315054,2.2846692195762714
1.8053053846153846,65.0,0.1899136541286404,2.2846827808495265
1.8056857692307693,65.0,0.18991368579200088,2.284665638476158
1.8060661538461538,65.0,0.18991376338811242,2.284614298579779
1.8064465384615385,65.0,0.1899138128477839,2.2846449740489194
1.8068269230769232,65.0,0.18991383817009286,2.284572361803774
1.8072073076923076,65.0,0.18991391647608888,2.2845639068907553
1.8075876923076923,65.0,0.18991398976129267,2.284531982734823
1.807968076923077,65.0,0.1899140288022451,2.2844851228133605
1.8083484615384615,65.0,0.18991410082539809,2.284448470325869
1.8087288461538462,65.0,0.18991418395005435,2.2844147613541033
1.8091092307692307,65.0,0.18991424590480463,2.2843576321428403
1.8094896153846154,65.0,0.18991431473906964,2.2843061499479624
1.80987,65.0,0.18991439620569767,2.284285082807979
1.8102503846153846,65.0,0.18991447915271265,2.284190704307363
1.8106307692307693,65.0,0.18991455043180455,2.2841757508804625
1.8110111538461537,65.0,0.1899146294873218,2.2841059720561967
1.8113915384615384,65.0,0.1899147205106227,2.284046987306039
1.8117719230769231,65.0,0.18991478657964875,2.284008029243466
1.8121523076923076,65.0,0.1899148767589113,2.2839435456418453
1.8125326923076923,65.0,0.18991498189749192,2.283897785576491
1.812913076923077,65.0,0.1899150296664769,2.2838330474302704
1.8132934615384615,65.0,0.18991511645172013,2.283808437227991
1.8136738461538462,65.0,0.18991523760464885,2.283730591237729
1.8140542307692307,65.0,0.1899152888758831,2.2836996302537673
1.8144346153846154,65.0,0.18991536202838968,2.283662424736192
1.814815,65.0,0.1899154735796691,2.283602912474492
1.8151953846153845,65.0,0.189915544593173,2.283570534446147
1.8155757692307692,65.0,0.18991561064021728,2.2835494370909566
1.815956153846154,65.0,0.1899156974112334,2.283489922120692
1.8163365384615384,65.0,0.18991578528820025,2.283473436067595
1.8167169230769231,65.0,0.1899158509828825,2.283462733102386
1.8170973076923076,65.0,0.18991591374520986,2.2833903043071686
1.8174776923076923,65.0,0.18991600380391857,2.2834271636970147
1.817858076923077,65.0,0.18991607282467593,2.283373414528673
1.8182384615384615,65.0,0.1899161228549902,2.283345032212922
1.8186188461538462,65.0,0.1899162016484497,2.2833851103527323
1.8189992307692309,65.0,0.18991626116968546,2.2833123627035814
1.8193796153846153,65.0,0.18991630924320618,2.2833358841818523
1.81976,65.0,0.18991638618814516,2.2833388351297126
1.8201403846153845,65.0,0.18991643344097084,2.283298933008446
1.8205207692307692,65.0,0.1899164663437834,2.283319740223174
1.820901153846154,65.0,0.18991653070288603,2.2833256985039254
1.8212815384615384,65.0,0.18991658661244046,2.283283225426804
1.821661923076923,65.0,0.18991660945671415,2.2833311349794227
1.8220423076923078,65.0,0.18991664031238878,2.2832984545896515
1.8224226923076923,65.0,0.18991670194977134,2.2833037472820483
1.822803076923077,65.0,0.1899167273902513,2.283317302357586
1.8231834615384614,65.0,0.18991672695352937,2.2832908986409697
1.8235638461538461,65.0,0.18991677917094496,2.2833279761450287
1.8239442307692308,65.0,0.1899168084193894,2.2832773118694503
1.8243246153846153,65.0,0.18991679175430234,2.2833271857295423
1.824705,65.0,0.1899168223571857,2.2832893320590593
1.8250853846153847,65.0,0.1899168462582362,2.2832941819896013
1.8254657692307692,65.0,0.18991683231649942,2.283310709609071
1.825846153846154,65.0,0.1899168384605913,2.283276167208812
1.8262265384615384,65.0,0.18991684090919006,2.283294364527698
1.826606923076923,65.0,0.1899168303692347,2.283286633892747
1.8269873076923078,65.0,0.1899168265158489,2.2832745234087994
1.8273676923076922,65.0,0.18991681463963442,2.28326936939292
1.827748076923077,65.0,0.18991679448506502,2.2832924122495375
1.8281284615384616,65.0,0.1899167694673542,2.2832357125894642
1.8285088461538461,65.0,0.1899167523448637,2.2832879879292305
1.8288892307692308,65.0,0.18991673731996953,2.2832589512455668
1.8292696153846153,65.0,0.18991668299099412,2.2832389136920934
1.82965,65.0,0.18991664893016402,2.2832950565108847
1.8300303846153847,65.0,0.1899166434493265,2.2832351660156647
1.8304107692307692,65.0,0.18991657423342428,2.283271576009641
1.8307911538461539,65.0,0.1899165179296219,2.2832851607050477
1.8311715384615386,65.0,0.1899165081241621,2.283265298982618
1.831551923076923,65.0,0.1899164414964795,2.283289772218991
1.8319323076923077,65.0,0.1899163674331592,2.2833171594359825
1.8323126923076922,65.0,0.1899163371627184,2.283303555957458
1.832693076923077,65.0,0.1899162819712005,2.283340509009932
1.8330734615384616,65.0,0.1899162046833644,2.2833682529515364
1.833453846153846,65.0,0.18991614310360272,2.2833691622682895
1.8338342307692308,65.0,0.18991608791562373,2.2834165445038357
1.8342146153846155,65.0,0.1899160190241966,2.2834415830059105
1.834595,65.0,0.18991594454179286,2.283469027024286
1.8349753846153847,65.0,0.18991588385287006,2.283508998681561
1.8353557692307692,65.0,0.18991580652650672,2.2835497410294416
1.8357361538461539,65.0,0.18991572590727937,2.283583066794424
1.8361165384615385,65.0,0.1899156725698848,2.283629148380768
1.836496923076923,65.0,0.18991559019061083,2.2836783395460283
1.8368773076923077,65.0,0.18991549623042694,2.2837130051298797
1.8372576923076922,65.0,0.18991544388827336,2.2837718779335043
1.837638076923077,65.0,0.1899153706594264,2.2838115320376
1.8380184615384616,65.0,0.18991527272764672,2.2838650341076123
1.838398846153846,65.0,0.18991520622501354,2.283909155167103
1.8387792307692308,65.0,0.18991514563138828,2.2839712713338525
1.8391596153846155,65.0,0.18991506069337893,2.283992489399615
1.83954,65.0,0.18991497065943344,2.2840715138946557
1.8399203846153847,65.0,0.18991491923002196,2.2841057172148846
1.8403007692307691,65.0,0.18991485959190374,2.2841289047383984
1.8406811538461538,65.0,0.1899147525359907,2.2842194955796797
1.8410615384615385,65.0,0.1899146965955398,2.2842140874191013
1.841441923076923,65.0,0.18991465324090856,2.2842764632379287
1.8418223076923077,65.0,0.1899145572680605,2.284314031472767
1.8422026923076924,65.0,0.18991450341277977,2.284339841146316
1.8425830769230769,65.0,0.18991445399969273,2.284368370683275
1.8429634615384616,65.0,0.18991437051287852,2.2844067001835797
1.843343846153846,65.0,0.1899143287329708,2.284428316367926
1.8437242307692308,65.0,0.1899142805136325,2.2844326819049456
1.8441046153846155,65.0,0.18991420880574508,2.2844827978114135
1.844485,65.0,0.189914166607823,2.2844704459362624
1.8448653846153846,65.0,0.1899141269009887,2.284488515011355
1.8452457692307693,65.0,0.18991408007901292,2.284511451880971
1.8456261538461538,65.0,0.189914029671294,2.2845011670772988
1.8460065384615385,65.0,0.18991399346353535,2.2845040292426524
1.846386923076923,65.0,0.1899139790709486,2.2845283618813137
1.8467673076923077,65.0,0.18991392458475206,2.2844897751339097
1.8471476923076924,65.0,0.18991388616649232,2.2845144234085426
1.8475280769230769,65.0,0.18991389992232596,2.2845118149590076
1.8479084615384616,65.0,0.18991385701584057,2.2844656236263567
1.8482888461538463,65.0,0.18991381467484938,2.284508829145326
1.8486692307692307,65.0,0.18991383004459636,2.2844687474089045
1.8490496153846154,65.0,0.18991381616428943,2.2844473548446182
1.84943,65.0,0.18991379071950773,2.284476429906733
1.8498103846153846,65.0,0.189913792544871,2.2844260043897804
1.8501907692307693,65.0,0.1899137955969364,2.284423573269953
1.8505711538461538,65.0,0.18991378996474034,2.284435885933429
1.8509515384615385,65.0,0.18991379314555054,2.284381678997032
1.8513319230769232,65.0,0.1899138117458617,2.2844076216696663
1.8517123076923077,65.0,0.189913812001201,2.284378483616249
1.8520926923076924,65.0,0.18991382030549311,2.284365620827318
1.8524730769230768,65.0,0.18991386046779185,2.284369686805714
1.8528534615384615,65.0,0.1899138669304128,2.2843416644435353
1.8532338461538462,65.0,0.18991387633480802,2.284352831465485
1.8536142307692307,65.0,0.18991393166623088,2.2843263966721246
1.8539946153846154,65.0,0.18991395301942263,2.2843275916058015
1.854375,65.0,0.18991396376368289,2.284326219672591
1.8547553846153846,65.0,0.18991402140808586,2.2843011999926435
1.8551357692307693,65.0,0.18991406672561584,2.2843128149876706
1.8555161538461538,65.0,0.18991408819526068,2.284300580463742
1.8558965384615385,65.0,0.18991412763183502,2.2842786880741945
1.8562769230769232,65.0,0.18991418962213646,2.284299300941356
1.8566573076923076,65.0,0.18991424485516226,2.284270678494744
1.8570376923076923,65.0,0.1899142705535201,2.284254177232371
1.857418076923077,65.0,0.18991433094432097,2.284286612436231
1.8577984615384615,65.0,0.18991440725912367,2.2842203543440154
1.8581788461538462,65.0,0.18991443733082083,2.2842426957794233
1.8585592307692307,65.0,0.18991450277144384,2.284238738711653
1.8589396153846154,65.0,0.18991458106448744,2.2841781170865945
1.85932,65.0,0.18991461622750713,2.28421184769544
1.8597003846153846,65.0,0.18991469000216946,2.284168883177603
1.8600807692307693,65.0,0.18991477147922142,2.284134788264463
1.860461153846154,65.0,0.18991480991818765,2.2841469888434967
1.8608415384615384,65.0,0.18991488407857754,2.284096207021616
1.8612219230769231,65.0,0.18991496931053864,2.284064657406466
1.8616023076923076,65.0,0.18991501641363137,2.284065656065174
1.8619826923076923,65.0,0.18991508212307084,2.2840035544958988
1.862363076923077,65.0,0.1899151673561597,2.2839798590330305
1.8627434615384615,65.0,0.18991523562637636,2.2839637896969727
1.8631238461538462,65.0,0.18991528472778513,2.2838929726464565
1.8635042307692309,65.0,0.18991535346916413,2.283885804330138
1.8638846153846154,65.0,0.18991544780500075,2.283833009289693
1.864265,65.0,0.18991549975614197,2.283791470630517
1.8646453846153845,65.0,0.1899155457722443,2.283757457038817
1.8650257692307692,65.0,0.18991563877519899,2.2837164980873603
1.865406153846154,65.0,0.18991570030592433,2.283665095162077
1.8657865384615384,65.0,0.18991574326148442,2.2836378729392885
1.8661669230769231,65.0,0.18991582081045352,2.2835890552621803
1.8665473076923076,65.0,0.18991588005607235,2.2835517666360285
1.8669276923076923,65.0,0.1899159270600816,2.2835109254510155
1.867308076923077,65.0,0.18991598983604563,2.283476406086489
1.8676884615384615,65.0,0.18991604773592993,2.2834474590940497
1.8680688461538462,65.0,0.18991609080460004,2.2833860719841477
1.8684492307692309,65.0,0.18991613762588772,2.2834060041393593
1.8688296153846153,65.0,0.1899161993473356,2.2833176568503997
1.86921,65.0,0.18991623214489975,2.2833307614013507
1.8695903846153845,65.0,0.1899162618673435,2.2833090459263206
1.8699707692307692,65.0,0.18991633092889784,2.283250580156737
1.870351153846154,65.0,0.18991635600495987,2.283281295351045
1.8707315384615384,65.0,0.18991635917745203,2.283232641704472
1.871111923076923,65.0,0.1899164247087288,2.283235789090262
1.8714923076923078,65.0,0.18991645696860227,2.2832232144228137
1.8718726923076923,65.0,0.18991645033958118,2.283227279910605
1.872253076923077,65.0,0.1899164862214692,2.283207755157549
1.8726334615384614,65.0,0.18991651361183495,2.2832290766091754
1.8730138461538461,65.0,0.18991652163409037,2.2832217194733153
1.8733942307692308,65.0,0.18991652833473877,2.2832235535339995
1.8737746153846153,65.0,0.18991653823853655,2.2832544878957832
1.874155,65.0,0.18991655647148756,2.2832371852893516
1.8745353846153847,65.0,0.18991654414048836,2.2832735888771474
1.8749157692307692,65.0,0.18991654234639116,2.283278796048251
1.875296153846154,65.0,0.18991655943021155,2.2833026514940853
1.8756765384615384,65.0,0.18991652973090564,2.2833057814279525
1.876056923076923,65.0,0.1899165234961222,2.2833514507815598
1.8764373076923078,65.0,0.18991653153472174,2.2833503849736068
1.8768176923076922,65.0,0.1899164876828898,2.28336816734981
1.877198076923077,65.0,0.1899164795910183,2.283426312385205
1.8775784615384616,65.0,0.18991647907026127,2.283396982511252
1.8779588461538461,65.0,0.18991642555861418,2.283449955418574
1.8783392307692308,65.0,0.1899163982187679,2.283479597206304
1.8787196153846153,65.0,0.18991639450833547,2.2834654255788682
1.8791,65.0,0.18991635443743893,2.2835155589907106
1.8794803846153847,65.0,0.18991630018234562,2.2835345690577573
1.8798607692307692,65.0,0.1899162742616042,2.2835279362675993
1.8802411538461539,65.0,0.18991625261969683,2.283576374575641
1.8806215384615386,65.0,0.18991619181549807,2.2835797533244535
1.881001923076923,65.0,0.18991613988823444,2.283585083912362
1.8813823076923077,65.0,0.1899161188268063,2.283632375758452
1.8817626923076922,65.0,0.1899160606976984,2.283606169752228
1.882143076923077,65.0,0.18991599879540702,2.2836569919627903
1.8825234615384616,65.0,0.18991596708169325,2.283646463258122
1.882903846153846,65.0,0.18991590909832995,2.2836706389235673
1.8832842307692308,65.0,0.18991584685426327,2.2836796849808643
1.8836646153846155,65.0,0.18991580044295184,2.2836886200337125
1.884045,65.0,0.18991574263705518,2.283715026902816
1.8844253846153847,65.0,0.18991568192747066,2.283699858552273
1.8848057692307691,65.0,0.18991562564464373,2.2837482961412925
1.8851861538461538,65.0,0.18991557279578744,2.2837298689954735
1.8855665384615385,65.0,0.18991550163246465,2.2837585428285574
1.885946923076923,65.0,0.1899154338303515,2.283773629958743
1.8863273076923077,65.0,0.18991540165625964,2.283787859729824
1.8867076923076924,65.0,0.18991532806498584,2.283789992489001
1.887088076923077,65.0,0.189915238737549,2.283834784006988
1.8874684615384616,65.0,0.18991521248530333,2.2838371045868695
1.887848846153846,65.0,0.189915154773643,2.2838373191720756
1.8882292307692308,65.0,0.18991505956315272,2.283916051469782
1.8886096153846155,65.0,0.18991501943663414,2.2838714338580917
1.88899,65.0,0.18991497257433512,2.2839391628734727
1.8893703846153846,65.0,0.18991489135351877,2.283959906593905
1.8897507692307693,65.0,0.18991483949832605,2.283963872104352
1.8901311538461538,65.0,0.18991479152875923,2.28401647681143
1.8905115384615385,65.0,0.18991473031228046,2.2840399225035237
1.890891923076923,65.0,0.18991467202264858,2.2840535708295526
1.8912723076923077,65.0,0.18991461980302016,2.284104340084448
1.8916526923076924,65.0,0.1899145763423515,2.284133072017393
1.8920330769230769,65.0,0.18991451857702651,2.2841396430379404
1.8924134615384616,65.0,0.18991447100360906,2.2842128452044586
1.892793846153846,65.0,0.18991443456346122,2.2842051485512496
1.8931742307692307,65.0,0.18991437266309566,2.284254797284062
1.8935546153846154,65.0,0.1899143385116371,2.2842885627269682
1.893935,65.0,0.18991432003508718,2.284300727580749
1.8943153846153846,65.0,0.1899142553474941,2.284346108397512
1.8946957692307693,65.0,0.1899142176643729,2.2843605854361084
1.8950761538461538,65.0,0.18991421653718615,2.284392863941345
1.8954565384615385,65.0,0.18991417303860153,2.284407398840483
1.895836923076923,65.0,0.18991412726434664,2.284434208843468
1.8962173076923077,65.0,0.18991412433399193,2.2844575876376445
1.8965976923076924,65.0,0.18991411129077937,2.2844508460780895
1.8969780769230769,65.0,0.18991407185267006,2.2844909260729866
1.8973584615384615,65.0,0.18991406005974204,2.284491442098718
1.8977388461538462,65.0,0.1899140679514277,2.284478301634422
1.8981192307692307,65.0,0.18991404405068618,2.28452116504601
1.8984996153846154,65.0,0.18991402653764405,2.284494014043899
1.89888,65.0,0.1899140456308793,2.2844840464809884
1.8992603846153846,65.0,0.18991403782653044,2.2845268842239177
1.8996407692307693,65.0,0.18991403019428157,2.2844589343444803
1.9000211538461538,65.0,0.18991405267300815,2.284485786736829
1.9004015384615385,65.0,0.1899140485889422,2.28447797556029
1.9007819230769232,65.0,0.18991405698883487,2.2844248731922194
1.9011623076923077,65.0,0.18991408770612164,2.2844487585185393
1.9015426923076924,65.0,0.18991409720958957,2.2844105231119554
1.9019230769230768,65.0,0.18991410764275612,2.2843774816115294
1.9023034615384615,65.0,0.189914133722319,2.284379993574196
1.9026838461538462,65.0,0.18991417298633603,2.284338888309303
1.9030642307692307,65.0,0.1899141920959201,2.284304865286942
1.9034446153846154,65.0,0.1899142001694036,2.284307702677977
1.903825,65.0,0.18991425947552795,2.2842473573762647
1.9042053846153846,65.0,0.18991429908320118,2.2842366601744026
1.9045857692307693,65.0,0.1899142985163202,2.2842116544643267
1.9049661538461538,65.0,0.18991436196580153,2.28417125263345
1.9053465384615385,65.0,0.18991441641593754,2.284156284894279
1.9057269230769232,65.0,0.18991442409162787,2.284113457098567
1.9061073076923076,65.0,0.18991448040315084,2.284112935687676
1.9064876923076923,65.0,0.18991454017617623,2.2840519410645137
1.906868076923077,65.0,0.18991457101483064,2.284058990205593
1.9072484615384615,65.0,0.18991462103422538,2.284024308528677
1.9076288461538462,65.0,0.18991467441408907,2.2839852281340125
1.9080092307692307,65.0,0.1899147204577878,2.283995348784919
1.9083896153846154,65.0,0.18991477243887378,2.283952738619997
1.90877,65.0,0.1899148299297517,2.28393142949081
1.9091503846153846,65.0,0.18991488263050157,2.283937511690122
1.9095307692307693,65.0,0.189914921972762,2.2838944965568517
1.909911153846154,65.0,0.18991498853395267,2.2838894511946317
1.9102915384615384,65.0,0.18991505615994217,2.2838858335657224
1.9106719230769231,65.0,0.18991508314072736,2.2838502171510457
1.9110523076923076,65.0,0.18991514364030984,2.2838535140462706
1.9114326923076923,65.0,0.1899152218477618,2.2838406145118593
1.911813076923077,65.0,0.18991525855688518,2.2838187362136
1.9121934615384615,65.0,0.18991530343172844,2.2838102754420406
1.9125738461538462,65.0,0.18991537802432248,2.2838190578713014
1.9129542307692309,65.0,0.18991543410273473,2.2837673202576965
1.9133346153846154,65.0,0.18991546581994323,2.2837910035756295
1.913715,65.0,0.18991552540967963,2.2837742256228197
1.9140953846153845,65.0,0.18991559920173262,2.2837354696273735
1.9144757692307692,65.0,0.18991563124095406,2.283757535597695
1.914856153846154,65.0,0.18991567248022842,2.283725520406942
1.9152365384615384,65.0,0.18991574482634105,2.283708251293933
1.915616923076923,65.0,0.18991577942094373,2.2837019164970247
1.9159973076923078,65.0,0.1899158199995474,2.2836917128861662
1.9163776923076923,65.0,0.1899158849226065,2.2836511737140404
1.916758076923077,65.0,0.1899159102574216,2.283660433132953
1.9171384615384615,65.0,0.1899159472580795,2.2836347733856663
1.9175188461538462,65.0,0.18991601072749512,2.283594158629647
1.9178992307692309,65.0,0.18991603486134354,2.283614856009451
1.9182796153846153,65.0,0.1899160579216711,2.2835585578488775
1.91866,65.0,0.18991610820556204,2.2835522327877213
1.9190403846153847,65.0,0.18991614346729857,2.2835417413062493
1.9194207692307692,65.0,0.1899161608943358,2.2834993540577524
1.919801153846154,65.0,0.18991618351020817,2.2834932603330182
1.9201815384615384,65.0,0.18991622688464369,2.283478705910986
1.920561923076923,65.0,0.1899162462514342,2.2834358736827096
1.9209423076923078,65.0,0.18991624071240748,2.2834379268576686
1.9213226923076923,65.0,0.1899162800278212,2.2834207846922405
1.921703076923077,65.0,0.18991630781883678,2.283379329254957
1.9220834615384614,65.0,0.1899162893341097,2.2833945107189586
1.9224638461538461,65.0,0.18991630589377087,2.2833637683433907
1.9228442307692308,65.0,0.18991633169249275,2.283349649198179
1.9232246153846153,65.0,0.18991631697504238,2.2833503778310265
1.923605,65.0,0.18991631969994974,2.2833328852526664
1.9239853846153847,65.0,0.1899163306963687,2.2833360354426735
1.9243657692307692,65.0,0.18991631175643725,2.2833178635937084
1.9247461538461539,65.0,0.18991630757880817,2.2833380872009243
1.9251265384615384,65.0,0.18991631180560686,2.283322296670387
1.925506923076923,65.0,0.18991628754360887,2.2833288000159206
1.9258873076923078,65.0,0.18991626447841994,2.283349020875799
1.9262676923076922,65.0,0.18991626435408948,2.2833465951886627
1.926648076923077,65.0,0.1899162474938064,2.283345569656528
1.9270284615384616,65.0,0.18991620383514504,2.283406124500147
1.9274088461538461,65.0,0.18991619047401784,2.283364493826379
1.9277892307692308,65.0,0.18991618200198818,2.2834183742574186
1.9281696153846153,65.0,0.18991612760897714,2.283454769159985
1.92855,65.0,0.18991609481010488,2.2834136874051336
1.9289303846153847,65.0,0.1899160868192513,2.2835237569357827
1.9293107692307692,65.0,0.18991604193440528,2.2834846970278058
1.9296911538461539,65.0,0.18991599009087437,2.283529326558259
1.9300715384615386,65.0,0.18991596145106232,2.283588576462093
1.930451923076923,65.0,0.18991593308059468,2.2835707832683756
1.9308323076923077,65.0,0.18991588022895345,2.283626497484097
1.9312126923076922,65.0,0.1899158306230018,2.2836733970057006
1.931593076923077,65.0,0.1899158031665142,2.2836608633275035
1.9319734615384616,65.0,0.18991575029433655,2.2837236678713855
1.932353846153846,65.0,0.18991569507527237,2.283763499815708
1.9327342307692308,65.0,0.18991566930741446,2.283740462679346
1.9331146153846155,65.0,0.18991560684244443,2.2838386475377974
1.933495,65.0,0.1899155464381622,2.2838140394111717
1.9338753846153847,65.0,0.1899155286691036,2.2838586119462305
1.9342557692307691,65.0,0.18991546317513106,2.2838959570881103
1.9346361538461538,65.0,0.18991539614244274,2.283896522344921
1.9350165384615385,65.0,0.1899153761699342,2.283944641817482
1.935396923076923,65.0,0.18991531838968462,2.2839388206390074
1.9357773076923077,65.0,0.18991524900013496,2.283987182958573
1.9361576923076924,65.0,0.1899152135801032,2.2839825054917733
1.936538076923077,65.0,0.18991517436324376,2.2840099677143835
1.9369184615384616,65.0,0.18991511498774,2.284025657546509
1.937298846153846,65.0,0.1899150521807253,2.2840364488579405
1.9376792307692308,65.0,0.18991502175853173,2.2840456235798157
1.9380596153846155,65.0,0.1899149840759948,2.2840673787580323
1.93844,65.0,0.18991491202979705,2.284068620039885
1.9388203846153846,65.0,0.189914875775308,2.284073093939225
1.9392007692307693,65.0,0.18991484517327206,2.2841046629719384
1.9395811538461538,65.0,0.18991478343044274,2.2840760301926157
1.9399615384615385,65.0,0.18991474640059067,2.284115337871354
1.940341923076923,65.0,0.18991471479906447,2.284111333963288
1.9407223076923077,65.0,0.18991466011960914,2.284098458672738
1.9411026923076924,65.0,0.1899146247282169,2.28414131667409
1.9414830769230769,65.0,0.18991460107259395,2.2841165474284204
1.9418634615384616,65.0,0.1899145539862575,2.2841280866247904
1.9422438461538463,65.0,0.18991451337059567,2.284153567355241
1.9426242307692307,65.0,0.1899144989911744,2.284139851573481
1.9430046153846154,65.0,0.18991446628713107,2.2841394782029383
1.943385,65.0,0.18991441511585103,2.2841894507050817
1.9437653846153846,65.0,0.18991440912755725,2.2841430635649065
1.9441457692307693,65.0,0.18991439988218078,2.2841847497211716
1.9445261538461538,65.0,0.18991434333506682,2.2841965770177426
1.9449065384615385,65.0,0.18991433074403785,2.2841790805055977
1.9452869230769232,65.0,0.18991433869252158,2.2842155435127403
1.9456673076923077,65.0,0.18991430286532088,2.284215467761571
1.9460476923076924,65.0,0.189914282400495,2.2842228843269936
1.9464280769230768,65.0,0.1899142852421883,2.284233324092601
1.9468084615384615,65.0,0.18991427525657317,2.284262783112584
1.9471888461538462,65.0,0.18991426278704213,2.284234330574053
1.9475692307692307,65.0,0.1899142577778742,2.284287886445695
1.9479496153846154,65.0,0.1899142629777077,2.284272695812529
1.94833,65.0,0.18991425802241066,2.2842745919768395
1.9487103846153846,65.0,0.1899142556544717,2.284316082337941
1.9490907692307693,65.0,0.189914276237824,2.284284875391237
1.9494711538461538,65.0,0.1899142734595498,2.2843168708175616
1.9498515384615385,65.0,0.18991427472269048,2.2843121777898867
1.9502319230769232,65.0,0.18991430934870268,2.284320746813332
1.9506123076923076,65.0,0.18991431105076337,2.284306258375472
1.9509926923076923,65.0,0.1899143113593418,2.2843371046051075
1.9513730769230768,65.0,0.18991436153301064,2.284304017611639
1.9517534615384615,65.0,0.1899143770372234,2.2843127585124083
1.9521338461538462,65.0,0.18991437023030597,2.284320523200908
1.9525142307692307,65.0,0.18991441996081015,2.2842811672767587
1.9528946153846154,65.0,0.18991445902141238,2.284306214411213
1.953275,65.0,0.18991446356022681,2.2842637703594613
1.9536553846153846,65.0,0.1899144947984273,2.2842716966566257
1.9540357692307693,65.0,0.18991454395204277,2.284244176896869
1.9544161538461537,65.0,0.18991457334025333,2.28422104935945
1.9547965384615384,65.0,0.18991459661060295,2.2842211089542555
1.9551769230769231,65.0,0.189914642925914,2.2841710942625317
1.9555573076923076,65.0,0.18991468651319585,2.2841684121557315
1.9559376923076923,65.0,0.18991471287667364,2.2841423753867662
1.956318076923077,65.0,0.18991475989650505,2.2840896293759547
1.9566984615384615,65.0,0.18991481023475718,2.284106007958929
1.9570788461538462,65.0,0.18991483853773183,2.284040058513469
1.9574592307692307,65.0,0.18991488672714288,2.28401416145617
1.9578396153846154,65.0,0.1899149404628339,2.2840224942729628
1.95822,65.0,0.1899149699281849,2.2839319981867097
1.9586003846153845,65.0,0.18991501686388704,2.2839465380640562
1.9589807692307692,65.0,0.18991507868285065,2.2839187408873443
1.959361153846154,65.0,0.18991511271120928,2.2838387517518344
1.9597415384615384,65.0,0.18991514312170177,2.2838757763168975
1.9601219230769231,65.0,0.1899152089009101,2.2838094667223414
1.9605023076923076,65.0,0.1899152643524652,2.2837701030979254
1.9608826923076923,65.0,0.18991527961725374,2.2837917350876147
1.961263076923077,65.0,0.18991532936894248,2.2837238684595924
1.9616434615384615,65.0,0.18991540309729793,2.2837060556287407
1.9620238461538462,65.0,0.18991542133461758,2.283719759967713
1.9624042307692309,65.0,0.1899154568064439,2.2836486995679315
1.9627846153846153,65.0,0.1899155260436135,2.283665905476099
1.963165,65.0,0.1899155508743276,2.283647486584219
1.9635453846153845,65.0,0.18991558661198596,2.283602802720367
1.9639257692307692,65.0,0.18991564115241613,2.2836334185849996
1.964306153846154,65.0,0.1899156711454716,2.2835875422106198
1.9646865384615384,65.0,0.1899157072516821,2.2835908197896395
1.965066923076923,65.0,0.18991574597167368,2.283589292779227
1.9654473076923078,65.0,0.1899157797233414,2.283566574681307
1.9658276923076923,65.0,0.18991581127940732,2.283578008913858
1.966208076923077,65.0,0.1899158410506951,2.283562178016546
1.9665884615384615,65.0,0.18991588223152212,2.2835664003604315
1.9669688461538462,65.0,0.18991590075457915,2.2835613000403425
1.9673492307692309,65.0,0.18991591462443483,2.2835602876488834
1.9677296153846153,65.0,0.18991596836054456,2.283563040654843
1.96811,65.0,0.18991598605959364,2.2835630753552074
1.9684903846153847,65.0,0.1899159772368706,2.2835527398732856
1.9688707692307692,65.0,0.18991602434580096,2.283579994598715
1.969251153846154,65.0,0.18991605275808457,2.283549407153668
1.9696315384615384,65.0,0.1899160392544091,2.283567497161398
1.970011923076923,65.0,0.18991606225427485,2.283581556206584
1.9703923076923078,65.0,0.18991609002496354,2.28354719171388
1.9707726923076923,65.0,0.18991608655883407,2.283576680376596
1.971153076923077,65.0,0.18991608886544517,2.283579544903021
1.9715334615384617,65.0,0.18991610883379004,2.2835462760987375
1.9719138461538461,65.0,0.18991611228239505,2.283583709786204
1.9722942307692308,65.0,0.18991609992076214,2.283570958084621
1.9726746153846153,65.0,0.18991611099975308,2.283542239956399
1.973055,65.0,0.18991611172184966,2.283593174450751
1.9734353846153847,65.0,0.1899160939781264,2.283543842050068
1.9738157692307692,65.0,0.1899161013661268,2.283561832754959
1.9741961538461539,65.0,0.18991609428883938,2.283567987736795
1.9745765384615386,65.0,0.18991606657454088,2.2835451236042092
1.974956923076923,65.0,0.1899160669258882,2.2835573636885442
1.9753373076923078,65.0,0.1899160642504743,2.2835576258400545
1.9757176923076922,65.0,0.18991603177051117,2.2835424573960554
1.976098076923077,65.0,0.18991600748693196,2.2835512227207153
1.9764784615384616,65.0,0.18991600634209027,2.2835606202902183
1.976858846153846,65.0,0.18991598796222192,2.2835314695865034
1.9772392307692308,65.0,0.18991594161864414,2.2835667928363503
1.9776196153846153,65.0,0.18991592403969476,2.283551988931339
1.978,65.0,0.18991591927040183,2.2835513963293965
1.9783803846153847,65.0,0.18991586813024994,2.28356801721759
1.9787607692307692,65.0,0.1899158324172996,2.283574231456202
1.9791411538461539,65.0,0.18991583025577868,2.2835716744322565
1.9795215384615386,65.0,0.18991578069750936,2.283584676310602
1.979901923076923,65.0,0.18991573437041784,2.2836172207336536
1.9802823076923077,65.0,0.1899157232143425,2.283585861727793
1.9806626923076922,65.0,0.1899156766192434,2.2836464744919636
1.981043076923077,65.0,0.1899156326812855,2.283639662039274
1.9814234615384616,65.0,0.18991561065101353,2.283648660509354
1.981803846153846,65.0,0.1899155619368084,2.2836969247625043
1.9821842307692308,65.0,0.18991551593450862,2.2836885918559218
1.9825646153846155,65.0,0.18991549106731476,2.283728451481943
1.982945,65.0,0.18991544983484981,2.283744685497923
1.9833253846153847,65.0,0.18991539478290795,2.283771517882633
1.9837057692307691,65.0,0.18991535637614781,2.283796687544086
1.9840861538461538,65.0,0.18991533117870846,2.2838198203959132
1.9844665384615385,65.0,0.18991528345377204,2.283853754328301
1.984846923076923,65.0,0.18991522198503222,2.2838709123489593
1.9852273076923077,65.0,0.1899152006599329,2.2839071571601264
1.9856076923076924,65.0,0.18991517005570477,2.2839316472869924
1.9859880769230769,65.0,0.18991510001170964,2.2839515275303137
1.9863684615384616,65.0,0.18991507225823773,2.2839897647399554
1.986748846153846,65.0,0.18991505196188627,2.2840169871916194
1.9871292307692308,65.0,0.18991498920434174,2.2840120523607936
1.9875096153846155,65.0,0.18991495049983667,2.2840908394947856
1.98789,65.0,0.189914930593004,2.2840618289722006
1.9882703846153846,65.0,0.18991488612422905,2.2841013098776966
1.9886507692307693,65.0,0.18991484446929188,2.2841486628461425
1.9890311538461538,65.0,0.18991481899049584,2.2841152579813944
1.9894115384615385,65.0,0.189914785331933,2.2841728173264366
1.989791923076923,65.0,0.18991474369722325,2.2841831002685202
1.9901723076923077,65.0,0.18991472607095874,2.2841718335561594
1.9905526923076924,65.0,0.18991469944065573,2.2842063533733445
1.9909330769230769,65.0,0.18991464832039218,2.28422584391335
1.9913134615384616,65.0,0.18991463953397858,2.2841842821003544
1.9916938461538463,65.0,0.18991462927078942,2.2842564067786006
1.9920742307692307,65.0,0.1899145780038568,2.2842123737410582
1.9924546153846154,65.0,0.18991456139875412,2.2842229529265348
1.992835,65.0,0.18991456213808564,2.2842557492919644
1.9932153846153846,65.0,0.1899145300000794,2.2842011489235015
1.9935957692307693,65.0,0.1899145057119732,2.284252671822662
1.9939761538461538,65.0,0.1899145031219609,2.2842124329064295
1.9943565384615385,65.0,0.18991449683255754,2.2842280868786022
1.9947369230769232,65.0,0.1899144720630789,2.284211614308014
1.9951173076923077,65.0,0.18991445613686792,2.28421321125198
1.9954976923076924,65.0,0.1899144731391237,2.2842054868613713
1.9958780769230768,65.0,0.18991445809981797,2.284188960833352
1.9962584615384615,65.0,0.1899144359685378,2.2841985339233353
1.9966388461538462,65.0,0.18991445963730366,2.2841742763631894
1.9970192307692307,65.0,0.1899144510865148,2.284176816126986
1.9973996153846154,65.0,0.18991443933119062,2.284160368693005
1.9977800000000001,65.0,0.18991446764214578,2.2841706602573897
1.9981603846153846,65.0,0.1899144582290466,2.284131091744409
1.9985407692307693,65.0,0.1899144528957035,2.284159546852706
1.9989211538461538,65.0,0.1899144886699204,2.2841355970370554
1.9993015384615385,65.0,0.18991449157046159,2.284111441461751
1.9996819230769232,65.0,0.1899144863033077,2.2841542150550134
2.000062307692308,65.0,0.18991451351431474,2.2840969011818224
