time_s,airspeed_mps,tip_bending_m,tip_twist_deg
0.0,40.0,0.0,0.0
0.000618125,40.0,1.242170981651052e-6,0.000514503677111597
0.00123625,40.0,5.964541535263075e-6,0.003817336877268242
0.001854375,40.0,1.512146514051657e-5,0.014141081422942596
0.0024725,40.0,2.889789270792528e-5,0.035719282204963766
0.0030906249999999996,40.0,4.7771945012253266e-5,0.07189944008505432
0.00370875,40.0,7.240486543542244e-5,0.12514993593490337
0.004326875,40.0,0.00010331508894228482,0.1961593266151043
0.004945,40.0,0.00013969831217364468,0.28237153172959417
0.0055631249999999995,40.0,0.00017895417384339857,0.3776246632024681
0.006181249999999999,40.0,0.00021926930364016514,0.47446728002118954
0.006799375,40.0,0.00026269173876109213,0.5675280311169454
0.0074175,40.0,0.0003130251620366259,0.654582072620209
0.008035625,40.0,0.00037224048354353516,0.73497654070886
0.00865375,40.0,0.00044190756683017845,0.8091243314609271
0.009271874999999999,40.0,0.000524573100076522,0.8792528563166916
0.00989,40.0,0.0006219620572782758,0.9483161313501612
0.010508125,40.0,0.0007347012276676481,1.0165381810658398
0.011126249999999999,40.0,0.0008627098463397694,1.0809112207991725
0.011744375,40.0,0.0010057801555533946,1.1369159121892223
0.012362499999999998,40.0,0.0011648423386696146,1.1796733053962736
0.012980624999999999,40.0,0.0013410256881208188,1.2054325188973605
0.01359875,40.0,0.0015348272642361112,1.2115677561079072
0.014216874999999999,40.0,0.0017473875425644072,1.1976725808814328
0.014835,40.0,0.0019812338298949325,1.1673415830102016
0.015453125,40.0,0.002238945776435638,1.1262126764580405
0.01607125,40.0,0.002520619807498582,1.078565112036007
0.016689375,40.0,0.002823587926850127,1.026433878741977
0.0173075,40.0,0.003145401638402449,0.9709528518160002
0.017925625,40.0,0.0034859034156775287,0.91225395583383
0.018543749999999998,40.0,0.0038454468857038035,0.8484721745515937
0.019161875,40.0,0.004223450928544623,0.7770382734696798
0.01978,40.0,0.004620460379669367,0.6969826670847008
0.020398125,40.0,0.005038610793185036,0.6103898834030458
0.02101625,40.0,0.005479196844938161,0.5218746732137215
0.021634374999999997,40.0,0.005942180128020623,0.436600320750972
0.022252499999999998,40.0,0.006427108168028979,0.3592206002548
0.022870625,40.0,0.006933091767194019,0.29428853958343604
0.02348875,40.0,0.007459041988227421,0.24464667451905303
0.024106875,40.0,0.00800320880656421,0.2093920677505239
0.024724999999999997,40.0,0.008562489202576677,0.18549845203465706
0.025343124999999998,40.0,0.009134876198159524,0.17030176768582012
0.025961249999999998,40.0,0.009721223114537103,0.16234333517328722
0.026579375,40.0,0.010322783119135329,0.1611722860066052
0.0271975,40.0,0.010938943116606377,0.16701937546887455
0.027815625,40.0,0.0115673461982441,0.1815817313194148
0.028433749999999997,40.0,0.012205472290926776,0.2083447667893202
0.029051874999999998,40.0,0.012851495593253439,0.24990511093726447
0.02967,40.0,0.013502596449038038,0.30550770763904
0.030288125,40.0,0.014155179021454538,0.37177291293743026
0.03090625,40.0,0.014807725410392008,0.44474873692201344
0.031524375,40.0,0.01546037612189843,0.5200724564578407
0.0321425,40.0,0.01611289610252418,0.5928358852766871
0.032760625,40.0,0.016765011501580798,0.6596216286559303
0.03337875,40.0,0.017417163740054135,0.7198351856393517
0.033996874999999996,40.0,0.018070173131329834,0.7748528011620477
0.034615,40.0,0.018724410990237497,0.8266497863921609
0.035233125,40.0,0.019378748743649202,0.8757730346626706
0.03585125,40.0,0.020030123074225154,0.9213756793464762
0.036469375,40.0,0.0206760861015554,0.9623848589460529
0.037087499999999995,40.0,0.021317102474774845,0.9961061084816526
0.037705625,40.0,0.02195434275408177,1.0180356850559549
0.03832375,40.0,0.022588141841502426,1.0242961874145569
0.038941875,40.0,0.023219258697389104,1.0143422338450476
0.03956,40.0,0.023849009348277182,0.9905161653460626
0.040178124999999995,40.0,0.02447813768270884,0.9558461095535201
0.04079625,40.0,0.02510585893676919,0.9133948590344073
0.041414374999999996,40.0,0.025730567786408944,0.8660932112517565
0.0420325,40.0,0.026351909724563888,0.8159958775931355
0.042650625,40.0,0.026970462935335938,0.7630088184519342
0.043268749999999995,40.0,0.02758598552947583,0.704906901594506
0.043886875,40.0,0.028198687900215222,0.6397742864275862
0.044504999999999996,40.0,0.028810711631097483,0.5681705391568462
0.045123125,40.0,0.029425248832895153,0.4921485728760848
0.04574125,40.0,0.030045792076280255,0.4144291152160269
0.046359374999999994,40.0,0.03067438020069379,0.3391652309027296
0.0469775,40.0,0.03131046009631237,0.2714745383924512
0.047595624999999996,40.0,0.031953312582454665,0.21512748428896009
0.04821375,40.0,0.03260331423245564,0.17111852999958488
0.048831875,40.0,0.033260367482535635,0.13754736367412124
0.049449999999999994,40.0,0.03392396514586301,0.11191447502348544
0.050068125,40.0,0.03459508815202223,0.09333729423989516
0.050686249999999995,40.0,0.035275970177662624,0.08185906187196107
0.051304375,40.0,0.03596792543280588,0.07787046149354242
0.051922499999999996,40.0,0.03667094936354513,0.08322559286818343
0.052540625,40.0,0.03738476294332543,0.10138702485008644
0.05315875,40.0,0.03810918186848431,0.13439003307963746
0.053776874999999995,40.0,0.038843487967892124,0.18107100552822694
0.054395,40.0,0.039585373656694706,0.23841900419891215
0.055013124999999996,40.0,0.04033203285588211,0.30294287046186225
0.05563125,40.0,0.041082409409352504,0.37076156115004855
0.056249375,40.0,0.04183713990889486,0.4383595761965347
0.056867499999999994,40.0,0.04259789241062424,0.503629960235507
0.057485625,40.0,0.043366157753717466,0.5671314963283097
0.058103749999999996,40.0,0.04414171718663005,0.6313117935322121
0.058721875,40.0,0.04492393663504516,0.6971421020336945
0.05934,40.0,0.04571216586628924,0.762984856887487
0.059958124999999994,40.0,0.04650382070220208,0.8258727218972814
0.06057625,40.0,0.04729563849815378,0.8825595169812942
0.061194374999999995,40.0,0.048086245761981526,0.9297585899799695
0.0618125,40.0,0.0488752620654134,0.9644780531715449
0.062430625,40.0,0.04966178620163607,0.9858004077372492
0.06304875,40.0,0.05044494105198996,0.9957578685991555
0.063666875,40.0,0.05122453930268592,0.9979693294280679
0.064285,40.0,0.05200093250251941,0.9948563515367308
0.06490312499999999,40.0,0.05277378431844149,0.9861633547108088
0.06552125,40.0,0.05354085949394745,0.9708490460596767
0.066139375,40.0,0.054298768853180926,0.9473776502352789
0.0667575,40.0,0.05504465263266646,0.9135135844014513
0.067375625,40.0,0.05577725239378653,0.8681312415506509
0.06799374999999999,40.0,0.056496701173569634,0.8134430888336535
0.068611875,40.0,0.05720373939552414,0.7540551718858232
0.06923,40.0,0.05789942685062867,0.6941715986505747
0.069848125,40.0,0.05858528948810269,0.6359560148079951
0.07046625,40.0,0.0592626643642118,0.5792948976180107
0.07108437499999999,40.0,0.059930859553788254,0.5232882560856706
0.0717025,40.0,0.06058814239234154,0.466964846270909
0.072320625,40.0,0.06123436663247379,0.40926542021896045
0.07293875,40.0,0.06186957532102412,0.35057889876810383
0.073556875,40.0,0.06249270980256337,0.29428506218090933
0.07417499999999999,40.0,0.06310338015995086,0.24512647687397973
0.074793125,40.0,0.06370235742864906,0.2061452098281117
0.07541125,40.0,0.06429130329191705,0.17745199140330337
0.076029375,40.0,0.06487230175602102,0.1574278641779657
0.0766475,40.0,0.06544609031752585,0.14402282533304747
0.07726562499999999,40.0,0.06601192387881404,0.13566432245026505
0.07788375,40.0,0.06656896410497759,0.13169847472558863
0.078501875,40.0,0.06711663566039905,0.13331723272906879
0.07912,40.0,0.06765452560538278,0.14380160406240483
0.07973812499999999,40.0,0.06818249755383744,0.16590625326337186
0.08035624999999999,40.0,0.0687013498051036,0.19920475284992992
0.080974375,40.0,0.06921328704058718,0.24111910525699182
0.0815925,40.0,0.06972051779071956,0.288847519411399
0.082210625,40.0,0.07022377880083291,0.33952311058479573
0.08282874999999999,40.0,0.07072360509672916,0.3909556409212116
0.08344687499999999,40.0,0.07122169560368881,0.44267407353919813
0.084065,40.0,0.07171907027528922,0.49645645691348345
0.084683125,40.0,0.07221468702246323,0.5544527591288001
0.08530125,40.0,0.07270707887034288,0.6168477505161317
0.08591937499999999,40.0,0.07319551304577276,0.680880699833728
0.08653749999999999,40.0,0.07368000043016461,0.7422847736550613
0.087155625,40.0,0.07416163985324481,0.7980205038543626
0.08777375,40.0,0.07464161725205697,0.8462519635874772
0.088391875,40.0,0.07512013892186166,0.8862193446057762
0.08900999999999999,40.0,0.07559758623087286,0.9190494698180822
0.08962812499999999,40.0,0.0760740137291727,0.9471684520880406
0.09024625,40.0,0.07654765508439264,0.9720865194259753
0.090864375,40.0,0.07701635291474139,0.9927649746887655
0.0914825,40.0,0.0774789765724021,1.0063389674923502
0.09210062499999999,40.0,0.0779354535304,1.0102986179813558
0.09271874999999999,40.0,0.0783858596446657,1.003505799033342
0.093336875,40.0,0.07882955401203642,0.9862914722784953
0.093955,40.0,0.07926691895320259,0.9605926337230549
0.094573125,40.0,0.07970006510384912,0.9301220774856249
0.09519124999999999,40.0,0.08013021101235601,0.89825465662825
0.09580937499999999,40.0,0.08055651601282361,0.8655002557212687
0.0964275,40.0,0.08097730408536674,0.8300456803253508
0.097045625,40.0,0.08139073243319278,0.7900559756709887
0.09766375,40.0,0.08179508763264248,0.7451229131812328
0.09828187499999999,40.0,0.08218940821534262,0.6962320303979528
0.09889999999999999,40.0,0.08257330680501265,0.6456254202533965
0.099518125,40.0,0.08294677269667292,0.5964650909586483
0.10013625,40.0,0.08331075660933472,0.552092991359851
0.100754375,40.0,0.08366600880240257,0.5139572042198004
0.10137249999999999,40.0,0.08401116629309066,0.48035749874324046
0.101990625,40.0,0.08434427791419198,0.4485060243867338
0.10260875,40.0,0.08466471757032036,0.41739765591279576
0.103226875,40.0,0.08497197948063323,0.3878105616419082
0.10384499999999999,40.0,0.08526470263177463,0.36156337568737895
0.10446312499999999,40.0,0.0855414506900747,0.34108475619932
0.10508125,40.0,0.08580205080741744,0.3284960461214803
0.105699375,40.0,0.08604809400804447,0.3244378481782021
0.1063175,40.0,0.08628121969775153,0.3272076088694482
0.10693562499999999,40.0,0.0865020321852028,0.33385688275287956
0.10755374999999999,40.0,0.08671119014782279,0.34249820452673
0.108171875,40.0,0.08690902750165633,0.353489476286553
0.10879,40.0,0.08709480244255502,0.36847865033682464
0.109408125,40.0,0.08726768341560089,0.3890166274959728
0.11002624999999999,40.0,0.08742683026431786,0.4164651860200383
0.11064437499999999,40.0,0.0875718848609595,0.4512517056696433
0.1112625,40.0,0.08770398646107012,0.4910446476138129
0.111880625,40.0,0.08782415648571039,0.5322722068825204
0.11249875,40.0,0.08793222247729317,0.5725478956171249
0.11311687499999999,40.0,0.08802847330926676,0.6118327287927782
0.11373499999999999,40.0,0.08811446014510378,0.6517859666131701
0.114353125,40.0,0.08819117609854044,0.6937537328984945
0.11497125,40.0,0.088257829334636,0.7380358131147589
0.115589375,40.0,0.08831322761811454,0.7840264436158408
0.11620749999999999,40.0,0.08835684030690147,0.8297947159090426
0.11682562499999999,40.0,0.08838887931480784,0.8719327812499752
0.11744375,40.0,0.08841023679345907,0.9075023365498481
0.118061875,40.0,0.08842224914322067,0.9362978298037277
0.11868,40.0,0.08842703830191706,0.9601598072945924
0.11929812499999999,40.0,0.08842687213140812,0.9808551737789354
0.11991624999999999,40.0,0.08842274271263423,0.9991678355067101
0.120534375,40.0,0.08841456290634765,1.014679595557738
0.1211525,40.0,0.0884016939063086,1.0257368391563255
0.121770625,40.0,0.08838345531230095,1.0298992605068682
0.12238874999999999,40.0,0.08836018761193841,1.025340600867605
0.12300687499999999,40.0,0.08833218586622955,1.0121674926436317
0.123625,40.0,0.08829862128292079,0.9928254062188244
0.124243125,40.0,0.08825977010258407,0.9700240907499539
0.12486125,40.0,0.08821750819428513,0.9452153876413848
0.125479375,40.0,0.08817287424024854,0.9189718554121872
0.1260975,40.0,0.08812567627995425,0.8908593519395498
0.126715625,40.0,0.08807530657768324,0.859462242905244
0.12733375,40.0,0.08802079818830097,0.8234044909001311
0.127951875,40.0,0.08796103979245362,0.7830096754662805
0.12857,40.0,0.08789501250461153,0.740980547474195
0.129188125,40.0,0.0878222479131936,0.700855307494707
0.12980624999999998,40.0,0.0877433830730487,0.6644800290953197
0.13042437499999998,40.0,0.08765976594984344,0.6321048550914303
0.1310425,40.0,0.08757242485964024,0.6033415362614035
0.131660625,40.0,0.0874813918564648,0.5771965781510207
0.13227875,40.0,0.08738616300442922,0.5523704507705033
0.132896875,40.0,0.08728654680589965,0.5286019893998822
0.133515,40.0,0.08718256191834893,0.5080330251533014
0.134133125,40.0,0.0870733784222091,0.4933853774779847
0.13475125,40.0,0.08695686842859243,0.48614462664448815
0.135369375,40.0,0.08683172393880884,0.4863023364269153
0.13598749999999998,40.0,0.08669838375224079,0.4923557863815837
0.13660562499999998,40.0,0.08655682688182012,0.5025008422237909
0.13722375,40.0,0.08640674658688323,0.5151964158086393
0.137841875,40.0,0.08624872156303337,0.529606254020996
0.13846,40.0,0.08608291059773511,0.5467966796532019
0.139078125,40.0,0.08590853168891972,0.5689511937326883
0.13969625,40.0,0.08572425136238042,0.5971319404115327
0.140314375,40.0,0.08552838879534602,0.6303564387350724
0.1409325,40.0,0.08532016633262203,0.6666952447352846
0.14155062499999999,40.0,0.08510011290009953,0.7041352748454244
0.14216874999999998,40.0,0.08486872897509537,0.7408834463138096
0.14278687499999998,40.0,0.0846261939588006,0.7759031920629482
0.143405,40.0,0.08437320277942588,0.8095293448260269
0.144023125,40.0,0.08411125636691598,0.8435323545413993
0.14464125,40.0,0.08384192009757797,0.879384280927499
0.145259375,40.0,0.08356525813428411,0.9164211738893184
0.1458775,40.0,0.08328004374312864,0.9520110918025756
0.146495625,40.0,0.08298568209340457,0.9837690879095192
0.14711375,40.0,0.08268219969841731,1.0104682060473213
0.14773187499999998,40.0,0.0823691542510039,1.0312667537710052
0.14834999999999998,40.0,0.08204657884792652,1.0465324136069076
0.14896812499999998,40.0,0.08171617712590194,1.0580430876845286
0.14958625,40.0,0.08137986415207729,1.0672545587206919
0.150204375,40.0,0.08103838020860721,1.074075106888419
0.1508225,40.0,0.08069184005338875,1.0768371802926509
0.151440625,40.0,0.08033985111821247,1.0734834947818102
0.15205875,40.0,0.07998210867307955,1.0630036816835937
0.152676875,40.0,0.07961931303410426,1.045513141405638
0.153295,40.0,0.07925179019258254,1.021980384750404
0.15391312499999998,40.0,0.07887923885962346,0.994399360827266
0.15453124999999998,40.0,0.07850261262425055,0.9649729528333083
0.15514937499999998,40.0,0.07812388849277606,0.9348475133514189
0.1557675,40.0,0.07774491626005631,0.9032779045839475
0.156385625,40.0,0.07736689886181095,0.8688494636491668
0.15700375,40.0,0.07699037676414261,0.8313563956862795
0.157621875,40.0,0.07661607504098454,0.7915980472380336
0.15824,40.0,0.07624415061247862,0.7511229441515931
0.158858125,40.0,0.07587333546896728,0.7117928348305695
0.15947624999999999,40.0,0.07550277992684415,0.675866325481744
0.16009437499999998,40.0,0.07513314497443999,0.6453709381380572
0.16071249999999998,40.0,0.07476529438131745,0.6202913041441602
0.161330625,40.0,0.07439959243726847,0.5990585996894157
0.16194875,40.0,0.0740362815480664,0.5807880038679145
0.162566875,40.0,0.07367532274653575,0.5657570973078907
0.163185,40.0,0.07331670222088152,0.5549007730348159
0.163803125,40.0,0.07296073572141545,0.5495789294918627
0.16442125,40.0,0.07260680460423036,0.5513124575842281
0.165039375,40.0,0.07225322122857111,0.5610460367775094
0.16565749999999999,40.0,0.07189908913410861,0.5783879271026294
0.16627562499999998,40.0,0.0715445126300103,0.6014376109224909
0.16689374999999998,40.0,0.07118934874235294,0.6279125597491333
0.167511875,40.0,0.07083372372088348,0.6567589532947778
0.16813,40.0,0.07047864660077764,0.687953883766271
0.168748125,40.0,0.07012513441942768,0.7217113420625215
0.16936625,40.0,0.06977336533676051,0.7583323864076457
0.169984375,40.0,0.06942205022309861,0.7983713483297983
0.1706025,40.0,0.06906947745703429,0.8413852707038233
0.171220625,40.0,0.0687149696332392,0.8851558796464766
0.17183874999999998,40.0,0.06835787031477814,0.9269760631467414
0.17245687499999998,40.0,0.06799732082882762,0.9648670110668528
0.17307499999999998,40.0,0.0676330599169394,0.998364311537261
0.173693125,40.0,0.06726490145980417,1.0281027515365473
0.17431125,40.0,0.06689317317532653,1.054401631801285
0.174929375,40.0,0.06651882622375127,1.0775667714146948
0.1755475,40.0,0.06614170966977748,1.097997193148885
0.176165625,40.0,0.06576072034476024,1.1148817980965475
0.17678375,40.0,0.06537530724969753,1.126135375644487
0.177401875,40.0,0.06498508321948551,1.1300184365738082
0.17801999999999998,40.0,0.0645890908697109,1.1263024998818718
0.17863812499999998,40.0,0.06418697046975694,1.11591492787832
0.17925624999999998,40.0,0.06378005633088929,1.1001394729133425
0.179874375,40.0,0.06337028338543665,1.080302895523183
0.1804925,40.0,0.06295897633142056,1.0574076970117254
0.181110625,40.0,0.0625466561658812,1.0316922068584224
0.18172875,40.0,0.0621333790180957,1.0025678323611211
0.182346875,40.0,0.061719487096197186,0.9686729934129577
0.182965,40.0,0.0613052336823686,0.9298056909195048
0.18358312499999999,40.0,0.06089029369232633,0.8875311814583722
0.18420124999999998,40.0,0.06047443427176827,0.8437118540315015
0.18481937499999998,40.0,0.06005780218647937,0.7999740358991385
0.18543749999999998,40.0,0.05964112542166755,0.7578159048693832
0.186055625,40.0,0.059225853410743254,0.7184635603799664
0.18667375,40.0,0.05881293593480689,0.6822729461048068
0.187291875,40.0,0.058402725671288284,0.6487087430266171
0.18791,40.0,0.0579963733927939,0.6171181873464157
0.188528125,40.0,0.05759443585515382,0.5880425372519215
0.18914625,40.0,0.057195763826644694,0.5633022113713936
0.18976437499999999,40.0,0.056799771149542225,0.5446066698368413
0.19038249999999998,40.0,0.05640716114372432,0.5331031371211982
0.19100062499999998,40.0,0.05601899310859442,0.5296829220335554
0.19161874999999998,40.0,0.055636297318171574,0.5345220222227308
0.192236875,40.0,0.05525977026388407,0.5466718792279998
0.192855,40.0,0.054890146233470896,0.5644553903400253
0.193473125,40.0,0.05452840502311234,0.5867612558164881
0.19409125,40.0,0.05417520790033167,0.6133664818497744
0.194709375,40.0,0.0538303771191179,0.6446841828287971
0.1953275,40.0,0.05349309376862053,0.6808405126492166
0.19594562499999998,40.0,0.0531626362215496,0.7213484488961869
0.19656374999999998,40.0,0.052838541280007964,0.765880041949754
0.19718187499999998,40.0,0.05252040019022517,0.813291876229624
0.19779999999999998,40.0,0.05220778113474938,0.8610796545321352
0.198418125,40.0,0.05190074420633621,0.9067070993307373
0.19903625,40.0,0.05160043585631162,0.9488594954839692
0.199654375,40.0,0.051307388249329136,0.9870959434198271
0.2002725,40.0,0.05102020464095024,1.0214147970939838
0.200890625,40.0,0.050737700193316235,1.051851184582991
0.20150875,40.0,0.05045964957567755,1.0783107112818306
0.20212687499999998,40.0,0.05018536263651008,1.100553276069933
0.20274499999999998,40.0,0.04991412676751052,1.1178241557803223
0.20336312499999998,40.0,0.049645647852256766,1.1286664865141771
0.20398125,40.0,0.049379798214759574,1.1316003286847935
0.204599375,40.0,0.049117235612416356,1.1266346081207121
0.2052175,40.0,0.04885884569714103,1.1146083807636005
0.205835625,40.0,0.04860465730512047,1.0963429802848594
0.20645375,40.0,0.048354453941123594,1.073008548190648
0.207071875,40.0,0.04810806318185974,1.045908771828636
0.20768999999999999,40.0,0.04786474565193534,1.0157535030825111
0.20830812499999998,40.0,0.04762319044765237,0.9823159235695421
0.20892624999999998,40.0,0.04738200376376624,0.9448370490398946
0.20954437499999998,40.0,0.047140981119280376,0.9032324924916695
0.2101625,40.0,0.04690130962232283,0.8584923904941143
0.210780625,40.0,0.046663631117938476,0.8121818083439086
0.21139875,40.0,0.046427611624814534,0.7656142764171023
0.212016875,40.0,0.04619332575575769,0.7203897483796502
0.212635,40.0,0.04596133460964097,0.6783256246348112
0.213253125,40.0,0.045731395715430966,0.6402418919442469
0.21387124999999998,40.0,0.0455027203521813,0.6060730637380085
0.21448937499999998,40.0,0.045275059832766404,0.5754769659655132
0.21510749999999998,40.0,0.0450482672721727,0.5485974686067719
0.21572562499999998,40.0,0.04482272224658565,0.5260839767206265
0.21634375,40.0,0.044599563394030824,0.5090530821391329
0.216961875,40.0,0.04437947766254057,0.4985272147431733
0.21758,40.0,0.044163440633746824,0.4954616917729297
0.218198125,40.0,0.04395306529867878,0.5007612021298007
0.21881625,40.0,0.04374878119864631,0.5141161869167755
0.219434375,40.0,0.043549673446698065,0.5339251420796098
0.22005249999999998,40.0,0.04335477426624445,0.5587255867051438
0.22067062499999998,40.0,0.043163868499672145,0.5876872223170697
0.22128874999999998,40.0,0.0429775331277772,0.620139413751176
0.22190687499999998,40.0,0.04279603193623026,0.6553947346273543
0.222525,40.0,0.04261925289925828,0.6931296933857259
0.223143125,40.0,0.04244804824629668,0.733403566474291
0.22376125,40.0,0.04228356519689237,0.7758763513712544
0.224379375,40.0,0.04212594794429675,0.8192948595392523
0.2249975,40.0,0.04197502339055173,0.8615854639018743
0.225615625,40.0,0.0418307132104444,0.9010157192837893
0.22623374999999998,40.0,0.04169264253029294,0.9365037669964577
0.22685187499999998,40.0,0.04156051736771455,0.96710384137471
0.22746999999999998,40.0,0.04143426080687207,0.9923180437599024
0.22808812499999997,40.0,0.041313765712225343,1.012554685272233
0.22870625,40.0,0.041199745234281104,1.0282751161583863
0.229324375,40.0,0.041093954030528436,1.039677133611714
0.2299425,40.0,0.04099731514721469,1.0462901102081357
0.230560625,40.0,0.04090923917844745,1.0470624538042415
0.23117875,40.0,0.04082924383569177,1.0413596430736733
0.23179687499999999,40.0,0.040757207462012876,1.0290658495352436
0.23241499999999998,40.0,0.04069254983538809,1.0100919705521851
0.23303312499999998,40.0,0.04063447916392478,0.9846041563387208
0.23365124999999998,40.0,0.04058225898582206,0.954061872925589
0.23426937499999997,40.0,0.04053590042974931,0.9204164002539827
0.2348875,40.0,0.040495953590755224,0.884584464959306
0.235505625,40.0,0.040462229762825236,0.8468952392828698
0.23612375,40.0,0.04043465866790175,0.8077789081591789
0.236741875,40.0,0.04041357879503358,0.7674927490337764
0.23736,40.0,0.04039868280634361,0.7264506963222437
0.23797812499999998,40.0,0.040389406569625544,0.6851837316814368
0.23859624999999998,40.0,0.04038486004251199,0.644747677759829
0.23921437499999998,40.0,0.04038377415472592,0.6069051505540428
0.23983249999999998,40.0,0.04038598100493772,0.5735682219569194
0.240450625,40.0,0.04039249027945577,0.5457680703059956
0.24106875,40.0,0.04040370781285051,0.5238278614928141
0.241686875,40.0,0.04041936786740757,0.5080383350268523
0.242305,40.0,0.040439765637204916,0.49814837590470434
0.242923125,40.0,0.04046524976809641,0.49356974109318774
0.24354125,40.0,0.0404953136984871,0.4936293109642894
0.24415937499999998,40.0,0.040529043591556804,0.49835330713314563
0.24477749999999998,40.0,0.04056571860119197,0.5084625035479711
0.24539562499999998,40.0,0.04060486516431412,0.5244927197918374
0.24601374999999998,40.0,0.040646114557617345,0.5461311393035276
0.246631875,40.0,0.040688984968231943,0.5724374786106446
0.24725,40.0,0.04073328500866119,0.6026836880170895
0.247868125,40.0,0.040779640232312994,0.6357784373560387
0.24848625,40.0,0.04082868110867147,0.669860136293378
0.249104375,40.0,0.04088046754427591,0.7036163375912475
0.2497225,40.0,0.04093462916684434,0.7367433528896017
0.250340625,40.0,0.04099020327975367,0.7691559931157113
0.25095875,40.0,0.04104676163260397,0.8008640070884309
0.251576875,40.0,0.041104916250993544,0.8315173294693757
0.252195,40.0,0.04116457431963597,0.8605128263171149
0.25281312499999997,40.0,0.041225509840647954,0.8871998253231077
0.25343125,40.0,0.04128882000381315,0.9104088158886975
0.25404937499999997,40.0,0.04135545410378882,0.9285943625098787
0.2546675,40.0,0.04142561735067543,0.9408053201643983
0.25528562499999996,40.0,0.04149957216264093,0.9471623188901147
0.25590375,40.0,0.04157752166119024,0.9483214045671039
0.256521875,40.0,0.041659481160772636,0.9445188893498352
0.25714,40.0,0.041745109382705384,0.9360348533201848
0.257758125,40.0,0.04183373241047221,0.9232890800138505
0.25837625,40.0,0.04192492458942552,0.9063983119630763
0.258994375,40.0,0.04201907370854785,0.8852048761658956
0.25961249999999997,40.0,0.042117168831338585,0.8591318806872312
0.260230625,40.0,0.04221992347298023,0.8283399857062388
0.26084874999999996,40.0,0.042327581254518964,0.7940825092141515
0.261466875,40.0,0.042440081897465586,0.7577593380367658
0.262085,40.0,0.04255749540960355,0.7204836354952528
0.262703125,40.0,0.04268007287428768,0.6836763241287405
0.26332125,40.0,0.0428072836517081,0.6487573929337697
0.263939375,40.0,0.0429385071969314,0.6162624857829465
0.2645575,40.0,0.04307433291470803,0.5861976514039144
0.26517562499999997,40.0,0.043215342755292804,0.5585056975624985
0.26579375,40.0,0.043361388832450755,0.533539611569247
0.26641187499999996,40.0,0.04351295335648575,0.5121830251875844
0.26703,40.0,0.04367084104078739,0.4952685507324885
0.26764812499999996,40.0,0.043835179915452376,0.4834166808584959
0.26826625,40.0,0.044005822397469516,0.47718273879985484
0.268884375,40.0,0.044181883727638496,0.4772341433943573
0.2695025,40.0,0.04436195630842809,0.48334783788314006
0.270120625,40.0,0.0445454951789108,0.4941669213928907
0.27073875,40.0,0.044732447566561945,0.5087785954383504
0.271356875,40.0,0.04492265148030707,0.5267131017839468
0.27197499999999997,40.0,0.04511595170963765,0.5476166133261385
0.272593125,40.0,0.04531228433433985,0.5713238805729797
0.27321124999999996,40.0,0.04551189590816743,0.5977138289780122
0.273829375,40.0,0.045714691223760553,0.6267215316286247
0.2744475,40.0,0.045919703957815194,0.65822737874881
0.275065625,40.0,0.04612610186443046,0.6911136512595994
0.27568375,40.0,0.046333702896839524,0.7238286824851131
0.276301875,40.0,0.04654204836218958,0.755218954302211
0.27692,40.0,0.04675021948900476,0.7845600415050483
0.27753812499999997,40.0,0.04695808966032622,0.8113050227569201
0.27815625,40.0,0.04716636855812202,0.8349130822188117
0.27877437499999996,40.0,0.04737549699312518,0.8554793694576398
0.2793925,40.0,0.047585801857966764,0.8732341316016852
0.280010625,40.0,0.047797081678978545,0.8879202703343035
0.28062875,40.0,0.04800821034197348,0.8987476896756331
0.281246875,40.0,0.04821859528378353,0.9045295626519568
0.281865,40.0,0.048428031724621054,0.9046801855529206
0.282483125,40.0,0.048635748207607556,0.8993482275362836
0.28310124999999997,40.0,0.048841327310952844,0.8885866621715554
0.283719375,40.0,0.04904515778366955,0.8728313959368348
0.28433749999999997,40.0,0.049247794252944156,0.8531675572339955
0.284955625,40.0,0.04944955142347646,0.8306254577774628
0.28557374999999996,40.0,0.04965034460118434,0.8056411328902252
0.286191875,40.0,0.04985025545378977,0.778336136425684
0.28681,40.0,0.05004983532928738,0.7487214076978649
0.287428125,40.0,0.0502488454938541,0.7171403577775948
0.28804625,40.0,0.050446384996000904,0.6843802253856645
0.288664375,40.0,0.05064241092122046,0.6511402134447759
0.2892825,40.0,0.050837435730944416,0.6184687035709353
0.28990062499999997,40.0,0.051032162749343184,0.5878531353057136
0.29051875,40.0,0.05122757893574763,0.5605059570580233
0.29113687499999996,40.0,0.0514242275968718,0.5366590204358345
0.291755,40.0,0.05162217839991134,0.5160011975432566
0.292373125,40.0,0.051821704724022886,0.4986529841727674
0.29299125,40.0,0.05202298231394574,0.4846971502273786
0.293609375,40.0,0.052225279626938674,0.47423821690412205
0.2942275,40.0,0.05242797208366255,0.46774095281680245
0.294845625,40.0,0.05263147199255701,0.4656418449644465
0.29546374999999997,40.0,0.05283597053936219,0.4686247888260446
0.296081875,40.0,0.05304122906850034,0.47700557469072463
0.29669999999999996,40.0,0.05324739721695774,0.4900763800402192
0.297318125,40.0,0.05345497572552919,0.5069953848356931
0.29793624999999996,40.0,0.05366468732009793,0.5271643470471914
0.298554375,40.0,0.0538766035382825,0.5499528235767779
0.2991725,40.0,0.05408985778991437,0.5748099920304532
0.299790625,40.0,0.05430399492196963,0.6015099415943813
0.30040875,40.0,0.05451888402327817,0.6301666866510307
0.30102687499999997,40.0,0.054734226804517026,0.6607158595624001
0.301645,40.0,0.05495020028241086,0.692474614713158
0.30226312499999997,40.0,0.055166975339652306,0.7243130436659978
0.30288125,40.0,0.055384554853552814,0.7549481110399334
0.30349937499999996,40.0,0.055603493935236885,0.7835371860243773
0.3041175,40.0,0.055823944541040796,0.8094387590064139
0.304735625,40.0,0.05604500923144303,0.8318505965451651
0.30535375,40.0,0.056266159735931624,0.8507035723185535
0.305971875,40.0,0.056487464141351675,0.8664133591133847
0.30659,40.0,0.05670825794107629,0.8789123798926983
0.307208125,40.0,0.05692739574892667,0.8876467836640789
0.30782624999999997,40.0,0.05714437684663565,0.891949661202778
0.308444375,40.0,0.057359426418109566,0.8913843949280383
0.30906249999999996,40.0,0.05757294964139031,0.8857738872397845
0.309680625,40.0,0.05778510457848266,0.8752985544615169
0.31029874999999996,40.0,0.05799568615970444,0.8604056623134076
0.310916875,40.0,0.05820438771076312,0.8420522667807219
0.311535,40.0,0.058411031459351725,0.8213171568641294
0.312153125,40.0,0.05861509960894755,0.7986877622823203
0.31277125,40.0,0.05881600382254402,0.7742960654826371
0.31338937499999997,40.0,0.059013629150643794,0.7481757354876998
0.3140075,40.0,0.059207978371486024,0.7207126379212572
0.31462562499999996,40.0,0.05939955127942985,0.6923051260300598
0.31524375,40.0,0.05958879254008703,0.6635111013717725
0.31586187499999996,40.0,0.05977530234065711,0.6352988317193726
0.31648,40.0,0.05995939822082922,0.6087407986057408
0.317098125,40.0,0.06014185947705051,0.5849283354455617
0.31771625,40.0,0.06032210702299094,0.5640216731194974
0.318334375,40.0,0.060499092922468065,0.5455824171299587
0.31895249999999997,40.0,0.06067242217897401,0.529691605066682
0.319570625,40.0,0.06084198128793569,0.5165397201159634
0.32018874999999997,40.0,0.06100787477899824,0.5061242877914176
0.320806875,40.0,0.06117043325072183,0.4988680967780199
0.32142499999999996,40.0,0.06132999320867107,0.49551128458029053
0.322043125,40.0,0.061486977660231985,0.49661318135241195
0.32266125,40.0,0.061641748257292475,0.5021846375022313
0.323279375,40.0,0.061794214504786796,0.511806460297821
0.3238975,40.0,0.06194395658548299,0.5247879594452227
0.324515625,40.0,0.062090748367906116,0.5405754115348503
0.32513375,40.0,0.06223470626376489,0.5589141714772708
0.32575187499999997,40.0,0.06237605647007817,0.5795327162766561
0.32637,40.0,0.06251483868426046,0.6022165971612993
0.32698812499999996,40.0,0.06265098122356083,0.6272491204694897
0.32760625,40.0,0.06278516061872597,0.6545314029979564
0.32822437499999996,40.0,0.06291847853819545,0.6831253382995452
0.3288425,40.0,0.06305090691127846,0.711939108593422
0.329460625,40.0,0.06318183604251897,0.7399577680934163
0.33007875,40.0,0.06331125317412672,0.7665152771548572
0.330696875,40.0,0.0634388343543253,0.7910645563397154
0.33131499999999997,40.0,0.06356395846620269,0.8132247316766106
0.331933125,40.0,0.06368666789101288,0.8328334429735961
0.33255124999999996,40.0,0.06380701814945021,0.8500978672093115
0.333169375,40.0,0.06392522953609195,0.8647991513015997
0.33378749999999996,40.0,0.06404194665268882,0.876015225341595
0.334405625,40.0,0.06415719924905283,0.8831053651988745
0.33502375,40.0,0.0642707651985989,0.8858462535590105
0.335641875,40.0,0.06438270631125327,0.884212388984221
0.33626,40.0,0.06449311048810241,0.8784158120826058
0.336878125,40.0,0.06460192269471483,0.8690447853202204
0.33749625,40.0,0.06470857585963535,0.8568597004026772
0.33811437499999997,40.0,0.06481259449408876,0.8423543199531718
0.3387325,40.0,0.06491438398188937,0.8257577902497257
0.33935062499999996,40.0,0.06501460766248857,0.8068902433022783
0.33996875,40.0,0.06511336062900393,0.7857791095956309
0.34058687499999996,40.0,0.0652106340309917,0.7630778465994118
0.341205,40.0,0.0653067888868483,0.7393218506406188
0.341823125,40.0,0.06540164558142418,0.7151260242062917
0.34244125,40.0,0.0654944439879374,0.691350008321427
0.343059375,40.0,0.06558479047044144,0.6688654720574674
0.34367749999999997,40.0,0.06567233207921223,0.6480953102775712
0.344295625,40.0,0.06575673041060391,0.628913710387063
0.34491374999999996,40.0,0.06583825647026118,0.6110518223481753
0.345531875,40.0,0.065916929355174,0.59472614680576
0.34614999999999996,40.0,0.0659923832606439,0.5804552365585258
0.346768125,40.0,0.06606502672341318,0.568669144306346
0.34738625,40.0,0.06613539712907968,0.5597775132180476
0.348004375,40.0,0.0662032754684551,0.5544093533074791
0.3486225,40.0,0.06626812988952192,0.5529272546708065
0.34924062499999997,40.0,0.06632937615771109,0.5548956999523103
0.34985875,40.0,0.06638685325026536,0.5598491575534624
0.35047687499999997,40.0,0.06644072578760843,0.5674707903147215
0.351095,40.0,0.06649077202188089,0.577629342219973
0.35171312499999996,40.0,0.06653719833759136,0.5904474941633826
0.35233125,40.0,0.06658079100086434,0.6060230646182335
0.35294937499999995,40.0,0.06662166113288588,0.6242596171311225
0.3535675,40.0,0.06665954197241775,0.6451231452667685
0.354185625,40.0,0.06669425227053831,0.6681994745494817
0.35480375,40.0,0.06672535711660381,0.6924399972588052
0.355421875,40.0,0.06675255226843459,0.7167461953384308
0.35603999999999997,40.0,0.06677583611402717,0.7406976042021028
0.356658125,40.0,0.06679494739447449,0.7640631976514256
0.35727624999999996,40.0,0.06680944682975792,0.7864309451549559
0.357894375,40.0,0.06681981557841166,0.8076439782368932
0.35851249999999996,40.0,0.06682701473355869,0.8274606428454561
0.359130625,40.0,0.06683111401984496,0.8455592499873349
0.35974875,40.0,0.06683203602581622,0.8612849430659789
0.360366875,40.0,0.06682994580442837,0.8738207558433837
0.360985,40.0,0.0668247305506017,0.8825709667002327
0.36160312499999997,40.0,0.06681625540605099,0.8876142765588798
0.36222125,40.0,0.06680430002714537,0.8893117846117441
0.36283937499999996,40.0,0.06678895956478643,0.8877741329137252
0.3634575,40.0,0.06677102697727894,0.8833908775387052
0.36407562499999996,40.0,0.06675100216959011,0.8765231785206979
0.36469375,40.0,0.06672895124877844,0.8671547133295662
0.365311875,40.0,0.06670520552769148,0.855097170223229
0.36593,40.0,0.06667990923174719,0.8402887662361043
0.366548125,40.0,0.06665308663964475,0.823113487022684
0.36716624999999997,40.0,0.06662498440267163,0.8042812195773275
0.367784375,40.0,0.06659510435772617,0.7844447715730263
0.36840249999999997,40.0,0.06656276730792603,0.7641573658726688
0.369020625,40.0,0.06652837376437695,0.7438440658675607
0.36963874999999996,40.0,0.06649242621012813,0.7240512143408228
0.370256875,40.0,0.06645490193497848,0.7047938300800581
0.37087499999999995,40.0,0.06641605446980321,0.6858743681062763
0.371493125,40.0,0.06637650271159581,0.6675841693936194
0.37211125,40.0,0.06633646660659831,0.6505042323989741
0.372729375,40.0,0.06629562010580738,0.6352705357267079
0.3733475,40.0,0.0662536380343078,0.6224383011003928
0.37396562499999997,40.0,0.06621037946966275,0.6123280764804571
0.37458375,40.0,0.06616594610508351,0.6051463057620106
0.37520187499999996,40.0,0.06612049644585836,0.6010210931546505
0.37582,40.0,0.0660738404053984,0.5995959095351242
0.37643812499999996,40.0,0.06602600042867647,0.6006374741750959
0.37705625,40.0,0.06597735634038548,0.6042958428814951
0.377674375,40.0,0.06592810053713942,0.6109539871975475
0.3782925,40.0,0.06587839296565935,0.6207510063905365
0.378910625,40.0,0.06582778741693476,0.6336074465742284
0.37952874999999997,40.0,0.06577541348253751,0.649419696459117
0.380146875,40.0,0.06572122740985689,0.667737394738281
0.38076499999999996,40.0,0.06566500106192318,0.6878618659465702
0.381383125,40.0,0.06560592308048177,0.7090240881456216
0.38200124999999996,40.0,0.06554411723909535,0.7305695647311772
0.382619375,40.0,0.06548024672006299,0.7524216535933472
0.38323749999999995,40.0,0.06541440742882818,0.7745220458323084
0.383855625,40.0,0.06534644474602307,0.7963959802939486
0.38447375,40.0,0.06527623698392267,0.8175467342234674
0.385091875,40.0,0.06520361970868971,0.8376224483197012
0.38571,40.0,0.0651285596418766,0.8559337185185214
0.38632812499999997,40.0,0.06505091281896255,0.8716415235368525
0.38694625,40.0,0.06497027305852061,0.8843741962471467
0.38756437499999996,40.0,0.0648864922350686,0.8938417103030356
0.3881825,40.0,0.06479985737944341,0.9003056977757485
0.38880062499999996,40.0,0.06471086039105449,0.904037249949967
0.38941875,40.0,0.06461982952708784,0.9050405532310629
0.390036875,40.0,0.06452678893520407,0.9032818497800429
0.390655,40.0,0.06443174030402755,0.8987894933612416
0.391273125,40.0,0.0643348040997544,0.8915472913162205
0.39189124999999997,40.0,0.0642357308274697,0.8812524798986924
0.392509375,40.0,0.06413374780854124,0.8681207203153912
0.39312749999999996,40.0,0.06402888995336391,0.8529479553184629
0.393745625,40.0,0.06392192215668209,0.8362686171368358
0.39436374999999996,40.0,0.06381290018736498,0.8184761295568005
0.394981875,40.0,0.06370193171861134,0.7999886389523192
0.39559999999999995,40.0,0.06358958477313364,0.7809809705365702
0.396218125,40.0,0.06347606282022848,0.7617009600471729
0.39683625,40.0,0.0633617253049724,0.7422076473060103
0.39745437499999997,40.0,0.06324690396078378,0.722555927285808
0.3980725,40.0,0.06313127319230162,0.7033185531493287
0.39869062499999997,40.0,0.06301472619454757,0.6852713494830265
0.39930875,40.0,0.06289754049933365,0.6689371960801203
0.39992687499999996,40.0,0.06277992597153298,0.6546677613956459
0.400545,40.0,0.06266213723458668,0.6426582112881629
0.40116312499999995,40.0,0.06254446464793241,0.6331029951900152
0.40178125,40.0,0.062427418296075086,0.6260318393458187
0.402399375,40.0,0.06231150511530997,0.6214183884844273
0.4030175,40.0,0.0621965255446631,0.6193908866809636
0.403635625,40.0,0.062081906405269324,0.620264464711426
0.40425374999999997,40.0,0.06196762109869039,0.6245572875452426
0.404871875,40.0,0.0618538816230145,0.6322672991880145
0.40548999999999996,40.0,0.06174033865926955,0.6430904945160907
0.406108125,40.0,0.06162674795980126,0.6568274343087196
0.40672624999999996,40.0,0.06151338247473414,0.6731423549757086
0.407344375,40.0,0.06140036055022468,0.6912790621695175
0.4079625,40.0,0.061287905529818235,0.7106929369534669
0.408580625,40.0,0.06117644218645299,0.731190589889535
0.40919875,40.0,0.06106577767852776,0.7525626541570959
0.40981687499999997,40.0,0.06095555311967316,0.7746235316680646
0.410435,40.0,0.06084589219880945,0.7967476609000019
0.41105312499999996,40.0,0.06073645977868429,0.8182233741356494
0.41167125,40.0,0.060626679244072654,0.8385647587737608
0.41228937499999996,40.0,0.06051669186284026,0.8571114341583842
0.4129075,40.0,0.060406815783585935,0.873225925002445
0.41352562499999995,40.0,0.06029735072312714,0.8865707698490273
0.41414375,40.0,0.06018829112637562,0.8971391742378657
0.414761875,40.0,0.06007921749753567,0.9051423174360361
0.41537999999999997,40.0,0.059970239196828826,0.9104855896671032
0.415998125,40.0,0.05986139718837063,0.9131048805186277
0.41661624999999997,40.0,0.059752061923649645,0.9128566830914002
0.417234375,40.0,0.059641849782567674,0.9096005946830037
0.41785249999999996,40.0,0.05953064928107034,0.9034554935148114
0.418470625,40.0,0.05941828766439772,0.8943081061570921
0.41908874999999995,40.0,0.05930493940917704,0.8824027525234485
0.419706875,40.0,0.059191025971995895,0.8685679873722191
0.420325,40.0,0.059076642601056474,0.8532889757192692
0.420943125,40.0,0.05896190044115342,0.8366588674320212
0.42156125,40.0,0.05884722234099708,0.8189535853928022
0.42217937499999997,40.0,0.05873242095846793,0.8004209983398692
0.4227975,40.0,0.05861681433762507,0.7811758068666669
0.42341562499999996,40.0,0.058500494507624554,0.7613342201518998
0.42403375,40.0,0.05838388533379428,0.7412441985308021
0.42465187499999996,40.0,0.05826706168895093,0.7214848740082058
0.42527,40.0,0.05815017434210277,0.7027122789647325
0.42588812499999995,40.0,0.05803340536429771,0.6855226946103719
0.42650625,40.0,0.05791708425196786,0.6701230426307548
0.427124375,40.0,0.057801617618385655,0.6566188293313708
0.42774249999999997,40.0,0.05768685534427696,0.6453446599718347
0.428360625,40.0,0.05757254363051181,0.6364049295656172
0.42897874999999996,40.0,0.057458705644238973,0.6298226272341345
0.429596875,40.0,0.057345080335295874,0.6259088801156797
0.43021499999999996,40.0,0.05723156887264836,0.6250955478836221
0.430833125,40.0,0.057118466012777876,0.6276532366817077
0.43145124999999995,40.0,0.057005765929808466,0.6336259234704065
0.432069375,40.0,0.056893893942752426,0.642724037239488
0.4326875,40.0,0.05678365415436247,0.654604258728184
0.43330562499999997,40.0,0.056674898089004576,0.6690634471660116
0.43392375,40.0,0.0565672361588171,0.6854163492655456
0.43454187499999997,40.0,0.05646087619394736,0.7031683659535145
0.43516,40.0,0.05635602663541365,0.7221434157306814
0.43577812499999996,40.0,0.056252504419613644,0.742144649325174
0.43639625,40.0,0.056150128627740555,0.7628373664186279
0.43701437499999995,40.0,0.05604908062511108,0.7835765839144199
0.4376325,40.0,0.0559495738610268,0.8038001389070203
0.438250625,40.0,0.055851864665637276,0.822919759966646
0.43886875,40.0,0.055756123823908314,0.8403480057290059
0.439486875,40.0,0.05566225600516494,0.8557249584154737
0.44010499999999997,40.0,0.05557033087749684,0.8686010120279004
0.440723125,40.0,0.055480209997372715,0.8790158656693076
0.44134124999999996,40.0,0.05539144106622092,0.8871808366587164
0.441959375,40.0,0.05530376244548482,0.8928674238449562
0.44257749999999996,40.0,0.05521691925033721,0.8959535345325714
0.443195625,40.0,0.05513106802747925,0.8964043024684692
0.44381374999999995,40.0,0.0550468198637628,0.8941163327597124
0.444431875,40.0,0.054964046017889685,0.8890038645006936
0.44505,40.0,0.054882450845738076,0.8811683914628652
0.44566812499999997,40.0,0.0548025745444106,0.8708164668305444
0.44628625,40.0,0.05472458885609785,0.8584764416064395
0.44690437499999996,40.0,0.05464803177817408,0.8446085434058626
0.4475225,40.0,0.05457279012209929,0.8293391643934659
0.44814062499999996,40.0,0.05449880762693442,0.8127797281503565
0.44875875,40.0,0.05442595818256549,0.7952150505434422
0.44937687499999995,40.0,0.05435435024582065,0.7768848300496014
0.449995,40.0,0.05428403535124039,0.7578322559225893
0.450613125,40.0,0.05421512963334395,0.7384848465965201
0.45123125,40.0,0.05414797206302299,0.7194704837554693
0.451849375,40.0,0.05408268554568479,0.7013373808677205
0.45246749999999997,40.0,0.05401900619187331,0.684624713436708
0.453085625,40.0,0.05395645504001498,0.6696671029803365
0.45370374999999996,40.0,0.05389471179042915,0.6566285017598451
0.454321875,40.0,0.053833819425231993,0.6457514510493634
0.45493999999999996,40.0,0.05377385669525735,0.6372957461624629
0.455558125,40.0,0.05371462604674293,0.6311970369157484
0.45617624999999995,40.0,0.053655994081800655,0.62770602628746
0.456794375,40.0,0.053598543540003145,0.6272971566918767
0.4574125,40.0,0.05354263803669647,0.630037126084568
0.45803062499999997,40.0,0.05348787242166861,0.6358894011335371
0.45864875,40.0,0.05343437837088986,0.6445898584672175
0.45926687499999996,40.0,0.053382304355244145,0.6558813714027499
0.459885,40.0,0.05333121952047623,0.6693128765826049
0.46050312499999996,40.0,0.05328105771548238,0.6843262291975736
0.46112125,40.0,0.05323176208664534,0.7005021676961519
0.46173937499999995,40.0,0.05318323125351131,0.7174493322216026
0.4623575,40.0,0.05313596970396524,0.7350766168422909
0.462975625,40.0,0.05309039020306539,0.7531125203680922
0.46359374999999997,40.0,0.053046341597938716,0.7709583657185752
0.464211875,40.0,0.053003647708517884,0.7882153763097793
0.46482999999999997,40.0,0.05296224842957009,0.8044597298952442
0.465448125,40.0,0.052922114718146444,0.819175838991701
0.46606624999999996,40.0,0.0528831222486784,0.8319812039560291
0.466684375,40.0,0.052844857911474474,0.842619542905443
0.46730249999999995,40.0,0.052807253424177025,0.8511341371032637
0.467920625,40.0,0.05277077223174218,0.8576220474701248
0.46853874999999995,40.0,0.05273555120882139,0.8620313157395101
0.469156875,40.0,0.05270151434727722,0.8641961327791267
0.469775,40.0,0.052669042400847736,0.8641164067048656
0.47039312499999997,40.0,0.05263853149562556,0.8617815428556648
0.47101125,40.0,0.05260981594854049,0.8569656985960873
0.47162937499999996,40.0,0.05258272100283522,0.8496162083938767
0.4722475,40.0,0.05255720140389741,0.8400094783514435
0.47286562499999996,40.0,0.05253299805719103,0.8284799301031615
0.47348375,40.0,0.05251036251326742,0.8153355817107582
0.47410187499999995,40.0,0.052489829743273486,0.8008923958134508
0.47472,40.0,0.052471220729488975,0.7852717145513416
0.475338125,40.0,0.052454532577485266,0.768719612493034
0.47595624999999997,40.0,0.05244021088886911,0.7515577219494872
0.476574375,40.0,0.05242821485401015,0.7339646616452755
0.47719249999999996,40.0,0.05241835520086588,0.7161392795285788
0.477810625,40.0,0.05241038863287391,0.6987436075035234
0.47842874999999996,40.0,0.05240408762415925,0.6824608832633472
0.479046875,40.0,0.05239960214166967,0.6676045851816377
0.47966499999999995,40.0,0.0523967088801238,0.6545923609133223
0.480283125,40.0,0.05239514051969982,0.6437628932953252
0.48090125,40.0,0.05239531908818687,0.6353134208327347
0.48151937499999997,40.0,0.052397580945122084,0.6293056223516885
0.4821375,40.0,0.05240190793057703,0.6257373381468047
0.48275562499999997,40.0,0.052408294601617375,0.624668192814526
0.48337375,40.0,0.05241657790964968,0.6262851787286305
0.48399187499999996,40.0,0.05242639534327867,0.6307282388435298
0.48461,40.0,0.05243774835543734,0.6378019956378383
0.48522812499999995,40.0,0.052450742297892504,0.6471664006071361
0.48584625,40.0,0.052464984894023424,0.6587071163569096
0.48646437499999995,40.0,0.05248036136467994,0.671913011717357
0.4870825,40.0,0.05249729132187806,0.6862362924054853
0.487700625,40.0,0.05251578850082572,0.701276578327961
0.48831874999999997,40.0,0.05253554875750443,0.716643361150836
0.488936875,40.0,0.052556584042420064,0.732217196582937
0.48955499999999996,40.0,0.05257884130000201,0.7478042348587858
0.490173125,40.0,0.05260204364992206,0.7630607461069667
0.49079124999999996,40.0,0.05262585435532494,0.7775747285128288
0.491409375,40.0,0.05264979413661038,0.7911555025352978
0.49202749999999995,40.0,0.052673884839192185,0.8034939268339409
0.492645625,40.0,0.0526984621523851,0.8140620936387558
0.49326375,40.0,0.05272348369820565,0.8226790803627049
0.49388187499999997,40.0,0.05274913539638259,0.8294713960536576
0.4945,40.0,0.05277554242467434,0.8343787641154896
0.49511812499999996,40.0,0.052802450497877955,0.8373680702704849
0.49573625,40.0,0.05283006827391558,0.8383854082655625
0.49635437499999996,40.0,0.05285843136591796,0.8373576566351022
0.4969725,40.0,0.05288701829433248,0.8342657578394443
0.49759062499999995,40.0,0.05291587192253851,0.8289818724109697
0.49820875,40.0,0.05294536832581066,0.821343574187633
0.49882687499999995,40.0,0.052975454312216515,0.811511835020626
0.499445,40.0,0.05300606567808196,0.7998371993969032
0.5000631249999999,40.0,0.0530375487072586,0.786645238969786
0.50068125,40.0,0.05307025164870114,0.7722263220121321
0.501299375,40.0,0.05310411582852492,0.7568531369337655
0.5019175,40.0,0.053138962266412564,0.740855151398808
0.5025356249999999,40.0,0.053174539189352776,0.7244953850671941
0.50315375,40.0,0.05321066207478092,0.7080930393432261
0.503771875,40.0,0.05324750515162649,0.6918002222264713
0.50439,40.0,0.05328512330442318,0.6761532847074316
0.5050081249999999,40.0,0.053323587169585435,0.6618078712911833
0.5056262499999999,40.0,0.05336317314002593,0.6491515044996008
0.506244375,40.0,0.05340399104856558,0.6383946480629759
0.5068625,40.0,0.05344630138405618,0.6299022368298384
0.507480625,40.0,0.05349025586443836,0.6239521976860686
0.5080987499999999,40.0,0.05353545948525844,0.620331796603109
0.508716875,40.0,0.053581904143576845,0.6190276868980238
0.509335,40.0,0.053629931140967986,0.6200390291291226
0.509953125,40.0,0.05367912074440904,0.6232827557652577
0.5105712499999999,40.0,0.05372918047225108,0.6288724328366632
0.511189375,40.0,0.053780585240153285,0.6366534756016776
0.5118075,40.0,0.05383349127012819,0.6463355727872462
0.512425625,40.0,0.05388791053332168,0.6576890829500651
0.51304375,40.0,0.05394389019843405,0.6703978896426097
0.5136618749999999,40.0,0.054001117521699865,0.6840620363907595
0.51428,40.0,0.054059371008430744,0.6980948225728983
0.514898125,40.0,0.05411853340500003,0.7123429074293649
0.51551625,40.0,0.05417837078830069,0.7266743992585826
0.5161343749999999,40.0,0.05423864186992587,0.7408466510093885
0.5167525,40.0,0.05429926679045834,0.7546973019873373
0.517370625,40.0,0.05436038264373266,0.7679557524925696
0.51798875,40.0,0.05442207913281621,0.780386615139208
0.518606875,40.0,0.054484316177065346,0.7917511012756098
0.5192249999999999,40.0,0.05454696790108702,0.8016480836035891
0.519843125,40.0,0.05461010126939921,0.8097284903311317
0.52046125,40.0,0.05467390624084914,0.816084518111705
0.521079375,40.0,0.054737891502222365,0.8206398835721028
0.5216974999999999,40.0,0.05480153958929205,0.8232940089689162
0.522315625,40.0,0.05486515343595301,0.8239796823006874
0.52293375,40.0,0.0549287783633872,0.822686321334731
0.523551875,40.0,0.054992253665592156,0.8193657005975165
0.52417,40.0,0.055055872815599136,0.8138852455519963
0.5247881249999999,40.0,0.055119593755114465,0.8062515688615878
0.52540625,40.0,0.05518325791621101,0.7965161791088136
0.526024375,40.0,0.055247036930049856,0.7849920291807333
0.5266425,40.0,0.055310713032521316,0.7720895640456638
0.5272606249999999,40.0,0.05537389798490282,0.7581032393977595
0.52787875,40.0,0.05543662173302148,0.7432931768393624
0.528496875,40.0,0.0554989389690158,0.7281194280858722
0.529115,40.0,0.05556078660255053,0.7128704112357462
0.529733125,40.0,0.05562215176745417,0.6977029736529581
0.5303512499999999,40.0,0.05568310841000651,0.6829732391704109
0.530969375,40.0,0.05574409582275019,0.6690997052155756
0.5315875,40.0,0.05580541729830888,0.6564889008445972
0.532205625,40.0,0.055866749677030106,0.6456158090559015
0.5328237499999999,40.0,0.05592792335900613,0.6365851725894044
0.533441875,40.0,0.05598909537234313,0.6296280110176646
0.53406,40.0,0.05605021143243311,0.6249639165713454
0.534678125,40.0,0.056111102632673236,0.6224116300004938
0.5352962499999999,40.0,0.05617193482000013,0.6218839781360809
0.5359143749999999,40.0,0.056232910324606554,0.6232860126035196
0.5365325,40.0,0.056293980584763814,0.6266787733331076
0.537150625,40.0,0.056355440043040037,0.6319903330400815
0.53776875,40.0,0.05641733169572433,0.6390930698452402
0.5383868749999999,40.0,0.05647922803137496,0.6478994282002205
0.539005,40.0,0.056541294797594246,0.6580929669800626
0.539623125,40.0,0.056603599000111936,0.6694340978368538
0.54024125,40.0,0.056665664949816626,0.6816833042060698
0.5408593749999999,40.0,0.056727330963154896,0.6943177510270346
0.5414775,40.0,0.05678868820607824,0.7072036532044664
0.542095625,40.0,0.05684998477046908,0.7203549051836031
0.54271375,40.0,0.05691149450135746,0.7334932869893027
0.543331875,40.0,0.05697306894109389,0.7464038951449248
0.5439499999999999,40.0,0.05703467785842014,0.7589906508571289
0.544568125,40.0,0.057096542681579564,0.7709677734487301
0.54518625,40.0,0.057158416680160605,0.7819836632858227
0.545804375,40.0,0.057220006280694964,0.7917348357349593
0.5464224999999999,40.0,0.05728138119405986,0.7999307758162947
0.547040625,40.0,0.05734247333355109,0.8064744741634212
0.54765875,40.0,0.05740324816120021,0.8113185721641721
0.548276875,40.0,0.05746393389891798,0.814413847882882
0.548895,40.0,0.05752448691887511,0.8155628228128481
0.5495131249999999,40.0,0.057584727199793344,0.8147758409394252
0.55013125,40.0,0.05764492449510746,0.8120705556653268
0.550749375,40.0,0.057705201769657766,0.8072944325991495
0.5513675,40.0,0.05776504082049247,0.8003954788581891
0.5519856249999999,40.0,0.05782410693390525,0.7916312969746087
0.55260375,40.0,0.057882522717410505,0.7812275948741275
0.553221875,40.0,0.057940251553630945,0.7695197764038659
0.55384,40.0,0.05799725779809255,0.756890585374527
0.554458125,40.0,0.05805367218251886,0.7435584137235174
0.5550762499999999,40.0,0.05810953463176913,0.7299635203904012
0.555694375,40.0,0.058165091279365665,0.7164008087374859
0.5563125,40.0,0.0582203570296021,0.7029543442799725
0.556930625,40.0,0.05827500689424624,0.6899839536407614
0.5575487499999999,40.0,0.058329158323906,0.677866727839177
0.558166875,40.0,0.058382749968185134,0.6669329083782267
0.558785,40.0,0.05843557269177827,0.6575067142190607
0.559403125,40.0,0.05848781315164191,0.6496871947369924
0.56002125,40.0,0.05853929030282963,0.6437040968337133
0.5606393749999999,40.0,0.05858987385160142,0.6395603714581782
0.5612575,40.0,0.05864006032280639,0.6372435615698688
0.561875625,40.0,0.058690001695795316,0.6366469016754758
0.56249375,40.0,0.05873931540558272,0.6376036699712432
0.5631118749999999,40.0,0.05878790084290399,0.6403003965751904
0.56373,40.0,0.05883585118040243,0.6446803751320334
0.564348125,40.0,0.058882921422999765,0.6505581833950327
0.56496625,40.0,0.05892888238461034,0.657861341221897
0.5655843749999999,40.0,0.05897378544670987,0.6664855835819888
0.5662024999999999,40.0,0.059017701100575415,0.6761407908109736
0.566820625,40.0,0.05906074979431167,0.6865967441000296
0.56743875,40.0,0.05910305248270566,0.6976053364505422
0.568056875,40.0,0.059144543274161285,0.7089990876330842
0.5686749999999999,40.0,0.059185254974480954,0.7207860392492076
0.569293125,40.0,0.05922531937617431,0.732769692923139
0.56991125,40.0,0.05926461338023759,0.7447051601970619
0.570529375,40.0,0.05930303334465103,0.7564050990240112
0.5711474999999999,40.0,0.059340425119297616,0.7676711600109131
0.5717656249999999,40.0,0.05937657289489385,0.7781504390720962
0.57238375,40.0,0.0594118483943744,0.7874645909838783
0.573001875,40.0,0.05944651319941156,0.7954637564396607
0.57362,40.0,0.05948023314779083,0.802030210809226
0.5742381249999999,40.0,0.05951321992234725,0.8070442637220814
0.57485625,40.0,0.05954578989782613,0.8104564980913301
0.575474375,40.0,0.059577546936444924,0.812111097257208
0.5760925,40.0,0.05960834350161817,0.8118491813711108
0.5767106249999999,40.0,0.05963824038582374,0.809768400982737
0.57732875,40.0,0.05966710960538755,0.805804344621081
0.577946875,40.0,0.059695055246935816,0.7997902883717001
0.578565,40.0,0.05972216011321209,0.7921015458842074
0.579183125,40.0,0.05974842230554805,0.7830323017598142
0.5798012499999999,40.0,0.05977398507906353,0.7727931426138216
0.580419375,40.0,0.05979909168277203,0.7617030689422962
0.5810375,40.0,0.05982389449980074,0.7500357302912933
0.581655625,40.0,0.05984825470169554,0.7381438963970585
0.5822737499999999,40.0,0.0598719943957476,0.726160483971493
0.582891875,40.0,0.05989502774985414,0.7143357200703757
0.58351,40.0,0.05991745861704505,0.7029360058745763
0.584128125,40.0,0.05993935421024892,0.6922242464388367
0.58474625,40.0,0.059960504774161406,0.6826450370502829
0.5853643749999999,40.0,0.05998115032919127,0.6743414606981184
0.5859825,40.0,0.06000168402413993,0.6674065201850804
0.586600625,40.0,0.06002182672623568,0.6620035331254519
0.58721875,40.0,0.060041414364027476,0.6581372818892297
0.5878368749999999,40.0,0.06006062830654401,0.6557725251129662
0.588455,40.0,0.06007923723509825,0.6548363528827232
0.589073125,40.0,0.060097091524679666,0.6552997485684524
0.58969125,40.0,0.06011429360447128,0.6572322006309824
0.5903093749999999,40.0,0.060130547745569696,0.6607190019406953
0.5909274999999999,40.0,0.06014582716985073,0.6655809640981453
0.591545625,40.0,0.060160519579956724,0.6716896038572239
0.59216375,40.0,0.06017464248232281,0.679046837130667
0.592781875,40.0,0.060188135319682395,0.6874273507885901
0.5933999999999999,40.0,0.06020095371419312,0.6965656671690044
0.594018125,40.0,0.06021300302390944,0.706332216606366
0.59463625,40.0,0.06022430594907737,0.7166842749532369
0.595254375,40.0,0.06023460896274126,0.7274702933268501
0.5958724999999999,40.0,0.06024365730307876,0.7385596842149396
0.5964906249999999,40.0,0.06025167407613472,0.7497504995278016
0.59710875,40.0,0.06025881621344695,0.7607619006814081
0.597726875,40.0,0.0602649083213109,0.7713517927100396
0.598345,40.0,0.06026990680218954,0.7812976750791962
0.5989631249999999,40.0,0.06027400335398678,0.7902008640209109
0.59958125,40.0,0.06027716275475195,0.7978686626030291
0.600199375,40.0,0.06027923406493633,0.8043010287041397
0.6008175,40.0,0.06028028886213138,0.8093074893260324
0.6014356249999999,40.0,0.060280036514002676,0.812738445144737
0.6020537499999999,40.0,0.060278254566538306,0.8145266890489684
0.602671875,40.0,0.060275362495005425,0.8144991551528821
0.60329,40.0,0.06027137534451754,0.8126863278974594
0.603908125,40.0,0.060266170954870864,0.8090873757048075
0.6045262499999999,40.0,0.060260099726400604,0.8036943603173751
0.605144375,40.0,0.06025331495987969,0.7967608932525607
0.6057625,40.0,0.06024579079362423,0.7885902141657157
0.606380625,40.0,0.0602374560836214,0.7794545571526856
0.6069987499999999,40.0,0.06022815333333302,0.769446437503175
0.607616875,40.0,0.0602180404228766,0.7589191718807999
0.608235,40.0,0.06020728680082972,0.7481575182829867
0.608853125,40.0,0.060195659237582924,0.7372202151560806
0.60947125,40.0,0.060183226139471205,0.7264049392043511
0.6100893749999999,40.0,0.06017032524740373,0.7159845576190765
0.6107075,40.0,0.06015695666561711,0.7062012927361758
0.611325625,40.0,0.06014326773361462,0.6973625050916641
0.61194375,40.0,0.06012939329350492,0.6896373083030473
0.6125618749999999,40.0,0.060115058089271346,0.6830798962448572
0.61318,40.0,0.06010019009634646,0.6777183503550462
0.613798125,40.0,0.060084964645848206,0.6736839243861448
0.61441625,40.0,0.06006927779929857,0.6709161508600799
0.615034375,40.0,0.06005292881193822,0.669348168929722
0.6156524999999999,40.0,0.06003624664058977,0.6691294899805618
0.616270625,40.0,0.06001957282766968,0.670313292616717
0.61688875,40.0,0.06000272239406882,0.6729120184842216
0.617506875,40.0,0.059985694772143,0.6768394548845442
0.6181249999999999,40.0,0.05996857764910604,0.682027689780523
0.618743125,40.0,0.059951292529532234,0.6883758690676877
0.61936125,40.0,0.05993389082155849,0.6957660655057168
0.619979375,40.0,0.05991612865086294,0.7040036609505986
0.6205974999999999,40.0,0.05989779859772046,0.7129637914644297
0.6212156249999999,40.0,0.05987912081524604,0.7226370968751723
0.62183375,40.0,0.05986003600066427,0.7329033644032071
0.622451875,40.0,0.05984055772818255,0.743521416507539
0.62307,40.0,0.059820902825804365,0.7543033784169726
0.6236881249999999,40.0,0.05980083728271084,0.7649886648813221
0.62430625,40.0,0.05978031306847941,0.7752724271203097
0.624924375,40.0,0.05975948395726061,0.7849168272623814
0.6255425,40.0,0.059737954269246975,0.7936185442784324
0.6261606249999999,40.0,0.05971545083745812,0.8011657089290546
0.6267787499999999,40.0,0.0596922743313914,0.8075130949995128
0.627396875,40.0,0.05966852750383986,0.8125367921059917
0.628015,40.0,0.05964399559111285,0.8160149495466825
0.628633125,40.0,0.05961875214802537,0.8178330918181297
0.6292512499999999,40.0,0.05959299393625842,0.817990336998433
0.629869375,40.0,0.05956674744920114,0.8164381424992565
0.6304875,40.0,0.05954002523303547,0.8130922211187754
0.631105625,40.0,0.059512754893253146,0.8082184541406271
0.6317237499999999,40.0,0.05948477858062291,0.801924671383128
0.6323418749999999,40.0,0.05945607946265734,0.7944637703195748
0.63296,40.0,0.05942671224310326,0.7861303080636673
0.633578125,40.0,0.05939661571419509,0.776983375565119
0.63419625,40.0,0.059365900523961936,0.7673140828834428
0.6348143749999999,40.0,0.05933471239155878,0.7573340576719858
0.6354325,40.0,0.059303082645229044,0.7472622776175776
0.636050625,40.0,0.059271248438953233,0.7371901170369601
0.63666875,40.0,0.059239011832790234,0.7274154943729445
0.6372868749999999,40.0,0.0592060877274348,0.7182639415457123
0.6379049999999999,40.0,0.059172896064160464,0.7098320042995785
0.638523125,40.0,0.05913942220867778,0.7022658509442258
0.63914125,40.0,0.05910532304285316,0.695670335504934
0.639759375,40.0,0.05907085267899496,0.6900558725275316
0.6403774999999999,40.0,0.05903619867081971,0.6855112221269426
0.640995625,40.0,0.059001384955657384,0.6821112100903781
0.64161375,40.0,0.058966626699128805,0.6797872006472823
0.642231875,40.0,0.05893198682165563,0.6787045188925306
0.6428499999999999,40.0,0.058897401917506656,0.6790173502726192
0.643468125,40.0,0.058862896136688034,0.6806516868657136
0.64408625,40.0,0.05882843750325241,0.6835401307913797
0.644704375,40.0,0.058793891561414686,0.6877187272970039
0.6453225,40.0,0.058759201065836694,0.6930656452358221
0.6459406249999999,40.0,0.058724482371582835,0.6994803133225957
0.64655875,40.0,0.05868988674644803,0.7068621118061033
0.647176875,40.0,0.05865548537934723,0.7151119517081717
0.647795,40.0,0.05862117404726936,0.7241393525941464
0.6484131249999999,40.0,0.058586867792996725,0.733866756432659
0.64903125,40.0,0.05855280948616937,0.7440314200084871
0.649649375,40.0,0.05851895673328264,0.7543334808709862
0.6502675,40.0,0.058484897529665285,0.7645428958537506
0.6508856249999999,40.0,0.05845071455808895,0.774433562696405
0.6515037499999999,40.0,0.0584165591123597,0.7836797420227909
0.652121875,40.0,0.05838221450510297,0.7919838072394784
0.65274,40.0,0.058347849845708386,0.7993044647430041
0.653358125,40.0,0.05831370445903175,0.8054179306638245
0.6539762499999999,40.0,0.05827961256925429,0.810267741388707
0.654594375,40.0,0.05824573842724347,0.8136749815861934
0.6552125,40.0,0.058212167647160015,0.8154466744866407
0.655830625,40.0,0.05817852912823355,0.8156922024417524
0.6564487499999999,40.0,0.05814479389741466,0.814326538980705
0.6570668749999999,40.0,0.05811102537959078,0.811341353318674
0.657685,40.0,0.058077222150792696,0.8069614187590488
0.658303125,40.0,0.05804343355913854,0.8013393370433396
0.65892125,40.0,0.05800951266300692,0.7947162026009882
0.6595393749999999,40.0,0.05797556352182078,0.7872358906514336
0.6601575,40.0,0.05794184437413022,0.7790857978609005
0.660775625,40.0,0.057908269509333504,0.7704240422634238
0.66139375,40.0,0.057874654058793086,0.7613960169414983
0.6620118749999999,40.0,0.05784105515605781,0.752288084071668
0.6626299999999999,40.0,0.05780751913942044,0.7431357904145354
0.663248125,40.0,0.05777381725648905,0.7341262838032062
0.66386625,40.0,0.05773999140641132,0.7255906246864853
0.664484375,40.0,0.0577062616041307,0.7176800390629153
0.6651024999999999,40.0,0.05767255332523416,0.710342368041015
0.665720625,40.0,0.05763906854610788,0.7037827854908142
0.66633875,40.0,0.05760607927852497,0.6980804183283318
0.666956875,40.0,0.0575732804902342,0.693238002632215
0.6675749999999999,40.0,0.057540602784901605,0.6893647787261385
0.6681931249999999,40.0,0.057508322504061786,0.6865406733276743
0.66881125,40.0,0.057476283676346454,0.6848525147462101
0.669429375,40.0,0.057444329979359346,0.684445471243399
0.6700475,40.0,0.05741249679183482,0.6853460747612534
0.6706656249999999,40.0,0.05738076733140163,0.6874944290370129
0.67128375,40.0,0.05734932351065068,0.6908857626371006
0.671901875,40.0,0.05731819904229808,0.6954732994369529
0.67252,40.0,0.0572872355092899,0.7012068521490474
0.6731381249999999,40.0,0.05725663600256021,0.7078956044108538
0.67375625,40.0,0.05722642562026754,0.7155014145140279
0.674374375,40.0,0.057196299675373284,0.7239260714800723
0.6749925,40.0,0.057166296008054264,0.7329618237833597
0.675610625,40.0,0.05713640426208448,0.7424222201128376
0.6762287499999999,40.0,0.057106512071604505,0.7520084333713781
0.676846875,40.0,0.05707686891344345,0.7613885221672637
0.677465,40.0,0.05704761598282116,0.7704705888133595
0.678083125,40.0,0.05701858574398034,0.7788999949829915
0.6787012499999999,40.0,0.05698980182829605,0.7863876945601311
0.679319375,40.0,0.05696157759063895,0.7929475893674385
0.6799375,40.0,0.05693383848386581,0.798360132765676
0.680555625,40.0,0.056906265233151884,0.8025635041627928
0.6811737499999999,40.0,0.056878989353078044,0.8053874800746197
0.6817918749999999,40.0,0.05685200285443326,0.8067969405731016
0.68241,40.0,0.05682518709512817,0.8068044246517329
0.683028125,40.0,0.056798659296575855,0.8053548878400567
0.68364625,40.0,0.056772366289884704,0.8026028752216319
0.6842643749999999,40.0,0.056746462444379184,0.798625132439421
0.6848825,40.0,0.05672114623778314,0.7935975107147865
0.685500625,40.0,0.05669621440226089,0.7877684163114708
0.68611875,40.0,0.05667163221389967,0.7811967804890823
0.6867368749999999,40.0,0.05664743294654272,0.7740083381429417
0.6873549999999999,40.0,0.05662344702083059,0.7663801864190279
0.687973125,40.0,0.056599827131042474,0.7584146623610609
0.68859125,40.0,0.05657670447835084,0.7502534389444976
0.689209375,40.0,0.056553815695397004,0.7420516118447297
0.6898274999999999,40.0,0.056531353685124,0.7339211228387351
0.690445625,40.0,0.05650970695635522,0.7260663149640846
0.69106375,40.0,0.056488702088709083,0.7187258329277989
0.691681875,40.0,0.05646824665563979,0.7118191115633161
0.6922999999999999,40.0,0.056448514717164444,0.705504413350227
0.6929181249999999,40.0,0.05642945738237968,0.699942907243696
0.69353625,40.0,0.05641089129742622,0.6951561814546235
0.694154375,40.0,0.056392755182281734,0.6912181996721338
0.6947725,40.0,0.05637506995534516,0.6882836773712402
0.6953906249999999,40.0,0.056357874807156906,0.6865220813034427
0.69600875,40.0,0.056341298760658756,0.6859620558979967
0.696626875,40.0,0.056325353873861,0.6866767578233601
0.697245,40.0,0.05630989946838124,0.6887024907264578
0.6978631249999999,40.0,0.05629496554471058,0.6919345922237428
0.6984812499999999,40.0,0.056280520753461384,0.6963033013812022
0.699099375,40.0,0.05626647298698502,0.701852500527168
0.6997175,40.0,0.05625284923373198,0.7082827053813524
0.700335625,40.0,0.056239388638695015,0.7155067555598783
0.7009537499999999,40.0,0.05622613214076058,0.723526217903061
0.701571875,40.0,0.05621344374903272,0.7320028390356054
0.70219,40.0,0.056201053163247916,0.7407488011560823
0.702808125,40.0,0.05618891532263302,0.7495154958593176
0.7034262499999999,40.0,0.05617742060580647,0.7580206688379156
0.704044375,40.0,0.056166433404182654,0.7660898114141644
0.7046625,40.0,0.056155750655830255,0.7734304248314294
0.705280625,40.0,0.05614539111167539,0.7799108054395438
0.7058987499999999,40.0,0.05613523133782896,0.78539287897675
0.7065168749999999,40.0,0.05612522550155598,0.7898272352977319
0.707135,40.0,0.056115503818820286,0.7931601146425812
0.707753125,40.0,0.056106037969123834,0.7952200227072977
0.70837125,40.0,0.05609675544233751,0.7960884844423942
0.7089893749999999,40.0,0.05608775826121356,0.7957543181390428
0.7096075,40.0,0.05607910696898469,0.7942181488708985
0.710225625,40.0,0.056070798260377835,0.7915580374493916
0.71084375,40.0,0.05606275362750224,0.7879267352632019
0.7114618749999999,40.0,0.0560548664315252,0.7834100590730949
0.7120799999999999,40.0,0.056047211251335896,0.7781988231919093
0.712698125,40.0,0.05603987827581054,0.7723833502923134
0.71331625,40.0,0.05603272960296294,0.7659673006367764
0.713934375,40.0,0.05602574516451666,0.7591303312396461
0.7145524999999999,40.0,0.05601934265342378,0.7519930339622379
0.715170625,40.0,0.05601360175648191,0.7445799615136673
0.71578875,40.0,0.05600829708594358,0.7370429238461699
0.716406875,40.0,0.056003654391189046,0.7295354063501008
0.7170249999999999,40.0,0.055999636034330266,0.7222153967741415
0.7176431249999999,40.0,0.0559960247048729,0.7152285426484771
0.71826125,40.0,0.05599306122637229,0.7086416714952494
0.718879375,40.0,0.05599066060591891,0.7025960650144888
0.7194975,40.0,0.05598862151910416,0.697205392429045
0.7201156249999999,40.0,0.05598719540598362,0.6926112245104066
0.72073375,40.0,0.055986439577480375,0.6889068921542905
0.721351875,40.0,0.05598629333082973,0.68617889748909
0.72197,40.0,0.055986795489323476,0.6846407246953685
0.7225881249999999,40.0,0.05598788900618919,0.6843937351823854
0.7232062499999999,40.0,0.05598964020623251,0.6853486248923053
0.723824375,40.0,0.055991993790027346,0.6875988846350105
0.7244425,40.0,0.055994680783684934,0.6910504984821324
0.725060625,40.0,0.05599770749995787,0.695574122334035
0.7256787499999999,40.0,0.05600129404895301,0.701159573434478
0.726296875,40.0,0.05600544064891204,0.7075496011521809
0.726915,40.0,0.05601003928919253,0.714623444929415
0.727533125,40.0,0.05601525430274529,0.7222674885924472
0.7281512499999999,40.0,0.05602109733532061,0.7302948070736536
0.7287693749999999,40.0,0.056027372670697115,0.7384132841335198
0.7293875,40.0,0.05603419176775201,0.7463581345132754
0.730005625,40.0,0.05604148423914564,0.7540383067880659
0.73062375,40.0,0.05604892653239591,0.7611648253485113
0.7312418749999999,40.0,0.05605664042941909,0.7675329360926939
0.73186,40.0,0.05606475342730964,0.7731039111884568
0.732478125,40.0,0.05607298105118655,0.7777548182618254
0.73309625,40.0,0.05608137513509338,0.7814419901609996
0.7337143749999999,40.0,0.05609013808092026,0.7841675513247662
0.7343324999999999,40.0,0.056099161029124836,0.7858673991026485
0.734950625,40.0,0.05610843863795879,0.7864804905537679
0.73556875,40.0,0.05611779643061893,0.7861060178819305
0.7361868749999999,40.0,0.05612709618456948,0.7847830914442497
0.7368049999999999,40.0,0.05613655426473462,0.7824488884888559
0.737423125,40.0,0.05614604487439129,0.7792613637567778
0.73804125,40.0,0.056155497141200425,0.7753523204002092
0.738659375,40.0,0.05616516095660117,0.7707727081435244
0.7392774999999999,40.0,0.056175000974960004,0.7655920307425651
0.739895625,40.0,0.05618502398289632,0.7598443911581381
0.74051375,40.0,0.05619541147861289,0.7536361766141904
0.741131875,40.0,0.05620608557401237,0.7470344544348608
0.7417499999999999,40.0,0.05621689286200854,0.7401368579331156
0.7423681249999999,40.0,0.0562279592186682,0.733028497715518
0.74298625,40.0,0.05623934890034455,0.7258517382189713
0.743604375,40.0,0.0562507861354406,0.7188407199570601
0.7442225,40.0,0.05626228538613559,0.7120716608686557
0.7448406249999999,40.0,0.05627417461077418,0.7056881445849394
0.74545875,40.0,0.05628640050552568,0.6998635492766638
0.746076875,40.0,0.056298904989713384,0.6947017391551973
0.746695,40.0,0.05631177994549929,0.690345757202161
0.7473131249999999,40.0,0.056324908964004675,0.6869600641847562
0.7479312499999999,40.0,0.05633834098527885,0.6845756041880502
0.748549375,40.0,0.05635207489419584,0.6833440669032227
0.7491675,40.0,0.056365933024103435,0.6834177236823537
0.749785625,40.0,0.05638004406609441,0.6846924627020975
0.7504037499999999,40.0,0.05639446533673108,0.6871423850807283
0.751021875,40.0,0.05640911889408565,0.6907058814829703
0.75164,40.0,0.05642420720573593,0.6953310154553323
0.752258125,40.0,0.05643972354353232,0.7007817829729788
0.7528762499999999,40.0,0.05645550435338996,0.7069375319679696
0.7534943749999999,40.0,0.05647181678866852,0.7136951461937173
0.7541125,40.0,0.05648860769745479,0.7207886048641926
0.754730625,40.0,0.05650546043438761,0.7281524970739769
0.75534875,40.0,0.05652248782740059,0.7355124360250969
0.7559668749999999,40.0,0.05653981931160114,0.7426425936769597
0.756585,40.0,0.05655732161211066,0.7494362941434821
0.757203125,40.0,0.056574978508001514,0.7557278994606431
0.75782125,40.0,0.05659284671083961,0.7613635890989137
0.7584393749999999,40.0,0.05661093927401576,0.7662547265827857
0.7590574999999999,40.0,0.05662918562832287,0.7704117303607086
0.759675625,40.0,0.056647591196022605,0.7737719847344463
0.76029375,40.0,0.056666050808397116,0.7762873408675712
0.760911875,40.0,0.056684455345314945,0.7780003529045193
0.7615299999999999,40.0,0.05670290436403361,0.7787963145571704
0.762148125,40.0,0.0567213038623023,0.7787376480481557
0.76276625,40.0,0.056739643392258836,0.7778635596070347
0.763384375,40.0,0.05675802030013196,0.7761417263222483
0.7640024999999999,40.0,0.05677637397899792,0.7735859852505853
0.7646206249999999,40.0,0.0567949459689049,0.7703507467549492
0.76523875,40.0,0.0568137878207977,0.7664936098723613
0.765856875,40.0,0.056832510241688894,0.7619272921882684
0.7664749999999999,40.0,0.0568512399252888,0.75678785264833
0.7670931249999999,40.0,0.05687015696366534,0.7511415636922468
0.76771125,40.0,0.05688894031167074,0.745008131902253
0.768329375,40.0,0.05690760948352343,0.7385066377092062
0.7689475,40.0,0.0569263596697832,0.7317915664514416
0.7695656249999999,40.0,0.05694507838324294,0.7249779730595388
0.77018375,40.0,0.05696382020389923,0.7182694401317669
0.770801875,40.0,0.05698268230611533,0.7118278926310456
0.77142,40.0,0.05700153381203818,0.705793459303766
0.7720381249999999,40.0,0.057020378083283293,0.7002988251449377
0.7726562499999999,40.0,0.05703927932884811,0.6955048879170772
0.773274375,40.0,0.057058139306976875,0.691564824645173
0.7738925,40.0,0.05707687106314691,0.6885368849156783
0.774510625,40.0,0.05709546175334723,0.6865397481557001
0.7751287499999999,40.0,0.05711400905045238,0.6856933707147784
0.775746875,40.0,0.057132667581235384,0.6859943330290657
0.776365,40.0,0.05715142906144979,0.6874823977333634
0.776983125,40.0,0.05717018688326318,0.6899996903115941
0.7776012499999999,40.0,0.05718901018655802,0.6934850993656835
0.7782193749999999,40.0,0.05720804938770516,0.6979127686678205
0.7788375,40.0,0.05722704441576908,0.7029830439980221
0.779455625,40.0,0.057245857112070225,0.7086326512113972
0.78007375,40.0,0.05726476343344792,0.7147167473720362
0.7806918749999999,40.0,0.05728356605090364,0.7210955085613081
0.78131,40.0,0.057302190651797785,0.7275808422638892
0.781928125,40.0,0.05732088847117941,0.7340320623696303
0.78254625,40.0,0.05733944956478601,0.7403140025951506
0.7831643749999999,40.0,0.05735789081460916,0.7462496013544299
0.7837824999999999,40.0,0.0573764319622967,0.7517671762042663
0.784400625,40.0,0.05739487255150367,0.7567921017462287
0.78501875,40.0,0.05741306060476125,0.7612041524038836
0.785636875,40.0,0.05743102703064155,0.7650034165820282
0.7862549999999999,40.0,0.05744877352056287,0.7682329546329455
0.786873125,40.0,0.05746634759123425,0.7707710593811774
0.78749125,40.0,0.05748373512479221,0.7725781882867717
0.788109375,40.0,0.05750089275505532,0.773699260166861
0.7887274999999999,40.0,0.057518003706898545,0.7740761540883123
0.7893456249999999,40.0,0.05753514405803139,0.773651471650327
0.78996375,40.0,0.05755212187394358,0.7725058289483628
0.790581875,40.0,0.05756894814654443,0.7705592212417474
0.7911999999999999,40.0,0.05758574803493627,0.7679000160555488
0.7918181249999999,40.0,0.057602398751039785,0.7645926717898264
0.79243625,40.0,0.057618808446622774,0.7605703171596702
0.793054375,40.0,0.0576351011782441,0.7558997400258155
0.7936725,40.0,0.057651208650638414,0.7506815997043522
0.7942906249999999,40.0,0.05766708755178829,0.7449914826081178
0.7949087499999999,40.0,0.05768303650193352,0.7388956910372109
0.795526875,40.0,0.05769899556908621,0.7325645385714247
0.796145,40.0,0.05771470170675291,0.7262028804394839
0.7967631249999999,40.0,0.05773035188197963,0.7199462843673359
0.7973812499999999,40.0,0.057745952029136974,0.7139294735030918
0.797999375,40.0,0.05776129778783462,0.7084069885029668
0.7986175,40.0,0.05777648082791034,0.7033870638562199
0.799235625,40.0,0.057791469163270756,0.6990802156696766
0.7998537499999999,40.0,0.057806336290476504,0.6956701940269848
0.8004718749999999,40.0,0.05782123684011472,0.693094931633253
0.80109,40.0,0.05783597369631109,0.6915251909775951
0.801708125,40.0,0.057850638606048055,0.6910397191891834
0.8023262499999999,40.0,0.057865391187798904,0.6915953241105709
0.8029443749999999,40.0,0.05788003328614416,0.6931655997196592
0.8035625,40.0,0.05789455169352688,0.6956386083461521
0.804180625,40.0,0.05790895857928651,0.6989480317471394
0.80479875,40.0,0.057923084004568914,0.70298108418659
0.8054168749999999,40.0,0.05793693808254705,0.707560381303404
0.806035,40.0,0.05795071664197789,0.7126094426941937
0.806653125,40.0,0.05796434431820169,0.7179540493059994
0.80727125,40.0,0.057977648829759816,0.7235607345999002
0.8078893749999999,40.0,0.05799083195527825,0.729245814685901
0.8085074999999999,40.0,0.05800391703196833,0.7348796853396853
0.809125625,40.0,0.058016628857466584,0.7403647220914548
0.80974375,40.0,0.05802897878793957,0.7456194517346103
0.810361875,40.0,0.058041037593334656,0.7505390668470734
0.8109799999999999,40.0,0.05805270662158335,0.7550605716978945
0.811598125,40.0,0.05806402247356946,0.7591775646531511
0.81221625,40.0,0.05807498454992222,0.7627652575572273
0.812834375,40.0,0.058085542834772054,0.7659365321842974
0.8134524999999999,40.0,0.05809589901436204,0.7685650048219637
0.8140706249999999,40.0,0.058106034386435565,0.7705189019542512
0.81468875,40.0,0.05811583309131739,0.771886554901777
0.815306875,40.0,0.05812541707009791,0.7725790037902929
0.815925,40.0,0.0581346045297328,0.772505309687617
0.8165431249999999,40.0,0.05814333905616608,0.7716958319211049
0.81716125,40.0,0.05815187666934549,0.7701257544906457
0.817779375,40.0,0.05816001856106168,0.767833293425398
0.8183975,40.0,0.058167694845448405,0.7648078262021627
0.8190156249999999,40.0,0.05817524954486345,0.7611008877981837
0.8196337499999999,40.0,0.0581826275042834,0.7567440644328159
0.820251875,40.0,0.058189659152550914,0.7517742684603074
0.82087,40.0,0.05819645653289372,0.7463705976194374
0.8214881249999999,40.0,0.05820307873238411,0.7406401180957974
0.8221062499999999,40.0,0.05820945099494904,0.7346265793490381
0.822724375,40.0,0.058215537054873666,0.7286418524902517
0.8233425,40.0,0.058221378653942855,0.7228436137529098
0.823960625,40.0,0.05822693618718823,0.7172718925349414
0.8245787499999999,40.0,0.05823229402728258,0.7122130449298879
0.8251968749999999,40.0,0.058237612299668215,0.7076935098032717
0.825815,40.0,0.05824281010843471,0.7039035286633688
0.826433125,40.0,0.05824793703901699,0.7009161757046412
0.8270512499999999,40.0,0.05825301617764756,0.6987854577795366
0.8276693749999999,40.0,0.05825794591565584,0.697575902499833
0.8282875,40.0,0.05826283575868258,0.6972973819802544
0.828905625,40.0,0.05826755137671534,0.6979819711199908
0.82952375,40.0,0.05827195607752189,0.699513639519452
0.8301418749999999,40.0,0.05827634762752461,0.7018020468041226
0.8307599999999999,40.0,0.05828069807557382,0.704804234917658
0.831378125,40.0,0.058284736280513234,0.7083936801222974
0.83199625,40.0,0.05828868799334403,0.7124379336613343
0.8326143749999999,40.0,0.058292651899224356,0.7168677592573687
0.8332324999999999,40.0,0.0582963888319828,0.7215866306644331
0.833850625,40.0,0.058299981922455335,0.7264759700921021
0.83446875,40.0,0.05830338812852413,0.7314927628830733
0.835086875,40.0,0.058306417349239165,0.7365193260457187
0.8357049999999999,40.0,0.05830918779585647,0.7413850536545313
0.836323125,40.0,0.05831171940907517,0.7461802311661112
0.83694125,40.0,0.05831395866723347,0.7507352654097603
0.837559375,40.0,0.05831594019022769,0.7549975724677799
0.8381774999999999,40.0,0.058317702100804066,0.7589727622919021
0.8387956249999999,40.0,0.05831927943269126,0.7625705839000053
0.83941375,40.0,0.05832059908703036,0.7657971354380867
0.840031875,40.0,0.058321566971026716,0.7685247048956393
0.84065,40.0,0.058322156166720214,0.7706945098673192
0.8412681249999999,40.0,0.05832246083838515,0.7722555160518995
0.84188625,40.0,0.05832246507150567,0.7731398149413685
0.842504375,40.0,0.05832194797756166,0.7732995375746884
0.8431225,40.0,0.05832107194807453,0.7727025852804775
0.8437406249999999,40.0,0.05832004120146571,0.7713082543374081
0.8443587499999999,40.0,0.05831862906659378,0.7692139715281683
0.844976875,40.0,0.0583169411403193,0.7663486297884697
0.845595,40.0,0.05831509544690684,0.7627649782427856
0.846213125,40.0,0.05831281544234961,0.7585922307016113
0.8468312499999999,40.0,0.05831021928541612,0.7537887160485444
0.847449375,40.0,0.058307411568361445,0.7485781285004174
0.8480675,40.0,0.058304182032941534,0.7430957467074498
0.848685625,40.0,0.05830064218328546,0.7374097779324388
0.8493037499999999,40.0,0.05829696599970729,0.7317613443090847
0.8499218749999999,40.0,0.05829311790997519,0.7263490328641306
0.85054,40.0,0.0582891057126628,0.721255424358235
0.851158125,40.0,0.05828492569466401,0.7165819547619949
0.8517762499999999,40.0,0.0582805910209712,0.7125138581995658
0.8523943749999999,40.0,0.05827622201709687,0.7091553821848412
0.8530125,40.0,0.058271701852578,0.706480224331515
0.853630625,40.0,0.05826688535554988,0.7046161714108717
0.85424875,40.0,0.05826195041657377,0.7035968733449074
0.8548668749999999,40.0,0.058256932842961115,0.7033724140122761
0.8554849999999999,40.0,0.05825175055626041,0.7039425304234713
0.856103125,40.0,0.058246507449502716,0.7052723710076865
0.85672125,40.0,0.058241285699666315,0.7072373667617031
0.8573393749999999,40.0,0.05823598212791505,0.7097487826805644
0.8579574999999999,40.0,0.058230585775151895,0.7128163143812554
0.858575625,40.0,0.0582252254959252,0.7162571390795808
0.85919375,40.0,0.058219665891471636,0.7200168464399596
0.859811875,40.0,0.05821385872939291,0.7240992225665202
0.8604299999999999,40.0,0.05820810957892252,0.728359059546923
0.8610481249999999,40.0,0.05820223379076614,0.7327809968753051
0.86166625,40.0,0.05819614367466643,0.7372737279995047
0.862284375,40.0,0.058190031916953856,0.74173974197727
0.8629024999999999,40.0,0.058183833616700896,0.7461994899541274
0.8635206249999999,40.0,0.05817760192559008,0.7505326895163366
0.86413875,40.0,0.05817131059628753,0.7547024388878262
0.864756875,40.0,0.058164767793904934,0.7586288239485579
0.865375,40.0,0.05815809127974183,0.762291691006916
0.8659931249999999,40.0,0.05815127466402409,0.7656169313347395
0.8666112499999999,40.0,0.058144140436048944,0.7684460008844175
0.867229375,40.0,0.058136829409744996,0.7707542665960057
0.8678475,40.0,0.058129403659260184,0.7724677429083169
0.8684656249999999,40.0,0.05812175723599913,0.7734672158099144
0.8690837499999999,40.0,0.05811401305940894,0.7737428675439662
0.869701875,40.0,0.05810620745019841,0.7732625337624996
0.87032,40.0,0.058098138084247346,0.7719612254580529
0.870938125,40.0,0.05808984211030943,0.7699431303484825
0.8715562499999999,40.0,0.05808150467891401,0.7671728461729531
0.872174375,40.0,0.058072969045856564,0.7637063050011608
0.8727925,40.0,0.058064105556866724,0.7596259071811605
0.873410625,40.0,0.05805512124098829,0.7550454179094102
0.8740287499999999,40.0,0.058046068682785334,0.7500974647941138
0.8746468749999999,40.0,0.05803686898614935,0.7448886219059683
0.875265,40.0,0.058027623879649194,0.7396183830467024
0.875883125,40.0,0.05801832669381905,0.734418801987728
0.87650125,40.0,0.05800891153716256,0.729450061067679
0.8771193749999999,40.0,0.05799947653584206,0.7248549955353141
0.8777375,40.0,0.05798988078443719,0.720651222659
0.878355625,40.0,0.05798008692833432,0.7170116086374994
0.87897375,40.0,0.057970288468561636,0.7140093319391275
0.8795918749999999,40.0,0.05796034588706693,0.7116486727658251
0.8802099999999999,40.0,0.057950367332213266,0.7099546412819826
0.880828125,40.0,0.057940494250415066,0.7089780220429195
0.88144625,40.0,0.057930466033175636,0.7087300855713378
0.8820643749999999,40.0,0.05792044455578522,0.7090666802182743
0.8826824999999999,40.0,0.05791060690324596,0.710057779566555
0.883300625,40.0,0.05790068120352431,0.7115841285996481
0.88391875,40.0,0.05789062700337873,0.7135516952208106
0.884536875,40.0,0.057880608236526895,0.7159944140552779
0.8851549999999999,40.0,0.05787058658231422,0.7188090813610443
0.8857731249999999,40.0,0.05786048179357459,0.7219397295032003
0.88639125,40.0,0.05785040102470085,0.7253580778407935
0.887009375,40.0,0.05784039515290716,0.7290865488476227
0.8876274999999999,40.0,0.05783040262647891,0.7330082419458166
0.8882456249999999,40.0,0.05782046814691235,0.7370273677500293
0.88886375,40.0,0.057810546463125834,0.7411939543303429
0.889481875,40.0,0.05780051546456828,0.7453923496484667
0.8901,40.0,0.05779043493526548,0.7495390783675521
0.8907181249999999,40.0,0.05778031340977669,0.7536066087617611
0.8913362499999999,40.0,0.057770095249932624,0.7574981325540765
0.891954375,40.0,0.057759849769839264,0.7611286567486176
0.8925725,40.0,0.05774950140971762,0.7644405289712733
0.8931906249999999,40.0,0.057739091923898374,0.7672925980190608
0.8938087499999999,40.0,0.057728843695951056,0.7695766783365312
0.894426875,40.0,0.0577185445464264,0.7712512678296024
0.895045,40.0,0.05770809017673961,0.7722259141369372
0.895663125,40.0,0.057697761006130895,0.7724611049953277
0.8962812499999999,40.0,0.057687395039237845,0.7718934981945833
0.8968993749999999,40.0,0.05767683623184862,0.770594159034242
0.8975175,40.0,0.05766633200854683,0.7685402324939266
0.898135625,40.0,0.05765582758429517,0.7657953206836466
0.8987537499999999,40.0,0.05764529379760885,0.7624501189480727
0.8993718749999999,40.0,0.05763490336541146,0.7585095022256438
0.89999,40.0,0.057624557125846645,0.7542008346265361
0.900608125,40.0,0.05761421297474206,0.7496099973569614
0.90122625,40.0,0.05760392764505494,0.7448200111951923
0.9018443749999999,40.0,0.05759370103961507,0.7400459517436585
0.9024625,40.0,0.057583510937843634,0.7353997662765022
0.903080625,40.0,0.05757328065985387,0.7309999734150887
0.90369875,40.0,0.057563047739596813,0.7269273770806173
0.9043168749999999,40.0,0.05755287592974218,0.7232801495579346
0.9049349999999999,40.0,0.057542837380107216,0.7201046380412502
0.905553125,40.0,0.05753288872167489,0.7174442788920293
0.90617125,40.0,0.05752297406938178,0.7153855335025401
0.9067893749999999,40.0,0.057513314468520566,0.7138465568374355
0.9074074999999999,40.0,0.05750381780654721,0.7128797268959847
0.908025625,40.0,0.057494268783476986,0.7124955544008134
0.90864375,40.0,0.05748487473514276,0.7126308575225153
0.909261875,40.0,0.057475619901247346,0.7132401443122622
0.9098799999999999,40.0,0.05746635611231125,0.7143031698827812
0.9104981249999999,40.0,0.057457301552830145,0.7158251382487882
0.91111625,40.0,0.05744842917172841,0.7177033931715981
0.911734375,40.0,0.057439554525928964,0.719994891301964
0.9123524999999999,40.0,0.0574308833094993,0.7226462657182074
0.9129706249999999,40.0,0.0574224241975365,0.7255974208987328
0.91358875,40.0,0.05741398396146939,0.7289103444570771
0.914206875,40.0,0.05740560714007618,0.7324944971637448
0.914825,40.0,0.05739725092504325,0.7362339187921405
0.9154431249999999,40.0,0.0573889036333283,0.7401689624235677
0.9160612499999999,40.0,0.057380618901027025,0.7441984804089958
0.916679375,40.0,0.057372273357211144,0.7482177841115624
0.9172975,40.0,0.05736394720298633,0.7521683898317824
0.9179156249999999,40.0,0.05735579895115261,0.7559547836974647
0.9185337499999999,40.0,0.057347701716255806,0.7594968621598859
0.919151875,40.0,0.05733958607645177,0.7626313892156635
0.91977,40.0,0.057331543482915255,0.7653252892840547
0.920388125,40.0,0.05732355133255381,0.7674359399716176
0.9210062499999999,40.0,0.057315517930048986,0.7688494915390315
0.9216243749999999,40.0,0.05730753588715011,0.7696071420852957
0.9222425,40.0,0.05729965316025373,0.7696349554795887
0.922860625,40.0,0.05729168799992674,0.7688533534946652
0.9234787499999999,40.0,0.05728381940359778,0.767417342238699
0.9240968749999999,40.0,0.05727621260592165,0.7653007829673698
0.924715,40.0,0.05726857753493431,0.7625633270625298
0.925333125,40.0,0.057261016005044206,0.7593061682146708
0.92595125,40.0,0.0572536542291002,0.7556060723460859
0.9265693749999999,40.0,0.05724629753423777,0.75161855763692
0.9271874999999999,40.0,0.057238994625080954,0.7474126229931618
0.927805625,40.0,0.0572317265897786,0.7431443209448827
0.92842375,40.0,0.057224482052109255,0.7389153347024451
0.9290418749999999,40.0,0.0572174412190216,0.7348501490342411
0.9296599999999999,40.0,0.05721054587323165,0.7310267802872821
0.930278125,40.0,0.05720372561366928,0.7275086190184173
0.93089625,40.0,0.05719714541644479,0.7243470896139281
0.931514375,40.0,0.05719077032858709,0.7215753591803631
0.9321324999999999,40.0,0.057184505244159856,0.7192354389869369
0.9327506249999999,40.0,0.05717850151113071,0.7173277634263006
0.93336875,40.0,0.057172677614455325,0.7158695926286573
0.933986875,40.0,0.057166917709048824,0.7148630823976029
0.9346049999999999,40.0,0.057161426691066816,0.714271264447372
0.9352231249999999,40.0,0.057156226443007024,0.7141891323656739
0.93584125,40.0,0.05715116225905338,0.7144685659137235
0.936459375,40.0,0.05714630918218975,0.7151532539327966
0.9370774999999999,40.0,0.057141826109876746,0.716321856190674
0.9376956249999999,40.0,0.05713755994691966,0.7178463369132932
0.93831375,40.0,0.0571333767306105,0.7197864253757609
0.938931875,40.0,0.05712939553347906,0.7221362288780556
0.93955,40.0,0.057125528497494256,0.7248824144014421
0.9401681249999999,40.0,0.057121753166975,0.7279773374724384
0.9407862499999999,40.0,0.05711816496984023,0.7313897576674054
0.941404375,40.0,0.05711461770769543,0.7350506552793117
0.9420225,40.0,0.057111192959130294,0.7388987827744031
0.9426406249999999,40.0,0.05710798226901313,0.7428128550405764
0.9432587499999999,40.0,0.05710482029845786,0.7467838446718906
0.943876875,40.0,0.05710182986081575,0.7506159817826449
0.944495,40.0,0.057098976359305165,0.7542248332570054
0.945113125,40.0,0.057096072598598155,0.7575938791821758
0.9457312499999999,40.0,0.0570933321117749,0.760485286687957
0.9463493749999999,40.0,0.05709071060657739,0.7628633795327658
0.9469675,40.0,0.05708799655261763,0.7646746965408301
0.947585625,40.0,0.057085397426684455,0.7657817337844778
0.9482037499999999,40.0,0.057083028279687295,0.7662249234328549
0.9488218749999999,40.0,0.0570807198764202,0.7659865295298216
0.94944,40.0,0.05707845116495107,0.7650318227994103
0.950058125,40.0,0.057076318151815034,0.7634605956272291
0.95067625,40.0,0.05707424061211405,0.7613298025964251
0.9512943749999999,40.0,0.05707217152335695,0.7587037994791738
0.9519124999999999,40.0,0.057070169149320796,0.7556098438515144
0.952530625,40.0,0.057068169444969626,0.7522410264928537
0.95314875,40.0,0.05706617609961903,0.7486558704526516
0.9537668749999999,40.0,0.05706428504760582,0.7449360721473117
0.9543849999999999,40.0,0.05706249089337825,0.7411913357408635
0.955003125,40.0,0.057060785548730085,0.7375385620738576
0.95562125,40.0,0.057059231189538664,0.7340360698315911
0.956239375,40.0,0.05705779562041634,0.7306870956636814
0.9568574999999999,40.0,0.057056504844027224,0.7276614893658806
0.9574756249999999,40.0,0.057055413305960395,0.7248293526455054
0.95809375,40.0,0.057054310840680446,0.7223072515802311
0.958711875,40.0,0.0570533369234323,0.7201422982483131
0.9593299999999999,40.0,0.057052723532379696,0.7182559815878359
0.9599481249999999,40.0,0.057052187234542674,0.7167428670139745
0.96056625,40.0,0.05705181000260976,0.7155900508472618
0.961184375,40.0,0.05705179205719216,0.714811304486506
0.9618025,40.0,0.057051920115357764,0.7144545243841485
0.9624206249999999,40.0,0.05705223231888,0.7144679765929823
0.9630387499999999,40.0,0.05705279870684922,0.7148959630906243
0.963656875,40.0,0.05705346213401779,0.7157944770362852
0.964275,40.0,0.05705423861025729,0.7171192534584856
0.9648931249999999,40.0,0.05705518787211062,0.7188966203563865
0.9655112499999999,40.0,0.05705626069229726,0.7211092077985989
0.966129375,40.0,0.05705744191807113,0.7237761392891657
0.9667475,40.0,0.057058771549558886,0.7268390298212629
0.9673656249999999,40.0,0.05706029289814886,0.7301929524574097
0.9679837499999999,40.0,0.05706199789997941,0.7338277755726613
0.968601875,40.0,0.05706383412707758,0.7376375339540793
0.96922,40.0,0.057065719407848374,0.741452545928328
0.969838125,40.0,0.057067702897607875,0.7452963185060364
0.9704562499999999,40.0,0.05706988663875084,0.7489584404189928
0.9710743749999999,40.0,0.05707209609490286,0.7523265547340727
0.9716925,40.0,0.057074328403301365,0.7553882810519419
0.972310625,40.0,0.05707679750898587,0.7579872860082228
0.9729287499999999,40.0,0.057079351772550024,0.7600245958588735
0.9735468749999999,40.0,0.05708193481536771,0.7614634257678216
0.974165,40.0,0.05708473490768534,0.7623093276245719
0.974783125,40.0,0.05708758384463563,0.7624919465854896
0.97540125,40.0,0.057090384390366206,0.7620576804878582
0.9760193749999999,40.0,0.05709333890887434,0.7610387046403482
0.9766374999999999,40.0,0.057096279171256314,0.7594976574148812
0.977255625,40.0,0.057099098711312295,0.7574891216153473
0.97787375,40.0,0.05710201100464088,0.7550965106906329
0.9784918749999999,40.0,0.05710496172706321,0.7523929499402263
0.9791099999999999,40.0,0.057107959932977126,0.7494335491957861
0.979728125,40.0,0.05711103881334322,0.7463425340703039
0.98034625,40.0,0.057114096741498144,0.7432069448620275
0.980964375,40.0,0.0571172660676822,0.739985533217336
0.9815824999999999,40.0,0.05712054055775656,0.7368676311901877
0.9822006249999999,40.0,0.0571237878706628,0.7338468864804774
0.98281875,40.0,0.05712708614691152,0.7309092161990283
0.983436875,40.0,0.057130514995789354,0.7281832229337992
0.9840549999999999,40.0,0.05713402194401291,0.725579603031671
0.9846731249999999,40.0,0.05713758343423264,0.7231909742519043
0.98529125,40.0,0.05714134137987521,0.721028670250165
0.985909375,40.0,0.05714524371197863,0.7191193074244973
0.9865275,40.0,0.05714919331371591,0.7174852210415714
0.9871456249999999,40.0,0.057153374210579894,0.7161578039115298
0.9877637499999999,40.0,0.05715767013948018,0.715210212990709
0.988381875,40.0,0.0571618716982372,0.7146510564001394
0.989,40.0,0.05716620768874315,0.7144649496317557
0.9896181249999999,40.0,0.05717068795351547,0.7147646490320083
0.9902362499999999,40.0,0.057175137681714394,0.715531562073974
0.990854375,40.0,0.05717969380784447,0.7167666879293281
0.9914725,40.0,0.05718435368945607,0.7185138974704335
0.992090625,40.0,0.057189076133118154,0.7207180220766117
0.9927087499999999,40.0,0.05719395158394858,0.7233570446567597
0.9933268749999999,40.0,0.05719885024235248,0.7264045172040599
0.993945,40.0,0.057203766777204845,0.7297407183432862
0.994563125,40.0,0.05720882834797994,0.733276328598916
0.9951812499999999,40.0,0.057213885479339074,0.7369471672472131
0.9957993749999999,40.0,0.05721893332852852,0.7406082401379263
0.9964175,40.0,0.05722411854447912,0.7441792289018826
0.997035625,40.0,0.05722931116797587,0.7475373885148535
0.9976537499999999,40.0,0.05723455047417534,0.7505986054148852
0.9982718749999999,40.0,0.05723998212239949,0.7532601141246745
0.99889,40.0,0.057245425474847,0.7554879018333789
0.999508125,40.0,0.05725079897112127,0.7571776189348809
1.0001262499999999,40.0,0.05725622855838658,0.7582956522309938
1.000744375,40.0,0.05726171002214764,0.7588866402554342
1.0013625,40.0,0.05726707391714907,0.7589180247959195
1.0019806249999998,40.0,0.057272363233617576,0.7584298606334683
1.00259875,40.0,0.05727772930979507,0.7574461208269065
1.003216875,40.0,0.05728302961241924,0.7561062863503902
1.003835,40.0,0.0572883123550728,0.7543676169103533
1.004453125,40.0,0.057293650373283454,0.7523228384881324
1.0050712499999999,40.0,0.05729891349758944,0.7501040271646894
1.005689375,40.0,0.05730423834216623,0.7476335536219726
1.0063075,40.0,0.057309580827581176,0.7450591734749534
1.006925625,40.0,0.05731482091634811,0.7424404494384839
1.00754375,40.0,0.05732011303452604,0.7397374824025069
1.0081618749999999,40.0,0.05732538812504802,0.7370328419045086
1.00878,40.0,0.057330645283150995,0.7343659714021691
1.009398125,40.0,0.05733608008511129,0.731762567406971
1.0100162499999998,40.0,0.057341540118220846,0.729183854469188
1.010634375,40.0,0.0573469514096485,0.7267085181950099
1.0112524999999999,40.0,0.057352550286213964,0.7243888938851993
1.011870625,40.0,0.05735822628061405,0.722185035636509
1.01248875,40.0,0.05736379697455613,0.720207240383612
1.0131068749999999,40.0,0.057369423091098604,0.7184943682043526
1.013725,40.0,0.057375113793746484,0.7170705757874903
1.014343125,40.0,0.057380757316338966,0.7160181965245132
1.01496125,40.0,0.05738640753581382,0.715383946187272
1.015579375,40.0,0.05739209919962865,0.7151690297077697
1.0161974999999999,40.0,0.0573978009573836,0.7154448903468872
1.016815625,40.0,0.05740354162938019,0.7162322821038306
1.01743375,40.0,0.05740935207230018,0.7175125862075248
1.018051875,40.0,0.057415141286174975,0.719291477691416
1.01867,40.0,0.05742088256319072,0.7215279956313755
1.0192881249999999,40.0,0.057426637781107945,0.7241836174607222
1.01990625,40.0,0.057432358657483924,0.7271615553908788
1.020524375,40.0,0.05743808262395531,0.7304114943208608
1.0211424999999998,40.0,0.057443823547883625,0.7337861931796287
1.021760625,40.0,0.057449465357358426,0.7372015130949824
1.02237875,40.0,0.057455204658127604,0.7405999597849455
1.022996875,40.0,0.05746101908203248,0.7438071714374207
1.023615,40.0,0.05746662750412802,0.7467756279270306
1.0242331249999999,40.0,0.057472273579537034,0.7494281878905624
1.02485125,40.0,0.057477958518142816,0.7517015930165782
1.025469375,40.0,0.057483424829590866,0.7535304169175167
1.0260875,40.0,0.057488831971456926,0.7548756888024529
1.026705625,40.0,0.057494177359250435,0.7557806307394527
1.0273237499999999,40.0,0.057499359318332374,0.756175001850644
1.027941875,40.0,0.05750450153953229,0.756165281212109
1.02856,40.0,0.05750962571261127,0.7557330316194968
1.029178125,40.0,0.05751463722997708,0.7549202943404878
1.02979625,40.0,0.05751954849907749,0.7538292359486836
1.0304143749999999,40.0,0.05752441078807688,0.7524346210450319
1.0310325,40.0,0.057529184621681884,0.7508190205547719
1.031650625,40.0,0.05753386339266102,0.7489881716332619
1.0322687499999998,40.0,0.05753844390732603,0.7470040719862983
1.032886875,40.0,0.05754294334647818,0.7448756994387996
1.033505,40.0,0.05754745876638033,0.742627834019207
1.034123125,40.0,0.05755196219943677,0.7403126630491144
1.03474125,40.0,0.05755636771108076,0.7378968056618203
1.0353593749999999,40.0,0.05756079359827556,0.7354351554952165
1.0359775,40.0,0.057565322083037156,0.7329997159223774
1.036595625,40.0,0.057569744272050215,0.7305009194690121
1.03721375,40.0,0.05757409658836936,0.7280467714881204
1.037831875,40.0,0.05757852137191806,0.7257162019695848
1.0384499999999999,40.0,0.0575828006961598,0.723499025972996
1.039068125,40.0,0.057587033469216835,0.7214660992191273
1.03968625,40.0,0.05759138966501553,0.7197149428420963
1.0403043749999998,40.0,0.05759562820250073,0.7183100595142627
1.0409225,40.0,0.05759983836648634,0.7172689956407643
1.0415406249999999,40.0,0.057604162293528535,0.7166622792186325
1.04215875,40.0,0.05760841806961342,0.7165580947815844
1.042776875,40.0,0.05761263737190525,0.7169211663572717
1.0433949999999999,40.0,0.05761683875289868,0.7177820392982943
1.044013125,40.0,0.057620977695338436,0.719193605786213
1.04463125,40.0,0.05762514329706596,0.7210231807006349
1.045249375,40.0,0.05762924743885106,0.723268393251373
1.0458675,40.0,0.05763326157688885,0.7259048594178772
1.0464856249999999,40.0,0.057637320340841784,0.7287899045586381
1.04710375,40.0,0.05764140485468979,0.7318461919836998
1.047721875,40.0,0.05764542427019725,0.7349822302996294
1.04834,40.0,0.057649394247443836,0.7381052230578932
1.048958125,40.0,0.057653360125084395,0.7411196979025543
1.0495762499999999,40.0,0.057657185919395705,0.7439424807353993
1.050194375,40.0,0.05766088175289091,0.7465047876282297
1.0508125,40.0,0.057664578292536364,0.7487410346863583
1.0514306249999998,40.0,0.05766809215067615,0.7506614283302299
1.05204875,40.0,0.057671438593304626,0.752169192973324
1.052666875,40.0,0.05767482211158474,0.7532915527872317
1.053285,40.0,0.05767807967515019,0.7540403640594308
1.053903125,40.0,0.057681125736413555,0.7544091939631098
1.0545212499999999,40.0,0.057684139976024916,0.7544560274541661
1.055139375,40.0,0.05768704524585029,0.7541579980053434
1.0557575,40.0,0.057689771500038234,0.7536234123052633
1.056375625,40.0,0.05769240563966865,0.7527907454322151
1.05699375,40.0,0.0576948390647009,0.7517518656446167
1.0576118749999999,40.0,0.05769716368630227,0.7505270202061687
1.05823,40.0,0.05769947522807819,0.7490339620974474
1.058848125,40.0,0.057701613258973744,0.7474029241739458
1.05946625,40.0,0.05770370977356288,0.7456084885309767
1.060084375,40.0,0.05770579899851296,0.7436041015271174
1.0607024999999999,40.0,0.05770772286880905,0.7414922046072843
1.061320625,40.0,0.05770960683296293,0.739225253814891
1.06193875,40.0,0.057711455913217746,0.7368559563786096
1.0625568749999998,40.0,0.057713129419095524,0.7344260066540037
1.063175,40.0,0.05771471853469327,0.7319404429034195
1.063793125,40.0,0.05771633475814621,0.7294803066885459
1.06441125,40.0,0.0577178724470267,0.7270920467055405
1.065029375,40.0,0.05771927032018308,0.7248760570559184
1.0656474999999999,40.0,0.057720706226360344,0.7228678681734257
1.066265625,40.0,0.057722177098875366,0.721140000301537
1.06688375,40.0,0.05772352704944292,0.7198001185146827
1.067501875,40.0,0.05772486352307317,0.7188858196789606
1.06812,40.0,0.057726167246594046,0.7183776429448282
1.0687381249999999,40.0,0.05772735395797735,0.7184065932486314
1.06935625,40.0,0.057728565035716044,0.7189133109103204
1.069974375,40.0,0.05772972186004264,0.7198722025512575
1.0705924999999998,40.0,0.05773081178403023,0.7213514378135103
1.071210625,40.0,0.0577319722037532,0.7232155088470522
1.0718287499999999,40.0,0.05773307778233414,0.7254209376460194
1.072446875,40.0,0.05773415532777706,0.7279183718741301
1.073065,40.0,0.05773528028681811,0.7306405555843871
1.0736831249999998,40.0,0.05773626567079147,0.7334131655853667
1.07430125,40.0,0.05773717739411058,0.7362224078683897
1.074919375,40.0,0.057738159225772655,0.7389819498086413
1.0755375,40.0,0.057738976207429786,0.7415890057309747
1.076155625,40.0,0.057739628119136535,0.7440098043587359
1.0767737499999999,40.0,0.05774034246112384,0.7461756372841991
1.077391875,40.0,0.05774098043528012,0.7481046529339743
1.07801,40.0,0.0577414897680649,0.749706070801235
1.078628125,40.0,0.05774197118338312,0.751017033669377
1.07924625,40.0,0.05774235948728546,0.7520569483796725
1.0798643749999999,40.0,0.057742617449163314,0.7527407168945851
1.0804825,40.0,0.057742762992158636,0.7532021599679242
1.081100625,40.0,0.05774280985651272,0.7534008882153376
1.0817187499999998,40.0,0.05774269958808854,0.7533150661313812
1.082336875,40.0,0.05774248621700697,0.7530574036011513
1.082955,40.0,0.05774223684352923,0.7525282529829851
1.083573125,40.0,0.05774185495895534,0.7518130583668193
1.08419125,40.0,0.05774141028098883,0.7508695862356196
1.0848093749999999,40.0,0.057740884097405965,0.7496756114260366
1.0854275,40.0,0.05774023356546171,0.7482771495822285
1.086045625,40.0,0.057739607213876824,0.7466560475373867
1.08666375,40.0,0.05773883029902819,0.7448006746750655
1.087281875,40.0,0.057737842303666104,0.7427576034710494
1.0878999999999999,40.0,0.05773691796372369,0.7405294696598007
1.088518125,40.0,0.05773591413400985,0.7381703913911013
1.08913625,40.0,0.05773473573038431,0.7357204897200085
1.089754375,40.0,0.057733621891881595,0.7332017752108737
1.0903725,40.0,0.05773247833606114,0.7307623718117952
1.0909906249999999,40.0,0.05773121799509866,0.7283835643715157
1.09160875,40.0,0.057729981939984056,0.7261975098011594
1.092226875,40.0,0.05772869415906883,0.7242962241407841
1.0928449999999998,40.0,0.0577272850556076,0.7226871134174533
1.093463125,40.0,0.05772586754615018,0.721469014820107
1.09408125,40.0,0.057724439925553254,0.7207220768449333
1.094699375,40.0,0.05772294474894658,0.720398789251621
1.0953175,40.0,0.05772142036692662,0.7205387902198028
1.0959356249999999,40.0,0.05771988500253126,0.721173146679554
1.09655375,40.0,0.05771836709065825,0.7222357640904588
1.097171875,40.0,0.057716875313285856,0.7236788178587932
1.09779,40.0,0.057715321896161964,0.7254926130792458
1.098408125,40.0,0.05771370539965264,0.7275618740796941
1.0990262499999999,40.0,0.05771211128847732,0.7298358426618776
1.099644375,40.0,0.05771049289784964,0.7322394570434773
1.1002625,40.0,0.0577087371924016,0.73467196374632
1.1008806249999998,40.0,0.057706996039265074,0.7371036203304054
1.10149875,40.0,0.05770531310946053,0.7394080777297853
1.1021168749999999,40.0,0.05770348324841517,0.7416515798474234
1.102735,40.0,0.05770168836607469,0.7436714351161328
1.103353125,40.0,0.05769992174361744,0.7454977494507548
1.1039712499999998,40.0,0.05769795522017683,0.7471767331638293
1.104589375,40.0,0.057696013020575795,0.7485770836041559
1.1052075,40.0,0.057694061916623754,0.7497787425959916
1.105825625,40.0,0.057691923415390235,0.7507994939505793
1.10644375,40.0,0.0576897327049045,0.7515544846090884
1.1070618749999999,40.0,0.057687494195157375,0.752143748456859
1.10768,40.0,0.05768519119486527,0.7525351157429814
1.108298125,40.0,0.057682867234578064,0.7527051426289749
1.10891625,40.0,0.057680458464433274,0.7526716127230445
1.109534375,40.0,0.05767798712155215,0.752412652326381
1.1101524999999999,40.0,0.057675523349852514,0.7519455599827651
1.110770625,40.0,0.05767296557963757,0.7511749746605756
1.11138875,40.0,0.05767027847096229,0.7501555872413794
1.1120068749999998,40.0,0.057667586731640866,0.7488804115707544
1.112625,40.0,0.05766486511107956,0.7473205804781335
1.113243125,40.0,0.05766204944159316,0.7454933038865654
1.11386125,40.0,0.05765924704779696,0.7434688522674349
1.114479375,40.0,0.05765646725438251,0.7412267331632458
1.1150974999999999,40.0,0.05765359081487467,0.738850564695428
1.115715625,40.0,0.05765073657583499,0.7364117265166925
1.11633375,40.0,0.05764797065947849,0.7339227116550792
1.116951875,40.0,0.05764507380098488,0.7315319788326946
1.11757,40.0,0.05764211455529179,0.7292702132387243
1.1181881249999999,40.0,0.05763925012261151,0.7272306381212832
1.11880625,40.0,0.057636311082987945,0.7254889169792375
1.119424375,40.0,0.05763333480186042,0.7241036543756452
1.1200425,40.0,0.05763043509061803,0.7230921300307536
1.120660625,40.0,0.05762749740542569,0.7225449742421987
1.1212787499999999,40.0,0.057624621872043244,0.7224218019744114
1.121896875,40.0,0.05762178198374572,0.7226902538721124
1.122515,40.0,0.057618842847253056,0.7234034848723014
1.1231331249999998,40.0,0.057615986087521,0.724477057281509
1.12375125,40.0,0.057613135175621534,0.7258583552237265
1.124369375,40.0,0.05761020447209985,0.7274913790575175
1.1249875,40.0,0.05760735944210937,0.7293308817197374
1.125605625,40.0,0.05760450502053038,0.731322646879193
1.1262237499999999,40.0,0.05760159901294821,0.7333288772025192
1.126841875,40.0,0.05759878334346424,0.7353839665134714
1.12746,40.0,0.05759603218045595,0.7374167834089136
1.128078125,40.0,0.05759320467528043,0.7393098223966076
1.12869625,40.0,0.05759035120648688,0.7411850902156611
1.1293143749999999,40.0,0.057587582672613304,0.7428991028871178
1.1299325,40.0,0.05758473160244895,0.7444810756976772
1.130550625,40.0,0.05758177464339687,0.7459512761240693
1.1311687499999998,40.0,0.05757886620022581,0.7472808254318407
1.131786875,40.0,0.05757592042447032,0.7484779709819188
1.1324049999999999,40.0,0.05757292033079989,0.7495051787543502
1.133023125,40.0,0.05756995059542496,0.7504162053387318
1.13364125,40.0,0.05756691560260759,0.7511532774900535
1.1342593749999998,40.0,0.057563832290270386,0.7517117303617572
1.1348775,40.0,0.05756078614673942,0.7520836040208322
1.135495625,40.0,0.057557647276083236,0.7522241274928286
1.13611375,40.0,0.05755446865553863,0.7521139423620019
1.136731875,40.0,0.057551308022910336,0.7517493426825458
1.1373499999999999,40.0,0.05754802554101646,0.7510754169375945
1.137968125,40.0,0.057544795194705935,0.7500767617959683
1.13858625,40.0,0.05754164913249217,0.7488030370145086
1.139204375,40.0,0.057538375283518996,0.7472353536457043
1.1398225,40.0,0.05753516862156087,0.7453690979260884
1.1404406249999999,40.0,0.05753208799645564,0.7433098355267801
1.14105875,40.0,0.05752890656125843,0.7410654685433644
1.141676875,40.0,0.05752571446935605,0.7387026855462049
1.1422949999999998,40.0,0.057522594899528774,0.7363017527046818
1.142913125,40.0,0.057519460250163,0.7339505261070398
1.1435312499999999,40.0,0.05751633027078369,0.7316844649002202
1.144149375,40.0,0.05751324964982279,0.7296263144872057
1.1447675,40.0,0.05751020555664278,0.7278375720344927
1.1453856249999999,40.0,0.05750716783510836,0.7263426589381812
1.14600375,40.0,0.057504210779821395,0.7252180489644998
1.146621875,40.0,0.05750132326863473,0.7244615244507763
1.14724,40.0,0.05749841074085312,0.7241360858348609
1.147858125,40.0,0.057495565305342056,0.7241407630035062
1.1484762499999999,40.0,0.05749274159386192,0.724537044101998
1.149094375,40.0,0.05748993807402174,0.725250957679933
1.1497125,40.0,0.05748724903291915,0.7262394939633162
1.150330625,40.0,0.0574845255976622,0.7274897149101365
1.15094875,40.0,0.05748187939863465,0.728884489021109
1.1515668749999999,40.0,0.05747943258996855,0.7304331376874661
1.152185,40.0,0.057476939525542725,0.7320757317262245
1.152803125,40.0,0.05747445085581114,0.733727115326331
1.1534212499999998,40.0,0.05747212838686093,0.7354032655613406
1.154039375,40.0,0.0574697757149658,0.7370572065987635
1.1546575,40.0,0.05746739169102096,0.738670916175888
1.155275625,40.0,0.057465119154777554,0.7402342424320195
1.15589375,40.0,0.05746279915058575,0.741755712321516
1.1565118749999999,40.0,0.057460454541847644,0.7432295346857782
1.15713,40.0,0.057458209012098055,0.7446002093241393
1.157748125,40.0,0.057455944846982424,0.7459538247110908
1.15836625,40.0,0.05745366288186679,0.7472155243477991
1.158984375,40.0,0.05745139485505875,0.7483364630651049
1.1596024999999999,40.0,0.05744911542586762,0.7493710298920653
1.160220625,40.0,0.05744683075329036,0.7502622496398091
1.16083875,40.0,0.05744449788931572,0.7509377261207082
1.1614568749999998,40.0,0.05744213185332515,0.7514033611634529
1.162075,40.0,0.05743978900040863,0.751637885082816
1.1626931249999999,40.0,0.05743750205909303,0.7515617276860533
1.16331125,40.0,0.057435198722309455,0.7511745793721216
1.163929375,40.0,0.057432862420378775,0.7504782522800784
1.1645474999999998,40.0,0.057430650185176124,0.7494399467449424
1.165165625,40.0,0.057428452876876035,0.7480681391462124
1.16578375,40.0,0.057426179717302475,0.7464398643477765
1.166401875,40.0,0.05742403507617413,0.744550321016186
1.16702,40.0,0.0574218754291664,0.7424442924233019
1.1676381249999999,40.0,0.05741962993392352,0.7402407525294102
1.16825625,40.0,0.05741754590688354,0.7379667816549308
1.168874375,40.0,0.057415463754538966,0.7356977017035111
1.1694925,40.0,0.05741333195778061,0.7335273730612785
1.170110625,40.0,0.0574113437264226,0.7315205763921376
1.1707287499999999,40.0,0.05740939863149887,0.7297302568035106
1.171346875,40.0,0.05740745786471804,0.7282169739071154
1.171965,40.0,0.057405567354100885,0.7270315541941951
1.1725831249999998,40.0,0.05740368847160415,0.7261468501636344
1.17320125,40.0,0.05740187491591454,0.7256315787833806
1.1738193749999999,40.0,0.057400154492499786,0.725446593363793
1.1744375,40.0,0.05739843833508211,0.7255448461784824
1.175055625,40.0,0.05739678815280642,0.7259513182860449
1.1756737499999999,40.0,0.057395298483297996,0.7265829321988939
1.176291875,40.0,0.057393856371190655,0.7274325242519001
1.17691,40.0,0.057392477093816265,0.7284382090131551
1.177528125,40.0,0.05739123942650698,0.7295672236271584
1.17814625,40.0,0.057390047134433804,0.7308113484560473
1.1787643749999999,40.0,0.05738886675434919,0.7320837398400966
1.1793825,40.0,0.057387796838447754,0.7334376232408246
1.180000625,40.0,0.05738679541032853,0.7348017384415556
1.1806187499999998,40.0,0.05738572743599913,0.7361680650565857
1.181236875,40.0,0.057384778144421104,0.7376043396463978
1.1818549999999999,40.0,0.057383965157490766,0.7390110660694176
1.182473125,40.0,0.057383056089051414,0.7404486515619152
1.18309125,40.0,0.05738221203506275,0.7418999917758882
1.1837093749999998,40.0,0.05738143868470826,0.7433235196460968
1.1843275,40.0,0.057380601655439734,0.7447372731168672
1.184945625,40.0,0.05737983126171584,0.7460850721727416
1.18556375,40.0,0.057379033625635775,0.7473382869188324
1.186181875,40.0,0.057378193730482877,0.7484588785194067
1.1867999999999999,40.0,0.05737746081951467,0.7494282097971029
1.187418125,40.0,0.05737670295151388,0.7501628935764818
1.18803625,40.0,0.057375944435016674,0.7506445735262798
1.188654375,40.0,0.057375303340102574,0.7508376127770494
1.1892725,40.0,0.05737464759562323,0.7507240693533992
1.1898906249999999,40.0,0.05737399415494156,0.7502506138271375
1.19050875,40.0,0.05737343693812635,0.7494369136686106
1.191126875,40.0,0.05737285515932049,0.748325897603915
1.1917449999999998,40.0,0.05737221429929418,0.7468748072614372
1.192363125,40.0,0.05737166627539947,0.7451830279907738
1.1929812499999999,40.0,0.05737118981367933,0.7433119938817075
1.193599375,40.0,0.05737064077813645,0.7412696225435806
1.1942175,40.0,0.05737013122313946,0.739156022173738
1.1948356249999998,40.0,0.05736973232373028,0.737083183195404
1.19545375,40.0,0.057369302319242386,0.7350498600458036
1.196071875,40.0,0.0573688863724836,0.7331272732456797
1.19669,40.0,0.05736853988111041,0.7314359657975279
1.197308125,40.0,0.057368168515132795,0.7299605225499453
1.1979262499999999,40.0,0.05736783020895904,0.7287331895911171
1.198544375,40.0,0.05736757306142075,0.7278013886196251
1.1991625,40.0,0.05736730012606469,0.7271425364499247
1.199780625,40.0,0.05736712012333833,0.7267847798370619
1.20039875,40.0,0.05736705562256513,0.726630502170851
1.2010168749999999,40.0,0.05736699338052572,0.726764854609725
1.201635,40.0,0.05736709413462603,0.7270684973045329
1.202253125,40.0,0.057367247357647276,0.7275191647152263
1.2028712499999998,40.0,0.057367349555603894,0.728184305183014
1.203489375,40.0,0.057367649385107,0.7288965786069675
1.2041074999999999,40.0,0.057368001947934885,0.7297446930313684
1.204725625,40.0,0.05736829192447327,0.7306858964882414
1.20534375,40.0,0.05736870977688041,0.7316804520977986
1.2059618749999998,40.0,0.05736921371025445,0.7327797892111566
1.20658,40.0,0.057369711874636777,0.7339358486266364
1.207198125,40.0,0.0573702550281119,0.7351619656986266
1.20781625,40.0,0.05737087036031809,0.7364877775140667
1.208434375,40.0,0.05737148211576808,0.7378776012595595
1.2090524999999999,40.0,0.057372089019793814,0.7393205863561797
1.209670625,40.0,0.05737274484555119,0.740808722072438
1.21028875,40.0,0.05737336992252044,0.7423263884519357
1.2109068749999998,40.0,0.05737397925460627,0.7438147326925847
1.211525,40.0,0.05737465929129517,0.7452376752585448
1.2121431249999999,40.0,0.05737534993203892,0.7465486522180106
1.21276125,40.0,0.057376069330111,0.7477211935488511
1.213379375,40.0,0.05737683633800292,0.7486586445378072
1.2139974999999998,40.0,0.057377568895616904,0.7493596780124775
1.214615625,40.0,0.05737838116884419,0.7497810523658209
1.21523375,40.0,0.05737925279442266,0.7498455697768374
1.215851875,40.0,0.057380007404906716,0.749611007613835
1.21647,40.0,0.05738082501371367,0.7490326709093343
1.2170881249999999,40.0,0.05738174198634566,0.7481064521587137
1.21770625,40.0,0.0573825467583283,0.7468980133255203
1.218324375,40.0,0.05738339332065299,0.7454576110892932
1.2189425,40.0,0.05738434340226872,0.7437697152945912
1.219560625,40.0,0.05738521172310904,0.7419928045193691
1.2201787499999999,40.0,0.05738612203543631,0.7401139884569019
1.220796875,40.0,0.057387094406355546,0.7382121496143972
1.221415,40.0,0.057387979027202156,0.7364005038100331
1.2220331249999998,40.0,0.057388879670566266,0.7346605226707402
1.22265125,40.0,0.05738981923988378,0.7330783861349708
1.2232693749999999,40.0,0.05739076573342186,0.731681218517297
1.2238875,40.0,0.057391745946054736,0.7305034857787652
1.224505625,40.0,0.05739274183347081,0.7295600329045753
1.2251237499999998,40.0,0.05739380442869982,0.7287928024311224
1.225741875,40.0,0.057394939504859036,0.7282885887933758
1.22636,40.0,0.05739612786168356,0.7279880527500135
1.226978125,40.0,0.057397323944022506,0.727796194373068
1.22759625,40.0,0.057398571956079315,0.727848557915402
1.2282143749999999,40.0,0.05739994382625396,0.7279889679026335
1.2288325,40.0,0.05740126457995586,0.7282414108634013
1.229450625,40.0,0.057402608032408445,0.7286419360286155
1.23006875,40.0,0.0574041039718269,0.7291294605118621
1.230686875,40.0,0.05740555354771576,0.7297204711188158
1.2313049999999999,40.0,0.05740703637404372,0.730416711151076
1.231923125,40.0,0.05740865947941609,0.7312494871357766
1.23254125,40.0,0.05741020084231504,0.7321870773760952
1.2331593749999998,40.0,0.057411718580187426,0.7332467821593616
1.2337775,40.0,0.05741335064643763,0.7344326378093846
1.2343956249999999,40.0,0.05741491800607533,0.7357637746409028
1.23501375,40.0,0.05741644148426383,0.737173351019305
1.235631875,40.0,0.05741802141462536,0.7386803184296942
1.2362499999999998,40.0,0.05741957478481477,0.7402467130493372
1.236868125,40.0,0.05742115706616959,0.7418096480428502
1.23748625,40.0,0.05742276158502642,0.7433427911464546
1.238104375,40.0,0.05742432020011877,0.744788212588326
1.2387225,40.0,0.05742594285438366,0.7460678771931235
1.2393406249999999,40.0,0.05742759323771822,0.7471726931853954
1.23995875,40.0,0.057429165845209844,0.7480250783792762
1.240576875,40.0,0.0574307512791087,0.7485771935462268
1.2411949999999998,40.0,0.057432363757902866,0.7488578680545396
1.241813125,40.0,0.05743392734129166,0.7487759169871813
1.2424312499999999,40.0,0.05743549179904537,0.7483833315623999
1.243049375,40.0,0.057437111781024244,0.747701476651808
1.2436675,40.0,0.057438686099396515,0.7467078147134505
1.2442856249999998,40.0,0.05744019301808363,0.745480234107069
1.24490375,40.0,0.05744179647349902,0.7440852691896399
1.245521875,40.0,0.05744336335709868,0.7425260508728314
1.24614,40.0,0.05744478739708732,0.740919613798565
1.246758125,40.0,0.0574463050986978,0.7392617568126542
1.2473762499999999,40.0,0.05744780282414444,0.7376700644620287
1.247994375,40.0,0.05744921376966898,0.7361498629571667
1.2486125,40.0,0.05745070189518274,0.7347084542059091
1.249230625,40.0,0.05745215803864329,0.7334750296389991
1.24984875,40.0,0.05745364116417269,0.7323389468072182
1.2504668749999999,40.0,0.05745521423652395,0.7313902634847748
1.251085,40.0,0.057456736635563006,0.7306335214804831
1.251703125,40.0,0.05745829020005945,0.7299801243902959
1.2523212499999998,40.0,0.05745991535908431,0.7295004093737559
1.252939375,40.0,0.05746150068385995,0.7291532079835655
1.2535574999999999,40.0,0.05746312580702931,0.7289008647150476
1.254175625,40.0,0.057464839120869575,0.7287632003351747
1.25479375,40.0,0.05746650377872846,0.7287256173975339
1.2554118749999998,40.0,0.057468197609400466,0.7288046205825518
1.25603,40.0,0.05747001181901103,0.7289592926989528
1.256648125,40.0,0.057471784641068814,0.7292754117572163
1.25726625,40.0,0.05747351535332185,0.7296988177594821
1.257884375,40.0,0.057475320620442645,0.7302717232318847
1.2585024999999999,40.0,0.057477135668941824,0.7310096004842861
1.259120625,40.0,0.057478862884581226,0.7319180101206451
1.25973875,40.0,0.05748059288217509,0.7329792158456576
1.260356875,40.0,0.05748235922942239,0.7341871813685432
1.260975,40.0,0.057484064761515456,0.7355941283061361
1.2615931249999999,40.0,0.057485805743029354,0.7370554510552829
1.26221125,40.0,0.05748756765874317,0.7386186449217448
1.262829375,40.0,0.05748925376576311,0.7402317354750393
1.2634474999999998,40.0,0.057490991618762755,0.7418056349109252
1.264065625,40.0,0.05749270739747244,0.7432897264395035
1.2646837499999999,40.0,0.05749434935876856,0.7446786253173554
1.265301875,40.0,0.057496054259915164,0.745844856039582
1.26592,40.0,0.05749767051323948,0.7467890584939904
1.2665381249999998,40.0,0.05749924051464098,0.7474828778716357
1.26715625,40.0,0.05750091881414238,0.7478593008815513
1.267774375,40.0,0.05750247535718532,0.747950055995566
1.2683925,40.0,0.05750396727501508,0.7477229309588075
1.269010625,40.0,0.05750555593593503,0.7472273677159177
1.2696287499999999,40.0,0.05750706762288206,0.7464681251558453
1.270246875,40.0,0.05750847727186762,0.7454670275186079
1.270865,40.0,0.057509884424105845,0.7443251520964511
1.2714831249999998,40.0,0.057511256338776455,0.7430355629572848
1.27210125,40.0,0.057512544944451675,0.7416794000562872
1.2727193749999999,40.0,0.057513824680128896,0.740314725527438
1.2733375,40.0,0.057515107047353686,0.7389240929871596
1.273955625,40.0,0.05751632397186272,0.7376507657938958
1.2745737499999998,40.0,0.05751755093614054,0.7364093089373411
1.275191875,40.0,0.05751879824132891,0.7352730392371266
1.2758099999999999,40.0,0.05752000295053892,0.7342665188012955
1.276428125,40.0,0.057521206959772586,0.7333421798994849
1.27704625,40.0,0.057522414300104394,0.7325397352883689
1.2776643749999999,40.0,0.057523601629878574,0.7318238785387053
1.2782825,40.0,0.05752483152679322,0.7312198307119537
1.278900625,40.0,0.05752605385396868,0.7306604822076572
1.27951875,40.0,0.05752721211319871,0.7302034448178295
1.280136875,40.0,0.057528498911705195,0.7298337262715106
1.2807549999999999,40.0,0.05752981206079758,0.7295133231514808
1.281373125,40.0,0.057530998511001005,0.729301320987552
1.28199125,40.0,0.05753229994121873,0.7292194865805706
1.2826093749999998,40.0,0.05753360200713157,0.7292517201797949
1.2832275,40.0,0.057534782068584235,0.7294276371094008
1.2838456249999999,40.0,0.05753604721660046,0.7297920133929082
1.28446375,40.0,0.05753729056969322,0.7303492313922072
1.285081875,40.0,0.05753845418139727,0.731077978862798
1.2856999999999998,40.0,0.05753967429408768,0.7320236320235501
1.286318125,40.0,0.057540894077092807,0.7331615322987157
1.28693625,40.0,0.05754207425424317,0.7344383790132007
1.287554375,40.0,0.05754324916707651,0.7358847513167762
1.2881725,40.0,0.057544419770827734,0.7374215713889977
1.2887906249999999,40.0,0.057545583620366145,0.7389886421223445
1.28940875,40.0,0.057546717629859585,0.7405627362682646
1.290026875,40.0,0.057547808042820676,0.7420782939242809
1.290645,40.0,0.05754885946776108,0.7434583569035427
1.291263125,40.0,0.05754993220481741,0.7446748888044579
1.2918812499999999,40.0,0.05755100437775664,0.7456738488190511
1.292499375,40.0,0.05755197342782046,0.7464306679330938
1.2931175,40.0,0.05755297098322736,0.7469049398779329
1.2937356249999998,40.0,0.05755398560524237,0.7471208963772931
1.29435375,40.0,0.057554850085816955,0.7470524993680653
1.2949718749999999,40.0,0.05755572238760613,0.7467070734345956
1.29559,40.0,0.05755659522199397,0.7461794839647422
1.296208125,40.0,0.05755730244499269,0.7454175252248323
1.2968262499999998,40.0,0.0575580124700769,0.7445038259469052
1.297444375,40.0,0.0575587523807756,0.743498951860157
1.2980625,40.0,0.057559338595165196,0.742413556792501
1.298680625,40.0,0.057559914521771095,0.7413052771335634
1.29929875,40.0,0.05756053502544098,0.7401882533952419
1.2999168749999999,40.0,0.057561060138880314,0.7391175121158744
1.300535,40.0,0.057561584532390804,0.7380890920201537
1.301153125,40.0,0.057562070253089036,0.7370923335676915
1.3017712499999998,40.0,0.05756249206864886,0.7361981718558792
1.302389375,40.0,0.05756296582650192,0.7353133179826503
1.3030074999999999,40.0,0.05756338385474456,0.7345021146406767
1.303625625,40.0,0.05756376447430707,0.733742750742347
1.30424375,40.0,0.057564204535445807,0.7330027532985394
1.3048618749999998,40.0,0.0575646358017848,0.7323232180619236
1.30548,40.0,0.05756503721230591,0.7316655903971623
1.3060981249999999,40.0,0.057565455300407686,0.7310706887144928
1.30671625,40.0,0.05756589822596222,0.7305423262422137
1.307334375,40.0,0.05756626951786951,0.730097344425159
1.3079524999999999,40.0,0.057566637760188416,0.7297531738355283
1.308570625,40.0,0.05756707724455856,0.7295666316224082
1.30918875,40.0,0.05756739920989118,0.7295499848371979
1.309806875,40.0,0.05756769349005705,0.7297022017914921
1.310425,40.0,0.057568107310598186,0.730071066874268
1.3110431249999999,40.0,0.05756844127404914,0.7306823990254542
1.31166125,40.0,0.05756873542429313,0.7314814931994807
1.312279375,40.0,0.05756909729395962,0.7324909267538817
1.3128974999999998,40.0,0.057569386588956155,0.7337010606949379
1.313515625,40.0,0.05756966887818962,0.735054360077899
1.3141337499999999,40.0,0.05756996235462217,0.7364914792149223
1.314751875,40.0,0.057570167205956674,0.7380219075421339
1.31537,40.0,0.0575704058192648,0.7395487710391812
1.3159881249999998,40.0,0.05757065290798227,0.7409899586006924
1.31660625,40.0,0.0575708174376881,0.7423566600533877
1.317224375,40.0,0.057571021025210195,0.7435769953691794
1.3178425,40.0,0.057571219804133364,0.7445633324782751
1.318460625,40.0,0.05757132112317483,0.7453463993290135
1.3190787499999999,40.0,0.05757146066211089,0.7459121574485831
1.319696875,40.0,0.057571589603745796,0.74618410017209
1.320315,40.0,0.05757157574549602,0.746258404842879
1.320933125,40.0,0.057571551715253584,0.7460854024431901
1.32155125,40.0,0.05757155197537373,0.745725843505836
1.3221693749999999,40.0,0.05757146744492562,0.7452057840021494
1.3227875,40.0,0.057571312434756515,0.7445345681058356
1.323405625,40.0,0.05757118448513752,0.7438077284835247
1.3240237499999998,40.0,0.05757103242395021,0.7429678917196388
1.324641875,40.0,0.057570778248721165,0.7421396750772536
1.3252599999999999,40.0,0.057570548003044245,0.7412941917186406
1.325878125,40.0,0.05757026911104649,0.740415983178537
1.32649625,40.0,0.0575699091175348,0.7396096268582543
1.3271143749999998,40.0,0.05756960958589116,0.7387751114047433
1.3277325,40.0,0.05756923282090214,0.7379625120448826
1.328350625,40.0,0.057568830463794574,0.7371699273102214
1.32896875,40.0,0.057568490252131545,0.7363643064302704
1.329586875,40.0,0.05756807008716397,0.7355538909451196
1.3302049999999999,40.0,0.057567697956267115,0.7347503526979124
1.330823125,40.0,0.057567375021413854,0.7339466928358379
1.33144125,40.0,0.057566926979731564,0.7331363325284382
1.3320593749999998,40.0,0.05756651583105946,0.7323764393842003
1.3326775,40.0,0.05756617856478258,0.7316525257123491
1.3332956249999999,40.0,0.05756572984274667,0.7310185884347647
1.33391375,40.0,0.057565272455255716,0.7304857997652545
1.334531875,40.0,0.05756489984276461,0.7301046857588305
1.3351499999999998,40.0,0.05756448142570335,0.7299077190366133
1.335768125,40.0,0.057564037114524264,0.7299000657837756
1.3363862499999999,40.0,0.05756363722767544,0.7301225583708094
1.337004375,40.0,0.05756321103371219,0.7305759054695293
1.3376225,40.0,0.05756275153438241,0.7312492381351694
1.3382406249999999,40.0,0.057562316744549966,0.7321536897709886
1.33885875,40.0,0.057561866028094835,0.7332325061273417
1.339476875,40.0,0.057561362780934856,0.7344623723982053
1.340095,40.0,0.05756087297703421,0.7358303840371141
1.340713125,40.0,0.05756039310016742,0.7372293392753424
1.3413312499999999,40.0,0.0575598935545828,0.7386437849016888
1.341949375,40.0,0.05755942001488843,0.7400426526049884
1.3425675,40.0,0.05755891038576923,0.7413048009807777
1.3431856249999998,40.0,0.05755836864382987,0.742449452457867
1.34380375,40.0,0.057557903912689785,0.7434443968513806
1.3444218749999999,40.0,0.05755733915560675,0.7441947873881065
1.34504,40.0,0.057556690017221884,0.744776489342556
1.345658125,40.0,0.057556164738334775,0.7451287202857215
1.3462762499999998,40.0,0.05755553491560658,0.7452942205322279
1.346894375,40.0,0.05755482613858702,0.7452705178113775
1.3475125,40.0,0.057554212739673795,0.7450574957572405
1.348130625,40.0,0.05755350009458977,0.7447838487628664
1.34874875,40.0,0.05755274257334898,0.7443320503734103
1.3493668749999999,40.0,0.05755203109189786,0.7438281163379492
1.349985,40.0,0.05755124887160567,0.7433013663864027
1.350603125,40.0,0.05755040333125923,0.7426924735212657
1.35122125,40.0,0.05754955173562499,0.7420804935880134
1.351839375,40.0,0.057548690141886294,0.7414697182569726
1.3524574999999999,40.0,0.05754779236764363,0.7408170485240395
1.353075625,40.0,0.057546887247730286,0.7401430350713973
1.35369375,40.0,0.05754597773397804,0.739461217333042
1.3543118749999998,40.0,0.05754507544528328,0.7387294714362487
1.35493,40.0,0.05754420510081898,0.7379453722866454
1.3555481249999999,40.0,0.05754329226883892,0.7371268750251879
1.35616625,40.0,0.05754236026809022,0.7362676429733698
1.356784375,40.0,0.05754149867325928,0.7353719306581373
1.3574024999999998,40.0,0.05754061934210465,0.7344585508635872
1.358020625,40.0,0.057539677987113486,0.7335583079111943
1.35863875,40.0,0.057538822139788254,0.7327084157398657
1.359256875,40.0,0.05753797382371252,0.7319059510002186
1.359875,40.0,0.05753704877700954,0.7312529942334324
1.3604931249999999,40.0,0.05753624252106137,0.7307167839460267
1.36111125,40.0,0.05753544154468509,0.7303674562334206
1.361729375,40.0,0.057534531152788115,0.730255273780172
1.3623474999999998,40.0,0.05753372271758614,0.7303303285214264
1.362965625,40.0,0.05753291801839219,0.7306584657538413
1.3635837499999999,40.0,0.057532027178199545,0.7312308924815031
1.364201875,40.0,0.05753119996913565,0.7319801005181737
1.36482,40.0,0.057530362447947875,0.7329536474595966
1.3654381249999998,40.0,0.05752952754691952,0.7340711586744546
1.36605625,40.0,0.0575287482659273,0.7352673913146867
1.3666743749999999,40.0,0.05752791487208814,0.7365674672427225
1.3672925,40.0,0.05752710786910239,0.7378516528175266
1.367910625,40.0,0.05752635388920152,0.7391035870075037
1.3685287499999998,40.0,0.05752555519194635,0.74027758089455
1.369146875,40.0,0.05752474602376312,0.7413221834750987
1.369765,40.0,0.05752396212845877,0.742239947608236
1.370383125,40.0,0.05752316435913636,0.7429717321214416
1.37100125,40.0,0.05752231727286947,0.7435294761965916
1.3716193749999999,40.0,0.05752152053065235,0.7439499301821679
1.3722375,40.0,0.05752073508237766,0.7441532508205164
1.372855625,40.0,0.057519839493203904,0.7442745215645076
1.3734737499999998,40.0,0.05751900360185774,0.7442406354684014
1.374091875,40.0,0.05751819145632475,0.7440926836308369
1.3747099999999999,40.0,0.05751723821249085,0.7439102992748139
1.375328125,40.0,0.057516296845850905,0.7436341305215222
1.37594625,40.0,0.057515389143429504,0.7433177411441576
1.3765643749999998,40.0,0.05751439300380914,0.742969285392766
1.3771825,40.0,0.05751340469745866,0.742600445378578
1.377800625,40.0,0.05751242994447562,0.7421557959800504
1.37841875,40.0,0.05751139467491788,0.7417119538333407
1.379036875,40.0,0.057510425154663675,0.7411930294602018
1.3796549999999999,40.0,0.05750945136325306,0.74059375084741
1.380273125,40.0,0.05750841739634666,0.7399431283766591
1.38089125,40.0,0.05750747204559001,0.7392057425375984
1.3815093749999998,40.0,0.057506489449964754,0.738380958165961
1.3821275,40.0,0.05750547222515064,0.7374758264491401
1.3827456249999999,40.0,0.05750456051361319,0.7365296252201086
1.38336375,40.0,0.05750361276300674,0.7355606070256685
1.383981875,40.0,0.057502641018209344,0.7345410080731664
1.3845999999999998,40.0,0.05750177285748462,0.7335991164634131
1.385218125,40.0,0.05750092126196023,0.7327282041837708
1.3858362499999999,40.0,0.057500012256610174,0.7319244009900093
1.386454375,40.0,0.05749913410117186,0.7313192768913098
1.3870725,40.0,0.0574983273898342,0.7308752951787335
1.3876906249999998,40.0,0.057497474398522194,0.73063124918925
1.38830875,40.0,0.05749660286444567,0.7306271337669987
1.388926875,40.0,0.05749581158914913,0.7308526578101993
1.389545,40.0,0.057494984583056866,0.7312906261557786
1.390163125,40.0,0.05749417049408677,0.7319504354115826
1.3907812499999999,40.0,0.057493446126279796,0.7327646714788772
1.391399375,40.0,0.05749267204451707,0.7337576466492679
1.3920175,40.0,0.05749194419245567,0.7348204590330011
1.3926356249999998,40.0,0.05749127317912247,0.7359370754946719
1.39325375,40.0,0.05749054445863638,0.7370980023869373
1.3938718749999999,40.0,0.057489889997792844,0.7381778209878948
1.39449,40.0,0.057489243519862065,0.7392375856179869
1.395108125,40.0,0.057488536007929775,0.7401557598664111
1.3957262499999998,40.0,0.057487941249438936,0.7409754666413464
1.396344375,40.0,0.057487364797441945,0.7416703724001517
1.3969624999999999,40.0,0.05748668601214267,0.7422036790624409
1.397580625,40.0,0.05748608644719974,0.742624885881302
1.39819875,40.0,0.05748553475385557,0.7429296564048348
1.3988168749999998,40.0,0.05748487694510489,0.7431237737635835
1.399435,40.0,0.05748423974957043,0.7432299082342861
1.400053125,40.0,0.057483621799679384,0.7432844754412001
1.40067125,40.0,0.05748293141599912,0.7432752999233517
1.401289375,40.0,0.057482243998870454,0.7432090170236855
1.4019074999999999,40.0,0.05748156800893812,0.7431365762387326
1.402525625,40.0,0.05748087061444507,0.7430021941020636
1.40314375,40.0,0.05748015432213185,0.7428193886500731
1.4037618749999998,40.0,0.05747947282962184,0.7426008376974201
1.40438,40.0,0.05747879487409258,0.7422930652169251
1.4049981249999999,40.0,0.05747807699178589,0.741920536960333
1.40561625,40.0,0.05747739907310168,0.7414212933963219
1.406234375,40.0,0.05747670019164296,0.7408498292885275
1.4068524999999998,40.0,0.057476023101098464,0.7401412640264046
1.407470625,40.0,0.05747541305194015,0.73932525952041
1.40808875,40.0,0.057474715814401334,0.7384376529405692
1.408706875,40.0,0.05747408306617622,0.7374413683716033
1.409325,40.0,0.05747356097859289,0.7364127425233201
1.4099431249999999,40.0,0.057472929933275685,0.7353901253344792
1.41056125,40.0,0.057472348587991884,0.734362222325953
1.411179375,40.0,0.05747186173660369,0.7334129045735757
1.4117974999999998,40.0,0.05747127501582709,0.7325997504083906
1.412415625,40.0,0.05747072558048183,0.73189566072007
1.4130337499999999,40.0,0.057470241557876826,0.731389644464865
1.413651875,40.0,0.057469694975018706,0.7310881109799684
1.41427,40.0,0.05746918179931783,0.7310058396673547
1.4148881249999998,40.0,0.05746873695363256,0.7311260074892952
1.41550625,40.0,0.057468287810761784,0.7314724928498764
1.4161243749999999,40.0,0.05746784666432546,0.7320202667343289
1.4167425,40.0,0.057467443150494846,0.7326990044853026
1.417360625,40.0,0.05746706269079672,0.7335211814722096
1.4179787499999998,40.0,0.05746671700148186,0.7344599162456438
1.418596875,40.0,0.05746639091683647,0.7353893686029129
1.419215,40.0,0.05746605365326886,0.7363673142610381
1.419833125,40.0,0.05746577236684266,0.7373136575423856
1.42045125,40.0,0.057465547177516146,0.7381913501463698
1.4210693749999999,40.0,0.057465296775100365,0.7389975066649839
1.4216875,40.0,0.05746506270363656,0.7397032250916783
1.422305625,40.0,0.05746491635530731,0.7403331036798592
1.4229237499999998,40.0,0.057464730198595056,0.7408296174921444
1.423541875,40.0,0.0574644999735965,0.7412710675899365
1.4241599999999999,40.0,0.05746437380415574,0.7416133735727836
1.424778125,40.0,0.05746416082872376,0.7418989385419452
1.42539625,40.0,0.0574638927031939,0.7421449759547771
1.4260143749999998,40.0,0.05746375767493087,0.742336738111649
1.4266325,40.0,0.057463529593265165,0.7425112508816261
1.4272506249999999,40.0,0.057463261803895674,0.7426575660976352
1.42786875,40.0,0.057463080193874055,0.7427559145850474
1.428486875,40.0,0.05746284678363848,0.742835944065286
1.4291049999999998,40.0,0.057462625054558215,0.7428418215739246
1.429723125,40.0,0.057462417033375505,0.7427829628104414
1.43034125,40.0,0.0574621680599599,0.7426240243185539
1.430959375,40.0,0.05746196518692948,0.7423703009160533
1.4315775,40.0,0.05746177805210837,0.7419912201597068
1.4321956249999999,40.0,0.057461555304265645,0.7414468943303393
1.43281375,40.0,0.05746137440203695,0.7408239050307122
1.433431875,40.0,0.05746124820231302,0.7400313081851403
1.4340499999999998,40.0,0.057461100657267804,0.7391367061113238
1.434668125,40.0,0.057460966480121015,0.7381608257127379
1.4352862499999999,40.0,0.05746089339857156,0.7371292280758027
1.435904375,40.0,0.057460782350952366,0.7360734395798539
1.4365225,40.0,0.057460645955068834,0.7350415313917409
1.4371406249999998,40.0,0.057460605549416045,0.7340935636756685
1.43775875,40.0,0.05746053901173057,0.73322836069645
1.4383768749999999,40.0,0.05746039956181828,0.7325155631841629
1.438995,40.0,0.05746037007039161,0.7319890892835162
1.439613125,40.0,0.057460361306030217,0.7316412853563956
1.4402312499999999,40.0,0.057460286513156045,0.731478829970479
1.440849375,40.0,0.057460298369894254,0.7315632123504757
1.4414675,40.0,0.05746032945665395,0.7318010305336864
1.4420856249999998,40.0,0.057460328908537736,0.7322141174871504
1.44270375,40.0,0.05746041669535212,0.7327922086809152
1.4433218749999999,40.0,0.057460478694740705,0.733446485976661
1.44394,40.0,0.05746054146566548,0.7342017099304442
1.444558125,40.0,0.05746072080904571,0.7349787290218318
1.4451762499999998,40.0,0.05746085314634541,0.7357701287231696
1.445794375,40.0,0.05746102663370416,0.7365367929737626
1.4464124999999999,40.0,0.057461289385492144,0.7372464082193159
1.447030625,40.0,0.05746147917790482,0.7379375021100097
1.44764875,40.0,0.057461711733906566,0.7385142053990874
1.4482668749999998,40.0,0.057462008433975253,0.7390509427542578
1.448885,40.0,0.057462246761926385,0.7395427675102954
1.449503125,40.0,0.05746245327490636,0.7399507508616741
1.45012125,40.0,0.057462713059627,0.7403466335050202
1.450739375,40.0,0.057462982393227724,0.74070781396916
1.4513574999999999,40.0,0.05746316554252382,0.7410563726090215
1.451975625,40.0,0.05746338911469211,0.7413835412942684
1.45259375,40.0,0.057463653165984285,0.7417202307138615
1.4532118749999998,40.0,0.0574638385462841,0.7420292373641257
1.45383,40.0,0.05746405554798635,0.7422965544086986
1.4544481249999999,40.0,0.05746428397992387,0.7425483531315655
1.45506625,40.0,0.057464446901126294,0.7427123845537583
1.455684375,40.0,0.057464657709489914,0.7427953850327486
1.4563024999999998,40.0,0.05746488247922759,0.7427656517778004
1.456920625,40.0,0.057465064497900495,0.7426112127517273
1.4575387499999999,40.0,0.05746531349680919,0.742320213524496
1.458156875,40.0,0.057465551947184626,0.7418593645238879
1.458775,40.0,0.057465765404873144,0.7412690177023574
1.4593931249999998,40.0,0.057466084883989056,0.7405307288913765
1.46001125,40.0,0.05746634710485019,0.7396650377304701
1.460629375,40.0,0.0574665566395267,0.7387260562759724
1.4612475,40.0,0.05746689029934297,0.7377021374582938
1.461865625,40.0,0.057467173007511356,0.7366784943283564
1.4624837499999999,40.0,0.057467384635429455,0.7356816712262731
1.463101875,40.0,0.0574676907263498,0.7347245896102508
1.46372,40.0,0.057467991212507195,0.7338984592099763
1.4643381249999998,40.0,0.05746825759569206,0.7332090898380793
1.46495625,40.0,0.057468572780283174,0.7326369439674939
1.4655743749999999,40.0,0.057468896686372485,0.7323079343567794
1.4661925,40.0,0.0574692030918201,0.7321202746076989
1.466810625,40.0,0.057469526096049744,0.7321043068980045
1.4674287499999998,40.0,0.05746989607089631,0.7322886513049645
1.468046875,40.0,0.05747025596771173,0.732590487864535
1.4686649999999999,40.0,0.057470617145924656,0.7330335508206565
1.469283125,40.0,0.05747104897775965,0.7335292788512262
1.46990125,40.0,0.05747147206913451,0.7341233783371893
1.4705193749999999,40.0,0.05747194289053737,0.7347342034365844
1.4711375,40.0,0.05747244956973175,0.7353150940268467
1.471755625,40.0,0.05747290452589051,0.735929650754515
1.4723737499999998,40.0,0.05747346783075363,0.736489748839341
1.472991875,40.0,0.0574740264884948,0.7369948008264692
1.4736099999999999,40.0,0.057474480950831304,0.7374964319867447
1.474228125,40.0,0.057475037234352634,0.7379528462384091
1.47484625,40.0,0.0574755986607087,0.7383714958616746
1.4754643749999998,40.0,0.05747606407663931,0.7387912499212408
1.4760825,40.0,0.057476601922464635,0.7392231298920713
1.4767006249999999,40.0,0.057477147791955445,0.7396292068608278
1.47731875,40.0,0.057477599022593986,0.7400744783511319
1.477936875,40.0,0.05747810393937028,0.7405266114783416
1.4785549999999998,40.0,0.05747861843702626,0.7409708951607257
1.479173125,40.0,0.05747905275420584,0.741431688352954
1.47979125,40.0,0.05747950911382047,0.7418418090665226
1.480409375,40.0,0.05747996772503709,0.7422206264927923
1.4810275,40.0,0.057480407880440114,0.7425177302469999
1.4816456249999999,40.0,0.057480858137837175,0.7427133826480286
1.48226375,40.0,0.057481292284794074,0.7427996632799039
1.482881875,40.0,0.05748174018975047,0.7427153669180044
1.4834999999999998,40.0,0.05748221817066254,0.7425021534052462
1.484118125,40.0,0.05748268688814035,0.7421276546081729
1.4847362499999999,40.0,0.05748311286898157,0.7415585403238215
1.485354375,40.0,0.05748356168904531,0.7408957249016938
1.4859725,40.0,0.05748404472052658,0.7400805516335409
1.4865906249999998,40.0,0.05748444356198575,0.7391629333703184
1.48720875,40.0,0.057484864083631834,0.7382241067226639
1.4878268749999999,40.0,0.05748534918659395,0.7372365775200678
1.488445,40.0,0.05748572025147928,0.7362790444094726
1.489063125,40.0,0.0574861333032695,0.7354063605134946
1.4896812499999998,40.0,0.05748662776568817,0.7345957041222226
1.490299375,40.0,0.057486989978145546,0.7339457935815736
1.4909175,40.0,0.057487395815431275,0.7334238805993434
1.491535625,40.0,0.05748787009021689,0.7330517785566841
1.49215375,40.0,0.05748826044560623,0.7328751771296881
1.4927718749999999,40.0,0.05748868624454907,0.7328044581924036
1.49339,40.0,0.057489135033817376,0.7329093630639197
1.494008125,40.0,0.05748957714849001,0.7331142676011226
1.4946262499999998,40.0,0.05749008033271224,0.7334144161532559
1.495244375,40.0,0.057490586515036836,0.7337963274879643
1.4958624999999999,40.0,0.057491080545847686,0.7341915195439376
1.496480625,40.0,0.05749163289935847,0.734628794436401
1.49709875,40.0,0.05749220092301446,0.7350706791188876
1.4977168749999998,40.0,0.057492725210736416,0.7354749545507374
1.498335,40.0,0.05749329440410202,0.7358812453604946
1.4989531249999999,40.0,0.057493881817274134,0.736279739749882
1.49957125,40.0,0.05749441016594758,0.7366512252896593
1.500189375,40.0,0.057494972388477374,0.7370113426665197
1.5008074999999999,40.0,0.05749557088348058,0.7374243375137914
1.501425625,40.0,0.05749609829813395,0.7378148833490298
1.50204375,40.0,0.05749660788430404,0.7382444484380899
1.5026618749999998,40.0,0.057497201467451214,0.7387400637621057
1.50328,40.0,0.05749771938277945,0.7392309601002518
1.5038981249999999,40.0,0.05749816136361422,0.7397838377868209
1.50451625,40.0,0.05749869439347375,0.7403214056838845
1.505134375,40.0,0.057499163788317896,0.7409019211800218
1.5057524999999998,40.0,0.0574995991978998,0.7414255317611046
1.506370625,40.0,0.05750010211310459,0.7418817593966514
1.5069887499999999,40.0,0.05750052881865783,0.7423151906801495
1.507606875,40.0,0.05750098080436852,0.742583352798895
1.508225,40.0,0.057501472153027054,0.742732177560925
1.5088431249999998,40.0,0.05750187566703678,0.7427542937781222
1.50946125,40.0,0.05750232536947252,0.7425828601680535
1.510079375,40.0,0.0575027790148782,0.7422497340144173
1.5106975,40.0,0.057503149748803606,0.7417859494606445
1.511315625,40.0,0.05750357320813555,0.7411354960830119
1.5119337499999999,40.0,0.05750399320491953,0.7403997278216422
1.512551875,40.0,0.057504332119668176,0.7395625401350245
1.51317,40.0,0.057504699923456595,0.7386703477552915
1.5137881249999998,40.0,0.05750511079558289,0.7377802853828977
1.51440625,40.0,0.057505455990477836,0.7368902188159373
1.5150243749999999,40.0,0.05750575612271185,0.7360866165519375
1.5156425,40.0,0.057506118148241074,0.7353598917450637
1.516260625,40.0,0.05750644977013004,0.7347419693559363
1.5168787499999998,40.0,0.0575067209516616,0.7342764016728733
1.517496875,40.0,0.057507052256536635,0.7339141984854846
1.5181149999999999,40.0,0.05750737134665046,0.7337108422078231
1.518733125,40.0,0.05750766124431853,0.7336344478830683
1.51935125,40.0,0.057508015263357956,0.7336386366850698
1.5199693749999998,40.0,0.05750836195893898,0.7337632691181499
1.5205875,40.0,0.05750868887049378,0.7339410987644216
1.521205625,40.0,0.0575090809870305,0.7341683642253672
1.52182375,40.0,0.057509450236009826,0.7344108049611365
1.522441875,40.0,0.05750980976825715,0.7346905219139158
1.5230599999999999,40.0,0.05751024071947764,0.7349338720985731
1.523678125,40.0,0.05751058472243782,0.7352003145135217
1.52429625,40.0,0.0575109523385251,0.735465394095203
1.5249143749999998,40.0,0.05751142477493024,0.735701008919353
1.5255325,40.0,0.0575117715652089,0.7359966543987321
1.5261506249999999,40.0,0.05751213321865052,0.7362878695035966
1.52676875,40.0,0.05751257478269009,0.7366285067865797
1.527386875,40.0,0.057512924693439466,0.7370239186515974
1.5280049999999998,40.0,0.057513261339705045,0.7374662007276352
1.528623125,40.0,0.05751362333923569,0.7379825523651862
1.5292412499999999,40.0,0.057513950552078134,0.73853755330156
1.529859375,40.0,0.0575142451992281,0.7391491251732153
1.5304775,40.0,0.05751455594663192,0.7397905576779981
1.5310956249999998,40.0,0.05751486747832388,0.7404002553575382
1.53171375,40.0,0.05751512938316194,0.7410390505195695
1.532331875,40.0,0.05751541571373765,0.7415842319000084
1.5329499999999998,40.0,0.05751571610465246,0.7420342511021022
1.533568125,40.0,0.057515968891580206,0.7424042406910325
1.5341862499999999,40.0,0.057516235527866215,0.7426182274006506
1.534804375,40.0,0.05751647618253994,0.7426547347713798
1.5354225,40.0,0.05751668561604305,0.7425650738868003
1.5360406249999998,40.0,0.057516952818806,0.7422882899983898
1.53665875,40.0,0.05751715072863363,0.7418564326207546
1.5372768749999999,40.0,0.057517302286681136,0.7412977170428218
1.537895,40.0,0.057517554165162736,0.7406229101160055
1.538513125,40.0,0.05751772994465258,0.7398791865872472
1.5391312499999998,40.0,0.05751783403616936,0.7390567167978846
1.539749375,40.0,0.057518030903227435,0.7382800863578898
1.5403675,40.0,0.05751816196333479,0.7374879436285314
1.540985625,40.0,0.0575182212977356,0.7367588596809774
1.54160375,40.0,0.05751836539375916,0.7361246907232616
1.5422218749999999,40.0,0.05751845460464606,0.735589441042705
1.54284,40.0,0.05751848895290602,0.7351491591982209
1.543458125,40.0,0.05751859994432448,0.7348301906611885
1.5440762499999998,40.0,0.057518690538802396,0.7346256738264838
1.544694375,40.0,0.05751877077994556,0.7345000434821725
1.5453124999999999,40.0,0.057518870302000744,0.7344612776579071
1.545930625,40.0,0.05751895733929021,0.7344890227666252
1.54654875,40.0,0.057519073366224166,0.7345445948133229
1.5471668749999998,40.0,0.05751918635367552,0.7346367805755313
1.547785,40.0,0.05751929011029318,0.7347408755529413
1.5484031249999999,40.0,0.057519395828705834,0.7348348885655536
1.54902125,40.0,0.057519539163592155,0.7349564803628442
1.549639375,40.0,0.05751968982781751,0.7350433414827698
1.5502574999999998,40.0,0.057519775158617614,0.7351790430125836
1.550875625,40.0,0.057519935810899626,0.7353139883591544
1.55149375,40.0,0.057520096394877165,0.7354919261051105
1.552111875,40.0,0.05752015817169445,0.7357288540987219
1.55273,40.0,0.05752031037439825,0.7360130737044156
1.5533481249999999,40.0,0.05752043698758912,0.7364062161804806
1.55396625,40.0,0.05752045062716755,0.7368372627162466
1.554584375,40.0,0.05752055555791179,0.7373712926676252
1.5552024999999998,40.0,0.05752065971776601,0.737978932819974
1.555820625,40.0,0.057520667707847035,0.7386197946581062
1.5564387499999999,40.0,0.05752073343604226,0.7393011589075357
1.557056875,40.0,0.05752080012980951,0.7399944334780709
1.557675,40.0,0.05752081722192346,0.7406443418813988
1.5582931249999998,40.0,0.05752086734323315,0.7412418075975252
1.55891125,40.0,0.057520877442011994,0.74175005187631
1.5595293749999999,40.0,0.0575208703919699,0.7421403337827757
1.5601475,40.0,0.05752090627847323,0.7423795882647882
1.560765625,40.0,0.05752088919792916,0.7424774058546546
1.5613837499999998,40.0,0.05752085030544434,0.742415121595032
1.562001875,40.0,0.05752085408671765,0.7421808966482283
1.56262,40.0,0.05752082158408109,0.7418155004062432
1.5632381249999998,40.0,0.057520757903392075,0.7413321492032517
1.56385625,40.0,0.057520726085245145,0.7407253710305552
1.5644743749999999,40.0,0.05752066677692893,0.7400737261387096
1.5650925,40.0,0.05752053669075091,0.7393874130449947
1.565710625,40.0,0.05752043113415827,0.7386708124399298
1.5663287499999998,40.0,0.05752035571838621,0.7380185544841846
1.566946875,40.0,0.0575201736124179,0.7373946803411533
1.5675649999999999,40.0,0.0575200037137203,0.7368531897149806
1.568183125,40.0,0.05751991876294643,0.7363797832697094
1.56880125,40.0,0.05751972755274385,0.7360253641246899
1.5694193749999998,40.0,0.05751955916568808,0.7357350223214096
1.5700375,40.0,0.05751944457899176,0.7355055551400028
1.5706556249999999,40.0,0.057519249424540626,0.7353914673160393
1.57127375,40.0,0.05751912231661578,0.7352807396806996
1.571891875,40.0,0.05751899097485173,0.735214080859521
1.5725099999999999,40.0,0.05751880704840512,0.7351783095092433
1.573128125,40.0,0.05751870483717233,0.7351429543083732
1.57374625,40.0,0.057518581729135036,0.7350990522367343
1.5743643749999998,40.0,0.057518439078368795,0.7350564130752192
1.5749825,40.0,0.057518370975184294,0.7350363553467304
1.5756006249999999,40.0,0.05751827338187254,0.7349945154339896
1.57621875,40.0,0.05751813453448028,0.734991797115916
1.576836875,40.0,0.05751806517780641,0.7350481610164594
1.5774549999999998,40.0,0.057517984780445765,0.7351221111424748
1.578073125,40.0,0.0575178234553647,0.7353103518976538
1.5786912499999999,40.0,0.05751770591078171,0.7355504770151813
1.579309375,40.0,0.05751762142544688,0.7359137900275899
1.5799275,40.0,0.05751746915757714,0.7363583135796944
1.5805456249999998,40.0,0.057517310737924474,0.736885847056448
1.58116375,40.0,0.057517200592932166,0.7375127426327686
1.581781875,40.0,0.057517052278818835,0.7381770854277473
1.5823999999999998,40.0,0.057516879735926625,0.7388866264046661
1.583018125,40.0,0.0575167571410075,0.7395862202896942
1.5836362499999999,40.0,0.057516580963926256,0.7402630508828231
1.584254375,40.0,0.05751638717558427,0.7408786504800982
1.5848725,40.0,0.05751624865326739,0.7413950279797294
1.5854906249999998,40.0,0.05751604764355282,0.7417834153522149
1.58610875,40.0,0.057515864713089095,0.7420698977223518
1.5867268749999999,40.0,0.057515716045822486,0.7421638991580379
1.587345,40.0,0.057515480384553216,0.7421273260754848
1.587963125,40.0,0.05751531274007768,0.7419648288036211
1.5885812499999998,40.0,0.05751515124643477,0.7416330001610874
1.589199375,40.0,0.057514858585276156,0.7412166382465579
1.5898174999999999,40.0,0.05751465165438419,0.7407201663597275
1.590435625,40.0,0.05751445201746084,0.7401560698176454
1.59105375,40.0,0.0575141374030249,0.739574333105935
1.5916718749999998,40.0,0.05751386657019959,0.7389895603192365
1.59229,40.0,0.05751360714746768,0.7384523546039309
1.592908125,40.0,0.057513298150484574,0.737937783429423
1.5935262499999998,40.0,0.0575129904849246,0.7374928207565615
1.594144375,40.0,0.05751271065614458,0.7371308275386613
1.5947624999999999,40.0,0.05751240298301722,0.7368043889932772
1.595380625,40.0,0.05751206733860266,0.7365633210875057
1.59599875,40.0,0.05751178373127544,0.7363611629199521
1.5966168749999998,40.0,0.057511480117136596,0.7361947509606496
1.597235,40.0,0.057511158813547625,0.7360402053600307
1.5978531249999999,40.0,0.057510885369574265,0.7359175772584876
1.59847125,40.0,0.05751060287005976,0.7357706487522301
1.599089375,40.0,0.057510339841551614,0.7356072488196421
1.5997074999999998,40.0,0.05751011163239003,0.7354730753632944
1.600325625,40.0,0.057509840273233734,0.7352874678269796
1.6009437499999999,40.0,0.05750959706977892,0.7351325134201347
1.601561875,40.0,0.057509426094276096,0.7349996866083914
1.60218,40.0,0.05750916138276478,0.734883682766473
1.6027981249999999,40.0,0.05750890122910362,0.7348451962014669
1.60341625,40.0,0.05750874157222017,0.7348653709871261
1.604034375,40.0,0.05750847265709164,0.7349909936893252
1.6046524999999998,40.0,0.05750821917374342,0.7352116547868021
1.605270625,40.0,0.05750805444544063,0.7355252854116522
1.6058887499999999,40.0,0.057507787694547084,0.7359886082597114
1.606506875,40.0,0.05750754171651784,0.7365089141864808
1.607125,40.0,0.05750735133051302,0.7371115736971028
1.6077431249999998,40.0,0.05750709670082984,0.7378115783583232
1.60836125,40.0,0.05750684604658579,0.7384950373253608
1.6089793749999999,40.0,0.05750661284086048,0.7391966448672851
1.6095975,40.0,0.057506375912751616,0.7398764190943675
1.610215625,40.0,0.05750614621306392,0.7404613529591612
1.6108337499999998,40.0,0.05750590711479389,0.7409801643299945
1.611451875,40.0,0.057505670080304425,0.7413697870764843
1.61207,40.0,0.05750544502016749,0.7416266893504825
1.6126881249999998,40.0,0.05750523846351975,0.7417584021526439
1.61330625,40.0,0.05750499762165255,0.7417332764414462
1.6139243749999999,40.0,0.05750473150625768,0.7415955536466128
1.6145425,40.0,0.05750452524143372,0.7413433242275402
1.615160625,40.0,0.0575042547437627,0.740986848048109
1.6157787499999998,40.0,0.05750394238927755,0.7405819391222914
1.616396875,40.0,0.057503718738471245,0.7401243612541736
1.6170149999999999,40.0,0.05750341309021374,0.7396646945978398
1.617633125,40.0,0.05750307051422971,0.7392072356551763
1.61825125,40.0,0.057502825298633035,0.7387700990637136
1.6188693749999998,40.0,0.0575025067883233,0.7383961930304603
1.6194875,40.0,0.05750213276920013,0.7380529936365217
1.6201056249999999,40.0,0.057501846943720805,0.737754715770236
1.62072375,40.0,0.05750152787583086,0.7375099437443527
1.621341875,40.0,0.05750116750568584,0.7373099763869791
1.6219599999999998,40.0,0.05750086980020294,0.7370919145700303
1.622578125,40.0,0.05750053966961108,0.7369202800716943
1.62319625,40.0,0.05750023318192705,0.7367456118766851
1.6238143749999998,40.0,0.05749997855115174,0.7365020455200104
1.6244325,40.0,0.05749967158830827,0.7363110240471523
1.6250506249999999,40.0,0.05749941641915918,0.7360490229322066
1.62566875,40.0,0.05749919313045585,0.735781195318663
1.626286875,40.0,0.057498926485883416,0.7355153800276996
1.6269049999999998,40.0,0.057498689487132444,0.7352445696816089
1.627523125,40.0,0.05749847722112789,0.7350269976213933
1.6281412499999999,40.0,0.05749824468700289,0.7348189976483149
1.628759375,40.0,0.057498000285329004,0.7347129471522357
1.6293775,40.0,0.057497817823801964,0.7346998264763346
1.6299956249999998,40.0,0.05749762051103089,0.7347505556013874
1.63061375,40.0,0.05749735024650096,0.7349622078070335
1.6312318749999999,40.0,0.057497174700395115,0.735274438234446
1.63185,40.0,0.05749700367586907,0.7356732653407165
1.632468125,40.0,0.057496735770409396,0.7362159246638167
1.6330862499999999,40.0,0.05749654849844648,0.7368118870175615
1.633704375,40.0,0.05749636618033363,0.7374551421254223
1.6343225,40.0,0.05749612516194894,0.7381502346812521
1.6349406249999998,40.0,0.05749596180230954,0.7388189336086571
1.63555875,40.0,0.05749577654312613,0.7394495082222721
1.6361768749999999,40.0,0.057495573988573315,0.7400318129577811
1.636795,40.0,0.057495447142061305,0.7404964830345242
1.637413125,40.0,0.057495272116125144,0.7408764352758297
1.6380312499999998,40.0,0.057495092716062915,0.7411141025832662
1.638649375,40.0,0.05749496876872247,0.7412418483662762
1.6392674999999999,40.0,0.05749478231366394,0.7412446206466734
1.639885625,40.0,0.057494595713131015,0.7411263418640772
1.64050375,40.0,0.0574944713085632,0.7409400799633271
1.6411218749999998,40.0,0.05749427448569342,0.7406622307723234
1.64174,40.0,0.05749404816670442,0.7403427935586645
1.642358125,40.0,0.057493898023001054,0.740000313304282
1.6429762499999998,40.0,0.057493707411129184,0.7396620843852595
1.643594375,40.0,0.05749345951159111,0.7393186486789234
1.6442124999999999,40.0,0.05749324994011189,0.7390186790944453
1.644830625,40.0,0.057493047853110574,0.7387538276728416
1.64544875,40.0,0.05749279335245512,0.7384974474342556
1.6460668749999998,40.0,0.057492545860887166,0.7383106857784418
1.646685,40.0,0.057492345701707075,0.7381082943101387
1.6473031249999999,40.0,0.057492093198409394,0.7379267660888533
1.64792125,40.0,0.057491873864618584,0.7377658847990922
1.648539375,40.0,0.05749171022185449,0.7375296135958984
1.6491574999999998,40.0,0.05749147855537967,0.7373328097667952
1.649775625,40.0,0.057491314136501485,0.7370535705893034
1.6503937499999999,40.0,0.05749116271282003,0.7367527408487696
1.651011875,40.0,0.05749096419452061,0.7364344612357545
1.65163,40.0,0.0574908628490877,0.7360672062575506
1.6522481249999998,40.0,0.05749071429524232,0.7357285754625048
1.65286625,40.0,0.05749052785735178,0.7353687177077991
1.653484375,40.0,0.05749046072441181,0.735066955796132
1.6541024999999998,40.0,0.057490346848246394,0.7348330412645212
1.654720625,40.0,0.05749017797691231,0.7346512607937628
1.6553387499999999,40.0,0.05749010469632111,0.7345820677672156
1.655956875,40.0,0.057490016687399746,0.7346567991877134
1.656575,40.0,0.0574898714085508,0.7347968373192264
1.6571931249999998,40.0,0.05748977560851042,0.7350914292153572
1.65781125,40.0,0.057489687398289094,0.7355033031759848
1.6584293749999999,40.0,0.05748956154645685,0.7359910818465691
1.6590475,40.0,0.057489467448203754,0.7365603480412698
1.659665625,40.0,0.057489406888739554,0.7371875736711633
1.6602837499999998,40.0,0.05748931809563054,0.7378308085818619
1.660901875,40.0,0.057489241749773275,0.7384483231298667
1.6615199999999999,40.0,0.05748920854395272,0.7390393430129144
1.662138125,40.0,0.05748916159330536,0.7395681282834085
1.66275625,40.0,0.057489122722226074,0.7399930919330403
1.6633743749999998,40.0,0.05748909910356461,0.7403192098737
1.6639925,40.0,0.057489046322596146,0.7405577168802026
1.664610625,40.0,0.05748903038322882,0.7406626321207617
1.6652287499999998,40.0,0.05748902852525429,0.7406737518517408
1.665846875,40.0,0.05748894254632959,0.7406051923411161
1.6664649999999999,40.0,0.05748892177573329,0.7404656129814441
1.667083125,40.0,0.05748893632451929,0.7402565578102357
1.66770125,40.0,0.057488821220375304,0.7400510616999916
1.6683193749999998,40.0,0.057488780745580496,0.7398069699625209
1.6689375,40.0,0.05748875704150675,0.7395735354834903
1.6695556249999999,40.0,0.05748861369742098,0.7393844569843965
1.67017375,40.0,0.05748855375726811,0.7391713007320269
1.670791875,40.0,0.05748849237262108,0.7390276520631327
1.6714099999999998,40.0,0.05748836120763585,0.7388798114136146
1.672028125,40.0,0.05748827926228086,0.7387450534734635
1.67264625,40.0,0.05748820939361998,0.7386208909409475
1.6732643749999998,40.0,0.05748813431578309,0.7384641558039139
1.6738825,40.0,0.05748806496562491,0.7382990488541941
1.6745006249999999,40.0,0.057488009668750936,0.7380795838115576
1.67511875,40.0,0.057487964978360374,0.7378133851257589
1.675736875,40.0,0.05748793414955708,0.7375212618725352
1.6763549999999998,40.0,0.05748791247857307,0.7371387862336836
1.676973125,40.0,0.05748786786207257,0.7367604079997802
1.6775912499999999,40.0,0.05748786572750357,0.7363456530033358
1.678209375,40.0,0.05748789342316631,0.7359108968545987
1.6788275,40.0,0.057487868294098174,0.7355270566885046
1.6794456249999998,40.0,0.05748787493311699,0.7351618334634203
1.68006375,40.0,0.057487930019686155,0.7348784216126277
1.6806818749999999,40.0,0.057487908426076914,0.7346806553147723
1.6813,40.0,0.057487911393276116,0.7345930132853598
1.681918125,40.0,0.057487986963117355,0.7346096903916005
1.6825362499999998,40.0,0.05748795867811716,0.7347703259168883
1.683154375,40.0,0.057487952836366936,0.7350343009638548
1.6837725,40.0,0.057488041626688136,0.7354043091533206
1.6843906249999998,40.0,0.05748804228396793,0.7358709067259572
1.68500875,40.0,0.057488065202513566,0.736412159801939
1.6856268749999999,40.0,0.05748815922400312,0.7369728951851887
1.686245,40.0,0.05748819989358979,0.7375573158081894
1.686863125,40.0,0.05748828550354395,0.7381368004869945
1.6874812499999998,40.0,0.05748838201913334,0.7386444441121582
1.688099375,40.0,0.05748843456790152,0.7391063579160573
1.6887174999999999,40.0,0.05748855818520581,0.7394889989853609
1.689335625,40.0,0.057488666197424466,0.7397747391396273
1.68995375,40.0,0.0574887425658051,0.7399551217831803
1.6905718749999998,40.0,0.057488866325371965,0.7400696498981363
1.69119,40.0,0.05748897782328327,0.7401012166657714
1.6918081249999999,40.0,0.05748906227566432,0.740040503924087
1.69242625,40.0,0.05748915394231179,0.7399595090333875
1.693044375,40.0,0.057489271124636025,0.739856203037064
1.6936624999999998,40.0,0.05748932541981028,0.7396990422929668
1.694280625,40.0,0.057489354131790925,0.73959157872202
1.69489875,40.0,0.05748946645111087,0.7394643928419995
1.6955168749999998,40.0,0.057489494660924366,0.7393786489634189
1.696135,40.0,0.0574894839909685,0.7392918733493445
1.6967531249999999,40.0,0.057489574827281203,0.7392346298223729
1.69737125,40.0,0.057489610993644094,0.739192108991001
1.697989375,40.0,0.057489621556958595,0.7391021789014384
1.6986074999999998,40.0,0.05748970092116029,0.7390464960681434
1.699225625,40.0,0.05748973932778745,0.7389122839575861
1.6998437499999999,40.0,0.057489777614127054,0.7387471898789492
1.700461875,40.0,0.057489876714713846,0.7385247406451314
1.70108,40.0,0.05748992177466453,0.7382337922114255
1.7016981249999998,40.0,0.05748998974270426,0.7378914701687788
1.70231625,40.0,0.05749011202687532,0.7374878775095163
1.702934375,40.0,0.057490164338057155,0.7370441250417844
1.7035524999999998,40.0,0.05749027242925835,0.7365898023938089
1.704170625,40.0,0.057490412921302726,0.7361214452192046
1.7047887499999999,40.0,0.0574904684275152,0.7356947701867013
1.705406875,40.0,0.05749058156969526,0.7353053798617397
1.706025,40.0,0.05749072612627788,0.735000239429872
1.7066431249999998,40.0,0.0574907978421511,0.734791148809891
1.70726125,40.0,0.05749087648100131,0.7346801193120166
1.7078793749999999,40.0,0.05749100719364185,0.7347006923514547
1.7084975,40.0,0.05749112281013991,0.7348354590515925
1.709115625,40.0,0.057491201196923594,0.7350756741331768
1.7097337499999998,40.0,0.057491334356848535,0.7354241430808311
1.710351875,40.0,0.05749148319247175,0.7358589519153484
1.7109699999999999,40.0,0.057491580940959276,0.7363215426794537
1.711588125,40.0,0.057491746171593826,0.7368521459311044
1.71220625,40.0,0.05749191692270582,0.7373564506157941
1.7128243749999998,40.0,0.057492034812076154,0.7378545626643043
1.7134425,40.0,0.05749223449345439,0.738297768076477
1.714060625,40.0,0.05749240856937423,0.7386867989113641
1.7146787499999998,40.0,0.05749256200652749,0.7390062185302796
1.715296875,40.0,0.0574927898740313,0.7392250451182717
1.7159149999999999,40.0,0.0574929454261599,0.7394070668158954
1.716533125,40.0,0.05749312032844471,0.7394795140137809
1.71715125,40.0,0.057493359890079386,0.7395194562081013
1.7177693749999998,40.0,0.057493494052322756,0.7395119956039008
1.7183875,40.0,0.057493628058105005,0.7394756816983985
1.7190056249999999,40.0,0.05749383362779228,0.7394262027348106
1.71962375,40.0,0.05749395899969884,0.7393834084155771
1.720241875,40.0,0.057494053671620644,0.7393685269083454
1.7208599999999998,40.0,0.05749421408722205,0.739335835470173
1.721478125,40.0,0.05749432604934194,0.7393578604006005
1.7220962499999999,40.0,0.05749441195947827,0.7393923843566301
1.722714375,40.0,0.05749454576468379,0.7393921753208937
1.7233325,40.0,0.05749465619827255,0.7394358777132355
1.7239506249999998,40.0,0.05749474690952312,0.7394288663911878
1.72456875,40.0,0.057494858425418745,0.7393718536486226
1.725186875,40.0,0.05749498522389799,0.7392890719002763
1.7258049999999998,40.0,0.05749508807874452,0.7391190927876494
1.726423125,40.0,0.05749519647846192,0.7388941110119842
1.7270412499999999,40.0,0.057495335239135865,0.738573571532792
1.727659375,40.0,0.057495449463303434,0.7382108353806485
1.7282775,40.0,0.057495604426474105,0.7377879459477135
1.7288956249999998,40.0,0.057495743411041834,0.7372974982054601
1.72951375,40.0,0.05749583315651092,0.7368260214852339
1.7301318749999999,40.0,0.05749601856533893,0.7363500099853548
1.73075,40.0,0.05749615301931428,0.7358830296180887
1.731368125,40.0,0.05749621862771337,0.7355070358641386
1.7319862499999998,40.0,0.05749639864955445,0.7351942347528363
1.732604375,40.0,0.05749652288448737,0.7349717920936975
1.7332224999999999,40.0,0.057496591112537986,0.7348764757328557
1.7338406249999998,40.0,0.057496766963168175,0.7348793854789158
1.73445875,40.0,0.05749689379638174,0.7350029284591735
1.7350768749999999,40.0,0.057496986090403934,0.7352299005331192
1.735695,40.0,0.05749715724501559,0.7355350071196083
1.736313125,40.0,0.05749730863908366,0.7359193525219553
1.7369312499999998,40.0,0.05749743875424314,0.736345033998887
1.737549375,40.0,0.0574975965354841,0.7367771477435849
1.7381674999999999,40.0,0.057497766574310084,0.7372240534707494
1.738785625,40.0,0.057497939557778474,0.7376297368980723
1.73940375,40.0,0.05749812540548424,0.7380011814064197
1.7400218749999998,40.0,0.05749830894325839,0.7383009183317706
1.74064,40.0,0.05749848865046224,0.7385582729176058
1.7412581249999999,40.0,0.05749870475754294,0.7387388675501576
1.74187625,40.0,0.05749889639538745,0.7388626094884057
1.742494375,40.0,0.05749905262840364,0.7389359692318034
1.7431124999999998,40.0,0.05749925205553095,0.7389878048723654
1.743730625,40.0,0.05749943502332051,0.7390085216143225
1.74434875,40.0,0.05749955289768727,0.7390049575512043
1.7449668749999998,40.0,0.0574997161364016,0.7390613930450255
1.745585,40.0,0.057499887882165916,0.7390764072598165
1.7462031249999999,40.0,0.05749995661453742,0.7391389276405106
1.74682125,40.0,0.05750010129090313,0.7392449252308233
1.747439375,40.0,0.05750026931934998,0.7393221344417433
1.7480574999999998,40.0,0.057500310216127073,0.7394446165915443
1.748675625,40.0,0.05750043392083697,0.7395491839475471
1.7492937499999999,40.0,0.05750056811278331,0.7396216853180778
1.749911875,40.0,0.05750062766921461,0.7396793466463728
1.75053,40.0,0.057500751936664665,0.739647041657033
1.7511481249999998,40.0,0.05750085083695127,0.7395855045525253
1.75176625,40.0,0.05750093887947772,0.7394193760098724
1.7523843749999999,40.0,0.0575010777451517,0.7391718156425761
1.7530025,40.0,0.05750117569115958,0.7388723052281421
1.753620625,40.0,0.05750127265203707,0.7384650025897488
1.7542387499999998,40.0,0.0575014060656909,0.7380249562127688
1.754856875,40.0,0.05750151264014679,0.7375545266328012
1.755475,40.0,0.05750159686791976,0.7370468523246589
1.7560931249999998,40.0,0.05750170904723402,0.7365637898687046
1.75671125,40.0,0.05750181350071584,0.7361372652779874
1.7573293749999999,40.0,0.05750186741097459,0.7357377160117834
1.7579475,40.0,0.05750196569804199,0.7354413681941221
1.758565625,40.0,0.057502091634298876,0.7352454308469917
1.7591837499999998,40.0,0.05750213011449406,0.7351391333727639
1.759801875,40.0,0.05750220625762326,0.735150994120941
1.7604199999999999,40.0,0.0575023465645962,0.735257605222907
1.761038125,40.0,0.05750239997774025,0.7354653438557929
1.76165625,40.0,0.05750247366981043,0.735731907378722
1.7622743749999998,40.0,0.057502610983467886,0.7360558804740505
1.7628925,40.0,0.05750268873743094,0.7364255432125352
1.7635106249999999,40.0,0.057502794666070306,0.7367825347650896
1.7641287499999998,40.0,0.057502944071563936,0.7371312940423959
1.764746875,40.0,0.05750303635673662,0.7374637051694187
1.7653649999999999,40.0,0.05750318041555082,0.7377488006468421
1.765983125,40.0,0.05750334470801592,0.7379595044233669
1.76660125,40.0,0.057503439771885705,0.7381632987246204
1.7672193749999998,40.0,0.05750360572972199,0.738281053378585
1.7678375,40.0,0.057503743618012144,0.7383716542428972
1.7684556249999999,40.0,0.05750381811133883,0.7384554885103375
1.76907375,40.0,0.057503978674314754,0.7384749093308678
1.769691875,40.0,0.05750409419471731,0.7385592401083122
1.7703099999999998,40.0,0.05750415314496713,0.7386069898971646
1.770928125,40.0,0.05750426009659905,0.7386873900032614
1.7715462499999999,40.0,0.05750436878957638,0.7388242389702109
1.772164375,40.0,0.05750442653475342,0.7389448698996671
1.7727825,40.0,0.05750446761877458,0.7391226398997353
1.7734006249999998,40.0,0.05750456287338461,0.739301064743068
1.77401875,40.0,0.05750461040766699,0.7394797205225898
1.774636875,40.0,0.057504626949950934,0.7396499727785958
1.7752549999999998,40.0,0.05750471023885752,0.7397650302226094
1.775873125,40.0,0.05750474135293297,0.7398586960981883
1.7764912499999999,40.0,0.05750476576954284,0.7398664125948987
1.777109375,40.0,0.0575048509281765,0.7397807095730612
1.7777275,40.0,0.05750488557303792,0.7396415430422214
1.7783456249999998,40.0,0.05750492491424369,0.7394008802322736
1.77896375,40.0,0.05750499940334285,0.7390573564744685
1.7795818749999999,40.0,0.05750501415822446,0.7386773792469354
1.7802,40.0,0.057505063482281016,0.7382360807130566
1.780818125,40.0,0.057505132588493574,0.7377373393227388
1.7814362499999998,40.0,0.05750510904496372,0.737271389468812
1.782054375,40.0,0.05750514783355988,0.7368018977425141
1.7826724999999999,40.0,0.05750521979633102,0.736372116830677
1.783290625,40.0,0.0575051828354912,0.7360190103298513
1.78390875,40.0,0.05750519699218422,0.7357435478834788
1.7845268749999998,40.0,0.05750525412534301,0.7355589068688331
1.785145,40.0,0.057505228545770046,0.7354679178670023
1.785763125,40.0,0.05750523359116219,0.7354866361105685
1.7863812499999998,40.0,0.05750526868126725,0.7355813385933739
1.786999375,40.0,0.05750525938454856,0.7357561857243783
1.7876174999999999,40.0,0.05750526650354381,0.7359839071753403
1.788235625,40.0,0.057505303967949464,0.7362668002763914
1.78885375,40.0,0.057505340032896084,0.7365354186329511
1.7894718749999998,40.0,0.05750536157179365,0.7368323294890685
1.79009,40.0,0.05750541128432105,0.737105888178716
1.7907081249999999,40.0,0.057505478045554614,0.7373156133594212
1.79132625,40.0,0.05750551482262799,0.7375362488235669
1.791944375,40.0,0.05750558806769334,0.7376823760366488
1.7925624999999998,40.0,0.057505632770845944,0.7377834385079275
1.793180625,40.0,0.05750566698934319,0.737889195036765
1.7937987499999999,40.0,0.05750577002173008,0.7379325170090327
1.7944168749999998,40.0,0.05750577585093043,0.7379969175388399
1.795035,40.0,0.05750579047802203,0.7380599184464981
1.7956531249999999,40.0,0.057505888133706065,0.7381279908966746
1.79627125,40.0,0.05750587472649002,0.7382581166206139
1.796889375,40.0,0.05750587070962706,0.7383777324723583
1.7975074999999998,40.0,0.05750593178450673,0.7385749581452787
1.798125625,40.0,0.0575058983752425,0.7387815997493088
1.7987437499999999,40.0,0.057505864216378044,0.7390081246419526
1.799361875,40.0,0.05750589612080144,0.7392611308359784
1.79998,40.0,0.05750586051951361,0.739489965240025
1.8005981249999998,40.0,0.05750581529120485,0.7397005131638411
1.80121625,40.0,0.05750582362991309,0.7398640980608489
1.8018343749999999,40.0,0.05750579873104094,0.7399630054843694
1.8024525,40.0,0.057505774898243885,0.7399863656874491
1.803070625,40.0,0.05750576117902345,0.7399248070597828
1.8036887499999998,40.0,0.05750573006717256,0.7397654617077606
1.804306875,40.0,0.05750571748826339,0.739520828493176
1.804925,40.0,0.05750570151761944,0.739205774685461
1.8055431249999998,40.0,0.05750565796126973,0.7388060564376215
1.80616125,40.0,0.0575056156042372,0.7383685021255405
1.8067793749999999,40.0,0.057505602394133645,0.7379230711467091
1.8073975,40.0,0.05750555908782449,0.7374460559081834
1.808015625,40.0,0.05750548405070361,0.7370202326635584
1.8086337499999998,40.0,0.05750547095663857,0.7366303954377702
1.809251875,40.0,0.05750541616264427,0.7363120957542153
1.8098699999999999,40.0,0.05750530482409675,0.7360579615535927
1.810488125,40.0,0.05750529477864658,0.7359084258883143
1.81110625,40.0,0.05750523068224733,0.7358419428768616
1.8117243749999998,40.0,0.05750509910571093,0.7358509728064618
1.8123425,40.0,0.057505093233707595,0.7359324966060529
1.8129606249999999,40.0,0.057505038006940186,0.7360966352376778
1.8135787499999998,40.0,0.05750494134994898,0.7362732249592706
1.814196875,40.0,0.05750493368252588,0.7364697608194722
1.8148149999999998,40.0,0.05750488539995018,0.7367159744964639
1.815433125,40.0,0.05750485061773023,0.7368920166199546
1.81605125,40.0,0.05750485050097577,0.7370794655847482
1.8166693749999998,40.0,0.05750480857785972,0.7372308839068639
1.8172875,40.0,0.0575047936934543,0.737339236116523
1.8179056249999999,40.0,0.057504799546308286,0.7374214146722613
1.81852375,40.0,0.05750477288738394,0.7374700258054017
1.819141875,40.0,0.05750475220676337,0.7375201048897883
1.8197599999999998,40.0,0.05750476225537138,0.7375510086671346
1.820378125,40.0,0.057504734101886126,0.7375906867099349
1.8209962499999999,40.0,0.0575046909608173,0.7376857852274185
1.821614375,40.0,0.05750469403746753,0.7377696020439355
1.8222325,40.0,0.057504652450534134,0.737930143753098
1.8228506249999998,40.0,0.057504567928907,0.738125656650974
1.82346875,40.0,0.05750454170786916,0.7383483397033495
1.8240868749999999,40.0,0.057504508854125246,0.7386277394183327
1.8247049999999998,40.0,0.05750439522884344,0.7389009297896934
1.825323125,40.0,0.057504337236706934,0.7392037371141482
1.8259412499999998,40.0,0.057504311327710785,0.7394618811756
1.826559375,40.0,0.057504200001683624,0.7397161137010122
1.8271775,40.0,0.057504150884147044,0.7398864710205321
1.8277956249999998,40.0,0.05750410812285908,0.7399990732786734
1.82841375,40.0,0.0575039995288889,0.740036461061035
1.8290318749999999,40.0,0.05750396754209145,0.7399619872635202
1.82965,40.0,0.05750389947412507,0.7398111575443449
1.830268125,40.0,0.05750379745296957,0.7395702419970268
1.8308862499999998,40.0,0.057503769759060845,0.7392548817227445
1.831504375,40.0,0.057503677352602374,0.7388711063222687
1.8321224999999999,40.0,0.05750358253910711,0.7384690482723003
1.832740625,40.0,0.0575035496376765,0.738028093304064
1.83335875,40.0,0.05750343692893596,0.7376126354945604
1.8339768749999998,40.0,0.057503323092932206,0.7372180490390123
1.834595,40.0,0.057503264709797004,0.736877627930508
1.835213125,40.0,0.05750316108179971,0.7365961686852892
1.8358312499999998,40.0,0.057503021543166534,0.736393194634695
1.836449375,40.0,0.05750291894610381,0.7362716206022081
1.8370674999999999,40.0,0.05750283868568724,0.7362104714130614
1.837685625,40.0,0.05750270241722465,0.7362412086971556
1.83830375,40.0,0.05750259485501404,0.7363113454114957
1.8389218749999998,40.0,0.05750253544656056,0.7364181927759965
1.83954,40.0,0.057502416175028534,0.7365785542377045
1.8401581249999999,40.0,0.05750233513527566,0.7367119733155583
1.84077625,40.0,0.05750228979430507,0.7368551458997414
1.841394375,40.0,0.05750219290396985,0.7369816118492781
1.8420124999999998,40.0,0.05750213608842881,0.7370747384045173
1.842630625,40.0,0.05750210145467798,0.737142661736301
1.8432487499999999,40.0,0.05750202705655738,0.7371599090135275
1.8438668749999998,40.0,0.05750199807960227,0.7372062903146925
1.844485,40.0,0.057501966117586185,0.7371811674096319
1.8451031249999998,40.0,0.05750187710485504,0.7371859675494096
1.84572125,40.0,0.057501875616160575,0.7372226681959398
1.846339375,40.0,0.05750184318815303,0.7372469649829122
1.8469574999999998,40.0,0.05750172069177481,0.737338468643995
1.847575625,40.0,0.05750170658962044,0.7374744277180241
1.8481937499999999,40.0,0.057501654715063716,0.7376574253726642
1.848811875,40.0,0.05750153059755079,0.7378875131412386
1.84943,40.0,0.05750148493187587,0.7381611910607112
1.8500481249999998,40.0,0.05750141592307552,0.738482317150448
1.85066625,40.0,0.057501314831419764,0.7387963008511751
1.8512843749999999,40.0,0.057501242827080676,0.7391088917378467
1.8519025,40.0,0.05750117979488324,0.739424332940716
1.852520625,40.0,0.057501093848627116,0.739659360229179
1.8531387499999998,40.0,0.05750100073914198,0.7398552124482822
1.853756875,40.0,0.0575009505378087,0.7399667555114007
1.8543749999999999,40.0,0.05750087450618287,0.7399951317943386
1.8549931249999998,40.0,0.057500784489463004,0.7399224225782511
1.85561125,40.0,0.057500731087039784,0.7397773669892764
1.8562293749999998,40.0,0.05750064234239106,0.739533149481161
1.8568475,40.0,0.0575005751475895,0.7392353854886221
1.857465625,40.0,0.05750052605878918,0.7388807817477648
1.8580837499999998,40.0,0.05750040019695112,0.7384967240501156
1.858701875,40.0,0.057500329979227945,0.7381131519530849
1.8593199999999999,40.0,0.05750027735550177,0.7377343556985291
1.859938125,40.0,0.05750011897403494,0.7373978522610234
1.86055625,40.0,0.05750002717022289,0.7371041230529634
1.8611743749999998,40.0,0.05749995889124929,0.7368863829784371
1.8617925,40.0,0.057499795216239886,0.7367123943960102
1.8624106249999999,40.0,0.05749969483356114,0.7366307171455793
1.86302875,40.0,0.057499626558084736,0.7365919578909302
1.863646875,40.0,0.05749947553016044,0.736618604587249
1.8642649999999998,40.0,0.057499376447614055,0.7366780109109033
1.864883125,40.0,0.057499318892643966,0.7367548795672005
1.8655012499999999,40.0,0.05749920508418441,0.7368632685146923
1.8661193749999998,40.0,0.05749912695166643,0.7369370169684858
1.8667375,40.0,0.057499062060624564,0.7370067167726169
1.8673556249999999,40.0,0.05749898949689489,0.7370684211856033
1.86797375,40.0,0.05749894860427273,0.7370569312995064
1.868591875,40.0,0.05749889245696199,0.7370663498650559
1.8692099999999998,40.0,0.057498844526975075,0.7370330138996206
1.869828125,40.0,0.05749881231535375,0.7369685885641082
1.8704462499999999,40.0,0.05749878659602274,0.7369560811861657
1.871064375,40.0,0.05749873415190855,0.7369039196653406
1.8716825,40.0,0.057498675865072,0.7369218901236321
1.8723006249999998,40.0,0.05749866999549736,0.7369618925037085
1.87291875,40.0,0.05749859109323283,0.7370594659255008
1.8735368749999999,40.0,0.05749851800791571,0.7372215027943969
1.8741549999999998,40.0,0.057498520142267084,0.7374193257483997
1.874773125,40.0,0.05749841532695639,0.7377032867976104
1.8753912499999998,40.0,0.05749833578658088,0.7380027203436261
1.876009375,40.0,0.05749834010961908,0.7383309338558913
1.8766275,40.0,0.05749824516213595,0.738690918417218
1.8772456249999998,40.0,0.057498165149258984,0.7390233290414006
1.87786375,40.0,0.05749815112570612,0.7393122752406444
1.8784818749999999,40.0,0.057498075581523395,0.7395791839758477
1.8791,40.0,0.057498017822232184,0.739767511450175
1.879718125,40.0,0.05749798875476374,0.7398530910553801
1.8803362499999998,40.0,0.05749792024128113,0.7398872738823725
1.880954375,40.0,0.057497890154863264,0.7398201284474097
1.8815724999999999,40.0,0.057497863208019064,0.7396522899061382
1.882190625,40.0,0.05749779316620861,0.7394393797711717
1.88280875,40.0,0.05749775898828647,0.7391534967314634
1.8834268749999998,40.0,0.057497723461764794,0.7388310579321027
1.884045,40.0,0.05749764268606607,0.7384874013628238
1.8846631249999999,40.0,0.057497586944820045,0.7381517379886181
1.8852812499999998,40.0,0.05749753963305868,0.7378372421542602
1.885899375,40.0,0.057497439098175424,0.7375510301343182
1.8865174999999998,40.0,0.057497350028510724,0.7373199830711394
1.887135625,40.0,0.05749730718162464,0.737156713961732
1.88775375,40.0,0.05749721620280252,0.7370309996329409
1.8883718749999998,40.0,0.0574970966492901,0.7369680424627214
1.88899,40.0,0.05749705955763016,0.7369741123697964
1.8896081249999999,40.0,0.05749699580541347,0.7369689137518312
1.89022625,40.0,0.05749687465359801,0.7370364427494234
1.890844375,40.0,0.05749685144585482,0.7370789867334028
1.8914624999999998,40.0,0.05749679688268358,0.7371127953251655
1.892080625,40.0,0.05749671565122437,0.7371698752785079
1.8926987499999999,40.0,0.05749672647794309,0.7371378300086604
1.893316875,40.0,0.057496672937383954,0.7371309006346799
1.893935,40.0,0.057496640807570616,0.7370778693104311
1.8945531249999998,40.0,0.05749666469129411,0.7369810318637627
1.89517125,40.0,0.05749661854349408,0.7369096254525878
1.8957893749999999,40.0,0.057496618137277924,0.7368066216857674
1.8964074999999998,40.0,0.057496634268386304,0.7367345968499864
1.897025625,40.0,0.057496583611337984,0.7366849505530721
1.8976437499999999,40.0,0.057496574243213555,0.7366782846467421
1.898261875,40.0,0.057496591816789545,0.7367376752203478
1.89888,40.0,0.057496543614548416,0.7368357290435922
1.8994981249999998,40.0,0.05749650422872612,0.7370172181296683
1.90011625,40.0,0.05749652146219157,0.7372565456599031
1.9007343749999999,40.0,0.05749649400885838,0.7375414076465852
1.9013525,40.0,0.057496439133450074,0.7378605865920019
1.901970625,40.0,0.057496439388754775,0.7382305885906558
1.9025887499999998,40.0,0.05749642918056695,0.7385671344741651
1.903206875,40.0,0.05749638188540114,0.7389035437983663
1.9038249999999999,40.0,0.05749638292326042,0.739213460583154
1.9044431249999998,40.0,0.05749638908741821,0.7394404328495225
1.90506125,40.0,0.05749635025525512,0.7396155665626424
1.9056793749999998,40.0,0.05749636593807175,0.7397133492026313
1.9062975,40.0,0.05749638298162724,0.7397125207391443
1.906915625,40.0,0.057496355121975595,0.7396396797087196
1.9075337499999998,40.0,0.05749638253723741,0.7394971136069413
1.908151875,40.0,0.05749637669431181,0.739277438772779
1.9087699999999999,40.0,0.05749634258695442,0.7390297522829986
1.909388125,40.0,0.057496379899189376,0.7387355762745055
1.91000625,40.0,0.057496335555816826,0.7384512141812835
1.9106243749999998,40.0,0.05749627537410642,0.7381696006952482
1.9112425,40.0,0.057496314394944216,0.7378997182956614
1.9118606249999999,40.0,0.0574962546324721,0.7377064296365493
1.91247875,40.0,0.05749618338956823,0.7375218944206599
1.913096875,40.0,0.05749619392495245,0.7373936695571647
1.9137149999999998,40.0,0.05749613709091811,0.7373541930900188
1.914333125,40.0,0.057496079707678956,0.7372921390847128
1.9149512499999999,40.0,0.05749606362448817,0.7373062048142706
1.9155693749999998,40.0,0.05749603368998826,0.7373373827945635
1.9161875,40.0,0.057495989285942704,0.7373446676480968
1.9168056249999998,40.0,0.05749597183275648,0.7373790847156366
1.91742375,40.0,0.05749598642699114,0.7373642851733316
1.918041875,40.0,0.05749596346480419,0.737347054166516
1.9186599999999998,40.0,0.05749596951403662,0.7372833278420785
1.919278125,40.0,0.057496002996992375,0.73718343314813
1.9198962499999999,40.0,0.05749600446288686,0.7370826471805574
1.920514375,40.0,0.05749604045395486,0.7369361183830222
1.9211325,40.0,0.05749606219039853,0.7367981414747591
1.9217506249999998,40.0,0.057496060221135716,0.7366784480287858
1.92236875,40.0,0.05749611534421403,0.7365710526754033
1.9229868749999999,40.0,0.05749614207692177,0.7365117044946993
1.923605,40.0,0.057496115681712756,0.7365058341489941
1.924223125,40.0,0.057496171032876145,0.7365660891289081
1.9248412499999998,40.0,0.05749620431471201,0.7366836422376879
1.925459375,40.0,0.05749616144140927,0.7368846423749088
1.9260774999999999,40.0,0.05749622002267623,0.7371223860369065
1.9266956249999998,40.0,0.05749624729234942,0.7374370664195871
1.92731375,40.0,0.05749620505261215,0.7377721471864626
1.9279318749999999,40.0,0.057496263877357554,0.7381086648910533
1.92855,40.0,0.057496293566845935,0.7384745621559496
1.929168125,40.0,0.0574962812592841,0.73879172061601
1.9297862499999998,40.0,0.057496333616366184,0.7390621092401972
1.930404375,40.0,0.05749637199934963,0.7392929622547566
1.9310224999999999,40.0,0.05749640699449962,0.7394420573149109
1.931640625,40.0,0.05749645541816687,0.7395069389130272
1.93225875,40.0,0.0574964877668018,0.7395079008265186
1.9328768749999998,40.0,0.05749653320297437,0.7394262384719184
1.933495,40.0,0.057496578821897036,0.7392917367305245
1.9341131249999999,40.0,0.05749661353255789,0.7390839973709136
1.9347312499999998,40.0,0.05749662858102285,0.7388706286146202
1.935349375,40.0,0.05749665908914287,0.7386363478983087
1.9359674999999998,40.0,0.057496699086132266,0.7383749975210749
1.936585625,40.0,0.05749667403036904,0.7381707806218526
1.93720375,40.0,0.057496695875811625,0.7379851247433445
1.9378218749999998,40.0,0.05749673091222423,0.7378097756439596
1.93844,40.0,0.057496671428723736,0.7377253230936571
1.9390581249999999,40.0,0.05749669167716491,0.7376487679950148
1.93967625,40.0,0.057496722495031904,0.7376116810115455
1.940294375,40.0,0.05749665805050311,0.7376260195678067
1.9409124999999998,40.0,0.05749667164762487,0.7376220192082342
1.941530625,40.0,0.05749671359359479,0.7376545616749935
1.9421487499999999,40.0,0.05749668705049949,0.7376445585115503
1.942766875,40.0,0.05749671073369842,0.7376444948091972
1.943385,40.0,0.05749675822768317,0.7375923180158934
1.9440031249999998,40.0,0.05749676250720445,0.7375054827162222
1.94462125,40.0,0.05749682042597713,0.7374076089944859
1.9452393749999999,40.0,0.05749686671603665,0.7372431547782802
1.9458574999999998,40.0,0.057496880956391994,0.7370866902705848
1.946475625,40.0,0.05749695907110426,0.7369020901339283
1.9470937499999998,40.0,0.057496998147830256,0.7367357799639485
1.947711875,40.0,0.05749702249370165,0.736573185280891
1.94833,40.0,0.05749709442542236,0.7364637287633572
1.9489481249999998,40.0,0.057497132774601986,0.7364057115843249
1.94956625,40.0,0.05749715768998205,0.7363868864587879
1.9501843749999999,40.0,0.057497208506915885,0.7364663013735216
1.9508025,40.0,0.05749726704911796,0.7366005917986487
1.951420625,40.0,0.057497272398648526,0.7367963046485994
1.9520387499999998,40.0,0.05749729513779268,0.7370666044714111
1.952656875,40.0,0.05749738478822588,0.7373625151753763
1.9532749999999999,40.0,0.05749739228073013,0.7377046204673979
1.953893125,40.0,0.057497410762297405,0.7380395072157709
1.95451125,40.0,0.05749751310255012,0.7383697698727519
1.9551293749999998,40.0,0.05749753702233042,0.7386738397443756
1.9557475,40.0,0.057497582853510185,0.7389210016427562
1.9563656249999999,40.0,0.057497685611272074,0.7391139600122315
1.9569837499999998,40.0,0.05749771335077612,0.7392373745288308
1.957601875,40.0,0.057497785753158316,0.7392894783967492
1.9582199999999998,40.0,0.05749787555925552,0.7392673734916575
1.958838125,40.0,0.05749789881396081,0.7391903816019376
1.95945625,40.0,0.05749797831749375,0.739049546757427
1.9600743749999998,40.0,0.057498042345165784,0.7388972155246484
1.9606925,40.0,0.05749805642576316,0.7386860491887891
1.9613106249999999,40.0,0.05749812892890603,0.7385062621248197
1.96192875,40.0,0.05749817773516265,0.7383280199324675
1.962546875,40.0,0.05749816448728512,0.7381536604893045
1.9631649999999998,40.0,0.057498204644699874,0.7380411496988316
1.963783125,40.0,0.05749825290133554,0.737947809834249
1.9644012499999999,40.0,0.057498230716713755,0.7379007529330647
1.9650193749999998,40.0,0.05749823825720898,0.7378734239685908
1.9656375,40.0,0.05749828135043556,0.7378873583538774
1.9662556249999998,40.0,0.057498281963802245,0.7379135838847141
1.96687375,40.0,0.05749828338995619,0.7379162491916476
1.967491875,40.0,0.05749832964710395,0.737939135586115
1.9681099999999998,40.0,0.0574983608038868,0.7379288745422276
1.968728125,40.0,0.05749836694235693,0.7378623366515782
1.9693462499999999,40.0,0.05749843547019012,0.7377948437690581
1.969964375,40.0,0.0574984793892725,0.7376583635641878
1.9705825,40.0,0.05749849144187833,0.7375051785765329
1.9712006249999998,40.0,0.05749857773274488,0.737298898499262
1.97181875,40.0,0.05749860907448229,0.7371080159728386
1.9724368749999999,40.0,0.057498650660982996,0.7368912403892358
1.973055,40.0,0.057498742458565934,0.7366853953474094
1.973673125,40.0,0.05749874143674285,0.7365349736821508
1.9742912499999998,40.0,0.05749880021107054,0.7364052669600597
1.974909375,40.0,0.057498890247629546,0.736342961901398
1.9755274999999999,40.0,0.05749887507279314,0.7363496395043487
1.9761456249999998,40.0,0.05749892038212011,0.7364303820822863
1.97676375,40.0,0.05749899922231909,0.7365662293651606
1.9773818749999998,40.0,0.05749899872792643,0.7367856756281939
1.978,40.0,0.05749903308875637,0.737044338163293
1.978618125,40.0,0.05749910294886692,0.7373438675107632
1.9792362499999998,40.0,0.05749913057684098,0.7376615675262714
1.979854375,40.0,0.05749916983482051,0.7379913281178742
1.9804724999999999,40.0,0.05749924558034215,0.738279752485246
1.981090625,40.0,0.05749930348663937,0.7385557098780936
1.98170875,40.0,0.05749934263726941,0.7387733654204942
1.9823268749999998,40.0,0.057499418504675576,0.7389219225041821
1.982945,40.0,0.05749949247214026,0.7390246242221403
1.9835631249999999,40.0,0.05749953986682965,0.7390476417327796
1.98418125,40.0,0.057499614260770236,0.7390157515031128
1.984799375,40.0,0.05749967076455985,0.738936614610205
1.9854174999999998,40.0,0.05749971825771832,0.7388151805850715
1.986035625,40.0,0.05749979718973306,0.7386731057947656
1.9866537499999999,40.0,0.05749982477303238,0.7385235683154437
1.9872718749999998,40.0,0.057499841121793835,0.7383748347320657
1.98789,40.0,0.057499920254537436,0.7382637162986669
1.9885081249999998,40.0,0.057499925410845726,0.7381473055115075
1.98912625,40.0,0.05749990497158385,0.7381045849591442
1.989744375,40.0,0.05749997933587448,0.7380648718655969
1.9903624999999998,40.0,0.05749996300179942,0.7380621316243928
1.990980625,40.0,0.05749993957857048,0.7381067971713869
1.9915987499999999,40.0,0.05750001471519797,0.738117265620813
1.992216875,40.0,0.057499996761466124,0.7381727840325415
1.992835,40.0,0.05749999265314057,0.738194665503875
1.9934531249999998,40.0,0.05750004898133019,0.7381837923996751
1.99407125,40.0,0.05750005784003511,0.7381555160129398
1.9946893749999999,40.0,0.05750008205560607,0.7380763227962661
1.9953074999999998,40.0,0.0575001147198943,0.7379518545188117
1.995925625,40.0,0.05750014693539027,0.7377858325136241
1.9965437499999998,40.0,0.057500186766143345,0.7375878786725156
1.997161875,40.0,0.05750022452689867,0.7373685077003383
1.99778,40.0,0.05750025919864054,0.7371168081155002
1.9983981249999998,40.0,0.057500286979625025,0.7369018974434131
1.99901625,40.0,0.057500343594166524,0.7366908545067334
1.9996343749999999,40.0,0.05750037178425055,0.7365149749711275
2.0002524999999998,40.0,0.05750037479431725,0.7363980632199394
