time_s,airspeed_mps,tip_bending_m,tip_twist_deg
0.0,50.0,0.0,0.0
0.0004945,50.0,1.9764093148888426e-7,6.621352014444758e-5
0.000989,50.0,9.344469203050688e-7,0.0004976111804291298
0.0014835,50.0,2.3397299327611662e-6,0.0019006966306941097
0.001978,50.0,4.439794249580022e-6,0.0049040949136363084
0.0024725000000000003,50.0,7.3028178307221475e-6,0.01002579188642273
0.002967,50.0,1.1006351158709503e-5,0.01772729970339024
0.0034615,50.0,1.5675143879505327e-5,0.028406570738272508
0.003956,50.0,2.1463579822223564e-5,0.04230089928407488
0.0044505000000000005,50.0,2.8383050513298418e-5,0.05927503091853697
0.004945000000000001,50.0,3.60775480244541e-5,0.07868091151738739
0.005439500000000001,50.0,4.4064420408269216e-5,0.09946477042276002
0.005934,50.0,5.2327940535911234e-5,0.1206081843669015
0.0064285,50.0,6.127840910076947e-5,0.14142433291544165
0.006923,50.0,7.120835554723091e-5,0.1615490099811996
0.0074175000000000005,50.0,8.231569776944795e-5,0.18064604444360338
0.007912,50.0,9.49105430468825e-5,0.19849770987955254
0.0084065,50.0,0.00010930842771664363,0.21534500195083506
0.008901000000000001,50.0,0.00012586266055162611,0.2316399588906049
0.009395500000000001,50.0,0.00014491523164640653,0.24781085931645022
0.009890000000000001,50.0,0.00016659603261716947,0.26409189112315323
0.010384500000000001,50.0,0.00019090152475049197,0.28027815181064375
0.010879000000000002,50.0,0.00021787825435226857,0.29589022760160216
0.011373500000000002,50.0,0.000247680878227596,0.3104172088248141
0.011868,50.0,0.0002804806750880493,0.3233027168305754
0.0123625,50.0,0.0003163367996320194,0.3338173319529447
0.012857,50.0,0.0003552077185076467,0.3411533404043143
0.0133515,50.0,0.0003971350778898043,0.3448843079328386
0.013846,50.0,0.0004424963376677045,0.3451583922162762
0.0143405,50.0,0.0004918908148807815,0.34245886961986866
0.014835000000000001,50.0,0.0005456240607479325,0.33730530120606966
0.015329500000000001,50.0,0.0006035498737142855,0.3302078431034888
0.015824,50.0,0.0006654824798277682,0.3216574626811903
0.0163185,50.0,0.0007314009979998876,0.3120845329760794
0.016813,50.0,0.0008012063914675269,0.30187209264327014
0.0173075,50.0,0.0008746978402178847,0.29110740387735756
0.017802000000000002,50.0,0.0009517469444117519,0.27941347105754666
0.0182965,50.0,0.0010322475770237769,0.2662970084032664
0.018791000000000002,50.0,0.001116192755484004,0.2515227459701228
0.0192855,50.0,0.0012038221525640358,0.23505262920261016
0.019780000000000002,50.0,0.0012953621883289405,0.21697795611635634
0.0202745,50.0,0.0013908261800521945,0.19754659160835308
0.020769000000000003,50.0,0.0014902004951045259,0.17723537990268218
0.0212635,50.0,0.0015935413006344505,0.1568197986861815
0.021758000000000003,50.0,0.0017009796510366068,0.13723536324827237
0.0222525,50.0,0.0018126428810449626,0.1192643000297091
0.022747000000000003,50.0,0.0019283174617019906,0.10330563694420082
0.023241500000000002,50.0,0.002047448975515725,0.08937057736799447
0.023736,50.0,0.002169602027856194,0.07741939071568693
0.024230500000000002,50.0,0.002294693085073334,0.06748114803650722
0.024725,50.0,0.0024227554901792626,0.0592763668222131
0.025219500000000002,50.0,0.0025536551992027725,0.052342847086645425
0.025714,50.0,0.002687246073281662,0.04634729872302666
0.026208500000000003,50.0,0.002823529112212543,0.04120833367042878
0.026703,50.0,0.0029624441036107734,0.03717027755270238
0.027197500000000003,50.0,0.00310382468724209,0.03466017147063934
0.027692,50.0,0.003247450114431303,0.03410310109145337
0.028186500000000003,50.0,0.0033928958464610696,0.035801081779928884
0.028681,50.0,0.0035396094377678636,0.040004861755900574
0.029175500000000004,50.0,0.00368724251518852,0.046936164612684336
0.029670000000000002,50.0,0.003835638668131422,0.056588848874336246
0.030164500000000004,50.0,0.003984537232944106,0.06847422421924347
0.030659000000000002,50.0,0.004133568657149153,0.08183766542668083
0.031153500000000004,50.0,0.004282406637350383,0.09601738582355693
0.031648,50.0,0.004430907670879046,0.11056486355219626
0.032142500000000004,50.0,0.004579280725393124,0.12511316350955623
0.032637,50.0,0.004727814274065625,0.13934298993012403
0.0331315,50.0,0.0048764521468941885,0.1530294130954771
0.033626,50.0,0.005024973751181359,0.16611201539490775
0.034120500000000005,50.0,0.005173282759170912,0.17889104490099797
0.034615,50.0,0.005321272729110262,0.19175134385243678
0.0351095,50.0,0.005468698556638578,0.20478596063325408
0.035604000000000004,50.0,0.005615287948397453,0.21777830895642478
0.036098500000000006,50.0,0.005760858761309554,0.23043501312456527
0.036593,50.0,0.005905327593307035,0.24241673771230896
0.0370875,50.0,0.0060487390039430915,0.25326945753220675
0.037582000000000004,50.0,0.006191323593012297,0.26241170963394417
0.038076500000000006,50.0,0.006333263031647801,0.26927606352599903
0.038571,50.0,0.0064744590223652625,0.2735007417424738
0.0390655,50.0,0.006614828803984168,0.2750185366988483
0.039560000000000005,50.0,0.006754510374977369,0.27411958902397776
0.0400545,50.0,0.006893657401745253,0.2712044909597521
0.040549,50.0,0.007032302052684158,0.266464974240438
0.041043500000000004,50.0,0.00717026355953754,0.26013152428439995
0.041538000000000005,50.0,0.007307227712896358,0.2526557794982764
0.0420325,50.0,0.007443099822292304,0.24440097492484786
0.042527,50.0,0.0075780613017492485,0.23546393517559142
0.043021500000000004,50.0,0.007712266764282159,0.22559221533557802
0.043516000000000006,50.0,0.007845833127572928,0.21448808626783483
0.0440105,50.0,0.007979091282316175,0.2019733842838823
0.044505,50.0,0.008112468998761384,0.188028487148109
0.044999500000000005,50.0,0.008246298105474672,0.17279376196126656
0.04549400000000001,50.0,0.008380882584988992,0.1564201908198921
0.0459885,50.0,0.00851639383313375,0.1391986315786739
0.046483000000000003,50.0,0.008652771275688802,0.12170611029238289
0.046977500000000005,50.0,0.008789943699470554,0.10470187755684293
0.047472,50.0,0.008928043074163788,0.08877879768075608
0.0479665,50.0,0.009067314842212003,0.07424250563550423
0.048461000000000004,50.0,0.009207837584082449,0.06124402761696695
0.048955500000000006,50.0,0.009349531849224529,0.04987320316173984
0.04945,50.0,0.009492436241054556,0.04014623625679265
0.0499445,50.0,0.009636762139531928,0.032036416356656106
0.050439000000000005,50.0,0.009782809553811497,0.02531615257761784
0.05093350000000001,50.0,0.009930828997328209,0.019624010763311717
0.051428,50.0,0.010080832690552195,0.014848298522855968
0.0519225,50.0,0.010232747109874107,0.011269731415205502
0.052417000000000005,50.0,0.010386598312889114,0.009291732845886488
0.05291150000000001,50.0,0.010542262649250112,0.00914841783671862
0.053406,50.0,0.010699422578194905,0.01102866331908432
0.053900500000000004,50.0,0.010857844346853955,0.015174266204297623
0.054395000000000006,50.0,0.01101735021695139,0.021803213232311665
0.05488950000000001,50.0,0.011177800511880888,0.030872534715830353
0.055384,50.0,0.011339306472201605,0.042090926513971054
0.055878500000000005,50.0,0.011502127089208215,0.05496761372953547
0.056373000000000006,50.0,0.011666313603805753,0.0689214875013731
0.0568675,50.0,0.011831711606580864,0.08359939996450427
0.057362,50.0,0.011998261200002133,0.09874868121064671
0.057856500000000005,50.0,0.012166026734788879,0.11407709888886317
0.05835100000000001,50.0,0.012335005302412022,0.12929629011799526
0.0588455,50.0,0.012505021792418006,0.14430556945783418
0.059340000000000004,50.0,0.01267574881547688,0.15928759963489939
0.059834500000000006,50.0,0.012846859184367464,0.17448707393373228
0.06032900000000001,50.0,0.013018125769197161,0.18994129196251586
0.0608235,50.0,0.013189389877366344,0.2054633602239721
0.061318000000000004,50.0,0.013360471027009019,0.2206698767733945
0.061812500000000006,50.0,0.013531178968673816,0.23519056466273766
0.06230700000000001,50.0,0.01370149738991329,0.2487351508231247
0.06280150000000001,50.0,0.01387147761186801,0.2608633926608248
0.063296,50.0,0.014041041199941212,0.2710157133074056
0.0637905,50.0,0.014210102983497773,0.2788016714650641
0.06428500000000001,50.0,0.014378442353410167,0.28422267835525744
0.0647795,50.0,0.014545545541685228,0.28746006572997534
0.065274,50.0,0.01471100354574309,0.2886935160822152
0.06576850000000001,50.0,0.014874722106633903,0.2880961081386893
0.066263,50.0,0.015036595733763012,0.2858706099389654
0.06675750000000001,50.0,0.0151963840773039,0.28222603172770877
0.067252,50.0,0.015353901191341661,0.2773777170331913
0.0677465,50.0,0.015509111375539729,0.2714154479825433
0.06824100000000001,50.0,0.015662113209523616,0.2641404790692277
0.0687355,50.0,0.015813060498851728,0.2552009342679047
0.06923,50.0,0.01596205778559611,0.24441994204762876
0.06972450000000001,50.0,0.01610914281547114,0.23193053861925544
0.070219,50.0,0.016254355761398588,0.2179185757882752
0.07071350000000001,50.0,0.0163977451538118,0.2025614230939964
0.07120800000000001,50.0,0.016539257850641455,0.1861594094514662
0.0717025,50.0,0.01667873369846253,0.1691926809052488
0.07219700000000001,50.0,0.01681601877164945,0.1522379924790663
0.0726915,50.0,0.016950997224593613,0.135852639294961
0.073186,50.0,0.01708366001776525,0.1203029480546909
0.07368050000000001,50.0,0.017214245690697304,0.10562414515219401
0.074175,50.0,0.017343099372819814,0.09184040362825366
0.0746695,50.0,0.017470304107560758,0.07900776113758998
0.07516400000000001,50.0,0.01759578047163912,0.06715004109456116
0.0756585,50.0,0.01771966148832958,0.05611681837057173
0.07615300000000001,50.0,0.01784211354339869,0.04579800097738317
0.07664750000000001,50.0,0.01796312884275669,0.03634955131871018
0.077142,50.0,0.018082669143370443,0.028095752063079134
0.07763650000000001,50.0,0.01820065009747322,0.021465679244174987
0.078131,50.0,0.01831698665890161,0.016881810954560636
0.0786255,50.0,0.0184317172282156,0.014515719846734984
0.07912000000000001,50.0,0.018544907891997673,0.014411223469102487
0.0796145,50.0,0.01865661438219084,0.01664510702711007
0.080109,50.0,0.018766970349026572,0.021241253984248833
0.08060350000000001,50.0,0.018876212727424853,0.027923760911403677
0.081098,50.0,0.018984643900179236,0.03620315821165837
0.08159250000000001,50.0,0.019092584901491502,0.0456936264301931
0.08208700000000001,50.0,0.019200274919695733,0.056189293707700434
0.0825815,50.0,0.01930770555833271,0.06761786123685289
0.08307600000000001,50.0,0.01941467372039263,0.07990827693948568
0.0835705,50.0,0.019521114651805543,0.09302800672487371
0.084065,50.0,0.019627172849552378,0.10699087572488813
0.08455950000000001,50.0,0.019732879443450188,0.12187550124045629
0.085054,50.0,0.01983810812418028,0.13779803479103686
0.08554850000000001,50.0,0.01994286019961174,0.15465068857375716
0.08604300000000001,50.0,0.020047250157168385,0.17201400212824852
0.0865375,50.0,0.020151348143585518,0.18936464870706046
0.08703200000000001,50.0,0.020255241390538505,0.2062956714923667
0.08752650000000001,50.0,0.020359000484915835,0.22243754214795539
0.088021,50.0,0.02046256123728881,0.23745115071601067
0.08851550000000001,50.0,0.020565872262670544,0.2510610234407907
0.08901,50.0,0.020668937205339317,0.263037410781089
0.0895045,50.0,0.020771621607681513,0.273381301648373
0.08999900000000001,50.0,0.020873702369356577,0.2823107142680461
0.0904935,50.0,0.020974928797753332,0.2900290315553816
0.09098800000000001,50.0,0.021075032570531112,0.2965995914848473
0.09148250000000001,50.0,0.02117398242939425,0.30189484400352173
0.091977,50.0,0.021272003188176108,0.3058313936172039
0.09247150000000001,50.0,0.021369251921943826,0.30838005554188047
0.09296600000000001,50.0,0.021465688695230852,0.30930073815299014
0.0934605,50.0,0.021561267384796953,0.30828826048148295
0.09395500000000001,50.0,0.021656102874967414,0.3051391501749696
0.0944495,50.0,0.021750260595978493,0.29981295819978704
0.094944,50.0,0.021843603674222355,0.29250272491649354
0.09543850000000001,50.0,0.02193599081108013,0.2835707985925266
0.095933,50.0,0.022027300703249503,0.2733692596348305
0.09642750000000001,50.0,0.02211736031922082,0.26215054863141407
0.09692200000000001,50.0,0.022206071905314935,0.25022040418675945
0.0974165,50.0,0.022293405850205988,0.23794172493604585
0.09791100000000001,50.0,0.022379230411444687,0.22555484029199224
0.0984055,50.0,0.022463401498181015,0.21308878610310225
0.0989,50.0,0.02254594815437874,0.20041293836356522
0.09939450000000001,50.0,0.022626990430851444,0.18745891688418542
0.099889,50.0,0.022706639879020402,0.1742703278493254
0.10038350000000001,50.0,0.022784906946520377,0.16096880225410556
0.10087800000000001,50.0,0.02286153720313381,0.14777888425555225
0.1013725,50.0,0.022936204272509395,0.1349328910590852
0.10186700000000001,50.0,0.02300882294978189,0.12273508951888251
0.10236150000000001,50.0,0.02307936636180276,0.11165044653185574
0.102856,50.0,0.023147650032787282,0.10214607345432321
0.10335050000000001,50.0,0.02321352888190035,0.09438953407360869
0.103845,50.0,0.02327703276821451,0.08836812144690434
0.1043395,50.0,0.023338270516528953,0.08401997418308346
0.10483400000000001,50.0,0.023397351973899628,0.0812390323568102
0.1053285,50.0,0.023454382228827342,0.0799264558336515
0.10582300000000001,50.0,0.023509454480284464,0.07993731605037226
0.10631750000000001,50.0,0.023562577467272718,0.08111526424000334
0.106812,50.0,0.02361377646502173,0.0833885697546125
0.10730650000000001,50.0,0.023663205389257577,0.08681949956771054
0.10780100000000001,50.0,0.02371089392018668,0.09164649993252999
0.1082955,50.0,0.02375665969629622,0.09808948865097328
0.10879000000000001,50.0,0.02380030667879374,0.1061205056378292
0.1092845,50.0,0.02384171519120253,0.1156775810101356
0.10977900000000002,50.0,0.023880954494993296,0.12669206945028008
0.11027350000000001,50.0,0.023918248706671363,0.13894247575224294
0.110768,50.0,0.023953693092069527,0.15206824330510213
0.11126250000000001,50.0,0.02398724934539624,0.16564809680133416
0.11175700000000001,50.0,0.024019023629687167,0.1792708097078371
0.1122515,50.0,0.024049208473852623,0.19265378812788134
0.11274600000000001,50.0,0.02407780192584304,0.20572407520756525
0.11324050000000001,50.0,0.024104699155904435,0.21848224449607317
0.113735,50.0,0.024129846213052586,0.23086548194726414
0.11422950000000001,50.0,0.02415315915353993,0.24282765915496177
0.114724,50.0,0.024174598774877952,0.25439144102768
0.11521850000000002,50.0,0.024194253191124306,0.2655904795696483
0.11571300000000001,50.0,0.024212197425041233,0.2763262893376503
0.1162075,50.0,0.02422840797076767,0.28630063904746994
0.11670200000000001,50.0,0.02424288860712489,0.2951975930633595
0.11719650000000001,50.0,0.02425585037201213,0.3026985807309933
0.117691,50.0,0.024267646694776053,0.3085750149838592
0.11818550000000001,50.0,0.0242785363243831,0.31275211242024226
0.11868000000000001,50.0,0.02428861043850973,0.31518267103784536
0.1191745,50.0,0.02429784255471096,0.3158529671623672
0.11966900000000001,50.0,0.02430618964288748,0.3149565823859122
0.1201635,50.0,0.02431372688795017,0.31281984505768023
0.12065800000000002,50.0,0.024320482151441464,0.3096599865079004
0.12115250000000001,50.0,0.024326289854164154,0.3055842857916479
0.121647,50.0,0.024331109806439353,0.300591903515557
0.12214150000000001,50.0,0.02433510329500681,0.29467193630213895
0.12263600000000001,50.0,0.024338377179637417,0.2878171482860695
0.1231305,50.0,0.024341030778427898,0.2799910148279021
0.12362500000000001,50.0,0.024343191197911323,0.2711836249419867
0.12411950000000001,50.0,0.024344851569712125,0.26138945151024945
0.12461400000000002,50.0,0.02434593756526287,0.25067193657741516
0.1251085,50.0,0.024346519631184175,0.23936006816335903
0.12560300000000002,50.0,0.02434672341071782,0.22787041875274372
0.1260975,50.0,0.024346474322680514,0.21651115079737715
0.126592,50.0,0.02434554057818156,0.20553300151606704
0.12708650000000002,50.0,0.024343724673514738,0.19517191245608762
0.127581,50.0,0.024340967247047606,0.18563523359169737
0.1280755,50.0,0.02433735013832441,0.17698555360162943
0.12857000000000002,50.0,0.024332961516267203,0.16920710394591756
0.1290645,50.0,0.02432783433611099,0.16219025244808977
0.129559,50.0,0.02432202896969395,0.15585297274649226
0.13005350000000002,50.0,0.024315710569659834,0.15027096999916234
0.130548,50.0,0.0243090490961619,0.14558700107760938
0.1310425,50.0,0.024301997642861208,0.1419686648868098
0.13153700000000002,50.0,0.02429439521434818,0.1395193060241176
0.13203150000000002,50.0,0.024286154875107626,0.13839372453591692
0.132526,50.0,0.0242771379674012,0.13880781889507524
0.1330205,50.0,0.024267221380733152,0.1408869079942919
0.13351500000000002,50.0,0.02425644323610674,0.14458797208467453
0.1340095,50.0,0.024244734657183655,0.1497651406431564
0.134504,50.0,0.024231851159763795,0.156151489911444
0.13499850000000002,50.0,0.024217709752113833,0.16347766082770668
0.135493,50.0,0.024202428989394835,0.17159313683026547
0.1359875,50.0,0.02418611585598132,0.18035434919535018
0.13648200000000002,50.0,0.02416877985983412,0.18955867570896404
0.1369765,50.0,0.02415032020720993,0.19909961214457353
0.137471,50.0,0.024130602741049216,0.20902781483582478
0.13796550000000002,50.0,0.02410953817935031,0.2194276533172641
0.13846,50.0,0.024087025045541225,0.23028010648819194
0.1389545,50.0,0.024062867342776535,0.24141419530097175
0.13944900000000002,50.0,0.024036844465296487,0.252685462501062
0.1399435,50.0,0.02400890041402363,0.2638721794320655
0.140438,50.0,0.023979132117700228,0.27473459767108593
0.14093250000000002,50.0,0.02394765111990974,0.28504977737308834
0.14142700000000002,50.0,0.02391457685652018,0.2945117587751199
0.1419215,50.0,0.023880021561413264,0.30284844393173377
0.14241600000000001,50.0,0.023843999319294634,0.30994942378517903
0.14291050000000002,50.0,0.02380649051101865,0.3158835453661885
0.143405,50.0,0.02376764848406055,0.3207321341573857
0.1438995,50.0,0.02372763625112223,0.3245234043187209
0.14439400000000002,50.0,0.023686328647230595,0.3272889675487712
0.1448885,50.0,0.023643549806942256,0.32905903781750084
0.145383,50.0,0.023599277229755144,0.3298348221626615
0.14587750000000002,50.0,0.023553511551276215,0.32960993938123007
0.146372,50.0,0.02350630292398352,0.3282511430936693
0.1468665,50.0,0.02345773089401442,0.3255859922376188
0.14736100000000002,50.0,0.023407843603280167,0.32152502845822006
0.1478555,50.0,0.023356798835888634,0.3161536283898368
0.14835,50.0,0.023304843199274804,0.3096233160427282
0.14884450000000002,50.0,0.023252109062270574,0.30201097260715376
0.149339,50.0,0.023198592295648034,0.2934651282581606
0.1498335,50.0,0.0231442466137993,0.28426351157505825
0.15032800000000002,50.0,0.02308901061817853,0.2746936366679845
0.1508225,50.0,0.02303283889704556,0.26497177139368444
0.151317,50.0,0.022975788045941477,0.25525770825790123
0.15181150000000002,50.0,0.02291799974541934,0.2455742839302348
0.15230600000000002,50.0,0.022859513790698224,0.23591177436779848
0.1528005,50.0,0.022800287998812466,0.22631551367876518
0.15329500000000001,50.0,0.02274048756089662,0.21690949956949182
0.15378950000000002,50.0,0.022680441691628413,0.20778813001874902
0.154284,50.0,0.022620348797797084,0.19899782567517627
0.1547785,50.0,0.022560303316355203,0.19068691381609537
0.15527300000000002,50.0,0.022500431931905658,0.1831372516370547
0.1557675,50.0,0.022440818115589775,0.17661178733353683
0.156262,50.0,0.022381473986414005,0.1712794104157794
0.15675650000000002,50.0,0.022322394878859637,0.16724966971774707
0.157251,50.0,0.02226346460071214,0.1645194130800666
0.1577455,50.0,0.022204528719699527,0.16313364698197094
0.15824000000000002,50.0,0.022145619145431162,0.1631076445867676
0.1587345,50.0,0.022086833301951925,0.16433446457054166
0.159229,50.0,0.02202825751658439,0.16663793078998995
0.15972350000000002,50.0,0.021970038971819577,0.16985970749981072
0.160218,50.0,0.02191221508062481,0.1740164283741802
0.1607125,50.0,0.021854697755904234,0.17914869090457863
0.16120700000000002,50.0,0.02179747485784065,0.1852643449585457
0.16170150000000003,50.0,0.021740618595712132,0.19235222837128366
0.162196,50.0,0.021684096192826345,0.20036640286553753
0.16269050000000002,50.0,0.021627684076932486,0.20923326836835063
0.16318500000000002,50.0,0.02157119373218567,0.21888164398487453
0.1636795,50.0,0.02151459807788388,0.22920052755081913
0.16417400000000001,50.0,0.021457848562497835,0.23995619557061484
0.16466850000000002,50.0,0.021400863669091778,0.25080969332389
0.165163,50.0,0.021343659661104943,0.2615493359424106
0.1656575,50.0,0.021286291702137992,0.2720783337337094
0.16615200000000002,50.0,0.021228839469799615,0.28224333803479273
0.1666465,50.0,0.021171463394628744,0.2918790381230933
0.167141,50.0,0.02111424786488359,0.3008675855217093
0.16763550000000002,50.0,0.021057101653640293,0.3091988449892361
0.16813,50.0,0.020999889924758548,0.3168945519871
0.1686245,50.0,0.020942457909190377,0.3239427970848808
0.16911900000000002,50.0,0.020884645240806236,0.330244204517762
0.1696135,50.0,0.02082642612646967,0.33562800429756184
0.170108,50.0,0.020767803787454447,0.33991885395662624
0.17060250000000002,50.0,0.020708625806201524,0.343048541109971
0.17109700000000003,50.0,0.020648796364335077,0.3449745609244918
0.1715915,50.0,0.020588436631778128,0.3455572682528248
0.17208600000000002,50.0,0.020527650098782983,0.3447428765824825
0.17258050000000003,50.0,0.020466424289109515,0.34256597238021186
0.173075,50.0,0.02040473696150389,0.3391070812408938
0.17356950000000002,50.0,0.020342595985197744,0.33454526326404616
0.17406400000000002,50.0,0.020279998398316526,0.3290207813389935
0.1745585,50.0,0.020216866692853046,0.3225937572989338
0.17505300000000001,50.0,0.020153109479771624,0.31534241493608167
0.17554750000000002,50.0,0.020088620072515755,0.30737935847682524
0.176042,50.0,0.020023250929839538,0.2988733727869288
0.1765365,50.0,0.01995701049402734,0.2898436141910471
0.17703100000000002,50.0,0.01989006375666746,0.2802502644389582
0.1775255,50.0,0.01982257844964007,0.2701645497688908
0.17802,50.0,0.019754738605391356,0.25976096101525403
0.17851450000000002,50.0,0.01968665796010233,0.2492359254003325
0.179009,50.0,0.01961835350405335,0.23875814561530376
0.1795035,50.0,0.01954993667513256,0.22852364250902377
0.17999800000000002,50.0,0.0194815658202017,0.21868017303869133
0.18049250000000003,50.0,0.01941319568562295,0.20939879248820142
0.180987,50.0,0.019344687038076416,0.2009022666970703
0.18148150000000002,50.0,0.019276059129494313,0.19332455796618336
0.18197600000000003,50.0,0.01920736680855389,0.18666779587143129
0.1824705,50.0,0.0191385882978474,0.18093307548517965
0.18296500000000002,50.0,0.019069751105138165,0.17615877345608616
0.18345950000000003,50.0,0.019000933277381147,0.17240596034347094
0.183954,50.0,0.01893220795114536,0.1697128985668174
0.18444850000000002,50.0,0.01886370693286286,0.16806786273913984
0.18494300000000002,50.0,0.018795615866338856,0.16747712271546342
0.1854375,50.0,0.018728053635086117,0.16799742363408945
0.18593200000000001,50.0,0.01866099005858776,0.16971145021163225
0.18642650000000002,50.0,0.018594298905019378,0.17269789464617266
0.186921,50.0,0.018527888231046168,0.17689457940222775
0.1874155,50.0,0.018461729339235986,0.18213414707757863
0.18791000000000002,50.0,0.01839584110614623,0.18836692100313387
0.1884045,50.0,0.01833025921950321,0.19552569502124623
0.188899,50.0,0.018264948641880902,0.20344889092782764
0.18939350000000002,50.0,0.018199960891781827,0.21198485769137274
0.189888,50.0,0.018135547131125192,0.22094874500139453
0.1903825,50.0,0.018071844751447737,0.23019738285784713
0.19087700000000002,50.0,0.0180088443107653,0.23965119292655873
0.19137150000000003,50.0,0.017946629005942384,0.24923729879873185
0.191866,50.0,0.01788526876239052,0.2588831076545573
0.19236050000000002,50.0,0.017824730992676254,0.26843805144862276
0.19285500000000003,50.0,0.017764992967488548,0.2777574723604146
0.1933495,50.0,0.017706016930829835,0.2867896660421275
0.19384400000000002,50.0,0.017647644542108657,0.2954494662869171
0.19433850000000003,50.0,0.017589706705929607,0.303551634319483
0.194833,50.0,0.017532197650029575,0.31088673172354275
0.19532750000000002,50.0,0.017475217612218475,0.3173328516818733
0.19582200000000002,50.0,0.01741886691341922,0.3228042044966189
0.1963165,50.0,0.017363197150012173,0.32723714744637894
0.196811,50.0,0.01730819154848045,0.3306091426276861
0.19730550000000002,50.0,0.017253844557102084,0.3328391405164164
0.1978,50.0,0.017200185419736128,0.33388227918265684
0.1982945,50.0,0.01714718383611112,0.33381144967449317
0.19878900000000002,50.0,0.017094679244236417,0.3326918231914589
0.1992835,50.0,0.017042493409829166,0.33055518402937895
0.199778,50.0,0.016990606650193356,0.32739027507789076
0.20027250000000002,50.0,0.016939038036599664,0.323199624828684
0.20076700000000003,50.0,0.016887717893605558,0.31805386370740085
0.2012615,50.0,0.01683665902147526,0.31201112922743
0.20175600000000002,50.0,0.01678594255612064,0.30513176759875654
0.20225050000000003,50.0,0.016735568647020985,0.2974979038350345
0.202745,50.0,0.016685639721988586,0.28917277575618644
0.20323950000000002,50.0,0.016636377610071522,0.2802619718292492
0.20373400000000003,50.0,0.016587833513758542,0.2710014681504372
0.2042285,50.0,0.016539906848991384,0.26155548266949846
0.20472300000000002,50.0,0.0164924892046732,0.25198561498047833
0.20521750000000002,50.0,0.016445487455424103,0.2424376099411947
0.205712,50.0,0.016398858336667325,0.23305358633696527
0.20620650000000001,50.0,0.016352563006952047,0.22399372707192963
0.20670100000000002,50.0,0.016306521562626144,0.21536871508608665
0.2071955,50.0,0.016260691806824677,0.2072412155856742
0.20769,50.0,0.016215162933438707,0.19968446976978363
0.20818450000000002,50.0,0.016170080182891153,0.19276015319232168
0.208679,50.0,0.01612547146104035,0.1865682155590928
0.2091735,50.0,0.01608129658908541,0.1812382051808942
0.20966800000000002,50.0,0.016037563517696748,0.17682070318601786
0.21016250000000003,50.0,0.01599426684522977,0.17333038332264977
0.210657,50.0,0.015951353214860384,0.17083222704447598
0.21115150000000002,50.0,0.015908795508910976,0.1694191375679245
0.21164600000000003,50.0,0.01586656795787691,0.1691037833989399
0.2121405,50.0,0.015824508205946646,0.16984288606649262
0.21263500000000002,50.0,0.01578247447961719,0.1716262563992847
0.21312950000000003,50.0,0.01574057678676263,0.1743720766510133
0.213624,50.0,0.01569896672863934,0.17805257109709427
0.21411850000000002,50.0,0.0156577071846584,0.18264374768094208
0.21461300000000003,50.0,0.015616894579643409,0.18803576963821567
0.2151075,50.0,0.015576608493978275,0.19409501318687888
0.21560200000000002,50.0,0.01553691292553806,0.20072179015915237
0.21609650000000002,50.0,0.015497896998672937,0.20786486228480594
0.216591,50.0,0.015459513800463868,0.21545879943654447
0.21708550000000001,50.0,0.015421598362311762,0.22338137015270984
0.21758000000000002,50.0,0.015384081469816669,0.23149518760343674
0.2180745,50.0,0.015346975490862103,0.239710628462706
0.218569,50.0,0.015310271360819437,0.24790120986508757
0.21906350000000002,50.0,0.015273964025252626,0.25595151186452725
0.21955800000000003,50.0,0.015238079829588863,0.26377759324059497
0.2200525,50.0,0.015202635588033215,0.2712145815465408
0.22054700000000002,50.0,0.01516763115801617,0.27810831077841636
0.22104150000000003,50.0,0.015133175433256702,0.2844108446375864
0.221536,50.0,0.015099445378069414,0.29004401619908105
0.22203050000000002,50.0,0.015066429605654987,0.2949178168443672
0.22252500000000003,50.0,0.015033986156488497,0.29891835497335706
0.2230195,50.0,0.015002067167367603,0.3019879606784136
0.22351400000000002,50.0,0.014970668887564655,0.30413857518553006
0.22400850000000003,50.0,0.014939724435917862,0.30535479194777027
0.224503,50.0,0.01490917635698127,0.3056406004563464
0.22499750000000002,50.0,0.014879023242662534,0.3049788044382393
0.22549200000000003,50.0,0.014849298916889042,0.30336476607814916
0.2259865,50.0,0.014820166622364656,0.30080857045189946
0.22648100000000002,50.0,0.014791824713015435,0.2973831021243598
0.22697550000000002,50.0,0.014764306784444086,0.29314400652129413
0.22747,50.0,0.014737635294138612,0.28809440248705065
0.22796450000000001,50.0,0.014711875459538533,0.2822878137742513
0.22845900000000002,50.0,0.01468700369699271,0.2758384206568875
0.22895350000000003,50.0,0.014663019802486927,0.2688348263518923
0.229448,50.0,0.014639961246153528,0.26137545270201457
0.22994250000000002,50.0,0.014617750152148803,0.2535790943907363
0.23043700000000003,50.0,0.014596231548256268,0.2455251823499578
0.2309315,50.0,0.01457535201830609,0.23735347961913783
0.23142600000000002,50.0,0.014555214305810185,0.22921640305964844
0.23192050000000003,50.0,0.01453589872660595,0.22125411847789936
0.232415,50.0,0.014517382650418173,0.21353368278635898
0.23290950000000002,50.0,0.014499702782978553,0.20609720101884155
0.23340400000000003,50.0,0.014482962239335281,0.19905901472172347
0.2338985,50.0,0.014467190811799324,0.19253987500147485
0.23439300000000002,50.0,0.01445236399918223,0.18659561996098722
0.23488750000000003,50.0,0.01443839707688059,0.1812656273708488
0.235382,50.0,0.014425118220682905,0.1766458009151536
0.23587650000000002,50.0,0.014412434355342884,0.17277609448397038
0.23637100000000003,50.0,0.014400361141628114,0.1697288194805898
0.2368655,50.0,0.014388884655403755,0.16758226576216131
0.23736000000000002,50.0,0.014378001834078336,0.1663658607202636
0.23785450000000002,50.0,0.014367759646063717,0.16607082744840682
0.238349,50.0,0.014358148404951854,0.1666901053281817
0.23884350000000001,50.0,0.014349174145941957,0.16824578414955918
0.23933800000000002,50.0,0.014340993735245791,0.1707167824011073
0.23983250000000003,50.0,0.014333694415628971,0.1739928657227786
0.240327,50.0,0.014327159808433671,0.17798016259077412
0.24082150000000002,50.0,0.014321300515948166,0.18261458542505712
0.24131600000000003,50.0,0.014316095959603568,0.1878228433536449
0.2418105,50.0,0.014311481442435534,0.19356512758996372
0.24230500000000002,50.0,0.01430733323741191,0.19975165002937997
0.24279950000000003,50.0,0.014303516440478288,0.20628828079060024
0.243294,50.0,0.0142999850914236,0.21306823673962624
0.24378850000000002,50.0,0.014296757301404596,0.22005358203371125
0.24428300000000003,50.0,0.014293891622332014,0.22718248335343882
0.2447775,50.0,0.01429147873697371,0.23429556163722765
0.24527200000000002,50.0,0.014289503700026528,0.24127124809194275
0.24576650000000003,50.0,0.014287895484447541,0.2479986463923675
0.246261,50.0,0.014286632456108698,0.254359278579721
0.24675550000000002,50.0,0.014285656027677037,0.2602449808302263
0.24725000000000003,50.0,0.014284911666997165,0.2655547469297121
0.2477445,50.0,0.014284394902498528,0.27019870355011355
0.24823900000000002,50.0,0.01428399575720961,0.27409515279336777
0.24873350000000002,50.0,0.014283568868484508,0.2772097592061631
0.24922800000000003,50.0,0.01428316902304989,0.2795970493916892
0.24972250000000001,50.0,0.014282921214011217,0.2812324283459342
0.250217,50.0,0.014282819930234548,0.28205992297824833
0.25071150000000003,50.0,0.014282880680099357,0.28205866444306976
0.25120600000000004,50.0,0.014283236356921934,0.2812619119531057
0.2517005,50.0,0.014283999913922084,0.2796747482675277
0.252195,50.0,0.014285223161387802,0.2772796380767682
0.2526895,50.0,0.014286919342643967,0.27406930317007216
0.253184,50.0,0.014289020104601213,0.2700429912904457
0.25367850000000003,50.0,0.014291420420261288,0.26527428430523703
0.25417300000000004,50.0,0.01429407493299329,0.25983667305553776
0.25466750000000005,50.0,0.014296999400509915,0.2538495794669845
0.255162,50.0,0.014300236596818512,0.247391448485917
0.2556565,50.0,0.014303811485736168,0.2405473892183491
0.256151,50.0,0.014307747513034784,0.2334798380618476
0.2566455,50.0,0.014312088711784451,0.22631495756368494
0.25714000000000004,50.0,0.014316890172806879,0.21913718791913134
0.25763450000000004,50.0,0.014322280476246249,0.212018342978055
0.258129,50.0,0.01432831274148588,0.20500487797346692
0.2586235,50.0,0.014334867195190998,0.198155098170728
0.259118,50.0,0.014341935695990933,0.1915554902200713
0.2596125,50.0,0.014349599117990386,0.1853135834402526
0.26010700000000003,50.0,0.014357786071301977,0.17949678730408772
0.26060150000000004,50.0,0.014366400387297834,0.17413163735158996
0.261096,50.0,0.01437544013780012,0.16934502008012453
0.2615905,50.0,0.014384921550244375,0.1652763325203639
0.262085,50.0,0.014394900517460325,0.1620213308572859
0.2625795,50.0,0.014405521617570015,0.1596038881435502
0.26307400000000003,50.0,0.014416909852834179,0.15803568194344328
0.26356850000000004,50.0,0.014429089850936478,0.15735911457844817
0.26406300000000005,50.0,0.014442055406903263,0.15754461687109525
0.2645575,50.0,0.01445579552949639,0.15855846131009846
0.265052,50.0,0.014470290292889458,0.16035775356900842
0.2655465,50.0,0.014485520155157335,0.1628567668501284
0.266041,50.0,0.01450141808902422,0.1659837585336279
0.26653550000000004,50.0,0.014517866625404122,0.16974821877346455
0.26703000000000005,50.0,0.014534796326083637,0.174137458488863
0.2675245,50.0,0.014552245439657024,0.179102447981701
0.268019,50.0,0.01457024877549807,0.1845825573412676
0.2685135,50.0,0.014588731309744843,0.19050699728172707
0.269008,50.0,0.014607653714722321,0.19683751959553855
0.26950250000000003,50.0,0.014627109722528038,0.2034948752184112
0.26999700000000004,50.0,0.014647125154137656,0.2103506403457787
0.2704915,50.0,0.014667633542695908,0.21725619252093545
0.270986,50.0,0.014688618987335611,0.22403712848750731
0.2714805,50.0,0.014709976825279712,0.2305789501798528
0.271975,50.0,0.014731517307959808,0.23684239954772154
0.27246950000000003,50.0,0.014753186151577198,0.24270772658959827
0.27296400000000004,50.0,0.014774983367411839,0.248068607410573
0.27345850000000005,50.0,0.014796887094932765,0.2529058989545637
0.273953,50.0,0.014818906894898577,0.2572123315957835
0.2744475,50.0,0.01484104438905384,0.2609655741334113
0.274942,50.0,0.01486332649759616,0.26412774283990476
0.27543650000000003,50.0,0.014885834503004652,0.26665880455582774
0.27593100000000004,50.0,0.014908621228356542,0.2684793775496069
0.27642550000000005,50.0,0.014931629985353469,0.2695228796174737
0.27692,50.0,0.014954771710501188,0.2697797635608196
0.2774145,50.0,0.014978053061208554,0.269225826200799
0.277909,50.0,0.015001478561289474,0.26781409097646386
0.2784035,50.0,0.015024947099143222,0.26552130717499917
0.27889800000000003,50.0,0.015048356591957685,0.2624037017623188
0.27939250000000004,50.0,0.015071684520812503,0.25860245613683935
0.279887,50.0,0.015094916217768928,0.2541865405692274
0.2803815,50.0,0.01511804418106239,0.24924172422328458
0.280876,50.0,0.015141178350384633,0.2438612934555241
0.2813705,50.0,0.015164423901347621,0.23810383215713565
0.28186500000000003,50.0,0.015187731986154673,0.2320687457257952
0.28235950000000004,50.0,0.01521107085308291,0.22583339682716755
0.28285400000000005,50.0,0.015234471372528573,0.21940361141441292
0.2833485,50.0,0.015257895089690901,0.21280374737876165
0.283843,50.0,0.015281299167462422,0.20611301983340785
0.2843375,50.0,0.015304646161535566,0.19942361029807373
0.28483200000000003,50.0,0.015327856173146106,0.19285556009789068
0.28532650000000004,50.0,0.015350960498483595,0.18650327029679312
0.28582100000000005,50.0,0.015374080051478018,0.18047167883231743
0.2863155,50.0,0.015397234128758406,0.174897370055464
0.28681,50.0,0.01542041960742331,0.16988717101441567
0.2873045,50.0,0.01544371739236044,0.1655450736937832
0.287799,50.0,0.015467227136594437,0.16195811424635329
0.28829350000000004,50.0,0.015491000923936281,0.15907871379681857
0.28878800000000004,50.0,0.015515059098572566,0.1568812694105291
0.2892825,50.0,0.015539428139697166,0.15540367528584184
0.289777,50.0,0.015564044111023976,0.15463831087592256
0.2902715,50.0,0.01558877264299029,0.15456048294946087
0.290766,50.0,0.01561360308382309,0.15513834790243966
0.29126050000000003,50.0,0.015638588107510353,0.15639880345095905
0.29175500000000004,50.0,0.01566370042171294,0.15836863167868886
0.29224950000000005,50.0,0.01568891667887941,0.16106787655967683
0.292744,50.0,0.015714293184138237,0.16450440316580783
0.2932385,50.0,0.015739891471512366,0.16861655655946148
0.293733,50.0,0.015765747083307177,0.17334543920020215
0.29422750000000003,50.0,0.015791884171491258,0.17860273089239231
0.29472200000000004,50.0,0.015818228677463655,0.18430202430307466
0.29521650000000005,50.0,0.01584469720348195,0.19034664208038174
0.295711,50.0,0.01587133016054478,0.1965421917416109
0.2962055,50.0,0.015898106377758837,0.20278293214587234
0.2967,50.0,0.01592492477095912,0.2090000891651809
0.29719450000000003,50.0,0.0159517691726329,0.21511447211267865
0.29768900000000004,50.0,0.015978626105973677,0.2211100907825681
0.29818350000000005,50.0,0.01600545448788409,0.2269436786810699
0.298678,50.0,0.016032311561342893,0.23253893947366935
0.2991725,50.0,0.01605931887934237,0.23785174485947627
0.299667,50.0,0.01608652804915421,0.2428617348080477
0.3001615,50.0,0.016113901024174093,0.24748319934679747
0.30065600000000003,50.0,0.01614141968402594,0.2516045045889024
0.30115050000000004,50.0,0.016169121694921205,0.25509971761316425
0.301645,50.0,0.016196966238391345,0.25789935222136257
0.3021395,50.0,0.01622483691463485,0.25997559222253336
0.302634,50.0,0.016252667432486805,0.26125737754150036
0.3031285,50.0,0.016280413378832587,0.261742238595979
0.30362300000000003,50.0,0.016308070478574067,0.2614671333265842
0.30411750000000004,50.0,0.016335697509835927,0.2604480293859464
0.30461200000000005,50.0,0.016363279806377872,0.25876664748662825
0.3051065,50.0,0.016390768253035693,0.25652726723993213
0.305601,50.0,0.016418202336157046,0.25375472739517085
0.3060955,50.0,0.016445618168524984,0.25045238023881666
0.30659000000000003,50.0,0.016472990798882512,0.24663721616956458
0.30708450000000004,50.0,0.016500336824580443,0.2423515412336672
0.30757900000000005,50.0,0.016527661151843235,0.23761185109061592
0.3080735,50.0,0.016554828142064673,0.23244130042811018
0.308568,50.0,0.01658174672091563,0.22689388315644193
0.3090625,50.0,0.016608470519337847,0.22103072612080896
0.309557,50.0,0.016635001330900866,0.21499310468305302
0.31005150000000004,50.0,0.01666129839140376,0.20890498325993592
0.31054600000000004,50.0,0.016687384907985076,0.20290298431758888
0.3110405,50.0,0.016713340870290343,0.1970921934702541
0.311535,50.0,0.01673926442594929,0.19154677439264078
0.3120295,50.0,0.01676519272177798,0.18638228482723732
0.312524,50.0,0.016791115621238,0.18166611873628175
0.31301850000000003,50.0,0.016816999380860575,0.17738205132055151
0.31351300000000004,50.0,0.016842793542822525,0.17355300220822792
0.31400750000000005,50.0,0.016868507109300598,0.17019008469549612
0.314502,50.0,0.01689413637732821,0.16728912186586922
0.3149965,50.0,0.01691960720783728,0.16492345069151626
0.315491,50.0,0.016944894768788122,0.16314851240058417
0.31598550000000003,50.0,0.016969990984593685,0.16201033036470755
0.31648000000000004,50.0,0.016994843547622294,0.161547066840832
0.31697450000000005,50.0,0.017019508919768705,0.16181136491817047
0.317469,50.0,0.017044101324859177,0.16284886812743748
0.3179635,50.0,0.017068582695223933,0.1646516652182734
0.318458,50.0,0.01709289244185304,0.16712905853585827
0.3189525,50.0,0.017117086863570958,0.1702209597242112
0.31944700000000004,50.0,0.01714118362294025,0.17385894524414297
0.31994150000000005,50.0,0.017165088782669084,0.17792937232672773
0.320436,50.0,0.017188718397401832,0.18236106857564205
0.3209305,50.0,0.017212034011849026,0.18707861109020685
0.321425,50.0,0.017235016901822924,0.19201580470041643
0.3219195,50.0,0.017257712335989987,0.1971328187519176
0.32241400000000003,50.0,0.01728017727395524,0.2024306229700515
0.32290850000000004,50.0,0.017302420760459,0.20788896126904463
0.32340300000000005,50.0,0.01732445668819003,0.21344438515045866
0.3238975,50.0,0.01734631155421424,0.2190151253954084
0.324392,50.0,0.017368022371189562,0.2245324015876211
0.3248865,50.0,0.01738961409140278,0.22988358925162605
0.32538100000000003,50.0,0.01741108528578274,0.2349701307848178
0.32587550000000004,50.0,0.01743241751005233,0.23966368565698665
0.32637000000000005,50.0,0.01745350980081244,0.24386334789475334
0.3268645,50.0,0.01747430623063981,0.24750955211605385
0.327359,50.0,0.017494879752186342,0.25054783569913497
0.3278535,50.0,0.017515192737559124,0.25301680613480015
0.32834800000000003,50.0,0.017535146939605003,0.25490133086331324
0.32884250000000004,50.0,0.017554804234298185,0.2561949887138219
0.32933700000000005,50.0,0.017574260294687984,0.2569477464286868
0.3298315,50.0,0.017593536930222958,0.2571813634553443
0.330326,50.0,0.0176126561408879,0.25687400161745905
0.3308205,50.0,0.017631612190020064,0.2560055980894687
0.331315,50.0,0.017650340749164335,0.254549639850778
0.33180950000000003,50.0,0.017668813032470084,0.25248038920092186
0.33230400000000004,50.0,0.017687043837527318,0.24979469476594549
0.33279850000000005,50.0,0.017705021463701787,0.24652783907236425
0.333293,50.0,0.017722729264396463,0.24274862580490406
0.3337875,50.0,0.017740165312200847,0.2385109570252949
0.334282,50.0,0.017757327565076184,0.23390488772477877
0.33477650000000003,50.0,0.017774253810941738,0.22907363164820813
0.33527100000000004,50.0,0.017791039021659908,0.2241409246089066
0.33576550000000005,50.0,0.017807744533942953,0.21916101656053213
0.33626,50.0,0.017824349738256737,0.21421980828124038
0.3367545,50.0,0.01784085733989327,0.20936077409219564
0.337249,50.0,0.01785735170193083,0.20461573356733817
0.33774350000000003,50.0,0.01787385695847475,0.20002043901026786
0.33823800000000004,50.0,0.017890257381651422,0.19558677093189125
0.33873250000000005,50.0,0.01790648693540008,0.19136700718516977
0.339227,50.0,0.017922560852669293,0.1873841686799256
0.3397215,50.0,0.01793843462294093,0.18375152512393525
0.340216,50.0,0.017954130131185117,0.18056617671006112
0.3407105,50.0,0.017969725824141913,0.17789545465177387
0.34120500000000004,50.0,0.017985192829506357,0.17581464483855627
0.34169950000000004,50.0,0.018000517065143794,0.1743703200909379
0.34219400000000005,50.0,0.01801573301330807,0.17359811439359377
0.3426885,50.0,0.018030835095501824,0.17348397647697344
0.343183,50.0,0.018045824058302573,0.17399460828349345
0.3436775,50.0,0.01806068582820947,0.1750892883943762
0.34417200000000003,50.0,0.01807534385602601,0.17668230394713907
0.34466650000000004,50.0,0.01808973434788767,0.17871982740974712
0.34516100000000005,50.0,0.01810387738139754,0.18121193978004418
0.3456555,50.0,0.018117793562112322,0.1841200838629456
0.34615,50.0,0.018131412907384098,0.18742184762000808
0.3466445,50.0,0.018144690529409858,0.19110985155053908
0.34713900000000003,50.0,0.01815770044057207,0.19519879010263572
0.34763350000000004,50.0,0.01817052534664596,0.19966735493896326
0.34812800000000005,50.0,0.01818316974492323,0.20444122021654118
0.3486225,50.0,0.018195634410344337,0.20943968799848314
0.349117,50.0,0.018207929174376455,0.2145663786204616
0.3496115,50.0,0.01821998011294747,0.21970113107591155
0.35010600000000003,50.0,0.01823171963075354,0.22473776215946534
0.35060050000000004,50.0,0.018243171512890274,0.22960432485815518
0.35109500000000005,50.0,0.018254308298362748,0.234195209407757
0.35158950000000005,50.0,0.018265051265395696,0.23845274010997278
0.352084,50.0,0.018275398972711403,0.24236037275731553
0.3525785,50.0,0.018285354350916418,0.24591473201610559
0.353073,50.0,0.018294918061327926,0.24911352453670432
0.35356750000000003,50.0,0.01830415684514982,0.2519435309427878
0.35406200000000004,50.0,0.018313054273670807,0.2543622260472638
0.35455650000000005,50.0,0.018321541295792294,0.25634486543975077
0.355051,50.0,0.018329672530883894,0.2578335351696512
0.3555455,50.0,0.01833750187466756,0.2587853809726262
0.35604,50.0,0.0183449807361487,0.25914481772703174
0.35653450000000003,50.0,0.018352037533383044,0.2588405983340001
0.35702900000000004,50.0,0.01835864484197953,0.2578898599513983
0.35752350000000005,50.0,0.01836481226516809,0.25633721399928916
0.358018,50.0,0.01837053038872589,0.2542395819526921
0.3585125,50.0,0.01837584302694619,0.2516364215800818
0.359007,50.0,0.018380846454318336,0.24861521925913416
0.35950150000000003,50.0,0.0183855556019293,0.2452708856376465
0.35999600000000004,50.0,0.018389969125498225,0.24165374535723713
0.36049050000000005,50.0,0.018394159318863658,0.23782318067718922
0.36098500000000006,50.0,0.01839817979055739,0.23382642809668536
0.3614795,50.0,0.018402009984726245,0.2296595609283443
0.361974,50.0,0.018405630785045115,0.22533246349847205
0.3624685,50.0,0.018409029487461072,0.22088419258810765
0.36296300000000004,50.0,0.018412184458394317,0.2163767486548618
0.36345750000000004,50.0,0.018415143689286543,0.21188002310362145
0.36395200000000005,50.0,0.018417929994373198,0.20743532866072045
0.3644465,50.0,0.018420460207818776,0.20316808840967798
0.364941,50.0,0.018422745048939992,0.19919817106473614
0.3654355,50.0,0.018424889262566097,0.19560258677174464
0.36593000000000003,50.0,0.018426912856587842,0.19246055692641417
0.36642450000000004,50.0,0.01842882816868202,0.18980368576316534
0.36691900000000005,50.0,0.018430685707853833,0.18762900617878098
0.3674135,50.0,0.018432464777590234,0.18594908883282857
0.367908,50.0,0.018434107103081472,0.18477568740139286
0.3684025,50.0,0.01843560090301488,0.18406267098532106
0.36889700000000003,50.0,0.01843696501845748,0.183793771843601
0.36939150000000004,50.0,0.018438189787618044,0.18396887720441965
0.36988600000000005,50.0,0.018439224633104045,0.18460808433618783
0.37038050000000006,50.0,0.018440085974199754,0.18575344423516926
0.370875,50.0,0.018440848077297924,0.18741176149110622
0.3713695,50.0,0.018441533290994634,0.1896091099101028
0.37186400000000003,50.0,0.01844216371994214,0.19233256272710425
0.37235850000000004,50.0,0.018442739946230927,0.19552724424031448
0.37285300000000005,50.0,0.0184432263239407,0.19916311718440252
0.37334750000000005,50.0,0.018443668363946373,0.20317026908212504
0.373842,50.0,0.01844410512924586,0.20742890529765862
0.3743365,50.0,0.01844445960771279,0.21181478007991864
0.374831,50.0,0.018444663389089327,0.21627424433260437
0.37532550000000003,50.0,0.018444716473712253,0.22076553953950384
0.37582000000000004,50.0,0.01844457244514132,0.22520971667301035
0.37631450000000005,50.0,0.018444177445472405,0.2295892744399498
0.376809,50.0,0.01844359280273003,0.2338675049398239
0.3773035,50.0,0.018442846560711292,0.2380210891471019
0.377798,50.0,0.01844187646329259,0.24204688055337134
0.37829250000000003,50.0,0.018440695168237084,0.24588746872770215
0.37878700000000004,50.0,0.018439345060736537,0.2494868847797166
0.37928150000000005,50.0,0.0184378092145142,0.2527538121156667
0.379776,50.0,0.018436035497899406,0.25559380216466027
0.3802705,50.0,0.018433965361323953,0.2579641319222158
0.380765,50.0,0.018431581826709377,0.2598069425567702
0.38125950000000003,50.0,0.01842889420832012,0.26106814272989054
0.38175400000000004,50.0,0.018425907601156963,0.2617538870073803
0.38224850000000005,50.0,0.018422619540283874,0.2618783379182607
0.38274300000000006,50.0,0.018418996201555776,0.26147411414947264
0.3832375,50.0,0.018415047152496814,0.2606160613551816
0.383732,50.0,0.018410855431348676,0.25935149027145965
0.3842265,50.0,0.018406439945194898,0.25766638538941555
0.38472100000000004,50.0,0.018401800841430612,0.25559600863936
0.38521550000000004,50.0,0.018397004747465202,0.25315703755031543
0.38571000000000005,50.0,0.018392027442668275,0.2503655517482018
0.3862045,50.0,0.018386790275080524,0.24721739561566097
0.386699,50.0,0.018381329393102448,0.24369531630586475
0.3871935,50.0,0.01837566915000573,0.2398589866014482
0.38768800000000003,50.0,0.018369736346700503,0.23577474877290863
0.38818250000000004,50.0,0.018363505200775558,0.23151586964205723
0.38867700000000005,50.0,0.018357038758695238,0.22718290679193034
0.3891715,50.0,0.018350384193875358,0.2228811311592401
0.389666,50.0,0.018343555037049666,0.21868018023003302
0.3901605,50.0,0.018336568315439016,0.2146466791351622
0.39065500000000003,50.0,0.018329408683221176,0.21086990249806173
0.39114950000000004,50.0,0.018322078573416528,0.20737936585315112
0.39164400000000005,50.0,0.01831462367020929,0.20415211861080135
0.39213850000000006,50.0,0.01830704730986296,0.20121501278878537
0.392633,50.0,0.018299328045467328,0.19856974242167055
0.3931275,50.0,0.018291449016645096,0.1962460536372743
0.393622,50.0,0.01828340871573314,0.19429536953165988
0.39411650000000004,50.0,0.01827520880320026,0.1927285538262015
0.39461100000000005,50.0,0.018266849226972765,0.1916074268590726
0.39510550000000005,50.0,0.018258405688418175,0.19098184784137096
0.3956,50.0,0.018249926460778873,0.1908977087466047
0.3960945,50.0,0.018241366527768615,0.19140053656557815
0.396589,50.0,0.01823278255288897,0.19245536547265255
0.39708350000000003,50.0,0.01822427211802593,0.1940078170941809
0.39757800000000004,50.0,0.018215787311252382,0.19604165231634535
0.39807250000000005,50.0,0.018207265167219697,0.19848305112440578
0.398567,50.0,0.01819871159510273,0.20125702029897552
0.3990615,50.0,0.01819010948405474,0.20431808678196003
0.399556,50.0,0.018181452910079655,0.2076142061714823
0.40005050000000003,50.0,0.018172764199469085,0.21109361562677487
0.40054500000000004,50.0,0.01816401817216871,0.21475412556054665
0.40103950000000005,50.0,0.01815518739079255,0.21859712041197632
0.40153400000000006,50.0,0.018146292740304996,0.22259198503603997
0.4020285,50.0,0.018137353877270907,0.22669142596264488
0.402523,50.0,0.01812837048929774,0.23083172350152364
0.40301750000000003,50.0,0.0181193588545802,0.23497878536015193
0.40351200000000004,50.0,0.018110324594160288,0.2390465572747658
0.40400650000000005,50.0,0.01810121543527145,0.24292629014019435
0.40450100000000005,50.0,0.01809200018184618,0.24653151296722695
0.4049955,50.0,0.018082705632445923,0.2497973419033395
0.40549,50.0,0.018073321181858382,0.25266779370407405
0.4059845,50.0,0.018063773141061893,0.25512343335030985
0.40647900000000003,50.0,0.01805404470936775,0.25717790991800416
0.40697350000000004,50.0,0.018044229825638414,0.25881165738020023
0.40746800000000005,50.0,0.018034366985210323,0.2600260738795934
0.4079625,50.0,0.018024427290280844,0.26086349348448107
0.408457,50.0,0.01801445273381065,0.2613155777168941
0.4089515,50.0,0.018004441884461434,0.2613605846095751
0.40944600000000003,50.0,0.01799435737479716,0.26099637987806884
0.40994050000000004,50.0,0.0179842457749858,0.2601644205562474
0.41043500000000005,50.0,0.01797410497763665,0.25886881697461933
0.41092950000000006,50.0,0.01796388531861798,0.2571039792998955
0.411424,50.0,0.017953587892172093,0.2548796299911791
0.4119185,50.0,0.017943196607063346,0.2522538535016156
0.41241300000000003,50.0,0.017932684676865623,0.2492413271172418
0.41290750000000004,50.0,0.017922085383432484,0.24594117266817123
0.41340200000000005,50.0,0.01791143360046009,0.24245359275078612
0.41389650000000006,50.0,0.017900701131682965,0.23884680951766224
0.414391,50.0,0.01788987912981722,0.2351607146922028
0.4148855,50.0,0.017879037505632998,0.23145603009672894
0.41538,50.0,0.017868219968276786,0.22776441358116037
0.41587450000000004,50.0,0.01785736888398796,0.22410260455663558
0.41636900000000004,50.0,0.0178464298842552,0.2204993495985028
0.41686350000000005,50.0,0.01783542346708354,0.21697151754395805
0.417358,50.0,0.017824355327269947,0.21355359838048862
0.4178525,50.0,0.017813208245132887,0.21028247586059565
0.418347,50.0,0.017802018709321618,0.20723130729427716
0.41884150000000003,50.0,0.017790814808460977,0.20448412496519214
0.41933600000000004,50.0,0.01777957153612261,0.20209832814517792
0.41983050000000005,50.0,0.017768316687669494,0.20012027602789453
0.42032500000000006,50.0,0.01775711425006427,0.19860635067693969
0.4208195,50.0,0.017745958712085844,0.19757927339990766
0.421314,50.0,0.017734859579581208,0.19703920184627882
0.42180850000000003,50.0,0.017723838750987667,0.19694960294437838
0.42230300000000004,50.0,0.017712839331133465,0.19729127497001164
0.42279750000000005,50.0,0.017701871627666926,0.19800798116245297
0.42329200000000006,50.0,0.017690983459325484,0.19907471672317775
0.4237865,50.0,0.017680099152415595,0.20050888079557708
0.424281,50.0,0.017669157397434198,0.20226424259132697
0.42477550000000003,50.0,0.01765819479425391,0.2043489448285086
0.42527000000000004,50.0,0.017647258364161082,0.2067647145338902
0.42576450000000005,50.0,0.017636353971865377,0.2095058796805228
0.42625900000000005,50.0,0.01762546609022485,0.21255787223560035
0.4267535,50.0,0.01761461143163551,0.21587096567058117
0.427248,50.0,0.017603782850624337,0.21938893336855392
0.4277425,50.0,0.017592939031329535,0.22305057100354408
0.42823700000000003,50.0,0.017582093549398044,0.22674445033925697
0.42873150000000004,50.0,0.01757125911677764,0.23041536804917684
0.42922600000000005,50.0,0.01756038868472225,0.23399967822313708
0.42972050000000006,50.0,0.017549457803132898,0.23741547497023774
0.430215,50.0,0.017538490602835098,0.24062528558953658
0.4307095,50.0,0.01752749275889033,0.24362242182048083
0.43120400000000003,50.0,0.01751647647152724,0.24640875726052772
0.43169850000000004,50.0,0.017505471154358004,0.24895470057601177
0.43219300000000005,50.0,0.01749444721444621,0.2512519728871745
0.43268750000000006,50.0,0.0174834131499747,0.253275354296586
0.433182,50.0,0.01747246823452302,0.2550008271128109
0.4336765,50.0,0.017461613308263894,0.2563685861670579
0.43417100000000003,50.0,0.017450764566202835,0.257348094874544
0.43466550000000004,50.0,0.017439927174171893,0.25789950959158103
0.43516000000000005,50.0,0.017429112512954318,0.25797197402642513
0.43565450000000006,50.0,0.01741827745120488,0.2575753549697187
0.436149,50.0,0.017407435028260313,0.25672079386341595
0.4366435,50.0,0.01739661365508824,0.25544097344502825
0.437138,50.0,0.01738580526612234,0.25377272989021005
0.43763250000000004,50.0,0.01737500428685565,0.2517746342388576
0.43812700000000004,50.0,0.017364225785985926,0.2495038149067762
0.43862150000000005,50.0,0.017353516648880678,0.24699868938343283
0.43911600000000006,50.0,0.01734287729984534,0.24429491473955348
0.4396105,50.0,0.017332273015629836,0.24142488096874087
0.440105,50.0,0.01732171692917161,0.2383733784026918
0.44059950000000003,50.0,0.017311207960219732,0.23516512011928598
0.44109400000000004,50.0,0.01730075669340526,0.2318412965056195
0.44158850000000005,50.0,0.01729039438280696,0.22841788409238006
0.44208300000000006,50.0,0.017280068372009374,0.2249521993385036
0.4425775,50.0,0.017269742239227413,0.2214857092174149
0.443072,50.0,0.01725949293670069,0.21812014915925323
0.44356650000000003,50.0,0.017249374509533243,0.21492460360855983
0.44406100000000004,50.0,0.01723936500733338,0.21194577513298118
0.44455550000000005,50.0,0.017229496701101403,0.20926338675714132
0.44505000000000006,50.0,0.017219819874192886,0.2069061438932805
0.4455445,50.0,0.017210289537707195,0.2048810305994487
0.446039,50.0,0.01720089353975175,0.20320564179020045
0.4465335,50.0,0.017191678587853403,0.2018717099092371
0.44702800000000004,50.0,0.01718261495479726,0.20087143871515784
0.44752250000000005,50.0,0.017173655045598816,0.2001920350782876
0.44801700000000005,50.0,0.017164802034916646,0.19983226655168854
0.44851150000000006,50.0,0.017156070488038452,0.19983210411219549
0.449006,50.0,0.017147475013294066,0.20019911107648977
0.4495005,50.0,0.017139007381780872,0.2009464270004059
0.44999500000000003,50.0,0.01713064163252526,0.20208944104059645
0.45048950000000004,50.0,0.0171223723563245,0.20363211751005428
0.45098400000000005,50.0,0.01711421728059881,0.2055430053735628
0.45147850000000006,50.0,0.017106211869686916,0.2078030954370213
0.451973,50.0,0.017098344489315062,0.21035277179623435
0.4524675,50.0,0.017090540341097457,0.2131081940655563
0.45296200000000003,50.0,0.017082798861371845,0.21602463295748703
0.45345650000000004,50.0,0.0170751394106158,0.2190373460672908
0.45395100000000005,50.0,0.017067496592238246,0.2221052238306965
0.45444550000000006,50.0,0.01705988199821346,0.22517427938877627
0.45494,50.0,0.017052351340864812,0.22822594255828366
0.4554345,50.0,0.017044863584618316,0.2312527689813545
0.45592900000000003,50.0,0.01703740714215146,0.23422428864875355
0.45642350000000004,50.0,0.01703004742544275,0.23712533982808773
0.45691800000000005,50.0,0.017022801476965072,0.23992931973964507
0.45741250000000006,50.0,0.017015623110657605,0.2425818296924919
0.45790700000000006,50.0,0.01700849538904238,0.24502865620529693
0.4584015,50.0,0.017001422290946304,0.2472005158825763
0.458896,50.0,0.01699439742903853,0.24908140771637483
0.45939050000000003,50.0,0.016987436389478597,0.2506025398121182
0.45988500000000004,50.0,0.0169805179770222,0.2517095310814977
0.46037950000000005,50.0,0.016973587089311036,0.2524264703629309
0.46087400000000006,50.0,0.016966648400216274,0.2527425231240633
0.4613685,50.0,0.0169597322008108,0.2526848382336336
0.461863,50.0,0.016952849821092665,0.2522784613933136
0.46235750000000003,50.0,0.016945997044171074,0.25154166781371184
0.46285200000000004,50.0,0.016939186150792575,0.2505002681829524
0.46334650000000005,50.0,0.01693244505741695,0.24916972165572762
0.46384100000000006,50.0,0.016925738369718415,0.24755322296488688
0.4643355,50.0,0.01691905036445249,0.24566161095896713
0.46483,50.0,0.016912437039434555,0.24348362833620865
0.46532450000000003,50.0,0.016905864416400008,0.24102016152934547
0.46581900000000004,50.0,0.0168992685116258,0.2383202764708263
0.46631350000000005,50.0,0.016892711885496486,0.23540876558927956
0.46680800000000006,50.0,0.016886247335382007,0.2323306505378916
0.4673025,50.0,0.01687985909263878,0.2291696428587023
0.467797,50.0,0.016873568393529683,0.22597377702166102
0.4682915,50.0,0.016867384675538374,0.22280023273856459
0.46878600000000004,50.0,0.016861307201006457,0.2197357406197696
0.46928050000000004,50.0,0.01685538854877071,0.21681986570119402
0.46977500000000005,50.0,0.016849655952990403,0.21406888968404775
0.47026950000000006,50.0,0.016844082497039444,0.21149093040477276
0.470764,50.0,0.016838655827787086,0.20911389710415995
0.4712585,50.0,0.016833389538224188,0.2069567342418565
0.47175300000000003,50.0,0.016828269372447954,0.20501679773109202
0.47224750000000004,50.0,0.0168232708715769,0.20331901841985442
0.47274200000000005,50.0,0.01681842269554672,0.20188937458756018
0.47323650000000006,50.0,0.016813739184568986,0.20077608674839484
0.473731,50.0,0.016809191164039512,0.20000576356292105
0.4742255,50.0,0.01680478931001388,0.19960507246698722
0.47472000000000003,50.0,0.016800591645199245,0.19961828840529514
0.47521450000000004,50.0,0.01679660699971027,0.20001258967796193
0.47570900000000005,50.0,0.01679275939136148,0.2007782878703435
0.47620350000000006,50.0,0.016789038468759343,0.20191616168407886
0.476698,50.0,0.01678548709325468,0.20336569979406174
0.4771925,50.0,0.016782071850548617,0.20508950556303315
0.47768700000000003,50.0,0.016778789519863647,0.20704240268630364
0.47818150000000004,50.0,0.016775654614481043,0.20917576665448873
0.47867600000000005,50.0,0.016772615449216804,0.21148240719940764
0.47917050000000005,50.0,0.0167696820987419,0.21394747679991957
0.47966500000000006,50.0,0.016766900226197597,0.2165446687059513
0.4801595,50.0,0.016764247997596498,0.2192625100002487
0.480654,50.0,0.016761728959099418,0.2220697087268125
0.48114850000000003,50.0,0.016759376857002132,0.22494084105337248
0.48164300000000004,50.0,0.016757167372306998,0.22785298218500968
0.48213750000000005,50.0,0.016755072097980488,0.23072526699927273
0.48263200000000006,50.0,0.016753110554282302,0.23349274707742626
0.4831265,50.0,0.016751277179403733,0.2361171236379968
0.483621,50.0,0.016749506362091982,0.2385353064297136
0.48411550000000003,50.0,0.016747758336334975,0.24069725579707646
0.48461000000000004,50.0,0.01674607745646465,0.2425931462407766
0.48510450000000005,50.0,0.016744490943365897,0.2441967458779985
0.48559900000000006,50.0,0.01674295619054404,0.24549074688169287
0.4860935,50.0,0.01674146210961024,0.2464893621843851
0.486588,50.0,0.016740026873559733,0.24720208934358404
0.48708250000000003,50.0,0.016738636445745872,0.24764145678480004
0.48757700000000004,50.0,0.016737286154895694,0.24777682585687194
0.48807150000000005,50.0,0.01673599824731103,0.24760150405137654
0.48856600000000006,50.0,0.01673475121021416,0.24710144275100782
0.48906050000000006,50.0,0.01673350813908982,0.24628297629990867
0.489555,50.0,0.016732295155581348,0.24512417229067512
0.4900495,50.0,0.016731102177008777,0.24362088775093915
0.49054400000000004,50.0,0.016729900470198827,0.24181918781889222
0.49103850000000004,50.0,0.016728744445088508,0.23972056477781048
0.49153300000000005,50.0,0.016727628491341448,0.23739287946137227
0.49202750000000006,50.0,0.016726517812817573,0.23490397133479313
0.492522,50.0,0.016725488500214557,0.23226797286611542
0.4930165,50.0,0.016724589668456302,0.22954959649005646
0.49351100000000003,50.0,0.01672378525722059,0.22679642145310577
0.49400550000000004,50.0,0.016723046256634833,0.22402771712697891
0.49450000000000005,50.0,0.016722385787746274,0.22128568154308134
0.49499450000000006,50.0,0.01672182522083251,0.21857233954059854
0.495489,50.0,0.016721347898084292,0.2159121104247217
0.4959835,50.0,0.016720946262345097,0.2133207117144317
0.49647800000000003,50.0,0.016720638110213955,0.21082763673020163
0.49697250000000004,50.0,0.016720409644367423,0.20848826324785538
0.49746700000000005,50.0,0.016720252983994224,0.20634817838591973
0.49796150000000006,50.0,0.016720204143152534,0.20443160154536677
0.49845600000000007,50.0,0.01672027024081801,0.2027772205675206
0.4989505,50.0,0.016720436071277166,0.20145710607107806
0.49944500000000003,50.0,0.016720721996172316,0.20047084151285136
0.49993950000000004,50.0,0.016721126275725702,0.19981916770612493
0.500434,50.0,0.01672162957654179,0.19950673211259676
0.5009285,50.0,0.016722263685377797,0.1995156295024251
0.5014230000000001,50.0,0.016723022547169307,0.19982341288420624
0.5019175,50.0,0.0167238268177113,0.20042027519076275
0.5024120000000001,50.0,0.016724687671907212,0.20128747691007165
0.5029065,50.0,0.016725683779550464,0.2024086200293909
0.503401,50.0,0.016726795978219678,0.2037705839156837
0.5038955,50.0,0.016728002432713485,0.2053773343657003
0.50439,50.0,0.016729345617302865,0.2072252811819999
0.5048845000000001,50.0,0.016730818912221782,0.20930895679268657
0.505379,50.0,0.016732409968114374,0.21159220441697765
0.5058735000000001,50.0,0.016734132581895475,0.21403434866888005
0.506368,50.0,0.01673598144909021,0.2166157338461684
0.5068625,50.0,0.0167379444180018,0.21925422422758237
0.5073570000000001,50.0,0.016739989855543112,0.22192790076725327
0.5078515,50.0,0.016742114188715955,0.22457266145784502
0.5083460000000001,50.0,0.016744327896895332,0.22711637855926972
0.5088405,50.0,0.01674660284322452,0.22955494116723632
0.5093350000000001,50.0,0.016748938696563943,0.23186055856205218
0.5098295,50.0,0.016751326006846003,0.23400895342337916
0.510324,50.0,0.016753739208089147,0.2359826459969106
0.5108185000000001,50.0,0.016756229291475282,0.2377704810818055
0.511313,50.0,0.016758827044551033,0.23935925562733157
0.5118075000000001,50.0,0.016761462542833092,0.24073259857116694
0.512302,50.0,0.01676410376976991,0.24185524263880775
0.5127965,50.0,0.016766793773624996,0.24271345645757986
0.513291,50.0,0.016769511541129576,0.24327100604753282
0.5137855,50.0,0.016772213834612717,0.24349428383380034
0.5142800000000001,50.0,0.016774937310790307,0.24338327063162465
0.5147745,50.0,0.01677768860716856,0.242951276559576
0.5152690000000001,50.0,0.016780433051055643,0.2421992661546776
0.5157635,50.0,0.01678319960263763,0.24113667133918157
0.516258,50.0,0.016786021748033918,0.2398127066886838
0.5167525000000001,50.0,0.016788889025192027,0.23825691308220442
0.517247,50.0,0.01679180166222321,0.2365065053025695
0.5177415000000001,50.0,0.016794761546317857,0.23458088026832305
0.518236,50.0,0.01679777043329936,0.23251055499181003
0.5187305000000001,50.0,0.016800849358422812,0.23030139924511253
0.519225,50.0,0.016803994225657867,0.2279805286378993
0.5197195,50.0,0.016807175752532523,0.2255669889563784
0.5202140000000001,50.0,0.016810360631530318,0.22307937709875345
0.5207085,50.0,0.01681355633778559,0.22055141403598308
0.5212030000000001,50.0,0.016816820777344487,0.21800451696596687
0.5216975,50.0,0.01682013412797662,0.21550548462384184
0.522192,50.0,0.016823465196209225,0.21309748391480782
0.5226865,50.0,0.016826875166299226,0.2108157556611443
0.523181,50.0,0.01683035746172407,0.2087155665811358
0.5236755000000001,50.0,0.016833867319443908,0.20682739100391867
0.52417,50.0,0.01683744423268027,0.20515204315952892
0.5246645000000001,50.0,0.01684109561946035,0.20373476320854422
0.525159,50.0,0.016844771004708325,0.20256949253030684
0.5256535,50.0,0.016848467690679925,0.20165107757825326
0.5261480000000001,50.0,0.016852219808796406,0.20097814799947836
0.5266425,50.0,0.016856024095419513,0.20055214002727031
0.5271370000000001,50.0,0.016859872310615465,0.20040205005173314
0.5276315,50.0,0.016863770736724196,0.2005096215111383
0.5281260000000001,50.0,0.01686770204468998,0.20089239945748213
0.5286205,50.0,0.016871690618527106,0.2015646037415758
0.529115,50.0,0.016875786352031654,0.202520667667409
0.5296095000000001,50.0,0.01687997417596478,0.20374921494475987
0.530104,50.0,0.016884219695633387,0.20524178100059892
0.5305985000000001,50.0,0.01688852041450722,0.2069654072299236
0.531093,50.0,0.016892885767512435,0.2088783685060876
0.5315875,50.0,0.016897295078615756,0.2109354145126568
0.532082,50.0,0.01690171382276038,0.21311187221080063
0.5325765,50.0,0.016906161936536917,0.2153613648304335
0.5330710000000001,50.0,0.01691064826865917,0.2176487920019934
0.5335655,50.0,0.016915122266121855,0.21994852313446073
0.5340600000000001,50.0,0.0169196074122756,0.22224007394281928
0.5345545,50.0,0.016924155392186477,0.22450407142334403
0.535049,50.0,0.016928708955630603,0.22671679095199987
0.5355435000000001,50.0,0.01693324038254773,0.22887079527533175
0.536038,50.0,0.016937784396124325,0.23091310820626093
0.5365325000000001,50.0,0.016942323567545194,0.23282534642471478
0.537027,50.0,0.016946859665258492,0.23456724862583855
0.5375215000000001,50.0,0.0169513983945703,0.2361121921743927
0.538016,50.0,0.016955888906088876,0.23741875322389366
0.5385105,50.0,0.016960319134418433,0.23844985798398724
0.5390050000000001,50.0,0.016964727568718536,0.23922221425750223
0.5394995,50.0,0.016969124938372587,0.23970545798185552
0.5399940000000001,50.0,0.016973491426916457,0.23990686048066398
0.5404885,50.0,0.01697784549861546,0.23984815719652394
0.540983,50.0,0.01698222053155546,0.23953059227135923
0.5414775000000001,50.0,0.016986598058944445,0.2389723368685224
0.541972,50.0,0.016990970092080088,0.23817985408111525
0.5424665000000001,50.0,0.01699536178307906,0.23716506217754632
0.542961,50.0,0.016999765610255162,0.23595235180289661
0.5434555000000001,50.0,0.017004136292824077,0.23451524568241805
0.54395,50.0,0.017008469260768218,0.23287937501234993
0.5444445,50.0,0.017012821277602005,0.23107139447055433
0.5449390000000001,50.0,0.017017184578957335,0.22909294664172797
0.5454335,50.0,0.01702151422190104,0.2269897216419714
0.5459280000000001,50.0,0.017025838770053037,0.22478754154252287
0.5464225,50.0,0.017030162356696143,0.22253659908269327
0.5469170000000001,50.0,0.017034479789603957,0.22027566495448536
0.5474115,50.0,0.017038841245568193,0.21804728743534357
0.547906,50.0,0.01704323078504802,0.21588339160447415
0.5484005000000001,50.0,0.017047606254091102,0.21381191844424205
0.548895,50.0,0.017052003893646087,0.21185507020481897
0.5493895000000001,50.0,0.017056425242696592,0.2100270654646875
0.549884,50.0,0.017060827535141238,0.20835503733741226
0.5503785,50.0,0.01706523109106122,0.20683683893390725
0.5508730000000001,50.0,0.01706965528603895,0.20549669412483385
0.5513675,50.0,0.0170740797854108,0.20435708677206882
0.5518620000000001,50.0,0.017078510059396885,0.20343010230571335
0.5523565,50.0,0.01708299074435811,0.2027396774271014
0.5528510000000001,50.0,0.017087546096131938,0.2023115444956792
0.5533455,50.0,0.017092132523470274,0.2021592985024153
0.55384,50.0,0.017096730501143142,0.20227404261078533
0.5543345000000001,50.0,0.017101380077997448,0.2026610594768823
0.554829,50.0,0.01710608194292828,0.20332784509931887
0.5553235000000001,50.0,0.017110809333246043,0.2042272661648341
0.555818,50.0,0.017115556670983065,0.20534294763142077
0.5563125000000001,50.0,0.017120310967117414,0.20665742938918988
0.556807,50.0,0.017125048632479843,0.20814058866518778
0.5573015,50.0,0.017129784536914966,0.20978309382728977
0.5577960000000001,50.0,0.01713453436936867,0.211544211212279
0.5582905,50.0,0.017139258137560533,0.21342287360565956
0.5587850000000001,50.0,0.017143970390042392,0.21540718066259626
0.5592795,50.0,0.017148703532232083,0.21745301355881075
0.559774,50.0,0.017153405480215787,0.21955656692421432
0.5602685000000001,50.0,0.017158082780497456,0.22169910151202155
0.560763,50.0,0.017162766955096297,0.2238160575872149
0.5612575000000001,50.0,0.01716739203655644,0.22589449406060952
0.561752,50.0,0.017171924610917374,0.22789089658930664
0.5622465000000001,50.0,0.01717640514363426,0.22976501021127171
0.562741,50.0,0.017180850138812178,0.23149442728583142
0.5632355,50.0,0.0171852387654971,0.23304574703369663
0.5637300000000001,50.0,0.017189553142984117,0.2344035386241283
0.5642245,50.0,0.017193808744032188,0.23555661177662346
0.5647190000000001,50.0,0.017198022850758662,0.2365035855203276
0.5652135,50.0,0.017202189855010975,0.2372396520306446
0.5657080000000001,50.0,0.017206320910088214,0.2377613151758959
0.5662025,50.0,0.01721042022213052,0.23805054447184246
0.566697,50.0,0.0172144598594159,0.2381153214351556
0.5671915000000001,50.0,0.01721844664235602,0.23795762790080394
0.567686,50.0,0.01722239123792744,0.2375568474055885
0.5681805000000001,50.0,0.017226258151641447,0.2369111176228495
0.568675,50.0,0.017230049983275052,0.2360381403528593
0.5691695,50.0,0.017233786367858474,0.23494242849055264
0.5696640000000001,50.0,0.017237438189960305,0.23363163011565743
0.5701585,50.0,0.017241014619198018,0.23214616778887665
0.5706530000000001,50.0,0.017244583251589236,0.2305174217090523
0.5711475,50.0,0.017248131328497326,0.22875422430064646
0.5716420000000001,50.0,0.01725159483918164,0.22690473278875828
0.5721365,50.0,0.017255011170828834,0.22499910931516723
0.572631,50.0,0.01725841145741259,0.22305334517431644
0.5731255000000001,50.0,0.01726175996225442,0.22110723416478198
0.57362,50.0,0.017265065498130342,0.2191494472202169
0.5741145000000001,50.0,0.017268332884651367,0.21722054882808503
0.574609,50.0,0.0172715510688725,0.21535135455719304
0.5751035000000001,50.0,0.017274733733380253,0.21353874554190735
0.575598,50.0,0.017277889565209214,0.21183534051543235
0.5760925,50.0,0.01728103514414686,0.2102556888731721
0.5765870000000001,50.0,0.017284172553382667,0.20881599317337052
0.5770815,50.0,0.0172873046529857,0.2075726566727417
0.5775760000000001,50.0,0.01729046050600688,0.2065329714390253
0.5780705,50.0,0.017293633747448165,0.20571071677271424
0.578565,50.0,0.017296825190548707,0.20512105585702334
0.5790595000000001,50.0,0.017300052437161154,0.20476753243498544
0.579554,50.0,0.017303265764438445,0.20464678563975927
0.5800485000000001,50.0,0.01730643466162835,0.20475287522756988
0.580543,50.0,0.017309618966547403,0.20508246089924556
0.5810375000000001,50.0,0.01731282726340005,0.2056192857116891
0.581532,50.0,0.017316001796260035,0.20636198129521105
0.5820265,50.0,0.017319157967657376,0.20728900815433407
0.5825210000000001,50.0,0.017322330273524315,0.2084103411850737
0.5830155,50.0,0.01732548944312707,0.20972366312277657
0.5835100000000001,50.0,0.01732863127811577,0.21118870053199482
0.5840045,50.0,0.01733177984822986,0.2127962413412006
0.5844990000000001,50.0,0.017334909172005402,0.21453596239859246
0.5849935,50.0,0.017337999022213276,0.21638150130064826
0.585488,50.0,0.01734106509570639,0.2182821528015542
0.5859825000000001,50.0,0.017344093697464213,0.22022120173467058
0.586477,50.0,0.017347070841767984,0.22216431308148699
0.5869715000000001,50.0,0.01734999885273837,0.22406720543084185
0.587466,50.0,0.01735285892043245,0.22592622900764794
0.5879605,50.0,0.01735565497256531,0.22770658361293356
0.5884550000000001,50.0,0.01735841369308859,0.2293863509985399
0.5889495,50.0,0.01736115731452858,0.23096246717582747
0.5894440000000001,50.0,0.017363873887815694,0.23239516660540077
0.5899385,50.0,0.017366514250584827,0.23369311854572752
0.5904330000000001,50.0,0.017369107999040772,0.23484209903926165
0.5909275,50.0,0.017371684154969744,0.2357950597835322
0.591422,50.0,0.01737417843571327,0.2365707730172471
0.5919165000000001,50.0,0.01737659071717419,0.23712430793921582
0.592411,50.0,0.017378953310873742,0.23745197889744696
0.5929055000000001,50.0,0.017381228126556066,0.23756440281685826
0.5934,50.0,0.01738340762362482,0.2374438753020734
0.5938945,50.0,0.017385528101134366,0.23708658240293184
0.5943890000000001,50.0,0.01738757994126131,0.23651197204765234
0.5948835,50.0,0.017389541719881003,0.23574592750109266
0.5953780000000001,50.0,0.01739143495857033,0.23479274902898914
0.5958725,50.0,0.017393268010566214,0.23367299843611694
0.5963670000000001,50.0,0.01739503593007336,0.23239979389107723
0.5968615,50.0,0.01739675792683667,0.2309991039666314
0.597356,50.0,0.017398414289793482,0.22947892171928716
0.5978505000000001,50.0,0.01739996518610056,0.22785836931337272
0.598345,50.0,0.017401432648359194,0.22616015341190576
0.5988395000000001,50.0,0.01740285123857634,0.2244067339726858
0.599334,50.0,0.01740421092793429,0.2226041355446893
0.5998285000000001,50.0,0.017405497587178964,0.22078945170985037
0.600323,50.0,0.017406737149800414,0.21900669433548142
0.6008175,50.0,0.017407962975679075,0.217270697483555
0.6013120000000001,50.0,0.017409160990263704,0.21560588899631153
0.6018065,50.0,0.017410321959966012,0.21404934844402732
0.6023010000000001,50.0,0.017411488357443203,0.21262193457067127
0.6027955,50.0,0.01741264447176572,0.21133501034686483
0.60329,50.0,0.01741374829487447,0.2102242392518011
0.6037845000000001,50.0,0.017414848220473886,0.20927348909120647
0.604279,50.0,0.017415949053490996,0.20849782365140063
0.6047735000000001,50.0,0.017417006392181373,0.20791242097980359
0.605268,50.0,0.017418038927134238,0.2075150019102706
0.6057625000000001,50.0,0.01741904021161252,0.20732068392220002
0.606257,50.0,0.01742000185323993,0.207330001419418
0.6067515,50.0,0.017420970585838174,0.2075324304047438
0.6072460000000001,50.0,0.01742195111596917,0.20795651592541992
0.6077405,50.0,0.017422905282761445,0.20857909681949566
0.6082350000000001,50.0,0.01742383309374435,0.2093935845680116
0.6087295,50.0,0.017424764444757518,0.2104087013912642
0.6092240000000001,50.0,0.01742568067571102,0.21157902806176807
0.6097185,50.0,0.01742654737629963,0.21289737370060766
0.610213,50.0,0.017427381531093588,0.21433619263850134
0.6107075000000001,50.0,0.017428190326617136,0.2158860998505667
0.611202,50.0,0.017428952873376622,0.21751100317122346
0.6116965000000001,50.0,0.017429670932963617,0.21918171667302383
0.612191,50.0,0.017430375992654224,0.2208882099628808
0.6126855,50.0,0.01743106846939643,0.22261164104177628
0.6131800000000001,50.0,0.01743170830215839,0.2243355624786584
0.6136745,50.0,0.01743231372364583,0.22602827977086865
0.6141690000000001,50.0,0.017432921460277542,0.22767826234685118
0.6146635,50.0,0.017433504164189307,0.22925719917439777
0.6151580000000001,50.0,0.017434055113578418,0.23074209997810233
0.6156525,50.0,0.017434575554332137,0.2321099267677187
0.616147,50.0,0.01743501834206809,0.2333475042200252
0.6166415000000001,50.0,0.017435398184872535,0.23442051584361642
0.617136,50.0,0.017435750465827966,0.23531580613162606
0.6176305000000001,50.0,0.017436024968984686,0.23603144770643444
0.618125,50.0,0.017436219142204775,0.2365536202220904
0.6186195000000001,50.0,0.017436381757534102,0.23687920954052885
0.619114,50.0,0.017436493060953268,0.23701497599951005
0.6196085,50.0,0.017436538568097536,0.2369551570360641
0.6201030000000001,50.0,0.017436540130440166,0.23669941111828965
0.6205975,50.0,0.0174364970794345,0.2362726871577874
0.6210920000000001,50.0,0.01743638287086148,0.23566015815379437
0.6215865,50.0,0.017436185038067258,0.23488434849128695
0.622081,50.0,0.017435939592666778,0.23392939053462242
0.6225755000000001,50.0,0.017435653788710367,0.2328199853235322
0.62307,50.0,0.01743529096461831,0.23158778996271392
0.6235645000000001,50.0,0.017434854888687134,0.2302182642012252
0.624059,50.0,0.017434368562233342,0.22875346640648336
0.6245535000000001,50.0,0.01743384029097766,0.22721365579869668
0.625048,50.0,0.017433283670658533,0.22562242651203748
0.6255425,50.0,0.017432715859970922,0.22400365761007082
0.6260370000000001,50.0,0.017432121387645813,0.2223839768550952
0.6265315,50.0,0.01743149497634732,0.22079444091504857
0.6270260000000001,50.0,0.01743087705055419,0.21924525579737947
0.6275205,50.0,0.01743024197719854,0.2177481695192629
0.6280150000000001,50.0,0.017429551927769207,0.21634100521844685
0.6285095,50.0,0.017428853974928986,0.21503001441031847
0.629004,50.0,0.017428137755177608,0.2138297984140856
0.6294985000000001,50.0,0.017427365828214095,0.21275337223234156
0.629993,50.0,0.01742658948401474,0.21182394682487057
0.6304875000000001,50.0,0.017425828504322442,0.21105374086318782
0.630982,50.0,0.0174250413337579,0.21045437215946602
0.6314765,50.0,0.017424225759037435,0.21004634330739935
0.6319710000000001,50.0,0.017423407072334154,0.2098205624458056
0.6324655,50.0,0.017422597022015943,0.20979071349491557
0.6329600000000001,50.0,0.017421786650453613,0.20994810002912517
0.6334545,50.0,0.01742095705782435,0.21029979150270414
0.6339490000000001,50.0,0.017420110375951186,0.21082230831274085
0.6344435,50.0,0.01741924005658966,0.21151098366996998
0.634938,50.0,0.017418341304583387,0.2123591272996248
0.6354325000000001,50.0,0.017417434676640288,0.21334486494196134
0.635927,50.0,0.017416502114977504,0.21446111003057183
0.6364215000000001,50.0,0.01741553798483006,0.21569509301985978
0.636916,50.0,0.01741458354613833,0.21703194337304627
0.6374105000000001,50.0,0.017413631652542807,0.2184550354753119
0.637905,50.0,0.017412661074064275,0.2199379263894914
0.6383995,50.0,0.017411700044290275,0.2214759373292093
0.6388940000000001,50.0,0.017410744419857793,0.22304780624088075
0.6393885,50.0,0.017409736777848926,0.22460417834592447
0.6398830000000001,50.0,0.0174086913255425,0.22614769874841725
0.6403775,50.0,0.01740765885881009,0.22764126509950283
0.640872,50.0,0.01740659167346676,0.22906546810002232
0.6413665000000001,50.0,0.0174054591715682,0.23040438782748776
0.641861,50.0,0.017404295130919456,0.2316284831106111
0.6423555000000001,50.0,0.017403089369837144,0.23274149966569843
0.64285,50.0,0.017401843690699834,0.23371811921988675
0.6433445000000001,50.0,0.01740057213137669,0.234546393123582
0.643839,50.0,0.017399261395426458,0.2352303506366493
0.6443335,50.0,0.017397913393768328,0.23575314117537344
0.6448280000000001,50.0,0.01739652939210973,0.23610060739127378
0.6453225,50.0,0.017395110876685643,0.23627921336908317
0.6458170000000001,50.0,0.01739365101384643,0.23627819307105738
0.6463115,50.0,0.017392128558791645,0.23609663831455618
0.6468060000000001,50.0,0.01739055618036031,0.23573525690362682
0.6473005000000001,50.0,0.017388938793532368,0.23520463925705068
0.647795,50.0,0.017387258153369,0.23450689249174866
0.6482895000000001,50.0,0.017385556443949048,0.23365622017822668
0.648784,50.0,0.017383862041030197,0.23267695462661114
0.6492785000000001,50.0,0.017382119989079545,0.23157468171930692
0.649773,50.0,0.01738033623167146,0.2303724681429667
0.6502675,50.0,0.017378571629228495,0.22908341618973946
0.6507620000000001,50.0,0.01737680794490178,0.2277332061375286
0.6512565,50.0,0.01737501741390717,0.22633607437428757
0.6517510000000001,50.0,0.01737322257753467,0.22490125283941856
0.6522455,50.0,0.01737142179532181,0.22345227280947738
0.6527400000000001,50.0,0.01736959466466276,0.22201344589338823
0.6532345,50.0,0.01736775962788751,0.2205989619259865
0.653729,50.0,0.017365922817818305,0.21921631417560267
0.6542235000000001,50.0,0.017364061351394018,0.2179130648701169
0.654718,50.0,0.017362198002798892,0.2166945862130849
0.6552125000000001,50.0,0.017360348382209095,0.2155685492086476
0.655707,50.0,0.01735850311250049,0.21457680688094732
0.6562015000000001,50.0,0.01735668079621717,0.2137152641151148
0.6566960000000001,50.0,0.017354879755992057,0.21299941419285823
0.6571905,50.0,0.017353080376533034,0.21244210099504152
0.6576850000000001,50.0,0.01735126765498052,0.2120323159339188
0.6581795,50.0,0.017349454538014408,0.21179739156426844
0.6586740000000001,50.0,0.017347678943963968,0.21172070880372743
0.6591685,50.0,0.017345903194647412,0.21180100829134996
0.659663,50.0,0.017344097631855387,0.21205309394349536
0.6601575000000001,50.0,0.017342320936241988,0.21245728195348682
0.660652,50.0,0.01734057091838664,0.2130184113088931
0.6611465000000001,50.0,0.01733881628152599,0.21373503739859734
0.661641,50.0,0.017337091082453203,0.21459077985064207
0.6621355000000001,50.0,0.017335398715653306,0.21556938392442812
0.66263,50.0,0.017333710185700787,0.21666806361921
0.6631245,50.0,0.017332043075984807,0.21786806908510867
0.6636190000000001,50.0,0.01733040534935519,0.21913626930924088
0.6641135,50.0,0.01732876342127861,0.22046288521107227
0.6646080000000001,50.0,0.017327113186042756,0.22183352428070988
0.6651025,50.0,0.01732545696737448,0.2232133052828579
0.6655970000000001,50.0,0.017323772702168845,0.22459505762470947
0.6660915000000001,50.0,0.01732207381880774,0.2259558533907101
0.666586,50.0,0.017320390992232124,0.2272853316772294
0.6670805000000001,50.0,0.017318701785266597,0.2285611166787818
0.667575,50.0,0.01731697556551081,0.2297646462567981
0.6680695000000001,50.0,0.017315235823591492,0.23088544432932745
0.668564,50.0,0.017313503270310945,0.23191617638762166
0.6690585,50.0,0.01731175449553088,0.23282939310331258
0.6695530000000001,50.0,0.017309964560153088,0.2335983124427983
0.6700475,50.0,0.017308149157109154,0.23424629514471393
0.6705420000000001,50.0,0.017306322050772472,0.2347317420880155
0.6710365,50.0,0.017304447614752572,0.2350558222728565
0.6715310000000001,50.0,0.0173025368435938,0.23522983459061347
0.6720255,50.0,0.01730062342602125,0.23522764889126388
0.67252,50.0,0.01729866532071501,0.2350747825693319
0.6730145000000001,50.0,0.01729667360678495,0.23476948749431525
0.673509,50.0,0.017294693553991155,0.23430859737218937
0.6740035000000001,50.0,0.017292702688802973,0.23371812419196575
0.674498,50.0,0.017290712292413246,0.23298895320897992
0.6749925000000001,50.0,0.017288735259956712,0.23213414638683433
0.6754870000000001,50.0,0.01728673106275643,0.2311738616458553
0.6759815,50.0,0.017284701083450336,0.2301074879597725
0.6764760000000001,50.0,0.017282683489089574,0.22895556622102659
0.6769705,50.0,0.017280667977930785,0.22773325451191298
0.6774650000000001,50.0,0.017278620186266577,0.226454897462308
0.6779595,50.0,0.0172765594373459,0.22513462053491315
0.678454,50.0,0.01727451729540408,0.22381071236245162
0.6789485000000001,50.0,0.017272479384767496,0.22249467681487242
0.679443,50.0,0.01727043765012963,0.22119681270951136
0.6799375000000001,50.0,0.017268413850182216,0.21994493993206263
0.680432,50.0,0.01726641389351755,0.21876206284375332
0.6809265000000001,50.0,0.017264419333934522,0.21765138299777131
0.681421,50.0,0.01726243726711387,0.2166313402374335
0.6819155,50.0,0.017260495143457604,0.2157101015520962
0.6824100000000001,50.0,0.017258571436683006,0.21489872526091375
0.6829045,50.0,0.017256640395868317,0.2142147919836164
0.6833990000000001,50.0,0.017254726464638846,0.21365421754457795
0.6838935,50.0,0.017252833025443177,0.2132362893831798
0.6843880000000001,50.0,0.01725095663371816,0.2129726740076405
0.6848825000000001,50.0,0.017249136132290798,0.2128533074588283
0.685377,50.0,0.017247353880715872,0.2128814687941059
0.6858715000000001,50.0,0.017245578054650358,0.213083386800006
0.686366,50.0,0.017243865646484145,0.21342566759224502
0.6868605000000001,50.0,0.017242215949285582,0.21391063190861243
0.687355,50.0,0.017240576325303902,0.2145428991574815
0.6878495,50.0,0.017238967347979278,0.21528061088903222
0.6883440000000001,50.0,0.01723739949058043,0.21614151878729565
0.6888385,50.0,0.017235850078120094,0.2171005714305447
0.6893330000000001,50.0,0.017234313419515822,0.21813825571337023
0.6898275,50.0,0.017232801242658014,0.21925071461273354
0.6903220000000001,50.0,0.017231316607433027,0.22041388721601768
0.6908165000000001,50.0,0.017229830668657974,0.22162474525349188
0.691311,50.0,0.017228345955433943,0.22287062202761662
0.6918055000000001,50.0,0.01722689352647823,0.2241153534717573
0.6923,50.0,0.017225467605760034,0.22535724174595562
0.6927945000000001,50.0,0.01722405214226887,0.2265775569487313
0.693289,50.0,0.01722264406682758,0.22774704399804255
0.6937835000000001,50.0,0.01722123404002704,0.2288549253175376
0.6942780000000001,50.0,0.017219812061669504,0.22988278079665903
0.6947725,50.0,0.01721839606162356,0.23082408745856972
0.6952670000000001,50.0,0.017216981277155048,0.23163906226594616
0.6957615,50.0,0.01721552842623206,0.2323451827861092
0.6962560000000001,50.0,0.017214069355445793,0.23293150051641034
0.6967505,50.0,0.017212638467744793,0.23338244638042224
0.697245,50.0,0.0172111901908998,0.23370226205093697
0.6977395000000001,50.0,0.01720973242258183,0.23387927974457431
0.698234,50.0,0.017208306265543896,0.23392170658860276
0.6987285000000001,50.0,0.01720687286437607,0.23382728258856886
0.699223,50.0,0.017205420446564482,0.23359041195337152
0.6997175000000001,50.0,0.01720399017363604,0.23321011858556612
0.7002120000000001,50.0,0.01720257178068992,0.23270141767577393
0.7007065,50.0,0.017201140585138306,0.2320554086289067
0.7012010000000001,50.0,0.017199692047416004,0.23129320307344048
0.7016955,50.0,0.01719822979749381,0.23043066228621295
0.7021900000000001,50.0,0.01719676993281737,0.22946462968978282
0.7026845,50.0,0.01719531051661429,0.22842241500859903
0.7031790000000001,50.0,0.01719385500508477,0.22732786517481343
0.7036735000000001,50.0,0.01719240890891786,0.22617394227479565
0.704168,50.0,0.0171909611726216,0.22500399546437103
0.7046625000000001,50.0,0.017189539480810947,0.22382138708080176
0.705157,50.0,0.017188147307681968,0.222629447192519
0.7056515000000001,50.0,0.017186745093104947,0.22146155405120715
0.706146,50.0,0.01718534931368602,0.2203106988398582
0.7066405,50.0,0.017183984595154238,0.21921997256656253
0.7071350000000001,50.0,0.01718262377639101,0.21818003630314609
0.7076295,50.0,0.017181264237058336,0.2172076212850416
0.7081240000000001,50.0,0.017179953011285252,0.21632822938653146
0.7086185,50.0,0.017178674239856213,0.21555496711026978
0.7091130000000001,50.0,0.017177386964490896,0.21489744247954132
0.7096075000000001,50.0,0.017176141812232065,0.21436187491570813
0.710102,50.0,0.017174961804383906,0.21396119279509546
0.7105965000000001,50.0,0.017173814926817518,0.2137005864342704
0.711091,50.0,0.017172712984496654,0.21357023213868223
0.7115855000000001,50.0,0.017171653589441047,0.2135795382589899
0.71208,50.0,0.017170622043072726,0.21372852499240658
0.7125745000000001,50.0,0.01716963176676846,0.21399877558005198
0.7130690000000001,50.0,0.017168675535561055,0.21439501520194215
0.7135635,50.0,0.017167738033792988,0.21490704374700872
0.7140580000000001,50.0,0.01716682014760077,0.21553827317499136
0.7145525,50.0,0.01716593184425849,0.21627429411885482
0.7150470000000001,50.0,0.017165085245267584,0.21710627493743406
0.7155415,50.0,0.017164264893694943,0.21802253466820673
0.716036,50.0,0.01716346556864131,0.21901741947987471
0.7165305000000001,50.0,0.017162712393290685,0.2200682117577642
0.717025,50.0,0.017161975453685006,0.22116373198610959
0.7175195000000001,50.0,0.017161232304262263,0.22229105605797464
0.718014,50.0,0.017160535816921493,0.22340678565677452
0.7185085000000001,50.0,0.017159873524495238,0.22452585025624394
0.7190030000000001,50.0,0.017159190500406152,0.22561685990420777
0.7194975,50.0,0.017158509185780553,0.22666224811317245
0.7199920000000001,50.0,0.01715785131104933,0.22765807872301402
0.7204865,50.0,0.01715719549774335,0.22858608760880259
0.7209810000000001,50.0,0.017156544465928417,0.2294414319619257
0.7214755,50.0,0.0171559157215574,0.23020969503427513
0.7219700000000001,50.0,0.017155293370056342,0.23088077059482895
0.7224645000000001,50.0,0.01715468152253346,0.23145614703832948
0.722959,50.0,0.017154105454697786,0.2319117993721551
0.7234535000000001,50.0,0.017153535401223163,0.2322349926612065
0.723948,50.0,0.01715295864468532,0.23244331924860145
0.7244425000000001,50.0,0.017152393764756056,0.232510948567413
0.724937,50.0,0.017151822835108747,0.2324473542928327
0.7254315,50.0,0.01715124250545284,0.23224543226737854
0.7259260000000001,50.0,0.017150665483059293,0.2319152548114841
0.7264205,50.0,0.017150100854625337,0.231469414764876
0.7269150000000001,50.0,0.017149536791977907,0.2309047140371125
0.7274095,50.0,0.01714894505063635,0.2302445218449531
0.7279040000000001,50.0,0.017148365814941936,0.2294904146359316
0.7283985000000001,50.0,0.017147826249261953,0.228653355444422
0.728893,50.0,0.01714727663594032,0.227745365774066
0.7293875000000001,50.0,0.017146723605338025,0.22678138046871812
0.729882,50.0,0.017146201635517135,0.22576462618350177
0.7303765000000001,50.0,0.01714568034801651,0.22471037930673696
0.730871,50.0,0.01714515821940381,0.22363245883498592
0.7313655000000001,50.0,0.01714466040730127,0.22254804244515358
0.7318600000000001,50.0,0.01714416084967023,0.22146860800033746
0.7323545,50.0,0.017143661033543235,0.22041726860590585
0.7328490000000001,50.0,0.017143196627756853,0.21941132650192596
0.7333435,50.0,0.01714276009205773,0.21845867900747534
0.7338380000000001,50.0,0.01714234621115875,0.2175737898460272
0.7343325,50.0,0.01714197813190672,0.21677992374920513
0.734827,50.0,0.017141647719666447,0.2160806749983521
0.7353215000000001,50.0,0.0171413287075218,0.21547257972510905
0.735816,50.0,0.017141042559828217,0.2149765526868032
0.7363105000000001,50.0,0.017140814164432343,0.21458313346660238
0.736805,50.0,0.017140612284755226,0.21431209264846163
0.7372995000000001,50.0,0.017140416695713916,0.214151222414214
0.7377940000000001,50.0,0.017140246748756267,0.21410553255111076
0.7382885,50.0,0.017140118842117743,0.2141939191971228
0.7387830000000001,50.0,0.017140016094594805,0.2143947909168156
0.7392775,50.0,0.01713992161298529,0.21471535655758317
0.7397720000000001,50.0,0.017139868520944422,0.21516506905079663
0.7402665,50.0,0.017139850611579792,0.2157147454229057
0.7407610000000001,50.0,0.01713984306856224,0.21637229495103474
0.7412555000000001,50.0,0.01713988446467733,0.217115219771448
0.74175,50.0,0.01713995739785266,0.21793103710850018
0.7422445000000001,50.0,0.017140025315267777,0.2188198590686085
0.742739,50.0,0.017140118572761567,0.21974536501777184
0.7432335000000001,50.0,0.017140224630562365,0.2207119998036218
0.7437280000000001,50.0,0.01714032507898069,0.2216962268355784
0.7442225,50.0,0.017140457207789676,0.22269228623098292
0.7447170000000001,50.0,0.01714061590316066,0.2236865936243817
0.7452115,50.0,0.017140763237668756,0.22466817843558723
0.7457060000000001,50.0,0.017140917208594515,0.22562720913848014
0.7462005,50.0,0.017141110908823632,0.22653982175111556
0.7466950000000001,50.0,0.01714132409654316,0.22741170241503664
0.7471895000000001,50.0,0.01714153263799468,0.2282146279242017
0.747684,50.0,0.01714175092619455,0.22893366448016067
0.7481785000000001,50.0,0.017141989644774286,0.22956650453950816
0.748673,50.0,0.017142229135231047,0.23010009276824317
0.7491675000000001,50.0,0.01714245934963255,0.23051944134631716
0.749662,50.0,0.017142693158554136,0.23082475210148587
0.7501565000000001,50.0,0.017142920537775858,0.23102265469297523
0.7506510000000001,50.0,0.01714312642534475,0.2311006607703566
0.7511455,50.0,0.017143331494511624,0.23106396161842563
0.7516400000000001,50.0,0.017143552079813544,0.23091730164287383
0.7521345,50.0,0.017143768424723912,0.23066024061692705
0.7526290000000001,50.0,0.017143984327632696,0.23030727568301887
0.7531235000000001,50.0,0.01714421047706788,0.22984069255761477
0.753618,50.0,0.017144414122445557,0.22927783529189635
0.7541125000000001,50.0,0.01714461905668477,0.2286363314012014
0.754607,50.0,0.01714485618867574,0.22789392043764717
0.7551015000000001,50.0,0.017145066654197298,0.2270825175664451
0.755596,50.0,0.017145256562946527,0.2262147506901179
0.7560905000000001,50.0,0.01714547724782442,0.22528770960398842
0.7565850000000001,50.0,0.017145703442864303,0.2243353969047067
0.7570795,50.0,0.01714592475116124,0.2233640472362305
0.7575740000000001,50.0,0.017146162259118334,0.22238979968004338
0.7580685,50.0,0.017146422220005605,0.221431758093659
0.7585630000000001,50.0,0.01714669993662644,0.22049644404775084
0.7590575,50.0,0.017146996016152664,0.21960015400211727
0.759552,50.0,0.017147329684070053,0.2187495644913013
0.7600465000000001,50.0,0.017147693260305352,0.2179544361455425
0.760541,50.0,0.017148062717546795,0.21722416626991764
0.7610355000000001,50.0,0.017148444928565758,0.2165693727552205
0.76153,50.0,0.01714884924821219,0.21599540915082846
0.7620245000000001,50.0,0.017149270527312445,0.21550810497120157
0.7625190000000001,50.0,0.017149715543641985,0.21513089791310375
0.7630135,50.0,0.017150188613922677,0.21485564401210946
0.7635080000000001,50.0,0.017150668096034813,0.21468646526140517
0.7640025,50.0,0.0171511656404723,0.2146418973224476
0.7644970000000001,50.0,0.017151717220148844,0.21471340667983657
0.7649915,50.0,0.0171522884365221,0.21488837851349177
0.7654860000000001,50.0,0.01715285202817688,0.21517584341596693
0.7659805000000001,50.0,0.017153454503472165,0.21556536039512103
0.766475,50.0,0.01715409035127812,0.21604070254482755
0.7669695000000001,50.0,0.0171547176987014,0.21660764156834764
0.767464,50.0,0.017155367422098756,0.21724295526023624
0.7679585000000001,50.0,0.017156045836227492,0.2179483023817641
0.768453,50.0,0.017156713183414503,0.21872032962294893
0.7689475,50.0,0.01715738765579222,0.2195355711444729
0.7694420000000001,50.0,0.017158086495903592,0.22039510043433944
0.7699365,50.0,0.017158805728910667,0.22129658106932865
0.7704310000000001,50.0,0.017159546032682802,0.22220169630065076
0.7709255,50.0,0.017160292932091124,0.22312160463013084
0.7714200000000001,50.0,0.01716105020438003,0.2240331587543793
0.7719145000000001,50.0,0.017161815502936124,0.22491008555220127
0.772409,50.0,0.017162585450031544,0.22575885569998327
0.7729035000000001,50.0,0.01716336647766295,0.22654792793854125
0.773398,50.0,0.017164127160347965,0.22727319399719148
0.7738925000000001,50.0,0.017164868145400754,0.22792597870984077
0.774387,50.0,0.01716562635174473,0.22850079796950823
0.7748815000000001,50.0,0.017166379638313908,0.22899077586778283
0.7753760000000001,50.0,0.017167101699364192,0.22938882112524228
0.7758705,50.0,0.017167822843345892,0.229693702478365
0.7763650000000001,50.0,0.017168550985508808,0.22990456947736623
0.7768595,50.0,0.017169249413729323,0.2300170478213772
0.7773540000000001,50.0,0.017169937672940918,0.23002544189509153
0.7778485,50.0,0.01717064905238501,0.2299207858255311
0.778343,50.0,0.017171338892239103,0.22972308720331733
0.7788375000000001,50.0,0.01717199539345976,0.22941702783614343
0.779332,50.0,0.017172649900064372,0.2290001765277349
0.7798265000000001,50.0,0.01717328973280884,0.22850732448777217
0.780321,50.0,0.01717391621179106,0.22792298302544425
0.7808155000000001,50.0,0.01717454436648848,0.22726312827380138
0.7813100000000001,50.0,0.017175158752443513,0.2265438607938656
0.7818045,50.0,0.017175766862749398,0.22577859114975632
0.7822990000000001,50.0,0.017176392009392437,0.22497249392125707
0.7827935,50.0,0.017177028134015997,0.2241427992245588
0.7832880000000001,50.0,0.017177663104309925,0.22328939986016336
0.7837825,50.0,0.017178292938247467,0.2224294625802124
0.7842770000000001,50.0,0.017178935498600872,0.22157954279047362
0.7847715000000001,50.0,0.01717959575884448,0.22072931266704363
0.785266,50.0,0.017180242681736964,0.2199069475394063
0.7857605000000001,50.0,0.017180899170282926,0.21912227086082783
0.786255,50.0,0.01718158354727923,0.21837171052717588
0.7867495000000001,50.0,0.017182245951742746,0.2176935643527543
0.787244,50.0,0.01718290366660123,0.21708469741959596
0.7877385,50.0,0.017183601893142733,0.21654665820471014
0.7882330000000001,50.0,0.01718431479000711,0.21611160228456675
0.7887275,50.0,0.017185027730047757,0.2157611544354701
0.7892220000000001,50.0,0.017185762281102905,0.21551295925180156
0.7897165,50.0,0.017186516175080574,0.21535924097459966
0.7902110000000001,50.0,0.01718727543864959,0.21530742773488237
0.7907055000000001,50.0,0.017188056388383978,0.21535359372591206
0.7912,50.0,0.0171888485071971,0.21548161218652154
0.7916945000000001,50.0,0.017189627114712787,0.215713595446484
0.792189,50.0,0.017190425932426506,0.2160299697828873
0.7926835000000001,50.0,0.017191251485725527,0.21643939950646796
0.793178,50.0,0.0171920765318206,0.21692487932690424
0.7936725000000001,50.0,0.017192914578501965,0.21748742387040662
0.7941670000000001,50.0,0.017193773849290495,0.21813184124649446
0.7946615,50.0,0.017194643506459637,0.21883259203172933
0.7951560000000001,50.0,0.01719551613494054,0.21958003740137175
0.7956505,50.0,0.017196402624982756,0.22037451763090465
0.7961450000000001,50.0,0.017197320972116452,0.2211886339598341
0.7966395000000001,50.0,0.01719823499395462,0.22200854869541953
0.797134,50.0,0.017199121661220867,0.2228379950791448
0.7976285000000001,50.0,0.01720002370203187,0.2236462627641711
0.798123,50.0,0.017200931604920415,0.2244352656437856
0.7986175000000001,50.0,0.017201809240272054,0.22519197431041452
0.799112,50.0,0.017202685257528192,0.22590682197896997
0.7996065000000001,50.0,0.017203559503659743,0.22657541929415081
0.8001010000000001,50.0,0.017204410259258736,0.22719456407439764
0.8005955,50.0,0.01720526879080969,0.22774198571552148
0.8010900000000001,50.0,0.01720612709589777,0.22822254021188482
0.8015845,50.0,0.01720695216117053,0.2286224479817985
0.8020790000000001,50.0,0.017207763895936794,0.2289275200748776
0.8025735,50.0,0.017208571304561448,0.22915380331571278
0.8030680000000001,50.0,0.017209351488306778,0.22926963447251406
0.8035625000000001,50.0,0.017210107857852593,0.2292865337511634
0.804057,50.0,0.01721086487662012,0.22920629221748604
0.8045515000000001,50.0,0.01721160245010503,0.22903207706008577
0.805046,50.0,0.01721229942074224,0.22876805942822898
0.8055405000000001,50.0,0.017212989201165874,0.22841656931892976
0.8060350000000001,50.0,0.017213685934550638,0.22799043563200896
0.8065295,50.0,0.017214371488078355,0.22749688553470984
0.8070240000000001,50.0,0.017215035658059364,0.22693186363233173
0.8075185,50.0,0.017215695225619106,0.22631522827631737
0.8080130000000001,50.0,0.017216366683863026,0.22564816900210088
0.8085075,50.0,0.01721701994469084,0.22493461699853706
0.8090020000000001,50.0,0.01721765836363853,0.2241875671178221
0.8094965000000001,50.0,0.01721830043380534,0.22340814428105837
0.809991,50.0,0.017218913566829506,0.22262915280992024
0.8104855000000001,50.0,0.01721951786913695,0.2218405416215367
0.81098,50.0,0.017220140129756586,0.22106254593992883
0.8114745000000001,50.0,0.017220744213836875,0.22031354042968262
0.811969,50.0,0.017221342843065108,0.21959932726636613
0.8124635000000001,50.0,0.017221961486766506,0.21893187380983642
0.8129580000000001,50.0,0.01722256481105188,0.21832690474674682
0.8134525,50.0,0.017223158951554195,0.21777685581493952
0.8139470000000001,50.0,0.017223783485199755,0.21729602948612145
0.8144415,50.0,0.01722441468123897,0.21688937605685701
0.8149360000000001,50.0,0.01722502582809731,0.21655506554836224
0.8154305000000001,50.0,0.017225638886715182,0.21630494803790226
0.815925,50.0,0.01722627067786057,0.21613088513702375
0.8164195000000001,50.0,0.017226905650242565,0.21604748707574498
0.816914,50.0,0.017227531026504338,0.21605390440036562
0.8174085000000001,50.0,0.017228164499582723,0.21614927533465053
0.817903,50.0,0.017228814496144763,0.21633492851350983
0.8183975000000001,50.0,0.01722947113200909,0.2166216791246519
0.8188920000000001,50.0,0.01723014241260635,0.2169813425289495
0.8193865,50.0,0.017230832712818854,0.21742039131121937
0.8198810000000001,50.0,0.01723152488923969,0.21793687932863787
0.8203755,50.0,0.01723221197731648,0.21850964408483683
0.8208700000000001,50.0,0.017232910028420013,0.2191400594462363
0.8213645,50.0,0.017233609126757966,0.21979572073618145
0.8218590000000001,50.0,0.017234294669784846,0.22049596945703598
0.8223535000000001,50.0,0.017234997031203323,0.22121777473254955
0.822848,50.0,0.017235690488953622,0.22194543716551704
0.8233425000000001,50.0,0.017236345372448628,0.22268981494262058
0.823837,50.0,0.01723702053239947,0.2234270308586906
0.8243315000000001,50.0,0.017237705599292646,0.2241530856226308
0.8248260000000001,50.0,0.017238352978531886,0.22485940379786462
0.8253205,50.0,0.017238993265387775,0.22553179899433473
0.8258150000000001,50.0,0.01723963932662534,0.226166681828083
0.8263095,50.0,0.017240270331174517,0.22674238184028359
0.8268040000000001,50.0,0.017240882664567872,0.22725447580862643
0.8272985,50.0,0.017241479139904276,0.22769952489323322
0.8277930000000001,50.0,0.017242056844613985,0.2280613791956673
0.8282875000000001,50.0,0.017242607600927853,0.22835082277915994
0.828782,50.0,0.01724313860900852,0.22855232884046453
0.8292765000000001,50.0,0.01724366423106835,0.22867065337364925
0.829771,50.0,0.017244176532525666,0.2287078540821972
0.8302655000000001,50.0,0.01724466946982193,0.22866489753230518
0.83076,50.0,0.017245153846865473,0.22854552616351287
0.8312545000000001,50.0,0.01724562175726631,0.22834296569611298
0.8317490000000001,50.0,0.017246070135507403,0.22806422728734574
0.8322435,50.0,0.01724652309773746,0.22771011480416517
0.8327380000000001,50.0,0.01724696427703869,0.2272902559038923
0.8332325,50.0,0.017247362780771373,0.22679203784389868
0.8337270000000001,50.0,0.01724775271095558,0.22624121019455157
0.8342215000000001,50.0,0.017248155163627293,0.2256403050862041
0.834716,50.0,0.017248522545680135,0.2249873603444503
0.8352105000000001,50.0,0.01724885904830882,0.2243136691178507
0.835705,50.0,0.017249208086464282,0.22361767083866882
0.8361995000000001,50.0,0.017249540655061745,0.22291439232412336
0.836694,50.0,0.017249854238315696,0.2222188689097685
0.8371885000000001,50.0,0.017250184473038825,0.2215221494700481
0.8376830000000001,50.0,0.01725050823400856,0.2208580381902351
0.8381775,50.0,0.01725081739209141,0.220221561596073
0.8386720000000001,50.0,0.01725112299718281,0.2196086109863888
0.8391665,50.0,0.017251419689747485,0.21904929605229242
0.8396610000000001,50.0,0.01725171814111184,0.21852988849559182
0.8401555,50.0,0.01725201503067292,0.2180692270090313
0.8406500000000001,50.0,0.017252310107704946,0.21767289468038137
0.8411445000000001,50.0,0.01725260385427307,0.21734723742440212
0.841639,50.0,0.017252890425230698,0.21709872532446803
0.8421335000000001,50.0,0.017253198542142148,0.21692967872466953
0.842628,50.0,0.017253522980201892,0.21684829807127423
0.8431225000000001,50.0,0.017253828844652933,0.21685237563255438
0.8436170000000001,50.0,0.01725414052158114,0.21693617933611112
0.8441115,50.0,0.017254484238310053,0.21710448544707017
0.8446060000000001,50.0,0.017254825120326285,0.21734458250240682
0.8451005,50.0,0.017255152697674202,0.21765484249705555
0.8455950000000001,50.0,0.017255499537759674,0.2180313304134354
0.8460895,50.0,0.017255843119104188,0.2184633409049906
0.8465840000000001,50.0,0.017256159147164774,0.21895884654295888
0.8470785000000001,50.0,0.017256485384684838,0.21949569060341856
0.847573,50.0,0.017256823497195126,0.22007371289099592
0.8480675000000001,50.0,0.017257145574938067,0.22069867602506058
0.848562,50.0,0.017257467140244426,0.22135158338492192
0.8490565000000001,50.0,0.017257788387296316,0.22201484532409937
0.8495510000000001,50.0,0.017258093337666758,0.22269901735165232
0.8500455000000001,50.0,0.017258401887563554,0.22338008953413993
0.8505400000000001,50.0,0.017258708080404278,0.22404195541003177
0.8510345,50.0,0.01725898593110316,0.224689666043544
0.8515290000000001,50.0,0.017259248083575894,0.22529655410273158
0.8520235,50.0,0.017259506542195716,0.22586509801749305
0.8525180000000001,50.0,0.017259759547755583,0.22638777912831146
0.8530125000000001,50.0,0.017259988222168635,0.2268473099628952
0.853507,50.0,0.017260188272661736,0.22725887795117122
0.8540015000000001,50.0,0.017260394835615773,0.22760773945543364
0.854496,50.0,0.01726058670474518,0.22788268184499763
0.8549905000000001,50.0,0.01726074705136228,0.22810068197361957
0.855485,50.0,0.0172609213521208,0.22823862318457194
0.8559795000000001,50.0,0.017261090369700628,0.2283011440773531
0.8564740000000001,50.0,0.01726121861784491,0.22829206038899363
0.8569685,50.0,0.0172613344029799,0.22819913659348168
0.8574630000000001,50.0,0.017261446518763313,0.22802716227181546
0.8579575,50.0,0.017261532422457763,0.22778016910062604
0.8584520000000001,50.0,0.017261598135061618,0.2274662560142478
0.8589465000000001,50.0,0.01726165404264902,0.22708254180140572
0.8594410000000001,50.0,0.01726168261729744,0.22663871912568304
0.8599355000000001,50.0,0.017261699150371543,0.22615476513983201
0.86043,50.0,0.017261725247084598,0.2256213645316737
0.8609245000000001,50.0,0.017261726040511613,0.22505850008571615
0.861419,50.0,0.017261701075511535,0.22446959638852795
0.8619135000000001,50.0,0.01726168291702437,0.22385747539850276
0.8624080000000001,50.0,0.017261660737296073,0.22324365310268757
0.8629025,50.0,0.01726162185293592,0.22261209333435145
0.8633970000000001,50.0,0.017261576052265245,0.22198387491870183
0.8638915,50.0,0.017261531334968615,0.2213749528323823
0.8643860000000001,50.0,0.017261476763232735,0.22077869626122404
0.8648805,50.0,0.01726140029746663,0.22020701679862856
0.8653750000000001,50.0,0.017261330475981183,0.21968244215933153
0.8658695000000001,50.0,0.017261284318047194,0.21920351727274293
0.866364,50.0,0.01726122330053594,0.21877243558215725
0.8668585000000001,50.0,0.01726115711422975,0.21841619714005833
0.867353,50.0,0.01726111997669106,0.21811277339778304
0.8678475000000001,50.0,0.01726108054534591,0.21788707535250637
0.8683420000000001,50.0,0.017261042044853177,0.21773339762156893
0.8688365000000001,50.0,0.017261022260813504,0.21763837299278987
0.8693310000000001,50.0,0.017260986484392477,0.2176274782295215
0.8698255,50.0,0.017260948512784802,0.21767878349133543
0.8703200000000001,50.0,0.01726093592250529,0.21779789301270722
0.8708145,50.0,0.017260920060897855,0.21799037620204356
0.8713090000000001,50.0,0.017260889956780885,0.21824490869258456
0.8718035000000001,50.0,0.017260869984562978,0.21856430362052126
0.872298,50.0,0.017260859146926728,0.21894950036004557
0.8727925000000001,50.0,0.017260833466769154,0.21938822070407465
0.873287,50.0,0.01726081188121022,0.2198764434694384
0.8737815000000001,50.0,0.0172608119171813,0.22040420322110293
0.874276,50.0,0.017260802444345046,0.22097317149948173
0.8747705000000001,50.0,0.01726077550114981,0.22155501486256
0.8752650000000001,50.0,0.01726074829544087,0.22215336288206647
0.8757595,50.0,0.01726072691791775,0.22276162199791
0.8762540000000001,50.0,0.017260694612673228,0.22335683619437227
0.8767485,50.0,0.017260638627482654,0.22395026618022937
0.8772430000000001,50.0,0.017260584252243017,0.2245167815454849
0.8777375000000001,50.0,0.01726052801802046,0.2250653189052958
0.8782320000000001,50.0,0.017260456386172105,0.22558794559362105
0.8787265000000001,50.0,0.01726039410501542,0.2260671450525817
0.879221,50.0,0.017260320599134044,0.22650371193458646
0.8797155000000001,50.0,0.017260217207847064,0.2269021087282427
0.88021,50.0,0.01726012374553721,0.22723603445547472
0.8807045000000001,50.0,0.01726002562824209,0.2275063806071468
0.8811990000000001,50.0,0.017259892883487914,0.22771910289891784
0.8816935,50.0,0.017259761708442938,0.22785284900526329
0.8821880000000001,50.0,0.017259626122081147,0.2279146816634107
0.8826825,50.0,0.017259448023378497,0.2279119551011351
0.8831770000000001,50.0,0.01725925482164119,0.22783052099813925
0.8836715,50.0,0.017259066908643754,0.22768471437931934
0.8841660000000001,50.0,0.017258862612333437,0.2274790266323961
0.8846605000000001,50.0,0.0172586318476008,0.22720425643130537
0.885155,50.0,0.01725839096513117,0.22688638473801073
0.8856495000000001,50.0,0.017258154019784137,0.22650604864978008
0.886144,50.0,0.017257903999898617,0.2260849301665232
0.8866385000000001,50.0,0.01725763697428916,0.2256221976927963
0.8871330000000001,50.0,0.017257361396401043,0.22511579074970797
0.8876275000000001,50.0,0.017257070909240505,0.22458183006405122
0.8881220000000001,50.0,0.017256769752696396,0.2240265338544293
0.8886165,50.0,0.01725646902976358,0.22345595189325249
0.8891110000000001,50.0,0.01725616784120945,0.22287239287577373
0.8896055,50.0,0.017255852123786757,0.22229751209125884
0.8901000000000001,50.0,0.01725553675885195,0.221740335591767
0.8905945000000001,50.0,0.0172552355048244,0.22119964410876028
0.891089,50.0,0.017254917121242316,0.22068784237615516
0.8915835000000001,50.0,0.017254607058352585,0.2202201465851658
0.892078,50.0,0.017254331204395658,0.21978407322008037
0.8925725000000001,50.0,0.017254033885605626,0.21940255052133786
0.893067,50.0,0.017253726750395458,0.21906457553007475
0.8935615000000001,50.0,0.017253453363050546,0.21877921440310272
0.8940560000000001,50.0,0.01725317960727961,0.2185589600136583
0.8945505,50.0,0.017252891142848604,0.2183837479937736
0.8950450000000001,50.0,0.017252610593097156,0.21827988861410225
0.8955395,50.0,0.017252337722845325,0.21824169297648838
0.8960340000000001,50.0,0.01725207008707007,0.21826805090632032
0.8965285000000001,50.0,0.01725181217514185,0.21836157139031898
0.8970230000000001,50.0,0.017251563037987448,0.2185250634709212
0.8975175000000001,50.0,0.017251318021345857,0.21874650838064053
0.898012,50.0,0.017251071631026002,0.21903327824387578
0.8985065000000001,50.0,0.017250832647787668,0.2193760189774446
0.899001,50.0,0.01725060299530518,0.21975930992925297
0.8994955000000001,50.0,0.0172503680754363,0.22018788513693094
0.8999900000000001,50.0,0.017250139589099083,0.22065090268100002
0.9004845,50.0,0.017249918558394108,0.2211418480100483
0.9009790000000001,50.0,0.017249680028477724,0.22165532609295732
0.9014735,50.0,0.0172494420911416,0.2221836943144987
0.9019680000000001,50.0,0.01724922880540642,0.22272233573773217
0.9024625000000001,50.0,0.017249007531077932,0.22327021993164683
0.9029570000000001,50.0,0.01724876170698682,0.22380485733501906
0.9034515000000001,50.0,0.017248537062149634,0.22433787246497663
0.903946,50.0,0.017248329163356793,0.2248491581183727
0.9044405000000001,50.0,0.017248093841419638,0.22533332893575003
0.904935,50.0,0.01724785996556503,0.22577970765890468
0.9054295000000001,50.0,0.01724762885641043,0.22618064100289495
0.9059240000000001,50.0,0.01724736923887659,0.22654725567932874
0.9064185000000001,50.0,0.017247108371892205,0.2268439157491061
0.9069130000000001,50.0,0.017246845653595633,0.2270914296637821
0.9074075,50.0,0.01724656594452534,0.22727926095564818
0.9079020000000001,50.0,0.017246279949731352,0.22740703900693512
0.9083965,50.0,0.017245982390938774,0.22747851846608289
0.9088910000000001,50.0,0.01724567372173353,0.2274850305013203
0.9093855000000001,50.0,0.017245356376403127,0.22743595478318418
0.90988,50.0,0.017245033784243493,0.22732901336769754
0.9103745000000001,50.0,0.017244709953247714,0.22715639445306038
0.910869,50.0,0.017244362734174477,0.22693407000349072
0.9113635000000001,50.0,0.017243998777465873,0.22665468687024373
0.9118580000000001,50.0,0.017243650735921528,0.22631850724063357
0.9123525000000001,50.0,0.017243293003826102,0.22594004409305896
0.9128470000000001,50.0,0.017242900186731264,0.22551686101997134
0.9133415,50.0,0.01724251098323545,0.22506057797120102
0.9138360000000001,50.0,0.017242133836437048,0.22457718771613028
0.9143305,50.0,0.017241738319692442,0.22407970673089625
0.9148250000000001,50.0,0.01724134568226854,0.22356353264476142
0.9153195000000001,50.0,0.017240972455032366,0.22304911051256332
0.9158140000000001,50.0,0.017240587391755456,0.22253548548569166
0.9163085000000001,50.0,0.01724019570354032,0.22203714980563088
0.916803,50.0,0.017239821471806565,0.22154992721809072
0.9172975000000001,50.0,0.01723944476042597,0.22107747619902987
0.917792,50.0,0.01723906477169966,0.22064304078668207
0.9182865000000001,50.0,0.01723870088867833,0.2202330032882016
0.9187810000000001,50.0,0.017238328727388695,0.2198617061676885
0.9192755,50.0,0.017237952736264057,0.21953746768667753
0.9197700000000001,50.0,0.017237600464826308,0.21926002183973137
0.9202645,50.0,0.017237253585259366,0.21903947401114246
0.9207590000000001,50.0,0.017236902243002276,0.2188751826120073
0.9212535000000001,50.0,0.01723655303945006,0.21877104161678868
0.9217480000000001,50.0,0.017236224144802678,0.2187363696753846
0.9222425000000001,50.0,0.017235917753496505,0.2187506346250821
0.922737,50.0,0.017235598240761322,0.2188302994373031
0.9232315000000001,50.0,0.017235286205894266,0.21896585998959076
0.923726,50.0,0.017234998991948025,0.21915204544673286
0.9242205000000001,50.0,0.017234695860351736,0.21939449531221644
0.9247150000000001,50.0,0.017234394711538082,0.21967513621715917
0.9252095000000001,50.0,0.017234122785494355,0.22000683283728484
0.9257040000000001,50.0,0.017233849954853737,0.22037167921859344
0.9261985,50.0,0.01723357261630648,0.22077725849858662
0.9266930000000001,50.0,0.01723331425173447,0.22121672741563947
0.9271875,50.0,0.01723306227164742,0.22167462009969885
0.9276820000000001,50.0,0.017232808874112597,0.2221543872748328
0.9281765000000001,50.0,0.017232574414608803,0.22264947744202088
0.928671,50.0,0.017232339115666948,0.22314394652642022
0.9291655000000001,50.0,0.017232086567090514,0.22363398934587428
0.92966,50.0,0.01723185045233739,0.22411496302002729
0.9301545000000001,50.0,0.017231627078141278,0.22457197003866666
0.9306490000000001,50.0,0.017231381998937787,0.22500720320659806
0.9311435000000001,50.0,0.017231126500466525,0.22540750603541632
0.9316380000000001,50.0,0.017230878329004298,0.2257738646671655
0.9321325,50.0,0.01723062596470556,0.2261073337486587
0.9326270000000001,50.0,0.017230363141265272,0.22638928864765498
0.9331215,50.0,0.01723009896996896,0.22662429391114766
0.9336160000000001,50.0,0.01722984283513999,0.22681884090747537
0.9341105000000001,50.0,0.017229575935917563,0.22695556841052664
0.934605,50.0,0.017229285287776668,0.2270349862479138
0.9350995000000001,50.0,0.017229005327580996,0.22706233834076972
0.935594,50.0,0.01722872644858664,0.22702369740073497
0.9360885000000001,50.0,0.01722841821549576,0.22693522949021738
0.936583,50.0,0.017228114493332756,0.22678494156742793
0.9370775000000001,50.0,0.01722780818855847,0.22657892701502821
0.9375720000000001,50.0,0.017227482746000573,0.22633102314755513
0.9380665,50.0,0.01722717444318603,0.22602955336462816
0.9385610000000001,50.0,0.01722686460873503,0.22569282011229957
0.9390555,50.0,0.01722652969525762,0.22532396478250416
0.9395500000000001,50.0,0.017226204015940202,0.22492320077577369
0.9400445000000001,50.0,0.0172258971226881,0.2245033665524898
0.9405390000000001,50.0,0.017225580824603487,0.22405837338322926
0.9410335000000001,50.0,0.017225256713360563,0.22360733456417356
0.941528,50.0,0.017224948281928002,0.22314141343059532
0.9420225000000001,50.0,0.017224637571510982,0.22267607964097927
0.942517,50.0,0.017224311353863885,0.22222163388484242
0.9430115000000001,50.0,0.017223995045802007,0.22176116718060354
0.9435060000000001,50.0,0.01722369228375444,0.22133121642074088
0.9440005,50.0,0.017223388295079356,0.22092536424096632
0.9444950000000001,50.0,0.017223080063725145,0.2205440843183408
0.9449895,50.0,0.017222783670427323,0.22020486292486754
0.9454840000000001,50.0,0.017222506643177055,0.21990496830665718
0.9459785,50.0,0.01722222889833572,0.21965018969419145
0.9464730000000001,50.0,0.017221955841166484,0.21944749412770131
0.9469675000000001,50.0,0.017221696683610246,0.21928707062894184
0.947462,50.0,0.01722143326956919,0.21918150769464578
0.9479565000000001,50.0,0.017221184414154413,0.21913172206239276
0.948451,50.0,0.01722096251294199,0.2191233821929387
0.9489455000000001,50.0,0.017220725755000794,0.21916947218722432
0.9494400000000001,50.0,0.01722049087647135,0.21927679375597633
0.9499345000000001,50.0,0.017220291419659476,0.2194247523852147
0.9504290000000001,50.0,0.017220085840272757,0.21962414115418252
0.9509235,50.0,0.017219880768304954,0.2198781387508742
0.9514180000000001,50.0,0.01721971147165756,0.22016504636298367
0.9519125,50.0,0.017219548297531303,0.22050254055243634
0.9524070000000001,50.0,0.017219377820881412,0.22086722947680532
0.9529015000000001,50.0,0.01721921963867845,0.2212601126685632
0.953396,50.0,0.017219078534629104,0.22167733699507589
0.9538905000000001,50.0,0.01721893864995546,0.22210291548881664
0.954385,50.0,0.01721878906084156,0.222542713305724
0.9548795000000001,50.0,0.017218645178222393,0.2229803482920884
0.9553740000000001,50.0,0.017218507997525535,0.22341537113063487
0.9558685000000001,50.0,0.017218370405116073,0.22384182765895566
0.9563630000000001,50.0,0.01721823803993713,0.22425380259346425
0.9568575,50.0,0.017218103758879885,0.22465169356703427
0.9573520000000001,50.0,0.017217961357380202,0.22501813181202682
0.9578465,50.0,0.017217818983357818,0.22536359730333116
0.9583410000000001,50.0,0.017217688590173235,0.2256775149441858
0.9588355000000001,50.0,0.017217550968112408,0.22593794661035932
0.9593300000000001,50.0,0.01721739691216676,0.2261711789958233
0.9598245000000001,50.0,0.017217259236366564,0.22635130948766385
0.960319,50.0,0.017217112644619816,0.22647784217433437
0.9608135000000001,50.0,0.01721693538095431,0.22655901169514348
0.961308,50.0,0.01721677786060909,0.22658452418630756
0.9618025000000001,50.0,0.01721662800237135,0.22655839144154438
0.9622970000000001,50.0,0.017216446985910176,0.22648878239420395
0.9627915,50.0,0.0172162699321336,0.2263634208763457
0.9632860000000001,50.0,0.017216109763442084,0.2261937943553863
0.9637805,50.0,0.01721594147773177,0.2259898956171425
0.9642750000000001,50.0,0.01721577050450203,0.22573207444006793
0.9647695000000001,50.0,0.017215598584996942,0.22544344870053903
0.9652640000000001,50.0,0.017215420286810192,0.22512394925836665
0.9657585000000001,50.0,0.01721524341810867,0.22476413698044745
0.966253,50.0,0.017215068515867824,0.2243848892348755
0.9667475000000001,50.0,0.017214895623982224,0.2239844840414695
0.967242,50.0,0.017214716259917467,0.2235634890552741
0.9677365000000001,50.0,0.01721453281449094,0.22314264496288508
0.9682310000000001,50.0,0.017214362309224462,0.222716404805062
0.9687255000000001,50.0,0.017214187920084216,0.2222954596938337
0.9692200000000001,50.0,0.01721401092331733,0.22188916030973335
0.9697145,50.0,0.017213856681980055,0.22149624010965718
0.9702090000000001,50.0,0.017213706842686333,0.22113295480803385
0.9707035,50.0,0.017213542691198895,0.22078888597747937
0.9711980000000001,50.0,0.017213394270232038,0.22048017349193585
0.9716925000000001,50.0,0.01721327417678165,0.2202016972356515
0.972187,50.0,0.017213139021830814,0.2199637208676283
0.9726815000000001,50.0,0.0172129960106709,0.2197662615583958
0.973176,50.0,0.017212885287316845,0.21960232193281423
0.9736705000000001,50.0,0.017212777280060116,0.21949653553167361
0.9741650000000001,50.0,0.017212671409446503,0.2194349639381621
0.9746595000000001,50.0,0.0172125929311593,0.21941298047629293
0.9751540000000001,50.0,0.017212513887011584,0.21945145383431514
0.9756485,50.0,0.017212439811050903,0.21953927764658424
0.9761430000000001,50.0,0.017212388481802902,0.2196652126907264
0.9766375,50.0,0.017212343485482416,0.21984760601429945
0.9771320000000001,50.0,0.01721230543328212,0.22006061996343543
0.9776265000000001,50.0,0.017212278756665225,0.22031830213566805
0.9781210000000001,50.0,0.017212259867944963,0.22061005973792863
0.9786155000000001,50.0,0.01721224202970451,0.2209222524071873
0.97911,50.0,0.01721222299999671,0.22126765807332258
0.9796045000000001,50.0,0.01721222038802674,0.22163209834253852
0.980099,50.0,0.017212227658911918,0.2220092316239737
0.9805935000000001,50.0,0.017212215676193094,0.22239841713248795
0.9810880000000001,50.0,0.0172122105005922,0.22280165784042763
0.9815825,50.0,0.017212235943029557,0.22319343500156513
0.9820770000000001,50.0,0.01721225109400028,0.2235913960231486
0.9825715,50.0,0.017212253271632474,0.22397470854586712
0.9830660000000001,50.0,0.017212270808416537,0.22433647762029926
0.9835605000000001,50.0,0.01721228439042177,0.22468326619860537
0.9840550000000001,50.0,0.017212284543662526,0.22499800725761268
0.9845495000000001,50.0,0.017212295268517332,0.22527975271070289
0.985044,50.0,0.01721230787860724,0.2255244238908958
0.9855385000000001,50.0,0.017212301992765838,0.22573059268119766
0.986033,50.0,0.017212301775646987,0.2259001126250391
0.9865275000000001,50.0,0.017212306570663378,0.22602067475185741
0.9870220000000001,50.0,0.017212293459743535,0.22610058098858493
0.9875165000000001,50.0,0.01721229085126115,0.22613997562616592
0.9880110000000001,50.0,0.017212295190167072,0.22612927588583306
0.9885055,50.0,0.017212279125684737,0.22608247418138186
0.9890000000000001,50.0,0.017212263680635276,0.22597796732249684
0.9894945,50.0,0.017212257084856266,0.22584569587135878
0.9899890000000001,50.0,0.01721224993696935,0.22566338014893417
0.9904835000000001,50.0,0.01721222573444913,0.22543516018263962
0.990978,50.0,0.01721218657182764,0.22518420393804336
0.9914725000000001,50.0,0.01721216520095839,0.22489165950267878
0.991967,50.0,0.017212141597618136,0.22457335500333428
0.9924615000000001,50.0,0.017212099528832066,0.22423523301143106
0.9929560000000001,50.0,0.017212074184429646,0.2238749128671966
0.9934505000000001,50.0,0.017212051947622972,0.22350690362361766
0.9939450000000001,50.0,0.017212011644464037,0.22313402363257032
0.9944395,50.0,0.017211983865263427,0.2227522409759395
0.9949340000000001,50.0,0.017211967472483852,0.22238026680014175
0.9954285,50.0,0.01721193898783326,0.2220111131604449
0.9959230000000001,50.0,0.01721191773743548,0.22165407499182707
0.9964175000000001,50.0,0.017211907717106227,0.22131464162259515
0.9969120000000001,50.0,0.01721188676860983,0.2209967227695235
0.9974065000000001,50.0,0.017211875851000327,0.22070048400203504
0.997901,50.0,0.01721188750465849,0.22043890022209306
0.9983955000000001,50.0,0.01721188945313564,0.22021284954097717
0.9988900000000001,50.0,0.017211887149700397,0.2200186066723161
0.9993845000000001,50.0,0.017211914744169065,0.21987539607013296
0.9998790000000001,50.0,0.017211958380896734,0.21976684158976728
1.0003735,50.0,0.0172119968207805,0.21970994637077892
1.000868,50.0,0.01721204469446251,0.21968848162277768
1.0013625000000002,50.0,0.01721210623412455,0.21971598748825685
1.001857,50.0,0.017212173626093688,0.219789638511108
1.0023515,50.0,0.01721224027417912,0.21989430520321232
1.0028460000000001,50.0,0.017212315496735048,0.2200449858618885
1.0033405000000002,50.0,0.01721241075571261,0.22022694065781337
1.003835,50.0,0.017212496355986887,0.22044961682002565
1.0043295,50.0,0.017212582656592503,0.22070123312326312
1.0048240000000002,50.0,0.017212694970712806,0.22097836018096506
1.0053185,50.0,0.017212798908288068,0.22128735619447992
1.005813,50.0,0.01721290634398247,0.22161501919014143
1.0063075000000001,50.0,0.017213032769462698,0.2219544564088239
1.006802,50.0,0.017213142909623256,0.2223130090737175
1.0072965,50.0,0.017213257036199043,0.22267106789238592
1.007791,50.0,0.017213396828652333,0.22303014117553968
1.0082855000000002,50.0,0.017213524632922535,0.22338573360967232
1.00878,50.0,0.017213633214707924,0.22372567142760258
1.0092745,50.0,0.01721375497296115,0.22405803571237548
1.0097690000000001,50.0,0.017213884930396953,0.22436589624746076
1.0102635,50.0,0.0172139997949695,0.2246541692788286
1.010758,50.0,0.017214117001291752,0.22491529616077122
1.0112525,50.0,0.0172142456548631,0.22514587516087786
1.0117470000000002,50.0,0.017214366204668846,0.22534626950634748
1.0122415,50.0,0.01721447825495922,0.22551588264103595
1.012736,50.0,0.017214593904700856,0.22563910125363418
1.0132305000000001,50.0,0.017214712612563115,0.2257258579729348
1.013725,50.0,0.017214821515911374,0.2257739601460994
1.0142195,50.0,0.017214918870014227,0.22577605939725703
1.0147140000000001,50.0,0.017215018006233478,0.22573529281327886
1.0152085000000002,50.0,0.017215113875875807,0.22565199321653856
1.015703,50.0,0.01721519982324808,0.22553156361867246
1.0161975,50.0,0.01721529035015631,0.22537167143881867
1.0166920000000002,50.0,0.017215369660254116,0.22517407279648588
1.0171865,50.0,0.017215429277535076,0.224948606413525
1.017681,50.0,0.017215512011346256,0.2247006193646708
1.0181755000000001,50.0,0.017215598412646145,0.22441561426353066
1.0186700000000002,50.0,0.0172156538955817,0.22411943807797854
1.0191645,50.0,0.01721572491455986,0.22380307075869865
1.019659,50.0,0.017215804868913217,0.22347480597203212
1.0201535000000002,50.0,0.017215859811898625,0.22313855184832676
1.020648,50.0,0.01721592039011153,0.22279239463413184
1.0211425,50.0,0.017215993353923615,0.22245328094585257
1.0216370000000001,50.0,0.017216061014471984,0.22211521415788354
1.0221315,50.0,0.017216123044544007,0.22178964596588274
1.022626,50.0,0.017216192939323693,0.22148080244502694
1.0231205,50.0,0.017216276321250876,0.22118776354760075
1.0236150000000002,50.0,0.017216359940407246,0.22092413595071836
1.0241095,50.0,0.01721644606797627,0.22068583801333852
1.024604,50.0,0.017216538679953902,0.22047636303504575
1.0250985000000001,50.0,0.01721663417053666,0.22030654773808112
1.025593,50.0,0.017216738874330468,0.22016148061745605
1.0260875,50.0,0.017216856060883818,0.22006100420272648
1.026582,50.0,0.017216973342265702,0.21999335764352404
1.0270765000000002,50.0,0.017217081194649653,0.2199601240393987
1.027571,50.0,0.017217203002452074,0.21997586891072057
1.0280655,50.0,0.017217341839469155,0.22002258512744588
1.0285600000000001,50.0,0.017217465228757355,0.22010843431624255
1.0290545,50.0,0.0172175974711109,0.22023310411925479
1.029549,50.0,0.017217758815650505,0.22039695104615648
1.0300435000000001,50.0,0.017217904071862054,0.22059097516149034
1.0305380000000002,50.0,0.017218044618728057,0.2208175637721072
1.0310325,50.0,0.017218216343286092,0.22106897797753372
1.031527,50.0,0.01721838282935052,0.2213433622640386
1.0320215000000001,50.0,0.017218535317506892,0.22164105533477413
1.032516,50.0,0.017218701240315257,0.22194287820071112
1.0330105,50.0,0.01721886757619878,0.22226106686669359
1.0335050000000001,50.0,0.017219034782713867,0.22258589011211016
1.0339995000000002,50.0,0.01721920872818125,0.22290204717812728
1.034494,50.0,0.01721937658327082,0.22322495321176528
1.0349885,50.0,0.017219542265788194,0.22353749718842203
1.0354830000000002,50.0,0.017219708669163936,0.22383880271305318
1.0359775,50.0,0.017219882937311144,0.22412697154074118
1.036472,50.0,0.017220058616692114,0.22439205175722282
1.0369665000000001,50.0,0.017220219486431123,0.2246390921044104
1.0374610000000002,50.0,0.017220386437014717,0.22485444139226426
1.0379555,50.0,0.017220557202902168,0.2250438574867855
1.03845,50.0,0.017220706142179264,0.2251991179123736
1.0389445000000002,50.0,0.017220851293153847,0.225314286195268
1.039439,50.0,0.017221008664529906,0.2254022175122394
1.0399335,50.0,0.017221150836489528,0.22544463303897064
1.0404280000000001,50.0,0.017221269340207446,0.2254573145159177
1.0409225,50.0,0.01722140433688716,0.22543126344157483
1.041417,50.0,0.017221545028168906,0.22536178641719504
1.0419115,50.0,0.017221657595659776,0.22527243283438558
1.0424060000000002,50.0,0.01722177348802199,0.22513953175287243
1.0429005,50.0,0.017221890961884343,0.22497187322378442
1.043395,50.0,0.017221990382996977,0.22478594439189756
1.0438895000000001,50.0,0.017222098635927323,0.22456286738931816
1.044384,50.0,0.01722220675623499,0.22431433146147492
1.0448785,50.0,0.017222295508882175,0.22404840766771053
1.045373,50.0,0.017222386313632817,0.22376436653344056
1.0458675000000002,50.0,0.01722248113344722,0.2234649445392856
1.046362,50.0,0.017222568273239442,0.2231601471047465
1.0468565,50.0,0.017222653885412366,0.2228470992143176
1.0473510000000001,50.0,0.017222744790367082,0.22253916843804358
1.0478455,50.0,0.017222842857464928,0.22224003297492223
1.04834,50.0,0.0172229336660559,0.2219407311855194
1.0488345000000001,50.0,0.017223020560625562,0.22166469315918425
1.0493290000000002,50.0,0.017223131261509973,0.22140069948909527
1.0498235,50.0,0.017223239114670604,0.22115586581717475
1.050318,50.0,0.017223323504866262,0.2209374741558013
1.0508125000000001,50.0,0.017223425701847234,0.22074354348495231
1.051307,50.0,0.01722354167495134,0.22057514107916584
1.0518015,50.0,0.017223645403822492,0.220441108437909
1.0522960000000001,50.0,0.017223755566519505,0.22033975473096287
1.0527905000000002,50.0,0.01722387635910266,0.2202701033885145
1.053285,50.0,0.01722398966128599,0.22023859034716325
1.0537795,50.0,0.017224106997966025,0.22024583334793177
1.0542740000000002,50.0,0.01722424404677724,0.22028487322562892
1.0547685,50.0,0.017224373881550275,0.22035619482234617
1.055263,50.0,0.01722450088160809,0.22047040917870447
1.0557575000000001,50.0,0.017224649800226862,0.2206050312402265
1.0562520000000002,50.0,0.01722478936101669,0.22077671403139648
1.0567465,50.0,0.017224922236190703,0.22097043778094874
1.057241,50.0,0.017225074454459928,0.2211832868425717
1.0577355000000002,50.0,0.01722522510225914,0.22143095911993685
1.05823,50.0,0.017225366505628493,0.22168457229338961
1.0587245,50.0,0.017225509306792192,0.22195225406336047
1.0592190000000001,50.0,0.017225666992115068,0.22224358736846989
1.0597135,50.0,0.01722583391649847,0.22253088212476735
1.060208,50.0,0.017225982155843002,0.22282385319378062
1.0607025,50.0,0.01722613122136323,0.22312173504008567
1.0611970000000002,50.0,0.017226296040341486,0.22340705366089678
1.0616915,50.0,0.01722644583588438,0.22368773269704675
1.062186,50.0,0.01722659082938495,0.223950947577113
1.0626805000000001,50.0,0.017226748481378663,0.22419553003219678
1.063175,50.0,0.01722688884236424,0.22442029858574816
1.0636695,50.0,0.017227018455093664,0.22462419904741437
1.064164,50.0,0.017227160004955187,0.22479233365301154
1.0646585000000002,50.0,0.01722728716320736,0.22494027464897096
1.065153,50.0,0.017227402645425022,0.2250561696235146
1.0656475,50.0,0.01722752919815558,0.22513726399503395
1.0661420000000001,50.0,0.017227645398305586,0.2251919479850097
1.0666365,50.0,0.017227742808082466,0.22520895131141305
1.067131,50.0,0.017227850452346698,0.22519401963668192
1.0676255000000001,50.0,0.017227963600593185,0.22514444172058948
1.0681200000000002,50.0,0.017228049404580788,0.22506562390646392
1.0686145,50.0,0.017228124783144207,0.22495025854607295
1.069109,50.0,0.01722821113503147,0.22480581693381058
1.0696035000000002,50.0,0.017228290438527725,0.2246382800150992
1.070098,50.0,0.017228360269771672,0.22444001328694746
1.0705925,50.0,0.017228426866739897,0.22422025597731712
1.0710870000000001,50.0,0.017228495274180897,0.22398921395180746
1.0715815000000002,50.0,0.017228561368647817,0.22373394338779048
1.072076,50.0,0.017228615659360486,0.2234764298589277
1.0725705,50.0,0.017228681531048708,0.2232061833917041
1.0730650000000002,50.0,0.017228748175383207,0.2229254308581397
1.0735595,50.0,0.017228797071293864,0.22266262176047769
1.074054,50.0,0.017228860256373345,0.22238019552409707
1.0745485000000001,50.0,0.017228922016811494,0.22211427420031615
1.0750430000000002,50.0,0.01722896799665672,0.2218613152917244
1.0755375,50.0,0.017229032296533945,0.22161261839805124
1.076032,50.0,0.017229094887083445,0.22138668340602205
1.0765265000000002,50.0,0.017229134843412434,0.22118085497926487
1.077021,50.0,0.017229191186772203,0.22099844881102174
1.0775155,50.0,0.017229267986036682,0.2208403503307347
1.0780100000000001,50.0,0.01722933030834604,0.22071597908149312
1.0785045,50.0,0.017229388201789916,0.2206158492684858
1.078999,50.0,0.017229462943138273,0.22055203839440052
1.0794935,50.0,0.017229538217756274,0.22051801344157526
1.0799880000000002,50.0,0.01722960730224133,0.22051460663752498
1.0804825,50.0,0.017229684388897534,0.2205448659848465
1.080977,50.0,0.017229768561752113,0.22060333469120286
1.0814715000000001,50.0,0.017229848842283308,0.220691826766192
1.081966,50.0,0.017229929057770113,0.2208134261528695
1.0824605,50.0,0.01723001775678927,0.22095696278439947
1.0829550000000001,50.0,0.017230110639960917,0.2211271515213987
1.0834495000000002,50.0,0.017230201863459665,0.22132308787073263
1.083944,50.0,0.017230295707786666,0.22153887262814279
1.0844385,50.0,0.017230395629662353,0.22177156326160358
1.0849330000000001,50.0,0.017230490088265576,0.22201243471268645
1.0854275,50.0,0.017230591912556895,0.2222768372416693
1.085922,50.0,0.017230708153619215,0.22253198031998667
1.0864165000000001,50.0,0.017230796660594423,0.2227972399784293
1.0869110000000002,50.0,0.01723087998225482,0.22306177225141133
1.0874055,50.0,0.01723099105947459,0.22331522429857528
1.0879,50.0,0.017231081083283563,0.22356961738989667
1.0883945000000002,50.0,0.017231157392587848,0.22380331024003083
1.088889,50.0,0.0172312521934373,0.22402560544226985
1.0893835,50.0,0.01723133702598751,0.2242386498225789
1.0898780000000001,50.0,0.01723140818257856,0.22442191076739365
1.0903725000000002,50.0,0.017231483623044833,0.224586287350441
1.090867,50.0,0.017231559226441463,0.22473167780462489
1.0913615,50.0,0.017231624550868952,0.22483917094911854
1.0918560000000002,50.0,0.017231680695669032,0.2249292964324849
1.0923505,50.0,0.01723173627632987,0.22498115870620528
1.092845,50.0,0.017231786972690913,0.22500414787684497
1.0933395000000001,50.0,0.017231831303415865,0.22499749088027896
1.0938340000000002,50.0,0.01723187229465748,0.22495846073122958
1.0943285,50.0,0.017231903828794106,0.2248896923373767
1.094823,50.0,0.01723192418973461,0.22479314200125497
1.0953175000000002,50.0,0.01723194795834693,0.22467059798123365
1.095812,50.0,0.01723198104616391,0.2245226388806326
1.0963065,50.0,0.01723199804081164,0.2243530346162296
1.0968010000000001,50.0,0.017232002016668392,0.22415984055264437
1.0972955,50.0,0.017232023286823273,0.22395486946866314
1.09779,50.0,0.01723203879718424,0.22373107628260905
1.0982845,50.0,0.01723202983884729,0.22349621519411564
1.0987790000000002,50.0,0.017232035852699744,0.22324978439728174
1.0992735,50.0,0.01723204791024037,0.22300177358110296
1.099768,50.0,0.017232032093031403,0.22275256427876064
1.1002625000000001,50.0,0.01723202517230942,0.2225019671290266
1.100757,50.0,0.017232031171979217,0.22225682339550076
1.1012515,50.0,0.017232021331737353,0.22202773617372615
1.1017460000000001,50.0,0.017232016088541337,0.22180605224220684
1.1022405000000002,50.0,0.017232012575237446,0.22159813332623407
1.102735,50.0,0.017232003532807176,0.2214168108003152
1.1032295,50.0,0.01723200499689457,0.22124628838428922
1.1037240000000001,50.0,0.017232010378516124,0.22110730131868064
1.1042185,50.0,0.01723201418114011,0.22098214333672325
1.104713,50.0,0.017232011417183994,0.22088823889023698
1.1052075000000001,50.0,0.017232011791814647,0.22082504021308605
1.1057020000000002,50.0,0.01723202758555094,0.2207779278191975
1.1061965,50.0,0.017232035557556997,0.22077007552310768
1.106691,50.0,0.01723203889822291,0.22078590196926978
1.1071855000000002,50.0,0.017232061522148397,0.22083006743176034
1.10768,50.0,0.01723208744258747,0.2209076824454572
1.1081745,50.0,0.0172321003515878,0.2210080746462855
1.1086690000000001,50.0,0.017232126031779826,0.22113500974441305
1.1091635000000002,50.0,0.01723216957147483,0.22128779457138542
1.109658,50.0,0.017232194517782455,0.22145777615703574
1.1101525,50.0,0.01723221568482403,0.22165189135637559
1.1106470000000002,50.0,0.017232259016707642,0.22185545919986432
1.1111415,50.0,0.017232293263464298,0.22207280160632267
1.111636,50.0,0.01723232167893206,0.2223039794346596
1.1121305000000001,50.0,0.017232361766900243,0.22253536801565485
1.1126250000000002,50.0,0.017232387122157626,0.22277271513185062
1.1131195,50.0,0.01723240875990285,0.2230121386556515
1.113614,50.0,0.017232447649143317,0.22324925412098165
1.1141085000000002,50.0,0.017232477318557617,0.22347435124135243
1.114603,50.0,0.017232495877251938,0.2236970031049371
1.1150975,50.0,0.017232521886350653,0.22390188339467584
1.1155920000000001,50.0,0.017232546411708148,0.2240961731477607
1.1160865,50.0,0.017232562862011996,0.22426794800700503
1.116581,50.0,0.01723257041066943,0.2244160059973067
1.1170755,50.0,0.017232580365433348,0.22454981664858437
1.1175700000000002,50.0,0.01723259302441817,0.22465016442454872
1.1180645,50.0,0.01723258156755844,0.22472977247698298
1.118559,50.0,0.01723257159795244,0.22478365128730338
1.1190535000000001,50.0,0.01723257977500189,0.2248066331204035
1.119548,50.0,0.017232566488921137,0.2248095127264008
1.1200425,50.0,0.017232541296763385,0.22477984865982525
1.1205370000000001,50.0,0.017232527222142444,0.22472947883961547
1.1210315000000002,50.0,0.017232506035486334,0.224652261773184
1.121526,50.0,0.01723247600033594,0.22454525256164984
1.1220205,50.0,0.017232452825785036,0.22442603106353856
1.1225150000000002,50.0,0.01723242208644217,0.2242707031560041
1.1230095,50.0,0.01723237279946016,0.22410547695401892
1.123504,50.0,0.01723233455217095,0.22392253548624128
1.1239985000000001,50.0,0.017232297178352795,0.22371850864057963
1.1244930000000002,50.0,0.0172322363433265,0.22350944364254882
1.1249875,50.0,0.017232185524309777,0.22328796765432027
1.125482,50.0,0.01723214207164032,0.223063996347978
1.1259765000000002,50.0,0.017232081591711586,0.22284069537007745
1.126471,50.0,0.017232023703972244,0.2226140813405877
1.1269655,50.0,0.01723197567585289,0.22239150164533214
1.1274600000000001,50.0,0.01723192621290426,0.22218450907293924
1.1279545000000002,50.0,0.01723186608053099,0.2219792581410577
1.128449,50.0,0.017231802520621127,0.2217878314277177
1.1289435,50.0,0.017231756441894692,0.22161599600415788
1.1294380000000002,50.0,0.01723171104727097,0.22145813962111752
1.1299325,50.0,0.017231650899506734,0.22131972080803983
1.130427,50.0,0.017231604064174157,0.22120630075671557
1.1309215000000001,50.0,0.01723156224467207,0.22111348171255288
1.1314160000000002,50.0,0.01723150911938949,0.22105091817627773
1.1319105,50.0,0.017231474379081745,0.22101083512283615
1.132405,50.0,0.01723144523323712,0.22099372760679456
1.1328995000000002,50.0,0.017231401895407623,0.22101149715701943
1.133394,50.0,0.01723137568997557,0.22104871317035363
1.1338885,50.0,0.017231358082271348,0.22111155936802915
1.1343830000000001,50.0,0.017231325594384523,0.22119856565254745
1.1348775,50.0,0.017231300951056558,0.2213063403948321
1.135372,50.0,0.01723129013983935,0.2214361903258812
1.1358665000000001,50.0,0.017231266609624308,0.2215828179914311
1.1363610000000002,50.0,0.017231235135117897,0.2217504701508474
1.1368555,50.0,0.01723122570846208,0.22192777644175563
1.13735,50.0,0.017231219116082688,0.22211922272119003
1.1378445000000001,50.0,0.017231196705349117,0.22232847502982575
1.138339,50.0,0.017231179170253744,0.22253181735569416
1.1388335,50.0,0.017231166409065028,0.22274999515306954
1.1393280000000001,50.0,0.017231154471497163,0.22296902117379772
1.1398225000000002,50.0,0.017231138530081663,0.22317717694703965
1.140317,50.0,0.0172311202566036,0.2233897639039585
1.1408115,50.0,0.01723110788364609,0.22358697941922934
1.1413060000000002,50.0,0.017231083112586844,0.22377557462103215
1.1418005,50.0,0.01723105730238741,0.2239553131270888
1.142295,50.0,0.017231041477004286,0.22410794034523654
1.1427895000000001,50.0,0.01723100706260994,0.2242500957053196
1.1432840000000002,50.0,0.017230972767829124,0.22437722922038356
1.1437785,50.0,0.01723095176034057,0.22447347770488763
1.144273,50.0,0.01723090985557604,0.22455216522877705
1.1447675000000002,50.0,0.017230866408220413,0.22460971605379407
1.145262,50.0,0.01723084320806053,0.22463864422725793
1.1457565,50.0,0.017230799871252145,0.22464330704030058
1.1462510000000001,50.0,0.01723073718494761,0.22462569381551337
1.1467455000000002,50.0,0.0172306905428619,0.2245803909706041
1.14724,50.0,0.017230643844923565,0.22451067927808144
1.1477345,50.0,0.01723058040171375,0.2244216140586458
1.1482290000000002,50.0,0.017230514804598068,0.22430458291322292
1.1487235,50.0,0.01723045240552869,0.22417655367105319
1.149218,50.0,0.0172303833388649,0.22402628851870304
1.1497125000000001,50.0,0.017230308343053932,0.2238621973199909
1.1502070000000002,50.0,0.017230237780451532,0.223687359695874
1.1507015,50.0,0.017230164705414792,0.223499867478962
1.151196,50.0,0.017230085830002604,0.22330745509535838
1.1516905000000002,50.0,0.01723000885609149,0.22310692276559652
1.152185,50.0,0.017229933180945626,0.2229088705785553
1.1526795,50.0,0.017229854922802528,0.22270025359706433
1.1531740000000001,50.0,0.017229773351662186,0.22250305253584868
1.1536685,50.0,0.017229698819143945,0.22231212364034897
1.154163,50.0,0.01722961867717745,0.22211875692463734
1.1546575000000001,50.0,0.017229527002918996,0.2219478424304821
1.1551520000000002,50.0,0.01722946303007394,0.22178666000208225
1.1556465,50.0,0.017229401831217468,0.22163577941826512
1.156141,50.0,0.01722931382357477,0.2215150036463697
1.1566355000000001,50.0,0.01722924820745165,0.22140253144673636
1.15713,50.0,0.017229195737843536,0.2213162645594891
1.1576245,50.0,0.017229126247635198,0.2212570687775854
1.1581190000000001,50.0,0.01722906629833118,0.22120749793140068
1.1586135000000002,50.0,0.0172290171258267,0.22119222351020953
1.159108,50.0,0.01722896158176978,0.2211965812634622
1.1596025,50.0,0.017228907263107832,0.2212235842081641
1.1600970000000002,50.0,0.017228861144174195,0.22127061346822352
1.1605915,50.0,0.017228816362975935,0.22134637419880224
1.161086,50.0,0.017228770419586783,0.22143710903979388
1.1615805000000001,50.0,0.017228727962161707,0.22155125331498524
1.1620750000000002,50.0,0.017228689176117105,0.22168603742976606
1.1625695,50.0,0.017228650266400383,0.22183060712922328
1.163064,50.0,0.017228616807319214,0.22199544158718265
1.1635585000000002,50.0,0.01722859225476158,0.22216876480734324
1.164053,50.0,0.017228559087543248,0.22235110168795574
1.1645475,50.0,0.01722851647419777,0.2225392840858298
1.1650420000000001,50.0,0.017228489337107293,0.22273115036853372
1.1655365000000002,50.0,0.01722846899926261,0.22292249983747556
1.166031,50.0,0.017228429188857832,0.22311327728758104
1.1665255,50.0,0.017228391064324867,0.22329868473251313
1.1670200000000002,50.0,0.01722837222599097,0.22347792800246719
1.1675145,50.0,0.017228337217085266,0.22364919883204767
1.168009,50.0,0.017228293461954713,0.22381362497295684
1.1685035000000001,50.0,0.017228272221795096,0.22395276260052496
1.1689980000000002,50.0,0.017228237530092335,0.22409042094055504
1.1694925,50.0,0.017228190869551314,0.224208908581285
1.169987,50.0,0.017228159823730032,0.22429687992117994
1.1704815000000002,50.0,0.0172281186372775,0.22437931227229288
1.170976,50.0,0.017228072656214725,0.2244300530027766
1.1714705,50.0,0.017228031378062558,0.22446247307157924
1.1719650000000001,50.0,0.017227977463817518,0.22447376933383523
1.1724595,50.0,0.017227917682216383,0.22445720730870136
1.172954,50.0,0.01722786015651348,0.2244240779726339
1.1734485000000001,50.0,0.017227807388591483,0.22437074539502147
1.1739430000000002,50.0,0.017227747773932742,0.22428853014518002
1.1744375,50.0,0.01722767378827223,0.22419633325046298
1.174932,50.0,0.017227609276363416,0.22408418709624264
1.1754265000000002,50.0,0.01722755041156494,0.22395124886088688
1.175921,50.0,0.017227474152714164,0.2238084768104584
1.1764155,50.0,0.01722739615721012,0.2236493019276623
1.1769100000000001,50.0,0.017227332269642258,0.22348240055388785
1.1774045000000002,50.0,0.0172272578255031,0.2233031215596689
1.177899,50.0,0.017227170934603363,0.22312501077538416
1.1783935,50.0,0.017227102361426987,0.22293559010717243
1.1788880000000002,50.0,0.017227034524954027,0.2227519881496366
1.1793825,50.0,0.01722694970986323,0.2225721412068216
1.179877,50.0,0.017226876457954506,0.2223942744874262
1.1803715000000001,50.0,0.017226809721328316,0.2222266359484628
1.1808660000000002,50.0,0.01722673330217068,0.22206799697773447
1.1813605,50.0,0.017226672050947273,0.22192439257886715
1.181855,50.0,0.017226615887537114,0.22178888276346015
1.1823495000000002,50.0,0.017226541122616755,0.22167425402291807
1.182844,50.0,0.017226479073377418,0.22157103356957525
1.1833385,50.0,0.017226430114008838,0.22149066918301852
1.1838330000000001,50.0,0.01722637019173949,0.22142655830392058
1.1843275000000002,50.0,0.017226311910759542,0.22137820492982668
1.184822,50.0,0.017226260750956113,0.22135899203494983
1.1853165,50.0,0.017226217225948127,0.22135766429946188
1.1858110000000002,50.0,0.01722617115332148,0.22137208386866525
1.1863055,50.0,0.017226120791872527,0.22141649465516963
1.1868,50.0,0.01722609101671193,0.2214762927599037
1.1872945000000001,50.0,0.01722605870894635,0.22155378904446896
1.187789,50.0,0.017226011304066122,0.2216580296245636
1.1882835,50.0,0.017225984180638393,0.22176421869006052
1.1887780000000001,50.0,0.017225964558425774,0.2218997528703681
1.1892725000000002,50.0,0.01722593256887258,0.2220389843710944
1.189767,50.0,0.017225906502174967,0.22218918747814564
1.1902615,50.0,0.017225886214853974,0.2223544581086368
1.1907560000000001,50.0,0.017225856700310585,0.2225194871643954
1.1912505,50.0,0.017225834558252946,0.22269374009814963
1.191745,50.0,0.01722582631872086,0.22286829605653213
1.1922395000000001,50.0,0.017225801438179873,0.22304225007899872
1.1927340000000002,50.0,0.017225775362232396,0.2232155816928587
1.1932285,50.0,0.01722577036951799,0.22338045727864256
1.193723,50.0,0.017225752868541822,0.2235408326906926
1.1942175000000002,50.0,0.017225724783370377,0.22368840571643125
1.194712,50.0,0.017225710713371863,0.22382091555783018
1.1952065,50.0,0.017225692691563783,0.22394601187069063
1.1957010000000001,50.0,0.017225662809383115,0.2240482201388201
1.1961955000000002,50.0,0.01722563444264788,0.2241370322754453
1.19669,50.0,0.01722561148399386,0.2242041445943554
1.1971845,50.0,0.017225586989492857,0.22425795341965934
1.1976790000000002,50.0,0.01722554792377987,0.2242883509708894
1.1981735,50.0,0.01722550696685577,0.2243011779951759
1.198668,50.0,0.017225479229390914,0.2242944373629026
1.1991625000000001,50.0,0.017225439873788644,0.2242678469332022
1.1996570000000002,50.0,0.01722539546862268,0.22422608952415984
1.2001515,50.0,0.0172253624186804,0.2241548876505146
1.200646,50.0,0.017225311255954792,0.22407924921800806
1.2011405000000002,50.0,0.017225259505469825,0.22397844910541878
1.201635,50.0,0.0172252236878759,0.22386236086011999
1.2021295,50.0,0.017225168720391246,0.22373674993928613
1.2026240000000001,50.0,0.01722510829199459,0.22359373485003456
1.2031185000000002,50.0,0.01722506520248409,0.22344692433769928
1.203613,50.0,0.017225015999652114,0.2232901531187864
1.2041075,50.0,0.01722495442630881,0.22312543037432617
1.2046020000000002,50.0,0.017224906835719308,0.22296475594011086
1.2050965,50.0,0.017224867177210005,0.2227960819241772
1.205591,50.0,0.01722480884931396,0.22263289209746084
1.2060855000000001,50.0,0.01722475340514007,0.2224763401835168
1.20658,50.0,0.017224713891399433,0.22231483740313882
1.2070745,50.0,0.017224669764795062,0.2221728586362268
1.2075690000000001,50.0,0.017224623025874325,0.2220341180381866
1.2080635000000002,50.0,0.017224577027874634,0.22190716669061122
1.208558,50.0,0.017224534843023994,0.2217966352234461
1.2090525,50.0,0.01722449668441167,0.22169983397783946
1.2095470000000001,50.0,0.017224455862887088,0.22162265240236512
1.2100415,50.0,0.017224424800664967,0.22155995626502678
1.210536,50.0,0.017224393851557645,0.22151686045925723
1.2110305000000001,50.0,0.01722435752219251,0.22149618508910124
1.2115250000000002,50.0,0.017224340077896395,0.22149443073492725
1.2120195,50.0,0.017224321851308146,0.2215050852116669
1.212514,50.0,0.017224289972694064,0.221540674938917
1.2130085000000002,50.0,0.017224279526341413,0.22159349905037323
1.213503,50.0,0.01722427221043271,0.2216592587097049
1.2139975,50.0,0.017224243903575992,0.2217442459459481
1.2144920000000001,50.0,0.017224236241658877,0.22184145557286278
1.2149865000000002,50.0,0.01722424373231625,0.2219550555739329
1.215481,50.0,0.017224232046680884,0.22207918750969274
1.2159755,50.0,0.017224222520540296,0.222212690131144
1.2164700000000002,50.0,0.017224226936298236,0.22235862155580371
1.2169645,50.0,0.017224231267867953,0.22250882470406283
1.217459,50.0,0.01722423244321009,0.2226632195247689
1.2179535000000001,50.0,0.017224237322479054,0.22282180307748375
1.2184480000000002,50.0,0.017224245020509454,0.22297511676058246
1.2189425,50.0,0.01722424726499048,0.22313467343973475
1.219437,50.0,0.017224252775254485,0.223281307438158
1.2199315000000002,50.0,0.01722426011571019,0.22342330918900602
1.220426,50.0,0.017224260702893183,0.22356176280948695
1.2209205,50.0,0.017224260388789422,0.22368094063799215
1.2214150000000001,50.0,0.017224262147271137,0.22379797461650158
1.2219095000000002,50.0,0.01722426508085025,0.22389850047736076
1.222404,50.0,0.017224258433373697,0.2239774848498787
1.2228985,50.0,0.017224256688209042,0.22405342847406298
1.2233930000000002,50.0,0.01722426479220029,0.22410356974026222
1.2238875,50.0,0.01722424668232551,0.22413611768754949
1.224382,50.0,0.017224229162028763,0.2241566681129476
1.2248765000000001,50.0,0.017224236704090606,0.22414977128691466
1.225371,50.0,0.017224222588563712,0.2241314261442987
1.2258655,50.0,0.017224196620204652,0.22409091323653435
1.2263600000000001,50.0,0.01722418854020305,0.22403234448873308
1.2268545000000002,50.0,0.017224171571058117,0.2239613296912989
1.227349,50.0,0.017224146146649712,0.22387463582990666
1.2278435,50.0,0.01722412995921174,0.22377027579826192
1.2283380000000002,50.0,0.017224109941105382,0.22365774228783117
1.2288325,50.0,0.017224084540522107,0.22353738058738643
1.229327,50.0,0.0172240640459784,0.22340329089655203
1.2298215000000001,50.0,0.017224044530988195,0.22326485921330122
1.2303160000000002,50.0,0.017224022215662313,0.22312139356285415
1.2308105,50.0,0.017223998451482116,0.22297320362895112
1.231305,50.0,0.0172239777394554,0.22282454926505538
1.2317995000000002,50.0,0.017223954971069544,0.22267659787665056
1.232294,50.0,0.017223924503016262,0.22253035276295838
1.2327885,50.0,0.017223905443839352,0.22238989734255535
1.2332830000000001,50.0,0.017223894976613377,0.22225464934283898
1.2337775000000002,50.0,0.01722386971473394,0.22213192693645686
1.234272,50.0,0.017223842473744453,0.2220141237953014
1.2347665,50.0,0.017223835174956632,0.22191627520728915
1.2352610000000002,50.0,0.017223828018800753,0.22182374281349845
1.2357555,50.0,0.017223804678287654,0.2217501306511847
1.23625,50.0,0.01722379850144566,0.22169505453056965
1.2367445000000001,50.0,0.01722380155511976,0.22164262727525771
1.2372390000000002,50.0,0.017223786067203498,0.22162537087994832
1.2377335,50.0,0.017223786812037244,0.2216130334770978
1.238228,50.0,0.01722379615011021,0.2216133407115205
1.2387225000000002,50.0,0.017223789903951174,0.2216462746772149
1.239217,50.0,0.017223797214669035,0.22168348784997477
1.2397115,50.0,0.01722380968465281,0.22174099942308753
1.2402060000000001,50.0,0.01722381566484548,0.22181736420630208
1.2407005000000002,50.0,0.017223832968989435,0.22190119186755314
1.241195,50.0,0.017223856071250515,0.22200646393519402
1.2416895000000001,50.0,0.017223874649309474,0.2221174877878919
1.2421840000000002,50.0,0.017223889029284203,0.22223912698317994
1.2426785,50.0,0.017223911227233785,0.2223693076478075
1.243173,50.0,0.017223944285085648,0.222506312402654
1.2436675000000001,50.0,0.017223966779015037,0.22264226325934905
1.244162,50.0,0.017223981600713565,0.22278304521278633
1.2446565,50.0,0.017224012525212818,0.22292643757583078
1.2451510000000001,50.0,0.017224043422664752,0.22306159259587674
1.2456455000000002,50.0,0.017224058577383385,0.22319927217235638
1.24614,50.0,0.017224083539332354,0.22332820748701473
1.2466345,50.0,0.01722411600789174,0.22345081128172375
1.2471290000000002,50.0,0.01722413224733891,0.22356611112663347
1.2476235,50.0,0.017224150819158058,0.2236718588048777
1.248118,50.0,0.01722418207067446,0.22376209007914744
1.2486125000000001,50.0,0.017224200773416395,0.22384001834018805
1.2491070000000002,50.0,0.017224214525912506,0.2239086970185301
1.2496015,50.0,0.01722423873598487,0.223955375015657
1.250096,50.0,0.017224248305624468,0.22398916176745684
1.2505905000000002,50.0,0.01722425338045689,0.22400903699046612
1.251085,50.0,0.017224278066717145,0.2240077895692432
1.2515795,50.0,0.01722428841208831,0.22399517276813094
1.2520740000000001,50.0,0.017224286130148193,0.2239672833289266
1.2525685000000002,50.0,0.017224297858578982,0.22391498901158446
1.253063,50.0,0.017224308320609,0.22386493080718367
1.2535575,50.0,0.01722431281028853,0.22378661642634665
1.2540520000000002,50.0,0.01722431133490538,0.22369565316996398
1.2545465,50.0,0.017224313918133477,0.22360500426231433
1.255041,50.0,0.01722432270843954,0.22348977750151613
1.2555355000000001,50.0,0.017224314740390392,0.22337305894439902
1.2560300000000002,50.0,0.0172243109499753,0.22324644305284586
1.2565245,50.0,0.01722431991562944,0.22311360688568108
1.257019,50.0,0.017224311879515876,0.22297989434768317
1.2575135000000002,50.0,0.017224301338442403,0.22284536564410484
1.258008,50.0,0.01722430451954756,0.2227066346636579
1.2585025,50.0,0.01722430223292053,0.22257693695282146
1.2589970000000001,50.0,0.017224297241737897,0.222450203236444
1.2594915000000002,50.0,0.01722430436989495,0.22232628409133193
1.259986,50.0,0.017224304286406488,0.22221445643214996
1.2604805000000001,50.0,0.017224295528259038,0.222110781581482
1.2609750000000002,50.0,0.0172243070850065,0.22201634237008736
1.2614695,50.0,0.017224319297329656,0.22193199127731086
1.261964,50.0,0.01722431340691882,0.22186551951720168
1.2624585000000002,50.0,0.01722432142686102,0.22180538339599912
1.262953,50.0,0.017224341946038446,0.22176567565908348
1.2634475,50.0,0.01722434972330656,0.22173883777533904
1.2639420000000001,50.0,0.017224360969871563,0.2217265119174687
1.2644365000000002,50.0,0.01722438478409694,0.2217291541997243
1.264931,50.0,0.017224405480316125,0.22175259191735194
1.2654255,50.0,0.017224424575183465,0.22178495737151638
1.2659200000000002,50.0,0.017224447029973017,0.22183411920730559
1.2664145,50.0,0.017224479586390822,0.22189870860970692
1.266909,50.0,0.017224513990744202,0.22196975402559513
1.2674035000000001,50.0,0.017224536351435907,0.22206146184844766
1.2678980000000002,50.0,0.017224569406483287,0.22215580826625844
1.2683925,50.0,0.017224605678435107,0.22225876642985665
1.268887,50.0,0.01722463102011269,0.22237859398263948
1.2693815000000002,50.0,0.017224673235805288,0.22249514304895412
1.269876,50.0,0.017224711924573838,0.22261601797249472
1.2703705,50.0,0.01722473468511341,0.22275237014192503
1.2708650000000001,50.0,0.017224777401060678,0.22287377230401972
1.2713595000000002,50.0,0.017224823270381027,0.22300593360273743
1.271854,50.0,0.017224850266970355,0.22313067534222772
1.2723485,50.0,0.017224883259630768,0.22324953618609472
1.2728430000000002,50.0,0.017224928426474665,0.2233671244824819
1.2733375,50.0,0.017224959823380265,0.22346939235705404
1.273832,50.0,0.01722498426801147,0.22356862178194656
1.2743265000000001,50.0,0.017225025069911283,0.2236501540710442
1.2748210000000002,50.0,0.017225059864523575,0.2237257804470076
1.2753155,50.0,0.017225080976029847,0.22378475310519663
1.27581,50.0,0.017225107788606447,0.22383230617687008
1.2763045000000002,50.0,0.01722513623991684,0.22386629763265722
1.276799,50.0,0.01722516282267057,0.22388329866687842
1.2772935,50.0,0.017225186981259737,0.22388995889897326
1.2777880000000001,50.0,0.017225208159853893,0.22388099408851048
1.2782825000000002,50.0,0.01722522969074026,0.22385435245382448
1.278777,50.0,0.01722524609115807,0.223817709261046
1.2792715000000001,50.0,0.017225263887897784,0.2237678267969115
1.2797660000000002,50.0,0.01722528468225791,0.22370011886760433
1.2802605,50.0,0.017225289391958158,0.22362445833520292
1.280755,50.0,0.017225296682523077,0.22353828688275187
1.2812495000000002,50.0,0.017225319734696518,0.22344261011026292
1.281744,50.0,0.01722532182001788,0.2233354657385583
1.2822385,50.0,0.017225321277500816,0.22322845436308697
1.2827330000000001,50.0,0.01722534370683546,0.22310897855226766
1.2832275000000002,50.0,0.017225347012968403,0.22299524669562745
1.283722,50.0,0.01722534070110076,0.2228732160607607
1.2842165,50.0,0.017225355748060042,0.22274833690585705
1.2847110000000002,50.0,0.01722536788596874,0.22263702210932573
1.2852055,50.0,0.01722536991362998,0.22251279130017293
1.2857,50.0,0.017225375265055264,0.2224043710477057
1.2861945000000001,50.0,0.01722538520510809,0.22229776323609546
1.2866890000000002,50.0,0.017225393062329678,0.22219728237493952
1.2871835,50.0,0.0172254017425429,0.2221113869171721
1.287678,50.0,0.017225416388001277,0.222029944681898
1.2881725000000002,50.0,0.017225426838865198,0.22196393755142554
1.288667,50.0,0.01722543918230193,0.2219119247273538
1.2891615,50.0,0.017225460592013946,0.22187029072878717
1.2896560000000001,50.0,0.01722548182016291,0.221845140261654
1.2901505000000002,50.0,0.017225500291673357,0.22183222240277375
1.290645,50.0,0.017225519983309012,0.22183351918971475
1.2911395,50.0,0.017225550152633988,0.22185225727037727
1.2916340000000002,50.0,0.01722557545235515,0.22187734455686062
1.2921285,50.0,0.017225591901348564,0.22192220070352583
1.292623,50.0,0.017225631489816092,0.2219732679406658
1.2931175000000001,50.0,0.017225668598571664,0.22204135272995792
1.2936120000000002,50.0,0.01722568272573838,0.22211749105115358
1.2941065,50.0,0.017225717222758015,0.22220179191651832
1.2946010000000001,50.0,0.01722576196293549,0.2222975938917479
1.2950955000000002,50.0,0.017225787946719293,0.2224009241033712
1.29559,50.0,0.017225822579708276,0.22250683131462803
1.2960845,50.0,0.01722586481036319,0.22261694317731945
1.2965790000000001,50.0,0.017225895189357215,0.2227344748598513
1.2970735000000002,50.0,0.017225932751440444,0.22284734390623814
1.297568,50.0,0.017225973678105102,0.22296134701170148
1.2980625000000001,50.0,0.017226005346923017,0.2230718320980398
1.2985570000000002,50.0,0.017226038273623047,0.22318116744128577
1.2990515,50.0,0.017226073941052557,0.22328473314416206
1.299546,50.0,0.017226109935709555,0.22337916729079973
1.3000405000000002,50.0,0.017226140266435406,0.22346820756891653
1.300535,50.0,0.017226171479176714,0.22355168546640067
1.3010295,50.0,0.017226209968071716,0.22361796767543715
1.3015240000000001,50.0,0.017226236210231987,0.22368098313723436
1.3020185000000002,50.0,0.017226255927965815,0.22372786750785467
1.302513,50.0,0.01722628928491384,0.22376131612522027
1.3030075,50.0,0.017226322342528327,0.22378650055440824
1.3035020000000002,50.0,0.01722633685572716,0.22378973268509333
1.3039965,50.0,0.01722635181055789,0.22378753219698025
1.304491,50.0,0.017226381913427187,0.22376657076239445
1.3049855000000001,50.0,0.017226395433561532,0.2237326060386806
1.3054800000000002,50.0,0.017226401544451753,0.2236904375429148
1.3059745,50.0,0.017226424731748978,0.22363121333299693
1.306469,50.0,0.017226431713308166,0.2235630248685699
1.3069635000000002,50.0,0.017226434705345395,0.22349053004527708
1.307458,50.0,0.017226454426569435,0.22340119319489316
1.3079525,50.0,0.01722645968880063,0.22330961806565547
1.3084470000000001,50.0,0.01722646083397662,0.2232112416985354
1.3089415000000002,50.0,0.01722647317069405,0.22310695989829046
1.309436,50.0,0.017226476486296088,0.22300213601139526
1.3099305,50.0,0.01722647483728568,0.22288964246659895
1.3104250000000002,50.0,0.017226481362105212,0.22278330585020015
1.3109195,50.0,0.017226491172647886,0.222673769789249
1.311414,50.0,0.01722649448837321,0.2225690263827036
1.3119085000000001,50.0,0.017226490809776354,0.22246723389765902
1.3124030000000002,50.0,0.017226497939908828,0.22237260903273023
1.3128975,50.0,0.017226514044211026,0.22228555615046797
1.3133920000000001,50.0,0.017226515178395383,0.2222030621508436
1.3138865000000002,50.0,0.017226517747239403,0.22213369449091086
1.314381,50.0,0.01722653710243413,0.222071502771735
1.3148755,50.0,0.017226546771019275,0.2220219008476276
1.3153700000000002,50.0,0.01722655272250124,0.2219806346061253
1.3158645000000002,50.0,0.017226572773721263,0.22195358857655845
1.316359,50.0,0.017226588116476593,0.22193746111619986
1.3168535000000001,50.0,0.017226595109672067,0.22193149639682627
1.3173480000000002,50.0,0.01722661503067529,0.2219463667464096
1.3178425,50.0,0.017226638217911417,0.2219621773320011
1.318337,50.0,0.017226649295853706,0.22199820146066646
1.3188315000000002,50.0,0.017226675523906443,0.22204767483425913
1.319326,50.0,0.017226705539347176,0.22209918824582958
1.3198205,50.0,0.017226715506105994,0.22217347268759088
1.3203150000000001,50.0,0.017226741409798282,0.22224702830785456
1.3208095000000002,50.0,0.0172267780147001,0.2223304208092685
1.321304,50.0,0.017226799231842473,0.22242833004175946
1.3217985,50.0,0.017226821777423202,0.22251813254996358
1.3222930000000002,50.0,0.01722684984743738,0.22262097634869338
1.3227875,50.0,0.017226881869125295,0.2227259413197098
1.323282,50.0,0.017226908958111794,0.22282736085161398
1.3237765000000001,50.0,0.0172269290337725,0.22293127080906355
1.3242710000000002,50.0,0.017226961911147448,0.22303260131636388
1.3247655,50.0,0.0172269908644238,0.22313301822167025
1.32526,50.0,0.017227008563253793,0.2232274548884638
1.3257545000000002,50.0,0.017227040018553085,0.22331453708410479
1.326249,50.0,0.017227070889555784,0.2233971533391326
1.3267435,50.0,0.01722708723844038,0.22347037636885994
1.3272380000000001,50.0,0.01722711113230594,0.22353651462893587
1.3277325000000002,50.0,0.017227135851914908,0.22358779554380584
1.328227,50.0,0.0172271464625657,0.223632492274893
1.3287215,50.0,0.0172271662741404,0.22366690824870786
1.3292160000000002,50.0,0.017227191112313075,0.22368423980205304
1.3297105,50.0,0.01722719520282784,0.22369586296053726
1.330205,50.0,0.017227200840681387,0.22369339758198573
1.3306995000000001,50.0,0.01722722293253469,0.2236804738343867
1.3311940000000002,50.0,0.01722723139353352,0.2236535092295896
1.3316885,50.0,0.01722722774287341,0.22362137408756652
1.3321830000000001,50.0,0.0172272378020131,0.2235711010000375
1.3326775000000002,50.0,0.017227245639550824,0.22351507454722003
1.333172,50.0,0.01722724231418534,0.22345403841455627
1.3336665,50.0,0.01722724425560064,0.22337106247805386
1.3341610000000002,50.0,0.017227245906554105,0.22329344271580748
1.3346555000000002,50.0,0.017227244783629525,0.22320515091941412
1.33515,50.0,0.017227238695763345,0.22310761766913217
1.3356445000000001,50.0,0.01722723146333945,0.22301571272644222
1.3361390000000002,50.0,0.01722723526693803,0.22291250791739212
1.3366335,50.0,0.0172272293474565,0.22281227787096822
1.337128,50.0,0.017227222851234472,0.22272067998663125
1.3376225000000002,50.0,0.017227227249296005,0.22261622478347012
1.338117,50.0,0.01722721583672953,0.22252803059469867
1.3386115,50.0,0.017227211455548543,0.22244260872085697
1.3391060000000001,50.0,0.01722722222993637,0.22235742565216587
1.3396005000000002,50.0,0.01722721328066531,0.2222841261175913
1.340095,50.0,0.017227202984658786,0.22221803574267668
1.3405895,50.0,0.017227213222266703,0.22216107341484317
1.3410840000000002,50.0,0.01722721638866331,0.22211195970112202
1.3415785,50.0,0.017227207509941972,0.2220749739863844
1.342073,50.0,0.01722721306630124,0.2220482605977262
1.3425675000000001,50.0,0.01722722317548844,0.2220330963281193
1.3430620000000002,50.0,0.0172272202275901,0.22202995451271065
1.3435565,50.0,0.01722722448994142,0.22203749875053727
1.344051,50.0,0.01722723915711051,0.22205368660459765
1.3445455000000002,50.0,0.01722724773563052,0.2220869446107552
1.34504,50.0,0.017227255165423592,0.22212219788433507
1.3455345,50.0,0.017227265973933308,0.22217292029269256
1.3460290000000001,50.0,0.017227277291305514,0.22223162840392044
1.3465235000000002,50.0,0.01722729014348316,0.22229388665319894
1.347018,50.0,0.0172273043340561,0.22236893646558706
1.3475125000000001,50.0,0.017227319695676622,0.2224492134591909
1.3480070000000002,50.0,0.017227332486264575,0.22253082769961083
1.3485015,50.0,0.017227343661231014,0.22262145678019069
1.348996,50.0,0.017227367809952706,0.22271742402808756
1.3494905000000001,50.0,0.017227387287118825,0.22280444906147112
1.3499850000000002,50.0,0.017227389832613474,0.22290507700155135
1.3504795,50.0,0.017227412998942558,0.22299743321733217
1.3509740000000001,50.0,0.017227437592179443,0.22308558822489327
1.3514685000000002,50.0,0.017227438203942003,0.22317896688697839
1.351963,50.0,0.01722745644840389,0.22325519226469934
1.3524575,50.0,0.017227479922778937,0.22333156756053257
1.3529520000000002,50.0,0.01722748223117443,0.22340537856987444
1.3534465,50.0,0.01722748888380812,0.22345934080182822
1.353941,50.0,0.01722750276551692,0.22351294220358367
1.3544355000000001,50.0,0.01722751095629553,0.22355707779445763
1.3549300000000002,50.0,0.017227514825655776,0.22358450131324578
1.3554245,50.0,0.017227520920575404,0.22361028034407457
1.355919,50.0,0.017227524203805876,0.2236174165490304
1.3564135000000002,50.0,0.017227522576319276,0.22362066651818133
1.356908,50.0,0.017227526578588916,0.22360718559985845
1.3574025,50.0,0.017227527040530193,0.22358676079540146
1.3578970000000001,50.0,0.017227518672232843,0.22355557774627288
1.3583915000000002,50.0,0.017227512158079578,0.22351087093181138
1.358886,50.0,0.017227510469251816,0.22346553866259633
1.3593805,50.0,0.01722750572914547,0.2234016277877036
1.3598750000000002,50.0,0.017227490467355264,0.22333807579075982
1.3603695,50.0,0.017227482034116243,0.22326528009183622
1.360864,50.0,0.01722748093716328,0.2231877699373727
1.3613585000000001,50.0,0.017227460949451247,0.22310665189194884
1.3618530000000002,50.0,0.01722744424887964,0.22302274707676017
1.3623475,50.0,0.017227447955213346,0.22293285276710093
1.362842,50.0,0.017227433398297107,0.22284683649897813
1.3633365000000002,50.0,0.017227410362230834,0.22276200016640993
1.363831,50.0,0.017227407244609153,0.2226683313695565
1.3643255,50.0,0.017227394563156532,0.22258855447085807
1.3648200000000001,50.0,0.017227375912045293,0.22250864938950632
1.3653145000000002,50.0,0.017227370766505466,0.22242816284004452
1.365809,50.0,0.01722735616334315,0.22236111716932222
1.3663035000000001,50.0,0.017227339966602348,0.22229854482179526
1.3667980000000002,50.0,0.017227335612005852,0.2222403554913771
1.3672925,50.0,0.017227328273922263,0.22220091171365286
1.367787,50.0,0.017227317373912587,0.22215578811635367
1.3682815000000002,50.0,0.017227307666317995,0.22213488442637652
1.3687760000000002,50.0,0.017227305647627766,0.2221198633675637
1.3692705,50.0,0.01722730244302903,0.22210799589096994
1.3697650000000001,50.0,0.017227291905801526,0.22211731796518194
1.3702595000000002,50.0,0.017227293340126154,0.22212851792088403
1.370754,50.0,0.017227299011681085,0.2221543593556551
1.3712485,50.0,0.01722729225200902,0.22218725925569577
1.3717430000000002,50.0,0.017227286516491476,0.2222304862746704
1.3722375,50.0,0.017227296692554017,0.22228209128944557
1.372732,50.0,0.017227304304060956,0.2223404345053316
1.3732265000000001,50.0,0.017227297602746595,0.22240736030398575
1.3737210000000002,50.0,0.017227306004983435,0.22247961732988258
1.3742155,50.0,0.017227318566026384,0.2225533141587813
1.37471,50.0,0.017227315429701698,0.22263820696136047
1.3752045000000002,50.0,0.01722732671546595,0.222716958097143
1.375699,50.0,0.017227338294274933,0.22280090756270124
1.3761935,50.0,0.01722733281473851,0.2228862738646121
1.3766880000000001,50.0,0.017227341816295674,0.22296732581708673
1.3771825000000002,50.0,0.017227354214159833,0.22304955852270128
1.377677,50.0,0.01722735106372572,0.22312539210090596
1.3781715,50.0,0.017227355467784394,0.22319985359445038
1.3786660000000002,50.0,0.017227365260095207,0.2232684260751337
1.3791605,50.0,0.01722736406956546,0.22333489172359647
1.379655,50.0,0.017227361169735972,0.22338577446005792
1.3801495000000001,50.0,0.017227363459694937,0.22343995892777962
1.3806440000000002,50.0,0.017227369775990674,0.22348018021361268
1.3811385,50.0,0.01722736651103277,0.2235093474028596
1.3816330000000001,50.0,0.01722735415987021,0.22353606938881507
1.3821275000000002,50.0,0.017227356487984513,0.2235455381430691
1.382622,50.0,0.017227355738471724,0.22355008501327245
1.3831165,50.0,0.017227339368155074,0.22354330337619743
1.3836110000000001,50.0,0.01722733250511394,0.22352384046642781
1.3841055000000002,50.0,0.01722732697688788,0.22349936081626495
1.3846,50.0,0.01722731012980068,0.22346563883801804
1.3850945000000001,50.0,0.01722729883921231,0.22341720541461704
1.3855890000000002,50.0,0.017227293299104912,0.22337066273910616
1.3860835,50.0,0.017227274512349768,0.22330868936989468
1.386578,50.0,0.017227255176369773,0.22324530685893848
1.3870725000000002,50.0,0.017227249357209505,0.22317698178380108
1.3875670000000002,50.0,0.017227227952574413,0.22309878241980274
1.3880615,50.0,0.017227203600952687,0.22302628687359483
1.3885560000000001,50.0,0.017227199611416655,0.2229413841574542
1.3890505000000002,50.0,0.017227179387246872,0.2228646063915094
1.389545,50.0,0.017227150528560182,0.22278409687210707
1.3900395,50.0,0.017227138057814687,0.2227025742579252
1.3905340000000002,50.0,0.017227123738841905,0.2226299411808938
1.3910285,50.0,0.017227103981675866,0.22255581482260464
1.391523,50.0,0.017227082683210257,0.22248806022604792
1.3920175000000001,50.0,0.017227066641382467,0.22242620326423007
1.3925120000000002,50.0,0.017227056709816523,0.22236889702224313
1.3930065,50.0,0.017227037811766502,0.2223209641950462
1.393501,50.0,0.01722702137726515,0.22227725788506428
1.3939955000000002,50.0,0.01722701463687419,0.22224113566001452
1.39449,50.0,0.017226997036619892,0.22221777219683816
1.3949845,50.0,0.017226981287914687,0.22219829797144786
1.3954790000000001,50.0,0.01722697955618509,0.22218923345154143
1.3959735000000002,50.0,0.017226967117490336,0.22218862026298053
1.396468,50.0,0.017226954947747015,0.2222005528065439
1.3969625,50.0,0.01722695763853183,0.22221681700793824
1.3974570000000002,50.0,0.017226948477651233,0.2222464090935975
1.3979515,50.0,0.017226936041619376,0.22228115467685197
1.398446,50.0,0.017226942875268134,0.22232645502005752
1.3989405000000001,50.0,0.017226945710241345,0.22237859505637747
1.3994350000000002,50.0,0.017226932880380578,0.2224336291372727
1.3999295,50.0,0.017226932633201422,0.2225017155634835
1.4004240000000001,50.0,0.01722694321816328,0.22256579699758813
1.4009185000000002,50.0,0.017226937734234324,0.2226391666589022
1.401413,50.0,0.017226934312861673,0.22271587192150694
1.4019075,50.0,0.017226939911409014,0.22278701155939531
1.4024020000000001,50.0,0.0172269378937498,0.22286788074101588
1.4028965000000002,50.0,0.017226938060091276,0.2229442746503471
1.403391,50.0,0.017226938866611214,0.2230154390185639
1.4038855000000001,50.0,0.01722694067577458,0.22309159009726154
1.4043800000000002,50.0,0.017226942885707926,0.22315533921454622
1.4048745,50.0,0.01722693612475135,0.22322328622699714
1.405369,50.0,0.0172269375725904,0.22327952650652527
1.4058635000000002,50.0,0.017226937425494734,0.22332805001989123
1.4063580000000002,50.0,0.01722692700920942,0.22337659419221292
1.4068525,50.0,0.01722693103664953,0.2234109213085742
1.4073470000000001,50.0,0.0172269270066982,0.22344048673598096
1.4078415000000002,50.0,0.017226907959388152,0.22345933398866427
1.408336,50.0,0.01722690858295204,0.22347451212392364
1.4088305,50.0,0.01722690920971107,0.22347722629683903
1.4093250000000002,50.0,0.01722688819070927,0.22347207917684328
1.4098195,50.0,0.017226876005602614,0.22346037989564244
1.410314,50.0,0.017226875436249803,0.22343984569721703
1.4108085000000001,50.0,0.017226859606324595,0.22341118304273597
1.4113030000000002,50.0,0.017226841759616984,0.22337418594739686
1.4117975,50.0,0.017226834177368953,0.223329934867435
1.412292,50.0,0.01722681900024757,0.22328040061126783
1.4127865000000002,50.0,0.017226797160261233,0.22322433442477194
1.413281,50.0,0.017226781440903605,0.2231618595352001
1.4137755,50.0,0.017226766230782085,0.22309476742739587
1.4142700000000001,50.0,0.017226746328859784,0.22302843331998468
1.4147645000000002,50.0,0.017226728724884028,0.22295457216368358
1.415259,50.0,0.01722671032948998,0.2228815083513169
1.4157535,50.0,0.01722668956164737,0.22281251458657386
1.4162480000000002,50.0,0.01722667081402982,0.2227348102204873
1.4167425,50.0,0.017226654721270475,0.22266947081419602
1.417237,50.0,0.01722664009620187,0.2226014831578711
1.4177315000000001,50.0,0.01722661467797273,0.2225335248169335
1.4182260000000002,50.0,0.017226595384892147,0.22248102369176354
1.4187205,50.0,0.01722659317927839,0.22242353568407122
1.4192150000000001,50.0,0.01722656981246401,0.22237599964791194
1.4197095000000002,50.0,0.017226546309371052,0.22233863192400394
1.420204,50.0,0.017226546476784576,0.22230202610002375
1.4206985,50.0,0.017226529410150973,0.22228088365582668
1.4211930000000002,50.0,0.017226509552461206,0.22226356241450784
1.4216875000000002,50.0,0.017226508927365925,0.22225335310787173
1.422182,50.0,0.01722650166028045,0.2222557750418533
1.4226765000000001,50.0,0.017226488479594095,0.22226419963345315
1.4231710000000002,50.0,0.017226483070385167,0.22228020860480013
1.4236655,50.0,0.017226479196609905,0.2223027435662545
1.42416,50.0,0.017226472099074075,0.22233625823538072
1.4246545000000002,50.0,0.01722646925267172,0.22237312122854905
1.4251490000000002,50.0,0.017226468595616315,0.2224152157606635
1.4256435,50.0,0.01722646178790685,0.22246766435558116
1.4261380000000001,50.0,0.017226458322661186,0.2225211730097575
1.4266325000000002,50.0,0.01722646262951589,0.22257970680349556
1.427127,50.0,0.017226463353269897,0.2226445642279041
1.4276215,50.0,0.017226457267178905,0.22270823514333815
1.4281160000000002,50.0,0.017226455931721178,0.2227769115962943
1.4286105,50.0,0.01722646395888314,0.22284757405117006
1.429105,50.0,0.017226463297799713,0.22291271768560456
1.4295995000000001,50.0,0.017226456250958064,0.22298333648580426
1.4300940000000002,50.0,0.01722646442178439,0.22304797312542368
1.4305885,50.0,0.017226468866323563,0.22310920423057046
1.431083,50.0,0.017226455299353075,0.2231701494441649
1.4315775000000002,50.0,0.017226457707546265,0.22322504872880128
1.432072,50.0,0.01722646635515889,0.22326869652635398
1.4325665,50.0,0.017226454037810195,0.22331629388495808
1.4330610000000001,50.0,0.017226452888808697,0.22335327397101457
1.4335555000000002,50.0,0.017226455593092837,0.2233748712397238
1.43405,50.0,0.01722644313476295,0.22340530684399845
1.4345445000000001,50.0,0.017226442476897887,0.22341276088723855
1.4350390000000002,50.0,0.017226441208062698,0.22341959938326492
1.4355335,50.0,0.01722642735966302,0.22341870330887736
1.436028,50.0,0.01722641796072867,0.22340346813385967
1.4365225000000001,50.0,0.017226412869220886,0.2233894772013033
1.4370170000000002,50.0,0.01722640543748284,0.223360814962143
1.4375115,50.0,0.01722638933370534,0.22332666164022205
1.4380060000000001,50.0,0.017226375614415826,0.22328828063608777
1.4385005000000002,50.0,0.01722636936091015,0.22324345225389608
1.438995,50.0,0.017226352608570434,0.22319315439212795
1.4394895,50.0,0.017226332709868748,0.2231375051691035
1.4399840000000002,50.0,0.017226324518173873,0.22308054906100558
1.4404785000000002,50.0,0.017226315201093273,0.2230210868411338
1.440973,50.0,0.017226292258176117,0.22295446001299288
1.4414675000000001,50.0,0.017226274709774336,0.22289640286520077
1.4419620000000002,50.0,0.017226269272703074,0.22282610030246408
1.4424565,50.0,0.017226250083132656,0.22276426166859412
1.442951,50.0,0.017226230177419716,0.22270374387675732
1.4434455000000002,50.0,0.017226223524888173,0.22263773322283897
1.4439400000000002,50.0,0.017226204328876806,0.22258308152060652
1.4444345,50.0,0.01722618668985216,0.22252936671682244
1.4449290000000001,50.0,0.017226185402053763,0.22247776399314492
1.4454235000000002,50.0,0.01722616925637604,0.22243404407471626
1.445918,50.0,0.017226149742865224,0.22239745886438725
1.4464125,50.0,0.017226149065313858,0.2223622036793544
1.4469070000000002,50.0,0.0172261402240538,0.22234173783877825
1.4474015,50.0,0.017226125309966624,0.22232177519761712
1.447896,50.0,0.01722612245854739,0.22230821982092475
1.4483905000000001,50.0,0.017226119482879037,0.22231121805198573
1.4488850000000002,50.0,0.01722611247790506,0.2223139630066019
1.4493795,50.0,0.01722610280485012,0.22232254498329865
1.449874,50.0,0.017226100829272502,0.22234883348616974
1.4503685000000002,50.0,0.017226106771476294,0.22237060122047667
1.450863,50.0,0.017226098202482255,0.22240651574239956
1.4513575,50.0,0.017226093677469446,0.22244757355608993
1.4518520000000001,50.0,0.01722610250900138,0.22248852064006727
1.4523465000000002,50.0,0.017226101074910388,0.22254518187854247
1.452841,50.0,0.017226100016072214,0.22259408946802692
1.4533355000000001,50.0,0.017226107289505674,0.22265387268251655
1.4538300000000002,50.0,0.01722610804351642,0.22271151954041646
1.4543245,50.0,0.017226105100576036,0.2227749027528705
1.454819,50.0,0.017226114801201283,0.22283509512271307
1.4553135000000001,50.0,0.017226121654860715,0.22289330284059627
1.4558080000000002,50.0,0.01722611437925188,0.22295794705467176
1.4563025,50.0,0.0172261231572651,0.22301294069400102
1.4567970000000001,50.0,0.017226133112869125,0.22306920541704278
1.4572915000000002,50.0,0.017226123519711853,0.22312388401866437
1.457786,50.0,0.017226128732492203,0.22317102170139216
1.4582805,50.0,0.017226141002706634,0.22321445663270684
1.4587750000000002,50.0,0.017226136728156663,0.2232584653667672
1.4592695000000002,50.0,0.01722613439350764,0.22328704574494324
1.459764,50.0,0.01722613830174696,0.2233176177528561
1.4602585000000001,50.0,0.017226140579320665,0.22333925502525284
1.4607530000000002,50.0,0.017226138476398242,0.223350577598845
1.4612475,50.0,0.01722613172517487,0.22336086417847323
1.461742,50.0,0.017226130815037318,0.22335914395372983
1.4622365000000002,50.0,0.017226129201293874,0.2233513172615908
1.4627310000000002,50.0,0.017226119116440015,0.22333980021862443
1.4632255,50.0,0.017226117899939802,0.22331752539209568
1.4637200000000001,50.0,0.01722611416948278,0.2232862975639548
1.4642145000000002,50.0,0.017226097967026562,0.2232602365912703
1.464709,50.0,0.017226095547907702,0.22321509222125294
1.4652035,50.0,0.017226091389825813,0.22317152566228546
1.4656980000000002,50.0,0.01722607273057829,0.2231250503050016
1.4661925,50.0,0.01722606806891483,0.2230683396302953
1.466687,50.0,0.017226065787739157,0.22301573172954764
1.4671815000000001,50.0,0.017226046423198256,0.22295590532769236
1.4676760000000002,50.0,0.01722603256619096,0.2228968829015911
1.4681705,50.0,0.01722603364284507,0.22283817148070648
1.468665,50.0,0.017226022679362057,0.22277833320093765
1.4691595000000002,50.0,0.01722600278256173,0.22272135270834348
1.469654,50.0,0.017226000046206478,0.2226674138964186
1.4701485,50.0,0.017225994760734307,0.2226126059312708
1.4706430000000001,50.0,0.017225981713263845,0.22256847353369122
1.4711375000000002,50.0,0.01722597756946984,0.22251902757573658
1.471632,50.0,0.01722596995440181,0.22248383175249406
1.4721265000000001,50.0,0.017225962578653532,0.22244691700961547
1.4726210000000002,50.0,0.017225957166756733,0.22241693463552595
1.4731155,50.0,0.01722595127061113,0.22239846486779435
1.47361,50.0,0.017225951206992027,0.22237451330798663
1.4741045000000002,50.0,0.017225944441425157,0.22236772150232734
1.4745990000000002,50.0,0.017225941132093754,0.22236445065630694
1.4750935,50.0,0.017225945926970628,0.2223641991797926
1.4755880000000001,50.0,0.01722593794206044,0.2223746522560761
1.4760825000000002,50.0,0.017225937210000153,0.22239087472817987
1.476577,50.0,0.01722595094832994,0.22241117175919567
1.4770715,50.0,0.01722594571202266,0.22244189716940752
1.4775660000000002,50.0,0.017225940294407154,0.22247259606606012
1.4780605000000002,50.0,0.017225957357544886,0.22251231045245348
1.478555,50.0,0.017225962687143975,0.22255674896725136
1.4790495000000001,50.0,0.01722595766045713,0.22260274311616066
1.4795440000000002,50.0,0.017225967891013317,0.22265207780219032
1.4800385,50.0,0.01722597743573593,0.22270822547210722
1.480533,50.0,0.017225978810418104,0.2227621102144504
1.4810275000000002,50.0,0.017225986811853798,0.22281723577846457
1.4815220000000002,50.0,0.01722599844074308,0.22287684584903478
1.4820165,50.0,0.017226003061517184,0.22292806408369523
1.4825110000000001,50.0,0.017226008490413235,0.22298945202410264
1.4830055000000002,50.0,0.01722601903117915,0.22303631351332795
1.4835,50.0,0.01722602399007632,0.22308721607904575
1.4839945,50.0,0.017226029688385543,0.2231346284783063
1.4844890000000002,50.0,0.017226038621296867,0.223171649999522
1.4849835,50.0,0.017226043297765146,0.22321217398767232
1.485478,50.0,0.017226045741850292,0.223239148670701
1.4859725000000001,50.0,0.01722604687355989,0.22326484625757928
1.4864670000000002,50.0,0.017226057273502557,0.2232861816617493
1.4869615,50.0,0.01722606096363885,0.22329522781745445
1.4874560000000001,50.0,0.017226049046115886,0.22330519843950553
1.4879505000000002,50.0,0.01722605832439194,0.22330479384158317
1.488445,50.0,0.01722606690895649,0.2232977874661051
1.4889395,50.0,0.017226053443884996,0.22329081514321858
1.4894340000000001,50.0,0.017226056509388656,0.22326705071828293
1.4899285000000002,50.0,0.017226062073645496,0.22324774950929
1.490423,50.0,0.01722605031937994,0.2232198886394515
1.4909175000000001,50.0,0.01722604736867149,0.22318333847973076
1.4914120000000002,50.0,0.017226049596986304,0.22314712450029245
1.4919065,50.0,0.017226041939410516,0.2231026769531829
1.492401,50.0,0.017226036201473994,0.2230600190794468
1.4928955000000002,50.0,0.01722603488367473,0.22300886079366614
1.4933900000000002,50.0,0.0172260273234188,0.22295832480081226
1.4938845,50.0,0.017226020288918186,0.22290671386882627
1.4943790000000001,50.0,0.017226019533466315,0.2228544437316218
1.4948735000000002,50.0,0.01722601560179367,0.22279931647272105
1.495368,50.0,0.01722600539474594,0.2227475074491756
1.4958625,50.0,0.017225999645804693,0.22269849048212306
1.4963570000000002,50.0,0.017226002212427198,0.22264582211487924
1.4968515000000002,50.0,0.01722599809015126,0.22260333973535829
1.497346,50.0,0.017225986860988276,0.2225577174449962
1.4978405000000001,50.0,0.017225985173040744,0.22252072412028384
1.4983350000000002,50.0,0.017225989127004016,0.22248912566911266
1.4988295,50.0,0.017225980810695696,0.22245711069283042
1.499324,50.0,0.01722597544489923,0.22243824767770481
1.4998185000000002,50.0,0.01722598665997174,0.2224212084407468
1.5003130000000002,50.0,0.01722598296447285,0.22240839315046543
1.5008075,50.0,0.017225975542651165,0.22240999628315428
1.5013020000000001,50.0,0.017225988730525967,0.2224075979826388
1.5017965000000002,50.0,0.017225988730281375,0.22241672813966828
1.502291,50.0,0.017225986635474217,0.22243341157569074
1.5027855,50.0,0.01722600047377693,0.2224495048857296
1.5032800000000002,50.0,0.01722600062416329,0.2224762382740962
1.5037745,50.0,0.01722600191950427,0.2225051681085536
1.504269,50.0,0.01722601620792195,0.22253844201621095
1.5047635000000001,50.0,0.01722602408843176,0.22257808138604687
1.5052580000000002,50.0,0.01722602674143736,0.22261718291009966
1.5057525,50.0,0.017226033223998963,0.22266286509801442
1.5062470000000001,50.0,0.017226047598936034,0.2227105242325302
1.5067415000000002,50.0,0.01722605812077966,0.22275702659667238
1.507236,50.0,0.017226061646689723,0.22280863665625236
1.5077305,50.0,0.017226073538070014,0.222855874999342
1.5082250000000001,50.0,0.017226088436290712,0.22290881887887246
1.5087195000000002,50.0,0.017226092451004663,0.22295564978131507
1.509214,50.0,0.017226097315345083,0.22300215549716118
1.5097085000000001,50.0,0.01722611399956702,0.2230492454927187
1.5102030000000002,50.0,0.01722612303240671,0.2230889129372747
1.5106975,50.0,0.017226122889055867,0.22312895497409785
1.511192,50.0,0.017226135287934992,0.22316403840191343
1.5116865000000002,50.0,0.017226145622013928,0.223193225765223
1.5121810000000002,50.0,0.017226145019998834,0.22321804738281634
1.5126755,50.0,0.017226156047573854,0.22324134956066552
1.5131700000000001,50.0,0.017226164633448813,0.22325083019999656
1.5136645000000002,50.0,0.017226157908665166,0.22326207861881758
1.514159,50.0,0.017226166815609255,0.2232650126358542
1.5146535,50.0,0.017226179030618096,0.2232572494928015
1.5151480000000002,50.0,0.017226170314950377,0.2232514150154569
1.5156425000000002,50.0,0.017226171860973038,0.22323393438947428
1.516137,50.0,0.017226179846962612,0.22320996326249748
1.5166315000000001,50.0,0.01722617545809349,0.22319078305054224
1.5171260000000002,50.0,0.017226173507725193,0.22315408222334263
1.5176205,50.0,0.017226173946782178,0.22312008981178982
1.518115,50.0,0.017226177104356418,0.22308576225000326
1.5186095000000002,50.0,0.017226174390720893,0.22304050956299762
1.519104,50.0,0.01722616564291131,0.223000246885192
1.5195985,50.0,0.017226170499352995,0.2229523933248492
1.5200930000000001,50.0,0.01722617096366071,0.2229073225597827
1.5205875000000002,50.0,0.017226161004234197,0.22286114227604795
1.521082,50.0,0.017226161441476474,0.2228114929310507
1.5215765,50.0,0.017226161145748854,0.2227668338791212
1.5220710000000002,50.0,0.017226153835213625,0.22272050078144176
1.5225655,50.0,0.01722615453700788,0.22267823577981483
1.52306,50.0,0.017226157298575046,0.22263613388654688
1.5235545000000001,50.0,0.017226147655452793,0.22259575056790476
1.5240490000000002,50.0,0.017226144683499967,0.22256694008423308
1.5245435,50.0,0.01722615498648295,0.2225306227666557
1.5250380000000001,50.0,0.017226148809344748,0.2225055717333909
1.5255325000000002,50.0,0.017226143206758734,0.22248608497956884
1.526027,50.0,0.017226156026589348,0.22246475263885318
1.5265215,50.0,0.01722615554204195,0.22245702885369692
1.5270160000000002,50.0,0.01722614915693764,0.2224491655142493
1.5275105000000002,50.0,0.01722615886184316,0.22244761302789623
1.528005,50.0,0.0172261659570586,0.22245255023141827
1.5284995000000001,50.0,0.017226166301949244,0.2224659824855118
1.5289940000000002,50.0,0.017226171020637428,0.222477703810265
1.5294885,50.0,0.017226178088081055,0.22250121304272108
1.529983,50.0,0.017226188341493465,0.2225294631200922
1.5304775000000002,50.0,0.01722619490295636,0.2225548608858876
1.5309720000000002,50.0,0.017226200343686437,0.22259627968772824
1.5314665,50.0,0.01722621352046311,0.2226290709911495
1.5319610000000001,50.0,0.01722621847098497,0.22267080787212082
1.5324555000000002,50.0,0.01722622655030663,0.22271838457525675
1.53295,50.0,0.017226245137150525,0.22275633640632042
1.5334445,50.0,0.017226247290436477,0.22280341758352595
1.5339390000000002,50.0,0.01722625340287089,0.22285180607772664
1.5344335000000002,50.0,0.017226273110587012,0.2228925010255291
1.534928,50.0,0.017226277210086523,0.2229387350759232
1.5354225000000001,50.0,0.017226279830491055,0.22297980764965927
1.5359170000000002,50.0,0.017226297673533342,0.2230209625295535
1.5364115,50.0,0.01722630933230486,0.2230584451389715
1.536906,50.0,0.017226307228379346,0.22309182722783433
1.5374005000000002,50.0,0.017226317378178868,0.2231257865800666
1.537895,50.0,0.01722633417085263,0.22314846300296973
1.5383895,50.0,0.017226334162316528,0.22317666786526125
1.5388840000000001,50.0,0.01722633829452595,0.22319077231283843
1.5393785000000002,50.0,0.01722634859846311,0.2232051283864995
1.539873,50.0,0.0172263504332559,0.2232170562806599
1.5403675000000001,50.0,0.017226356034700404,0.22321617258167878
1.5408620000000002,50.0,0.017226361528053163,0.22321718528704093
1.5413565,50.0,0.017226363204428285,0.22321151314546153
1.541851,50.0,0.017226365649587547,0.22319748410464657
1.5423455000000001,50.0,0.017226365906704448,0.22318287767842335
1.5428400000000002,50.0,0.017226370667914895,0.2231639021225292
1.5433345,50.0,0.017226371457006517,0.22313252298509698
1.5438290000000001,50.0,0.017226366015682865,0.22310844277058814
1.5443235000000002,50.0,0.017226372758112018,0.22307249296430112
1.544818,50.0,0.017226373361445488,0.22303481935657446
1.5453125,50.0,0.017226360303306897,0.22299706377469108
1.5458070000000002,50.0,0.01722636610923133,0.22295465250308252
1.5463015000000002,50.0,0.017226372061921073,0.22290948788430012
1.546796,50.0,0.017226356357989206,0.22287013550776277
1.5472905000000001,50.0,0.017226355091565542,0.22282261760832786
1.5477850000000002,50.0,0.01722636247538352,0.22277907105813619
1.5482795,50.0,0.01722635515609752,0.22274203415160457
1.548774,50.0,0.017226351369908816,0.22269627210469756
1.5492685000000002,50.0,0.01722635382238054,0.22266169402273045
1.5497630000000002,50.0,0.01722635118088009,0.22262669344224334
1.5502575,50.0,0.017226347062719395,0.22259508026112207
1.5507520000000001,50.0,0.01722635039418218,0.22256681215912258
1.5512465000000002,50.0,0.017226351655630134,0.22254305217393125
1.551741,50.0,0.017226347346975205,0.2225232539808493
1.5522355,50.0,0.017226351597127362,0.2225083304254145
1.5527300000000002,50.0,0.017226354427949533,0.22249755898127863
1.5532245000000002,50.0,0.017226353037209263,0.22249267547814752
1.553719,50.0,0.01722635681882054,0.22248896126430234
1.5542135000000001,50.0,0.017226362621679495,0.22249633182245765
1.5547080000000002,50.0,0.01722636908803264,0.22250321192998018
1.5552025,50.0,0.01722636723655965,0.22251417664563505
1.555697,50.0,0.017226372499914235,0.2225372075914069
1.5561915000000002,50.0,0.01722639063460638,0.22255141817524277
1.556686,50.0,0.017226388651324934,0.2225829087010042
1.5571805,50.0,0.017226388200385,0.2226099900152629
1.5576750000000001,50.0,0.01722640751113321,0.22263950394004103
1.5581695000000002,50.0,0.017226411354455656,0.22267870125363656
1.558664,50.0,0.017226412374128763,0.22271517291302165
1.5591585000000001,50.0,0.017226429297646624,0.22275193337889868
1.5596530000000002,50.0,0.017226435719651788,0.22279486094332465
1.5601475,50.0,0.017226437812594867,0.22283765862736546
1.560642,50.0,0.017226451936466294,0.22287647658248524
1.5611365000000001,50.0,0.01722646011825387,0.22292025469728477
1.5616310000000002,50.0,0.017226463896271013,0.22295751243512194
1.5621255,50.0,0.017226475302576077,0.2229977254429145
1.5626200000000001,50.0,0.0172264845043363,0.22303358643977067
1.5631145000000002,50.0,0.017226487615389984,0.22306416807091967
1.563609,50.0,0.017226493152310476,0.22309399889878315
1.5641035,50.0,0.017226504807033863,0.2231221713197245
1.5645980000000002,50.0,0.017226510866637047,0.22313944241982075
1.5650925000000002,50.0,0.01722650863615743,0.22315880506695981
1.565587,50.0,0.017226514683764196,0.2231718001951915
1.5660815000000001,50.0,0.017226525552215054,0.2231778390131321
1.5665760000000002,50.0,0.01722652687874038,0.223184314860248
1.5670705,50.0,0.01722652399116847,0.2231783048835233
1.567565,50.0,0.01722653120873209,0.22317806373731225
1.5680595000000002,50.0,0.017226536759222894,0.2231627636537555
1.5685540000000002,50.0,0.017226527719720885,0.22315175624755493
1.5690485,50.0,0.017226532500622404,0.22313244472531044
1.5695430000000001,50.0,0.017226539447251138,0.22310597396739285
1.5700375000000002,50.0,0.017226527318688862,0.223087514898413
1.570532,50.0,0.017226530390663942,0.22305212740533617
1.5710265,50.0,0.01722653399887862,0.2230232872398917
1.5715210000000002,50.0,0.017226522008168293,0.22299018052940858
1.5720155000000002,50.0,0.01722652467698592,0.2229517458277312
1.57251,50.0,0.017226527039068296,0.2229176945185038
1.5730045000000001,50.0,0.017226516075490896,0.22287836339778175
1.5734990000000002,50.0,0.017226512994499753,0.2228378429549399
1.5739935,50.0,0.01722651646423808,0.2228034130435044
1.574488,50.0,0.017226513899263947,0.2227616919916622
1.5749825000000002,50.0,0.01722650574017203,0.22272584337986323
1.575477,50.0,0.017226502368358872,0.22269047980095524
1.5759715,50.0,0.017226505266690017,0.2226577518699563
1.5764660000000001,50.0,0.017226501795008495,0.2226265327522188
1.5769605000000002,50.0,0.01722649486383354,0.2225994114265303
1.577455,50.0,0.017226498399960752,0.22257565491329429
1.5779495000000001,50.0,0.017226500892474732,0.2225561904568656
1.5784440000000002,50.0,0.01722649344623993,0.22254268321203996
1.5789385,50.0,0.01722649503955576,0.2225282499257316
1.579433,50.0,0.01722650215435481,0.22252611589121205
1.5799275000000002,50.0,0.017226498647533138,0.22252220778119491
1.5804220000000002,50.0,0.017226498778382858,0.22252597359461604
1.5809165,50.0,0.017226507722213725,0.22253416294140774
1.5814110000000001,50.0,0.0172265057494599,0.2225445938474986
1.5819055000000002,50.0,0.01722650581364558,0.22256203249895556
1.5824,50.0,0.017226520833375433,0.22258083505358747
1.5828945,50.0,0.017226519054330383,0.22260315060981392
1.5833890000000002,50.0,0.01722651444898943,0.22263232208735012
1.5838835000000002,50.0,0.01722653162454271,0.22265817299100155
1.584378,50.0,0.01722653632897014,0.22269108242206268
1.5848725000000001,50.0,0.01722653440940317,0.22272619113201172
1.5853670000000002,50.0,0.017226545117683314,0.22275582070472622
1.5858615,50.0,0.01722655188278894,0.22279757956298632
1.586356,50.0,0.017226556836693288,0.22282919444643545
1.5868505000000002,50.0,0.017226560063616895,0.22286769144142798
1.5873450000000002,50.0,0.01722656681525928,0.22290318457996827
1.5878395,50.0,0.017226578064231717,0.22293569225054782
1.5883340000000001,50.0,0.017226577697643828,0.22297376764215723
1.5888285000000002,50.0,0.017226581553337096,0.22300267534088017
1.589323,50.0,0.01722659305445682,0.2230323926685523
1.5898175,50.0,0.017226594647855867,0.22306227815034402
1.5903120000000002,50.0,0.01722659712386898,0.22308490834702283
1.5908065000000002,50.0,0.017226606142293613,0.22310703485071665
1.591301,50.0,0.017226606141253258,0.223124819322891
1.5917955000000001,50.0,0.017226604962506144,0.22313724399573376
1.5922900000000002,50.0,0.017226616697049738,0.22314958654250225
1.5927845,50.0,0.01722661819544805,0.22315107320744487
1.5932790000000001,50.0,0.017226608731538324,0.22315303110093482
1.5937735000000002,50.0,0.017226615949441984,0.22315059614018307
1.594268,50.0,0.01722662135917428,0.22313943137708425
1.5947625,50.0,0.01722660998561087,0.22312871516982052
1.5952570000000001,50.0,0.017226610534011574,0.22311191380206316
1.5957515000000002,50.0,0.017226617081632856,0.22309010558338982
1.596246,50.0,0.01722660793355203,0.22306823787570954
1.5967405000000001,50.0,0.01722660309472098,0.22304245623649838
1.5972350000000002,50.0,0.017226605235333942,0.2230099328365712
1.5977295,50.0,0.01722660058864993,0.2229821120708179
1.598224,50.0,0.017226596820400595,0.2229486858192825
1.5987185000000002,50.0,0.01722659108007093,0.22291291721641668
1.5992130000000002,50.0,0.01722658724242405,0.22288165272123273
1.5997075,50.0,0.017226586246089422,0.22284270867833014
1.6002020000000001,50.0,0.01722657805665323,0.22281169005770718
1.6006965000000002,50.0,0.017226577799516245,0.22277761812121544
1.601191,50.0,0.017226573994722646,0.2227414496200906
1.6016855,50.0,0.017226561623679002,0.22271546698531744
1.6021800000000002,50.0,0.017226566673455207,0.22268377010990234
1.6026745000000002,50.0,0.01722656610223602,0.22265747387786372
1.603169,50.0,0.017226552491953543,0.22263360758346987
1.6036635000000001,50.0,0.017226555262981797,0.22261083770911366
1.6041580000000002,50.0,0.017226559506795195,0.2225968124609784
1.6046525,50.0,0.01722654878193088,0.22257687464539835
1.605147,50.0,0.01722654527713327,0.22256853604318816
1.6056415000000002,50.0,0.017226553931952597,0.22256104240562785
1.6061360000000002,50.0,0.01722654986788266,0.22255532370947848
1.6066305,50.0,0.017226542033782724,0.2225593865302503
1.6071250000000001,50.0,0.017226549449308792,0.22255995790192962
1.6076195000000002,50.0,0.017226551060916678,0.2225704651342779
1.608114,50.0,0.017226548125977348,0.22258523488187765
1.6086085,50.0,0.01722655309054611,0.22259743440725313
1.6091030000000002,50.0,0.017226553927964957,0.2226202333073003
1.6095975000000002,50.0,0.01722655457881185,0.22264458291630665
1.610092,50.0,0.01722656003200803,0.22266794425012607
1.6105865000000001,50.0,0.017226564239723376,0.22269857233856769
1.6110810000000002,50.0,0.017226567263003343,0.2227292153919146
1.6115755,50.0,0.017226568300058878,0.2227593319110121
1.6120700000000001,50.0,0.01722657288992245,0.22279468464342253
1.6125645000000002,50.0,0.017226581905062703,0.22282887526685358
1.613059,50.0,0.017226579270506137,0.22285750833139628
1.6135535,50.0,0.0172265810645348,0.22289741329342871
1.6140480000000001,50.0,0.017226596621164374,0.2229251590846146
1.6145425000000002,50.0,0.017226592565890837,0.2229560280559944
1.615037,50.0,0.01722658906612409,0.22298929732446807
1.6155315000000001,50.0,0.01722660579672374,0.22300945070056652
1.6160260000000002,50.0,0.017226605965407833,0.22303997682818447
1.6165205,50.0,0.017226600086791603,0.22305844943171718
1.617015,50.0,0.017226608159024038,0.223076750971153
1.6175095000000002,50.0,0.01722661071400727,0.22309333296834682
1.6180040000000002,50.0,0.01722660829517798,0.2231045975087909
1.6184985,50.0,0.017226610973726054,0.22311362414264896
1.6189930000000001,50.0,0.01722661311175691,0.22311690956232394
1.6194875000000002,50.0,0.017226608112777264,0.22311969227974318
1.619982,50.0,0.017226607278501015,0.2231191966583799
1.6204765,50.0,0.017226611137908545,0.2231088787859252
1.6209710000000002,50.0,0.017226605164396787,0.22310419284978802
1.6214655000000002,50.0,0.017226601494371108,0.22308928887535867
1.62196,50.0,0.01722660265930524,0.22307174386715312
1.6224545000000001,50.0,0.017226598985565018,0.22305676688755222
1.6229490000000002,50.0,0.01722659284094899,0.22302898452994335
1.6234435,50.0,0.017226587124254088,0.22300718374273423
1.623938,50.0,0.017226589032708208,0.22298000609377
1.6244325000000002,50.0,0.01722658363002381,0.22294764117004062
1.6249270000000002,50.0,0.01722656849961789,0.22291975334668557
1.6254215,50.0,0.017226571578777324,0.22288809102518967
1.6259160000000001,50.0,0.017226572574156714,0.22285175105582022
1.6264105000000002,50.0,0.017226556084247283,0.2228247420017506
1.626905,50.0,0.017226554461604874,0.22279097307131307
1.6273995,50.0,0.017226555777906237,0.22275759030709746
1.6278940000000002,50.0,0.017226542134246178,0.222732978500558
1.6283885000000002,50.0,0.017226540622161914,0.22270387438596595
1.628883,50.0,0.01722654214215129,0.22267613564782238
1.6293775000000001,50.0,0.017226530133310353,0.22265739571217696
1.6298720000000002,50.0,0.017226527822063527,0.22263593486348268
1.6303665,50.0,0.01722652908882378,0.22261833458185268
1.6308610000000001,50.0,0.017226521509939283,0.22260902390175089
1.6313555000000002,50.0,0.017226517414400094,0.22259328792750777
1.63185,50.0,0.017226518581009185,0.22259240520638685
1.6323445,50.0,0.01722651827326349,0.22258795100858877
1.6328390000000002,50.0,0.017226511360540694,0.22258750770217917
1.6333335000000002,50.0,0.017226510537249478,0.22259367879538375
1.633828,50.0,0.017226517279999156,0.222599729234368
1.6343225000000001,50.0,0.017226514578091084,0.22261272034188595
1.6348170000000002,50.0,0.01722650918155802,0.22262301146442454
1.6353115,50.0,0.0172265123503626,0.22264284048686378
1.635806,50.0,0.017226518693862207,0.22266112028644375
1.6363005000000002,50.0,0.017226515617254082,0.2226813523999531
1.6367950000000002,50.0,0.017226513955558482,0.2227080224134556
1.6372895,50.0,0.017226524508488057,0.22273194126612417
1.6377840000000001,50.0,0.017226521842770997,0.22275842288202266
1.6382785000000002,50.0,0.017226519169504614,0.22279300747676611
1.638773,50.0,0.01722653239743354,0.22281586106317422
1.6392675,50.0,0.017226529551569163,0.2228492128787446
1.6397620000000002,50.0,0.017226527429412084,0.22288271914362248
1.6402565000000002,50.0,0.017226540259845605,0.22290570173235108
1.640751,50.0,0.017226537820429145,0.22294203088394654
1.6412455000000001,50.0,0.017226534609210767,0.22296441855938096
1.6417400000000002,50.0,0.01722654512435094,0.22299152396686442
1.6422345,50.0,0.01722654662529663,0.22301687302994824
1.642729,50.0,0.017226540950801995,0.22303636435983776
1.6432235000000002,50.0,0.017226543151549152,0.22305309836448642
1.6437180000000002,50.0,0.01722654840650619,0.22307116660037676
1.6442125,50.0,0.017226548670002714,0.22308230287681535
1.6447070000000001,50.0,0.017226543593685344,0.22308717654555585
1.6452015000000002,50.0,0.01722654356774775,0.22309709904713643
1.645696,50.0,0.01722654768128956,0.22309428292115582
1.6461905000000001,50.0,0.017226541527106152,0.22309438205154725
1.6466850000000002,50.0,0.017226537432960674,0.22308816725950048
1.6471795000000002,50.0,0.017226541246159528,0.22307708652168134
1.647674,50.0,0.01722653573282427,0.2230675351173786
1.6481685000000001,50.0,0.01722652845747994,0.2230525131872606
1.6486630000000002,50.0,0.017226529668379426,0.2230321748607474
1.6491575,50.0,0.01722652620805023,0.22301508336184386
1.6496520000000001,50.0,0.01722651610915369,0.2229913952138191
1.6501465000000002,50.0,0.01722651652072566,0.2229700719264536
1.650641,50.0,0.017226515079766525,0.22294109986199157
1.6511355,50.0,0.0172264992208356,0.222918472006101
1.6516300000000002,50.0,0.017226500802384605,0.22289114151109363
1.6521245000000002,50.0,0.017226504343946097,0.22285887468174306
1.652619,50.0,0.01722648631823357,0.22283838963430586
1.6531135000000001,50.0,0.01722648258562531,0.22280331360698194
1.6536080000000002,50.0,0.017226484838711652,0.22277988063845733
1.6541025,50.0,0.017226474855961346,0.22275372677135005
1.654597,50.0,0.01722646915836705,0.2227250015921932
1.6550915000000002,50.0,0.017226465483858405,0.2227040012146373
1.6555860000000002,50.0,0.01722646246243678,0.22268218856117966
1.6560805,50.0,0.017226457461252065,0.22266067603115253
1.6565750000000001,50.0,0.01722644997239872,0.2226472169658377
1.6570695000000002,50.0,0.017226450843914002,0.22263110284302742
1.657564,50.0,0.017226448609879097,0.2226200333982825
1.6580585,50.0,0.017226440591855692,0.2226162921236732
1.6585530000000002,50.0,0.017226442003082248,0.22260901015639348
1.6590475000000002,50.0,0.01722644190230786,0.22260951942594717
1.659542,50.0,0.01722643511780736,0.22261353788538427
1.6600365000000001,50.0,0.017226438604020008,0.22262001103786214
1.6605310000000002,50.0,0.017226441408118055,0.22262718595650627
1.6610255,50.0,0.01722643175761048,0.2226441154631386
1.66152,50.0,0.017226433961668144,0.22265597976773324
1.6620145000000002,50.0,0.01722644441251856,0.222676611870003
1.6625090000000002,50.0,0.017226438303517617,0.22269626755631788
1.6630035,50.0,0.01722643442494359,0.22271736933772754
1.6634980000000001,50.0,0.017226445809247325,0.22274419897288117
1.6639925000000002,50.0,0.017226446056394566,0.22276565687862704
1.664487,50.0,0.017226439838370376,0.22279507830544956
1.6649815000000001,50.0,0.017226448929093537,0.2228181295900097
1.6654760000000002,50.0,0.017226451983162847,0.2228462173216073
1.6659705000000002,50.0,0.01722644818326398,0.22287282047470083
1.666465,50.0,0.017226453313325795,0.2228966521134009
1.6669595000000001,50.0,0.017226454395336904,0.22292407605373402
1.6674540000000002,50.0,0.017226456608881946,0.22294611280178486
1.6679485,50.0,0.017226458573474067,0.2229683942786872
1.6684430000000001,50.0,0.017226457031678834,0.22299296773574576
1.6689375000000002,50.0,0.01722646156132455,0.2230081077930886
1.669432,50.0,0.01722645883171042,0.2230263898900859
1.6699265,50.0,0.01722646000317182,0.22304424688738644
1.6704210000000002,50.0,0.017226467746452145,0.223050689937622
1.6709155000000002,50.0,0.01722645857256188,0.2230651446476035
1.67141,50.0,0.017226456099478985,0.22306766960140084
1.6719045000000001,50.0,0.017226465823793564,0.22307204919642037
1.6723990000000002,50.0,0.01722645915578726,0.22307303746693374
1.6728935,50.0,0.017226450747829056,0.2230662217978535
1.673388,50.0,0.01722645740491738,0.22306193353946305
1.6738825000000002,50.0,0.017226456095208075,0.22305170571084593
1.6743770000000002,50.0,0.017226444081864016,0.22303888843292277
1.6748715,50.0,0.017226445428742413,0.22302239024411935
1.6753660000000001,50.0,0.017226447330432146,0.22300524857873277
1.6758605000000002,50.0,0.017226436722024792,0.22298471116640853
1.676355,50.0,0.017226432937551103,0.22296342406517505
1.6768495,50.0,0.017226432678473576,0.22293781690753187
1.6773440000000002,50.0,0.017226424795559924,0.2229146415952815
1.6778385000000002,50.0,0.017226421279097494,0.22288881422977438
1.678333,50.0,0.017226419473693452,0.22286271519567838
1.6788275000000001,50.0,0.01722641094190774,0.22283624081917322
1.6793220000000002,50.0,0.017226405372142532,0.22281254244865978
1.6798165,50.0,0.017226402983242378,0.22278655389353358
1.680311,50.0,0.017226400036977955,0.22276408914116982
1.6808055000000002,50.0,0.017226394592307754,0.22274163994974197
1.6813000000000002,50.0,0.01722638582553308,0.22271986266924762
1.6817945,50.0,0.01722638814401726,0.222704809126182
1.6822890000000001,50.0,0.01722638712013232,0.22268382167798847
1.6827835000000002,50.0,0.01722637225114542,0.22267249122304497
1.683278,50.0,0.017226376887200048,0.22265859518116737
1.6837725000000001,50.0,0.017226380496019975,0.22264816171120938
1.6842670000000002,50.0,0.017226365089890713,0.22264439569788047
1.6847615000000002,50.0,0.017226367327155163,0.22263533972689734
1.685256,50.0,0.017226372843637466,0.22263571075778563
1.6857505000000002,50.0,0.01722636506978408,0.22263845529384446
1.6862450000000002,50.0,0.017226364208579106,0.2226389847891213
1.6867395,50.0,0.017226367425161794,0.222649788200689
1.6872340000000001,50.0,0.017226364631618165,0.2226557538623793
1.6877285000000002,50.0,0.01722636384594842,0.22267175217731547
1.688223,50.0,0.017226370004774925,0.22268631609897024
1.6887175,50.0,0.017226369325435198,0.22269954825007074
1.6892120000000002,50.0,0.01722636570538515,0.2227258999826126
1.6897065000000002,50.0,0.017226372137761892,0.22274176524735803
1.690201,50.0,0.017226375235009236,0.2227672832637745
1.6906955000000001,50.0,0.017226372973933726,0.22279037078526767
1.6911900000000002,50.0,0.017226375017003654,0.22281441755832318
1.6916845,50.0,0.017226380080227328,0.2228410901464142
1.692179,50.0,0.017226383219262512,0.22286494298155418
1.6926735000000002,50.0,0.01722637969049397,0.22288917992067991
1.6931680000000002,50.0,0.017226383003239625,0.22291366904939025
1.6936625,50.0,0.017226393165065093,0.2229366600885438
1.6941570000000001,50.0,0.017226387815708805,0.22295547829121287
1.6946515000000002,50.0,0.01722638424485879,0.22297736518662542
1.695146,50.0,0.01722639648736805,0.22299337162696817
1.6956405,50.0,0.017226394291849727,0.2230066278750039
1.6961350000000002,50.0,0.017226388879324865,0.22302269789795068
1.6966295000000002,50.0,0.017226398892956653,0.2230295375659881
1.697124,50.0,0.017226394579414498,0.22303780963302625
1.6976185000000001,50.0,0.017226389286489962,0.22304494679626968
1.6981130000000002,50.0,0.017226398374260245,0.22304431598603477
1.6986075,50.0,0.01722639458471562,0.22304655745916102
1.6991020000000001,50.0,0.01722638864531722,0.22304255146170196
1.6995965000000002,50.0,0.017226392525974972,0.2230377395225257
1.7000910000000002,50.0,0.01722639215306451,0.22303131123065326
1.7005855,50.0,0.017226386745017017,0.22301874541712502
1.7010800000000001,50.0,0.01722638308663263,0.22300874467845938
1.7015745000000002,50.0,0.017226385642347075,0.22299220709830295
1.702069,50.0,0.017226382395117642,0.22297645693747867
1.7025635000000001,50.0,0.017226372820568922,0.22295875714244817
1.7030580000000002,50.0,0.017226372608354357,0.22293511061603408
1.7035525,50.0,0.017226373782631303,0.22291811270471143
1.704047,50.0,0.0172263673813936,0.2228925491632566
1.7045415000000002,50.0,0.017226359007101996,0.2228686014656018
1.7050360000000002,50.0,0.0172263595435401,0.2228490793168843
1.7055305,50.0,0.01722635845582405,0.22282008446076038
1.7060250000000001,50.0,0.017226347431236407,0.2228006467524103
1.7065195000000002,50.0,0.0172263490713505,0.222777621389726
1.707014,50.0,0.017226348781116955,0.22275324397970858
1.7075085,50.0,0.0172263359100101,0.2227367474520927
1.7080030000000002,50.0,0.017226339182704956,0.22271741153203364
1.7084975000000002,50.0,0.017226340708874792,0.22269936737563328
1.708992,50.0,0.017226327666045996,0.22268747027402963
1.7094865000000001,50.0,0.01722633027902552,0.2226759221239863
1.7099810000000002,50.0,0.017226334682286626,0.22266434992568052
1.7104755,50.0,0.01722632405682646,0.22266282203485707
1.71097,50.0,0.017226323839484043,0.22265542246480058
1.7114645000000002,50.0,0.017226330132777943,0.22265479091215157
1.7119590000000002,50.0,0.017226326903151627,0.22266000000454075
1.7124535,50.0,0.01722632355097611,0.22266077473488652
1.7129480000000001,50.0,0.017226323954777124,0.22266840711311797
1.7134425000000002,50.0,0.017226328753415662,0.2226781201854558
1.713937,50.0,0.01722632944374801,0.22268865619400327
1.7144315,50.0,0.01722632519637856,0.22270122377976792
1.7149260000000002,50.0,0.017226331117575485,0.22271626028620728
1.7154205000000002,50.0,0.017226333763985045,0.22273208952802112
1.715915,50.0,0.017226330318263695,0.22275203339524924
1.7164095000000001,50.0,0.017226335912719687,0.22276834137286375
1.7169040000000002,50.0,0.017226340216626043,0.22279074059311657
1.7173985,50.0,0.01722633786158969,0.22280988452266323
1.7178930000000001,50.0,0.017226341046181832,0.22283400051014007
1.7183875000000002,50.0,0.017226349234673772,0.22285503254704656
1.7188820000000002,50.0,0.017226346243807197,0.22287306643713597
1.7193765,50.0,0.017226346162704832,0.22290215037277933
1.7198710000000001,50.0,0.017226359372214846,0.22291624793948836
1.7203655000000002,50.0,0.01722635480277605,0.22293816547318185
1.72086,50.0,0.017226349655358828,0.22295982333039913
1.7213545000000001,50.0,0.01722636439355716,0.22297127075616854
1.7218490000000002,50.0,0.017226364212989245,0.22299057600743902
1.7223435,50.0,0.017226358448910017,0.22300402514685108
1.722838,50.0,0.017226364885072603,0.22300947636633373
1.7233325000000002,50.0,0.01722636654884827,0.2230246187925692
1.7238270000000002,50.0,0.017226365868499655,0.22302595973995143
1.7243215,50.0,0.017226365933113212,0.22302912589169227
1.7248160000000001,50.0,0.01722636637482616,0.22303082585597805
1.7253105000000002,50.0,0.017226368164462685,0.2230265920647065
1.725805,50.0,0.017226364839281798,0.22302228991823653
1.7262995,50.0,0.017226363373245943,0.223014725107853
1.7267940000000002,50.0,0.01722636655522953,0.22300450441673766
1.7272885000000002,50.0,0.017226361096508918,0.22299028616999694
1.727783,50.0,0.0172263578823584,0.22298193007265826
1.7282775000000001,50.0,0.017226362230588998,0.22296090169023092
1.7287720000000002,50.0,0.01722635447831513,0.22294613115573628
1.7292665,50.0,0.017226349818295385,0.22292994543390535
1.729761,50.0,0.017226356998094754,0.22290866112402521
1.7302555000000002,50.0,0.017226350986297167,0.22289050347272105
1.7307500000000002,50.0,0.017226340165616486,0.22286991172470427
1.7312445,50.0,0.01722634468017607,0.2228507769813626
1.7317390000000001,50.0,0.01722634680056034,0.22282957793520727
1.7322335000000002,50.0,0.01722633490499386,0.22280960320594337
1.732728,50.0,0.017226333770366187,0.2227910845946897
1.7332225,50.0,0.017226338941613777,0.22277002373854538
1.7337170000000002,50.0,0.017226329275713912,0.22275478975474622
1.7342115000000002,50.0,0.017226327218036904,0.22273758328476664
1.734706,50.0,0.017226330686168422,0.22271791400893617
1.7352005000000001,50.0,0.017226324474054193,0.2227129507388206
1.7356950000000002,50.0,0.01722632431130767,0.2226925460781129
1.7361895,50.0,0.017226323647375474,0.2226874090994793
1.7366840000000001,50.0,0.01722632193003589,0.22268188555656412
1.7371785000000002,50.0,0.01722632333165975,0.2226702385107928
1.7376730000000002,50.0,0.01722632056192733,0.2226751740553587
1.7381675,50.0,0.01722632388731549,0.22267122701856312
1.7386620000000002,50.0,0.01722632307442922,0.2226737267320831
1.7391565000000002,50.0,0.017226317576480694,0.2226814341769151
1.739651,50.0,0.017226327257906505,0.222687750252021
1.7401455000000001,50.0,0.017226330052846114,0.22269657858899533
1.7406400000000002,50.0,0.01722632105629623,0.2227121338707068
1.7411345,50.0,0.017226328431652317,0.22272310847465132
1.741629,50.0,0.017226337227980316,0.22273990923982986
1.7421235000000002,50.0,0.017226330546870963,0.222758982718551
1.7426180000000002,50.0,0.017226332962500448,0.22277403712562527
1.7431125,50.0,0.017226343695780032,0.22279435807858441
1.7436070000000001,50.0,0.017226341259136507,0.22281435720221174
1.7441015000000002,50.0,0.017226340738665944,0.22283356434786497
1.744596,50.0,0.017226349818273524,0.22285127442123248
1.7450905,50.0,0.017226351379817612,0.2228730791253141
1.7455850000000002,50.0,0.017226350485516594,0.22288929632629398
1.7460795000000002,50.0,0.017226356966521538,0.2229092702188828
1.746574,50.0,0.01722635903902661,0.2229242214183834
1.7470685000000001,50.0,0.01722635779391229,0.22294215625931227
1.7475630000000002,50.0,0.017226364923767053,0.2229551643665599
1.7480575,50.0,0.017226368091180503,0.22296910224112543
1.748552,50.0,0.01722636646152384,0.22298226478535138
1.7490465000000002,50.0,0.017226368060891766,0.2229875747147397
1.7495410000000002,50.0,0.01722637091889125,0.2230023618452627
1.7500355,50.0,0.017226376456813703,0.22300251444610755
1.7505300000000001,50.0,0.017226371406267076,0.22300841019642462
1.7510245000000002,50.0,0.01722636970049022,0.22301195522184514
1.751519,50.0,0.017226381130887976,0.22300740226919566
1.7520135000000001,50.0,0.017226373762512185,0.2230073981160828
1.7525080000000002,50.0,0.017226368374937528,0.22300322778094467
1.7530025000000002,50.0,0.017226379727254337,0.22299009066097494
1.753497,50.0,0.01722637421664462,0.2229866471450977
1.7539915000000001,50.0,0.01722636727494339,0.2229728334288043
1.7544860000000002,50.0,0.01722637327167497,0.22295658153750883
1.7549805,50.0,0.017226371162089662,0.22294537449662516
1.7554750000000001,50.0,0.01722636564662959,0.22292511959362427
1.7559695000000002,50.0,0.01722636788635949,0.22290986342201902
1.7564640000000002,50.0,0.01722636648350799,0.22288956295512102
1.7569585,50.0,0.017226358842407617,0.22287022975780382
1.7574530000000002,50.0,0.017226360107597406,0.22285190443672148
1.7579475000000002,50.0,0.017226362608095663,0.22283311524651908
1.758442,50.0,0.017226355458895178,0.2228119752132685
1.7589365000000001,50.0,0.017226352312259212,0.22279620116705284
1.7594310000000002,50.0,0.01722635516305537,0.22277885802504233
1.7599255,50.0,0.017226353834037953,0.22276283539234862
1.76042,50.0,0.0172263488055154,0.22274773755059574
1.7609145000000002,50.0,0.017226347485704237,0.22273508392158844
1.7614090000000002,50.0,0.01722635110554333,0.22272435466900453
1.7619035,50.0,0.017226348912995213,0.2227133832744167
1.7623980000000001,50.0,0.017226341973494905,0.22270620668598
1.7628925000000002,50.0,0.017226347434788465,0.22269912213795962
1.763387,50.0,0.017226351708002186,0.22269582000510937
1.7638815,50.0,0.017226341640756825,0.22269203260001919
1.7643760000000002,50.0,0.017226345545733112,0.22269447318458926
1.7648705000000002,50.0,0.017226352194616663,0.22269097710049146
1.765365,50.0,0.01722634339333727,0.22270072383652717
1.7658595000000001,50.0,0.017226350129583744,0.22270248054922173
1.7663540000000002,50.0,0.017226356254892435,0.222709027743241
1.7668485,50.0,0.0172263476473237,0.22272370795479626
1.767343,50.0,0.01722635407426095,0.22272789565581871
1.7678375000000002,50.0,0.017226361360720286,0.22274713783871014
1.7683320000000002,50.0,0.017226358072369278,0.2227580475043691
1.7688265,50.0,0.017226359356185605,0.22277274037141412
1.7693210000000001,50.0,0.01722636603245781,0.2227939244677544
1.7698155000000002,50.0,0.01722637003138045,0.22280740533313806
1.77031,50.0,0.01722636803697386,0.22282768804146003
1.7708045000000001,50.0,0.017226372120374072,0.2228463691704693
1.7712990000000002,50.0,0.017226380113416394,0.22286338891141724
1.7717935000000002,50.0,0.01722638026963121,0.2228841894498602
1.772288,50.0,0.017226379365842922,0.22289945210338008
1.7727825000000001,50.0,0.017226385108049063,0.2229163698155134
1.7732770000000002,50.0,0.017226391702478368,0.22293354161653886
1.7737715,50.0,0.01722638979013585,0.222944667635344
1.7742660000000001,50.0,0.017226390592011354,0.2229591075040536
1.7747605000000002,50.0,0.017226398509281537,0.22296792663668277
1.7752550000000002,50.0,0.017226395412588077,0.22297796009584836
1.7757495,50.0,0.017226395224846383,0.2229836308408331
1.7762440000000002,50.0,0.017226405065648685,0.22298854264429357
1.7767385000000002,50.0,0.017226399583818913,0.22299124014362404
1.777233,50.0,0.017226396386094144,0.22299231997351457
1.7777275000000001,50.0,0.017226408072314313,0.22299186167606214
1.7782220000000002,50.0,0.017226403598783916,0.2229866203097856
1.7787165,50.0,0.017226396820381778,0.22298573574355735
1.779211,50.0,0.017226406762417285,0.22297538783511991
1.7797055000000002,50.0,0.0172264048113053,0.2229694802314234
1.7802000000000002,50.0,0.01722639763400925,0.2229607838897259
1.7806945,50.0,0.017226401137633716,0.22294637829679192
1.7811890000000001,50.0,0.01722640207853122,0.22293738743335528
1.7816835000000002,50.0,0.017226400655128607,0.22292150155205503
1.782178,50.0,0.017226395993286705,0.22290736743222775
1.7826725,50.0,0.017226394819185645,0.22289329841472802
1.7831670000000002,50.0,0.017226398232002647,0.22287298413143475
1.7836615000000002,50.0,0.01722639252367875,0.22286125216940358
1.784156,50.0,0.01722639069342332,0.2228405731691266
1.7846505000000001,50.0,0.0172263933223927,0.22282336384659626
1.7851450000000002,50.0,0.01722638794642677,0.2228092381117084
1.7856395,50.0,0.01722638569829511,0.22278896354992225
1.786134,50.0,0.017226388856902086,0.22277711372485817
1.7866285000000002,50.0,0.01722638586259481,0.2227590220711309
1.7871230000000002,50.0,0.017226379241728155,0.22274689697103595
1.7876175,50.0,0.017226384612402453,0.22273713780203064
1.7881120000000001,50.0,0.017226385928765183,0.22272379520350405
1.7886065000000002,50.0,0.01722637481389743,0.2227172686385231
1.789101,50.0,0.017226381853662168,0.22271246340483447
1.7895955000000001,50.0,0.017226387843808682,0.22270525663781315
1.7900900000000002,50.0,0.017226376130047186,0.2227066733337361
1.7905845000000002,50.0,0.0172263791997816,0.22270548529048326
1.791079,50.0,0.017226387150254173,0.2227060676341741
1.7915735000000002,50.0,0.01722638272365604,0.2227130878102011
1.7920680000000002,50.0,0.017226383446354764,0.2227169245486348
1.7925625,50.0,0.01722638717857893,0.2227240665438057
1.7930570000000001,50.0,0.017226387564589555,0.2227339958144807
1.7935515000000002,50.0,0.017226390051094827,0.2227444003336383
1.7940460000000003,50.0,0.01722639101183609,0.22275437644677162
1.7945405,50.0,0.0172263942955135,0.22276910916786324
1.7950350000000002,50.0,0.017226397332792305,0.22277981333393437
1.7955295000000002,50.0,0.01722639589395091,0.2227966604648465
1.796024,50.0,0.017226402850827487,0.22281090927603228
1.7965185000000001,50.0,0.017226406315474507,0.22282445724439015
1.7970130000000002,50.0,0.017226402076587443,0.222841573415514
1.7975075,50.0,0.01722641126290037,0.2228574220656681
1.798002,50.0,0.01722641568759755,0.2228722626763012
1.7984965000000002,50.0,0.01722640887468429,0.22288755984472536
1.7989910000000002,50.0,0.017226415910217105,0.22290216749993316
1.7994855,50.0,0.017226425309553792,0.22291802755075502
1.7999800000000001,50.0,0.01722642044961457,0.22292895140411711
1.8004745000000002,50.0,0.017226418547263988,0.22294229735279558
1.800969,50.0,0.017226429537644253,0.22295418649291993
1.8014635,50.0,0.017226429567552694,0.22296069359424128
1.8019580000000002,50.0,0.01722642422964747,0.2229728985253728
1.8024525000000002,50.0,0.017226433121776633,0.2229737879869898
1.802947,50.0,0.017226432931413824,0.22297961366945268
1.8034415000000001,50.0,0.017226429157366125,0.2229846136958548
1.8039360000000002,50.0,0.017226435171648416,0.222977986131901
1.8044305,50.0,0.017226433628112332,0.22298016499460888
1.8049250000000001,50.0,0.01722643240199414,0.22297532486227312
1.8054195000000002,50.0,0.01722643369799908,0.22296620463482114
1.8059140000000002,50.0,0.017226432251970375,0.22296227474070432
1.8064085,50.0,0.017226433253255877,0.22294977981201544
1.8069030000000001,50.0,0.017226429645708814,0.2229392008925042
1.8073975000000002,50.0,0.01722643016983042,0.22292922061791792
1.807892,50.0,0.017226434274316842,0.22291412159266272
1.8083865000000001,50.0,0.017226425230706065,0.2229010308048048
1.8088810000000002,50.0,0.01722642268594534,0.2228873816714737
1.8093755000000002,50.0,0.017226432016249953,0.22287316488218747
1.80987,50.0,0.017226424751747224,0.2228559319233609
1.8103645000000002,50.0,0.017226416789803158,0.22284502995479877
1.8108590000000002,50.0,0.017226425037666433,0.22282701215410627
1.8113535,50.0,0.017226422138255003,0.22281393995915993
1.8118480000000001,50.0,0.017226414087735266,0.22280211547212567
1.8123425000000002,50.0,0.017226418263731214,0.2227847894267772
1.8128370000000003,50.0,0.017226418346936046,0.2227759429691929
1.8133315,50.0,0.017226411927856608,0.22276240509226317
1.8138260000000002,50.0,0.017226412866997814,0.22275376853050197
1.8143205000000002,50.0,0.017226415558536066,0.22274149422488257
1.814815,50.0,0.01722641039526091,0.222735738025787
1.8153095000000001,50.0,0.017226410591623036,0.22272970220774438
1.8158040000000002,50.0,0.01722641471426996,0.22272085678645215
1.8162985,50.0,0.01722640934533252,0.22272248694361918
1.816793,50.0,0.017226408977584495,0.22271761757020875
1.8172875000000002,50.0,0.017226413575708827,0.22271768035207803
1.8177820000000002,50.0,0.0172264137006027,0.2227236000537595
1.8182765,50.0,0.01722641304422943,0.22272279197592182
1.8187710000000001,50.0,0.01722641056059293,0.22273151326170132
1.8192655000000002,50.0,0.01722641777934777,0.22274163314731912
1.81976,50.0,0.01722642124554682,0.22274401917628617
1.8202545,50.0,0.01722641269761683,0.22276309280697568
1.8207490000000002,50.0,0.01722642177010496,0.2227699987346583
1.8212435000000002,50.0,0.017226428024467614,0.2227830559374433
1.821738,50.0,0.01722641952892609,0.22280085144543962
1.8222325000000001,50.0,0.017226426806190326,0.22281112513077514
1.8227270000000002,50.0,0.017226433913057997,0.22282737756924442
1.8232215,50.0,0.01722642832757111,0.22284153364936568
1.8237160000000001,50.0,0.017226432261523657,0.2228580010568091
1.8242105000000002,50.0,0.017226438729373204,0.2228684083746512
1.8247050000000002,50.0,0.01722643544181584,0.2228857259536754
1.8251995,50.0,0.017226438080226423,0.2228962058084093
1.8256940000000002,50.0,0.017226445515847223,0.22290900681051912
1.8261885000000002,50.0,0.017226443200224876,0.22292105128180326
1.826683,50.0,0.017226441380000006,0.22292951598913988
1.8271775000000001,50.0,0.017226448002320864,0.22293909130889988
1.8276720000000002,50.0,0.017226451038142285,0.22294823208456477
1.8281665000000002,50.0,0.017226447324823178,0.22295262773181715
1.828661,50.0,0.01722644809999469,0.22295817067909238
1.8291555000000002,50.0,0.017226453310258065,0.22296301232537272
1.8296500000000002,50.0,0.01722645303824867,0.2229648224741697
1.8301445,50.0,0.017226449871810028,0.2229643489560194
1.8306390000000001,50.0,0.01722645138426538,0.22296472847056786
1.8311335000000002,50.0,0.01722645605973032,0.22296305951901949
1.8316280000000003,50.0,0.017226451326457098,0.22295562900626958
1.8321225,50.0,0.017226447145257597,0.22295592095155256
1.8326170000000002,50.0,0.017226455927548245,0.22294234976048283
1.8331115000000002,50.0,0.017226450905867923,0.22293657557855118
1.833606,50.0,0.017226444666742346,0.22292905783156597
1.8341005000000001,50.0,0.01722645326408331,0.2229117658843103
1.8345950000000002,50.0,0.017226445529255445,0.2229036569142426
1.8350895,50.0,0.017226440278839385,0.2228902393677833
1.835584,50.0,0.01722644915654621,0.22287281799243944
1.8360785000000002,50.0,0.017226442384669326,0.22286248362122763
1.8365730000000002,50.0,0.017226435446931518,0.22284616424386972
1.8370675,50.0,0.017226440143939505,0.22282959431199442
1.8375620000000001,50.0,0.017226439693769285,0.22282181001425524
1.8380565000000002,50.0,0.017226433648376074,0.2228015695007549
1.838551,50.0,0.017226431682398093,0.22279322781771324
1.8390455,50.0,0.017226434688586353,0.22278045924184628
1.8395400000000002,50.0,0.01722643225925153,0.22277037689115292
1.8400345000000002,50.0,0.01722642730631668,0.22276113907207476
1.840529,50.0,0.01722642882381309,0.22275185467953232
1.8410235000000001,50.0,0.017226431109979984,0.2227479182551278
1.8415180000000002,50.0,0.01722642739659313,0.22274002286278421
1.8420125,50.0,0.017226424078243065,0.2227389594391961
1.8425070000000001,50.0,0.01722642820357292,0.22273394801747115
1.8430015000000002,50.0,0.017226428170207194,0.22273484628845397
1.8434960000000002,50.0,0.017226424041085733,0.2227355812358536
1.8439905,50.0,0.017226428777859987,0.22273635449376852
1.8444850000000002,50.0,0.017226429728671312,0.22273909043879428
1.8449795000000002,50.0,0.017226423368272237,0.22274599327362699
1.845474,50.0,0.017226430409991632,0.22275060961122747
1.8459685000000001,50.0,0.017226435310220337,0.2227555828467706
1.8464630000000002,50.0,0.017226424999459342,0.22276775900127857
1.8469575000000003,50.0,0.0172264313249876,0.22277457732065395
1.847452,50.0,0.01722644010737974,0.22278493076071926
1.8479465000000002,50.0,0.017226430856636023,0.22279862708456225
1.8484410000000002,50.0,0.017226434796729084,0.22280856459110748
1.8489355,50.0,0.01722644254454713,0.22282116366438398
1.8494300000000001,50.0,0.017226439259012842,0.22283897817268494
1.8499245000000002,50.0,0.0172264403641166,0.22284573040786096
1.8504190000000003,50.0,0.017226442755088216,0.22286545047770243
1.8509135,50.0,0.01722644708246496,0.22287652356340307
1.8514080000000002,50.0,0.017226448322809985,0.22288702947633607
1.8519025000000002,50.0,0.017226446065624786,0.22290535614580234
1.852397,50.0,0.017226451310382827,0.22290965540291932
1.8528915000000001,50.0,0.017226452321322923,0.22292464649483523
1.8533860000000002,50.0,0.017226450479098893,0.22293221779576136
1.8538805,50.0,0.017226455120784495,0.22293871818201097
1.854375,50.0,0.01722645604547587,0.22294577674631164
1.8548695000000002,50.0,0.01722645205214706,0.22294989933238213
1.8553640000000002,50.0,0.017226455297350132,0.22295310026053522
1.8558585,50.0,0.017226460553865418,0.222954429236896
1.8563530000000001,50.0,0.017226453470137442,0.2229532634530921
1.8568475000000002,50.0,0.01722645231567022,0.22295379764258852
1.857342,50.0,0.017226461731816148,0.22294876716226075
1.8578365000000001,50.0,0.017226454304111082,0.2229458094921814
1.8583310000000002,50.0,0.01722644846563002,0.2229402586632347
1.8588255000000002,50.0,0.01722645868315768,0.22293256343205864
1.85932,50.0,0.01722645487443797,0.22292668701456297
1.8598145000000001,50.0,0.017226446612727778,0.2229167887082441
1.8603090000000002,50.0,0.017226451470406176,0.2229085696782015
1.8608035,50.0,0.017226450256468826,0.22289704528672027
1.8612980000000001,50.0,0.017226445606565586,0.22288884093907954
1.8617925000000002,50.0,0.017226446804407984,0.22287396962724249
1.8622870000000002,50.0,0.017226443805763023,0.22286612543502324
1.8627815,50.0,0.017226442178877664,0.22285147271840353
1.8632760000000002,50.0,0.017226440990063867,0.22283866902258265
1.8637705000000002,50.0,0.017226438235112478,0.22283059841429945
1.864265,50.0,0.0172264398701709,0.22281234155440702
1.8647595000000001,50.0,0.017226433593925953,0.22280460550556827
1.8652540000000002,50.0,0.0172264318723638,0.2227929595622218
1.8657485000000003,50.0,0.017226437420833976,0.22277971041505554
1.866243,50.0,0.01722642883125955,0.22277358957163765
1.8667375000000002,50.0,0.01722642638947474,0.22276201811885624
1.8672320000000002,50.0,0.017226434013067633,0.2227552102161512
1.8677265,50.0,0.017226428458042974,0.2227528276615694
1.8682210000000001,50.0,0.01722642156378393,0.22274255221687317
1.8687155000000002,50.0,0.017226428249133324,0.2227452059063776
1.86921,50.0,0.017226431100426005,0.2227411480210365
1.8697045,50.0,0.017226422138332143,0.22274226182446888
1.8701990000000002,50.0,0.01722642478979427,0.22274577101038265
1.8706935000000002,50.0,0.01722643080161847,0.22274573986079702
1.871188,50.0,0.017226423799144044,0.2227548967617356
1.8716825000000001,50.0,0.01722642655609016,0.22275876136817388
1.8721770000000002,50.0,0.0172264310822476,0.22276520343652095
1.8726715,50.0,0.017226425971230964,0.2227752024174686
1.873166,50.0,0.0172264290732646,0.222783867978548
1.8736605000000002,50.0,0.017226432398761867,0.22279266910946566
1.8741550000000002,50.0,0.017226431140592843,0.22280405025903924
1.8746495,50.0,0.017226432542421583,0.2228135222519317
1.8751440000000001,50.0,0.0172264335778227,0.22282526767855226
1.8756385000000002,50.0,0.017226436784803078,0.22283701691265317
1.876133,50.0,0.017226436982314602,0.2228460782249066
1.8766275000000001,50.0,0.01722643379491172,0.2228591567389328
1.8771220000000002,50.0,0.017226441936225828,0.22286935705961677
1.8776165000000002,50.0,0.017226444648498908,0.2228799176569813
1.878111,50.0,0.017226435201520403,0.2228908666337024
1.8786055000000002,50.0,0.017226442652798653,0.22290034718595997
1.8791000000000002,50.0,0.017226449766251966,0.22290934025007503
1.8795945,50.0,0.017226440682644627,0.22291976767982796
1.8800890000000001,50.0,0.017226444114801582,0.22292498551155557
1.8805835000000002,50.0,0.017226450388751067,0.22293259176852054
1.8810780000000002,50.0,0.017226445056271425,0.22293954632138097
1.8815725,50.0,0.01722644566241801,0.22294097060367407
1.8820670000000002,50.0,0.01722645033377907,0.22294651674553034
1.8825615000000002,50.0,0.017226447534196627,0.22294427120189866
1.883056,50.0,0.017226444120247483,0.22294695822934732
1.8835505000000001,50.0,0.0172264490325898,0.22294517040482703
1.8840450000000002,50.0,0.017226447268303517,0.22293716015391082
1.8845395000000003,50.0,0.0172264415233315,0.22293860544356464
1.885034,50.0,0.017226446497279037,0.22292798256966914
1.8855285000000002,50.0,0.01722644517365491,0.22292111485865923
1.8860230000000002,50.0,0.017226439835374488,0.22291577665852214
1.8865175,50.0,0.01722643936040991,0.22290080108470042
1.8870120000000001,50.0,0.017226439534874547,0.22289665803416894
1.8875065000000002,50.0,0.017226440938118166,0.22288281575879515
1.888001,50.0,0.0172264335913922,0.22287082872019975
1.8884955,50.0,0.01722643088179622,0.22286382134696614
1.8889900000000002,50.0,0.017226438252900458,0.22284909288006416
1.8894845000000002,50.0,0.017226430076103038,0.2228394592566904
1.889979,50.0,0.017226424711319258,0.2228295859263197
1.8904735000000001,50.0,0.017226432623497854,0.22281816013733866
1.8909680000000002,50.0,0.017226425987062585,0.22280858435098505
1.8914625,50.0,0.017226420105258645,0.22280080115831835
1.891957,50.0,0.01722642722086358,0.22279038497064887
1.8924515000000002,50.0,0.01722642275931551,0.22278328304802184
1.8929460000000002,50.0,0.017226416907213715,0.22277655211988193
1.8934405,50.0,0.01722642267670101,0.22276995850215248
1.8939350000000001,50.0,0.017226419800978058,0.22276410029457838
1.8944295000000002,50.0,0.017226413805018725,0.22276085641280405
1.894924,50.0,0.01722641782950019,0.22275609345997419
1.8954185000000001,50.0,0.01722641971270215,0.22275518638594774
1.8959130000000002,50.0,0.01722641455540626,0.22275345215101827
1.8964075000000002,50.0,0.017226412611525087,0.22275411586784682
1.896902,50.0,0.017226417736181,0.22275609301405164
1.8973965000000002,50.0,0.017226417651038616,0.22275802757518529
1.8978910000000002,50.0,0.017226413494379575,0.22276558873418628
1.8983855,50.0,0.017226415453010294,0.22276589873466782
1.8988800000000001,50.0,0.017226418736956423,0.22277915420286978
1.8993745000000002,50.0,0.01722641852999126,0.2227834021977483
1.8998690000000003,50.0,0.017226415688950423,0.22279193015615512
1.9003635,50.0,0.017226420345595066,0.22280630381330488
1.9008580000000002,50.0,0.017226424305583982,0.22281061564440038
1.9013525000000002,50.0,0.01722641696641403,0.2228260192673196
1.901847,50.0,0.017226422969022444,0.22283728673407327
1.9023415000000001,50.0,0.017226428285960785,0.22284350683769855
1.9028360000000002,50.0,0.017226419639826178,0.22286060723775702
1.9033305000000003,50.0,0.017226427784647856,0.2228676729853276
1.903825,50.0,0.017226431839694786,0.22287722588323877
1.9043195000000002,50.0,0.01722642248023861,0.22288985925016264
1.9048140000000002,50.0,0.017226428942886854,0.22289516575883297
1.9053085,50.0,0.01722643502564245,0.22290460363108253
1.9058030000000001,50.0,0.017226428718503092,0.22291170118292078
1.9062975000000002,50.0,0.01722642844840617,0.2229175852222002
1.906792,50.0,0.017226433958962683,0.2229205822395505
1.9072865,50.0,0.017226433642246224,0.22292844677969767
1.9077810000000002,50.0,0.01722643051329034,0.2229285948668943
1.9082755000000002,50.0,0.01722643148445604,0.22293068027468377
1.90877,50.0,0.017226434255204034,0.22293342900474095
1.9092645000000001,50.0,0.017226432291907304,0.22293204742778
1.9097590000000002,50.0,0.017226429111830095,0.22293225223520266
1.9102535,50.0,0.017226432052768446,0.2229285456542259
1.9107480000000001,50.0,0.017226432858428294,0.22292694421241846
1.9112425000000002,50.0,0.01722642801316634,0.22292172478539532
1.9117370000000002,50.0,0.017226428343881196,0.22291762598799197
1.9122315,50.0,0.01722643001621115,0.22290976694782938
1.9127260000000001,50.0,0.017226424842029762,0.22290253980497168
1.9132205000000002,50.0,0.01722642383137923,0.22289603539730768
1.913715,50.0,0.017226428477302328,0.22288558365200348
1.9142095000000001,50.0,0.017226420742749077,0.22287353956864075
1.9147040000000002,50.0,0.017226415691121596,0.22286861813625972
1.9151985000000002,50.0,0.017226425675163574,0.22285356153080665
1.915693,50.0,0.017226418349469818,0.22284269269427598
1.9161875000000002,50.0,0.01722640953916411,0.22283699839691787
1.9166820000000002,50.0,0.017226418993047696,0.22281883014290219
1.9171765,50.0,0.017226414498320367,0.22281584067736127
1.9176710000000001,50.0,0.0172264077085822,0.22280386841820962
1.9181655000000002,50.0,0.017226411614307283,0.22279255423494382
1.9186600000000003,50.0,0.01722641006813735,0.2227898781387605
1.9191545,50.0,0.017226408025466107,0.2227800505583387
1.9196490000000002,50.0,0.017226405435711835,0.2227745330744145
1.9201435000000002,50.0,0.017226405126395863,0.22277203083347172
1.920638,50.0,0.017226407080617113,0.22276665407511084
1.9211325000000001,50.0,0.017226403314810505,0.22276531547122322
1.9216270000000002,50.0,0.01722640350429618,0.2227657291717204
1.9221215000000003,50.0,0.017226405488584142,0.22276277297923056
1.922616,50.0,0.017226401781768826,0.22276649558613493
1.9231105000000002,50.0,0.01722640216098803,0.22276729368185752
1.9236050000000002,50.0,0.017226406991802147,0.22277153847757955
1.9240995,50.0,0.01722640334891445,0.22277208313392113
1.9245940000000001,50.0,0.01722639944872333,0.2227808752745664
1.9250885000000002,50.0,0.017226407772637838,0.22278432402314413
1.925583,50.0,0.017226408021985922,0.22278900518677103
1.9260775,50.0,0.017226400142872886,0.2227993402347662
1.9265720000000002,50.0,0.017226407336946768,0.22280347581164484
1.9270665000000002,50.0,0.01722641250422691,0.22281431295409954
1.927561,50.0,0.017226403669823188,0.2228215812534749
1.9280555000000001,50.0,0.017226407270747236,0.2228321531311745
1.9285500000000002,50.0,0.017226415442655584,0.22283925231801624
1.9290445,50.0,0.017226409442055866,0.22285298404517662
1.9295390000000001,50.0,0.01722641110418557,0.22285967694695805
1.9300335000000002,50.0,0.017226415891646606,0.22286933649262783
1.9305280000000002,50.0,0.01722641279615327,0.22288244065513282
1.9310225,50.0,0.017226415995211568,0.2228870905178968
1.9315170000000002,50.0,0.017226417097159396,0.2228968921149497
1.9320115000000002,50.0,0.01722641660895989,0.2229072540334569
1.932506,50.0,0.017226418213760725,0.22290822832085888
1.9330005000000001,50.0,0.017226416108226363,0.22291877023080933
1.9334950000000002,50.0,0.01722642114980056,0.2229220428961066
1.9339895000000003,50.0,0.017226420596277717,0.22292107717674917
1.934484,50.0,0.01722641406078531,0.2229303396173691
1.9349785000000002,50.0,0.01722642149927715,0.22292373107671706
1.9354730000000002,50.0,0.017226422096644094,0.22292774541137272
1.9359675,50.0,0.01722641367019871,0.22292484825459052
1.9364620000000001,50.0,0.017226417867985067,0.22292077592766912
1.9369565000000002,50.0,0.01722642263786688,0.22291865700006344
1.9374510000000003,50.0,0.017226414781972826,0.2229130547474327
1.9379455,50.0,0.01722641189237945,0.22290874581330913
1.9384400000000002,50.0,0.01722641928123279,0.22290060571538947
1.9389345000000002,50.0,0.01722641476889303,0.22289606914129848
1.939429,50.0,0.017226409207309952,0.22288861782583866
1.9399235000000001,50.0,0.017226414974934816,0.2228795962016816
1.9404180000000002,50.0,0.017226411038031207,0.222873248572523
1.9409125000000003,50.0,0.017226406485005955,0.22286541453514613
1.941407,50.0,0.017226411246599543,0.22285468298569724
1.9419015000000002,50.0,0.017226407820516286,0.22284950332591696
1.9423960000000002,50.0,0.01722640302967654,0.22283751161032025
1.9428905,50.0,0.017226405193833772,0.22283094013742227
1.9433850000000001,50.0,0.017226404213619918,0.22282205774279892
1.9438795000000002,50.0,0.017226401717528872,0.2228131928815752
1.944374,50.0,0.017226399496741932,0.2228044709008803
1.9448685000000001,50.0,0.017226399007576103,0.22279869060193236
1.9453630000000002,50.0,0.017226401880217748,0.22279084427431198
1.9458575000000002,50.0,0.017226395063350643,0.22278272412068015
1.946352,50.0,0.017226392512218896,0.22278258159896422
1.9468465000000001,50.0,0.017226402179288617,0.22277108950047855
1.9473410000000002,50.0,0.017226394838295387,0.2227741820711272
1.9478355,50.0,0.0172263892889007,0.222770225765456
1.9483300000000001,50.0,0.01722639902269751,0.22276627042425
1.9488245000000002,50.0,0.017226395230246678,0.2227722690312352
1.9493190000000002,50.0,0.01722639098288314,0.22276984962515697
1.9498135,50.0,0.017226396876065107,0.22277438461534463
1.9503080000000002,50.0,0.017226396126936924,0.22277792077207914
1.9508025000000002,50.0,0.017226392427355203,0.2227829447208944
1.951297,50.0,0.017226396686335344,0.2227894370746211
1.9517915000000001,50.0,0.017226399980123475,0.22279556978004628
1.9522860000000002,50.0,0.017226394563231825,0.22280133007708544
1.9527805000000003,50.0,0.017226397305073776,0.2228119755665459
1.953275,50.0,0.017226403170292896,0.22281734013514637
1.9537695000000002,50.0,0.017226398036352772,0.22282681585455066
1.9542640000000002,50.0,0.01722639926366525,0.22283405825141123
1.9547585,50.0,0.017226404383798972,0.22284244588059215
1.9552530000000001,50.0,0.017226404018900836,0.22285229604052795
1.9557475000000002,50.0,0.017226403224982045,0.2228566021166246
1.9562420000000003,50.0,0.01722640221365452,0.22286773854252387
1.9567365,50.0,0.017226408124648148,0.22287360138578227
1.9572310000000002,50.0,0.017226409472354633,0.2228808214665428
1.9577255000000002,50.0,0.017226402696251204,0.22288809383873784
1.95822,50.0,0.017226409042669266,0.22289410577122204
1.9587145000000001,50.0,0.017226413228113815,0.22289954046348098
1.9592090000000002,50.0,0.01722640531141987,0.22290656049083662
1.9597035000000003,50.0,0.01722641060366696,0.22290897310401211
1.960198,50.0,0.017226415216725348,0.22291309570825468
1.9606925000000002,50.0,0.017226406340838215,0.2229177925813746
1.9611870000000002,50.0,0.01722641108855979,0.22291765776570374
1.9616815,50.0,0.01722641576735022,0.2229189367227701
1.9621760000000001,50.0,0.0172264074939467,0.22291976746041206
1.9626705000000002,50.0,0.01722641025289059,0.22291642316160545
1.963165,50.0,0.017226414591367915,0.22291577295054762
1.9636595000000001,50.0,0.0172264090383225,0.22291180850842318
1.9641540000000002,50.0,0.017226406653050343,0.22290467371779873
1.9646485000000002,50.0,0.017226410409781536,0.22290378319105422
1.965143,50.0,0.01722641102853644,0.2228921689483902
1.9656375000000001,50.0,0.017226404708651676,0.22288855265899485
1.9661320000000002,50.0,0.017226404596389147,0.22287949378187447
1.9666265,50.0,0.017226407651231845,0.22287001351089272
1.9671210000000001,50.0,0.017226404469136796,0.22286519310249434
1.9676155000000002,50.0,0.017226401665500726,0.22285244253437594
1.9681100000000002,50.0,0.01722640099046337,0.22284631793865456
1.9686045,50.0,0.01722640301314056,0.22283906930147612
1.9690990000000002,50.0,0.017226398845172686,0.22282818927799014
1.9695935000000002,50.0,0.01722639572785558,0.22282396850136657
1.970088,50.0,0.017226402054609843,0.22281495095193815
1.9705825000000001,50.0,0.017226395744991064,0.22280813495227222
1.9710770000000002,50.0,0.017226392082007543,0.222805757599922
1.9715715000000003,50.0,0.017226400466963786,0.22279509967858968
1.972066,50.0,0.017226392856896127,0.22279526301489552
1.9725605000000002,50.0,0.01722638931972805,0.2227887703974527
1.9730550000000002,50.0,0.017226399211366795,0.22278528941901685
1.9735495,50.0,0.017226393124893862,0.22278399822891967
1.9740440000000001,50.0,0.017226387211882053,0.22278040592049803
1.9745385000000002,50.0,0.017226395166336346,0.22278070488059293
1.9750330000000003,50.0,0.017226394931440105,0.22277857002633916
1.9755275,50.0,0.01722638969726782,0.22278081727403903
1.9760220000000002,50.0,0.01722639174859506,0.22278092496776453
1.9765165000000002,50.0,0.017226394187576793,0.22278345982244283
1.977011,50.0,0.017226393899663458,0.22278713443247292
1.9775055000000001,50.0,0.01722639250303964,0.22279075044772756
1.9780000000000002,50.0,0.017226394136192077,0.22279660450165895
1.9784945000000003,50.0,0.017226397441883725,0.22280052384528246
1.978989,50.0,0.017226394744768236,0.22281007359653038
1.9794835000000002,50.0,0.017226395507522384,0.22281542577678695
1.9799780000000002,50.0,0.017226399985599078,0.22282295966479815
1.9804725,50.0,0.017226398694867757,0.22283336493084677
1.9809670000000001,50.0,0.01722639834655293,0.2228381765108519
1.9814615000000002,50.0,0.017226402884858678,0.22285113357234437
1.981956,50.0,0.017226403324076184,0.2228558056982172
1.9824505000000001,50.0,0.01722639880909341,0.22286389791452046
1.9829450000000002,50.0,0.017226406110043148,0.2228759940688187
1.9834395000000002,50.0,0.01722641008321488,0.22287616167228744
1.983934,50.0,0.017226399407968513,0.2228878892946682
1.9844285000000002,50.0,0.017226406654476882,0.2228922223163236
1.9849230000000002,50.0,0.017226413974677984,0.22289409539751368
1.9854175,50.0,0.017226403589317818,0.22290339483444846
1.9859120000000001,50.0,0.017226407577154528,0.22290210453937107
1.9864065000000002,50.0,0.017226412746176385,0.22290559566682774
1.9869010000000003,50.0,0.017226407683964717,0.22290964716242512
1.9873955,50.0,0.017226408889789758,0.22290732507688837
1.9878900000000002,50.0,0.01722641038190542,0.22290958397878446
1.9883845000000002,50.0,0.017226410522176414,0.22290805673301947
1.988879,50.0,0.017226410093945214,0.22290739122529699
1.9893735000000001,50.0,0.017226408529286266,0.22290579704558194
1.9898680000000002,50.0,0.017226410272547468,0.2229023604856687
1.9903625000000003,50.0,0.017226409577585703,0.22289981630072989
1.990857,50.0,0.017226406927836967,0.22289529562130084
1.9913515000000002,50.0,0.017226409925135192,0.22289193408990654
1.9918460000000002,50.0,0.017226408752604457,0.22288496483644338
1.9923405,50.0,0.017226402838332808,0.2228797863056744
1.9928350000000001,50.0,0.0172264071286378,0.22287373627368115
1.9933295000000002,50.0,0.01722640943400561,0.22286674717254845
1.9938240000000003,50.0,0.01722640040986832,0.22285790339971837
1.9943185,50.0,0.017226400905431864,0.22285136872917585
1.9948130000000002,50.0,0.017226407503748386,0.22284474908202007
1.9953075000000002,50.0,0.017226400523975283,0.22283326241905507
1.995802,50.0,0.017226395943773606,0.22282968201447584
1.9962965000000001,50.0,0.017226403888920782,0.2228187857314783
1.9967910000000002,50.0,0.017226400298401213,0.22281289074290422
1.9972855000000003,50.0,0.017226393003866948,0.22280868326371353
1.9977800000000001,50.0,0.01722639999332716,0.22279883373335088
1.9982745000000002,50.0,0.017226397934752127,0.22279569575394095
1.9987690000000002,50.0,0.017226393435011825,0.22279482163845635
1.9992635,50.0,0.017226398359951232,0.22278551872806399
1.9997580000000001,50.0,0.01722639508594253,0.2227881919242589
2.0002525,50.0,0.01722639452322174,0.22278662590605494
2.000747,50.0,0.017226396328402872,0.22278232028982964
2.0012415000000003,50.0,0.0172263954640901,0.2227893514590881
2.001736,50.0,0.017226397670950577,0.22278446014340747
2.0022305,50.0,0.017226393453437617,0.22278998677709136
2.0027250000000003,50.0,0.017226395463984873,0.22279286514361926
2.0032195,50.0,0.017226401781913002,0.22279418382653007
2.003714,50.0,0.01722639499347122,0.22279914257483308
2.0042085000000003,50.0,0.017226394894676665,0.22280375960517856
2.004703,50.0,0.017226403393331067,0.22280772172696214
2.0051975,50.0,0.017226399513237577,0.22281332925933894
2.0056920000000003,50.0,0.017226395425051538,0.22281875743695542
2.0061865,50.0,0.017226403760835878,0.22282489372962905
2.0066810000000004,50.0,0.017226405161518563,0.2228301919821338
2.0071755000000002,50.0,0.017226398779567987,0.22283812384591387
2.00767,50.0,0.017226404245761304,0.22284456724352664
2.0081645000000004,50.0,0.0172264081220136,0.2228492208295801
2.008659,50.0,0.017226403078263838,0.2228602537590694
2.0091535,50.0,0.01722640709619179,0.2228639727383689
2.0096480000000003,50.0,0.017226410991429096,0.22287135328617463
2.0101425,50.0,0.017226405995738082,0.22287887731319644
2.010637,50.0,0.017226408919648398,0.22288510484566224
2.0111315000000003,50.0,0.017226414143567792,0.22288819986269603
2.011626,50.0,0.01722641026438778,0.22289683007640546
2.0121205,50.0,0.017226410559332557,0.22289845845448836
2.0126150000000003,50.0,0.01722641326814916,0.22290100853185052
2.0131095,50.0,0.017226413938175218,0.22290794081609708
2.013604,50.0,0.017226413972935666,0.22290276062335823
2.0140985000000002,50.0,0.017226410360451423,0.22290776110527188
2.014593,50.0,0.01722641574581805,0.2229070902170407
2.0150875000000004,50.0,0.017226417231333353,0.22290112439722182
2.015582,50.0,0.017226407404109783,0.2229041418190378
2.0160765,50.0,0.01722641416478138,0.22289871747003243
2.0165710000000003,50.0,0.01722641778993174,0.22289130244984928
2.0170655,50.0,0.017226407824791463,0.22289429448044878
2.01756,50.0,0.017226411793807437,0.22288224187994835
2.0180545000000003,50.0,0.017226414627412798,0.22288057329377448
2.018549,50.0,0.01722640827425751,0.22287502158722797
2.0190435,50.0,0.01722640951804292,0.22286705130310544
2.0195380000000003,50.0,0.017226412749507918,0.22286460434363609
2.0200325,50.0,0.017226407539747232,0.22285414050246166
2.020527,50.0,0.01722640505255056,0.22285302065606621
2.0210215000000002,50.0,0.01722641104095405,0.2228425392575877
2.021516,50.0,0.01722640752747596,0.2228397060700684
2.0220105000000004,50.0,0.017226402265167584,0.2228323862611831
2.022505,50.0,0.017226407348421686,0.2228249173304059
2.0229995,50.0,0.017226406528547563,0.22282323673395318
2.0234940000000003,50.0,0.017226401926443414,0.22281385675865847
2.0239885,50.0,0.017226402531928652,0.22280999569339036
2.024483,50.0,0.017226404220515235,0.22280541834160805
2.0249775000000003,50.0,0.0172264043379545,0.2228015687976235
2.025472,50.0,0.017226400079019474,0.22279532234686064
2.0259665,50.0,0.017226399778935655,0.22279563931558632
2.0264610000000003,50.0,0.017226405593378926,0.2227903887959674
2.0269555,50.0,0.01722640100996887,0.2227896156534236
2.02745,50.0,0.01722639768454493,0.22279091920364735
2.0279445000000003,50.0,0.017226405758016983,0.22278804897577362
2.028439,50.0,0.017226401246210703,0.22279032729630904
2.0289335,50.0,0.01722639797460204,0.22279585569983734
2.0294280000000002,50.0,0.01722640793104377,0.22279322470990115
2.0299225,50.0,0.017226402586287264,0.22280064215233616
2.0304170000000004,50.0,0.017226399188134543,0.22280671263352683
2.0309115,50.0,0.017226408859603234,0.22280623456257895
2.031406,50.0,0.017226405872595385,0.22281942762711282
2.0319005000000003,50.0,0.017226402450678965,0.22281902194918518
2.032395,50.0,0.017226408347202533,0.2228279627450724
2.0328895,50.0,0.017226410739513736,0.2228355886613472
2.0333840000000003,50.0,0.017226407198206256,0.2228389926423715
2.0338785,50.0,0.01722640717029301,0.22284691814569416
2.034373,50.0,0.017226413342822912,0.22285262610641718
2.0348675000000003,50.0,0.017226412594605858,0.22285813366102414
2.035362,50.0,0.01722641005340441,0.22286426710109875
2.0358565,50.0,0.017226413127068838,0.22286805100589088
2.0363510000000002,50.0,0.01722641503260098,0.22287443701649184
2.0368455,50.0,0.01722641539072362,0.22287872626793576
2.0373400000000004,50.0,0.01722641371151848,0.22288163301759106
2.0378345,50.0,0.017226416901151134,0.2228877629088164
2.038329,50.0,0.017226418691133446,0.22288756313749078
2.0388235000000003,50.0,0.017226413392417275,0.22289548237613938
2.039318,50.0,0.017226419282610466,0.22289370163259742
2.0398125,50.0,0.01722642121858327,0.22289631717313374
2.0403070000000003,50.0,0.01722641315311923,0.22289988044560097
2.0408015,50.0,0.017226420080082697,0.22289841950326653
2.041296,50.0,0.017226422994514903,0.2228977847211989
2.0417905000000003,50.0,0.017226412826958495,0.22289902661290034
2.042285,50.0,0.017226418145703463,0.22289576224693627
2.0427795,50.0,0.01722642390468613,0.2228923786507831
2.0432740000000003,50.0,0.017226414446725333,0.22289229880204023
2.0437685,50.0,0.01722641524912112,0.22288364364465105
2.044263,50.0,0.017226420093390808,0.22288247210666648
2.0447575000000002,50.0,0.01722641641273969,0.22287591927410683
2.045252,50.0,0.017226414884720893,0.22286870923275168
2.0457465000000004,50.0,0.01722641452245952,0.22286409765412102
2.046241,50.0,0.01722641542445841,0.22285764745366443
2.0467355,50.0,0.017226413884505645,0.22284876847380425
2.0472300000000003,50.0,0.017226411223099154,0.22284606981095845
2.0477245,50.0,0.017226413920337212,0.2228363843412316
2.048219,50.0,0.017226412137675184,0.22283132950215967
2.0487135000000003,50.0,0.01722640907594097,0.2228281383452409
2.049208,50.0,0.017226411249487865,0.222818671229707
2.0497025,50.0,0.017226411217834692,0.22281854989171657
2.0501970000000003,50.0,0.01722640756837807,0.22281082433312335
2.0506915,50.0,0.01722640806871259,0.22280963300973128
2.051186,50.0,0.017226412852476402,0.22280623537607427
2.0516805000000002,50.0,0.017226406238289634,0.22280178518562305
2.052175,50.0,0.017226403592202764,0.22280350833520238
2.0526695000000004,50.0,0.01722641451033461,0.22279818252660824
2.053164,50.0,0.017226407521914303,0.22279956212364654
2.0536585,50.0,0.01722640171198688,0.22279903627112202
2.0541530000000003,50.0,0.017226412403059967,0.22279727370669497
2.0546475,50.0,0.017226408942337908,0.22280011353287132
2.055142,50.0,0.01722640457946109,0.22280017687564546
2.0556365000000003,50.0,0.017226410573090725,0.22280088488428648
2.056131,50.0,0.01722640948399491,0.22280568948156765
2.0566255,50.0,0.017226407945354873,0.22280578496178377
2.0571200000000003,50.0,0.017226410156952282,0.22281151582823677
2.0576145,50.0,0.017226410539688413,0.22281477543616487
2.058109,50.0,0.01722641157971152,0.22281911525213022
2.0586035000000003,50.0,0.017226411441748708,0.22282485580699107
2.059098,50.0,0.017226412357692854,0.2228309078842782
2.0595925000000004,50.0,0.017226415276674897,0.22283647716851307
2.0600870000000002,50.0,0.017226412609144662,0.22284182888860854
2.0605815,50.0,0.017226414086465826,0.22285086049521946
2.0610760000000004,50.0,0.017226420368949724,0.22285350578089214
2.0615705,50.0,0.01722641527024911,0.22286339872114538
2.062065,50.0,0.017226414028941775,0.22286628383961662
2.0625595000000003,50.0,0.01722642266748165,0.22287226062670368
2.063054,50.0,0.017226421065055397,0.22287956280740054
2.0635485,50.0,0.017226415285513347,0.22287918365106757
2.0640430000000003,50.0,0.017226421169100073,0.22288696165135172
2.0645375,50.0,0.017226425173833,0.22288730850014807
2.065032,50.0,0.017226417141500982,0.22288984187386546
2.0655265000000003,50.0,0.01722642062705833,0.2228934164329099
2.066021,50.0,0.017226426650518514,0.22288934002560845
2.0665155,50.0,0.017226418524718273,0.22289486160812955
2.0670100000000002,50.0,0.017226421401396567,0.22289238145129514
2.0675045,50.0,0.01722642516474819,0.22288918698615898
2.0679990000000004,50.0,0.017226419148104886,0.22289251961291057
2.0684935,50.0,0.017226422339283058,0.22288608807456334
2.068988,50.0,0.01722642311586636,0.22288744382997816
2.0694825000000003,50.0,0.017226420424813697,0.22288283051948332
2.069977,50.0,0.017226420966073738,0.22287982809823528
2.0704715,50.0,0.01722641948104604,0.22287790859602855
2.0709660000000003,50.0,0.0172264227116781,0.2228727601607029
2.0714605,50.0,0.017226420443317274,0.2228689554998956
2.071955,50.0,0.017226414697893638,0.2228646297124184
2.0724495000000003,50.0,0.017226420990578587,0.22285961719597203
2.072944,50.0,0.01722642126496922,0.22285472613800367
2.0734385,50.0,0.01722641275560527,0.22284891869955406
2.0739330000000002,50.0,0.017226416740633334,0.2228429381532849
2.0744275,50.0,0.017226420595319213,0.2228384087822306
2.0749220000000004,50.0,0.017226412110230942,0.22283151278013824
2.0754165,50.0,0.017226412575133392,0.2228271096215155
2.075911,50.0,0.017226418063553846,0.22282022294088485
2.0764055000000003,50.0,0.0172264123429629,0.22281692442787615
2.0769,50.0,0.017226410426170926,0.2228119007482551
2.0773945,50.0,0.017226415332572347,0.2228084567002621
2.0778890000000003,50.0,0.017226411789187674,0.22280384294423244
2.0783835,50.0,0.017226408731136643,0.22280412962022053
2.078878,50.0,0.017226414722626673,0.22280141286816324
2.0793725000000003,50.0,0.0172264124175908,0.22279863423258606
2.079867,50.0,0.01722640744696379,0.22280286515762052
2.0803615,50.0,0.017226413268035107,0.22279979975416905
2.0808560000000003,50.0,0.017226413417448617,0.22280280786162765
2.0813505,50.0,0.01722641080542116,0.22280594411717466
2.081845,50.0,0.017226411706477738,0.2228045033866461
2.0823395000000002,50.0,0.01722641183508003,0.22281233913144358
2.082834,50.0,0.017226416073048895,0.22281285695274128
2.0833285000000004,50.0,0.017226411609221122,0.22281492782608747
2.083823,50.0,0.01722641069237852,0.22282318528631204
2.0843175,50.0,0.017226420166134387,0.22282260026629408
2.0848120000000003,50.0,0.017226413611448443,0.22282918925260714
2.0853065,50.0,0.017226411426267123,0.22283362019655473
2.085801,50.0,0.01722642082221905,0.2228362561822636
2.0862955000000003,50.0,0.01722641664409429,0.2228428128204486
2.08679,50.0,0.017226414333115305,0.22284604615616754
2.0872845,50.0,0.017226421206595434,0.22285159235148386
2.0877790000000003,50.0,0.01722641921493013,0.22285579196994992
2.0882735,50.0,0.017226416015920773,0.2228607544087262
2.088768,50.0,0.017226422385790276,0.22286623785012455
2.0892625000000002,50.0,0.017226423372050957,0.2228691898695327
2.089757,50.0,0.017226417474402157,0.2228748263219794
2.0902515000000004,50.0,0.017226421580790793,0.22287961346962998
2.090746,50.0,0.017226425935615866,0.22288019840766196
2.0912405,50.0,0.017226421081093877,0.2228876546567208
2.0917350000000003,50.0,0.01722642130302977,0.22288671220581793
2.0922295,50.0,0.017226425478811057,0.22288923309556255
2.092724,50.0,0.01722642440633543,0.22289241041088376
2.0932185000000003,50.0,0.01722642212106122,0.2228900092888279
2.093713,50.0,0.01722642261970106,0.2228907131612286
2.0942075,50.0,0.017226425107670598,0.22288980729816804
2.0947020000000003,50.0,0.017226424752911865,0.22288754183953943
2.0951965,50.0,0.017226419813714883,0.22288336677489193
2.095691,50.0,0.017226422997834265,0.22288425942268714
2.0961855000000003,50.0,0.017226425796525703,0.2228751004362786
2.09668,50.0,0.01722641770801001,0.22287497355387786
2.0971745000000004,50.0,0.017226422169174613,0.22287131454077266
2.0976690000000002,50.0,0.01722642468401124,0.22286123768239646
2.0981635,50.0,0.017226414446648894,0.2228643484130519
2.0986580000000004,50.0,0.017226420988215616,0.22285403714005833
2.0991525,50.0,0.017226423655720396,0.2228511582457175
2.099647,50.0,0.01722641368584763,0.22284842568752725
2.1001415000000003,50.0,0.017226417560680118,0.22284106858374225
2.100636,50.0,0.017226420937974725,0.22283885205826312
2.1011305,50.0,0.01722641525831491,0.2228349052379602
2.1016250000000003,50.0,0.01722641361037307,0.22282938515615658
2.1021195,50.0,0.01722641740223434,0.2228270192054204
2.102614,50.0,0.017226417066593395,0.22282203555648003
2.1031085000000003,50.0,0.017226411954418246,0.2228210256837991
2.103603,50.0,0.0172264135777175,0.22281465450839466
2.1040975,50.0,0.017226415650194508,0.2228131419237061
2.1045920000000002,50.0,0.017226413295927844,0.22281244113606552
2.1050865,50.0,0.017226412030430658,0.2228057138612605
2.1055810000000004,50.0,0.017226412517944597,0.22280918893257645
2.1060755,50.0,0.017226414012933997,0.2228035373150595
2.10657,50.0,0.01722641154509196,0.22280549336867878
2.1070645000000003,50.0,0.017226411647546007,0.22280572809801502
2.107559,50.0,0.017226415643726095,0.2228049262722506
2.1080535,50.0,0.01722641087748501,0.22280644477888745
2.1085480000000003,50.0,0.01722641052443907,0.22281165267122388
2.1090425,50.0,0.017226418352882418,0.22281135770512844
2.109537,50.0,0.017226412305106888,0.222814473662641
2.1100315000000003,50.0,0.017226409748381574,0.22282272054231686
2.110526,50.0,0.01722642058797082,0.22282204407624473
2.1110205,50.0,0.01722641544119636,0.22282958588122903
2.1115150000000003,50.0,0.017226410229085477,0.222835348734441
2.1120095,50.0,0.017226420468895665,0.2228364682572294
2.1125040000000004,50.0,0.017226418733211374,0.22284534136630102
2.1129985000000002,50.0,0.01722641437893227,0.222849743722879
2.113493,50.0,0.017226418869230015,0.22284983960962182
2.1139875000000004,50.0,0.017226419330533656,0.22286126444431328
2.114482,50.0,0.017226419678714987,0.22285934457415835
2.1149765,50.0,0.017226418998486957,0.22286567153508136
2.1154710000000003,50.0,0.01722642006206121,0.22286959064534614
2.1159655,50.0,0.017226421924967927,0.2228696719173119
2.11646,50.0,0.017226419203162084,0.22287642772336758
2.1169545000000003,50.0,0.01722642154594494,0.22287509912470985
2.117449,50.0,0.017226423315070793,0.2228795911832557
2.1179435,50.0,0.017226420521128716,0.22287939649839733
2.1184380000000003,50.0,0.017226420944420343,0.22288253031107094
2.1189325,50.0,0.017226424223390057,0.22288321571267478
2.119427,50.0,0.017226422870970943,0.22288239892391234
2.1199215000000002,50.0,0.017226418194607317,0.22288426128179467
2.120416,50.0,0.017226424660422315,0.22288518118078773
2.1209105000000004,50.0,0.01722642589830726,0.22288047855818324
2.121405,50.0,0.01722641576581318,0.22288415259248695
2.1218995,50.0,0.01722642239556657,0.22287974573216254
2.1223940000000003,50.0,0.017226426852470812,0.22287632143096472
2.1228885,50.0,0.01722641660881094,0.22287796238159216
2.123383,50.0,0.01722641952130555,0.22286889068189267
2.1238775000000003,50.0,0.017226423643966864,0.22286858428527773
2.124372,50.0,0.017226417037228065,0.22286415920435493
2.1248665,50.0,0.017226418205410324,0.2228576758711867
2.1253610000000003,50.0,0.017226420226636348,0.22285310456685245
2.1258555,50.0,0.017226416189317584,0.2228505347874495
2.12635,50.0,0.01722641664278038,0.22284191751238924
2.1268445000000002,50.0,0.017226416397821725,0.22283906046840551
2.127339,50.0,0.017226415661414213,0.2228357917456184
2.1278335000000004,50.0,0.01722641529393103,0.22282690041881384
2.128328,50.0,0.01722641253698992,0.22282865443718672
2.1288225,50.0,0.017226415969611112,0.2228212200547742
2.1293170000000003,50.0,0.01722641446185705,0.22281911088359493
2.1298115,50.0,0.017226408895566647,0.22281834363058614
2.130306,50.0,0.017226414970723945,0.22281426271010482
2.1308005000000003,50.0,0.0172264156419799,0.22281317413211654
2.131295,50.0,0.017226408223216316,0.22281426956472794
2.1317895,50.0,0.017226410813045417,0.22281011172567533
2.1322840000000003,50.0,0.017226416230481885,0.22281298811042846
2.1327785,50.0,0.017226411059254855,0.22281145887919376
2.133273,50.0,0.017226408039144717,0.22281206739683687
2.1337675000000003,50.0,0.017226415846852947,0.22281406050928843
2.134262,50.0,0.017226412400874337,0.2228116627513102
2.1347565000000004,50.0,0.01722640763564236,0.22281911013476444
2.1352510000000002,50.0,0.017226416205565562,0.22281378853600456
2.1357455,50.0,0.01722641264030391,0.22282075139883162
2.1362400000000004,50.0,0.01722640945886609,0.22282231195943042
2.1367345,50.0,0.017226416186900628,0.22282236515194917
2.137229,50.0,0.017226413244563765,0.22283036811167276
2.1377235000000003,50.0,0.01722641207468909,0.22282969300162095
2.138218,50.0,0.017226415365483094,0.22283511516283902
2.1387125,50.0,0.017226415476160044,0.22284147180856084
2.1392070000000003,50.0,0.017226415873885674,0.22284242072301694
2.1397015,50.0,0.017226413994854257,0.22284925039287667
2.140196,50.0,0.017226416145166134,0.2228545074439173
2.1406905000000003,50.0,0.017226421039625222,0.2228566761653954
2.141185,50.0,0.017226415528809613,0.22286359709232376
2.1416795,50.0,0.01722641472049863,0.2228666383721799
2.1421740000000002,50.0,0.01722642314498084,0.22286984972985815
2.1426685,50.0,0.017226418604785427,0.2228737677829076
2.1431630000000004,50.0,0.0172264149529839,0.222877997868539
2.1436575,50.0,0.017226423012934273,0.22287562418676476
2.144152,50.0,0.017226420652538557,0.2228823791115344
2.1446465000000003,50.0,0.01722641605701654,0.22288024640229262
2.145141,50.0,0.01722642146175686,0.22288076733664244
2.1456355,50.0,0.01722642166927503,0.22288245981442242
2.1461300000000003,50.0,0.01722641676839229,0.2228781048410246
2.1466245,50.0,0.01722641993514515,0.22288218566107768
2.147119,50.0,0.017226422609663304,0.22287598547022336
2.1476135000000003,50.0,0.01722641573579312,0.2228763572670763
2.148108,50.0,0.01722641803792625,0.222874978990515
2.1486025,50.0,0.01722642293351619,0.22287090281048588
2.1490970000000003,50.0,0.01722641596638363,0.22287035990340295
2.1495915,50.0,0.01722641621027083,0.22286645510657205
2.1500860000000004,50.0,0.017226418847218088,0.22286331972398407
2.1505805000000002,50.0,0.01722641740271194,0.22286350595379564
2.151075,50.0,0.017226417123968905,0.2228555842928452
2.1515695000000004,50.0,0.017226413284141363,0.22285572041908766
2.152064,50.0,0.01722641707263691,0.22285195955962517
2.1525585,50.0,0.01722641773967879,0.22284572074745598
2.1530530000000003,50.0,0.01722640945845191,0.2228459786297565
2.1535475,50.0,0.017226415310880577,0.2228375681408664
2.154042,50.0,0.01722641692560943,0.22283652390525924
2.1545365000000003,50.0,0.01722640825997069,0.22283236198841855
2.155031,50.0,0.01722641276030079,0.2228267693302505
2.1555255,50.0,0.01722641491630328,0.2228245679273744
2.1560200000000003,50.0,0.017226407780771332,0.22282103676271744
2.1565145,50.0,0.01722641068208992,0.22281798722277443
2.157009,50.0,0.017226414256769008,0.22281501534961595
2.1575035000000002,50.0,0.01722640717664349,0.22281450875779132
2.157998,50.0,0.017226407918884124,0.22281138093494746
2.1584925000000004,50.0,0.017226413928038184,0.22281304655852685
2.158987,50.0,0.017226409558872825,0.22281112408244702
2.1594815,50.0,0.017226406495627164,0.22281211062685277
2.1599760000000003,50.0,0.017226411348415824,0.22281502279896728
2.1604705,50.0,0.017226411939278936,0.22281399843625418
2.160965,50.0,0.01722640793573553,0.22281871998852587
2.1614595000000003,50.0,0.01722640983889946,0.22281981334100123
2.161954,50.0,0.017226412225409948,0.2228219648732401
2.1624485,50.0,0.017226411122342505,0.22282795051247986
2.1629430000000003,50.0,0.017226410295497294,0.2228273089953962
2.1634375,50.0,0.0172264104628699,0.22283260381371428
2.163932,50.0,0.01722641454338469,0.22283673410756225
2.1644265000000003,50.0,0.017226412066759438,0.22283662946788269
2.164921,50.0,0.01722640950764397,0.22284396005482024
2.1654155000000004,50.0,0.01722641720756159,0.2228440979393013
2.1659100000000002,50.0,0.017226412331077752,0.22284772089113403
2.1664045,50.0,0.017226410382795255,0.22285350882851315
2.1668990000000004,50.0,0.017226420235389596,0.22285236171515393
2.1673935,50.0,0.017226412825118782,0.22285880993574214
2.167888,50.0,0.01722641070998838,0.22286162874944052
2.1683825000000003,50.0,0.017226420533904597,0.22286232413670023
2.168877,50.0,0.017226416136931284,0.22286872869267998
2.1693715,50.0,0.017226412356924226,0.22286856827695697
2.1698660000000003,50.0,0.01722641826694508,0.22287304829898652
2.1703605,50.0,0.017226419058250578,0.22287482598580613
2.170855,50.0,0.017226414838826788,0.22287575307271656
2.1713495000000003,50.0,0.017226416005608362,0.2228799575319507
2.171844,50.0,0.017226419453210944,0.22287695596522988
2.1723385000000004,50.0,0.01722641732781522,0.22288081631124
2.1728330000000002,50.0,0.017226415635398527,0.2228790972972811
2.1733275,50.0,0.017226417211936625,0.22287795141474712
2.1738220000000004,50.0,0.017226417769577757,0.22287730353394014
2.1743165,50.0,0.01722641642407116,0.22287491035447268
2.174811,50.0,0.017226415257002674,0.22287235682667175
2.1753055000000003,50.0,0.017226416932281708,0.22286995456433958
2.1758,50.0,0.01722641556715376,0.22286595090513772
2.1762945,50.0,0.01722641268534853,0.2228625682588299
2.1767890000000003,50.0,0.01722641659974977,0.22286020734508344
2.1772835,50.0,0.017226416033071016,0.22285464881031752
2.177778,50.0,0.017226408845881946,0.22285117552679612
2.1782725000000003,50.0,0.017226414467038997,0.22285004531475613
2.178767,50.0,0.01722641733273601,0.22284320459266999
2.1792615,50.0,0.01722640618381673,0.22284150797255914
2.1797560000000002,50.0,0.017226411851052992,0.2228404757428507
2.1802505,50.0,0.01722641688291589,0.22283200560614924
2.1807450000000004,50.0,0.017226406341075227,0.22283675550968313
2.1812395,50.0,0.017226409651344237,0.22282856491703484
2.181734,50.0,0.01722641325930392,0.2228275344193453
2.1822285000000003,50.0,0.017226408591041558,0.22282828492837284
2.182723,50.0,0.017226409074104884,0.22282196708862526
2.1832175,50.0,0.017226409039288026,0.222823712213637
2.1837120000000003,50.0,0.01722640936082761,0.22281979183701275
2.1842065,50.0,0.017226408575873625,0.22281931867198163
2.184701,50.0,0.01722640771341062,0.22281876899676972
2.1851955000000003,50.0,0.01722640983345423,0.22281601039606594
2.18569,50.0,0.017226407561535095,0.222817687046166
2.1861845,50.0,0.0172264066429896,0.22281598376905104
2.1866790000000003,50.0,0.0172264098002132,0.22281738676481577
2.1871735,50.0,0.01722640933478436,0.22281893547531864
2.1876680000000004,50.0,0.017226405989387485,0.2228170340459376
2.1881625000000002,50.0,0.01722640848557106,0.22282413892709874
2.188657,50.0,0.017226412899470325,0.22282289965328714
2.1891515000000004,50.0,0.01722640658686554,0.2228262247408669
2.189646,50.0,0.01722640669898007,0.2228313848144253
2.1901405,50.0,0.0172264157215432,0.2228330609251626
2.1906350000000003,50.0,0.017226409618127898,0.2228377210912417
2.1911295,50.0,0.017226406083192904,0.2228420528407661
2.191624,50.0,0.017226415719025022,0.22284502217850433
2.1921185000000003,50.0,0.017226412763185164,0.22284846589875962
2.192613,50.0,0.01722640849656414,0.2228555212971443
2.1931075,50.0,0.01722641552813429,0.22285346256249589
2.1936020000000003,50.0,0.017226413383883355,0.22286029311031125
2.1940965,50.0,0.01722641087859529,0.22286372254001277
2.194591,50.0,0.017226415918355553,0.22286222018771853
2.1950855000000002,50.0,0.01722641403740669,0.2228677881702316
2.19558,50.0,0.017226413526112642,0.22286851570698923
2.1960745000000004,50.0,0.01722641462750704,0.22286811135838872
2.196569,50.0,0.01722641433073273,0.22287273220233544
2.1970635,50.0,0.017226416725796976,0.22287026307399227
2.1975580000000003,50.0,0.017226412590228855,0.22287168385869993
2.1980525,50.0,0.017226414127430926,0.2228745985493661
2.198547,50.0,0.017226419107520013,0.2228705671920884
2.1990415000000003,50.0,0.017226412388326198,0.22287445983419188
2.199536,50.0,0.017226412379045954,0.22287144975468035
2.2000305,50.0,0.017226418705028678,0.22287302714097024
2.2005250000000003,50.0,0.01722641552001718,0.2228706469700638
2.2010195,50.0,0.017226410553604223,0.22286984864231926
2.201514,50.0,0.017226415454453962,0.22287020403816857
2.2020085000000003,50.0,0.017226417420852257,0.22286407557767707
2.202503,50.0,0.01722640985806639,0.22286703994148427
2.2029975000000004,50.0,0.017226413659459747,0.22286043631084865
2.2034920000000002,50.0,0.017226416721816372,0.2228580277768512
2.2039865,50.0,0.017226408499207587,0.2228565452667702
2.2044810000000004,50.0,0.017226412333850454,0.22285171480538912
2.2049755,50.0,0.017226414970039846,0.22284609467608263
2.20547,50.0,0.017226407928910035,0.22284658294294535
2.2059645000000003,50.0,0.017226410519583915,0.2228388441991527
2.206459,50.0,0.017226412535953303,0.2228363296446752
2.2069535,50.0,0.017226408572750332,0.2228352306901359
2.2074480000000003,50.0,0.017226408547312486,0.22282783319165186
2.2079425,50.0,0.017226409118328564,0.22282885547317985
2.208437,50.0,0.0172264100974931,0.22282519057681147
2.2089315000000003,50.0,0.017226408728475216,0.22282266213213542
2.209426,50.0,0.01722640465608395,0.22282195740735852
2.2099205,50.0,0.017226409900427942,0.2228227220298148
2.2104150000000002,50.0,0.0172264111981487,0.22281774922216863
2.2109095,50.0,0.017226403048518378,0.22282284083293524
2.2114040000000004,50.0,0.017226408464865266,0.22282021736265542
2.2118985,50.0,0.017226411577100774,0.22281958322363563
2.212393,50.0,0.01722640401805063,0.22282419248466115
2.2128875000000003,50.0,0.017226407881842286,0.22282135656069654
2.213382,50.0,0.017226411196317043,0.2228241053029899
2.2138765,50.0,0.017226406061270794,0.22282544648045485
2.2143710000000003,50.0,0.017226406934677127,0.22282611120596302
2.2148655,50.0,0.017226411549265706,0.22282859718382897
2.21536,50.0,0.017226408209984164,0.22282925423515135
2.2158545000000003,50.0,0.01722640572781555,0.2228318655957924
2.216349,50.0,0.01722641293517507,0.22283443182687243
2.2168435,50.0,0.017226410344267754,0.22283490650442733
2.2173380000000003,50.0,0.017226405622483718,0.2228417432440506
2.2178325,50.0,0.01722641295118159,0.2228381199421282
2.2183270000000004,50.0,0.01722641230550425,0.22284800892246032
2.2188215000000002,50.0,0.017226409606598398,0.22284790013115569
2.219316,50.0,0.01722641131269151,0.22284905986874576
2.2198105000000004,50.0,0.017226411768930434,0.222858752095079
2.220305,50.0,0.017226414814251412,0.2228553490980898
2.2207995,50.0,0.01722641147861535,0.22286278831928383
2.2212940000000003,50.0,0.017226411092992104,0.22286470765718533
2.2217885,50.0,0.017226417550273286,0.22286588777584715
2.222283,50.0,0.0172264125414535,0.22286967771316515
2.2227775000000003,50.0,0.017226410928190182,0.22287215928359805
2.223272,50.0,0.017226418438346942,0.22287005752924355
2.2237665,50.0,0.017226413545526256,0.22287389600017082
2.2242610000000003,50.0,0.017226410944702637,0.22287377122888663
2.2247555,50.0,0.01722641849515698,0.22287155422067376
2.2252500000000004,50.0,0.01722641393626784,0.22287257400620236
2.2257445000000002,50.0,0.017226410380144695,0.22287133618094776
2.226239,50.0,0.01722641766938897,0.222868688798531
2.2267335000000004,50.0,0.01722641529201799,0.22286847689067785
2.227228,50.0,0.017226409808973605,0.22286629504532196
2.2277225,50.0,0.01722641397334313,0.22286223643800235
2.2282170000000003,50.0,0.017226416385998197,0.22286452300678017
2.2287115,50.0,0.017226411562769064,0.2228575886022637
2.229206,50.0,0.017226410700851836,0.22285882072327912
2.2297005000000003,50.0,0.017226414825321782,0.22285496468612803
2.230195,50.0,0.017226412395093798,0.22285304944198975
2.2306895,50.0,0.01722641030892263,0.222852491711001
2.2311840000000003,50.0,0.01722641203015792,0.22284579978759728
2.2316785,50.0,0.01722641157913163,0.22284915240478192
2.232173,50.0,0.017226411744926028,0.22284151998184354
2.2326675000000002,50.0,0.017226408586021195,0.2228421340799019
2.233162,50.0,0.017226410476257555,0.2228387440491959
2.2336565000000004,50.0,0.017226412525867225,0.2228336671526932
2.234151,50.0,0.017226405557372277,0.2228355608083082
2.2346455,50.0,0.017226410619150603,0.22282939953694209
2.2351400000000003,50.0,0.017226411883018135,0.22282634154381092
2.2356345,50.0,0.017226402867758204,0.22282854541890643
2.236129,50.0,0.01722641044498082,0.2228219023279479
2.2366235000000003,50.0,0.017226412385651646,0.22282216400761987
2.237118,50.0,0.01722640285075131,0.222822623096711
2.2376125,50.0,0.017226407705096942,0.2228184930286004
2.2381070000000003,50.0,0.01722641209217355,0.22282214347616863
2.2386015,50.0,0.01722640587989127,0.2228200255315951
2.239096,50.0,0.01722640607055674,0.22282152208971662
2.2395905000000003,50.0,0.017226410743920152,0.22282338410335223
2.240085,50.0,0.017226408748803324,0.22282523563577122
2.2405795000000004,50.0,0.017226406963815142,0.22282602495312617
2.2410740000000002,50.0,0.017226409234940895,0.2228303514470411
2.2415685,50.0,0.017226410394829368,0.2228314132749325
2.2420630000000004,50.0,0.017226409350594832,0.22283428984505158
2.2425575,50.0,0.017226408949306618,0.22283829013265655
2.243052,50.0,0.017226411010508817,0.22283853542885762
2.2435465000000003,50.0,0.017226410943983004,0.2228436216654382
2.244041,50.0,0.01722640992585206,0.22284423639437886
2.2445355,50.0,0.017226411723691458,0.22284750341674472
2.2450300000000003,50.0,0.01722641311094986,0.22284966948119947
2.2455245,50.0,0.017226409998235083,0.22285118161751374
2.246019,50.0,0.017226410521277276,0.22285409379852172
2.2465135000000003,50.0,0.017226417066390526,0.2228561492490457
2.247008,50.0,0.017226411331566226,0.2228560139811476
2.2475025,50.0,0.01722640842242807,0.22286187391070522
2.2479970000000002,50.0,0.017226419334357927,0.22285959473954528
2.2484915,50.0,0.017226413271484928,0.22286371287646356
2.2489860000000004,50.0,0.017226408530404365,0.22286629938380012
2.2494805,50.0,0.017226418869030105,0.22286409561636025
2.249975,50.0,0.017226414621243823,0.22287022272771198
2.2504695000000003,50.0,0.01722641129882114,0.2228680643162828
2.250964,50.0,0.017226416353984815,0.22286950560550817
2.2514585,50.0,0.017226414886486723,0.2228717132630268
2.2519530000000003,50.0,0.01722641425199111,0.22286885179422053
2.2524475,50.0,0.017226414520694445,0.2228706632143372
2.252942,50.0,0.017226414811614927,0.2228698514193823
2.2534365000000003,50.0,0.017226414473997132,0.22286578607168397
2.253931,50.0,0.017226413074790045,0.2228680125962483
2.2544255,50.0,0.017226414738268456,0.222862343887581
2.2549200000000003,50.0,0.01722641494643986,0.22286167503257467
2.2554145,50.0,0.01722641164778739,0.22285883905059667
2.2559090000000004,50.0,0.017226411945003146,0.2228543504534028
2.2564035000000002,50.0,0.017226415561497982,0.22285387247541555
2.256898,50.0,0.01722641202317547,0.22284858892243425
2.2573925000000004,50.0,0.017226408349109525,0.22284671263751485
2.257887,50.0,0.017226414507484314,0.22284358599324863
2.2583815,50.0,0.017226413617416447,0.22284175969913853
2.2588760000000003,50.0,0.017226406135645304,0.22283825787517678
2.2593705,50.0,0.01722641174336604,0.22283720668698592
2.259865,50.0,0.017226414926035057,0.22283459945489695
2.2603595000000003,50.0,0.017226406134494412,0.22283308044626743
2.260854,50.0,0.01722640938214671,0.22283363392707994
2.2613485,50.0,0.017226414031574717,0.22282791751484304
2.2618430000000003,50.0,0.017226406390780304,0.22283152622475746
2.2623375,50.0,0.017226409718864088,0.22282905802973713
2.2628320000000004,50.0,0.017226412470195202,0.22282539120013845
2.2633265000000002,50.0,0.017226406457395746,0.22282979711435713
2.263821,50.0,0.017226409645153876,0.22282430116123572
2.2643155000000004,50.0,0.017226410360668746,0.222826813737356
2.26481,50.0,0.017226408976165477,0.22282641561096983
2.2653045,50.0,0.017226409328127346,0.22282314012797586
2.2657990000000003,50.0,0.017226407583917875,0.22282845786524538
2.2662935,50.0,0.01722641173811757,0.22282464652161849
2.266788,50.0,0.017226410169538377,0.22282739427470796
2.2672825000000003,50.0,0.01722640594589815,0.22282909578862276
2.267777,50.0,0.01722641242858598,0.22282840972486914
2.2682715,50.0,0.017226412580184973,0.22283399504278137
2.2687660000000003,50.0,0.017226406802137082,0.22283294225781694
2.2692605,50.0,0.017226410517924697,0.22283690661276526
2.269755,50.0,0.01722641511625248,0.22284112306651185
2.2702495000000003,50.0,0.01722641004550315,0.2228410124660734
2.270744,50.0,0.01722640931820802,0.22284768007730385
2.2712385000000004,50.0,0.017226416233387682,0.22284802806206108
2.2717330000000002,50.0,0.017226411884504425,0.2228513281948882
2.2722275,50.0,0.017226410140754076,0.222856710161366
2.2727220000000004,50.0,0.017226417524660517,0.2228552917721269
2.2732165,50.0,0.017226413151363022,0.2228596532168054
2.273711,50.0,0.01722641069876483,0.2228619259684844
2.2742055000000003,50.0,0.017226417596143937,0.22286236938417497
2.2747,50.0,0.017226414917660453,0.22286304930624287
2.2751945,50.0,0.017226411697490417,0.22286569485339752
2.2756890000000003,50.0,0.01722641628219158,0.22286448907221457
2.2761835,50.0,0.017226415737699112,0.22286495796306208
2.276678,50.0,0.01722641428175578,0.22286763964547862
2.2771725000000003,50.0,0.01722641422358049,0.22286191153005594
2.277667,50.0,0.017226414489318262,0.2228686238654636
2.2781615000000004,50.0,0.017226418208032265,0.22286347470553855
2.2786560000000002,50.0,0.017226413233872508,0.2228635780812327
2.2791505,50.0,0.01722641180587954,0.22286618509914352
2.2796450000000004,50.0,0.017226419728645744,0.22286142488377658
2.2801395,50.0,0.01722641370075074,0.22286339519725754
2.280634,50.0,0.017226411369237946,0.22286169778722353
2.2811285000000003,50.0,0.017226418432377596,0.22285953686303026
2.281623,50.0,0.017226413651827845,0.22285962802716866
2.2821175,50.0,0.01722641136012101,0.2228568186502202
2.2826120000000003,50.0,0.017226416310936212,0.22285500174930675
2.2831065,50.0,0.017226414580678903,0.2228533807733783
2.283601,50.0,0.01722640999591225,0.22284918486420324
2.2840955000000003,50.0,0.01722641392807627,0.22284974797688745
2.28459,50.0,0.017226415803226355,0.22284259638528178
2.2850845,50.0,0.01722640840867727,0.22284346148054476
2.2855790000000002,50.0,0.017226411675793498,0.22283956147764983
2.2860735,50.0,0.017226415638421384,0.2228345015619117
2.2865680000000004,50.0,0.01722640877871284,0.22283634481663206
2.2870625,50.0,0.017226409756879123,0.22283081577794234
2.287557,50.0,0.017226412621587524,0.22282883235462272
2.2880515000000003,50.0,0.017226410969500835,0.22283051482744637
2.288546,50.0,0.01722641050767861,0.22282583046814577
2.2890405,50.0,0.017226408757307837,0.22282630597101438
2.2895350000000003,50.0,0.017226411543346646,0.22282834702116186
2.2900295,50.0,0.017226412167825902,0.22282392098695322
2.290524,50.0,0.017226407241682354,0.22282861743106006
2.2910185000000003,50.0,0.01722641163672944,0.2228273305808006
2.291513,50.0,0.017226413328140403,0.2228275213696028
2.2920075,50.0,0.017226406657605366,0.22282998288367709
2.2925020000000003,50.0,0.01722641193877893,0.22283172048931363
2.2929965,50.0,0.017226414508610437,0.22282957814478485
2.2934910000000004,50.0,0.017226406443003408,0.22283483947504756
2.2939855000000002,50.0,0.017226412241881064,0.22283436612385216
2.29448,50.0,0.017226415401419917,0.22283395169009138
2.2949745000000004,50.0,0.017226407678132577,0.2228399119063952
2.295469,50.0,0.017226411296967004,0.22283601882318785
2.2959635,50.0,0.017226415782439723,0.22284152171308114
2.2964580000000003,50.0,0.017226411766303885,0.22284163193211237
2.2969525,50.0,0.017226409862830628,0.2228436543157004
2.297447,50.0,0.017226414507852353,0.22284562838324395
2.2979415000000003,50.0,0.017226415336839995,0.22284749950023108
2.298436,50.0,0.01722641115451201,0.22285117353253958
2.2989305,50.0,0.01722641420052396,0.22285146420533997
2.2994250000000003,50.0,0.017226415586001746,0.2228545238850588
2.2999195,50.0,0.017226413804944444,0.22285875358421975
2.3004140000000004,50.0,0.017226414957267486,0.22285764372150224
2.3009085000000002,50.0,0.017226414520653998,0.22286252173557858
2.301403,50.0,0.017226416864207096,0.22286370394819438
2.3018975000000004,50.0,0.017226415010380493,0.2228622696901043
2.302392,50.0,0.017226413768569412,0.22287003810472922
2.3028865,50.0,0.017226419408522656,0.2228630751992579
2.3033810000000003,50.0,0.017226414081834854,0.22286743399853126
2.3038755,50.0,0.017226413360482706,0.2228686819971696
2.30437,50.0,0.017226421144182342,0.2228635482655884
2.3048645000000003,50.0,0.017226413625220142,0.22286638559801605
2.305359,50.0,0.0172264115479032,0.22286361868955157
2.3058535,50.0,0.017226420773749477,0.22286240022495304
2.3063480000000003,50.0,0.017226415467385237,0.2228597531528375
2.3068425,50.0,0.017226410707801065,0.22286073080487115
2.307337,50.0,0.017226417607204565,0.22285430060671726
2.3078315000000003,50.0,0.017226416238845563,0.2228570255575096
2.308326,50.0,0.017226412013959136,0.22285338221709292
2.3088205000000004,50.0,0.017226414695880928,0.22284970898490866
2.3093150000000002,50.0,0.01722641529962341,0.2228516296583715
2.3098095,50.0,0.017226413543180153,0.22284756403974076
2.3103040000000004,50.0,0.017226412825619507,0.22284622150785058
2.3107985,50.0,0.017226413978730724,0.22284600026060586
2.311293,50.0,0.017226414075743508,0.22284237009769292
2.3117875000000003,50.0,0.01722641185477219,0.22284244826624278
2.312282,50.0,0.0172264130498149,0.22284070248639232
2.3127765,50.0,0.01722641351432019,0.22283724822011128
2.3132710000000003,50.0,0.01722641142854999,0.22283838990376983
2.3137655,50.0,0.017226411222544657,0.22283316612915124
2.31426,50.0,0.017226413624853876,0.22283606976023543
2.3147545000000003,50.0,0.017226413071530344,0.2228289182289389
2.315249,50.0,0.017226407210301643,0.22283169813646875
2.3157435000000004,50.0,0.017226413027475834,0.22283030029078907
2.3162380000000002,50.0,0.017226415751685438,0.22282479520948884
2.3167325,50.0,0.01722640529450303,0.22283093941067633
2.3172270000000004,50.0,0.01722641195779114,0.22282488400134448
2.3177215,50.0,0.017226416081889642,0.22282730303642156
2.318216,50.0,0.017226406678652946,0.22282949948505254
2.3187105000000003,50.0,0.017226411460314672,0.2228268598019402
2.319205,50.0,0.01722641470513396,0.22283019359625045
2.3196995,50.0,0.01722640963951021,0.2228335135369879
2.3201940000000003,50.0,0.01722641174220669,0.2228311651648332
2.3206885,50.0,0.017226413390363463,0.22283733296809455
2.321183,50.0,0.01722641205183654,0.22283763773145754
2.3216775000000003,50.0,0.01722641246795946,0.22283993865994392
2.322172,50.0,0.017226413434533464,0.2228426391260321
2.3226665,50.0,0.01722641403691248,0.22284503248391446
2.3231610000000003,50.0,0.0172264128505953,0.22284600989654818
2.3236555,50.0,0.017226412618439945,0.22284896275985755
2.3241500000000004,50.0,0.01722641599983147,0.22285075357278086
2.3246445000000002,50.0,0.017226415187578784,0.2228502043644775
2.325139,50.0,0.017226411348293422,0.2228551924378575
2.3256335000000004,50.0,0.017226415601697766,0.2228527384247988
2.326128,50.0,0.017226417999238672,0.2228563757048359
2.3266225,50.0,0.017226412269857327,0.22285641190349087
2.3271170000000003,50.0,0.017226413585599915,0.22285779097116476
2.3276115,50.0,0.017226419554108214,0.22285837453489185
2.328106,50.0,0.017226414701656395,0.22285962976466617
2.3286005000000003,50.0,0.017226411717727402,0.22286124539780575
2.329095,50.0,0.017226419992791314,0.22286064310713147
2.3295895,50.0,0.017226416353417442,0.22286221273909645
2.3300840000000003,50.0,0.01722641178972169,0.22286371282195733
2.3305785,50.0,0.017226419956324405,0.22286255902726118
2.3310730000000004,50.0,0.01722641566490265,0.2228631290273006
2.3315675000000002,50.0,0.01722641287868078,0.22286513824015852
2.332062,50.0,0.017226419424072333,0.22286017868949892
2.3325565000000004,50.0,0.017226415427667792,0.22286497283640488
2.333051,50.0,0.01722641428476328,0.2228595345514846
2.3335455,50.0,0.01722641604076097,0.22285859970359673
2.3340400000000003,50.0,0.01722641552538167,0.22286066929104673
2.3345345,50.0,0.017226416524151647,0.2228521541787355
2.335029,50.0,0.017226412551256204,0.22285567156051175
2.3355235000000003,50.0,0.01722641421194908,0.2228501459783835
2.336018,50.0,0.017226417596881486,0.22284789990310389
2.3365125,50.0,0.01722641182257416,0.22284717616151484
2.3370070000000003,50.0,0.01722641158393706,0.22284295162392392
2.3375015,50.0,0.01722641699203329,0.22284136162009383
2.3379960000000004,50.0,0.017226413336603828,0.2228403208635279
2.3384905000000002,50.0,0.01722640929720223,0.22283774381917051
2.338985,50.0,0.017226415045711114,0.22283651244653965
2.3394795000000004,50.0,0.017226414508450708,0.22283524450638023
2.339974,50.0,0.017226409008899896,0.22283494905453205
2.3404685,50.0,0.017226413749172234,0.2228339979484705
2.3409630000000003,50.0,0.017226414642753273,0.2228326248688503
2.3414575,50.0,0.017226408407730404,0.22283353147252594
2.341952,50.0,0.017226412833744487,0.22283265712020023
2.3424465000000003,50.0,0.01722641561227019,0.2228326132875363
2.342941,50.0,0.01722640843938108,0.22283166125847972
2.3434355,50.0,0.01722641135187222,0.22283309300341478
2.3439300000000003,50.0,0.017226415497211982,0.2228314049529043
2.3444245,50.0,0.017226410006253728,0.22283304259286085
2.344919,50.0,0.01722641117893036,0.22283177630452053
2.3454135000000003,50.0,0.01722641308086245,0.22283189281666294
2.345908,50.0,0.017226412280758868,0.22283522691915672
2.3464025000000004,50.0,0.017226412981436644,0.22283148896876628
2.3468970000000002,50.0,0.017226409528996737,0.22283586920146634
2.3473915,50.0,0.017226414156839398,0.22283622854700127
2.3478860000000004,50.0,0.01722641559630417,0.22283610108196952
2.3483805,50.0,0.017226408337976597,0.2228413202140533
2.348875,50.0,0.01722641462456045,0.2228394086012336
2.3493695000000003,50.0,0.017226416349746015,0.22284384421830525
2.349864,50.0,0.017226409997376155,0.2228475442003666
2.3503585,50.0,0.017226415112652427,0.22284531444375502
2.3508530000000003,50.0,0.01722641690560156,0.22285329580153165
2.3513475,50.0,0.017226411768863293,0.22285082968693434
2.351842,50.0,0.017226414254274472,0.22285603160433082
2.3523365000000003,50.0,0.017226418610298583,0.22285686823321943
2.352831,50.0,0.017226413716483684,0.2228567836094035
2.3533255000000004,50.0,0.017226412513864166,0.22286144015009943
2.3538200000000002,50.0,0.017226419538225065,0.2228590335481002
2.3543145,50.0,0.017226415576455375,0.22286146330066617
2.3548090000000004,50.0,0.01722641205294737,0.22286118341721867
2.3553035,50.0,0.017226418261147597,0.2228611694997653
2.355798,50.0,0.017226416919975347,0.22286084438736137
2.3562925000000003,50.0,0.0172264138268173,0.22286121915213225
2.356787,50.0,0.017226415583206856,0.2228594730670097
2.3572815,50.0,0.01722641612741609,0.22285966627045498
2.3577760000000003,50.0,0.017226416507435394,0.22285977048796368
2.3582705,50.0,0.017226414915408488,0.22285719734533027
2.358765,50.0,0.017226413998905187,0.2228581165175959
2.3592595000000003,50.0,0.017226417824361382,0.22285763712166923
2.359754,50.0,0.01722641459129877,0.2228547341941712
2.3602485,50.0,0.017226412511819323,0.22285728508081215
2.3607430000000003,50.0,0.017226419120771216,0.22285325278259213
2.3612375,50.0,0.017226413379374743,0.22285337942705805
2.3617320000000004,50.0,0.0172264112516508,0.22285403638886217
2.3622265000000002,50.0,0.01722641966673718,0.2228485654135452
2.362721,50.0,0.017226412812229596,0.22285102709698815
2.3632155000000004,50.0,0.017226410248946097,0.22284709917476714
2.36371,50.0,0.01722641802028948,0.22284508534457048
2.3642045,50.0,0.017226413711800007,0.22284466475331277
2.3646990000000003,50.0,0.017226409777636557,0.2228402925464325
2.3651935,50.0,0.01722641400580321,0.22284057961239875
2.365688,50.0,0.017226415267837192,0.2228368437712195
2.3661825000000003,50.0,0.01722641075898674,0.22283489315370103
2.366677,50.0,0.01722641068320402,0.22283608178112957
2.3671715,50.0,0.01722641455682819,0.2228301524993206
2.3676660000000003,50.0,0.017226411378523498,0.22283307155604964
2.3681605,50.0,0.017226410956950017,0.22283155816363098
2.3686550000000004,50.0,0.017226412760607095,0.2228286581116185
2.3691495000000002,50.0,0.017226411541758073,0.22283337948750745
2.369644,50.0,0.01722641223811469,0.22282931135233713
2.3701385000000004,50.0,0.017226410906560574,0.22283242297163697
2.370633,50.0,0.017226412772872915,0.2228338859248424
2.3711275,50.0,0.017226413301589687,0.22283212532098137
2.3716220000000003,50.0,0.017226409098794773,0.22283582828722479
2.3721165,50.0,0.017226414257622415,0.22283720843754373
2.372611,50.0,0.017226414631671173,0.2228357927748491
2.3731055000000003,50.0,0.01722640768670616,0.22283977167108468
2.3736,50.0,0.017226414710541583,0.2228400039516311
2.3740945,50.0,0.017226416932228424,0.22284002699620392
2.3745890000000003,50.0,0.01722640762099206,0.22284313320490526
2.3750835,50.0,0.017226413191605148,0.22284273470218233
2.375578,50.0,0.01722641799594272,0.22284359756371921
2.3760725000000003,50.0,0.017226410125221515,0.2228462413024471
2.376567,50.0,0.017226412790609654,0.22284651182505547
2.3770615000000004,50.0,0.017226416350606583,0.2228463343157717
2.3775560000000002,50.0,0.01722641293661381,0.22285109489355537
2.3780505,50.0,0.017226413706976328,0.22284937242263775
2.3785450000000004,50.0,0.01722641475897662,0.22285260173390223
2.3790395,50.0,0.017226415290280538,0.2228540332256093
2.379534,50.0,0.017226414073148184,0.2228544423768106
2.3800285000000003,50.0,0.01722641446847659,0.22285902446278064
2.380523,50.0,0.017226416643854377,0.22285594771927006
2.3810175,50.0,0.01722641451579915,0.22286213519448805
2.3815120000000003,50.0,0.017226414681350024,0.22285878173859194
2.3820065,50.0,0.017226416545094738,0.22286244442719852
2.382501,50.0,0.01722641623826518,0.22286280484673654
2.3829955000000003,50.0,0.017226413772294707,0.2228591856024737
2.38349,50.0,0.017226414510219144,0.22286416339739132
2.3839845000000004,50.0,0.017226419548039936,0.22286037669149206
2.3844790000000002,50.0,0.017226413336176638,0.2228579442532674
2.3849735,50.0,0.017226411262324243,0.22286148893056568
2.3854680000000004,50.0,0.017226420632528834,0.2228551009642614
2.3859625,50.0,0.01722641383547721,0.22285558654077367
2.386457,50.0,0.01722641025236541,0.22285626743736545
2.3869515000000003,50.0,0.017226418882253212,0.22284841758666865
2.387446,50.0,0.017226413945531777,0.2228536001603772
2.3879405,50.0,0.017226410938499276,0.22284835703040193
2.3884350000000003,50.0,0.01722641644205926,0.22284687632233266
2.3889295,50.0,0.017226413830887757,0.22284668034782765
2.389424,50.0,0.017226411706261626,0.22284591588379096
2.3899185000000003,50.0,0.01722641451910419,0.22284320891119447
2.390413,50.0,0.017226413411097256,0.22284334228636118
2.3909075000000004,50.0,0.01722641229971287,0.22284298140756192
2.3914020000000002,50.0,0.017226412609074405,0.22283965071066253
2.3918965,50.0,0.01722641321344099,0.2228425422420975
2.3923910000000004,50.0,0.017226413854567385,0.2228375989120069
2.3928855,50.0,0.017226410261955927,0.22283901514531101
2.39338,50.0,0.017226411577104056,0.2228379326126736
2.3938745000000003,50.0,0.01722641544748462,0.2228356576406423
2.394369,50.0,0.017226410482318415,0.22283557199683462
2.3948635,50.0,0.017226409304800343,0.2228343773012867
2.3953580000000003,50.0,0.017226414457551086,0.2228336011277223
2.3958525,50.0,0.01722641282409337,0.2228332287827268
2.396347,50.0,0.017226408090031117,0.2228313112384833
2.3968415000000003,50.0,0.017226412471437684,0.22283457368557438
2.397336,50.0,0.01722641516198395,0.222829997885866
2.3978305,50.0,0.017226407545944244,0.22283456002865848
2.3983250000000003,50.0,0.017226411874722198,0.2228349979897976
2.3988195,50.0,0.01722641597951654,0.22283128108166003
2.3993140000000004,50.0,0.01722640783352233,0.22284122579967544
2.3998085000000002,50.0,0.017226413043110154,0.22283493169314936
2.400303,50.0,0.017226415575579124,0.22284045001557584
2.4007975000000004,50.0,0.01722640912442998,0.22284343185297614
2.401292,50.0,0.017226413318544936,0.22284204168601487
2.4017865,50.0,0.017226414873118212,0.2228461610007303
2.4022810000000003,50.0,0.01722641264222395,0.22284846283519055
2.4027755,50.0,0.017226412959484377,0.22284740030458014
2.40327,50.0,0.01722641278978413,0.2228513064876198
2.4037645000000003,50.0,0.01722641571414988,0.22285253181390374
2.404259,50.0,0.017226414231570963,0.22285048839780053
2.4047535,50.0,0.017226411048353808,0.22285578786425547
2.4052480000000003,50.0,0.01722641605474215,0.22285301326010734
2.4057425,50.0,0.017226416302542336,0.22285466034893983
2.4062370000000004,50.0,0.017226410830619508,0.22285569345325426
2.4067315000000002,50.0,0.017226414783506956,0.22285577996433256
2.407226,50.0,0.017226417805920647,0.22285501880498845
2.4077205000000004,50.0,0.01722641186710508,0.22285728867822502
2.408215,50.0,0.01722641362093937,0.22285687200741244
2.4087095,50.0,0.017226417854478166,0.22285627158321253
2.4092040000000003,50.0,0.017226412986542643,0.2228588218166294
2.4096985,50.0,0.01722641298620525,0.22285651989603486
2.410193,50.0,0.017226418262290218,0.2228597256163461
2.4106875000000003,50.0,0.017226414005813755,0.2228563648685654
2.411182,50.0,0.01722641109643412,0.22285984252680974
2.4116765,50.0,0.01722641840809088,0.22285637493792226
2.4121710000000003,50.0,0.017226415255533548,0.22285739743789656
2.4126655,50.0,0.01722641046853782,0.22285756698336068
2.41316,50.0,0.01722641663555875,0.2228523341392197
2.4136545000000003,50.0,0.01722641470921481,0.2228559271681112
2.414149,50.0,0.017226412664317327,0.22285179046105674
2.4146435000000004,50.0,0.017226413817801742,0.22284813779459117
2.4151380000000002,50.0,0.017226412568572904,0.22285065954603517
2.4156325,50.0,0.01722641559484701,0.22284500904901283
2.4161270000000004,50.0,0.017226411414912657,0.22284339671512177
2.4166215,50.0,0.017226410399168616,0.22284550506646336
2.417116,50.0,0.017226416647569062,0.22283677824229675
2.4176105000000003,50.0,0.017226410743588334,0.22284221420412473
2.418105,50.0,0.017226409826467642,0.2228379190431128
2.4185995,50.0,0.01722641557486771,0.22283543868969072
2.4190940000000003,50.0,0.01722641072181567,0.22283840994757925
2.4195885,50.0,0.017226409396948864,0.22283520237151966
2.420083,50.0,0.017226414985484967,0.22283617515060447
2.4205775000000003,50.0,0.017226411999191456,0.22283554757137777
2.421072,50.0,0.01722640794534847,0.2228362653060612
2.4215665000000004,50.0,0.01722641395294854,0.22283576511751288
2.4220610000000002,50.0,0.017226414068242185,0.22283675755155638
2.4225555,50.0,0.01722640783621786,0.2228361299046883
2.4230500000000004,50.0,0.01722641195356735,0.22283688290790996
2.4235445,50.0,0.017226414951060184,0.22283672295654638
2.424039,50.0,0.017226409443083616,0.22283812339113276
2.4245335000000003,50.0,0.01722641047903137,0.22283601366086142
2.425028,50.0,0.01722641401400222,0.2228386861516536
2.4255225,50.0,0.017226411542291632,0.22283747812927351
2.4260170000000003,50.0,0.01722641123380698,0.22283920362779305
2.4265115,50.0,0.017226411859758612,0.22283836231009665
2.427006,50.0,0.017226412231396076,0.22284046342699274
2.4275005000000003,50.0,0.017226413544456694,0.22284161757637197
2.427995,50.0,0.01722641057650441,0.22284103815769996
2.4284895000000004,50.0,0.017226413029998385,0.2228462534087206
2.4289840000000003,50.0,0.017226415235241488,0.22284221555424405
2.4294785,50.0,0.01722640908087481,0.22285042275527442
2.4299730000000004,50.0,0.017226415004787287,0.2228481309487368
2.4304675000000002,50.0,0.017226416667167472,0.22284904215810755
2.430962,50.0,0.017226408193195347,0.22285587835919007
2.4314565000000004,50.0,0.01722641574358646,0.2228517483446096
2.431951,50.0,0.01722641752008486,0.2228562990009336
2.4324455,50.0,0.017226409843790865,0.222857653510006
2.4329400000000003,50.0,0.017226414212335665,0.2228555743634311
2.4334345,50.0,0.01722641762195681,0.22286007755200482
2.433929,50.0,0.01722641303498431,0.2228573337418274
2.4344235000000003,50.0,0.017226411954516827,0.22285775112417164
2.434918,50.0,0.017226416481299432,0.22285946455587782
2.4354125,50.0,0.01722641525699609,0.2228558211359689
2.4359070000000003,50.0,0.017226411991862964,0.22285813180675837
2.4364015,50.0,0.017226415088837325,0.22285530156801422
2.4368960000000004,50.0,0.017226414728575484,0.2228555628332808
2.4373905000000002,50.0,0.01722641308379818,0.22285491607050475
2.437885,50.0,0.01722641432334782,0.2228531216575636
2.4383795000000004,50.0,0.017226413835820457,0.22285384088274077
2.438874,50.0,0.01722641420954537,0.22285178367509964
2.4393685,50.0,0.017226412869142452,0.22285247285091492
2.4398630000000003,50.0,0.017226413088208728,0.22285066845553703
2.4403575,50.0,0.01722641592546094,0.22285128089160827
2.440852,50.0,0.017226411567245217,0.2228490459606258
2.4413465000000003,50.0,0.017226411267396678,0.22284997682943328
2.441841,50.0,0.017226417626334513,0.2228481429002254
2.4423355,50.0,0.017226411234862196,0.22284628116524957
2.4428300000000003,50.0,0.017226408637106037,0.2228478637112332
2.4433245,50.0,0.017226418176006456,0.2228429564664351
2.4438190000000004,50.0,0.01722641198514155,0.22284406859385636
2.4443135000000002,50.0,0.017226407560650775,0.22284253216586666
2.444808,50.0,0.01722641590470005,0.22283871972478372
2.4453025000000004,50.0,0.017226412112479387,0.2228403746270364
2.445797,50.0,0.017226409220515503,0.22283683994997172
2.4462915,50.0,0.017226413102500178,0.22283589939114581
2.4467860000000003,50.0,0.017226411603395896,0.22283668183531666
2.4472805,50.0,0.01722641078323642,0.2228329333123343
2.447775,50.0,0.01722641100590132,0.22283566847686842
2.4482695000000003,50.0,0.017226412197963194,0.22283391939634203
2.448764,50.0,0.01722641145314252,0.22283354626377289
2.4492585,50.0,0.01722640982885258,0.22283647258091216
2.4497530000000003,50.0,0.01722641262470443,0.2228343099087028
2.4502475,50.0,0.017226412077419803,0.22283759024441974
2.450742,50.0,0.017226410535459966,0.22283795959641256
2.4512365000000003,50.0,0.017226411186884776,0.2228376928560875
2.451731,50.0,0.017226413594055814,0.22284192290454855
2.4522255000000004,50.0,0.017226412740558243,0.22284045208328118
2.4527200000000002,50.0,0.017226408207818036,0.2228422337720229
2.4532145,50.0,0.017226414487652095,0.2228447024465978
2.4537090000000004,50.0,0.017226415581646188,0.22284282479652234
2.4542035,50.0,0.017226407285552404,0.22284693937072475
2.454698,50.0,0.017226413658050384,0.22284493103879785
2.4551925000000003,50.0,0.017226416631118832,0.2228467035474217
2.455687,50.0,0.017226408560658088,0.22284776453873636
2.4561815,50.0,0.017226413243799876,0.22284838593308168
2.4566760000000003,50.0,0.017226416345523875,0.2228474745996614
2.4571705,50.0,0.017226409916419914,0.2228504847177149
2.457665,50.0,0.01722641343652527,0.22285086915982855
2.4581595000000003,50.0,0.017226415815651944,0.22285009308212742
2.458654,50.0,0.01722641156727761,0.22285380950338007
2.4591485000000004,50.0,0.017226413739714525,0.22285244922622033
2.4596430000000002,50.0,0.01722641473615971,0.22285528955311096
2.4601375,50.0,0.01722641389750121,0.22285572946540433
2.4606320000000004,50.0,0.017226413754599747,0.22285573747817466
2.4611265,50.0,0.0172264127449164,0.22285788414901384
2.461621,50.0,0.017226416460658218,0.2228578973252617
2.4621155000000003,50.0,0.0172264145628467,0.22285724217128602
2.46261,50.0,0.01722641088345704,0.22285900698046898
2.4631045,50.0,0.017226415957017228,0.22285614205095158
2.4635990000000003,50.0,0.017226416067290105,0.22285870785746417
2.4640935,50.0,0.017226411418834044,0.2228548770644749
2.464588,50.0,0.01722641289792429,0.2228545396936858
2.4650825000000003,50.0,0.01722641686761481,0.22285548751102308
2.465577,50.0,0.01722641246892789,0.2228493395870372
2.4660715000000004,50.0,0.017226410330948256,0.22285346284358679
2.4665660000000003,50.0,0.017226417303444274,0.2228475837143062
2.4670605,50.0,0.017226412331118275,0.22284692988661248
2.4675550000000004,50.0,0.017226409216381973,0.22284940592080385
2.4680495000000002,50.0,0.017226417176040933,0.22284239220933247
2.468544,50.0,0.017226411582205097,0.22284525341161512
2.4690385000000004,50.0,0.017226409394500382,0.2228447324486448
2.469533,50.0,0.017226416075987152,0.22284066814770329
2.4700275,50.0,0.01722641190618805,0.22284427894061543
2.4705220000000003,50.0,0.017226410093616522,0.22284043734827397
2.4710165,50.0,0.017226413116665045,0.22284195450388938
2.471511,50.0,0.017226412732501032,0.22284106336326012
2.4720055000000003,50.0,0.01722641222974362,0.2228403938305559
2.4725,50.0,0.017226410521289662,0.22283994495401127
2.4729945,50.0,0.017226411391269902,0.2228393753155614
2.4734890000000003,50.0,0.017226414463101088,0.2228403454678886
2.4739835,50.0,0.017226410086513298,0.22283597030095267
2.4744780000000004,50.0,0.01722640939769763,0.22284021699988774
2.4749725000000002,50.0,0.017226415204696373,0.2228358023127445
2.475467,50.0,0.017226410544068826,0.22283719500667057
2.4759615000000004,50.0,0.01722640861551475,0.22283708439923353
2.476456,50.0,0.017226414570163533,0.22283548900692027
2.4769505,50.0,0.017226411577855344,0.22283769031349965
2.4774450000000003,50.0,0.01722640887170601,0.2228359269579069
2.4779395,50.0,0.017226413556353713,0.2228389016827988
2.478434,50.0,0.01722641317035859,0.22283743521509483
2.4789285000000003,50.0,0.01722640857004156,0.22284030715389427
2.479423,50.0,0.017226412948237672,0.22284189034208707
2.4799175,50.0,0.017226415842588057,0.22284094588383982
2.4804120000000003,50.0,0.017226408423062316,0.22284553638581198
2.4809065,50.0,0.01722641216335188,0.2228464275337414
2.4814010000000004,50.0,0.01722641679849233,0.22284478855885964
2.4818955000000003,50.0,0.01722641030869175,0.2228520740056422
2.48239,50.0,0.017226412662791443,0.22284840176959045
2.4828845000000004,50.0,0.017226414490744343,0.22285026138244304
2.4833790000000002,50.0,0.01722641296000137,0.22285532794320562
2.4838735,50.0,0.017226414228661537,0.2228490165318648
2.4843680000000004,50.0,0.017226411560511763,0.2228559263318883
2.4848625,50.0,0.017226414884014916,0.2228526706338262
2.485357,50.0,0.017226415421432977,0.22285302825184924
2.4858515000000003,50.0,0.01722641012292254,0.22285466464913256
2.486346,50.0,0.01722641527330962,0.22285370524692458
2.4868405,50.0,0.017226415789150042,0.22285270595043463
2.4873350000000003,50.0,0.01722641026528907,0.2228546342487285
2.4878295,50.0,0.017226415162995036,0.222853824687557
2.488324,50.0,0.017226416268609542,0.22285279174158013
2.4888185000000003,50.0,0.01722641015093419,0.22285508878260757
2.489313,50.0,0.017226414123440902,0.22285328644674798
2.4898075000000004,50.0,0.01722641760986035,0.2228544785307864
2.4903020000000002,50.0,0.017226410987826162,0.22285383255657826
2.4907965,50.0,0.01722641206196743,0.22285482482677177
2.4912910000000004,50.0,0.017226417375829414,0.22285260083454397
2.4917855,50.0,0.01722641322105493,0.22285466322694997
2.49228,50.0,0.017226410814000677,0.22285240070467127
2.4927745000000003,50.0,0.017226415442521056,0.2228517052335865
2.493269,50.0,0.017226414673321495,0.22285077098204378
2.4937635,50.0,0.01722641074270213,0.22285082211195414
2.4942580000000003,50.0,0.017226413706051755,0.22284701999010373
2.4947525,50.0,0.0172264136871602,0.22284672983757187
2.495247,50.0,0.01722641207025608,0.2228468408863295
2.4957415000000003,50.0,0.017226412972243296,0.22284086495114291
2.496236,50.0,0.0172264111580702,0.22284519975628198
2.4967305000000004,50.0,0.01722641368793644,0.2228389316375535
2.4972250000000003,50.0,0.017226411726325885,0.2228393958527235
2.4977195,50.0,0.01722640989078701,0.22284122814306592
2.4982140000000004,50.0,0.017226415690929534,0.22283610246663169
2.4987085,50.0,0.01722640971661423,0.22283741795504422
2.499203,50.0,0.017226409099105618,0.22284061451256876
2.4996975000000003,50.0,0.017226417155807035,0.22283436417844815
2.500192,50.0,0.01722640969384962,0.2228399557429609
