time_s,airspeed_mps,tip_bending_m,tip_twist_deg
0.0,50.0,0.0,0.0
0.0004945,50.0,1.9724364028509256e-6,0.0006568815443656152
0.000989,50.0,9.32478864587895e-6,0.004937613446375423
0.0014835,50.0,2.334567179832773e-5,0.018864250636712217
0.001978,50.0,4.4296434694191474e-5,0.04868285814091219
0.0024725000000000003,50.0,7.285727495974071e-5,0.09953955061285637
0.002967,50.0,0.00010980249448551778,0.17601821255954295
0.0034615,50.0,0.0001563782742129517,0.28207221960623813
0.003956,50.0,0.00021412589451453662,0.42005672333782995
0.0044505000000000005,50.0,0.00028315951890729545,0.5886271559903264
0.004945000000000001,50.0,0.00035993232554531627,0.7813472656690603
0.005439500000000001,50.0,0.0004396392333685982,0.9877462866874088
0.005934,50.0,0.000522132298896469,1.1976897654661125
0.0064285,50.0,0.0006115136319974958,1.4043289086520532
0.006923,50.0,0.0007107192753822104,1.6040280752519729
0.0074175000000000005,50.0,0.000821749291377146,1.7934277236039937
0.007912,50.0,0.0009477208588408903,1.9703143135195107
0.0084065,50.0,0.0010918061606442313,2.13697894241255
0.008901000000000001,50.0,0.001257556533691455,2.297740318018376
0.009395500000000001,50.0,0.001448389649745152,2.456625063143662
0.009890000000000001,50.0,0.0016655773194323383,2.615731953369834
0.010384500000000001,50.0,0.0019090430050367193,2.7728553394695146
0.010879000000000002,50.0,0.0021791901184722217,2.92319741668187
0.011373500000000002,50.0,0.002477474966489676,3.061870518372784
0.011868,50.0,0.002805504290952799,3.1837675579224745
0.0123625,50.0,0.00316378601399828,3.2822246589804895
0.012857,50.0,0.0035518700349939846,3.349945301049698
0.0133515,50.0,0.003970148720328179,3.3835520850935863
0.013846,50.0,0.004422335679739995,3.38526143403197
0.0143405,50.0,0.004914337688481374,3.36016558890184
0.014835000000000001,50.0,0.005449139210075016,3.31324874475084
0.015329500000000001,50.0,0.006025223169357141,3.2492675462422427
0.015824,50.0,0.006640643940819369,3.172850447455154
0.0163185,50.0,0.007295069082281855,3.0878976405307497
0.016813,50.0,0.007987410440994437,2.997581897675812
0.0173075,50.0,0.008715613410278536,2.9021240009719653
0.017802000000000002,50.0,0.009478395656852717,2.7974010250969457
0.0182965,50.0,0.010274753010314679,2.6784748912429985
0.018791000000000002,50.0,0.011104700219712474,2.543161745319281
0.0192855,50.0,0.011970728527380927,2.3910774781710984
0.019780000000000002,50.0,0.012875243926510047,2.2227977551973805
0.0202745,50.0,0.01381857628709524,2.0404006769025442
0.020769000000000003,50.0,0.014800778852871148,1.8484184647211792
0.0212635,50.0,0.01582252910678083,1.6543913621785042
0.021758000000000003,50.0,0.016885190813092896,1.467077246007422
0.0222525,50.0,0.01799010163383078,1.2931775019760228
0.022747000000000003,50.0,0.01913523495960496,1.1358918457979685
0.023241500000000002,50.0,0.020315156672924425,0.9958049100888915
0.023736,50.0,0.021525550836603433,0.87352667533388
0.024230500000000002,50.0,0.02276552920921375,0.7694603819903371
0.024725,50.0,0.024035369729884987,0.6801529068467221
0.025219500000000002,50.0,0.025333749089730927,0.6007681777939311
0.025714,50.0,0.026659243315520716,0.5287040702184153
0.026208500000000003,50.0,0.0280118505333201,0.46434070887145873
0.026703,50.0,0.029390881894562355,0.4110028802466588
0.027197500000000003,50.0,0.03079450269881369,0.37311725602180074
0.027692,50.0,0.03222034254657479,0.35486229826862203
0.028186500000000003,50.0,0.03366406848456724,0.35985445290531437
0.028681,50.0,0.035120010813826354,0.39140834908798977
0.029175500000000004,50.0,0.03658437500063054,0.4510860649442187
0.029670000000000002,50.0,0.038055232855980003,0.5365837563258633
0.030164500000000004,50.0,0.03952977362110228,0.6410395396122346
0.030659000000000002,50.0,0.041004288891024136,0.7563158846983699
0.031153500000000004,50.0,0.042475497874943216,0.8758856846695965
0.031648,50.0,0.04394185109537869,0.9952489889951084
0.032142500000000004,50.0,0.04540535977082805,1.111076405502938
0.032637,50.0,0.04686905045744875,1.2218305508077196
0.0331315,50.0,0.04833274026271426,1.328694134415532
0.033626,50.0,0.0497945968194246,1.4353739626359063
0.034120500000000005,50.0,0.05125378436561977,1.5473767841147328
0.034615,50.0,0.05270912775419628,1.6671097406998534
0.0351095,50.0,0.05415801511297946,1.7910827022878717
0.035604000000000004,50.0,0.05559769418194643,1.9125680733153874
0.036098500000000006,50.0,0.05702643864957021,2.0254709950424448
0.036593,50.0,0.058443518227575736,2.1247301196681505
0.0370875,50.0,0.05984948908967365,2.2064646663775282
0.037582000000000004,50.0,0.061246920752487964,2.269259980981798
0.038076500000000006,50.0,0.06263818094763007,2.315556110302421
0.038571,50.0,0.06402285792972479,2.3513395983948167
0.0390655,50.0,0.06540023085930957,2.383145984203416
0.039560000000000005,50.0,0.06677132234875784,2.4154001067018456
0.0400545,50.0,0.06813718163128273,2.448006618235705
0.040549,50.0,0.0694977395361394,2.475539471421788
0.041043500000000004,50.0,0.0708509334116231,2.4915043588101025
0.041538000000000005,50.0,0.07219327777396393,2.49145541678659
0.0420325,50.0,0.07352336461552711,2.472188822158886
0.042527,50.0,0.07484278284087026,2.4326828704907983
0.043021500000000004,50.0,0.07615327839886689,2.374493121443054
0.043516000000000006,50.0,0.07745649483056381,2.30333814607351
0.0440105,50.0,0.07875610751342575,2.2269717019285866
0.044505,50.0,0.08005640666962612,2.15078260437688
0.044999500000000005,50.0,0.08136045012223785,2.0753087335348273
0.04549400000000001,50.0,0.08267093428584196,1.996505363763504
0.0459885,50.0,0.08398934525993659,1.9095707584489743
0.046483000000000003,50.0,0.085314857842743,1.8108575353083374
0.046977500000000005,50.0,0.08664625694196836,1.6979878521576521
0.047472,50.0,0.08798437051929381,1.570273251399352
0.0479665,50.0,0.08933184204172069,1.4305932566675008
0.048461000000000004,50.0,0.09069029641154366,1.2858831812478708
0.048955500000000006,50.0,0.09205968147394228,1.1445790212165807
0.04945,50.0,0.09344058026496518,1.0128149330518659
0.0499445,50.0,0.09483489941965129,0.8932159598331907
0.050439000000000005,50.0,0.09624534364438657,0.7848786483026683
0.05093350000000001,50.0,0.09767427198303323,0.6852116231046165
0.051428,50.0,0.09912164934227535,0.5913640927771906
0.0519225,50.0,0.10058616732528423,0.49988728614260375
0.052417000000000005,50.0,0.10206740149238963,0.40859290515900537
0.05291150000000001,50.0,0.10356411628343681,0.3196142440488923
0.053406,50.0,0.10507371751541994,0.23962236367437786
0.053900500000000004,50.0,0.1065943774496471,0.17559075767031943
0.054395000000000006,50.0,0.10812447275884692,0.1323392982464748
0.05488950000000001,50.0,0.10966229150637535,0.11184163093040805
0.055384,50.0,0.11120850412799334,0.11410657420607777
0.055878500000000005,50.0,0.11276553062541765,0.13686611582181152
0.056373000000000006,50.0,0.11433379740228505,0.17480428586897204
0.0568675,50.0,0.11591132323010366,0.22164530046675548
0.057362,50.0,0.11749663427602827,0.27233972260493133
0.057856500000000005,50.0,0.11909001914095753,0.32675153952681096
0.05835100000000001,50.0,0.12069204654312234,0.3888705876151881
0.0588455,50.0,0.12230154172843147,0.4623290750067834
0.059340000000000004,50.0,0.12391551022367427,0.5490870848656323
0.059834500000000006,50.0,0.1255308275140729,0.6502147457881505
0.06032900000000001,50.0,0.1271450890917036,0.7645660980379838
0.0608235,50.0,0.12875640156872242,0.887195794308312
0.061318000000000004,50.0,0.13036253300961292,1.0097363350089947
0.061812500000000006,50.0,0.13196107960887768,1.124543592082094
0.06230700000000001,50.0,0.13355134247168318,1.2281236566616054
0.06280150000000001,50.0,0.1351335877391109,1.3206150133342025
0.063296,50.0,0.13670729741980803,1.4039833936657997
0.0637905,50.0,0.13827206639160472,1.4805736738963793
0.06428500000000001,50.0,0.13982649203273992,1.553550358544078
0.0647795,50.0,0.14136617374344146,1.6253426364397119
0.065274,50.0,0.1428867143505135,1.69479456077967
0.06576850000000001,50.0,0.1443865157411019,1.7566204311731766
0.066263,50.0,0.14586449017442138,1.805328170433863
0.06675750000000001,50.0,0.14731858972692535,1.8384327994198861
0.067252,50.0,0.14874705937971164,1.8564666377791097
0.0677465,50.0,0.1501492661676688,1.8617130471782624
0.06824100000000001,50.0,0.1515262312114848,1.8581171576849924
0.0687355,50.0,0.15287994396472168,1.8515930426991154
0.06923,50.0,0.15421181786545907,1.8479365462616935
0.06972450000000001,50.0,0.15552251058534725,1.849898331760763
0.070219,50.0,0.15681240620625211,1.8557307037346729
0.07071350000000001,50.0,0.15808185357456694,1.8620908938753722
0.07120800000000001,50.0,0.1593307715578036,1.867183731307241
0.0717025,50.0,0.16055821879596469,1.8703622546096246
0.07219700000000001,50.0,0.16176298650184084,1.8708960100788654
0.0726915,50.0,0.16294405893183617,1.8702891325331923
0.073186,50.0,0.1641012257681521,1.8731636791051833
0.07368050000000001,50.0,0.1652365761103068,1.885081064909328
0.074175,50.0,0.16635362970756817,1.908246045957013
0.0746695,50.0,0.16745372472922396,1.940299853157165
0.07516400000000001,50.0,0.16853612491083758,1.9777953307232297
0.0756585,50.0,0.16960161208360322,2.0171114286861145
0.07615300000000001,50.0,0.17065178140405193,2.0542703018099453
0.07664750000000001,50.0,0.17168686873570002,2.0856389427563657
0.077142,50.0,0.17270669620197532,2.109296308673764
0.07763650000000001,50.0,0.17371082047194228,2.126818200490444
0.078131,50.0,0.17469875545553953,2.1417932424599773
0.0786255,50.0,0.1756709507373077,2.1557154436931487
0.07912000000000001,50.0,0.17662793097243687,2.1677865274940444
0.0796145,50.0,0.177570032673833,2.1763100024585595
0.080109,50.0,0.17849820234769304,2.1788040023269177
0.08060350000000001,50.0,0.1794139788552277,2.1708850064860052
0.081098,50.0,0.18031956409100358,2.147786304868227
0.08159250000000001,50.0,0.18121805919987746,2.107866823476077
0.08208700000000001,50.0,0.18211269142060907,2.0533443191016865
0.0825815,50.0,0.18300493532927084,1.9883538943572283
0.08307600000000001,50.0,0.18389398877192017,1.915886149368659
0.0835705,50.0,0.18477923161360268,1.8382413463737164
0.084065,50.0,0.18566201356432654,1.758118192092804
0.08455950000000001,50.0,0.18654348278678728,1.6770149767091078
0.085054,50.0,0.1874227279078872,1.593035853969441
0.08554850000000001,50.0,0.1882991569671787,1.502397366742536
0.08604300000000001,50.0,0.18917374078614563,1.403813025855983
0.0865375,50.0,0.19004730913387277,1.2990271253660266
0.08703200000000001,50.0,0.19092074072071602,1.1911964281235023
0.08752650000000001,50.0,0.1917949857546362,1.0839312348133
0.088021,50.0,0.19266995851591895,0.9818226069692667
0.08851550000000001,50.0,0.19354551998868338,0.8897086285021861
0.08901,50.0,0.19442165502078723,0.8100048246656518
0.0895045,50.0,0.1952972415342594,0.7420784475346939
0.08999900000000001,50.0,0.19617035061481342,0.6830925068482485
0.0904935,50.0,0.1970384197336847,0.6303061934997771
0.09098800000000001,50.0,0.19789801076311475,0.5830379043036108
0.09148250000000001,50.0,0.19874674843557538,0.5409237682443665
0.091977,50.0,0.1995849649803015,0.5043194126319073
0.09247150000000001,50.0,0.20041372611270059,0.47582353787921255
0.09296600000000001,50.0,0.20123283130391686,0.4587650386914173
0.0934605,50.0,0.2020414869029364,0.45561302988547037
0.09395500000000001,50.0,0.20283969251794742,0.46597903611244845
0.0944495,50.0,0.20362782510181102,0.48671878510525773
0.094944,50.0,0.2044047779101918,0.5142947027562728
0.09543850000000001,50.0,0.20516870590475567,0.5456116060439076
0.095933,50.0,0.20591835295488736,0.5775100207835808
0.09642750000000001,50.0,0.2066520366808995,0.6072397903397755
0.09692200000000001,50.0,0.20736827110337513,0.6346788430057476
0.0974165,50.0,0.2080666093990549,0.6622600993408774
0.09791100000000001,50.0,0.20874612602983372,0.6918708268937585
0.0984055,50.0,0.2094052219310841,0.7233253578807621
0.0989,50.0,0.2100429175560381,0.75553870325122
0.09939450000000001,50.0,0.21065904897818238,0.7876777996026476
0.099889,50.0,0.21125417508484456,0.8180481473199059
0.10038350000000001,50.0,0.21182919492871288,0.8432993378067114
0.10087800000000001,50.0,0.21238321937630572,0.860437528496846
0.1013725,50.0,0.21291360436216172,0.8691962442748532
0.10186700000000001,50.0,0.21341902572186328,0.8720235632645432
0.10236150000000001,50.0,0.21389912911336195,0.8715141226299292
0.102856,50.0,0.21435253890906392,0.8698662077801899
0.10335050000000001,50.0,0.21477758543854553,0.869251485095563
0.103845,50.0,0.21517339258937437,0.871863173414499
0.1043395,50.0,0.21554001430613914,0.8782876730545633
0.10483400000000001,50.0,0.21587765828056535,0.8871520282839841
0.1053285,50.0,0.21618648960019826,0.8971350015181982
0.10582300000000001,50.0,0.21646728633224313,0.9079181968780289
0.10631750000000001,50.0,0.21672071951802402,0.9204409435151749
0.106812,50.0,0.21694709874521004,0.9362233912498412
0.10730650000000001,50.0,0.21714761696172444,0.956825203858814
0.10780100000000001,50.0,0.21732407501054168,0.9850737691773838
0.1082955,50.0,0.21747729172081384,1.0246743030488512
0.10879000000000001,50.0,0.21760682866544975,1.0767097225015034
0.1092845,50.0,0.21771145313080376,1.139244271828421
0.10977900000000002,50.0,0.21779033500322978,1.2098778278032845
0.11027350000000001,50.0,0.2178447700462746,1.2870956423093451
0.110768,50.0,0.21787656380518353,1.3690965869916731
0.11126250000000001,50.0,0.21788605216996804,1.453331074126714
0.11175700000000001,50.0,0.21787430437783342,1.5385689210081692
0.1122515,50.0,0.21784394635974103,1.6258987017740112
0.11274600000000001,50.0,0.21779687602459344,1.7169264304403553
0.11324050000000001,50.0,0.2177338613644674,1.8122297875340596
0.113735,50.0,0.2176554894229498,1.9108222260239538
0.11422950000000001,50.0,0.21756197786274434,2.010814347383018
0.114724,50.0,0.2174531744109887,2.1100809196521855
0.11521850000000002,50.0,0.21732927293532592,2.20526864808346
0.11571300000000001,50.0,0.21719100776576303,2.292287910838675
0.1162075,50.0,0.21703913928976537,2.3684951096308184
0.11670200000000001,50.0,0.21687375561375996,2.433823624176649
0.11719650000000001,50.0,0.21669503592557102,2.4895507840075997
0.117691,50.0,0.21650482656892608,2.5371199857635727
0.11818550000000001,50.0,0.216306109928979,2.5777331676854645
0.11868000000000001,50.0,0.216101684656825,2.612623204195292
0.1191745,50.0,0.21589343686846174,2.6424232756077504
0.11966900000000001,50.0,0.2156819855959791,2.666053243713329
0.1201635,50.0,0.21546821043531758,2.680598036083371
0.12065800000000002,50.0,0.21525367349129015,2.683677843187508
0.12115250000000001,50.0,0.21503845764012652,2.6758183942184592
0.121647,50.0,0.2148219794163124,2.6581831881391595
0.12214150000000001,50.0,0.2146051155199706,2.632156839252644
0.12263600000000001,50.0,0.21438899587888183,2.600605839687253
0.1231305,50.0,0.21417449047282716,2.567451752946721
0.12362500000000001,50.0,0.21396328710095483,2.5357094761827996
0.12411950000000001,50.0,0.2137567513355783,2.5056785866370497
0.12461400000000002,50.0,0.21355479224966648,2.4757427629922475
0.1251085,50.0,0.21335708323082825,2.444405124644683
0.12560300000000002,50.0,0.2131641637249599,2.410818239829875
0.1260975,50.0,0.21297702589163583,2.37483254882639
0.126592,50.0,0.21279585196391848,2.3367481614001253
0.12708650000000002,50.0,0.21261922586390955,2.2977456890840298
0.127581,50.0,0.21244511880439979,2.260745586081485
0.1280755,50.0,0.21227221434109073,2.22842582157914
0.12857000000000002,50.0,0.2120996758425206,2.20175827993904
0.1290645,50.0,0.21192648593527524,2.1797624120373364
0.129559,50.0,0.21175130642165843,2.160392927887363
0.13005350000000002,50.0,0.21157327572449142,2.141474666822291
0.130548,50.0,0.21139296539866706,2.120867409469942
0.1310425,50.0,0.21121079498199355,2.096546132557938
0.13153700000000002,50.0,0.21102599870632188,2.0673397389241086
0.13203150000000002,50.0,0.2108382779351342,2.0350226091972123
0.132526,50.0,0.21064698409453883,2.0019204840059337
0.1330205,50.0,0.21045000677310277,1.9685605579210552
0.13351500000000002,50.0,0.21024612923669525,1.9343477040233754
0.1340095,50.0,0.21003543301355093,1.899183921806162
0.134504,50.0,0.20981685623148097,1.8624651315850282
0.13499850000000002,50.0,0.20958813693730743,1.82131799794798
0.135493,50.0,0.2093474472011937,1.7727074394317746
0.1359875,50.0,0.20909397494911441,1.715903483172056
0.13648200000000002,50.0,0.20882809177979234,1.6521341984450335
0.1369765,50.0,0.2085502945340496,1.583488766122396
0.137471,50.0,0.2082601197804949,1.5118001450537972
0.13796550000000002,50.0,0.20795718658762222,1.4392039256765805
0.13846,50.0,0.20764153656448098,1.3682234625831897
0.1389545,50.0,0.20731261982268595,1.2996829404386918
0.13944900000000002,50.0,0.20696870683899557,1.2330927043409374
0.1399435,50.0,0.20660737872733465,1.1669661644751923
0.140438,50.0,0.20622685123669296,1.1007920504106463
0.14093250000000002,50.0,0.20582597665591582,1.0354275540379156
0.14142700000000002,50.0,0.20540393875210763,0.9721385752461247
0.1419215,50.0,0.20496120578106802,0.9129532721813541
0.14241600000000001,50.0,0.2044987949116373,0.8601550549900123
0.14291050000000002,50.0,0.2040163391203108,0.8167974769739589
0.143405,50.0,0.20351317172565803,0.7855655481679961
0.1438995,50.0,0.20299031857720296,0.766307001224151
0.14439400000000002,50.0,0.20244899230617952,0.7571311974092924
0.1448885,50.0,0.20188928241161352,0.757165670128127
0.145383,50.0,0.20131110606657185,0.7655748006213015
0.14587750000000002,50.0,0.20071397205856373,0.780704498213755
0.146372,50.0,0.2000976027093086,0.8014900715586274
0.1468665,50.0,0.19946271141894212,0.8290976064070467
0.14736100000000002,50.0,0.19880941977606278,0.865421614695084
0.1478555,50.0,0.19813753160478778,0.9111280838216741
0.14835,50.0,0.19744801267857756,0.9654677875069253
0.14884450000000002,50.0,0.19674257508829754,1.0273264184764044
0.149339,50.0,0.19602300268231906,1.0951955331263408
0.1498335,50.0,0.19529100087265808,1.1663043977887
0.15032800000000002,50.0,0.19454792098111537,1.23746490700089
0.1508225,50.0,0.19379410151226434,1.3059583696195405
0.151317,50.0,0.19302917447350912,1.3713100840687587
0.15181150000000002,50.0,0.19225371608388353,1.4347092168951705
0.15230600000000002,50.0,0.19146942004865514,1.4974267041835045
0.1528005,50.0,0.19067701101027273,1.5599650603035282
0.15329500000000001,50.0,0.18987584290994208,1.6225119516972353
0.15378950000000002,50.0,0.18906623155107266,1.6848957116531362
0.154284,50.0,0.1882496176777883,1.7459046235703262
0.1547785,50.0,0.18742710867584808,1.803247586058733
0.15527300000000002,50.0,0.18660005287938028,1.8546698953846963
0.1557675,50.0,0.18577008441643098,1.8998119819011223
0.156262,50.0,0.18493876035380583,1.9402890355884779
0.15675650000000002,50.0,0.18410843694574658,1.9780101817492945
0.157251,50.0,0.1832813474292549,2.0143283786094677
0.1577455,50.0,0.18245832878914942,2.0522451689178167
0.15824000000000002,50.0,0.18163981087649536,2.09431418316673
0.1587345,50.0,0.1808259758087849,2.1399100744599746
0.159229,50.0,0.18001639165113612,2.187097522721798
0.15972350000000002,50.0,0.17921166523486565,2.2341820020992507
0.160218,50.0,0.17841396673845816,2.280575729325248
0.1607125,50.0,0.17762498466263899,2.326218911410294
0.16120700000000002,50.0,0.1768452103475192,2.371311409547062
0.16170150000000003,50.0,0.17607537363768846,2.416948084835997
0.162196,50.0,0.17531739126403276,2.4655595341148415
0.16269050000000002,50.0,0.17457318723488754,2.5192836613194802
0.16318500000000002,50.0,0.17384297308378155,2.578478354802605
0.1636795,50.0,0.17312627000890995,2.6410578921683854
0.16417400000000001,50.0,0.1724230873045937,2.7044388505014783
0.16466850000000002,50.0,0.1717329626869749,2.7667493553877693
0.165163,50.0,0.17105515760120368,2.8254729353237034
0.1656575,50.0,0.17038886980059395,2.878167472656669
0.16615200000000002,50.0,0.16973262664605057,2.9242002942665195
0.1666465,50.0,0.1690855196573446,2.964773600286188
0.167141,50.0,0.16844790032440973,3.0014007310732436
0.16763550000000002,50.0,0.16782027121704898,3.0344019118388204
0.16813,50.0,0.16720330815333959,3.062618545304274
0.1686245,50.0,0.16659773592408123,3.0847032728481465
0.16911900000000002,50.0,0.16600262159726317,3.0988771420142034
0.1696135,50.0,0.16541601446774826,3.102407264840067
0.170108,50.0,0.16483740300075406,3.09241501201272
0.17060250000000002,50.0,0.16426665763937032,3.0682877384062834
0.17109700000000003,50.0,0.1637022085794103,3.031520213729122
0.1715915,50.0,0.1631422910327513,2.983637320298093
0.17208600000000002,50.0,0.16258606166806286,2.9265904381599412
0.17258050000000003,50.0,0.16203335342646474,2.862197915451733
0.173075,50.0,0.1614838903965109,2.7916557033335185
0.17356950000000002,50.0,0.16093695950255077,2.715467097202891
0.17406400000000002,50.0,0.1603921314970367,2.6329370570339705
0.1745585,50.0,0.15984911102874944,2.5429063718152056
0.17505300000000001,50.0,0.1593077410987356,2.445538789976483
0.17554750000000002,50.0,0.15876852377232983,2.3427901402928963
0.176042,50.0,0.15823128009294715,2.237871786896411
0.1765365,50.0,0.15769452923416574,2.133335963643912
0.17703100000000002,50.0,0.15715655583122812,2.031680486792792
0.1775255,50.0,0.15661549124159674,1.936071037435862
0.17802,50.0,0.15607001889483393,1.8486416130552281
0.17851450000000002,50.0,0.15552030068762948,1.7689788608363686
0.179009,50.0,0.15496609899054567,1.6957100134654064
0.1795035,50.0,0.15440602124679162,1.6284026818652708
0.17999800000000002,50.0,0.15384015225885767,1.5670825761779845
0.18049250000000003,50.0,0.1532700100870946,1.5126339064863759
0.180987,50.0,0.15269600859061622,1.4658182297177211
0.18148150000000002,50.0,0.15211781278649408,1.4281838859830644
0.18197600000000003,50.0,0.15153548446416565,1.4018058155693223
0.1824705,50.0,0.15094902477926367,1.3869590908240665
0.18296500000000002,50.0,0.15035829503390216,1.3822274970387036
0.18345950000000003,50.0,0.14976322608728854,1.3851300287314543
0.183954,50.0,0.14916350658421285,1.393265591897756
0.18444850000000002,50.0,0.14855853119558363,1.4045070694740414
0.18494300000000002,50.0,0.14794778059667993,1.4168145033174677
0.1854375,50.0,0.14733164323841313,1.4293549046073226
0.18593200000000001,50.0,0.14671179640981724,1.4423845876838945
0.18642650000000002,50.0,0.14609026584348087,1.4573018666126836
0.186921,50.0,0.14546858545930383,1.4753745074561102
0.1874155,50.0,0.14484729411920103,1.4956791786500763
0.18791000000000002,50.0,0.14422625474233708,1.5164960685465267
0.1884045,50.0,0.14360628807388856,1.5362847552999874
0.188899,50.0,0.1429882736798028,1.5537187989974646
0.18939350000000002,50.0,0.14237103087969277,1.567453241547733
0.189888,50.0,0.14175353422988388,1.5764449193051588
0.1903825,50.0,0.14113678264624255,1.5821497651654732
0.19087700000000002,50.0,0.14052170718343765,1.5875108071907431
0.19137150000000003,50.0,0.13990882129457433,1.5947951462716974
0.191866,50.0,0.1392992200458079,1.6054798470604381
0.19236050000000002,50.0,0.13869367681871975,1.6204020462510955
0.19285500000000003,50.0,0.13809273810409142,1.6399058280556749
0.1933495,50.0,0.13749777676346062,1.6635878450487531
0.19384400000000002,50.0,0.1369104408388996,1.6902813067761424
0.19433850000000003,50.0,0.13633182851730072,1.7192414637618054
0.194833,50.0,0.13576224971468775,1.75113752271642
0.19532750000000002,50.0,0.1352013237160398,1.7879144686400847
0.19582200000000002,50.0,0.13464877655444124,1.831636293534136
0.1963165,50.0,0.13410514861363113,1.88361719359094
0.196811,50.0,0.13357138309700234,1.9442429203548799
0.19730550000000002,50.0,0.13304788767340234,2.0134959159806867
0.1978,50.0,0.13253481031857586,2.090362795755404
0.1982945,50.0,0.13203340619113363,2.1721238073088474
0.19878900000000002,50.0,0.13154583600041192,2.2558037409940095
0.1992835,50.0,0.1310731190126126,2.339446654987154
0.199778,50.0,0.1306150977421609,2.4224650339173346
0.20027250000000002,50.0,0.1301722649192142,2.5047075591112566
0.20076700000000003,50.0,0.12974487320654315,2.5854500732002674
0.2012615,50.0,0.1293322971013738,2.66454573580656
0.20175600000000002,50.0,0.1289348490501206,2.7421430595637677
0.20225050000000003,50.0,0.12855251922056243,2.8167086732748836
0.202745,50.0,0.12818365943477178,2.8849365367590014
0.20323950000000002,50.0,0.12782706891134932,2.9431981873019217
0.20373400000000003,50.0,0.12748258857348505,2.9892438146704428
0.2042285,50.0,0.12715058706041865,3.0218651204089273
0.20472300000000002,50.0,0.1268318585708448,3.040189620851698
0.20521750000000002,50.0,0.1265266629133622,3.0444991410511535
0.205712,50.0,0.12623458207232668,3.035637318185759
0.20620650000000001,50.0,0.12595568177472663,3.015457715432623
0.20670100000000002,50.0,0.12569039922424222,2.9855480551349407
0.2071955,50.0,0.12543800398673702,2.9457205719106487
0.20769,50.0,0.12519652569153975,2.8949405100952923
0.20818450000000002,50.0,0.12496447262994718,2.8326928807862015
0.208679,50.0,0.12474152746094302,2.7594182048219458
0.2091735,50.0,0.1245274934709669,2.6758480317302036
0.20966800000000002,50.0,0.12432195531567028,2.5831132353491832
0.21016250000000003,50.0,0.12412515212765378,2.4841335694172497
0.210657,50.0,0.12393730356128166,2.382878141637764
0.21115150000000002,50.0,0.12375774260820374,2.2824723258633943
0.21164600000000003,50.0,0.12358665367262858,2.184977222205744
0.2121405,50.0,0.12342518441660258,2.091411580324332
0.21263500000000002,50.0,0.12327311381904253,2.002651642366575
0.21312950000000003,50.0,0.12312916889910769,1.919134565469517
0.213624,50.0,0.12299225907582581,1.8403974627423036
0.21411850000000002,50.0,0.12286112191060496,1.7662722872685523
0.21461300000000003,50.0,0.12273493093723582,1.6982115810277945
0.2151075,50.0,0.12261329486354881,1.6380374592258997
0.21560200000000002,50.0,0.12249492470749417,1.5874832579876936
0.21609650000000002,50.0,0.12237897850938118,1.5477367589074573
0.216591,50.0,0.12226632139680174,1.5186764711748435
0.21708550000000001,50.0,0.12215773828116808,1.4995048554336614
0.21758000000000002,50.0,0.12205312751621993,1.4885069431910574
0.2180745,50.0,0.12195217589198913,1.4835650166006003
0.218569,50.0,0.12185446674281612,1.4823785149849524
0.21906350000000002,50.0,0.12175932175709148,1.4831350876397593
0.21955800000000003,50.0,0.12166611857322102,1.4854240388079938
0.2200525,50.0,0.12157499909066632,1.4898035164424412
0.22054700000000002,50.0,0.12148601236326552,1.4965641961468759
0.22104150000000003,50.0,0.1213979000530864,1.5053169237978354
0.221536,50.0,0.12130967676949443,1.5154669594103005
0.22203050000000002,50.0,0.12122199782588505,1.5263896823013985
0.22252500000000003,50.0,0.12113565654441773,1.5364265439696771
0.2230195,50.0,0.12105086396160243,1.543777140873269
0.22351400000000002,50.0,0.12096813498903898,1.5473769185490145
0.22400850000000003,50.0,0.12088802804316887,1.547171144998858
0.224503,50.0,0.1208112386815869,1.5447316780591374
0.22499750000000002,50.0,0.12073888753762614,1.5420180627770534
0.22549200000000003,50.0,0.12067081262834238,1.5407385115314585
0.2259865,50.0,0.12060558515804863,1.5420039121196336
0.22648100000000002,50.0,0.12054272442154403,1.547136865783874
0.22697550000000002,50.0,0.12048228535077934,1.5567769860578697
0.22747,50.0,0.12042385350148754,1.5705285706671757
0.22796450000000001,50.0,0.12036778435922936,1.587476800860009
0.22845900000000002,50.0,0.12031494489819386,1.6074184543185568
0.22895350000000003,50.0,0.12026535300392716,1.6318925665012896
0.229448,50.0,0.12021910787927968,1.6620288037777744
0.22994250000000002,50.0,0.12017736811561212,1.6987900961836002
0.23043700000000003,50.0,0.12014159144893988,1.743381771128718
0.2309315,50.0,0.12011227009610717,1.7965252974413526
0.23142600000000002,50.0,0.12008888967466677,1.858250696251227
0.23192050000000003,50.0,0.12007144916495319,1.9267643935154868
0.232415,50.0,0.12006034604571406,1.9991476093915816
0.23290950000000002,50.0,0.12005542121880455,2.073653222606379
0.23340400000000003,50.0,0.12005661303811113,2.148847262154209
0.2338985,50.0,0.1200637979025838,2.223095488114415
0.23439300000000002,50.0,0.12007707811619397,2.295387694645065
0.23488750000000003,50.0,0.12009801371296937,2.3651927421755987
0.235382,50.0,0.12012836027698366,2.432512414709515
0.23587650000000002,50.0,0.12016882093631368,2.4965670077129123
0.23637100000000003,50.0,0.12022001881100516,2.555878891999716
0.2368655,50.0,0.12028242680423633,2.6077332116623704
0.23736000000000002,50.0,0.1203554545132007,2.649551615040362
0.23785450000000002,50.0,0.12043882520106428,2.6799107825406305
0.238349,50.0,0.12053322799038363,2.6976342481319864
0.23884350000000001,50.0,0.12063812371150222,2.7020437974964664
0.23933800000000002,50.0,0.12075205019084327,2.6932639567411516
0.23983250000000003,50.0,0.1208747862966523,2.67266849579336
0.240327,50.0,0.1210068610477158,2.6421919088358203
0.24082150000000002,50.0,0.12114850139817995,2.6025818976330783
0.24131600000000003,50.0,0.12129953317851867,2.553889087148623
0.2418105,50.0,0.12145981172404884,2.496776796240612
0.24230500000000002,50.0,0.12162975403193471,2.431515651456552
0.24279950000000003,50.0,0.12180987672756174,2.358511616255862
0.243294,50.0,0.12200035184016216,2.278681051302088
0.24378850000000002,50.0,0.1222008150985537,2.1936866450542114
0.24428300000000003,50.0,0.12241010730301698,2.105915332722419
0.2447775,50.0,0.12262726146069544,2.0183529072102053
0.24527200000000002,50.0,0.12285200376260545,1.9334932417898625
0.24576650000000003,50.0,0.12308384952510866,1.8529294796499094
0.246261,50.0,0.12332275997033273,1.7778527985537422
0.24675550000000002,50.0,0.12356929285697477,1.7085938484965058
0.24725000000000003,50.0,0.12382291069770762,1.6454589404762112
0.2477445,50.0,0.12408309986373904,1.588319880239351
0.24823900000000002,50.0,0.12435093774596262,1.536948822450588
0.24873350000000002,50.0,0.12462701016724562,1.4920345647603257
0.24922800000000003,50.0,0.12491033711367605,1.4548602936459225
0.24972250000000001,50.0,0.12520013093959004,1.4263294223684384
0.250217,50.0,0.1254961045176983,1.4068435940129096
0.25071150000000003,50.0,0.12579755202779885,1.3957667158735938
0.25120600000000004,50.0,0.12610350803090872,1.3924320234212986
0.2517005,50.0,0.12641273379029838,1.3954492852301899
0.252195,50.0,0.12672373055126532,1.4023607150396618
0.2526895,50.0,0.12703565948848364,1.4111084721111595
0.253184,50.0,0.1273484906342688,1.420487552710587
0.25367850000000003,50.0,0.12766245428484832,1.4303739087625433
0.25417300000000004,50.0,0.12797768496249512,1.440464959826457
0.25466750000000005,50.0,0.12829392390644173,1.450926216624774
0.255162,50.0,0.12861063727935607,1.4614598970159096
0.2556565,50.0,0.12892706713651633,1.4714304682044268
0.256151,50.0,0.129242634232315,1.4807598796910162
0.2566455,50.0,0.1295572266882509,1.4883347753307266
0.25714000000000004,50.0,0.12986982493475183,1.4923777936520348
0.25763450000000004,50.0,0.1301787491284749,1.4923438952365242
0.258129,50.0,0.13048404036244007,1.4890696212731123
0.2586235,50.0,0.13078661070459863,1.4838190288198179
0.259118,50.0,0.13108613881644376,1.4777826135566918
0.2596125,50.0,0.13138244539540483,1.4722312874007861
0.26010700000000003,50.0,0.1316762013656122,1.469099363671772
0.26060150000000004,50.0,0.13196772363309628,1.4696978701503935
0.261096,50.0,0.13225752330311794,1.4739840593184375
0.2615905,50.0,0.1325462045446747,1.4816175625498658
0.262085,50.0,0.1328334239740612,1.492762484059404
0.2625795,50.0,0.13311845421341859,1.5079089471001055
0.26307400000000003,50.0,0.1334006475477714,1.5276890659978666
0.26356850000000004,50.0,0.1336794725574742,1.5526633794603044
0.26406300000000005,50.0,0.13395488532485417,1.5836911263250852
0.2645575,50.0,0.13422727422799122,1.6220847515407937
0.265052,50.0,0.1344968294735844,1.6680590467178185
0.2655465,50.0,0.13476339674854734,1.7207896786792596
0.266041,50.0,0.13502747872578025,1.7786164165834195
0.26653550000000004,50.0,0.13529039367004317,1.8399682056449491
0.26703000000000005,50.0,0.1355528615597207,1.9033931370756223
0.2675245,50.0,0.1358144668248171,1.9674473172942673
0.268019,50.0,0.1360751541485092,2.0309534955283013
0.2685135,50.0,0.1363358985499814,2.0929516721856882
0.269008,50.0,0.13659700445194967,2.1533077165706733
0.26950250000000003,50.0,0.1368582475391167,2.211667463226518
0.26999700000000004,50.0,0.1371200550397645,2.266624889515374
0.2704915,50.0,0.13738229905693347,2.3162275458534847
0.270986,50.0,0.1376448392184822,2.3587917773145066
0.2714805,50.0,0.13790891334461308,2.393028168997982
0.271975,50.0,0.13817572368525924,2.4175806225048366
0.27246950000000003,50.0,0.13844607431843284,2.4312851824785637
0.27296400000000004,50.0,0.1387208788901649,2.434367489707122
0.27345850000000005,50.0,0.1390004489087639,2.427807492661886
0.273953,50.0,0.13928496174247312,2.412463145569799
0.2744475,50.0,0.13957506639567713,2.3891819178922313
0.274942,50.0,0.13987078417978657,2.3585624892404065
0.27543650000000003,50.0,0.14017109156933993,2.320581945469237
0.27593100000000004,50.0,0.14047531251237302,2.2755191460461046
0.27642550000000005,50.0,0.14078381540056523,2.22407870643159
0.27692,50.0,0.14109702872841878,2.1663774014871446
0.2774145,50.0,0.14141468796863196,2.1034943083098985
0.277909,50.0,0.14173660869378224,2.0374334099615834
0.2784035,50.0,0.14206331006549855,1.9703968959529312
0.27889800000000003,50.0,0.1423951134647246,1.9042024862016105
0.27939250000000004,50.0,0.14273207232987614,1.8402176415162397
0.279887,50.0,0.14307481424756643,1.7797948468398224
0.2803815,50.0,0.14342346423918328,1.7237315484121445
0.280876,50.0,0.14377686376811705,1.6718943324636084
0.2813705,50.0,0.14413419728938895,1.624024767972366
0.28186500000000003,50.0,0.14449524475550224,1.5799702491636158
0.28235950000000004,50.0,0.14485954803694043,1.5405907573087922
0.28285400000000005,50.0,0.1452269922411947,1.5068830864943532
0.2833485,50.0,0.14559735206904983,1.4788806795966702
0.283843,50.0,0.1459700534880973,1.4570736807979094
0.2843375,50.0,0.1463456928271902,1.4418095089865717
0.28483200000000003,50.0,0.1467251487459819,1.4327752020538984
0.28532650000000004,50.0,0.14710778722103007,1.4286897766115834
0.28582100000000005,50.0,0.1474926060107191,1.4278843525781222
0.2863155,50.0,0.14787923244611226,1.429093510497542
0.28681,50.0,0.14826718534463354,1.4311643223627473
0.2873045,50.0,0.14865558818728206,1.433610174689586
0.287799,50.0,0.14904349832051128,1.4362368299359942
0.28829350000000004,50.0,0.14943004809642996,1.438500317038675
0.28878800000000004,50.0,0.1498141475134986,1.4404992932309055
0.2892825,50.0,0.1501945067384853,1.4423583334346213
0.289777,50.0,0.15057071390619198,1.443243739395533
0.2902715,50.0,0.15094303266589087,1.4419890002942486
0.290766,50.0,0.15131097504498425,1.4378542228664533
0.29126050000000003,50.0,0.1516739120143394,1.4308508730928962
0.29175500000000004,50.0,0.1520317055333722,1.4208447275548457
0.29224950000000005,50.0,0.15238404637505498,1.4079371591459293
0.292744,50.0,0.1527307061103073,1.3933112977620408
0.2932385,50.0,0.15307121504992774,1.378504253268234
0.293733,50.0,0.15340419606907466,1.3646923911234659
0.29422750000000003,50.0,0.15372880936696812,1.3526035535705625
0.29472200000000004,50.0,0.15404543413055796,1.3427167044290749
0.29521650000000005,50.0,0.15435398736354475,1.3352967482848843
0.295711,50.0,0.15465390413981997,1.3308582158512705
0.2962055,50.0,0.15494548061976843,1.329842310981006
0.2967,50.0,0.15522901229906036,1.332321279041981
0.29719450000000003,50.0,0.15550437034232995,1.3394698807380632
0.29768900000000004,50.0,0.1557721590963121,1.3526168899285058
0.29818350000000005,50.0,0.15603314292302317,1.3726277858653386
0.298678,50.0,0.15628738362400144,1.4000335006407119
0.2991725,50.0,0.1565343294496077,1.4344721737981905
0.299667,50.0,0.15677340615332575,1.4756854494341287
0.3001615,50.0,0.15700478647222518,1.522782379934686
0.30065600000000003,50.0,0.1572284622068635,1.574589060303528
0.30115050000000004,50.0,0.1574438555376381,1.6298574233843826
0.301645,50.0,0.15765091970432066,1.6873823715131446
0.3021395,50.0,0.15785007355205755,1.7471880524048495
0.302634,50.0,0.15804219921198262,1.8090131302161871
0.3031285,50.0,0.15822849698016822,1.8717688023370687
0.30362300000000003,50.0,0.15840929979059656,1.9344843872153281
0.30411750000000004,50.0,0.15858457767189152,1.9963780357628138
0.30461200000000005,50.0,0.1587550684688148,2.056034349115075
0.3051065,50.0,0.158921287390356,2.1113703918213305
0.305601,50.0,0.15908310040720497,2.1609459700302405
0.3060955,50.0,0.1592410735521764,2.204050792041282
0.30659000000000003,50.0,0.15939589481773342,2.239913299434029
0.30708450000000004,50.0,0.15954722833216123,2.2683783438518854
0.30757900000000005,50.0,0.15969523058229354,2.289704518846535
0.3080735,50.0,0.15984115568081286,2.3038937112215803
0.308568,50.0,0.15998602985944738,2.3115430430280135
0.3090625,50.0,0.1601304362096879,2.3128394178495957
0.309557,50.0,0.16027488000114096,2.3072097982792523
0.31005150000000004,50.0,0.16042015492424977,2.29442027259579
0.31054600000000004,50.0,0.16056735778558007,2.275036814311808
0.3110405,50.0,0.16071696202517577,2.2496973461266845
0.311535,50.0,0.16086872377159117,2.219320076203052
0.3120295,50.0,0.16102232743717854,2.1848489622982727
0.312524,50.0,0.16117763595108284,2.1477358391307035
0.31301850000000003,50.0,0.16133495346544124,2.1096448927555165
0.31351300000000004,50.0,0.16149455045883243,2.0714237022194566
0.31400750000000005,50.0,0.16165622292126408,2.033663948274916
0.314502,50.0,0.16182022160030451,1.9964756998350737
0.3149965,50.0,0.16198700457130805,1.9600955064250822
0.315491,50.0,0.16215629065191092,1.9250737391482167
0.31598550000000003,50.0,0.1623284232131794,1.891578797266216
0.31648000000000004,50.0,0.16250445127927954,1.8599344770966073
0.31697450000000005,50.0,0.16268410521373378,1.831300571302757
0.317469,50.0,0.16286656437737207,1.8063749266095646
0.3179635,50.0,0.1630519182321154,1.785147864464225
0.318458,50.0,0.16324018408921034,1.7674707065689126
0.3189525,50.0,0.16343075162449763,1.7529932680307023
0.31944700000000004,50.0,0.16362289163129798,1.740705884361679
0.31994150000000005,50.0,0.16381596800211234,1.7297024826121812
0.320436,50.0,0.1640098533574249,1.7193543906003137
0.3209305,50.0,0.16420490182083888,1.7087497808935588
0.321425,50.0,0.1644012393212504,1.6976993427995581
0.3219195,50.0,0.16459862495162605,1.6865507894934764
0.32241400000000003,50.0,0.16479672051044156,1.6752174379112559
0.32290850000000004,50.0,0.16499508760145146,1.6629627889752565
0.32340300000000005,50.0,0.1651930913464656,1.6496011699630697
0.3238975,50.0,0.16538995360628314,1.6346602533804713
0.324392,50.0,0.16558496951591098,1.6173821072161656
0.3248865,50.0,0.16577740455572695,1.5969613273546828
0.32538100000000003,50.0,0.16596586668161645,1.5729911499161473
0.32587550000000004,50.0,0.16614915390779947,1.5460133462777126
0.32637000000000005,50.0,0.16632746596335365,1.5166512519308506
0.3268645,50.0,0.16650058649142604,1.4856192472685068
0.327359,50.0,0.16666723103561415,1.4537340291570189
0.3278535,50.0,0.16682715158960526,1.4217540463858434
0.32834800000000003,50.0,0.16698064118085443,1.3906012665135812
0.32884250000000004,50.0,0.16712741007946877,1.360823199685819
0.32933700000000005,50.0,0.16726717870089422,1.3321333561374793
0.3298315,50.0,0.16739931596302535,1.3052788323489954
0.330326,50.0,0.16752284187982033,1.2810665561525616
0.3308205,50.0,0.16763726803494666,1.2601412502193312
0.331315,50.0,0.16774232504764428,1.2437802201501336
0.33180950000000003,50.0,0.16783764124100461,1.2329019709448172
0.33230400000000004,50.0,0.16792317048847744,1.2284478020300522
0.33279850000000005,50.0,0.16799909488234654,1.2311373401567356
0.333293,50.0,0.16806526794007126,1.2411203105460953
0.3337875,50.0,0.1681216261488682,1.25785954998016
0.334282,50.0,0.16816875772712347,1.2808976643293561
0.33477650000000003,50.0,0.1682072714563794,1.3101732214840869
0.33527100000000004,50.0,0.16823696504922933,1.345191840373643
0.33576550000000005,50.0,0.1682572842168143,1.3851934040018474
0.33626,50.0,0.168268632038371,1.4300900377779266
0.3367545,50.0,0.16827166080411327,1.4798360966732718
0.337249,50.0,0.16826577040418314,1.5339424899567695
0.33774350000000003,50.0,0.1682504220746436,1.5912892778554808
0.33823800000000004,50.0,0.16822589631613916,1.650398177450532
0.33873250000000005,50.0,0.1681922568264924,1.71028656054141
0.339227,50.0,0.16814996340584865,1.7695301793209848
0.3397215,50.0,0.16810001422745324,1.826927183651071
0.340216,50.0,0.1680428547038966,1.8814543117903286
0.3407105,50.0,0.16797895093971132,1.9325683825131086
0.34120500000000004,50.0,0.16790910618082755,1.9800478872522886
0.34169950000000004,50.0,0.1678335846588163,2.023803227438394
0.34219400000000005,50.0,0.1677527798909661,2.0634846668084568
0.3426885,50.0,0.16766754133377237,2.0985205799996125
0.343183,50.0,0.1675779380926225,2.1288505371668762
0.3436775,50.0,0.16748376056520436,2.153804516944138
0.34417200000000003,50.0,0.1673857306866161,2.17303037024827
0.34466650000000004,50.0,0.16728496797066975,2.1866422898557083
0.34516100000000005,50.0,0.16718206754393453,2.1947877892577945
0.3456555,50.0,0.16707721373052506,2.198460133915092
0.34615,50.0,0.16697121113992497,2.1987198307543934
0.3466445,50.0,0.16686548526176306,2.1961174069789977
0.34713900000000003,50.0,0.16676086368805604,2.1915480783204133
0.34763350000000004,50.0,0.16665781508699343,2.1857190255620482
0.34812800000000005,50.0,0.16655699415300237,2.1791716227593936
0.3486225,50.0,0.16645846390795455,2.1717042417021295
0.349117,50.0,0.16636197666501612,2.163254637874486
0.3496115,50.0,0.16626788002158055,2.1546293967603103
0.35010600000000003,50.0,0.1661764843848132,2.14611059585319
0.35060050000000004,50.0,0.16608782881734763,2.1382906458226825
0.35109500000000005,50.0,0.16600237044381208,2.131724070895624
0.35158950000000005,50.0,0.16592033992953845,2.126823531171753
0.352084,50.0,0.16584183893127433,2.1237891974089207
0.3525785,50.0,0.16576792042092733,2.1225752631911425
0.353073,50.0,0.16569909315423395,2.1225256875502096
0.35356750000000003,50.0,0.1656346292083332,2.12269393687886
0.35406200000000004,50.0,0.16557452226135816,2.1224998648225024
0.35455650000000005,50.0,0.16551934927985673,2.121745623497598
0.355051,50.0,0.16546901422919752,2.1198318229128374
0.3555455,50.0,0.16542297277721502,2.1163274436437787
0.35604,50.0,0.16538068516958065,2.111260533404646
0.35653450000000003,50.0,0.1653418766436278,2.10436485780205
0.35702900000000004,50.0,0.16530626719706804,2.095327181916662
0.35752350000000005,50.0,0.16527350581684197,2.083461815520575
0.358018,50.0,0.1652437570396378,2.067913953609167
0.3585125,50.0,0.16521713523443177,2.0481872391432656
0.359007,50.0,0.1651931386909253,2.0242033658491763
0.35950150000000003,50.0,0.16517141993754714,1.9953658434159907
0.35999600000000004,50.0,0.16515176237271048,1.9617436500892123
0.36049050000000005,50.0,0.16513362998716877,1.924265786500613
0.36098500000000006,50.0,0.1651164693438589,1.883571355035312
0.3614795,50.0,0.165099336940201,1.8401298565954995
0.361974,50.0,0.16508087777251615,1.7942119420233327
0.3624685,50.0,0.16506069102093818,1.7465796246188436
0.36296300000000004,50.0,0.16503884107738281,1.6977406213179724
0.36345750000000004,50.0,0.16501419601549216,1.6480173165765648
0.36395200000000005,50.0,0.1649857072373281,1.598087249936218
0.3644465,50.0,0.16495344932911882,1.548716717002545
0.364941,50.0,0.16491724359102905,1.5009920404856059
0.3654355,50.0,0.16487670173325447,1.4564748266415242
0.36593000000000003,50.0,0.1648317833855541,1.4162776777494184
0.36642450000000004,50.0,0.16478217100574527,1.3810168965296068
0.36691900000000005,50.0,0.1647272066429808,1.3515745783014774
0.3674135,50.0,0.16466616801415526,1.328487640385943
0.367908,50.0,0.164598499469292,1.3118656762508722
0.3684025,50.0,0.16452396698448457,1.3014602675717875
0.36889700000000003,50.0,0.16444215715636634,1.2973912304647257
0.36939150000000004,50.0,0.16435255401175367,1.2999711941994008
0.36988600000000005,50.0,0.16425515922310346,1.3091788499173915
0.37038050000000006,50.0,0.16415025089074095,1.3249943685919388
0.370875,50.0,0.1640382342027803,1.3472896499368918
0.3713695,50.0,0.1639193891150155,1.375706189927477
0.37186400000000003,50.0,0.16379322851900094,1.4096868265794082
0.37235850000000004,50.0,0.16365957127895198,1.4481523170734176
0.37285300000000005,50.0,0.16351914532606213,1.4897275985302216
0.37334750000000005,50.0,0.16337187621225377,1.5334219683474177
0.373842,50.0,0.16321715592074182,1.5784256700303483
0.3743365,50.0,0.16305518037127256,1.6238272570852696
0.374831,50.0,0.16288595689518293,1.6687906993527835
0.37532550000000003,50.0,0.16270911146449593,1.7129275230975716
0.37582000000000004,50.0,0.16252504560360925,1.7558906796869247
0.37631450000000005,50.0,0.1623345484420897,1.7970139340577984
0.376809,50.0,0.1621379812859281,1.8357438267232118
0.3773035,50.0,0.1619356777505169,1.8714861745009121
0.377798,50.0,0.16172824030076338,1.903344772778098
0.37829250000000003,50.0,0.16151635578710427,1.9313785767427474
0.37878700000000004,50.0,0.16130071979982855,1.9557196629026614
0.37928150000000005,50.0,0.16108154039014067,1.9760322255473028
0.379776,50.0,0.16085871168883098,1.9929599176378228
0.3802705,50.0,0.16063263390553995,2.0073643721056684
0.380765,50.0,0.16040402136292128,2.019950158862965
0.38125950000000003,50.0,0.160173626462522,2.0309621187754874
0.38175400000000004,50.0,0.15994184340851064,2.0406999187525914
0.38224850000000005,50.0,0.1597088578069467,2.0496756760764883
0.38274300000000006,50.0,0.15947573047351496,2.0581393535198123
0.3832375,50.0,0.15924347720177012,2.0662885915594935
0.383732,50.0,0.15901244159160074,2.074636184558206
0.3842265,50.0,0.15878370066264968,2.0837177476893114
0.38472100000000004,50.0,0.1585583298830326,2.094251388733655
0.38521550000000004,50.0,0.158336269579903,2.106785733250752
0.38571000000000005,50.0,0.15811771810020142,2.121447614807159
0.3862045,50.0,0.1579034445251742,2.1380790676555086
0.386699,50.0,0.15769365799510535,2.1566462325208926
0.3871935,50.0,0.15748827315014438,2.176740426354928
0.38768800000000003,50.0,0.15728746126181803,2.197326855658819
0.38818250000000004,50.0,0.1570915519607255,2.217923873605612
0.38867700000000005,50.0,0.15690128506204973,2.23816622377791
0.3891715,50.0,0.15671750312016747,2.257786532217465
0.389666,50.0,0.1565403557743051,2.2764474133122334
0.3901605,50.0,0.15636980036976475,2.293554681383838
0.39065500000000003,50.0,0.15620619685973453,2.308501050826067
0.39114950000000004,50.0,0.1560498777808779,2.3207491437179013
0.39164400000000005,50.0,0.15590078019008036,2.3297508077383893
0.39213850000000006,50.0,0.15575854124515437,2.3342096103891583
0.392633,50.0,0.155622972645269,2.3331870360224003
0.3931275,50.0,0.15549391162123483,2.3265800555397385
0.393622,50.0,0.1553706919629749,2.3139733334898995
0.39411650000000004,50.0,0.15525307098404426,2.2953139685564357
0.39461100000000005,50.0,0.15514151481460242,2.270740528383478
0.39510550000000005,50.0,0.1550356483903376,2.240690095952648
0.3956,50.0,0.15493480423186015,2.2057478804708865
0.3960945,50.0,0.1548393230264338,2.1657636074770226
0.396589,50.0,0.15474926961855015,2.1212566425744517
0.39708350000000003,50.0,0.15466402669623275,2.072606865650168
0.39757800000000004,50.0,0.15458307093664736,2.0200918879960783
0.39807250000000005,50.0,0.1545054843721692,1.9647379038312056
0.398567,50.0,0.15443036232269458,1.9073959023619278
0.3990615,50.0,0.15435750420440672,1.8490053951078604
0.399556,50.0,0.1542864069450711,1.791029471538116
0.40005050000000003,50.0,0.15421614795525432,1.7348677174208988
0.40054500000000004,50.0,0.15414628451359946,1.6814127068503948
0.40103950000000005,50.0,0.15407653893703654,1.6313617460860566
0.40153400000000006,50.0,0.15400640662690243,1.5855016614358808
0.4020285,50.0,0.1539355381634242,1.54438597909919
0.402523,50.0,0.15386385108207798,1.5085045429994188
0.40301750000000003,50.0,0.1537910879661201,1.478401486476536
0.40351200000000004,50.0,0.15371646040307338,1.4542837157042767
0.40400650000000005,50.0,0.15363937559134633,1.4368658245893118
0.40450100000000005,50.0,0.15355987836287988,1.4266680094436395
0.4049955,50.0,0.15347748575459527,1.4235104745641158
0.40549,50.0,0.15339104963486508,1.4270801387290917
0.4059845,50.0,0.15330010079790374,1.4369782926292258
0.40647900000000003,50.0,0.15320472231687307,1.4525749672009614
0.40697350000000004,50.0,0.1531047399683243,1.4728895982360755
0.40746800000000005,50.0,0.1530002730200165,1.4970540109888881
0.4079625,50.0,0.1528914716902798,1.5242045706365046
0.408457,50.0,0.1527778962592714,1.553777919180974
0.4089515,50.0,0.15265967577326472,1.5851597775022015
0.40944600000000003,50.0,0.15253717803621863,1.617690316366033
0.40994050000000004,50.0,0.15240993130435945,1.6507348854364967
0.41043500000000005,50.0,0.15227783199098935,1.683356692370366
0.41092950000000006,50.0,0.15214106954644982,1.7148632598971039
0.411424,50.0,0.15199914551479715,1.7445862899160578
0.4119185,50.0,0.15185184889346118,1.7715406401495888
0.41241300000000003,50.0,0.15169962433501802,1.7952909821155965
0.41290750000000004,50.0,0.15154282667029728,1.8161232062749029
0.41340200000000005,50.0,0.15138143161345782,1.833865379128505
0.41389650000000006,50.0,0.1512155689071956,1.8488829359253702
0.414391,50.0,0.15104612953977714,1.8615404058877913
0.4148855,50.0,0.1508740069251237,1.8723723633189568
0.41538,50.0,0.15069941765833686,1.8819336553625234
0.41587450000000004,50.0,0.15052250843468593,1.8902902134891375
0.41636900000000004,50.0,0.1503436019585493,1.8976997246043812
0.41686350000000005,50.0,0.15016283444948972,1.9045741799393225
0.417358,50.0,0.14998054477639897,1.9115748157454402
0.4178525,50.0,0.14979741355202297,1.919316901282068
0.418347,50.0,0.14961367469830142,1.9284108345602577
0.41884150000000003,50.0,0.14942969973962514,1.9395150260449627
0.41933600000000004,50.0,0.14924649556585087,1.9532304450929803
0.41983050000000005,50.0,0.1490645933183011,1.9698893362074117
0.42032500000000006,50.0,0.1488845505337174,1.9895783831296787
0.4208195,50.0,0.14870757292417172,2.0119554816458347
0.421314,50.0,0.1485340935342036,2.0367874345742085
0.42180850000000003,50.0,0.14836412249713843,2.063707881067235
0.42230300000000004,50.0,0.14819859663215512,2.0923048211971103
0.42279750000000005,50.0,0.14803831419319974,2.12228942622267
0.42329200000000006,50.0,0.14788322213277724,2.153091457131666
0.4237865,50.0,0.14773331831094422,2.1842990013333323
0.424281,50.0,0.14758887873090354,2.2155764334329002
0.42477550000000003,50.0,0.14745034433129536,2.2459127193256716
0.42527000000000004,50.0,0.14731820519222164,2.2741113336133294
0.42576450000000005,50.0,0.1471928718634815,2.2997123363248893
0.42625900000000005,50.0,0.14707484836440723,2.3215619810770614
0.4267535,50.0,0.14696438625188762,2.3387296759402854
0.427248,50.0,0.14686158487159343,2.350607048664317
0.4277425,50.0,0.14676685537148065,2.3567632863002146
0.42823700000000003,50.0,0.14668025108619862,2.3570543097137477
0.42873150000000004,50.0,0.1466014641020924,2.3512881717884753
0.42922600000000005,50.0,0.14653047436508487,2.339383261914042
0.42972050000000006,50.0,0.14646692961754146,2.321182034912624
0.430215,50.0,0.14641034529730826,2.296661501286944
0.4307095,50.0,0.14636099858480822,2.2660344763605185
0.43120400000000003,50.0,0.14631881042786085,2.229473476925954
0.43169850000000004,50.0,0.14628286158945106,2.187186790664542
0.43219300000000005,50.0,0.14625305448071269,2.14007396580405
0.43268750000000006,50.0,0.1462299121187849,2.089067506021964
0.433182,50.0,0.14621317941671175,2.03532510204037
0.4336765,50.0,0.14620247332186564,1.9798712264731069
0.43417100000000003,50.0,0.14619759816887407,1.9237522826317748
0.43466550000000004,50.0,0.1461978823933582,1.867941947647672
0.43516000000000005,50.0,0.14620263593040797,1.8133927497026432
0.43565450000000006,50.0,0.14621138469779701,1.760973452670645
0.436149,50.0,0.1462235151662177,1.711059639717963
0.4366435,50.0,0.14623843469016282,1.6646885635847817
0.437138,50.0,0.14625557207297513,1.6227397694273533
0.43763250000000004,50.0,0.1462744699210312,1.585960121724784
0.43812700000000004,50.0,0.14629495999004385,1.5548426270974331
0.43862150000000005,50.0,0.1463167384033744,1.5300493880231243
0.43911600000000006,50.0,0.14633947059631577,1.512036817312681
0.4396105,50.0,0.14636271601442363,1.5004075570983082
0.440105,50.0,0.14638564436053084,1.4950983523811232
0.44059950000000003,50.0,0.14640808999554522,1.4956031102743645
0.44109400000000004,50.0,0.1464300735939494,1.5013217458175812
0.44158850000000005,50.0,0.14645050051223055,1.5118229017746192
0.44208300000000006,50.0,0.1464685062862455,1.5264033190632318
0.4425775,50.0,0.14648398141184646,1.5444992901269083
0.443072,50.0,0.14649639242536105,1.5654772659008944
0.44356650000000003,50.0,0.1465052788084718,1.5885999867722636
0.44406100000000004,50.0,0.1465108302560836,1.61344805482896
0.44455550000000005,50.0,0.14651297072076738,1.638765666724153
0.44505000000000006,50.0,0.14651131624358904,1.6636509092084726
0.4455445,50.0,0.14650596692784676,1.6875255724413225
0.446039,50.0,0.1464970289583916,1.7095334060042504
0.4465335,50.0,0.14648428691265983,1.72935456782401
0.44702800000000004,50.0,0.14646760930840197,1.7465887579827502
0.44752250000000005,50.0,0.14644667511408152,1.7612196784215248
0.44801700000000005,50.0,0.1464212442156094,1.7734086341434465
0.44851150000000006,50.0,0.14639152612548834,1.783301968344596
0.449006,50.0,0.1463576888238617,1.7911265819121946
0.4495005,50.0,0.14631972195680748,1.7970006545681463
0.44999500000000003,50.0,0.1462774813724966,1.8011553920534453
0.45048950000000004,50.0,0.14623118701682353,1.8041599024392385
0.45098400000000005,50.0,0.14618168918462665,1.8063275241687524
0.45147850000000006,50.0,0.14612935116356449,1.8082514937569243
0.451973,50.0,0.1460742543943365,1.81082029763061
0.4524675,50.0,0.14601713672009337,1.8147480708293966
0.45296200000000003,50.0,0.14595830335648538,1.820730267850052
0.45345650000000004,50.0,0.14589753404665098,1.8293092719866906
0.45395100000000005,50.0,0.14583537969034688,1.840891819872163
0.45444550000000006,50.0,0.1457723692903949,1.8554310505980876
0.45494,50.0,0.14570839879318825,1.8732595577851152
0.4554345,50.0,0.1456438628021232,1.8942499934662937
0.45592900000000003,50.0,0.1455794952803588,1.9180049287358296
0.45642350000000004,50.0,0.14551591099672154,1.9444455702834704
0.45691800000000005,50.0,0.1454539741426891,1.9736885445385204
0.45741250000000006,50.0,0.14539430740549336,2.005298578971436
0.45790700000000006,50.0,0.14533713837724482,2.0385166833303594
0.4584015,50.0,0.14528307007541885,2.0729838676716534
0.458896,50.0,0.1452329810682436,2.1080224875909157
0.45939050000000003,50.0,0.1451873029820727,2.142513848239958
0.45988500000000004,50.0,0.1451461111746332,2.17552087150916
0.46037950000000005,50.0,0.1451096082346515,2.20603741945037
0.46087400000000006,50.0,0.14507817114417096,2.2331555137658934
0.4613685,50.0,0.14505205818563677,2.2563707011910585
0.461863,50.0,0.1450313705229344,2.274924525225803
0.46235750000000003,50.0,0.14501664985263435,2.288482297375429
0.46285200000000004,50.0,0.14500848647749445,2.2964852288988493
0.46334650000000005,50.0,0.14500676992299713,2.29863371099148
0.46384100000000006,50.0,0.14501177949164043,2.294889590092121
0.4643355,50.0,0.1450242574721676,2.284621549589612
0.46483,50.0,0.1450440362010883,2.2678423689945064
0.46532450000000003,50.0,0.14507072188036976,2.244728666879664
0.46581900000000004,50.0,0.14510430531467827,2.215427145923287
0.46631350000000005,50.0,0.14514445333694392,2.1805564160859516
0.46680800000000006,50.0,0.14519107258041808,2.1408385382835533
0.4673025,50.0,0.1452443267677854,2.096993734169254
0.467797,50.0,0.14530367568991526,2.05006854251197
0.4682915,50.0,0.14536868189569863,2.001004470653382
0.46878600000000004,50.0,0.145439523909119,1.9504316628163771
0.46928050000000004,50.0,0.1455160966386833,1.8991273000647264
0.46977500000000005,50.0,0.14559810481430227,1.8481304574949553
0.47026950000000006,50.0,0.14568544793442598,1.7983765596352779
0.470764,50.0,0.14577796236202772,1.7504800158369207
0.4712585,50.0,0.1458751910491694,1.7053558490764114
0.47175300000000003,50.0,0.1459764932424616,1.6640887470499497
0.47224750000000004,50.0,0.14608152345289405,1.6273525922322551
0.47274200000000005,50.0,0.1461899578384937,1.5956587141631748
0.47323650000000006,50.0,0.14630085450146957,1.5694534538614127
0.473731,50.0,0.14641337240278968,1.5487793719136909
0.4742255,50.0,0.1465274388946048,1.5336090023231157
0.47472000000000003,50.0,0.14664289406796754,1.5238088426592926
0.47521450000000004,50.0,0.14675912507948433,1.519240672693616
0.47570900000000005,50.0,0.1468757671883697,1.5194255283722777
0.47620350000000006,50.0,0.14699237573499963,1.52385095904767
0.476698,50.0,0.14710831013597614,1.5326031558822226
0.4771925,50.0,0.14722349477914431,1.5449218594532277
0.47768700000000003,50.0,0.14733746544843224,1.5599282256214715
0.47818150000000004,50.0,0.14744921313912174,1.5772466415407467
0.47867600000000005,50.0,0.1475584505723986,1.5958896524029067
0.47917050000000005,50.0,0.14766476857507635,1.614976001048648
0.47966500000000006,50.0,0.14776730250423656,1.63379751166221
0.4801595,50.0,0.14786581647889432,1.6515510356041025
0.480654,50.0,0.14796030962453155,1.667797921717006
0.48114850000000003,50.0,0.1480504146492366,1.682364609793994
0.48164300000000004,50.0,0.14813582660312583,1.694981604284539
0.48213750000000005,50.0,0.14821667540465644,1.7054066207438399
0.48263200000000006,50.0,0.1482932908771984,1.7137918833852033
0.4831265,50.0,0.14836554498340887,1.7201522034235166
0.483621,50.0,0.1484329065832064,1.7245024982508115
0.48411550000000003,50.0,0.148495244508679,1.7269802191218373
0.48461000000000004,50.0,0.14855266503826775,1.7277861351002697
0.48510450000000005,50.0,0.1486050289071649,1.7276172314985907
0.48559900000000006,50.0,0.14865238757830057,1.7268830815559806
0.4860935,50.0,0.14869485965470305,1.7263708922169694
0.486588,50.0,0.1487323248309971,1.7267649297555154
0.48708250000000003,50.0,0.1487651503951131,1.7286073612605897
0.48757700000000004,50.0,0.14879388524946574,1.7326375508551988
0.48807150000000005,50.0,0.14881856133646046,1.7393413799922737
0.48856600000000006,50.0,0.1488395747246739,1.748905001485241
0.48906050000000006,50.0,0.14885760206190124,1.7613883253789555
0.489555,50.0,0.14887260760780366,1.7771500435171048
0.4900495,50.0,0.14888476793159403,1.7965118896933103
0.49054400000000004,50.0,0.14889491603912883,1.8191159903642509
0.49103850000000004,50.0,0.14890320267774476,1.8449720001120835
0.49153300000000005,50.0,0.1489094346571046,1.874164569465848
0.49202750000000006,50.0,0.14891407968914167,1.9060338147186462
0.492522,50.0,0.14891781622549516,1.9402290662245172
0.4930165,50.0,0.14892129612535898,1.9759588881772223
0.49351100000000003,50.0,0.14892506726800428,2.0123911063323767
0.49400550000000004,50.0,0.14892958404200077,2.048838487731881
0.49450000000000005,50.0,0.14893552906749713,2.084270300136023
0.49499450000000006,50.0,0.14894345663644856,2.1180345751473952
0.495489,50.0,0.1489538406301259,2.1493860625204024
0.4959835,50.0,0.14896726819177603,2.1775481838494275
0.49647800000000003,50.0,0.14898394279386837,2.2021944282669677
0.49697250000000004,50.0,0.14900408421319747,2.2225308408189104
0.49746700000000005,50.0,0.14902816935298996,2.2378008745318287
0.49796150000000006,50.0,0.1490562659494411,2.247671698192747
0.49845600000000007,50.0,0.14908855569496124,2.251714593891435
0.4989505,50.0,0.1491256761156929,2.249621707416721
0.49944500000000003,50.0,0.14916761573070328,2.24124719567449
0.49993950000000004,50.0,0.14921422813044913,2.226748651734309
0.500434,50.0,0.14926632744247856,2.206352241511763
0.5009285,50.0,0.14932445723563867,2.1808223135750313
0.5014230000000001,50.0,0.14938826340107877,2.1505981204879943
0.5019175,50.0,0.14945764120807536,2.1159769214097666
0.5024120000000001,50.0,0.14953268834811956,2.077797811128123
0.5029065,50.0,0.14961312861970424,2.036836632521112
0.503401,50.0,0.14969879510305398,1.9935800404259165
0.5038955,50.0,0.14978955642444078,1.9486756136170678
0.50439,50.0,0.14988507095504525,1.9031769147043587
0.5048845000000001,50.0,0.14998521145184643,1.8579233975974871
0.505379,50.0,0.1500898695348433,1.8137343949509341
0.5058735000000001,50.0,0.15019889796056815,1.7715651804386348
0.506368,50.0,0.1503122297777783,1.732132278772313
0.5068625,50.0,0.1504295913166478,1.6959678820770285
0.5073570000000001,50.0,0.15055076881987325,1.6637437098605208
0.5078515,50.0,0.15067540887327446,1.6355866648054882
0.5083460000000001,50.0,0.15080297534491002,1.6116977985985224
0.5088405,50.0,0.15093343961657776,1.5921215985162904
0.5093350000000001,50.0,0.1510663079509237,1.576934289187805
0.5098295,50.0,0.1512003476039899,1.5663225703246286
0.510324,50.0,0.15133516277814116,1.5597098808055005
0.5108185000000001,50.0,0.15147072501753894,1.557124537465087
0.511313,50.0,0.15160630975890887,1.5583056978343053
0.5118075000000001,50.0,0.1517413995628241,1.5626563544742293
0.512302,50.0,0.151875857844277,1.5696618420980317
0.5127965,50.0,0.15200910421206476,1.578473492044776
0.513291,50.0,0.15214061663908793,1.5885327054000293
0.5137855,50.0,0.15227020108528613,1.5993191905889481
0.5142800000000001,50.0,0.15239725231437684,1.610184523391011
0.5147745,50.0,0.15252110592575494,1.620542581200843
0.5152690000000001,50.0,0.15264137415950912,1.6301370325953988
0.5157635,50.0,0.15275749212193382,1.6387049448436528
0.516258,50.0,0.1528690193106994,1.6460010624405652
0.5167525000000001,50.0,0.15297575434629848,1.6517011849226009
0.517247,50.0,0.15307735102860637,1.6557123947008052
0.5177415000000001,50.0,0.15317337549546287,1.6579549195378824
0.518236,50.0,0.15326358558527034,1.6585242702544254
0.5187305000000001,50.0,0.1533482154243162,1.657629981121609
0.519225,50.0,0.153427541715647,1.6556656662865246
0.5197195,50.0,0.1535012064843373,1.6530121460102865
0.5202140000000001,50.0,0.15356898281830103,1.6503026211415581
0.5207085,50.0,0.15363122835022697,1.6482159715276659
0.5212030000000001,50.0,0.15368773441075403,1.647132499428537
0.5216975,50.0,0.15373814895266566,1.647584218737552
0.522192,50.0,0.1537828498188028,1.6499800540833875
0.5226865,50.0,0.15382179166973983,1.6549648608828103
0.523181,50.0,0.153854762127741,1.6626050103619618
0.5236755000000001,50.0,0.15388230378971599,1.673184894898242
0.52417,50.0,0.15390476048074406,1.687247683871276
0.5246645000000001,50.0,0.15392227365622085,1.7049465022826213
0.525159,50.0,0.1539353421264999,1.726356349338007
0.5256535,50.0,0.15394421289850482,1.7514189607480866
0.5261480000000001,50.0,0.15394904291587652,1.7799196623339786
0.5266425,50.0,0.15395045783464828,1.8115860771060641
0.5271370000000001,50.0,0.15394899895635955,1.8459611315858095
0.5276315,50.0,0.15394470516457548,1.882300891788672
0.5281260000000001,50.0,0.1539376560172806,1.9199689675451597
0.5286205,50.0,0.15392835929345652,1.9582464107179773
0.529115,50.0,0.15391740716853644,1.996628615644095
0.5296095000000001,50.0,0.1539051748171124,2.034303495916005
0.530104,50.0,0.15389207956285206,2.0706050136196494
0.5305985000000001,50.0,0.15387890929699188,2.1048472263811475
0.531093,50.0,0.153866304775676,2.136358573495116
0.5315875,50.0,0.1538545554094474,2.1644250774537235
0.532082,50.0,0.1538444097074905,2.1884457319654196
0.5325765,50.0,0.15383650677025776,2.20771654324164
0.5330710000000001,50.0,0.1538307722320299,2.2217666963579763
0.5335655,50.0,0.15382757410105394,2.2306672266941643
0.5340600000000001,50.0,0.1538274728154752,2.2339705810932893
0.5345545,50.0,0.15383050673244933,2.2316666839237795
0.535049,50.0,0.15383710387711697,2.224067576961205
0.5355435000000001,50.0,0.15384764992596248,2.211443340918473
0.536038,50.0,0.1538618904058921,2.1939398441419806
0.5365325000000001,50.0,0.1538801595277431,2.1718208959545815
0.537027,50.0,0.1539031265395162,2.145622370944705
0.5375215000000001,50.0,0.15393082430905064,2.115930026794472
0.538016,50.0,0.15396324213876042,2.083222140274498
0.5385105,50.0,0.15400057905364378,2.0482073699352137
0.5390050000000001,50.0,0.15404287543986073,2.0116283582067087
0.5394995,50.0,0.1540899553960476,1.974215991086948
0.5399940000000001,50.0,0.1541416290315106,1.9369195414546208
0.5404885,50.0,0.15419782337471089,1.9001645929159972
0.540983,50.0,0.15425830386276948,1.8646217693737963
0.5414775000000001,50.0,0.15432266714905046,1.8307422521337593
0.541972,50.0,0.15439086359923537,1.799006072509022
0.5424665000000001,50.0,0.15446306380357896,1.7698464407126446
0.542961,50.0,0.1545389475336599,1.7432993999175637
0.5434555000000001,50.0,0.1546181278428282,1.7198166206958
0.54395,50.0,0.15470056614547745,1.6995309199537256
0.5444445,50.0,0.1547858656166344,1.682490653184394
0.5449390000000001,50.0,0.15487368115544572,1.6687906490357747
0.5454335,50.0,0.15496397120336852,1.658158359235932
0.5459280000000001,50.0,0.15505597236687038,1.6502690297188864
0.5464225,50.0,0.155148864105112,1.644977282427155
0.5469170000000001,50.0,0.15524250768258255,1.6416674290342905
0.5474115,50.0,0.15533632971445308,1.6398269653831146
0.547906,50.0,0.1554295192819846,1.6391321486097044
0.5484005000000001,50.0,0.15552186773981855,1.63926245242876
0.548895,50.0,0.1556129964643441,1.639735923519646
0.5493895000000001,50.0,0.15570225526277545,1.6401963669739172
0.549884,50.0,0.1557893872988311,1.6404874682944963
0.5503785,50.0,0.15587415276285663,1.6402213232292857
0.5508730000000001,50.0,0.15595604044112105,1.63919429545596
0.5513675,50.0,0.15603440457466858,1.6370808481164352
0.5518620000000001,50.0,0.15610863362996866,1.6338836017739893
0.5523565,50.0,0.15617848259301387,1.6294371121855742
0.5528510000000001,50.0,0.1562436210865938,1.623840050440712
0.5533455,50.0,0.1563035325908045,1.6176044026534082
0.55384,50.0,0.15635802213168223,1.6107818535149838
0.5543345000000001,50.0,0.15640676066272619,1.603735402818156
0.554829,50.0,0.15644946755259417,1.5970835755145867
0.5553235000000001,50.0,0.15648638420861108,1.5912137604005072
0.555818,50.0,0.1565174781528417,1.5864993148883728
0.5563125000000001,50.0,0.1565424300643291,1.5832871670578066
0.556807,50.0,0.1565614387572529,1.5821317503843748
0.5573015,50.0,0.15657467021810748,1.5833660196520285
0.5577960000000001,50.0,0.1565817894700039,1.5873620449284969
0.5582905,50.0,0.15658289648297666,1.5947131711316775
0.5587850000000001,50.0,0.1565782622457104,1.605326339495332
0.5592795,50.0,0.15656750313696957,1.6198132603635629
0.559774,50.0,0.15655063184517862,1.6382150490420442
0.5602685000000001,50.0,0.15652821378513784,1.6602331625442623
0.560763,50.0,0.1565004539552994,1.6859458562092289
0.5612575000000001,50.0,0.15646758187672508,1.7150091256961535
0.561752,50.0,0.15642991556730793,1.747049662796355
0.5622465000000001,50.0,0.15638772941182516,1.781631879421336
0.562741,50.0,0.15634149889643434,1.818259139751893
0.5632355,50.0,0.1562916011923643,1.8564746552195515
0.5637300000000001,50.0,0.15623840665359964,1.895739011809243
0.5642245,50.0,0.1561823054633464,1.9353638640932296
0.5647190000000001,50.0,0.15612345024349913,1.9747733357713062
0.5652135,50.0,0.15606228887829424,2.0131416102324122
0.5657080000000001,50.0,0.15599940255635258,2.049725280867902
0.5662025,50.0,0.15593498816225024,2.084015016826914
0.566697,50.0,0.15586955632108854,2.115305548329735
0.5671915000000001,50.0,0.1558038342241798,2.142869465017377
0.567686,50.0,0.15573811268901167,2.1665046073902645
0.5681805000000001,50.0,0.15567300730557201,2.186054719862641
0.568675,50.0,0.15560951540357348,2.2010936154263865
0.5691695,50.0,0.155547893815758,2.211514051103874
0.5696640000000001,50.0,0.15548818904845396,2.2173606716945433
0.5701585,50.0,0.1554310463279239,2.2186030735661615
0.5706530000000001,50.0,0.15537686302148954,2.215218235104247
0.5711475,50.0,0.15532572866260283,2.207480168376483
0.5716420000000001,50.0,0.1552780497443293,2.1956308867877348
0.5721365,50.0,0.15523407715733037,2.1799794292482018
0.572631,50.0,0.15519390335269,2.161129811615212
0.5731255000000001,50.0,0.15515790424310216,2.139525499415077
0.57362,50.0,0.15512637102530283,2.115752869979467
0.5741145000000001,50.0,0.15509949991507338,2.0904413251459877
0.574609,50.0,0.1550774672114671,2.064023390722535
0.5751035000000001,50.0,0.15506031613182567,2.037051551149634
0.575598,50.0,0.15504820856693954,2.0098926203513106
0.5760925,50.0,0.15504115272420177,1.9829770368134
0.5765870000000001,50.0,0.1550390116045167,1.9567529180958592
0.5770815,50.0,0.15504180672574525,1.9314333007213982
0.5775760000000001,50.0,0.1550491514806039,1.9074541187748038
0.5780705,50.0,0.15506060576786876,1.8851113614754715
0.578565,50.0,0.15507644903448703,1.8643494912316512
0.5790595000000001,50.0,0.15509663944291208,1.8454899449227193
0.579554,50.0,0.1551205742058306,1.8286510635315223
0.5800485000000001,50.0,0.15514824532697735,1.8133411683513267
0.580543,50.0,0.15517962059524798,1.799556374649557
0.5810375000000001,50.0,0.15521412125679626,1.7872215845368453
0.581532,50.0,0.15525155087589448,1.7758923906968802
0.5820265,50.0,0.15529170091132116,1.7654281765151911
0.5825210000000001,50.0,0.1553338818192087,1.7556109747983377
0.5830155,50.0,0.15537758400291177,1.74616922032745
0.5835100000000001,50.0,0.1554224332647626,1.7368613151887964
0.5840045,50.0,0.1554678741257599,1.7275175610976572
0.5844990000000001,50.0,0.1555133658189828,1.7178927020253165
0.5849935,50.0,0.15555842621144553,1.7076234222631848
0.585488,50.0,0.1556024765479582,1.6966180932285198
0.5859825000000001,50.0,0.1556450578273928,1.6848931270554022
0.586477,50.0,0.15568592834759468,1.6722700570401603
0.5869715000000001,50.0,0.15572481439667532,1.6588853683766174
0.587466,50.0,0.1557612528732904,1.6449598623346375
0.5879605,50.0,0.155794571266168,1.630711868239373
0.5884550000000001,50.0,0.1558244320824452,1.6165434936171372
0.5889495,50.0,0.1558506869018109,1.6025038874410802
0.5894440000000001,50.0,0.15587260222851562,1.5891291551224183
0.5899385,50.0,0.1558897765826771,1.5767627182316322
0.5904330000000001,50.0,0.15590227304019008,1.5656657488987133
0.5909275,50.0,0.1559095032886295,1.5563508140672757
0.591422,50.0,0.15591120792475643,1.5490816860528427
0.5919165000000001,50.0,0.15590770670889442,1.5443930323067798
0.592411,50.0,0.1558987530358324,1.5428307267020325
0.5929055000000001,50.0,0.15588413105632018,1.544479303578048
0.5934,50.0,0.15586401778956918,1.5497400146779694
0.5938945,50.0,0.15583837765329053,1.5588392720094726
0.5943890000000001,50.0,0.15580720705925566,1.571794827077796
0.5948835,50.0,0.1557707079517076,1.5886069402252716
0.5953780000000001,50.0,0.15572876734515878,1.60907523744877
0.5958725,50.0,0.15568116054589257,1.6331032034205681
0.5963670000000001,50.0,0.15562808386622576,1.6603342602330764
0.5968615,50.0,0.15556984473216084,1.6905981138632995
0.597356,50.0,0.1555065925607148,1.7234696760577775
0.5978505000000001,50.0,0.1554384772789657,1.7585112332779687
0.598345,50.0,0.15536585919343762,1.7951698852687525
0.5988395000000001,50.0,0.1552892524227447,1.8329304145097474
0.599334,50.0,0.15520888833388854,1.8712898752242477
0.5998285000000001,50.0,0.15512501741158946,1.9093239472761077
0.600323,50.0,0.1550383040267102,1.9465794238746428
0.6008175,50.0,0.15494900041562165,1.982537358039392
0.6013120000000001,50.0,0.154857106731019,2.016517817702569
0.6018065,50.0,0.1547633317682364,2.048146076992954
0.6023010000000001,50.0,0.15466823329371646,2.076994475079172
0.6027955,50.0,0.1545719019512014,2.1027960310708855
0.60329,50.0,0.15447491841930827,2.1252733821996226
0.6037845000000001,50.0,0.1543777809666565,2.144040638337495
0.604279,50.0,0.15428075559552776,2.159183261824123
0.6047735000000001,50.0,0.15418471491398,2.1703523808469853
0.605268,50.0,0.1540903279291595,2.1778061162866424
0.6057625000000001,50.0,0.15399772862309893,2.1816305566221392
0.606257,50.0,0.15390746080790257,2.181800918691665
0.6067515,50.0,0.15382013078649767,2.1788924240588288
0.6072460000000001,50.0,0.15373594809692104,2.1730239005470517
0.6077405,50.0,0.1536551622023385,2.1646452605965094
0.6082350000000001,50.0,0.153578133914988,2.1541578165750717
0.6087295,50.0,0.15350517281720885,2.1417689772915685
0.6092240000000001,50.0,0.15343643084058892,2.127854833164975
0.6097185,50.0,0.153372098357507,2.1127961426390596
0.610213,50.0,0.1533126974492551,2.0969425003896474
0.6107075000000001,50.0,0.15325851631274928,2.0805899259988125
0.611202,50.0,0.15320939814337822,2.0638835560090034
0.6116965000000001,50.0,0.15316556352649388,2.047347403204013
0.612191,50.0,0.15312739524754876,2.03121272683477
0.6126855,50.0,0.15309478609471677,2.0153875020479943
0.6131800000000001,50.0,0.15306773040538268,2.000157876625016
0.6136745,50.0,0.15304627452250777,1.9854908724878195
0.6141690000000001,50.0,0.15302997458154477,1.971317734622204
0.6146635,50.0,0.15301868805550464,1.9574907207725372
0.6151580000000001,50.0,0.1530125743278406,1.9439126306688213
0.6156525,50.0,0.15301115253030592,1.9304078182105042
0.616147,50.0,0.15301409480386374,1.916950653665588
0.6166415000000001,50.0,0.15302159718920005,1.903350137920064
0.617136,50.0,0.1530332557542805,1.8893839624495106
0.6176305000000001,50.0,0.15304861932766647,1.8750149889580698
0.618125,50.0,0.15306769535879738,1.8599637633301975
0.6186195000000001,50.0,0.15309008479757866,1.8442116503468495
0.619114,50.0,0.1531151509276827,1.8274577250787907
0.6196085,50.0,0.15314236042117468,1.8096080548680116
0.6201030000000001,50.0,0.15317133571019256,1.7906935843406888
0.6205975,50.0,0.15320177954354763,1.7707708032968335
0.6210920000000001,50.0,0.15323298954363207,1.7499203447818141
0.6215865,50.0,0.15326431949637437,1.7283308473222738
0.622081,50.0,0.15329546984000034,1.7061690201984108
0.6225755000000001,50.0,0.15332594362411042,1.6838126972854863
0.62307,50.0,0.15335531841214373,1.6615901925139418
0.6235645000000001,50.0,0.15338337292192625,1.6396917074613995
0.624059,50.0,0.15340956940266154,1.6185089859019839
0.6245535000000001,50.0,0.15343341140403574,1.5984203829610086
0.625048,50.0,0.15345479540888826,1.5799963834970159
0.6255425,50.0,0.15347323047470726,1.563427491616636
0.6260370000000001,50.0,0.15348804661384166,1.5492162773425988
0.6265315,50.0,0.15349920798481398,1.5379379596482723
0.6270260000000001,50.0,0.15350637850278495,1.5297886631436513
0.6275205,50.0,0.1535088576481802,1.5250669947741142
0.6280150000000001,50.0,0.15350673202260479,1.524143854649979
0.6285095,50.0,0.1535001342313199,1.5269835342911167
0.629004,50.0,0.15348865463734734,1.5337454598351552
0.6294985000000001,50.0,0.15347214036782636,1.544454348020656
0.629993,50.0,0.1534506692496692,1.5589312624428506
0.6304875000000001,50.0,0.1534242655750294,1.577162074605657
0.630982,50.0,0.15339298993709546,1.5988151669226156
0.6314765,50.0,0.15335678734914548,1.6238087336452307
0.6319710000000001,50.0,0.153315632242358,1.6517302517455805
0.6324655,50.0,0.1532696008284765,1.6820042516375027
0.6329600000000001,50.0,0.15321868258915428,1.7142270884850657
0.6334545,50.0,0.1531630487298069,1.7480024642328484
0.6339490000000001,50.0,0.1531028827132998,1.7824986875798514
0.6344435,50.0,0.15303820695128342,1.8173785701271485
0.634938,50.0,0.1529694712796937,1.8520067277757952
0.6354325000000001,50.0,0.1528970662961856,1.8858457233040327
0.635927,50.0,0.15282106614601737,1.9186845428412844
0.6364215000000001,50.0,0.15274212296175302,1.9499091471148584
0.636916,50.0,0.15266076940163797,1.9792201039981931
0.6374105000000001,50.0,0.15257687244865714,2.0062181581934935
0.637905,50.0,0.1524907995726473,2.03079067556905
0.6383995,50.0,0.15240333444449133,2.052567084536139
0.6388940000000001,50.0,0.15231471015539946,2.0713519259824476
0.6393885,50.0,0.15222511603799974,2.0873069787794183
0.6398830000000001,50.0,0.15213514450006654,2.1002569918303458
0.6403775,50.0,0.15204521612820832,2.1103588152672956
0.640872,50.0,0.1519557563977551,2.1178993515704416
0.6413665000000001,50.0,0.15186740734033097,2.122936963120421
0.641861,50.0,0.1517806043905871,2.1257506720309847
0.6423555000000001,50.0,0.15169580838087024,2.1266498861420424
0.64285,50.0,0.15161358830876343,2.125818041856124
0.6433445000000001,50.0,0.15153432232753972,2.123525070077257
0.643839,50.0,0.15145841862009365,2.119876763335419
0.6443335,50.0,0.1513862367834045,2.1153065496124515
0.6448280000000001,50.0,0.15131804836641388,2.1100384735798694
0.6453225,50.0,0.1512541630555353,2.1041468104215313
0.6458170000000001,50.0,0.15119464256578863,2.0978069940249804
0.6463115,50.0,0.15113983186388155,2.0913768931165775
0.6468060000000001,50.0,0.15109040636422477,2.084838603730812
0.6473005000000001,50.0,0.15104629258488264,2.078017309812084
0.647795,50.0,0.15100739855518763,2.0711902241231424
0.6482895000000001,50.0,0.150974328516004,2.0639851546409433
0.648784,50.0,0.1509472022941996,2.056420648107802
0.6492785000000001,50.0,0.1509258096257333,2.048479569577954
0.649773,50.0,0.15091035298484445,2.0397564709421743
0.6502675,50.0,0.15090078404481747,2.030286936807837
0.6507620000000001,50.0,0.1508968150580797,2.019881562076523
0.6512565,50.0,0.15089841387258465,2.008358057463932
0.6517510000000001,50.0,0.15090541597375995,1.995558376004501
0.6522455,50.0,0.1509174630834719,1.9812003067467565
0.6527400000000001,50.0,0.15093439425797667,1.9653034373195064
0.6532345,50.0,0.15095599432267384,1.9476069958267037
0.653729,50.0,0.150981872890772,1.9280593421215628
0.6542235000000001,50.0,0.15101187326677007,1.9068101073415396
0.654718,50.0,0.15104584644969726,1.883706553720905
0.6552125000000001,50.0,0.1510833453797898,1.8590936153313748
0.655707,50.0,0.1511238064043025,1.8330768892022817
0.6562015000000001,50.0,0.15116673022282037,1.805903237083105
0.6566960000000001,50.0,0.15121191764861297,1.7778096519347613
0.6571905,50.0,0.1512589067561319,1.7490968648907876
0.6576850000000001,50.0,0.15130681762210135,1.720332376436467
0.6581795,50.0,0.1513553485225225,1.6916419402386393
0.6586740000000001,50.0,0.15140425202665692,1.6634377382576684
0.6591685,50.0,0.1514527596691425,1.6364757691202505
0.659663,50.0,0.15150054013089123,1.6110439580689881
0.6601575000000001,50.0,0.15154743096012038,1.5875525625690061
0.660652,50.0,0.15159277419015052,1.5667067668887176
0.6611465000000001,50.0,0.15163621811894365,1.548727970946291
0.661641,50.0,0.15167760475273875,1.5340005759748099
0.6621355000000001,50.0,0.15171637190032214,1.5229005009764716
0.66263,50.0,0.15175221052750537,1.5156271946525985
0.6631245,50.0,0.1517848774052682,1.512219755548611
0.6636190000000001,50.0,0.1518137296978053,1.51288403654642
0.6641135,50.0,0.15183845399214949,1.5176035891920665
0.6646080000000001,50.0,0.1518590760633734,1.5263544038375965
0.6651025,50.0,0.15187540212194886,1.5390122008027687
0.6655970000000001,50.0,0.1518871199998467,1.5553046052004045
0.6660915000000001,50.0,0.15189408151541067,1.5750682543992878
0.666586,50.0,0.15189641062273448,1.5978697340544068
0.6670805000000001,50.0,0.1518941344382127,1.623247205612302
0.667575,50.0,0.15188702569815501,1.6507698281094083
0.6680695000000001,50.0,0.15187510761823547,1.6799008576931513
0.668564,50.0,0.1518585884920503,1.710176481581501
0.6690585,50.0,0.15183733709010439,1.7411050685573533
0.6695530000000001,50.0,0.15181128705417885,1.7721220618695215
0.6700475,50.0,0.15178083237418796,1.802860133781702
0.6705420000000001,50.0,0.15174602877621668,1.832888715179854
0.6710365,50.0,0.15170680093207767,1.861820486402741
0.6715310000000001,50.0,0.15166362512597667,1.8891967110707937
0.6720255,50.0,0.15161671241428545,1.9147716445781178
0.67252,50.0,0.1515662902061953,1.9384557719265139
0.6730145000000001,50.0,0.15151308354300452,1.9598542032605284
0.673509,50.0,0.1514572570892273,1.9790373691880987
0.6740035000000001,50.0,0.15139887096485943,1.9960266909507054
0.674498,50.0,0.15133861625627312,2.010748507427184
0.6749925000000001,50.0,0.15127693068884604,2.0234577274898418
0.6754870000000001,50.0,0.15121394957580517,2.0342907635270833
0.6759815,50.0,0.151150060053573,2.043381130505536
0.6764760000000001,50.0,0.15108576404176546,2.0509020543611194
0.6769705,50.0,0.1510215157900467,2.057071292590281
0.6774650000000001,50.0,0.15095769202243808,2.062225926663123
0.6779595,50.0,0.15089475345752928,2.0664444436885274
0.678454,50.0,0.15083334475271087,2.069918411378165
0.6789485000000001,50.0,0.15077386979717194,2.073002007125027
0.679443,50.0,0.15071661342383205,2.0758411732680644
0.6799375000000001,50.0,0.15066223348342134,2.078421212476363
0.680432,50.0,0.15061124730835737,2.081012915571319
0.6809265000000001,50.0,0.15056383307834548,2.083558789078514
0.681421,50.0,0.15052037895014217,2.08595047971926
0.6819155,50.0,0.15048118228109134,2.0882221170669846
0.6824100000000001,50.0,0.15044630158635205,2.090073474772985
0.6829045,50.0,0.15041623952169814,2.091457136645557
0.6833990000000001,50.0,0.15039138639788804,2.0921552132321013
0.6838935,50.0,0.150371545514507,2.0919743802724917
0.6843880000000001,50.0,0.15035704640604056,2.0906827035644504
0.6848825000000001,50.0,0.15034840106744715,2.0879782353066094
0.685377,50.0,0.1503454159122527,2.0837897143618673
0.6858715000000001,50.0,0.15034811205488205,2.0777015972041295
0.686366,50.0,0.15035673877668151,2.0695104334335084
0.6868605000000001,50.0,0.15037107740308606,2.0590993619743267
0.687355,50.0,0.15039092962510625,2.0461364270247344
0.6878495,50.0,0.15041622421365242,2.030580206019681
0.6883440000000001,50.0,0.15044682164283324,2.012471829654181
0.6888385,50.0,0.15048250532270274,1.991724251028649
0.6893330000000001,50.0,0.15052284298144666,1.9684577396985723
0.6898275,50.0,0.15056756239308586,1.9427867464413267
0.6903220000000001,50.0,0.15061655873278784,1.9150309346812382
0.6908165000000001,50.0,0.15066947023165322,1.885364500142863
0.691311,50.0,0.15072600978972645,1.854050109487118
0.6918055000000001,50.0,0.1507859207357932,1.8216107992987196
0.6923,50.0,0.15084860212243975,1.788330620880706
0.6927945000000001,50.0,0.15091372483968957,1.7547592608157758
0.693289,50.0,0.15098111245565624,1.7213353989247988
0.6937835000000001,50.0,0.15104998350804943,1.688707749850662
0.6942780000000001,50.0,0.15111975960728594,1.6573028705201718
0.6947725,50.0,0.15119032643978655,1.6276993325945304
0.6952670000000001,50.0,0.15126105188673833,1.6004181240898696
0.6957615,50.0,0.1513312948138653,1.5758309074939705
0.6962560000000001,50.0,0.1514009727218511,1.5544425513069142
0.6967505,50.0,0.15146967766954533,1.5364671663603746
0.697245,50.0,0.15153671117747922,1.522304147776189
0.6977395000000001,50.0,0.1516018333688788,1.5121598748207046
0.698234,50.0,0.15166481319381392,1.5060434222796466
0.6987285000000001,50.0,0.1517251984220803,1.5042379596016162
0.699223,50.0,0.1517826825518114,1.5066123221073953
0.6997175000000001,50.0,0.15183682681444027,1.5130215772424451
0.7002120000000001,50.0,0.15188723024289658,1.5234010970382341
0.7007065,50.0,0.15193367639753075,1.537231036491121
0.7012010000000001,50.0,0.15197584357328617,1.554407015908802
0.7016955,50.0,0.1520135596440797,1.5744022447868617
0.7021900000000001,50.0,0.1520465708726162,1.5966870265095754
0.7026845,50.0,0.1520746621900954,1.6209345095725358
0.7031790000000001,50.0,0.1520980428121235,1.6466081110588415
0.7036735000000001,50.0,0.15211657047732616,1.6732833972303978
0.704168,50.0,0.15213000646109678,1.7003932102700652
0.7046625000000001,50.0,0.15213866728670505,1.7275738852587732
0.705157,50.0,0.15214250511803287,1.7543881619250283
0.7056515000000001,50.0,0.15214121501541725,1.7803504612563343
0.706146,50.0,0.15213515501171498,1.8051848171397484
0.7066405,50.0,0.15212461304327463,1.8286992377862363
0.7071350000000001,50.0,0.152109378250308,1.8504850801458317
0.7076295,50.0,0.1520896205045945,1.8706178840231853
0.7081240000000001,50.0,0.15206576412763334,1.8889380629295995
0.7086185,50.0,0.15203793529190543,1.9055386301899002
0.7091130000000001,50.0,0.1520064754884524,1.9204865033218457
0.7096075000000001,50.0,0.15197185077822878,1.9338308349781175
0.710102,50.0,0.1519342580039238,1.9459030918311453
0.7105965000000001,50.0,0.15189408328401185,1.9567324924104494
0.711091,50.0,0.15185182821963325,1.9665877822472513
0.7115855000000001,50.0,0.15180780075747577,1.975706543804415
0.71208,50.0,0.15176233227118147,1.9843627084369084
0.7125745000000001,50.0,0.15171578674617828,1.9927054715585542
0.7130690000000001,50.0,0.15166858371706027,2.0010426248461597
0.7135635,50.0,0.151621173475247,2.0094946734249364
0.7140580000000001,50.0,0.1515738827295935,2.018192304102502
0.7145525,50.0,0.15152731760644184,2.027382096865271
0.7150470000000001,50.0,0.1514821036826453,2.0368702464022204
0.7155415,50.0,0.15143833313823818,2.04668210154584
0.716036,50.0,0.1513965215664814,2.0568558950074927
0.7165305000000001,50.0,0.151357521265741,2.0670667384328967
0.717025,50.0,0.1513214790404268,2.0771907192881005
0.7175195000000001,50.0,0.15128867211268165,2.0871361471993812
0.718014,50.0,0.1512597219812051,2.096423842497799
0.7185085000000001,50.0,0.15123477015833295,2.104914269542513
0.7190030000000001,50.0,0.15121401923411665,2.1122009275029217
0.7194975,50.0,0.15119793668180112,2.118019404557517
0.7199920000000001,50.0,0.15118662293525278,2.121961193663535
0.7204865,50.0,0.15118014762374535,2.1235967162409044
0.7209810000000001,50.0,0.15117887203545008,2.122813750071322
0.7214755,50.0,0.1511829423597794,2.1191612691854864
0.7219700000000001,50.0,0.15119236920645374,2.1125305534789547
0.7224645000000001,50.0,0.15120732987926513,2.1026737389555525
0.722959,50.0,0.1512278368912952,2.0895828934179357
0.7234535000000001,50.0,0.1512537032786298,2.0732334194033517
0.723948,50.0,0.1512847784757997,2.0535317391104386
0.7244425000000001,50.0,0.15132100870485504,2.0306887385135126
0.724937,50.0,0.15136231502564015,2.004890554490586
0.7254315,50.0,0.1514082846298764,1.976228415437192
0.7259260000000001,50.0,0.1514585087127978,1.94516999579924
0.7264205,50.0,0.15151299045846353,1.9120529129462107
0.7269150000000001,50.0,0.15157143502459708,1.8771995795272873
0.7274095,50.0,0.15163328478770682,1.8413471971383177
0.7279040000000001,50.0,0.151698472545293,1.804921242942206
0.7283985000000001,50.0,0.15176670987675242,1.7684271217204905
0.728893,50.0,0.15183735445494664,1.7325553977225145
0.7293875000000001,50.0,0.1519102734334256,1.697829410282773
0.729882,50.0,0.15198514041440514,1.6646910646209518
0.7303765000000001,50.0,0.15206121818094462,1.633857981488012
0.730871,50.0,0.1521382132644291,1.6055861853839553
0.7313655000000001,50.0,0.15221569413130356,1.5803793969650954
0.7318600000000001,50.0,0.15229298020302207,1.5586698320546528
0.7323545,50.0,0.15236982023776022,1.5406973870794207
0.7328490000000001,50.0,0.15244590870131844,1.526786518829149
0.7333435,50.0,0.1525206609471668,1.5168763360392776
0.7338380000000001,50.0,0.15259361732231688,1.5112233883727657
0.7343325,50.0,0.15266450914662658,1.509732284002932
0.734827,50.0,0.15273305646413876,1.5121567839813777
0.7353215000000001,50.0,0.15279879788780476,1.5183207311283788
0.735816,50.0,0.15286128116174988,1.528041851273415
0.7363105000000001,50.0,0.1529202658932191,1.5408721079418577
0.736805,50.0,0.15297546888088365,1.556412348199486
0.7372995000000001,50.0,0.15302640074101603,1.5742925289993184
0.7377940000000001,50.0,0.15307283641362904,1.594116949589636
0.7382885,50.0,0.15311470278869907,1.615244357477144
0.7387830000000001,50.0,0.15315155101193356,1.6373515304357762
0.7392775,50.0,0.15318322127640327,1.6599846794640802
0.7397720000000001,50.0,0.15320989163275495,1.6825315114040134
0.7402665,50.0,0.1532313300635191,1.704782114906981
0.7407610000000001,50.0,0.1532475197895444,1.7263725156493013
0.7412555000000001,50.0,0.15325868530176592,1.7469887090770029
0.74175,50.0,0.1532645634659782,1.7664024947755732
0.7422445000000001,50.0,0.1532651806228915,1.7846189812302036
0.742739,50.0,0.15326096814899007,1.8014267940700308
0.7432335000000001,50.0,0.15325184037682113,1.8169667168537016
0.7437280000000001,50.0,0.15323774630179018,1.8312527064860675
0.7442225,50.0,0.15321906996374132,1.8442501025256743
0.7447170000000001,50.0,0.1531960345125892,1.856387283348872
0.7452115,50.0,0.15316882428109754,1.867653374967671
0.7457060000000001,50.0,0.15313773555153912,1.878374745657446
0.7462005,50.0,0.15310311791741602,1.888828334676129
0.7466950000000001,50.0,0.153065395744274,1.8991714127209185
0.7471895000000001,50.0,0.15302482830646638,1.9098450362122843
0.747684,50.0,0.15298179480262655,1.9209937944891866
0.7481785000000001,50.0,0.15293689304855446,1.9326993600260216
0.748673,50.0,0.15289039434276716,1.9453338351301075
0.7491675000000001,50.0,0.15284253909397683,1.9588284628329429
0.749662,50.0,0.1527938723525734,1.9731888255529288
0.7501565000000001,50.0,0.1527447758621085,1.9884834416556276
0.7506510000000001,50.0,0.15269561024332254,2.0045506777740654
0.7511455,50.0,0.1526470361998521,2.02132053732786
0.7516400000000001,50.0,0.15259943324886294,2.0384523974121262
0.7521345,50.0,0.152553030619787,2.0558927662624695
0.7526290000000001,50.0,0.1525086213256984,2.0732295943872803
0.7531235000000001,50.0,0.1524667299524536,2.089967053358794
0.753618,50.0,0.15242741971773924,2.105999845763571
0.7541125000000001,50.0,0.15239128602541507,2.1207376245636795
0.754607,50.0,0.15235882843364165,2.133718146081565
0.7551015000000001,50.0,0.1523301170409357,2.144607363191358
0.755596,50.0,0.15230551214585827,2.1529901292061617
0.7560905000000001,50.0,0.15228537653766797,2.158572838982303
0.7565850000000001,50.0,0.1522698448770191,2.1609267201465356
0.7570795,50.0,0.15225906205524006,2.159851476379229
0.7575740000000001,50.0,0.15225313147502711,2.155188643245701
0.7580685,50.0,0.15225227947983339,2.1467082285924755
0.7585630000000001,50.0,0.15225671238414348,2.1344469744911994
0.7590575,50.0,0.1522663369690122,2.118341780174108
0.759552,50.0,0.15228118207318841,2.098471893733156
0.7600465000000001,50.0,0.15230125919081722,2.075037649089457
0.760541,50.0,0.15232632981013675,2.0483732643918864
0.7610355000000001,50.0,0.15235640183920204,2.0186585501399694
0.76153,50.0,0.15239132349350365,1.9863630451131804
0.7620245000000001,50.0,0.15243057093156404,1.9520844869254665
0.7625190000000001,50.0,0.15247406494634494,1.9160881821244955
0.7630135,50.0,0.1525217439017596,1.879081462164892
0.7635080000000001,50.0,0.15257301809051924,1.8416235364254239
0.7640025,50.0,0.15262761276599657,1.804156835175724
0.7644970000000001,50.0,0.15268551477526507,1.7674052183405826
0.7649915,50.0,0.15274617286594716,1.731866886134951
0.7654860000000001,50.0,0.15280909742692833,1.6980664038973468
0.7659805000000001,50.0,0.15287422769810402,1.6665503707133802
0.766475,50.0,0.15294115671200698,1.6376843614494423
0.7669695000000001,50.0,0.15300932051814026,1.6121112181413997
0.767464,50.0,0.15307833905063864,1.5898252420769476
0.7679585000000001,50.0,0.15314770158897745,1.571175280486973
0.768453,50.0,0.1532169959223994,1.5564445431084235
0.7689475,50.0,0.1532858424842567,1.5454791755649426
0.7694420000000001,50.0,0.15335369604557755,1.5384133952185022
0.7699365,50.0,0.15342017184648832,1.5350309389930632
0.7704310000000001,50.0,0.15348485702371636,1.5352529183645534
0.7709255,50.0,0.15354736861278256,1.5388490390758096
0.7714200000000001,50.0,0.15360747074610503,1.5454268370003164
0.7719145000000001,50.0,0.15366460297215617,1.55476946828245
0.772409,50.0,0.15371836259563665,1.5664113194086497
0.7729035000000001,50.0,0.15376867515386755,1.579903623471564
0.773398,50.0,0.15381498684944328,1.5949031414566384
0.7738925000000001,50.0,0.15385683685150423,1.6109109030085982
0.774387,50.0,0.15389432753185328,1.6275126736105108
0.7748815000000001,50.0,0.1539270954113957,1.644353528215446
0.7753760000000001,50.0,0.15395460744177009,1.6610977175415549
0.7758705,50.0,0.15397695738706219,1.6774534124712137
0.7763650000000001,50.0,0.1539941389575366,1.6932200905948676
0.7768595,50.0,0.15400592287360962,1.7081892535415133
0.7773540000000001,50.0,0.15401236596104204,1.722332076061046
0.7778485,50.0,0.1540135129527537,1.7355694967269686
0.778343,50.0,0.1540093018529811,1.7478980772656956
0.7788375000000001,50.0,0.15399989989694848,1.7594829269080698
0.779332,50.0,0.15398544372425388,1.7703170298535922
0.7798265000000001,50.0,0.1539658980395035,1.780786118767994
0.780321,50.0,0.15394143340917454,1.7910134944776999
0.7808155000000001,50.0,0.15391228774288074,1.8011630636705556
0.7813100000000001,50.0,0.15387865319813385,1.8116869166708962
0.7818045,50.0,0.15384078192557363,1.8227824818756118
0.7822990000000001,50.0,0.1537989094822218,1.834596129895523
0.7827935,50.0,0.15375349113929176,1.84747347719568
0.7832880000000001,50.0,0.15370485424116198,1.8615144657409528
0.7837825,50.0,0.1536530862715404,1.8768390469714133
0.7842770000000001,50.0,0.15359886971103345,1.8935741853157189
0.7847715000000001,50.0,0.1535427854400886,1.9117095137617865
0.785266,50.0,0.15348482144777614,1.931235748879357
0.7857605000000001,50.0,0.1534254813268097,1.9519707952351646
0.786255,50.0,0.15336541424885328,1.9738017005167203
0.7867495000000001,50.0,0.15330480684466027,1.9964940356204532
0.787244,50.0,0.1532441258668851,2.019699485112057
0.7877385,50.0,0.15318395697652087,2.043004502135237
0.7882330000000001,50.0,0.1531245717731094,2.0661151521954553
0.7887275,50.0,0.1530664860464036,2.0885378797404126
0.7892220000000001,50.0,0.15301034661416246,2.1097899555756294
0.7897165,50.0,0.1529564577322557,2.129493755641775
0.7902110000000001,50.0,0.1529052178204978,2.1471234935164705
0.7907055000000001,50.0,0.152857179216128,2.162367756776122
0.7912,50.0,0.15281262571381868,2.1747119693096595
0.7916945000000001,50.0,0.15277179805121777,2.1838395425321764
0.792189,50.0,0.15273506056518557,2.1894390164343833
0.7926835000000001,50.0,0.1527027696753008,2.1912565211011996
0.793178,50.0,0.15267509825164757,2.1891449137464485
0.7936725000000001,50.0,0.1526520257843995,2.182862928315298
0.7941670000000001,50.0,0.15263378416926468,2.1724898170401166
0.7946615,50.0,0.1526207368208159,2.1581498037221047
0.7951560000000001,50.0,0.15261279151773122,2.139813207756178
0.7956505,50.0,0.1526098566351756,2.117848096485938
0.7961450000000001,50.0,0.15261223186816147,2.0925762057613113
0.7966395000000001,50.0,0.152619807352148,2.064133266801028
0.797134,50.0,0.15263233326592812,2.0332567149819716
0.7976285000000001,50.0,0.15264996010628945,2.000156174250748
0.798123,50.0,0.15267238242436024,1.9654174039924555
0.7986175000000001,50.0,0.15269921006475812,1.9296314377560901
0.799112,50.0,0.1527304983428417,1.8931908303020109
0.7996065000000001,50.0,0.15276587749515724,1.8568634714837788
0.8001010000000001,50.0,0.15280491813524075,1.8210663894026635
0.8005955,50.0,0.15284760723188873,1.7863217676631018
0.8010900000000001,50.0,0.15289360141602806,1.753232580430203
0.8015845,50.0,0.1529423615272275,1.7221736442419842
0.8020790000000001,50.0,0.15299365177606575,1.6935129743505757
0.8025735,50.0,0.15304726099091995,1.6676067675245083
0.8030680000000001,50.0,0.15310277614769385,1.644708137404734
0.8035625000000001,50.0,0.15315965871144327,1.6250208585724506
0.804057,50.0,0.15321748482720107,1.608564161457505
0.8045515000000001,50.0,0.15327597197944645,1.5955329092781332
0.805046,50.0,0.15333461637079793,1.5857221958775662
0.8055405000000001,50.0,0.15339280871930908,1.5791563093848962
0.8060350000000001,50.0,0.15345022567693642,1.575657718191539
0.8065295,50.0,0.15350646641873333,1.5748572566974528
0.8070240000000001,50.0,0.15356093358429287,1.5766607875756389
0.8075185,50.0,0.1536133605469372,1.5806275425854146
0.8080130000000001,50.0,0.15366345671917248,1.5864580359871907
0.8085075,50.0,0.1537106243568857,1.593773607621501
0.8090020000000001,50.0,0.15375462341753862,1.6023271537790407
0.8094965000000001,50.0,0.15379519669806932,1.6116476189083613
0.809991,50.0,0.15383170851148975,1.6214798503087444
0.8104855000000001,50.0,0.15386403552447633,1.6316568419330109
0.81098,50.0,0.1538921234267862,1.6418016065860526
0.8114745000000001,50.0,0.15391534744441654,1.651739118407796
0.811969,50.0,0.15393350631885366,1.6614344837339332
0.8124635000000001,50.0,0.15394670801719904,1.670660322337971
0.8129580000000001,50.0,0.1539547055168244,1.6795711768770119
0.8134525,50.0,0.15395736559077788,1.6880318869502844
0.8139470000000001,50.0,0.15395469840238338,1.6962073987953477
0.8144415,50.0,0.1539467458965846,1.7044178742261877
0.8149360000000001,50.0,0.1539335981341337,1.7124895061746879
0.8154305000000001,50.0,0.15391524059018272,1.7210089726971876
0.815925,50.0,0.15389181531529236,1.7300190301230356
0.8164195000000001,50.0,0.1538635158757034,1.7397386231201684
0.816914,50.0,0.15383034138485785,1.7505177795410158
0.8174085000000001,50.0,0.15379246539587976,1.7624679148731577
0.817903,50.0,0.15375021723734594,1.7758344939253596
0.8183975000000001,50.0,0.1537037382189398,1.7907367482203815
0.8188920000000001,50.0,0.15365332682897476,1.8073884789664485
0.8193865,50.0,0.1535994425019833,1.8257525680525017
0.8198810000000001,50.0,0.15354219987211312,1.8458838427737942
0.8203755,50.0,0.1534819491670566,1.867740160123919
0.8208700000000001,50.0,0.15341942435957343,1.8911791389073693
0.8213645,50.0,0.1533548273159055,1.915979316095262
0.8218590000000001,50.0,0.1532883360328098,1.941980947291176
0.8223535000000001,50.0,0.15322068629768276,1.9687346170971272
0.822848,50.0,0.15315229940674088,1.995933900203232
0.8233425000000001,50.0,0.1530833755905167,2.02326900093644
0.823837,50.0,0.15301450460661267,2.0501657880142536
0.8243315000000001,50.0,0.1529461502399484,2.076262435823104
0.8248260000000001,50.0,0.1528786389208825,2.1010597116199876
0.8253205,50.0,0.15281250373409122,2.1241242106856113
0.8258150000000001,50.0,0.15274819642212303,2.1450159757162672
0.8263095,50.0,0.15268619102503914,2.163273164265797
0.8268040000000001,50.0,0.152626974756751,2.1784931242768493
0.8272985,50.0,0.15257083053558532,2.190488527772463
0.8277930000000001,50.0,0.15251818374273274,2.198776707812251
0.8282875000000001,50.0,0.15246938864847429,2.2032166762161984
0.828782,50.0,0.15242467040478866,2.203811270769561
0.8292765000000001,50.0,0.15238445696052477,2.200289265935281
0.829771,50.0,0.15234883329007265,2.1927453606062604
0.8302655000000001,50.0,0.152317825032012,2.181313983151031
0.83076,50.0,0.15229190176954854,2.1660786896112016
0.8312545000000001,50.0,0.15227116389463743,2.1472386790298237
0.8317490000000001,50.0,0.15225541338794005,2.125168131180924
0.8322435,50.0,0.15224489934701035,2.1001448687461695
0.8327380000000001,50.0,0.15223979325951403,2.0725851053182907
0.8332325,50.0,0.15223982528013558,2.0428954905819525
0.8337270000000001,50.0,0.15224500252226153,2.011639968696207
0.8342215000000001,50.0,0.15225544166254015,1.9792155585422397
0.834716,50.0,0.1522707960427122,1.9461461116568597
0.8352105000000001,50.0,0.15229085022808803,1.9129564155734
0.835705,50.0,0.1523155090365442,1.8800532467500324
0.8361995000000001,50.0,0.15234441623259873,1.8479061650579636
0.836694,50.0,0.15237737655784417,1.8169408311554318
0.8371885000000001,50.0,0.15241415626456442,1.7875337090891819
0.8376830000000001,50.0,0.15245433105290354,1.7599234618322979
0.8381775,50.0,0.1524976289841841,1.734508791282651
0.8386720000000001,50.0,0.15254374922385586,1.7114008789659187
0.8391665,50.0,0.1525923590861685,1.6908137800454324
0.8396610000000001,50.0,0.15264310189563027,1.6727682189219568
0.8401555,50.0,0.15269540179305224,1.6573798619330482
0.8406500000000001,50.0,0.1527489317903792,1.6445206638671035
0.8411445000000001,50.0,0.15280344061432785,1.6340670060793108
0.841639,50.0,0.15285819032173686,1.6260403697902999
0.8421335000000001,50.0,0.15291274048502587,1.6201115152518122
0.842628,50.0,0.1529669032147145,1.6160320199376177
0.8431225000000001,50.0,0.15301995010143493,1.613755558677633
0.8436170000000001,50.0,0.15307136494292162,1.612925803698269
0.8441115,50.0,0.15312102764815003,1.613236769091517
0.8446060000000001,50.0,0.1531684245764431,1.6146280314703618
0.8451005,50.0,0.15321305582015157,1.6167089216394241
0.8455950000000001,50.0,0.15325471224292558,1.619424533870616
0.8460895,50.0,0.15329297255447677,1.6224674236053835
0.8465840000000001,50.0,0.15332744439019014,1.6257617300805776
0.8470785000000001,50.0,0.15335797520470998,1.6293351381694186
0.847573,50.0,0.1533842177283942,1.6329152890107506
0.8480675000000001,50.0,0.1534057884830625,1.636729690852952
0.848562,50.0,0.15342259677082484,1.640737150249723
0.8490565000000001,50.0,0.15343451793703325,1.645011218566797
0.8495510000000001,50.0,0.1534413668907869,1.6497816041114028
0.8500455000000001,50.0,0.1534430423101879,1.6551023882960865
0.8505400000000001,50.0,0.15343949623475406,1.6612465550850213
0.8510345,50.0,0.15343083279855305,1.6683410961696385
0.8515290000000001,50.0,0.15341701464490046,1.6765884508068627
0.8520235,50.0,0.15339800487784874,1.6862810722140007
0.8525180000000001,50.0,0.15337415937794033,1.697472030626428
0.8530125000000001,50.0,0.1533455412923507,1.7104295049407292
0.853507,50.0,0.1533120048770114,1.7252388172761477
0.8540015000000001,50.0,0.15327397390783584,1.7419748605117116
0.854496,50.0,0.15323171923039636,1.760717733501511
0.8549905000000001,50.0,0.15318520408460384,1.7814104338455075
0.855485,50.0,0.15313487449749708,1.804006281391344
0.8559795000000001,50.0,0.15308107189862738,1.8282911234487311
0.8564740000000001,50.0,0.153023909443415,1.8542151104213491
0.8569685,50.0,0.1529639585034386,1.8814304449052315
0.8574630000000001,50.0,0.15290165387508353,1.9096197284851173
0.8579575,50.0,0.15283717537670907,1.9385951717050693
0.8584520000000001,50.0,0.15277102771660162,1.9678449620604952
0.8589465000000001,50.0,0.15270371706639105,1.9970346734443407
0.8594410000000001,50.0,0.1526355833113569,2.0256861844069256
0.8599355000000001,50.0,0.15256703499549945,2.0534522124297276
0.86043,50.0,0.15249857743909306,2.079835767897264
0.8609245000000001,50.0,0.15243066385558876,2.1043148798337348
0.861419,50.0,0.15236364556993395,2.12672546063103
0.8619135000000001,50.0,0.15229792793455063,2.1464702792008743
0.8624080000000001,50.0,0.15223407732166477,2.1632712640887504
0.8629025,50.0,0.1521726067726852,2.177021656443059
0.8633970000000001,50.0,0.15211374581333295,2.1872629240545285
0.8638915,50.0,0.15205791853041226,2.19401277428761
0.8643860000000001,50.0,0.15200572662610692,2.1970707627773263
0.8648805,50.0,0.15195731114093064,2.1964116357700303
0.8653750000000001,50.0,0.15191295404531907,2.192154942956738
0.8658695000000001,50.0,0.1518731495419779,2.1842146841734413
0.866364,50.0,0.1518378651787715,2.1728670962153016
0.8668585000000001,50.0,0.15180730782876317,2.1583021965804656
0.867353,50.0,0.15178191863418816,2.1407149620000827
0.8678475000000001,50.0,0.15176158755313093,2.1205126264259695
0.8683420000000001,50.0,0.15174638450632977,2.097970914124603
0.8688365000000001,50.0,0.15173661088698695,2.0734225398577486
0.8693310000000001,50.0,0.15173214503658314,2.0473689991991386
0.8698255,50.0,0.15173289826953232,2.020085065056691
0.8703200000000001,50.0,0.15173902362819422,1.9920157361273587
0.8708145,50.0,0.15175044070187724,1.9635247420225155
0.8713090000000001,50.0,0.15176691611033644,1.9350208221975442
0.8718035000000001,50.0,0.151788279522966,1.9068022856141955
0.872298,50.0,0.1518143807632317,1.8792031364334207
0.8727925000000001,50.0,0.15184505659661776,1.8525425999711975
0.873287,50.0,0.15187993757892387,1.827013348635098
0.8737815000000001,50.0,0.15191868472100925,1.8028443646507817
0.874276,50.0,0.15196115047984204,1.78020127750323
0.8747705000000001,50.0,0.15200693182878666,1.759168772123641
0.8752650000000001,50.0,0.15205561022843733,1.739758873849337
0.8757595,50.0,0.15210701460129233,1.7221185759103619
0.8762540000000001,50.0,0.15216067964147514,1.7061344058017127
0.8767485,50.0,0.15221603743045892,1.6917649643500807
0.8772430000000001,50.0,0.15227287208324053,1.6789680266213303
0.8777375000000001,50.0,0.15233072151395205,1.6676044070895053
0.8782320000000001,50.0,0.15238891123528647,1.6576303116762383
0.8787265000000001,50.0,0.15244722158426655,1.64887257602511
0.879221,50.0,0.15250519952477334,1.641113348406472
0.8797155000000001,50.0,0.15256206557384844,1.6344261960348103
0.88021,50.0,0.1526175896812076,1.6285399418883932
0.8807045000000001,50.0,0.15267147641657144,1.6233465847601207
0.8811990000000001,50.0,0.15272307097843954,1.6189444199554452
0.8816935,50.0,0.15277204079966375,1.6150863868478145
0.8821880000000001,50.0,0.15281810813963473,1.611884981824906
0.8826825,50.0,0.15286088176257662,1.6093790085895305
0.8831770000000001,50.0,0.15290006081437038,1.6075115258152985
0.8836715,50.0,0.15293529866721361,1.60642907922847
0.8841660000000001,50.0,0.15296635413797777,1.606266462450043
0.8846605000000001,50.0,0.15299299369961805,1.6070201254666687
0.885155,50.0,0.15301488099987726,1.6089648593273016
0.8856495000000001,50.0,0.15303195726860194,1.6121775599912367
0.886144,50.0,0.1530441428306861,1.6168293878524453
0.8866385000000001,50.0,0.15305117603192134,1.6230944763268256
0.8871330000000001,50.0,0.15305311681832198,1.6311423747944225
0.8876275000000001,50.0,0.1530500096724335,1.6410806981322397
0.8881220000000001,50.0,0.15304167906154045,1.6529655937419336
0.8886165,50.0,0.15302833367066065,1.6669888171196803
0.8891110000000001,50.0,0.15301021016971322,1.6831092543972839
0.8896055,50.0,0.152987137834502,1.701315469275731
0.8901000000000001,50.0,0.15295927320016173,1.7215559959336486
0.8905945000000001,50.0,0.15292707184571283,1.7437994299701758
0.891089,50.0,0.15289053664293373,1.7678111087582864
0.8915835000000001,50.0,0.1528497536026273,1.7934992539192065
0.892078,50.0,0.15280522609191152,1.8205458599156767
0.8925725000000001,50.0,0.15275714256064538,1.8486944771555718
0.893067,50.0,0.15270572526603443,1.8777612620363873
0.8935615000000001,50.0,0.15265149504289688,1.9071455275304778
0.8940560000000001,50.0,0.1525947644535636,1.9367865501369
0.8945505,50.0,0.15253592455238832,1.9661033934407834
0.8950450000000001,50.0,0.15247539855585224,1.9947107941791467
0.8955395,50.0,0.15241353513250627,2.0224207886697956
0.8960340000000001,50.0,0.15235086701952313,2.048632098710104
0.8965285000000001,50.0,0.15228777311759123,2.0731293896436815
0.8970230000000001,50.0,0.15222465793531165,2.095613880763255
0.8975175000000001,50.0,0.15216206458042766,2.1156720657566113
0.898012,50.0,0.15210026882393404,2.133169600010018
0.8985065000000001,50.0,0.1520397298374293,2.147861196277361
0.899001,50.0,0.15198110480197521,2.159515534008671
0.8994955000000001,50.0,0.15192462823877742,2.1681165686653965
0.8999900000000001,50.0,0.1518705922758956,2.173554840591518
0.9004845,50.0,0.15181969187486394,2.1758447214983914
0.9009790000000001,50.0,0.15177225380516524,2.1749487251640796
0.9014735,50.0,0.1517283992823692,2.1710946906901882
0.9019680000000001,50.0,0.15168868139344566,2.1643094696741754
0.9024625000000001,50.0,0.151653408515604,2.154805676323471
0.9029570000000001,50.0,0.15162257732097575,2.1427568360683065
0.9034515000000001,50.0,0.151596531832503,2.1283712225071394
0.903946,50.0,0.15157552593541856,2.1119973926735605
0.9044405000000001,50.0,0.15155957167975898,2.0937453647343305
0.904935,50.0,0.15154885216822933,2.0740199422825545
0.9054295000000001,50.0,0.15154345512718165,2.053014027485121
0.9059240000000001,50.0,0.1515433411505821,2.0310611478276064
0.9064185000000001,50.0,0.15154860262586572,2.0083840154965023
0.9069130000000001,50.0,0.1515592366191471,1.9852607398679785
0.9074075,50.0,0.15157512945212787,1.9619576730998027
0.9079020000000001,50.0,0.15159616274399607,1.9385741813446256
0.9083965,50.0,0.15162214443980684,1.9153863241393347
0.9088910000000001,50.0,0.15165300144125032,1.892622474504632
0.9093855000000001,50.0,0.15168852191542304,1.870149183230249
0.90988,50.0,0.15172820861529268,1.8483591565121837
0.9103745000000001,50.0,0.15177194959443355,1.8272359107250014
0.910869,50.0,0.15181954680214751,1.8066945587797174
0.9113635000000001,50.0,0.15187033910386055,1.787068638891262
0.9118580000000001,50.0,0.15192414107235727,1.7680747902971425
0.9123525000000001,50.0,0.1519807817665212,1.749940558405411
0.9128470000000001,50.0,0.1520395884149061,1.7325777597197694
0.9133415,50.0,0.15210018037240153,1.7159486058090976
0.9138360000000001,50.0,0.1521622901655139,1.7000973680714822
0.9143305,50.0,0.15222533411129113,1.684960910800641
0.9148250000000001,50.0,0.15228886530639496,1.670584756817138
0.9153195000000001,50.0,0.15235252360383927,1.656988447353605
0.9158140000000001,50.0,0.15241570622353248,1.644098731656366
0.9163085000000001,50.0,0.15247794361824243,1.63207040586206
0.916803,50.0,0.15253893503369795,1.620948392734546
0.9172975000000001,50.0,0.15259817747508367,1.6107009613798764
0.917792,50.0,0.15265517877079327,1.6015474380201418
0.9182865000000001,50.0,0.15270960596087432,1.5935064202480085
0.9187810000000001,50.0,0.15276112003312559,1.5867443835951056
0.9192755,50.0,0.15280938600570762,1.581317025515563
0.9197700000000001,50.0,0.1528540190202572,1.5774695705241106
0.9202645,50.0,0.1528947376272249,1.5752829330386051
0.9207590000000001,50.0,0.15293142114130104,1.574844731328538
0.9212535000000001,50.0,0.1529636480862376,1.5763861117849807
0.9217480000000001,50.0,0.15299109678470416,1.5799797693981734
0.9222425000000001,50.0,0.15301389627592926,1.5857147642335931
0.922737,50.0,0.1530317758997456,1.5936220015951306
0.9232315000000001,50.0,0.15304443651697427,1.6038873581142032
0.923726,50.0,0.15305208535436096,1.6163712829639576
0.9242205000000001,50.0,0.15305460427586157,1.631120167932344
0.9247150000000001,50.0,0.15305189153436322,1.6481140756183499
0.9252095000000001,50.0,0.15304423030627107,1.6671958467197718
0.9257040000000001,50.0,0.15303157418614302,1.688296158409845
0.9261985,50.0,0.1530139085338717,1.7112249977486678
0.9266930000000001,50.0,0.15299157590805532,1.7357498664013207
0.9271875,50.0,0.15296472333810987,1.7617290241790389
0.9276820000000001,50.0,0.15293340808156153,1.7887877535232417
0.9281765000000001,50.0,0.1528979223839741,1.8167030594151778
0.928671,50.0,0.1528585776302745,1.8452207048501326
0.9291655000000001,50.0,0.15281557132216117,1.8738346874936922
0.92966,50.0,0.15276918107534435,1.90247393198235
0.9301545000000001,50.0,0.15271980778401334,1.9306384048924854
0.9306490000000001,50.0,0.1526678906697661,1.9580711160056947
0.9311435000000001,50.0,0.15261377504381266,1.9845339345428643
0.9316380000000001,50.0,0.15255772751019558,2.0096277650592844
0.9321325,50.0,0.15250031933833885,2.033202602764227
0.9326270000000001,50.0,0.15244206510970665,2.054952086546296
0.9331215,50.0,0.15238315867740884,2.074727317166738
0.9336160000000001,50.0,0.1523241406651501,2.092319998795635
0.9341105000000001,50.0,0.15226554126466058,2.107577809263188
0.934605,50.0,0.15220758617352978,2.120466080059262
0.9350995000000001,50.0,0.15215085276217846,2.130932835779962
0.935594,50.0,0.15209587223627413,2.13881677672582
0.9360885000000001,50.0,0.15204280614938795,2.1442920449972824
0.936583,50.0,0.1519921955261827,2.147363802650956
0.9370775000000001,50.0,0.15194460968305218,2.1479854635922875
0.9375720000000001,50.0,0.15190016773184903,2.146348419416135
0.9380665,50.0,0.15185930116031687,2.1425844461436716
0.9385610000000001,50.0,0.1518225325850248,2.1367101092426437
0.9390555,50.0,0.15178997870317143,2.12895377796246
0.9395500000000001,50.0,0.15176186155995347,2.119421291988692
0.9400445000000001,50.0,0.1517384820034799,2.108277480669956
0.9405390000000001,50.0,0.1517200459257378,2.0956633965456035
0.9410335000000001,50.0,0.15170671720715662,2.081694296544811
0.941528,50.0,0.15169849352868717,2.0666459580000924
0.9420225000000001,50.0,0.15169550978020707,2.050413959750704
0.942517,50.0,0.1516979423544501,2.0333409153717326
0.9430115000000001,50.0,0.1517056799107328,2.015452657808832
0.9435060000000001,50.0,0.15171870270159943,1.9968066562405298
0.9440005,50.0,0.1517370552422031,1.977597987430516
0.9444950000000001,50.0,0.15176051435784915,1.9578160382405674
0.9449895,50.0,0.1517889221244365,1.9375961080019182
0.9454840000000001,50.0,0.15182225700938798,1.9170016205373623
0.9459785,50.0,0.15186015402933978,1.8960591136106926
0.9464730000000001,50.0,0.15190227164215017,1.8748888640177543
0.9469675000000001,50.0,0.15194856822675457,1.853498671230869
0.947462,50.0,0.15199855691465033,1.8319571692436756
0.9479565000000001,50.0,0.15205172025274766,1.8103959208016798
0.948451,50.0,0.15210802567274279,1.7887878620731996
0.9489455000000001,50.0,0.1521670226363659,1.7672980303455312
0.9494400000000001,50.0,0.15222808288644213,1.7460310330448319
0.9499345000000001,50.0,0.15229098317886475,1.725063133005321
0.9504290000000001,50.0,0.15235532312702868,1.7044917528525612
0.9509235,50.0,0.1524205834673944,1.684571585839768
0.9514180000000001,50.0,0.1524863425234643,1.665358794873726
0.9519125,50.0,0.15255208941454496,1.646967003325205
0.9524070000000001,50.0,0.15261741079830302,1.629733845591054
0.9529015000000001,50.0,0.15268186909633932,1.613649296673938
0.953396,50.0,0.15274493344812748,1.5990162234937912
0.9538905000000001,50.0,0.15280627466980917,1.5859715368787903
0.954385,50.0,0.15286545806433519,1.5746721193921704
0.9548795000000001,50.0,0.15292198727806194,1.5653975311413595
0.9553740000000001,50.0,0.15297564549841636,1.5581253797915189
0.9558685000000001,50.0,0.15302603421914965,1.5531560795804142
0.9563630000000001,50.0,0.15307272008614772,1.5505763005251736
0.9568575,50.0,0.15311561852630068,1.5503865915396058
0.9573520000000001,50.0,0.15315442130514884,1.5527864865249
0.9578465,50.0,0.15318864264731347,1.5576843212053633
0.9583410000000001,50.0,0.15321826246452216,1.565197391852432
0.9588355000000001,50.0,0.15324323851076888,1.5752023946104068
0.9593300000000001,50.0,0.15326312358671118,1.5876524909650387
0.9598245000000001,50.0,0.15327784565326177,1.6025440728818108
0.960319,50.0,0.15328753845602422,1.6195526451154214
0.9608135000000001,50.0,0.1532919889160205,1.6386789543810254
0.961308,50.0,0.15329121302908927,1.6597046655785266
0.9618025000000001,50.0,0.15328536545458718,1.6822465231369783
0.9622970000000001,50.0,0.15327439923356548,1.7062969427167936
0.9627915,50.0,0.1532584604843522,1.731436163451105
0.9632860000000001,50.0,0.15323771060096833,1.7573690200112397
0.9637805,50.0,0.1532122561737469,1.7839986004396942
0.9642750000000001,50.0,0.15318235576257025,1.8108514962675302
0.9647695000000001,50.0,0.1531481905918834,1.8377483587398418
0.9652640000000001,50.0,0.15311000264058355,1.8644516578257206
0.9657585000000001,50.0,0.1530681124565993,1.890629777760463
0.966253,50.0,0.15302270940165724,1.9161104723096944
0.9667475000000001,50.0,0.1529742262835503,1.9406252153391046
0.967242,50.0,0.15292314144576558,1.9640634574647358
0.9677365000000001,50.0,0.15286957392020264,1.9861567626448027
0.9682310000000001,50.0,0.15281398688563325,2.0068532888321338
0.9687255000000001,50.0,0.1527570723254947,2.0259942372346145
0.9692200000000001,50.0,0.15269901738959402,2.043518572908973
0.9697145,50.0,0.1526401765722157,2.0593988318374357
0.9702090000000001,50.0,0.15258123348674946,2.073482024925332
0.9707035,50.0,0.152522494517804,2.0858917044332816
0.9711980000000001,50.0,0.15246429525590277,2.096541877416306
0.9716925000000001,50.0,0.1524072464895461,2.1054297970150615
0.972187,50.0,0.1523517389019725,2.112641008535368
0.9726815000000001,50.0,0.1522981010008948,2.1181654550271625
0.973176,50.0,0.15224686086494515,2.122051894568378
0.9736705000000001,50.0,0.15219840602409718,2.124334602548942
0.9741650000000001,50.0,0.15215303488697088,2.1250736994307045
0.9746595000000001,50.0,0.15211124010342927,2.124322689318198
0.9751540000000001,50.0,0.1520733490841319,2.122036929207482
0.9756485,50.0,0.1520395838369516,2.118389819571428
0.9761430000000001,50.0,0.15201026056350983,2.113222423054689
0.9766375,50.0,0.15198561086587295,2.1066826689087566
0.9771320000000001,50.0,0.15196592714237547,2.0987812787164146
0.9776265000000001,50.0,0.1519512800239477,2.0893610419393296
0.9781210000000001,50.0,0.1519416556497205,2.0786642360802503
0.9786155000000001,50.0,0.15193740259875327,2.0665099607187427
0.97911,50.0,0.15193852213791365,2.0529487421192263
0.9796045000000001,50.0,0.15194480323027626,2.0380791429710867
0.980099,50.0,0.15195648416086058,2.0217927393206914
0.9805935000000001,50.0,0.1519735074300684,2.004177625986103
0.9810880000000001,50.0,0.15199552302318253,1.985305709451933
0.9815825,50.0,0.1520225710291188,1.9651128501607638
0.9820770000000001,50.0,0.15205451615675783,1.9437981459106874
0.9825715,50.0,0.1520909490395983,1.9213718651932206
0.9830660000000001,50.0,0.152131726425953,1.897934021445554
0.9835605000000001,50.0,0.15217659766658842,1.8736927368249543
0.9840550000000001,50.0,0.15222507048172568,1.8487412729204844
0.9845495000000001,50.0,0.1522768940051191,1.823249833754904
0.985044,50.0,0.15233180416048978,1.7974646554083513
0.9855385000000001,50.0,0.15238927044948353,1.7716083994329939
0.986033,50.0,0.15244887593068993,1.7458249262280578
0.9865275000000001,50.0,0.15251030724016332,1.7204692492880003
0.9870220000000001,50.0,0.15257314980709957,1.6957254910255013
0.9875165000000001,50.0,0.15263693073110604,1.6719372931545562
0.9880110000000001,50.0,0.15270116001537848,1.649256282268026
0.9885055,50.0,0.15276545002086878,1.6280890727409791
0.9890000000000001,50.0,0.1528294069161512,1.6085823694486907
0.9894945,50.0,0.15289242008709128,1.5909986381300327
0.9899890000000001,50.0,0.15295409415486874,1.5756723841921467
0.9904835000000001,50.0,0.15301419095421467,1.5625937278738875
0.990978,50.0,0.15307207703786654,1.5521150541792141
0.9914725000000001,50.0,0.1531273445941313,1.5443251460017373
0.991967,50.0,0.1531798575780298,1.5392362595195372
0.9924615000000001,50.0,0.1532290576899611,1.5370304667886334
0.9929560000000001,50.0,0.15327462920936036,1.5376859129209972
0.9934505000000001,50.0,0.15331647741946097,1.5411443602160917
0.9939450000000001,50.0,0.15335409709152611,1.5474326655299184
0.9944395,50.0,0.15338724097573075,1.556363824653014
0.9949340000000001,50.0,0.1534159146829291,1.5678796454955966
0.9954285,50.0,0.15343977604547993,1.5817664078240565
0.9959230000000001,50.0,0.15345856935776112,1.5977961486520418
0.9964175000000001,50.0,0.1534723182258321,1.615834929468579
0.9969120000000001,50.0,0.15348091456856552,1.6355339771102289
0.9974065000000001,50.0,0.15348424166438004,1.65669100582192
0.997901,50.0,0.15348232597601386,1.6790083574579553
0.9983955000000001,50.0,0.15347522613658335,1.7023093945031638
0.9988900000000001,50.0,0.15346303194190963,1.7261657070753518
0.9993845000000001,50.0,0.15344576755349051,1.750463559222916
0.9998790000000001,50.0,0.1534235479076593,1.7749174247771193
1.0003735,50.0,0.15339667054830794,1.7992446667228068
1.000868,50.0,0.15336525674095117,1.8233427066905301
1.0013625000000002,50.0,0.15332941620952545,1.846911882246825
1.001857,50.0,0.15328954436091988,1.8699091504783405
1.0023515,50.0,0.1532458910540163,1.8921131198561398
1.0028460000000001,50.0,0.1531986278502505,1.9134755334622602
1.0033405000000002,50.0,0.1531482711366188,1.9339325105232348
1.003835,50.0,0.1530951411123546,1.9533657001872688
1.0043295,50.0,0.15303939716230958,1.9717963268925167
1.0048240000000002,50.0,0.15298168988773173,1.989228404706155
1.0053185,50.0,0.15292246982539182,2.0055513285563134
1.005813,50.0,0.15286188910623028,2.020927585782244
1.0063075000000001,50.0,0.15280059700125007,2.03523231193588
1.006802,50.0,0.1527390897926606,2.0485288897099783
1.0072965,50.0,0.15267759074593623,2.060902573562638
1.007791,50.0,0.15261665323186482,2.072171531209942
1.0082855000000002,50.0,0.15255676027073636,2.082578461818362
1.00878,50.0,0.15249829945201843,2.0918872817943206
1.0092745,50.0,0.15244170600916648,2.1001780295199093
1.0097690000000001,50.0,0.15238735801650738,2.107461333461944
1.0102635,50.0,0.1523357419493293,2.1134974936429183
1.010758,50.0,0.15228727177624118,2.118375109462428
1.0112525,50.0,0.15224222765855674,2.12200325767577
1.0117470000000002,50.0,0.1522010163491879,2.1241606062369613
1.0122415,50.0,0.15216398957801217,2.124894519688804
1.012736,50.0,0.15213132727728568,2.1239875176644656
1.0132305000000001,50.0,0.1521033586868823,2.1214317235646365
1.013725,50.0,0.1520803733466091,2.1170591117346493
1.0142195,50.0,0.1520623431638234,2.1107413894732527
1.0147140000000001,50.0,0.15204946547223036,2.1025552851361753
1.0152085000000002,50.0,0.15204200314485355,2.092195800314314
1.015703,50.0,0.1520397683145096,2.079826854148356
1.0161975,50.0,0.1520428032348319,2.065329868425797
1.0166920000000002,50.0,0.15205132946842337,2.048745099966909
1.0171865,50.0,0.15206506388921562,2.03006407521976
1.017681,50.0,0.15208383919917448,2.0094701974054154
1.0181755000000001,50.0,0.1521077472456565,1.9870089120135563
1.0186700000000002,50.0,0.15213649116368475,1.962768130401988
1.0191645,50.0,0.15216977683812463,1.937076754004018
1.019659,50.0,0.15220745208690312,1.91001415705655
1.0201535000000002,50.0,0.15224915414194246,1.8818878546307305
1.020648,50.0,0.15229459475335452,1.8529701040760151
1.0211425,50.0,0.1523434560665146,1.8235313170492577
1.0216370000000001,50.0,0.15239531188223718,1.7939353937316884
1.0221315,50.0,0.15244985574433195,1.7644961228191631
1.022626,50.0,0.15250663275560725,1.735541353599312
1.0231205,50.0,0.15256520939687285,1.7074799669432725
1.0236150000000002,50.0,0.15262530766230736,1.6805324163979387
1.0241095,50.0,0.15268638294924813,1.655194075415495
1.024604,50.0,0.1527479641587732,1.6316571601980185
1.0250985000000001,50.0,0.15280979679069945,1.6101734183390135
1.025593,50.0,0.15287129320690515,1.5911696414059984
1.0260875,50.0,0.15293191260004635,1.5746546484080821
1.026582,50.0,0.15299146250765205,1.5609973157201844
1.0270765000000002,50.0,0.15304943844976285,1.5501822748945748
1.027571,50.0,0.1531052173652253,1.5423866955943917
1.0280655,50.0,0.15315861263132877,1.5376774357446727
1.0285600000000001,50.0,0.15320929322153967,1.5359087063505565
1.0290545,50.0,0.15325670625555576,1.5371878217991635
1.029549,50.0,0.15330064163294044,1.5413489048322533
1.0300435000000001,50.0,0.1533408333824019,1.5481721165269051
1.0305380000000002,50.0,0.15337686347369317,1.5576009778409818
1.0310325,50.0,0.1534085643442014,1.569391219801156
1.031527,50.0,0.15343573314576345,1.5832201996426287
1.0320215000000001,50.0,0.15345809609864763,1.5989532822075023
1.032516,50.0,0.15347554081622475,1.6162578093071371
1.0330105,50.0,0.15348791034867773,1.63485919212806
1.0335050000000001,50.0,0.15349509401303957,1.6545259178762413
1.0339995000000002,50.0,0.153497084683808,1.6749179453722105
1.034494,50.0,0.15349377971825504,1.695866427170862
1.0349885,50.0,0.15348528756301513,1.717125546539844
1.0354830000000002,50.0,0.1534717001902802,1.738399065778993
1.0359775,50.0,0.1534529042486317,1.7596565628685041
1.036472,50.0,0.1534292230792351,1.7806486599414562
1.0369665000000001,50.0,0.15340090644228732,1.8012558812594714
1.0374610000000002,50.0,0.15336784880921486,1.8215065225934717
1.0379555,50.0,0.15333040830598704,1.8411886560330641
1.03845,50.0,0.15328896546338727,1.860383028224157
1.0389445000000002,50.0,0.15324358230475577,1.879029745588629
1.039439,50.0,0.15319460632641868,1.8971837810363659
1.0399335,50.0,0.15314249912543773,1.9148147281296222
1.0404280000000001,50.0,0.1530874814283328,1.9319857674123089
1.0409225,50.0,0.15302989457006702,1.9487823248117067
1.041417,50.0,0.1529702729545155,1.9651578522851296
1.0419115,50.0,0.15290894773432173,1.9811881549252528
1.0424060000000002,50.0,0.15284630703011,1.9969604801941847
1.0429005,50.0,0.15278290993332003,2.012340340641291
1.043395,50.0,0.15271911292526041,2.027384343983136
1.0438895000000001,50.0,0.15265533943975348,2.042129242843702
1.044384,50.0,0.1525921093554401,2.056327627360303
1.0448785,50.0,0.15252983095136496,2.0700355770692096
1.045373,50.0,0.15246898264108566,2.0830925446757598
1.0458675000000002,50.0,0.1524099146634368,2.0953362989268163
1.046362,50.0,0.15235304984781511,2.1066390986180212
1.0468565,50.0,0.15229899449508935,2.116819072562344
1.0473510000000001,50.0,0.1522479748960628,2.125646133391617
1.0478455,50.0,0.15220030599735992,2.1330248143189086
1.04834,50.0,0.15215658949473757,2.13864284721997
1.0488345000000001,50.0,0.1521170007055416,2.1423284027447584
1.0493290000000002,50.0,0.152081705994503,2.1439952512814933
1.0498235,50.0,0.15205120918866505,2.1433010289522683
1.050318,50.0,0.15202564205712973,2.1402238644413987
1.0508125000000001,50.0,0.15200502849479663,2.1346409740300714
1.051307,50.0,0.15198969632675724,2.1263350570677373
1.0518015,50.0,0.15197968266702408,2.1154022875904483
1.0522960000000001,50.0,0.1519749296631087,2.1017750039097653
1.0527905000000002,50.0,0.15197560747722366,2.085426726046746
1.053285,50.0,0.15198166267658747,2.066546366461182
1.0537795,50.0,0.15199291429570694,2.045136477422586
1.0542740000000002,50.0,0.1520093517087806,2.021471437763597
1.0547685,50.0,0.15203089021216062,1.9956964101985533
1.055263,50.0,0.15205728604589233,1.9680669024748252
1.0557575000000001,50.0,0.15208830132227552,1.938951729627134
1.0562520000000002,50.0,0.15212370132036548,1.908529423338234
1.0567465,50.0,0.15216325486850377,1.877325393653429
1.057241,50.0,0.15220662774850333,1.8455922676577186
1.0577355000000002,50.0,0.15225338903756283,1.813711844926361
1.05823,50.0,0.15230331147911635,1.782221073898836
1.0587245,50.0,0.1523560611326438,1.7513170699873217
1.0592190000000001,50.0,0.1524110365401706,1.7215340272120432
1.0597135,50.0,0.15246797073965043,1.6931968445895567
1.060208,50.0,0.1525265734580162,1.666568257608674
1.0607025,50.0,0.1525861886053454,1.6421576002245615
1.0611970000000002,50.0,0.15264648889362292,1.6200205422306388
1.0616915,50.0,0.15270716105912957,1.60051811444082
1.062186,50.0,0.1527675334921715,1.5838518225749687
1.0626805000000001,50.0,0.1528272861489176,1.570072645293686
1.063175,50.0,0.1528861153207718,1.559312409372893
1.0636695,50.0,0.15294333926578,1.5516320808098127
1.064164,50.0,0.1529986049655296,1.5469611393063825
1.0646585000000002,50.0,0.15305165365806328,1.5452081074038069
1.065153,50.0,0.15310196369811765,1.546373123490389
1.0656475,50.0,0.15314916802122597,1.550164481742597
1.0661420000000001,50.0,0.15319298368812978,1.5564468874170192
1.0666365,50.0,0.15323308958169607,1.5650573216764583
1.067131,50.0,0.15326917998905504,1.5756108085641998
1.0676255000000001,50.0,0.15330092995272976,1.5879840605158493
1.0681200000000002,50.0,0.15332817656347306,1.601855249394934
1.0686145,50.0,0.1533507650078506,1.6169054349324827
1.069109,50.0,0.15336839674178673,1.632996800924
1.0696035000000002,50.0,0.153380946400237,1.6497663113669527
1.070098,50.0,0.15338842939209357,1.6670756899696495
1.0705925,50.0,0.15339070023433735,1.6846947639793257
1.0710870000000001,50.0,0.15338766823819722,1.7024319922687625
1.0715815000000002,50.0,0.1533795069964058,1.720277185944739
1.072076,50.0,0.15336615992695246,1.7379129915060294
1.0725705,50.0,0.15334762166011498,1.7555146609993095
1.0730650000000002,50.0,0.153324287198208,1.7728921132345639
1.0735595,50.0,0.15329615478528594,1.7900534147911562
1.074054,50.0,0.153263259843057,1.807143880129753
1.0745485000000001,50.0,0.15322610891104937,1.8240080039159163
1.0750430000000002,50.0,0.15318482472650183,1.8408923033495443
1.0755375,50.0,0.15313952904281922,1.8577549314548072
1.076032,50.0,0.15309071115131506,1.8746594793968412
1.0765265000000002,50.0,0.1530386658609895,1.8917571689442418
1.077021,50.0,0.15298365791947616,1.9090172592432593
1.0775155,50.0,0.15292608834364185,1.9264696243279054
1.0780100000000001,50.0,0.15286635981334176,1.9442317945857297
1.0785045,50.0,0.15280491942523824,1.9621686430630523
1.078999,50.0,0.15274216306274094,1.9803091024487356
1.0794935,50.0,0.1526784705287006,1.9985867601576288
1.0799880000000002,50.0,0.15261436705106077,2.016835631821531
1.0804825,50.0,0.15255030641797396,2.034987821311598
1.080977,50.0,0.15248665554080987,2.052840943907779
1.0814715000000001,50.0,0.15242396750506362,2.070178515201576
1.081966,50.0,0.15236266679153898,2.086809173908554
1.0824605,50.0,0.15230305652208276,2.10248117549377
1.0829550000000001,50.0,0.1522457390275166,2.116898459268018
1.0834495000000002,50.0,0.15219114001010428,2.129867291009297
1.083944,50.0,0.1521394494025313,2.141030357351333
1.0844385,50.0,0.15209122907497957,2.1502264840161165
1.0849330000000001,50.0,0.15204692517607024,2.1571366249180777
1.0854275,50.0,0.15200660236402055,2.161558734891928
1.085922,50.0,0.1519706582860321,2.163316552520493
1.0864165000000001,50.0,0.1519395261247678,2.1622254180942027
1.0869110000000002,50.0,0.15191321561165047,2.1581554460468824
1.0874055,50.0,0.15189191010082376,2.15104335506981
1.0879,50.0,0.15187587807650813,2.1408390633851875
1.0883945000000002,50.0,0.15186511004160388,2.127562315896724
1.088889,50.0,0.1518597056668757,2.111298879151307
1.0893835,50.0,0.1518596981861415,2.092119350275948
1.0898780000000001,50.0,0.1518649895606009,2.0703138029337875
1.0903725000000002,50.0,0.1518756059228089,2.045910546260607
1.090867,50.0,0.1518914072063394,2.0193862934150757
1.0913615,50.0,0.15191225761825608,1.9909283507545337
1.0918560000000002,50.0,0.15193806380572492,1.9608615080958984
1.0923505,50.0,0.1519684979650251,1.929645325102799
1.092845,50.0,0.15200338071611305,1.8976095059799494
1.0933395000000001,50.0,0.15204254520135024,1.8651544986051227
1.0938340000000002,50.0,0.15208549073261327,1.8327126077271745
1.0943285,50.0,0.15213195778843705,1.8007189039556146
1.094823,50.0,0.1521817887376608,1.7695040524566028
1.0953175000000002,50.0,0.15223439049995302,1.7395372535381897
1.095812,50.0,0.15228934852751366,1.7110829185433396
1.0963065,50.0,0.15234650544410464,1.684561106189399
1.0968010000000001,50.0,0.15240533782853913,1.6601642534623664
1.0972955,50.0,0.15246530413338286,1.6381817610256402
1.09779,50.0,0.15252613732565626,1.6188300772344142
1.0982845,50.0,0.1525873772573324,1.602147342760633
1.0987790000000002,50.0,0.15264847991040825,1.588340872480382
1.0992735,50.0,0.1527091345952104,1.577407429729759
1.099768,50.0,0.15276886110085475,1.5692772276061755
1.1002625000000001,50.0,0.15282713479130372,1.5639697417157847
1.100757,50.0,0.15288365148808425,1.5613775578799007
1.1012515,50.0,0.15293793825679966,1.5612430425121382
1.1017460000000001,50.0,0.15298957283819953,1.5635686556484318
1.1022405000000002,50.0,0.15303824369155933,1.5679656543812495
1.102735,50.0,0.15308352866924335,1.574350351237777
1.1032295,50.0,0.15312519020899196,1.5824288823542345
1.1037240000000001,50.0,0.15316287497142644,1.5919043000166264
1.1042185,50.0,0.15319620935896328,1.6027184368684186
1.104713,50.0,0.15322518477258146,1.6144322942605087
1.1052075000000001,50.0,0.15324948955038323,1.626994507840032
1.1057020000000002,50.0,0.1532687573775621,1.6401795525611447
1.1061965,50.0,0.153283091109957,1.653789536016363
1.106691,50.0,0.15329237763217637,1.6677611234260965
1.1071855000000002,50.0,0.15329635721755047,1.6819418320744683
1.10768,50.0,0.15329513525413332,1.696330190723994
1.1081745,50.0,0.1532887690548896,1.7108559653379418
1.1086690000000001,50.0,0.153277146127022,1.7254835641037287
1.1091635000000002,50.0,0.15326043783670823,1.7403780631392474
1.109658,50.0,0.15323883954379555,1.7554231219775414
1.1101525,50.0,0.1532123456765559,1.7707817907564123
1.1106470000000002,50.0,0.15318121806587273,1.7865462553513625
1.1111415,50.0,0.15314573944353155,1.8027038488180271
1.111636,50.0,0.1531060101978631,1.8194375422476454
1.1121305000000001,50.0,0.15306235039155386,1.8367085406501529
1.1126250000000002,50.0,0.15301510199747373,1.854689483152479
1.1131195,50.0,0.1529645379368158,1.873260707938924
1.113614,50.0,0.1529109942449683,1.8925678724699275
1.1141085000000002,50.0,0.15285480133316148,1.9124816351766372
1.114603,50.0,0.15279641866084065,1.9329769622361517
1.1150975,50.0,0.1527363066733303,1.9539861336961504
1.1155920000000001,50.0,0.15267472494301224,1.9752757372291285
1.1160865,50.0,0.15261215346699208,1.9968187153658798
1.116581,50.0,0.15254921052266165,2.0182615000916275
1.1170755,50.0,0.1524861512998648,2.0394377276553346
1.1175700000000002,50.0,0.15242342486708085,2.060158546338889
1.1180645,50.0,0.1523616957204012,2.079963911382909
1.118559,50.0,0.15230121161360038,2.0987048643922903
1.1190535000000001,50.0,0.15224240380368204,2.1161106526471336
1.119548,50.0,0.15218589825973727,2.1316613132374145
1.1200425,50.0,0.1521319259413016,2.145341768709133
1.1205370000000001,50.0,0.15208089699727398,2.156681304127191
1.1210315000000002,50.0,0.1520333546920908,2.1655037295165114
1.121526,50.0,0.15198950762420704,2.1715689689128572
1.1220205,50.0,0.1519496597502502,2.174670592958689
1.1225150000000002,50.0,0.1519142329052463,2.174744933267414
1.1230095,50.0,0.15188345942840561,2.171540079579635
1.123504,50.0,0.15185748846644317,2.1651775928558594
1.1239985000000001,50.0,0.151836516778072,2.1555533837818173
1.1244930000000002,50.0,0.1518207348878001,2.142713847802246
1.1249875,50.0,0.1518102529717922,2.1268492958308745
1.125482,50.0,0.15180508533793086,2.1080460310413667
1.1259765000000002,50.0,0.15180522855781672,2.086504333468193
1.126471,50.0,0.15181076863012355,2.0625554423299497
1.1269655,50.0,0.15182162076765743,2.0363687136279136
1.1274600000000001,50.0,0.1518375757097447,2.00839752548513
1.1279545000000002,50.0,0.1518586708698379,1.97893113676063
1.128449,50.0,0.15188474250107184,1.9482958925778593
1.1289435,50.0,0.15191541912641301,1.917043002271087
1.1294380000000002,50.0,0.1519506632898562,1.8853961467878535
1.1299325,50.0,0.15199020349912115,1.853828172103953
1.130427,50.0,0.15203355884464706,1.822747926546529
1.1309215000000001,50.0,0.15208064068303262,1.7924727296653025
1.1314160000000002,50.0,0.15213108608014667,1.763336723413862
1.1319105,50.0,0.1521843109006048,1.7357368830052835
1.132405,50.0,0.152240143188784,1.7098616919000873
1.1328995000000002,50.0,0.15229822400355172,1.6859610655215993
1.133394,50.0,0.15235798252963934,1.6643305376221633
1.1338885,50.0,0.1524190715368587,1.644984738107095
1.1343830000000001,50.0,0.1524810910990899,1.6281017525820827
1.1348775,50.0,0.1525435814381421,1.6137389635342647
1.135372,50.0,0.15260608442225357,1.601869773023789
1.1358665000000001,50.0,0.1526681413038886,1.5925046295302203
1.1363610000000002,50.0,0.15272935671316457,1.5855242534270189
1.1368555,50.0,0.15278928300496974,1.580861648682396
1.13735,50.0,0.15284741688504105,1.5783806199891801
1.1378445000000001,50.0,0.15290338270078593,1.577883206722996
1.138339,50.0,0.15295684504690046,1.5792538566627892
1.1388335,50.0,0.153007301323061,1.5822742293905718
1.1393280000000001,50.0,0.15305442430348007,1.586757433389647
1.1398225000000002,50.0,0.1530979887599364,1.592537764153301
1.140317,50.0,0.15313751636715503,1.5994164068950782
1.1408115,50.0,0.153172800265289,1.6072919263719607
1.1413060000000002,50.0,0.15320375413698661,1.6159256759799265
1.1418005,50.0,0.15322992266142751,1.6253057838728768
1.142295,50.0,0.15325115626991842,1.6353233942937557
1.1427895000000001,50.0,0.15326752561303036,1.6458360288447185
1.1432840000000002,50.0,0.1532787294081382,1.656921114506616
1.1437785,50.0,0.1532846512262864,1.6685489008330219
1.144273,50.0,0.15328544379125097,1.6806354446729743
1.1447675000000002,50.0,0.15328100911199796,1.6933759408320255
1.145262,50.0,0.15327132198699306,1.7067173793904722
1.1457565,50.0,0.15325656980252028,1.7207057538679522
1.1462510000000001,50.0,0.15323681564986677,1.7355277176505808
1.1467455000000002,50.0,0.15321220696630028,1.7511441740080198
1.14724,50.0,0.1531829370878328,1.7676339770772125
1.1477345,50.0,0.15314915110596944,1.7851315464490736
1.1482290000000002,50.0,0.15311117932939453,1.8035546035706704
1.1487235,50.0,0.15306923666518865,1.8229739194066061
1.149218,50.0,0.15302356181120677,1.8434135484962733
1.1497125000000001,50.0,0.15297459216675993,1.8646666119573558
1.1502070000000002,50.0,0.15292254249145154,1.8868505101075914
1.1507015,50.0,0.1528677635977349,1.909665113962018
1.151196,50.0,0.15281081187391424,1.9330592337725443
1.1516905000000002,50.0,0.15275195578273232,1.9568385291792016
1.152185,50.0,0.15269154089863818,1.9806936216465
1.1526795,50.0,0.15263019011540593,2.004530901610701
1.1531740000000001,50.0,0.1525683098162394,2.027908097636506
1.1536685,50.0,0.1525061708194335,2.0506794813710325
1.154163,50.0,0.15244440500647527,2.0724655407442283
1.1546575000000001,50.0,0.15238352389110904,2.0929270534388893
1.1551520000000002,50.0,0.15232374627616116,2.1118981583343674
1.1556465,50.0,0.1522656572046786,2.128904122990856
1.156141,50.0,0.15220975235533923,2.143770859510014
1.1566355000000001,50.0,0.15215629049685467,2.1562611113322196
1.15713,50.0,0.1521057839222936,2.1660295127970572
1.1576245,50.0,0.1520585963385094,2.173024494454358
1.1581190000000001,50.0,0.15201501588757124,2.1769817158487674
1.1586135000000002,50.0,0.15197546869796047,2.1778413441515627
1.159108,50.0,0.15194019536598088,2.1755303385671882
1.1596025,50.0,0.15190948067135018,2.1700331853762895
1.1600970000000002,50.0,0.15188357651899548,2.161364172808387
1.1605915,50.0,0.15186257007250178,2.1496127780967105
1.161086,50.0,0.1518467332246298,2.1349253147432767
1.1615805000000001,50.0,0.1518361770223855,2.1174210654811634
1.1620750000000002,50.0,0.15183081167474385,2.0973978646743805
1.1625695,50.0,0.1518308209997714,2.07502120614139
1.163064,50.0,0.1518362537512211,2.0506049864184117
1.1635585000000002,50.0,0.1518468554098166,2.024512637606629
1.164053,50.0,0.15186265303577906,1.9969728852115856
1.1645475,50.0,0.1518836761187622,1.9684022384441995
1.1650420000000001,50.0,0.15190956748376874,1.9391640170607705
1.1655365000000002,50.0,0.15194015721844017,1.9094856110609433
1.166031,50.0,0.151975398692866,1.8799210399616015
1.1665255,50.0,0.15201489965960588,1.8505887350266315
1.1670200000000002,50.0,0.15205836295784922,1.8219204774516728
1.1675145,50.0,0.15210562258196408,1.7942380645104243
1.168009,50.0,0.15215621808751376,1.76766220351947
1.1685035000000001,50.0,0.1522097766702742,1.742608969627851
1.1689980000000002,50.0,0.15226603694101737,1.7190929641012545
1.1694925,50.0,0.15232451682780723,1.6974070133615144
1.169987,50.0,0.1523848084566364,1.6776386456505206
1.1704815000000002,50.0,0.15244652290347388,1.6597912330329074
1.170976,50.0,0.1525091921513239,1.64406704940038
1.1714705,50.0,0.15257242771026636,1.6303381915889075
1.1719650000000001,50.0,0.15263571438661439,1.6186384944430152
1.1724595,50.0,0.15269859706637887,1.6089989349292524
1.172954,50.0,0.15276075974789136,1.6012003945690778
1.1734485000000001,50.0,0.15282161414410692,1.5952691282188811
1.1739430000000002,50.0,0.15288067183915316,1.591102792644918
1.1744375,50.0,0.15293773218361217,1.5884768729243375
1.174932,50.0,0.15299226300807614,1.5874424253174853
1.1754265000000002,50.0,0.15304374367317572,1.5877311127276579
1.175921,50.0,0.15309204342938737,1.5893390259606348
1.1764155,50.0,0.1531367341243916,1.5921259620085375
1.1769100000000001,50.0,0.15317737966276487,1.5959967430114257
1.1774045000000002,50.0,0.15321390843536675,1.6009387134296063
1.177899,50.0,0.15324599331612074,1.606822920057777
1.1783935,50.0,0.15327331992638565,1.6136801352350207
1.1788880000000002,50.0,0.1532958435119408,1.6214766829409082
1.1793825,50.0,0.15331338930107213,1.6302166895838632
1.179877,50.0,0.15332576636002632,1.6398855327223858
1.1803715000000001,50.0,0.15333295565506874,1.6505952219818445
1.1808660000000002,50.0,0.1533349522499514,1.6623011568576398
1.1813605,50.0,0.15333168726296786,1.6750879234563059
1.181855,50.0,0.15332319724904692,1.6890134194716062
1.1823495000000002,50.0,0.15330958990210433,1.7040763048782748
1.182844,50.0,0.15329096947335563,1.720347458113909
1.1833385,50.0,0.15326747865687737,1.73784015658641
1.1838330000000001,50.0,0.153239199444731,1.7564973304208795
1.1843275000000002,50.0,0.15320641594476483,1.7764015717554944
1.184822,50.0,0.15316944452735218,1.7974040210124
1.1853165,50.0,0.15312832591235417,1.8194475451513583
1.1858110000000002,50.0,0.15308347575342454,1.842542947573315
1.1863055,50.0,0.15303531061284298,1.8663255530630154
1.1868,50.0,0.15298390507087825,1.8908665812873933
1.1872945000000001,50.0,0.15292978247948277,1.9158278214324727
1.187789,50.0,0.15287340248838627,1.9410284619964968
1.1882835,50.0,0.1528149462136378,1.966246639961113
1.1887780000000001,50.0,0.1527549660989282,1.991187026434417
1.1892725000000002,50.0,0.15269395871331026,2.0156077176638894
1.189767,50.0,0.15263221335365376,2.0392023348798727
1.1902615,50.0,0.15257023782386928,2.0616886925512863
1.1907560000000001,50.0,0.15250858175755033,2.082804403683524
1.1912505,50.0,0.15244759715336648,2.1022407931958544
1.191745,50.0,0.1523877038442814,2.119738664141667
1.1922395000000001,50.0,0.15232943575376431,2.1351206235405895
1.1927340000000002,50.0,0.15227320210519452,2.148049167633935
1.1932285,50.0,0.15221939958627279,2.1584545752607376
1.193723,50.0,0.15216842309889272,2.1661195084369553
1.1942175000000002,50.0,0.15212065294241753,2.170941134402301
1.194712,50.0,0.15207651668229483,2.172830794222616
1.1952065,50.0,0.15203626281524343,2.171781987142446
1.1957010000000001,50.0,0.15200017537362479,2.1677459608593144
1.1961955000000002,50.0,0.15196866973495055,2.160848498140055
1.19669,50.0,0.15194185966478826,2.1510599872902456
1.1971845,50.0,0.15191989158135027,2.1386041394891673
1.1976790000000002,50.0,0.1519031124502096,2.1236286148811945
1.1981735,50.0,0.151891515747384,2.106164632563702
1.198668,50.0,0.1518851112732007,2.0867350234494677
1.1991625000000001,50.0,0.15188414911039866,2.0652524867120374
1.1996570000000002,50.0,0.15188849840728924,2.0421481385686837
1.2001515,50.0,0.15189803431290744,2.017743702440781
1.200646,50.0,0.1519129159691733,1.9921457921033783
1.2011405000000002,50.0,0.15193294179374664,1.9657944260151603
1.201635,50.0,0.15195784002774107,1.938908032099757
1.2021295,50.0,0.15198760376833037,1.9117738675865037
1.2026240000000001,50.0,0.1520219934316817,1.8846616474019415
1.2031185000000002,50.0,0.15206069050044704,1.8578272670564175
1.203613,50.0,0.15210348478815902,1.8315010985793536
1.2041075,50.0,0.1521500478576603,1.8059243720758997
1.2046020000000002,50.0,0.15220006858027088,1.7812366722249602
1.2050965,50.0,0.15225317957944434,1.7576866662119366
1.205591,50.0,0.15230894652156726,1.7353336510368353
1.2060855000000001,50.0,0.15236706667068922,1.7143747616191434
1.20658,50.0,0.15242710416521477,1.6948459811136554
1.2070745,50.0,0.15248853491881859,1.6768507787144604
1.2075690000000001,50.0,0.15255103603753528,1.6604426303159106
1.2080635000000002,50.0,0.15261415671901082,1.6455890256690031
1.208558,50.0,0.1526773333208927,1.632410284714635
1.2090525,50.0,0.152740237957228,1.6207887462150483
1.2095470000000001,50.0,0.1528024265842809,1.6107829675118133
1.2100415,50.0,0.1528632873600108,1.6023212271048843
1.210536,50.0,0.15292250886916317,1.595438611835181
1.2110305000000001,50.0,0.15297976483738335,1.5900152660224118
1.2115250000000002,50.0,0.15303441921108865,1.5860625106501265
1.2120195,50.0,0.15308615986453084,1.5836238786804786
1.212514,50.0,0.15313478440114736,1.582488405445269
1.2130085000000002,50.0,0.15317973316238048,1.5828176162505783
1.213503,50.0,0.1532207510790668,1.584548708521735
1.2139975,50.0,0.15325767008926747,1.5875610502541513
1.2144920000000001,50.0,0.15329010489758393,1.592040162158776
1.2149865000000002,50.0,0.1533179062619969,1.5978698900156962
1.215481,50.0,0.15334087273117966,1.6050480758219605
1.2159755,50.0,0.15335882534789802,1.6137402875620133
1.2164700000000002,50.0,0.15337173593523273,1.6237254487716737
1.2169645,50.0,0.15337941912413672,1.635261230956022
1.217459,50.0,0.1533818613506601,1.6481895454713686
1.2179535000000001,50.0,0.15337911130872645,1.6625243644182561
1.2184480000000002,50.0,0.15337108906711713,1.6783670714548717
1.2189425,50.0,0.15335792561778877,1.6955463965629411
1.219437,50.0,0.1533397727460407,1.7140985015040602
1.2199315000000002,50.0,0.15331663422005337,1.7339716177698485
1.220426,50.0,0.1532886975463829,1.7550397654677012
1.2209205,50.0,0.15325630576256766,1.777233013021463
1.2214150000000001,50.0,0.1532195457369917,1.8004145474773101
1.2219095000000002,50.0,0.15317859959472968,1.8244521684579047
1.222404,50.0,0.15313397565963247,1.8491796632186506
1.2228985,50.0,0.15308586181201642,1.8743347643566741
1.2233930000000002,50.0,0.15303446048089542,1.899886110631073
1.2238875,50.0,0.15298034381102252,1.925391852637711
1.224382,50.0,0.15292381477049602,1.950783732409571
1.2248765000000001,50.0,0.1528651748830173,1.975791678151714
1.225371,50.0,0.1528049644653607,2.000080164456021
1.2258655,50.0,0.1527435566737252,2.0235288013921675
1.2263600000000001,50.0,0.15268137426617878,2.0458077910464167
1.2268545000000002,50.0,0.15261893412068195,2.066725556697604
1.227349,50.0,0.1525566345200628,2.0860107748262173
1.2278435,50.0,0.15249493364416147,2.1035363461390695
1.2283380000000002,50.0,0.15243430783084597,2.119001286450743
1.2288325,50.0,0.15237515557048936,2.1323320477304195
1.229327,50.0,0.1523179789903635,2.143354588104223
1.2298215000000001,50.0,0.15226316823801972,2.151889925190535
1.2303160000000002,50.0,0.1522110341297934,2.1579946146195796
1.2308105,50.0,0.15216213155043415,2.1614537772649687
1.231305,50.0,0.1521167683546817,2.162312172130389
1.2317995000000002,50.0,0.15207511985265906,2.160636537720614
1.232294,50.0,0.1520377126338828,2.15629574380182
1.2327885,50.0,0.15200481121500883,2.1495028539782113
1.2332830000000001,50.0,0.15197646058509287,2.1402935389538094
1.2337775000000002,50.0,0.1519530277233265,2.128711265419747
1.234272,50.0,0.1519347390815983,2.1150186629965964
1.2347665,50.0,0.15192156646507643,2.099255526595626
1.2352610000000002,50.0,0.15191367549957638,2.081669357096108
1.2357555,50.0,0.15191118152408822,2.062395369214708
1.23625,50.0,0.15191398017771043,2.0416472946320696
1.2367445000000001,50.0,0.15192210006073775,2.0196707806899545
1.2372390000000002,50.0,0.15193554938505416,1.9965795464264549
1.2377335,50.0,0.15195411835199427,1.9726819553273647
1.238228,50.0,0.1519777037007232,1.9481460474703103
1.2387225000000002,50.0,0.15200619275117305,1.9231562935247728
1.239217,50.0,0.15203931573693133,1.897975476361473
1.2397115,50.0,0.1520768617287968,1.8727428187316357
1.2402060000000001,50.0,0.1521185376511875,1.8476726694106125
1.2407005000000002,50.0,0.15216404774473455,1.8229503707877148
1.241195,50.0,0.15221313923901733,1.798714051613493
1.2416895000000001,50.0,0.1522653043148602,1.7751310875500366
1.2421840000000002,50.0,0.15232021337188148,1.7523644394184381
1.2426785,50.0,0.1523776398299285,1.7304873337303828
1.243173,50.0,0.1524369326507712,1.7096844056928655
1.2436675000000001,50.0,0.15249768829689372,1.6900246929986522
1.244162,50.0,0.15255967071483065,1.6715651920107615
1.2446565,50.0,0.15262223405659514,1.6545048630961174
1.2451510000000001,50.0,0.15268494031485758,1.638802051342005
1.2456455000000002,50.0,0.15274748737357394,1.624556046849988
1.24614,50.0,0.1528092752448392,1.6119168262428252
1.2466345,50.0,0.152869860181688,1.6007630193111855
1.2471290000000002,50.0,0.15292892545280262,1.5913125558936325
1.2476235,50.0,0.15298595764089012,1.583507578452257
1.248118,50.0,0.15304049769945183,1.5773878791329121
1.2486125000000001,50.0,0.15309226204601614,1.5730438298946292
1.2491070000000002,50.0,0.15314086419981762,1.5704238396865045
1.2496015,50.0,0.1531858719792527,1.5696085390332468
1.250096,50.0,0.15322704940183662,1.5705851561870932
1.2505905000000002,50.0,0.15326411537672172,1.573350316749148
1.251085,50.0,0.1532967899104756,1.5779497023470928
1.2515795,50.0,0.1533248541469653,1.5843187452317917
1.2520740000000001,50.0,0.1533480611589086,1.5924828994899063
1.2525685000000002,50.0,0.1533663830206878,1.602417875134043
1.253063,50.0,0.1533796522324362,1.6140416434826035
1.2535575,50.0,0.15338764053191303,1.6273874708568739
1.2540520000000002,50.0,0.1533904885179843,1.6423155085208703
1.2545465,50.0,0.1533881352135367,1.6588011363918633
1.255041,50.0,0.15338045099119654,1.6767423904243455
1.2555355000000001,50.0,0.1533676767586146,1.69605006976143
1.2560300000000002,50.0,0.15334986727152639,1.7165766952136294
1.2565245,50.0,0.15332699527073312,1.7382350958752404
1.257019,50.0,0.15329939716526372,1.7608692415570293
1.2575135000000002,50.0,0.15326725345078254,1.7842903123292888
1.258008,50.0,0.15323061278142439,1.808415131283193
1.2585025,50.0,0.15318988548377807,1.8329755526081337
1.2589970000000001,50.0,0.15314537617571414,1.8578599744302013
1.2594915000000002,50.0,0.1530972224678423,1.882851651029333
1.259986,50.0,0.15304585015339803,1.907733936024793
1.2604805000000001,50.0,0.15299165495029737,1.9323656071866373
1.2609750000000002,50.0,0.15293494313671988,1.9565003866159212
1.2614695,50.0,0.1528761206775728,1.9799417805731399
1.261964,50.0,0.15281557793973383,2.002569205601832
1.2624585000000002,50.0,0.15275379007645168,2.024075061094391
1.262953,50.0,0.15269120241958084,2.044426600536724
1.2634475,50.0,0.15262818117241764,2.063346433009543
1.2639420000000001,50.0,0.15256524062404123,2.0807100772207425
1.2644365000000002,50.0,0.15250287786656347,2.096458963270865
1.264931,50.0,0.15244144296431575,2.110296166341522
1.2654255,50.0,0.15238141481437895,2.1222945925474312
1.2659200000000002,50.0,0.1523233270928911,2.132255229607995
1.2664145,50.0,0.15226746407486907,2.1400772689044465
1.266909,50.0,0.1522142532390102,2.145831540264923
1.2674035000000001,50.0,0.15216424723770136,2.14933561868415
1.2678980000000002,50.0,0.15211760736736643,2.150623399689651
1.2683925,50.0,0.15207470542305326,2.149763255508858
1.268887,50.0,0.1520360710420495,2.1466062652872218
1.2693815000000002,50.0,0.15200175952576592,2.141369469916845
1.269876,50.0,0.15197202463504517,2.13393672319482
1.2703705,50.0,0.15194727203778033,2.124471568421602
1.2708650000000001,50.0,0.15192754705339315,2.1130287622927333
1.2713595000000002,50.0,0.1519129769225284,2.099638349910638
1.271854,50.0,0.15190373715009056,2.084525547639467
1.2723485,50.0,0.15189983879518376,2.0676524659195907
1.2728430000000002,50.0,0.1519013343459387,2.0492908190311687
1.2733375,50.0,0.1519081879687759,2.0294725719927675
1.273832,50.0,0.151920321237597,2.0084089919356916
1.2743265000000001,50.0,0.151937709786066,1.9862207212958825
1.2748210000000002,50.0,0.1519601617925165,1.9630581625244734
1.2753155,50.0,0.15198749362853514,1.9391621848581928
1.27581,50.0,0.1520195868016269,1.91458444293146
1.2763045000000002,50.0,0.15205613895669245,1.8896105060366755
1.276799,50.0,0.15209684703086243,1.8643587755096065
1.2772935,50.0,0.152141525026385,1.8390425181535737
1.2777880000000001,50.0,0.152189772877359,1.8138166650498255
1.2782825000000002,50.0,0.15224113906999157,1.7888815917745937
1.278777,50.0,0.152295435289788,1.764439835401244
1.2792715000000001,50.0,0.1523522206597816,1.7406193441372466
1.2797660000000002,50.0,0.15241088870970287,1.7176161873167564
1.2802605,50.0,0.15247121624709017,1.6956728143053272
1.280755,50.0,0.15253277949050623,1.6747739215676003
1.2812495000000002,50.0,0.15259493724249726,1.6552734441727834
1.281744,50.0,0.15265739614653592,1.6372279863393449
1.2822385,50.0,0.15271971582955393,1.6206857541565343
1.2827330000000001,50.0,0.15278133088044293,1.6059965291101046
1.2832275000000002,50.0,0.1528418951045338,1.5930183351319585
1.283722,50.0,0.15290094591845388,1.5820312170045712
1.2842165,50.0,0.15295802930096383,1.5730525108278473
1.2847110000000002,50.0,0.15301278931041307,1.5660992041878181
1.2852055,50.0,0.1530647797245483,1.5613210750024946
1.2857,50.0,0.1531136507399492,1.558664697787137
1.2861945000000001,50.0,0.15315908459260388,1.558161870166233
1.2866890000000002,50.0,0.15320069344255283,1.5598475318465852
1.2871835,50.0,0.15323825517855497,1.5636475047536558
1.287678,50.0,0.1532715235604779,1.5695360436155497
1.2881725000000002,50.0,0.15330013601731904,1.5774852439777616
1.288667,50.0,0.15332401557113792,1.5873800289676778
1.2891615,50.0,0.15334306706418693,1.599163117349755
1.2896560000000001,50.0,0.1533569557080935,1.6126855274764709
1.2901505000000002,50.0,0.15336568849606727,1.627921061142795
1.290645,50.0,0.1533693251659592,1.6446231836782221
1.2911395,50.0,0.15336765126610807,1.662740611502087
1.2916340000000002,50.0,0.15336071836320456,1.6821111347174846
1.2921285,50.0,0.15334870014242927,1.7025739492393703
1.292623,50.0,0.15333155791999248,1.723933755566939
1.2931175000000001,50.0,0.15330938852029893,1.7461490010883853
1.2936120000000002,50.0,0.15328246221690853,1.7689265360503514
1.2941065,50.0,0.15325087962658285,1.7921565481568855
1.2946010000000001,50.0,0.15321482994733765,1.815765297399272
1.2950955000000002,50.0,0.15317466805812233,1.839413364268915
1.29559,50.0,0.1531305658797359,1.8631462313652218
1.2960845,50.0,0.15308283327944258,1.8866590053023284
1.2965790000000001,50.0,0.15303185785118875,1.9098903382991124
1.2970735000000002,50.0,0.15297791267522817,1.9326973659886233
1.297568,50.0,0.15292144283658207,1.9549057543881085
1.2980625000000001,50.0,0.15286277517274216,1.9763985018671628
1.2985570000000002,50.0,0.1528022849518559,1.997120772728481
1.2990515,50.0,0.1527405586465927,2.01682886427721
1.299546,50.0,0.1526778765600273,2.035503078587048
1.3000405000000002,50.0,0.15261465455433787,2.053052108201989
1.300535,50.0,0.1525515438913451,2.0692425708912103
1.3010295,50.0,0.1524888516048613,2.0841354801497656
1.3015240000000001,50.0,0.15242697023600313,2.097536946817105
1.3020185000000002,50.0,0.15236652203604925,2.109382783845952
1.302513,50.0,0.15230787845124977,2.119581973641552
1.3030075,50.0,0.1522513699147086,2.1281016445742456
1.3035020000000002,50.0,0.15219753681452747,2.134800157545245
1.3039965,50.0,0.1521467634700163,2.1396512006318282
1.304491,50.0,0.15209931212238464,2.1426081274230167
1.3049855000000001,50.0,0.15205565474608432,2.1435857624542027
1.3054800000000002,50.0,0.15201611613334493,2.1425796273027937
1.3059745,50.0,0.15198086922072376,2.139527982620769
1.306469,50.0,0.15195027884002507,2.134470459104112
1.3069635000000002,50.0,0.15192457992401248,2.1273117775311383
1.307458,50.0,0.15190389243959307,2.1181701113960605
1.3079525,50.0,0.15188841479326104,2.1069995318905144
1.3084470000000001,50.0,0.15187822916876617,2.093846061971709
1.3089415000000002,50.0,0.15187342851279118,2.078817548824341
1.309436,50.0,0.1518740646415803,2.0619304310328874
1.3099305,50.0,0.15188001760797312,2.043311604056438
1.3104250000000002,50.0,0.1518913388996941,2.023117448837295
1.3109195,50.0,0.15190798301478542,2.0013444187815708
1.311414,50.0,0.15192963056491143,1.9783241256741058
1.3119085000000001,50.0,0.1519562501281085,1.9541305470729498
1.3124030000000002,50.0,0.15198772012111098,1.9288482185539213
1.3128975,50.0,0.15202360094406603,1.9029497179715107
1.3133920000000001,50.0,0.152063741784076,1.8763380236776837
1.3138865000000002,50.0,0.15210791920409228,1.8494259758370946
1.314381,50.0,0.15215563102081528,1.8224391827189255
1.3148755,50.0,0.15220661552281728,1.7954815632372583
1.3153700000000002,50.0,0.1522605847256259,1.768975108520024
1.3158645000000002,50.0,0.15231699048096012,1.7430113761194346
1.316359,50.0,0.15237546019566903,1.7179209211675635
1.3168535000000001,50.0,0.1524356700324931,1.6939084823218746
1.3173480000000002,50.0,0.15249707798940912,1.6711550594450315
1.3178425,50.0,0.1525592441206197,1.6499682298791654
1.318337,50.0,0.15262178272184215,1.6304432445598196
1.3188315000000002,50.0,0.15268420888796283,1.6127897340996302
1.319326,50.0,0.1527460764735589,1.5972149715376696
1.3198205,50.0,0.15280692952205685,1.5837352290399633
1.3203150000000001,50.0,0.15286634171135063,1.572596958130816
1.3208095000000002,50.0,0.15292394257499892,1.5637434973714395
1.321304,50.0,0.15297924273364835,1.5573411030600561
1.3217985,50.0,0.1530318279006556,1.5533379831912322
1.3222930000000002,50.0,0.1530814501339975,1.5517498440526145
1.3227875,50.0,0.15312766626358623,1.5525865893540767
1.323282,50.0,0.15317008846600783,1.5557149796149434
1.3237765000000001,50.0,0.1532085890380798,1.5611377978279197
1.3242710000000002,50.0,0.1532427967650208,1.5686708941507717
1.3247655,50.0,0.15327238131615353,1.5782918368477339
1.32526,50.0,0.1532973573164596,1.5897628280786202
1.3257545000000002,50.0,0.15331743187146185,1.6029946784697278
1.326249,50.0,0.15333236083651094,1.6178634215990462
1.3267435,50.0,0.15334226835673503,1.634087145964618
1.3272380000000001,50.0,0.15334696938802078,1.6516203829012506
1.3277325000000002,50.0,0.15334635264871946,1.6702584002584542
1.328227,50.0,0.15334057241994595,1.6897403933040192
1.3287215,50.0,0.15332960923010616,1.7100961222433553
1.3292160000000002,50.0,0.15331350545659253,1.7309733718451643
1.3297105,50.0,0.15329239732816674,1.7523379619999335
1.330205,50.0,0.15326643165813988,1.7740781810876245
1.3306995000000001,50.0,0.15323580893270553,1.7959173314792671
1.3311940000000002,50.0,0.153200706297399,1.817961885257028
1.3316885,50.0,0.1531613525196088,1.8399031362952678
1.3321830000000001,50.0,0.1531180591296476,1.8617499629063419
1.3326775000000002,50.0,0.15307112037278123,1.8834240782953684
1.333172,50.0,0.15302078936743405,1.9047517128160318
1.3336665,50.0,0.1529674754815867,1.9257672449798493
1.3341610000000002,50.0,0.15291158510063016,1.9463141690571995
1.3346555000000002,50.0,0.15285335834633762,1.9663394716897697
1.33515,50.0,0.1527933145959291,1.985815286670202
1.3356445000000001,50.0,0.15273193509257316,2.004586392654442
1.3361390000000002,50.0,0.15266944885072622,2.0226339355045924
1.3366335,50.0,0.15260644861373548,2.039876341225063
1.337128,50.0,0.15254345985511428,2.056145698499753
1.3376225000000002,50.0,0.15248071324872411,2.071455673795729
1.338117,50.0,0.15241879278845716,2.0856271959060066
1.3386115,50.0,0.15235824695835126,2.0985443064419003
1.3391060000000001,50.0,0.15229933978407825,2.1101750882936194
1.3396005000000002,50.0,0.15224256900108876,2.1203083995687715
1.340095,50.0,0.15218842228858084,2.128875040806097
1.3405895,50.0,0.15213721304228892,2.1357772545621847
1.3410840000000002,50.0,0.1520893593108893,2.1408343219188786
1.3415785,50.0,0.15204522142479787,2.14401284236751
1.342073,50.0,0.15200510445270363,2.145162010519384
1.3425675000000001,50.0,0.1519693563223637,2.1442137318987005
1.3430620000000002,50.0,0.1519381878480116,2.141095550547246
1.3435565,50.0,0.15191184518094256,2.1357393662022455
1.344051,50.0,0.15189059056438756,2.128121522121137
1.3445455000000002,50.0,0.15187447876369664,2.1182357640285443
1.34504,50.0,0.15186365585385964,2.1060476457689994
1.3455345,50.0,0.15185828205734955,2.0916593796297014
1.3460290000000001,50.0,0.1518582686227059,2.0750993633154238
1.3465235000000002,50.0,0.1518636198019396,2.0564318312394967
1.347018,50.0,0.1518744290761313,2.0358707347112346
1.3475125000000001,50.0,0.15189046536228218,2.013445372139419
1.3480070000000002,50.0,0.15191155377415236,1.98942470371724
1.3485015,50.0,0.1519377359350152,1.96399770264775
1.348996,50.0,0.1519686952361452,1.9373130458324823
1.3494905000000001,50.0,0.15200410067746575,1.9097390797841491
1.3499850000000002,50.0,0.1520438788870318,1.8814398444060088
1.3504795,50.0,0.15208766227684112,1.8527344179735288
1.3509740000000001,50.0,0.15213504066180739,1.8239160435851751
1.3514685000000002,50.0,0.15218580030653742,1.795267367165091
1.351963,50.0,0.1522395184860767,1.7670677083847932
1.3524575,50.0,0.15229576523061725,1.739662246874092
1.3529520000000002,50.0,0.15235420762605636,1.7132566533325198
1.3534465,50.0,0.15241436543672388,1.6881773671253284
1.353941,50.0,0.1524758271126081,1.664679278294388
1.3544355000000001,50.0,0.15253818501074481,1.6429226138156658
1.3549300000000002,50.0,0.15260091528474132,1.6232182912462063
1.3554245,50.0,0.15266365785185243,1.6056631887002726
1.355919,50.0,0.1527259379768867,1.5904033663648232
1.3564135000000002,50.0,0.15278722180883142,1.5776329366059203
1.356908,50.0,0.15284724050161455,1.5673284723392078
1.3574025,50.0,0.15290549340661488,1.5595811108096762
1.3578970000000001,50.0,0.1529614464576577,1.554439956011491
1.3583915000000002,50.0,0.15301488445598188,1.551768542267124
1.358886,50.0,0.15306539690380055,1.5516573577529122
1.3593805,50.0,0.15311248448650897,1.553877805289587
1.3598750000000002,50.0,0.15315593610872946,1.5584229682370914
1.3603695,50.0,0.1531954963274526,1.5651383867939557
1.360864,50.0,0.15323074042587903,1.5737837550790352
1.3613585000000001,50.0,0.1532614835221101,1.5843812367574075
1.3618530000000002,50.0,0.153287609600939,1.5965410930187571
1.3623475,50.0,0.1533087989391014,1.6102257215007032
1.362842,50.0,0.15332495550084316,1.6252604956645675
1.3633365000000002,50.0,0.153336047424039,1.6413255636609985
1.363831,50.0,0.15334187251762138,1.6584422787627584
1.3643255,50.0,0.1533424701231267,1.6763254154334084
1.3648200000000001,50.0,0.15333785956789156,1.694813616022035
1.3653145000000002,50.0,0.15332799938075944,1.7139297872043318
1.365809,50.0,0.15331303547403755,1.7333272408688505
1.3663035000000001,50.0,0.15329300501210033,1.7531038277083029
1.3667980000000002,50.0,0.15326807857454916,1.7730740547797097
1.3672925,50.0,0.15323849963758845,1.7931650744454601
1.367787,50.0,0.153204322527626,1.813363109064571
1.3682815000000002,50.0,0.15316586170847551,1.833577915707937
1.3687760000000002,50.0,0.15312348278029433,1.8538091900318787
1.3692705,50.0,0.1530772997884198,1.87393331770024
1.3697650000000001,50.0,0.15302767494748643,1.8940765391917171
1.3702595000000002,50.0,0.1529750929890905,1.9140106676497715
1.370754,50.0,0.15291975900185353,1.9338314205759761
1.3712485,50.0,0.1528620473110703,1.953459738496774
1.3717430000000002,50.0,0.15280251018799995,1.97278718581889
1.3722375,50.0,0.15274144941336257,1.9918094198626362
1.372732,50.0,0.152679270765712,2.010401069482289
1.3732265000000001,50.0,0.15261654314631873,2.0284765987753928
1.3737210000000002,50.0,0.1525536279697707,2.0459256591033066
1.3742155,50.0,0.15249094459095222,2.0625932522769865
1.37471,50.0,0.15242906099364528,2.078392089201684
1.3752045000000002,50.0,0.1523683815627322,2.09310710050322
1.375699,50.0,0.15230930268187728,2.1065961992619897
1.3761935,50.0,0.15225233279559,2.1187456780316207
1.3766880000000001,50.0,0.15219787323112613,2.1292490399545874
1.3771825000000002,50.0,0.15214632749648313,2.1381125637510245
1.377677,50.0,0.1520980881225518,2.1449946572156855
1.3781715,50.0,0.1520534686474311,2.149855789890562
1.3786660000000002,50.0,0.1520128958627787,2.1525503422832695
1.3791605,50.0,0.15197663891387367,2.1528162397333457
1.379655,50.0,0.1519448590716613,2.1507732160626136
1.3801495000000001,50.0,0.1519179641926524,2.1461489920426025
1.3806440000000002,50.0,0.15189611997807997,2.1389571798752924
1.3811385,50.0,0.15187933057109324,2.1292537610746316
1.3816330000000001,50.0,0.15186789874879222,2.1169272770588345
1.3821275000000002,50.0,0.15186187818679675,2.1020770055419415
1.382622,50.0,0.1518611616961629,2.084874145855682
1.3831165,50.0,0.15186591359012938,2.0652708008181855
1.3836110000000001,50.0,0.15187606410900337,2.043570572838271
1.3841055000000002,50.0,0.1518913957172059,2.019904011260502
1.3846,50.0,0.15191192651601187,1.9944778514981523
1.3850945000000001,50.0,0.15193750430022407,1.9675931106547828
1.3855890000000002,50.0,0.15196781745015134,1.9394542530726073
1.3860835,50.0,0.15200271830608472,1.9104376077460286
1.386578,50.0,0.15204197643183284,1.880770234243368
1.3870725000000002,50.0,0.15208524719770253,1.8508427943299215
1.3875670000000002,50.0,0.15213222966123233,1.8209249236033018
1.3880615,50.0,0.15218258940935103,1.791396677843707
1.3885560000000001,50.0,0.15223598173688144,1.7625378340176199
1.3890505000000002,50.0,0.15229201804243753,1.7346777266298206
1.389545,50.0,0.1523502497961838,1.7081181366761726
1.3900395,50.0,0.1524102917796091,1.6831097200573386
1.3905340000000002,50.0,0.1524717777937999,1.6599147908714036
1.3910285,50.0,0.15253417307892553,1.6387269022783852
1.391523,50.0,0.1525970316887767,1.6197866387236082
1.3920175000000001,50.0,0.15266004128931018,1.6031348758421182
1.3925120000000002,50.0,0.1527226029860348,1.5889833816006702
1.3930065,50.0,0.15278428824295254,1.5773766701788559
1.393501,50.0,0.15284482366415295,1.5682957873574332
1.3939955000000002,50.0,0.15290357181902328,1.5617880579608605
1.39449,50.0,0.15296016138260926,1.5578624027710255
1.3949845,50.0,0.15301435372355454,1.5562840255990273
1.3954790000000001,50.0,0.1530655647688364,1.5571573948969621
1.3959735000000002,50.0,0.1531134654509932,1.5602125711891195
1.396468,50.0,0.15315784284435005,1.565330217640419
1.3969625,50.0,0.1531982691693026,1.5724232529786493
1.3974570000000002,50.0,0.1532344555763127,1.5812006730014032
1.3979515,50.0,0.15326620850505016,1.5916034301322097
1.398446,50.0,0.15329328901312428,1.6033618574575497
1.3989405000000001,50.0,0.15331550566274457,1.616364612032927
1.3994350000000002,50.0,0.15333270180829794,1.6304101887970432
1.3999295,50.0,0.15334475450894486,1.6453804519085409
1.4004240000000001,50.0,0.15335162682945125,1.6610734199575
1.4009185000000002,50.0,0.15335325279061562,1.6774605622155294
1.401413,50.0,0.153349579487056,1.694352885942632
1.4019075,50.0,0.15334072124554238,1.7116965658854824
1.4024020000000001,50.0,0.15332670684346383,1.7294512328296205
1.4028965000000002,50.0,0.1533075652209987,1.7475176027540078
1.403391,50.0,0.1532835619762859,1.765895909997267
1.4038855000000001,50.0,0.15325480716064974,1.7845450867473756
1.4043800000000002,50.0,0.1532213990733532,1.8034702566081608
1.4048745,50.0,0.15318374080445699,1.8226307506402015
1.405369,50.0,0.15314204354240155,1.842043687854054
1.4058635000000002,50.0,0.15309644706015246,1.8616729279239752
1.4063580000000002,50.0,0.15304744920416236,1.8815586584085435
1.4068525,50.0,0.15299538495323242,1.90154332161871
1.4073470000000001,50.0,0.15294044022989864,1.921763336865081
1.4078415000000002,50.0,0.1528831409034773,1.9420076650631848
1.408336,50.0,0.15282390655777384,1.9622421983884937
1.4088305,50.0,0.15276303510909964,1.9824710358447262
1.4093250000000002,50.0,0.15270105426892908,2.0023637802425904
1.4098195,50.0,0.15263837587997223,2.0220257805222306
1.410314,50.0,0.1525754254420861,2.0411035004143527
1.4108085000000001,50.0,0.15251272230737242,2.059505757863597
1.4113030000000002,50.0,0.152450654681238,2.0770831467466984
1.4117975,50.0,0.15238971644238963,2.093499515071657
1.412292,50.0,0.1523303855229903,2.1086938183792556
1.4127865000000002,50.0,0.15227302109881802,2.1223638373799747
1.413281,50.0,0.15221812401901472,2.134298917309514
1.4137755,50.0,0.15216611958728427,2.1443464641607592
1.4142700000000001,50.0,0.15211728899028523,2.1522494495615967
1.4147645000000002,50.0,0.15207209089402662,2.157874511639713
1.415259,50.0,0.15203090893221546,2.1610393553239953
1.4157535,50.0,0.15199389588556592,2.1616180633705375
1.4162480000000002,50.0,0.1519614014735026,2.159525590709501
1.4167425,50.0,0.1519337871491439,2.154651151207199
1.417237,50.0,0.1519110837724064,2.1470235211803543
1.4177315000000001,50.0,0.15189346744911963,2.13659051239218
1.4182260000000002,50.0,0.15188122147288766,2.123428565546283
1.4187205,50.0,0.15187429189284019,2.1076087709769156
1.4192150000000001,50.0,0.151872704697474,2.08927431312411
1.4197095000000002,50.0,0.15187659582623658,2.068564049571548
1.420204,50.0,0.15188581361661405,2.04565944758814
1.4206985,50.0,0.15190028719625756,2.0208811086014657
1.4211930000000002,50.0,0.15191998924399977,1.9943603146518938
1.4216875000000002,50.0,0.15194466659123534,1.9664881007527601
1.422182,50.0,0.15197418217078734,1.9375450796401157
1.4226765000000001,50.0,0.15200833504116132,1.9078071995631078
1.4231710000000002,50.0,0.15204680692445685,1.8776839150461644
1.4236655,50.0,0.15208940668200058,1.8474631251441316
1.42416,50.0,0.15213575641933874,1.8174638015941749
1.4246545000000002,50.0,0.15218550893075525,1.788108157771548
1.4251490000000002,50.0,0.1522384371167138,1.7595606864349125
1.4256435,50.0,0.15229402069795417,1.7322819040522337
1.4261380000000001,50.0,0.15235185307470742,1.7064293490369686
1.4266325000000002,50.0,0.15241168478039352,1.6822621940600637
1.427127,50.0,0.15247296879147584,1.6600981716301668
1.4276215,50.0,0.15253520602412188,1.6399341971330992
1.4281160000000002,50.0,0.15259810219633757,1.6221045308016278
1.4286105,50.0,0.15266116801555554,1.6065784301022439
1.429105,50.0,0.15272383955747412,1.5934607487893195
1.4295995000000001,50.0,0.15278580564073616,1.58284653618377
1.4300940000000002,50.0,0.15284661939437735,1.574609360148873
1.4305885,50.0,0.15290571805255304,1.5688090381191178
1.431083,50.0,0.15296281342871762,1.5653595111607728
1.4315775000000002,50.0,0.15301747897392987,1.5640877191931093
1.432072,50.0,0.153069230289176,1.5650051804518055
1.4325665,50.0,0.15311780303458392,1.56786164202862
1.4330610000000001,50.0,0.15316282765994407,1.5725483836486247
1.4335555000000002,50.0,0.15320393752013703,1.578957876224818
1.43405,50.0,0.1532408912803229,1.5868271970026404
1.4345445000000001,50.0,0.1532734008216326,1.5961029081143856
1.4350390000000002,50.0,0.15330126541280945,1.6065740506776378
1.4355335,50.0,0.15332430884115433,1.6181199008004923
1.436028,50.0,0.15334228034522798,1.6306104987920482
1.4365225000000001,50.0,0.15335515646053838,1.6439550422333267
1.4370170000000002,50.0,0.15336289189568267,1.6580226905716544
1.4375115,50.0,0.1533652710576452,1.672770661274473
1.4380060000000001,50.0,0.15336240335756235,1.6881462238743565
1.4385005000000002,50.0,0.15335438309088173,1.7040586247651854
1.438995,50.0,0.15334107601273492,1.7205480523918397
1.4394895,50.0,0.15332269330807632,1.7375618944283204
1.4399840000000002,50.0,0.1532994354034932,1.7550685421573844
1.4404785000000002,50.0,0.15327129594042305,1.7731563419384078
1.440973,50.0,0.15323856209658002,1.791715775929566
1.4414675000000001,50.0,0.15320151621497224,1.810835714266779
1.4419620000000002,50.0,0.15316029115063592,1.8304547311203612
1.4424565,50.0,0.15311521658166166,1.8505603540408626
1.442951,50.0,0.15306667373227445,1.8711663557307356
1.4434455000000002,50.0,0.15301491636560177,1.8921095768093827
1.4439400000000002,50.0,0.15296028726770805,1.9134687681241347
1.4444345,50.0,0.152903240968228,1.9350097827651684
1.4449290000000001,50.0,0.15284413674832,1.9566876743835984
1.4454235000000002,50.0,0.15278337525974547,1.9783930514647108
1.445918,50.0,0.15272140687944571,1.9998476232877682
1.4464125,50.0,0.15265864389882794,2.0210011913313353
1.4469070000000002,50.0,0.15259560088534008,2.0415914541558706
1.4474015,50.0,0.15253267786885533,2.0613487756590367
1.447896,50.0,0.15247029064528134,2.080178103908702
1.4483905000000001,50.0,0.15240904322399085,2.097727198777196
1.4488850000000002,50.0,0.15234927642479937,2.1137796694203725
1.4493795,50.0,0.15229137786409522,2.128188600787785
1.449874,50.0,0.15223595988842503,2.1406117695096327
1.4503685000000002,50.0,0.15218330910037128,2.1508953966873396
1.450863,50.0,0.15213376247443028,2.158876569682953
1.4513575,50.0,0.15208787428152776,2.164318466777575
1.4518520000000001,50.0,0.15204585426756967,2.1671151339992374
1.4523465000000002,50.0,0.15200796011443243,2.1671868344332577
1.452841,50.0,0.15197464534722088,2.16437710402989
1.4533355000000001,50.0,0.1519460555391855,2.158739723010339
1.4538300000000002,50.0,0.1519223397154444,2.1502239394598015
1.4543245,50.0,0.15190377901212335,2.138848208582973
1.454819,50.0,0.15189047721446616,2.1247952637906806
1.4553135000000001,50.0,0.15188247812254188,2.1080335455310415
1.4558080000000002,50.0,0.15187986759367067,2.0888900730052193
1.4563025,50.0,0.1518826647734759,2.06742090420319
1.4567970000000001,50.0,0.15189082619973526,2.0439204389096735
1.4572915000000002,50.0,0.15190428584183066,2.0186681027741193
1.457786,50.0,0.15192291683536213,1.9918489195682927
1.4582805,50.0,0.15194660685796674,1.9638952271276553
1.4587750000000002,50.0,0.15197519694830375,1.9349925277653772
1.4592695000000002,50.0,0.15200838765693672,1.9055417275185207
1.459764,50.0,0.15204600379767982,1.8758797981696211
1.4602585000000001,50.0,0.15208781738458826,1.846235880919532
1.4607530000000002,50.0,0.15213338243115163,1.8170371481882224
1.4612475,50.0,0.15218248663125755,1.7885555312962602
1.461742,50.0,0.15223482173584962,1.7609885663235205
1.4622365000000002,50.0,0.1522898298466911,1.7347610893928924
1.4627310000000002,50.0,0.15234726199267037,1.7099746869469759
1.4632255,50.0,0.15240675908197152,1.686874477643892
1.4637200000000001,50.0,0.15246770981694038,1.6656858683827516
1.4642145000000002,50.0,0.1525297884855579,1.6464842990055752
1.464709,50.0,0.15259262219749928,1.629402647359874
1.4652035,50.0,0.15265561321157403,1.6145239998742635
1.4656980000000002,50.0,0.15271836672734704,1.6018877808179472
1.4661925,50.0,0.15278050054909764,1.5914550360610282
1.466687,50.0,0.15284147764628087,1.5833092122833954
1.4671815000000001,50.0,0.15290089674946508,1.5772603031565442
1.4676760000000002,50.0,0.15295834281135995,1.5733608765033449
1.4681705,50.0,0.15301336918214709,1.5714684120771603
1.468665,50.0,0.15306563886015817,1.5714381829192228
1.4691595000000002,50.0,0.15311471986883732,1.5732322712151023
1.469654,50.0,0.15316026914284842,1.5766894521931099
1.4701485,50.0,0.15320202761450627,1.5816309472524728
1.4706430000000001,50.0,0.15323960787734608,1.588064201662091
1.4711375000000002,50.0,0.1532727799294502,1.595731599802083
1.471632,50.0,0.15330137938711094,1.604617801641289
1.4721265000000001,50.0,0.15332511051300396,1.614606011683249
1.4726210000000002,50.0,0.15334381685467527,1.6255622122339302
1.4731155,50.0,0.15335748777966196,1.6375461536463922
1.47361,50.0,0.15336593846173052,1.650291311736327
1.4741045000000002,50.0,0.15336905199327594,1.6640119887193707
1.4745990000000002,50.0,0.15336699465070003,1.6784727564253523
1.4750935,50.0,0.15335968564570435,1.6937179682870702
1.4755880000000001,50.0,0.15334707546819695,1.709839073761954
1.4760825000000002,50.0,0.15332945317832133,1.7266401458462124
1.476577,50.0,0.15330684920058027,1.7442669823653885
1.4770715,50.0,0.15327934425333525,1.762687950129467
1.4775660000000002,50.0,0.15324726798990193,1.781795272359538
1.4780605000000002,50.0,0.15321075360776265,1.8017015153390812
1.478555,50.0,0.1531700492379899,1.8222801401676658
1.4790495000000001,50.0,0.1531254960369193,1.8434686048192366
1.4795440000000002,50.0,0.1530773239359407,1.8653249656970636
1.4800385,50.0,0.15302591704661633,1.8875417988525474
1.480533,50.0,0.15297162245021476,1.9102315680056476
1.4810275000000002,50.0,0.15291476747227406,1.9331180490243685
1.4815220000000002,50.0,0.15285582945020323,1.9560697427536367
1.4820165,50.0,0.15279517757818994,1.9789682946563638
1.4825110000000001,50.0,0.1527331871738905,2.0015363353703184
1.4830055000000002,50.0,0.15267040267025495,2.0236425520316623
1.4835,50.0,0.15260723932321785,2.0449672565727695
1.4839945,50.0,0.1525440557978696,2.065404425981628
1.4844890000000002,50.0,0.15248143584354565,2.0845778494448712
1.4849835,50.0,0.15241984832266792,2.102351833545672
1.485478,50.0,0.1523595944405919,2.118454784333825
1.4859725000000001,50.0,0.1523012318878763,2.132646559857691
1.4864670000000002,50.0,0.15224525829054336,2.1447653628179246
1.4869615,50.0,0.15219192317190977,2.154553055495527
1.4874560000000001,50.0,0.15214170549496459,2.161922002065617
1.4879505000000002,50.0,0.15209505467543724,2.1666652000657525
1.488445,50.0,0.15205216813658165,2.1686896222014362
1.4889395,50.0,0.1520134418389502,2.1679709983438085
1.4894340000000001,50.0,0.15197920493448727,2.164371360561195
1.4899285000000002,50.0,0.1519495992498931,2.157978016140648
1.490423,50.0,0.15192491969452265,2.1487987810717346
1.4909175000000001,50.0,0.1519053323344114,2.1368330881548805
1.4914120000000002,50.0,0.15189093344847127,2.1223436740282198
1.4919065,50.0,0.15188189158576562,2.105286094562078
1.492401,50.0,0.1518781980563331,2.085992340060235
1.4928955000000002,50.0,0.15187989693888876,2.0645974875874895
1.4933900000000002,50.0,0.151887027567623,2.0412813253432867
1.4938845,50.0,0.15189941291568437,2.016448732024228
1.4943790000000001,50.0,0.15191700739585176,1.9902082659616116
1.4948735000000002,50.0,0.15193977143775533,1.9629343107338104
1.495368,50.0,0.1519673828081649,1.934928165199113
1.4958625,50.0,0.1519996595541957,1.9064504756443348
1.4963570000000002,50.0,0.15203650807875668,1.8777885399716947
1.4968515000000002,50.0,0.1520775116154833,1.8493173041289466
1.497346,50.0,0.15212236624828512,1.821192169871841
1.4978405000000001,50.0,0.15217089244899795,1.793804938867737
1.4983350000000002,50.0,0.15222262451582952,1.7673091465277986
1.4988295,50.0,0.15227716823729998,1.7419899583476242
1.499324,50.0,0.15233424997845138,1.7180430048607354
1.4998185000000002,50.0,0.15239338409538145,1.6956007966891669
1.5003130000000002,50.0,0.15245411262973219,1.6748872127164662
1.5008075,50.0,0.1525160872884975,1.655976541109032
1.5013020000000001,50.0,0.15257881866373327,1.6389408560834284
1.5017965000000002,50.0,0.15264181687359915,1.6239061889207695
1.502291,50.0,0.1527046932534037,1.6108797194647313
1.5027855,50.0,0.1527669661017363,1.599812318819161
1.5032800000000002,50.0,0.15282817663800993,1.5908482476342538
1.5037745,50.0,0.1528879159408751,1.5837582173407925
1.504269,50.0,0.15294568728678692,1.5786687419521626
1.5047635000000001,50.0,0.1530011623591693,1.575426630517084
1.5052580000000002,50.0,0.15305393363439185,1.5739455951123429
1.5057525,50.0,0.15310348979925947,1.5742468817733235
1.5062470000000001,50.0,0.1531496598264138,1.576108303432007
1.5067415000000002,50.0,0.1531920663911798,1.5795659075067432
1.507236,50.0,0.15323026401029838,1.5844732515411355
1.5077305,50.0,0.1532641843556137,1.590757523708211
1.5082250000000001,50.0,0.15329352938503973,1.5983699914426017
1.5087195000000002,50.0,0.15331798541680738,1.6072385415806754
1.509214,50.0,0.15333753038524395,1.6172840484664124
1.5097085000000001,50.0,0.15335200367234017,1.6285123628464242
1.5102030000000002,50.0,0.15336122358826726,1.640819784417335
1.5106975,50.0,0.1533652169440333,1.654237385087916
1.511192,50.0,0.15336398335857993,1.66868828185883
1.5116865000000002,50.0,0.15335743943126395,1.6841660763861275
1.5121810000000002,50.0,0.15334568317937602,1.7006684696803427
1.5126755,50.0,0.15332885272508182,1.718118857866944
1.5131700000000001,50.0,0.1533069807025189,1.7365422857742856
1.5136645000000002,50.0,0.15328024929688258,1.755868569544778
1.514159,50.0,0.15324885878992742,1.7760700824379572
1.5146535,50.0,0.15321299501117214,1.7970567040827763
1.5151480000000002,50.0,0.15317294882492957,1.8188148736749243
1.5156425000000002,50.0,0.15312893016063195,1.8411880072232458
1.516137,50.0,0.15308126071117276,1.8640987916512417
1.5166315000000001,50.0,0.15303035002187645,1.8874542071081806
1.5171260000000002,50.0,0.15297641629276593,1.9110158021811645
1.5176205,50.0,0.15291987264090323,1.9347457760387057
1.518115,50.0,0.1528612299831653,1.958371702946799
1.5186095000000002,50.0,0.15280073319629783,1.9817100539872134
1.519104,50.0,0.15273885122930372,2.004655030706697
1.5195985,50.0,0.15267614748129993,2.026830383580243
1.5200930000000001,50.0,0.15261289980474996,2.048143126016042
1.5205875000000002,50.0,0.15254960645307258,2.068361560676829
1.521082,50.0,0.152486851822196,2.0871332533326235
1.5215765,50.0,0.1524249357332237,2.104437955577268
1.5220710000000002,50.0,0.15236433403978464,2.119904448393995
1.5225655,50.0,0.15230560810749363,2.133390540766295
1.52306,50.0,0.15224908797252806,2.144787083340903
1.5235545000000001,50.0,0.15219518741394894,2.1537848828287864
1.5240490000000002,50.0,0.1521443699101533,2.1604271771805306
1.5245435,50.0,0.1520969761032982,2.1644586322770945
1.5250380000000001,50.0,0.15205335256344824,2.1658839641129455
1.5255325000000002,50.0,0.1520138295303859,2.1646549347834823
1.526027,50.0,0.1519786852301605,2.1606695277357306
1.5265215,50.0,0.15194821272710338,2.154091335557767
1.5270160000000002,50.0,0.1519226069320368,2.144822491680146
1.5275105000000002,50.0,0.15190201180215845,2.1330033758216707
1.528005,50.0,0.15188666333240614,2.1188208266866555
1.5284995000000001,50.0,0.15187663022344486,2.102230749206811
1.5289940000000002,50.0,0.1518719109259734,2.083610753800131
1.5294885,50.0,0.1518726524328164,2.0630003985771586
1.529983,50.0,0.15187879967953247,2.0406577475052634
1.5304775000000002,50.0,0.15189020409499376,2.0168583397516247
1.5309720000000002,50.0,0.15190692722991095,1.9917623368188773
1.5314665,50.0,0.1519288072672614,1.9656923838738642
1.5319610000000001,50.0,0.15195553459828368,1.9388611726216398
1.5324555000000002,50.0,0.15198708721593915,1.9115916127500958
1.53295,50.0,0.152023219697325,1.884046583161669
1.5334445,50.0,0.15206350879136618,1.8566030830197195
1.5339390000000002,50.0,0.1521078218462757,1.829427826443327
1.5344335000000002,50.0,0.15215582421333618,1.8027548401176692
1.534928,50.0,0.15220706782577625,1.776901317047766
1.5354225000000001,50.0,0.15226128390805282,1.7519397984143024
1.5359170000000002,50.0,0.15231804100050492,1.7281605798004704
1.5364115,50.0,0.15237692883602655,1.7057119926145916
1.536906,50.0,0.15243755805288964,1.6846719839325714
1.5374005000000002,50.0,0.1524994276644362,1.6652806714691106
1.537895,50.0,0.15256214584676112,1.647539697730658
1.5383895,50.0,0.15262526131740023,1.6315610288601392
1.5388840000000001,50.0,0.15268826264852622,1.617457375183531
1.5393785000000002,50.0,0.15275075000724297,1.605162701948452
1.539873,50.0,0.15281227969998748,1.5948092089455879
1.5403675000000001,50.0,0.15287233916791293,1.5863100722378496
1.5408620000000002,50.0,0.15293054373307888,1.579719811562814
1.5413565,50.0,0.1529865379777225,1.5749862606943814
1.541851,50.0,0.1530397937603475,1.5720534808895763
1.5423455000000001,50.0,0.15308996724554846,1.5709499713700141
1.5428400000000002,50.0,0.15313683578221496,1.5715542705807126
1.5433345,50.0,0.15317988666403337,1.5738334664222664
1.5438290000000001,50.0,0.15321884559487337,1.5778033711075952
1.5443235000000002,50.0,0.15325359687425602,1.5832745127998584
1.544818,50.0,0.153283727781019,1.5903233457866082
1.5453125,50.0,0.1533090562605756,1.5988395037915848
1.5458070000000002,50.0,0.15332951354441482,1.60872893850327
1.5463015000000002,50.0,0.1533448568392841,1.6200468309268439
1.546796,50.0,0.15335501371639634,1.632646787624668
1.5472905000000001,50.0,0.15335996332438856,1.6465129609285751
1.5477850000000002,50.0,0.1533596125048828,1.66162952416071
1.5482795,50.0,0.15335400743047753,1.677900990721571
1.548774,50.0,0.15334319818333292,1.6952552664848184
1.5492685000000002,50.0,0.15332721729385088,1.7137440134395
1.5497630000000002,50.0,0.1533062393172693,1.7331364891209724
1.5502575,50.0,0.15328036266994285,1.7534943614831553
1.5507520000000001,50.0,0.15324974293163887,1.7747019821745598
1.5512465000000002,50.0,0.15321469082643285,1.796593891723461
1.551741,50.0,0.1531753479933841,1.819188886247348
1.5522355,50.0,0.15313196319276912,1.8422641172769723
1.5527300000000002,50.0,0.15308496995672655,1.8657556376251379
1.5532245000000002,50.0,0.15303458806015344,1.889479265727754
1.553719,50.0,0.15298110659739952,1.9133162240445534
1.5542135000000001,50.0,0.15292504203590462,1.937085246830908
1.5547080000000002,50.0,0.15286673374000595,1.960592253652335
1.5552025,50.0,0.15280648749112533,1.9836910134233012
1.555697,50.0,0.15274485148197642,2.006175423196895
1.5561915000000002,50.0,0.15268225712403796,2.027820037013696
1.556686,50.0,0.15261903713863784,2.0484808798359584
1.5571805,50.0,0.15255575928924558,2.0679425290445663
1.5576750000000001,50.0,0.15249287200224745,2.085962154711745
1.5581695000000002,50.0,0.15243073589828213,2.1024672323279807
1.558664,50.0,0.15236991331004227,2.117146883100724
1.5591585000000001,50.0,0.15231082172817662,2.12995403707139
1.5596530000000002,50.0,0.1522538459194547,2.1406775985872812
1.5601475,50.0,0.15219948423119134,2.1491845687071427
1.560642,50.0,0.15214808163963062,2.1554207559660776
1.5611365000000001,50.0,0.15210004144104822,2.159240234605245
1.5616310000000002,50.0,0.15205575511859518,2.160597372914901
1.5621255,50.0,0.1520154486364006,2.1594780180858644
1.5626200000000001,50.0,0.15197951984762717,2.1558530159844205
1.5631145000000002,50.0,0.1519482523586396,2.1497025638836584
1.563609,50.0,0.1519217255760609,2.141149745258415
1.5641035,50.0,0.1519002578738946,2.1301778625285306
1.5645980000000002,50.0,0.15188404717599455,2.116909419007779
1.5650925000000002,50.0,0.15187304815774014,2.1014968919372805
1.565587,50.0,0.1518674366167874,2.0840187160905717
1.5660815000000001,50.0,0.15186730407630264,2.064653449379433
1.5665760000000002,50.0,0.15187251607293772,2.0436364066106525
1.5670705,50.0,0.1518830903393269,2.021045935707163
1.567565,50.0,0.15189900523120364,1.9972257044044364
1.5680595000000002,50.0,0.15192004040898902,1.9722878338382102
1.5685540000000002,50.0,0.15194605362635943,1.946495281173099
1.5690485,50.0,0.15197693739000165,1.9201539060535953
1.5695430000000001,50.0,0.15201237384720023,1.8933132298996231
1.5700375000000002,50.0,0.15205209887279977,1.8664569394377692
1.570532,50.0,0.15209591217047677,1.8395875224948965
1.5710265,50.0,0.15214341333480924,1.8130721490299546
1.5715210000000002,50.0,0.15219428083524156,1.7871016808883928
1.5720155000000002,50.0,0.15224816866499888,1.7618185845897967
1.57251,50.0,0.15230463588143225,1.7375298653872489
1.5730045000000001,50.0,0.15236336484131985,1.714313211616935
1.5734990000000002,50.0,0.15242385682020107,1.6923693284701564
1.5739935,50.0,0.15248564129803965,1.6719201435042077
1.574488,50.0,0.15254841776408587,1.6529257462368248
1.5749825000000002,50.0,0.15261161415017288,1.635678655133557
1.575477,50.0,0.1526747403918347,1.6201922875040315
1.5759715,50.0,0.1527374965639159,1.606476338634559
1.5764660000000001,50.0,0.15279931564240518,1.594760449280134
1.5769605000000002,50.0,0.152859712612493,1.5848920071313275
1.577455,50.0,0.15291840190585163,1.5770588711121556
1.5779495000000001,50.0,0.15297486913187788,1.5711464867051481
1.5784440000000002,50.0,0.15302865670686006,1.5672407501984493
1.5789385,50.0,0.1530795225268548,1.565271357474799
1.579433,50.0,0.1531270331582564,1.5652123086514664
1.5799275000000002,50.0,0.153170788472012,1.5670688662728087
1.5804220000000002,50.0,0.15321059709132212,1.5707190788667988
1.5809165,50.0,0.15324614320349797,1.57619453043886
1.5814110000000001,50.0,0.15327712968632606,1.5833398172858724
1.5819055000000002,50.0,0.15330339802056403,1.5921886738588156
1.5824,50.0,0.1533247563633947,1.602585434388523
1.5828945,50.0,0.15334105932191822,1.6144981278454344
1.5833890000000002,50.0,0.15335220535303268,1.6278665732687567
1.5838835000000002,50.0,0.15335809395226963,1.6425567547231654
1.584378,50.0,0.15335872594488656,1.6585268303929068
1.5848725000000001,50.0,0.15335411663035434,1.675708004204267
1.5853670000000002,50.0,0.15334422688245208,1.693928680098033
1.5858615,50.0,0.15332918386043629,1.7132130691052088
1.586356,50.0,0.15330914597905237,1.7333718875185404
1.5868505000000002,50.0,0.15328411197084807,1.7543241252903274
1.5873450000000002,50.0,0.15325434748762484,1.776055976521306
1.5878395,50.0,0.15322011982392297,1.7982646855889912
1.5883340000000001,50.0,0.1531814789955255,1.8210693855159994
1.5888285000000002,50.0,0.15313882771776513,1.8441642926426005
1.589323,50.0,0.1530925015462776,1.8674830115878822
1.5898175,50.0,0.1530426368096286,1.8909433929238852
1.5903120000000002,50.0,0.15298970835214218,1.9142962193672328
1.5908065000000002,50.0,0.15293412017480343,1.937491877517353
1.591301,50.0,0.15287613003347272,1.960321644639716
1.5917955000000001,50.0,0.1528162119951307,1.982643789198255
1.5922900000000002,50.0,0.1527548183990211,2.0043102695407664
1.5927845,50.0,0.15269232615175818,2.025134981097203
1.5932790000000001,50.0,0.15262920528269103,2.0449598377093263
1.5937735000000002,50.0,0.1525659099742478,2.063662481780241
1.594268,50.0,0.15250288618779126,2.080984010939772
1.5947625,50.0,0.15244061525395514,2.096887034200235
1.5952570000000001,50.0,0.15237952195649324,2.1111381964960216
1.5957515000000002,50.0,0.15232005516916805,2.123608663626289
1.596246,50.0,0.15226270415165022,2.1342193410639627
1.5967405000000001,50.0,0.15220783982976274,2.1427759248972795
1.5972350000000002,50.0,0.15215585609613863,2.149239452758278
1.5977295,50.0,0.15210722961804277,2.153495853496954
1.598224,50.0,0.15206223758086876,2.1554632562335985
1.5987185000000002,50.0,0.15202118960747776,2.1551203540522845
1.5992130000000002,50.0,0.15198452960806422,2.15244037366086
1.5997075,50.0,0.15195241290433917,2.147348475071928
1.6002020000000001,50.0,0.15192502517495887,2.1399890930097603
1.6006965000000002,50.0,0.15190275074346687,2.1302551532665093
1.601191,50.0,0.15188563118017176,2.118298550964887
1.6016855,50.0,0.1518737214783874,2.104205597756732
1.6021800000000002,50.0,0.15186727966020036,2.0880097048508346
1.6026745000000002,50.0,0.1518662457673542,2.069892288291507
1.603169,50.0,0.15187058294306013,2.050027774548059
1.6036635000000001,50.0,0.15188036187769466,2.0284724660596285
1.6041580000000002,50.0,0.15189543358263305,2.0055256322467923
1.6046525,50.0,0.15191568952389134,1.9813293400666274
1.605147,50.0,0.1519410093819091,1.956053515511217
1.6056415000000002,50.0,0.15197115663896738,1.9300309154142863
1.6061360000000002,50.0,0.15200594662913366,1.903338056050591
1.6066305,50.0,0.15204511810702093,1.8763585958112545
1.6071250000000001,50.0,0.1520883455738285,1.8492013896416846
1.6076195000000002,50.0,0.15213536977380016,1.8221854345778719
1.608114,50.0,0.15218583316521977,1.7955144533001275
1.6086085,50.0,0.1522393096717236,1.7693908805875147
1.6091030000000002,50.0,0.1522955069579659,1.744095440563166
1.6095975000000002,50.0,0.15235400409994357,1.7197623715957748
1.610092,50.0,0.15241427046487543,1.6966532242499044
1.6105865000000001,50.0,0.1524759984566005,1.6749054263966254
1.6110810000000002,50.0,0.15253874910004828,1.6547091633434212
1.6115755,50.0,0.15260193224972496,1.6361799081582253
1.6120700000000001,50.0,0.1526652054066903,1.6195072065515226
1.6125645000000002,50.0,0.15272815812400142,1.6047138069925089
1.613059,50.0,0.1527901945699155,1.5919418383244155
1.6135535,50.0,0.15285094586267203,1.5812799909078892
1.6140480000000001,50.0,0.15291004754075077,1.5726744300059448
1.6145425000000002,50.0,0.15296694598702035,1.5662562594477927
1.615037,50.0,0.1530213034918182,1.5619966794116726
1.6155315000000001,50.0,0.1530727784433451,1.5597997657290525
1.6160260000000002,50.0,0.1531209035177087,1.5597948211431676
1.6165205,50.0,0.15316541951002452,1.561787336063693
1.617015,50.0,0.15320600395310605,1.5657544832769932
1.6175095000000002,50.0,0.1532423240701526,1.5717265835404062
1.6180040000000002,50.0,0.15327420623190996,1.5794164289361978
1.6184985,50.0,0.15330135484651392,1.5889322463475086
1.6189930000000001,50.0,0.15332361029453143,1.600070046734802
1.6194875000000002,50.0,0.15334089069386306,1.6126931680007237
1.619982,50.0,0.15335295358970275,1.6268311489195424
1.6204765,50.0,0.15335979090607801,1.6422006493169232
1.6209710000000002,50.0,0.1533614260603184,1.6588279722919606
1.6214655000000002,50.0,0.15335772223184294,1.6765374310457504
1.62196,50.0,0.15334875220564514,1.6952000534100036
1.6224545000000001,50.0,0.15333467327050537,1.7147893484419188
1.6229490000000002,50.0,0.15331548229815126,1.7350733009888357
1.6234435,50.0,0.15329128874004677,1.7560746951588482
1.623938,50.0,0.153262385119282,1.7775875366739242
1.6244325000000002,50.0,0.15322888855375325,1.7995349015217819
1.6249270000000002,50.0,0.15319097240488666,1.821869067479737
1.6254215,50.0,0.15314903146195932,1.8443635458453684
1.6259160000000001,50.0,0.15310327189755027,1.8670267780378689
1.6264105000000002,50.0,0.15305396176871403,1.8896809766685274
1.626905,50.0,0.1530015590417082,1.9122184687014003
1.6273995,50.0,0.15294634830179124,1.9345446656654453
1.6278940000000002,50.0,0.15288869955839302,1.9565195861573834
1.6283885000000002,50.0,0.15282908133976938,1.9780203952808406
1.628883,50.0,0.1527678519306389,1.9989047308786843
1.6293775000000001,50.0,0.15270547499854603,2.019097072520917
1.6298720000000002,50.0,0.15264240300687015,2.0383439623181543
1.6303665,50.0,0.152579025236351,2.056635150537904
1.6308610000000001,50.0,0.15251589108407032,2.0737594006544455
1.6313555000000002,50.0,0.152453422836335,2.089527070403718
1.63185,50.0,0.15239198678041566,2.1039384417980647
1.6323445,50.0,0.15233218523278225,2.116714609800886
1.6328390000000002,50.0,0.1522744047575637,2.1277593676863895
1.6333335000000002,50.0,0.1522189693084054,2.1370477017169147
1.633828,50.0,0.1521664425250803,2.144282138415387
1.6343225000000001,50.0,0.1521171769717991,2.1495195535503346
1.6348170000000002,50.0,0.1520714399636428,2.152598605992296
1.6353115,50.0,0.15202969043581652,2.1534034979447285
1.635806,50.0,0.15199223286559208,2.1520024559995186
1.6363005000000002,50.0,0.15195924451764548,2.148197842912102
1.6367950000000002,50.0,0.1519310551744905,2.142107399732377
1.6372895,50.0,0.15190789861350662,2.1336696526226833
1.6377840000000001,50.0,0.15188984341346595,2.1228976956821377
1.6382785000000002,50.0,0.1518770802122599,2.1099246674747394
1.638773,50.0,0.15186973647413235,2.094722537925018
1.6392675,50.0,0.1518677792769045,2.0774686823863595
1.6397620000000002,50.0,0.15187126456376623,2.0582850574670633
1.6402565000000002,50.0,0.15188016848762295,2.037243616756392
1.640751,50.0,0.15189438511302744,2.0146435692961195
1.6412455000000001,50.0,0.1519138566866228,1.9905506991080795
1.6417400000000002,50.0,0.15193837234886814,1.9652365316303144
1.6422345,50.0,0.15196776471184176,1.9389621463077955
1.642729,50.0,0.15200189034479095,1.9118360508203422
1.6432235000000002,50.0,0.15204037855566135,1.8842630691084015
1.6437180000000002,50.0,0.1520829799244178,1.8563852052782042
1.6442125,50.0,0.15212948841443,1.8284907841272462
1.6447070000000001,50.0,0.15217941833943124,1.800862940430559
1.6452015000000002,50.0,0.15223244278494263,1.7737412246853521
1.645696,50.0,0.15228830367183285,1.7473419199219515
1.6461905000000001,50.0,0.15234643516954718,1.721975160682189
1.6466850000000002,50.0,0.15240645914257198,1.6978063262439547
1.6471795000000002,50.0,0.15246806019351364,1.6750571785847106
1.647674,50.0,0.15253064793758836,1.6539508980729822
1.6481685000000001,50.0,0.1525938102080176,1.634613510763676
1.6486630000000002,50.0,0.15265717812995042,1.617215008397464
1.6491575,50.0,0.15272020685932788,1.6018937473029657
1.6496520000000001,50.0,0.15278245107121163,1.5886919197227964
1.6501465000000002,50.0,0.1528435121196027,1.5777494615225942
1.650641,50.0,0.15290293259136392,1.5690834808580314
1.6511355,50.0,0.1529602709569758,1.5626555832581857
1.6516300000000002,50.0,0.15301514160688695,1.5586025030670319
1.6521245000000002,50.0,0.1530671425484367,1.5567196805053938
1.652619,50.0,0.15311591708484076,1.5571039616625664
1.6531135000000001,50.0,0.1531611301193476,1.5596012307698637
1.6536080000000002,50.0,0.15320240759189296,1.5641420472957892
1.6541025,50.0,0.1532395367794485,1.5706675034267268
1.654597,50.0,0.15327224615572005,1.5789759241204326
1.6550915000000002,50.0,0.15330021343236783,1.5890610344824079
1.6555860000000002,50.0,0.1533233798105216,1.6006999594557918
1.6560805,50.0,0.1533415512013704,1.6138047654064247
1.6565750000000001,50.0,0.15335449244666097,1.6282565347956444
1.6570695000000002,50.0,0.15336228446314898,1.6439095345241341
1.657564,50.0,0.1533648226375327,1.6606071944567806
1.6580585,50.0,0.15336197981992308,1.6783122592870903
1.6585530000000002,50.0,0.15335394624083376,1.6968170843135983
1.6590475000000002,50.0,0.1533407345941189,1.716054240402052
1.659542,50.0,0.1533223334386847,1.7359535920056381
1.6600365000000001,50.0,0.1532989949864855,1.756338574972314
1.6605310000000002,50.0,0.1532708622688462,1.7771976827930371
1.6610255,50.0,0.15323805416739555,1.7984020628839565
1.66152,50.0,0.1532008670003282,1.8198716797725494
1.6620145000000002,50.0,0.15315953665375892,1.8415431439714844
1.6625090000000002,50.0,0.15311432514165935,1.8633228785282487
1.6630035,50.0,0.15306557863603534,1.8850994620270032
1.6634980000000001,50.0,0.1530135901751421,1.9068846766801795
1.6639925000000002,50.0,0.15295874727685524,1.9284303731589552
1.664487,50.0,0.1529014483371869,1.9498030127270845
1.6649815000000001,50.0,0.15284203423361428,1.9708102798562679
1.6654760000000002,50.0,0.15278096237945873,1.991311428612032
1.6659705000000002,50.0,0.15271869256056012,2.0113317042673455
1.666465,50.0,0.15265559192472547,2.0305329098340485
1.6669595000000001,50.0,0.1525921442989527,2.048993590253309
1.6674540000000002,50.0,0.15252887856637026,2.0664189141433016
1.6679485,50.0,0.15246612964921036,2.0827042229565706
1.6684430000000001,50.0,0.15240439033600178,2.097775822333266
1.6689375000000002,50.0,0.1523442371359264,2.111336804977117
1.669432,50.0,0.15228594411448929,2.1233574964608217
1.6699265,50.0,0.15222998115179134,2.1336613380860983
1.6704210000000002,50.0,0.15217690036172027,2.1420412846445327
1.6709155000000002,50.0,0.15212693381141826,2.148468053856803
1.67141,50.0,0.1520804937128406,2.1527393035115154
1.6719045000000001,50.0,0.15203801962592392,2.154785473164645
1.6723990000000002,50.0,0.1519997167892917,2.154529124874253
1.6728935,50.0,0.1519659107885685,2.151858110187023
1.673388,50.0,0.15193688269141628,2.1468081174821143
1.6738825000000002,50.0,0.15191278759878626,2.1392524037521397
1.6743770000000002,50.0,0.15189385062703015,2.129328110034649
1.6748715,50.0,0.15188019392553018,2.1169413641595023
1.6753660000000001,50.0,0.15187188108727903,2.102269392433107
1.6758605000000002,50.0,0.15186903040033056,2.0853201392574787
1.676355,50.0,0.15187161005710803,2.0662682451650967
1.6768495,50.0,0.151879576276408,2.045257760508239
1.6773440000000002,50.0,0.15189294716348342,2.022418455650531
1.6778385000000002,50.0,0.1519115425410126,1.9980347110081254
1.678333,50.0,0.15193519393171775,1.9722508346078376
1.6788275000000001,50.0,0.15196383626407006,1.9453520948000727
1.6793220000000002,50.0,0.15199717940690535,1.9175867433576532
1.6798165,50.0,0.15203491285947635,1.8892259679057875
1.680311,50.0,0.15207689072472963,1.860531647163373
1.6808055000000002,50.0,0.15212276454681742,1.831833749597635
1.6813000000000002,50.0,0.1521720965868848,1.803327384001352
1.6817945,50.0,0.1522246589828691,1.7754377312712943
1.6822890000000001,50.0,0.1522800648655932,1.7482483313954778
1.6827835000000002,50.0,0.15233779893824778,1.7221915671586623
1.683278,50.0,0.15239756690751244,1.6974510485549743
1.6837725000000001,50.0,0.1524589216399881,1.6741394527408644
1.6842670000000002,50.0,0.1525213390867201,1.6527108886580006
1.6847615000000002,50.0,0.15258448144546974,1.633062276940628
1.685256,50.0,0.1526478408445162,1.6155328772367565
1.6857505000000002,50.0,0.1527109416507907,1.6001962990313117
1.6862450000000002,50.0,0.15277340134764356,1.5870707776462354
1.6867395,50.0,0.15283469931698465,1.576338009531109
1.6872340000000001,50.0,0.15289444239055056,1.5679391386368409
1.6877285000000002,50.0,0.15295222208685239,1.5618854293504876
1.688223,50.0,0.15300754032460318,1.558222945821073
1.6887175,50.0,0.1530600934546484,1.5567932081114364
1.6892120000000002,50.0,0.153109516009002,1.5576136850621527
1.6897065000000002,50.0,0.15315534322487728,1.5605511604516737
1.690201,50.0,0.15319735395782738,1.565479457577954
1.6906955000000001,50.0,0.15323528685412052,1.5723413851878953
1.6911900000000002,50.0,0.15326874065537027,1.5809010369844212
1.6916845,50.0,0.1532975628014163,1.5911504901931983
1.692179,50.0,0.15332161597775606,1.6028242684940057
1.6926735000000002,50.0,0.15334061346753472,1.6158646577765903
1.6931680000000002,50.0,0.15335447145014813,1.6301287555135346
1.6936625,50.0,0.15336316902177438,1.6454303003918547
1.6941570000000001,50.0,0.1533665528335905,1.6617239165874405
1.6946515000000002,50.0,0.15336462178395102,1.6788455974929006
1.695146,50.0,0.15335747260210114,1.6967100399013362
1.6956405,50.0,0.15334506871841397,1.7152080019032938
1.6961350000000002,50.0,0.15332750761714434,1.7343053006921278
1.6966295000000002,50.0,0.153304984450379,1.7538489699639004
1.697124,50.0,0.15327757291477268,1.773838189285096
1.6976185000000001,50.0,0.15324549736003454,1.794207763706562
1.6981130000000002,50.0,0.15320899213308184,1.8148398803150367
1.6986075,50.0,0.1531682500676009,1.8357612834350665
1.6991020000000001,50.0,0.1531236383735375,1.8568718618796547
1.6995965000000002,50.0,0.1530753924264812,1.8780724956153636
1.7000910000000002,50.0,0.15302381427158157,1.899411064941324
1.7005855,50.0,0.15296939729042278,1.9206742216227188
1.7010800000000001,50.0,0.15291239316827898,1.9418640049653348
1.7015745000000002,50.0,0.15285318061180866,1.9629064624689812
1.702069,50.0,0.15279231932538218,1.9835665793451727
1.7025635000000001,50.0,0.15273011796375788,2.0038969946714564
1.7030580000000002,50.0,0.15266700008969816,2.023620277812349
1.7035525,50.0,0.1526035311011572,2.042670728123827
1.704047,50.0,0.15254009041071348,2.0608596309755214
1.7045415000000002,50.0,0.1524770968271412,2.0780435922977647
1.7050360000000002,50.0,0.15241511258710144,2.09402277589084
1.7055305,50.0,0.15235455291894803,2.10864560167233
1.7060250000000001,50.0,0.1522957925813603,2.121730543150605
1.7065195000000002,50.0,0.15223937235131152,2.1330888572563973
1.707014,50.0,0.15218568533630866,2.1425793009129794
1.7075085,50.0,0.15213506945476346,2.150014795425221
1.7080030000000002,50.0,0.15208797579410405,2.155286140187157
1.7084975000000002,50.0,0.1520447350759609,2.1582213130844394
1.708992,50.0,0.1520056513359937,2.158773914431974
1.7094865000000001,50.0,0.1519710446890138,2.156807631703808
1.7099810000000002,50.0,0.15194113134923706,2.1522828477069376
1.7104755,50.0,0.1519161638489577,2.145210863706924
1.71097,50.0,0.15189634860762413,2.1355323463572855
1.7114645000000002,50.0,0.15188173671867264,2.123305799151945
1.7119590000000002,50.0,0.15187250200894836,2.108668830791832
1.7124535,50.0,0.1518687483388659,2.091565218272002
1.7129480000000001,50.0,0.15187035977492644,2.072303489873895
1.7134425000000002,50.0,0.15187741711244096,2.0509541137475877
1.713937,50.0,0.1518899056593577,2.0276557699679207
1.7144315,50.0,0.15190756587727472,2.0028169210831552
1.7149260000000002,50.0,0.15193038418412588,1.97644688017678
1.7154205000000002,50.0,0.15195822019508587,1.948979645779717
1.715915,50.0,0.15199071168455613,1.9206424360794423
1.7164095000000001,50.0,0.15202773137750308,1.8916695847480391
1.7169040000000002,50.0,0.15206903347813985,1.8624610057664581
1.7173985,50.0,0.15211420489205948,1.8332321984362956
1.7178930000000001,50.0,0.1521629804674528,1.8043185133048383
1.7183875000000002,50.0,0.15221503665822786,1.7760292331419525
1.7188820000000002,50.0,0.15226994637853608,1.7485925158021673
1.7193765,50.0,0.15232732881189331,1.7223456315771757
1.7198710000000001,50.0,0.15238678871951802,1.6974694619425916
1.7203655000000002,50.0,0.1524478846686345,1.6742265287274263
1.72086,50.0,0.1525101942889682,1.6528096756961732
1.7213545000000001,50.0,0.1525732598788441,1.633359484698168
1.7218490000000002,50.0,0.15263661133589662,1.616062633221903
1.7223435,50.0,0.15269985094900235,1.600973700237554
1.722838,50.0,0.15276248019313146,1.5881988342815667
1.7233325000000002,50.0,0.152824022901755,1.577789768789897
1.7238270000000002,50.0,0.1528841380420765,1.5697191484005457
1.7243215,50.0,0.15294231372968312,1.564008780974066
1.7248160000000001,50.0,0.15299810501238306,1.5606007825190154
1.7253105000000002,50.0,0.1530512474583174,1.5594203987599151
1.725805,50.0,0.15310125511803652,1.5603787125602302
1.7262995,50.0,0.1531477306862349,1.5633833994315816
1.7267940000000002,50.0,0.15319051150771867,1.5683034667624196
1.7272885000000002,50.0,0.15322917542026784,1.5749797244586
1.727783,50.0,0.15326340057773333,1.5833605565684614
1.7282775000000001,50.0,0.15329310869632623,1.5931906126906568
1.7287720000000002,50.0,0.15331798703102462,1.6044308343142062
1.7292665,50.0,0.15333784089018757,1.6169316075895295
1.729761,50.0,0.15335262775818034,1.6304735331047053
1.7302555000000002,50.0,0.15336218180935568,1.6451269088034257
1.7307500000000002,50.0,0.15336645506284743,1.6605827897743075
1.7312445,50.0,0.1533654446458813,1.6768754731106392
1.7317390000000001,50.0,0.15335912794039355,1.6939315690884387
1.7322335000000002,50.0,0.15334758338492854,1.7115449578061126
1.732728,50.0,0.15333088695613292,1.7298456142500678
1.7332225,50.0,0.1533091288439434,1.7486287775376377
1.7337170000000002,50.0,0.15328249773397862,1.7679063726674304
1.7342115000000002,50.0,0.15325117402989172,1.787682465470064
1.734706,50.0,0.15321532002077745,1.8078102727914092
1.7352005000000001,50.0,0.15317524214290446,1.8283632429094847
1.7356950000000002,50.0,0.15313122534792567,1.8492199605219928
1.7361895,50.0,0.15308346536105194,1.8703242882052022
1.7366840000000001,50.0,0.15303239419239867,1.8917115261814847
1.7371785000000002,50.0,0.15297838789005355,1.9131363311808214
1.7376730000000002,50.0,0.1529216703756085,1.9346839739238442
1.7381675,50.0,0.15286275752085648,1.9561559704717917
1.7386620000000002,50.0,0.15280209970261238,1.9774086530657862
1.7391565000000002,50.0,0.15273997483440288,1.9984247619543059
1.739651,50.0,0.15267692273951028,2.0189097746937965
1.7401455000000001,50.0,0.1526134318956314,2.038810555511354
1.7406400000000002,50.0,0.15254984165664656,2.0578856602156566
1.7411345,50.0,0.1524866893009434,2.075979495691626
1.741629,50.0,0.15242445328703577,2.0928819091268482
1.7421235000000002,50.0,0.1523635116137258,2.1084060866836114
1.7426180000000002,50.0,0.15230438525240184,2.1223505069000304
1.7431125,50.0,0.1522474936103908,2.1345185235261455
1.7436070000000001,50.0,0.15219322331284474,2.1447524278371706
1.7441015000000002,50.0,0.15214204859966096,2.1528259739052333
1.744596,50.0,0.15209428662179728,2.158648891850808
1.7450905,50.0,0.15205031077045977,2.16205445583701
1.7455850000000002,50.0,0.15201050806917846,2.1629027753001036
1.7460795000000002,50.0,0.1519750693329868,2.1611952906041623
1.746574,50.0,0.15194431133067784,2.156783023929425
1.7470685000000001,50.0,0.1519185177164207,2.1497012772872464
1.7475630000000002,50.0,0.15189776608472902,2.1399811020912733
1.7480575,50.0,0.1518822335992071,2.1275644104808866
1.748552,50.0,0.15187211515478863,2.1127063450267713
1.7490465000000002,50.0,0.15186739057595922,2.0953187282274333
1.7495410000000002,50.0,0.1518680556958029,2.0757289663943146
1.7500355,50.0,0.15187422390619812,2.0540196422214536
1.7505300000000001,50.0,0.15188576082836308,2.0303914108464043
1.7510245000000002,50.0,0.15190251862956491,2.005168263717492
1.751519,50.0,0.15192450447516193,1.9785119235477053
1.7520135000000001,50.0,0.15195146192875966,1.9507402145866803
1.7525080000000002,50.0,0.15198315512288557,1.9221639257548404
1.7530025000000002,50.0,0.15201946100920963,1.8930458770553455
1.753497,50.0,0.15206002200561985,1.863685430988968
1.7539915000000001,50.0,0.1521045474226074,1.83445814778885
1.7544860000000002,50.0,0.15215277679790593,1.8055454049992739
1.7549805,50.0,0.15220428687433563,1.7773634477627238
1.7554750000000001,50.0,0.1522587569749797,1.75009510442219
1.7559695000000002,50.0,0.15231579479149257,1.7240378956838731
1.7564640000000002,50.0,0.15237493126224194,1.6994471892925758
1.7569585,50.0,0.1524358386528135,1.6764784644965118
1.7574530000000002,50.0,0.15249803773786727,1.655361748591842
1.7579475000000002,50.0,0.15256101304078004,1.6362494753453278
1.758442,50.0,0.1526244393488822,1.6192235720858836
1.7589365000000001,50.0,0.15268781466882786,1.6044015617873093
1.7594310000000002,50.0,0.15275059639249805,1.5918805817467283
1.7599255,50.0,0.15281246108631485,1.5815777328569727
1.76042,50.0,0.1528729381777388,1.5736416502164825
1.7609145000000002,50.0,0.152931500985189,1.567898390674204
1.7614090000000002,50.0,0.15298783261723362,1.5644066527984248
1.7619035,50.0,0.15304153109173668,1.5630384011419491
1.7623980000000001,50.0,0.15309212147789536,1.5636754425700912
1.7628925000000002,50.0,0.15313931883210177,1.5663168164593129
1.763387,50.0,0.153182815298674,1.5706992295667896
1.7638815,50.0,0.15322220687382807,1.5768146235682379
1.7643760000000002,50.0,0.15325727800546615,1.584510572581942
1.7648705000000002,50.0,0.1532878173942591,1.593599806413601
1.765365,50.0,0.15331352682553379,1.6040522158083301
1.7658595000000001,50.0,0.15333429266342954,1.6157137966495658
1.7663540000000002,50.0,0.15334996568241083,1.6284229512777153
1.7668485,50.0,0.1533604056267437,1.6422194282505906
1.767343,50.0,0.15336561398049084,1.6568685613360101
1.7678375000000002,50.0,0.1533654839204672,1.6723882359191933
1.7683320000000002,50.0,0.1533600459088105,1.6887194263235825
1.7688265,50.0,0.1533494143072232,1.7057266660116577
1.7693210000000001,50.0,0.15333354681369782,1.7234716633521006
1.7698155000000002,50.0,0.15331260188525725,1.741837950874512
1.77031,50.0,0.1532868105077408,1.760825265088719
1.7708045000000001,50.0,0.15325621643501544,1.7803811519254598
1.7712990000000002,50.0,0.15322106921161033,1.8005145523656678
1.7717935000000002,50.0,0.15318170782793925,1.821096954943661
1.772288,50.0,0.1531382636410669,1.8421726150321749
1.7727825000000001,50.0,0.1530910725504766,1.863631413952194
1.7732770000000002,50.0,0.15304055009908346,1.8853862205244538
1.7737715,50.0,0.1529869254327241,1.9073995028979343
1.7742660000000001,50.0,0.15293059414023033,1.9295223108106263
1.7747605000000002,50.0,0.15287202248514656,1.9516579475874523
1.7752550000000002,50.0,0.15281154697818497,1.9736601421659437
1.7757495,50.0,0.15274959010266093,1.9953790837200498
1.7762440000000002,50.0,0.15268664304810248,2.0166468556131814
1.7767385000000002,50.0,0.15262312385138146,2.037277505297557
1.777233,50.0,0.1525594757650977,2.057051556602678
1.7777275000000001,50.0,0.1524961875747417,2.075859591487217
1.7782220000000002,50.0,0.1524336982645159,2.093316088222937
1.7787165,50.0,0.15237247741083676,2.1094420074276394
1.779211,50.0,0.15231299279949437,2.1238252173801913
1.7797055000000002,50.0,0.15225562219707578,2.13637500308294
1.7802000000000002,50.0,0.1522008668344239,2.1469423984429743
1.7806945,50.0,0.15214913208119768,2.1551823070047775
1.7811890000000001,50.0,0.15210069666219342,2.161181648068708
1.7816835000000002,50.0,0.15205606329987453,2.1646167507911955
1.782178,50.0,0.15201551998638765,2.1654488650276216
1.7826725,50.0,0.15197925805950419,2.16368427941248
1.7831670000000002,50.0,0.1519477154393963,2.159132407660171
1.7836615000000002,50.0,0.15192104968621886,2.1518934207521787
1.784156,50.0,0.15189936775845475,2.1420039537833726
1.7846505000000001,50.0,0.1518829699298399,2.1293941291042175
1.7851450000000002,50.0,0.15187191673510889,2.114341584352084
1.7856395,50.0,0.15186621223959337,2.0968211966695427
1.786134,50.0,0.15186598418363315,2.077078811410342
1.7866285000000002,50.0,0.15187121399583467,2.055280728096475
1.7871230000000002,50.0,0.15188179675633307,2.0316278175250915
1.7876175,50.0,0.15189769771400866,2.00641586636019
1.7881120000000001,50.0,0.15191879510004927,1.979809467122686
1.7886065000000002,50.0,0.15194489664050398,1.9522235534814072
1.789101,50.0,0.15197583879533424,1.9237889203668677
1.7895955000000001,50.0,0.15201136840237853,1.8949471579272237
1.7900900000000002,50.0,0.1520512278916585,1.8658907606712596
1.7905845000000002,50.0,0.15209516036594775,1.8369653707630735
1.791079,50.0,0.15214279095564143,1.8084631790381953
1.7915735000000002,50.0,0.1521938014012317,1.780616997792569
1.7920680000000002,50.0,0.15224787309730534,1.7537617942165618
1.7925625,50.0,0.1523045302747683,1.7280553271092782
1.7930570000000001,50.0,0.15236340174048657,1.7038020461739494
1.7935515000000002,50.0,0.15242414282781042,1.6811388025368283
1.7940460000000003,50.0,0.15248619260110052,1.6602400500716639
1.7945405,50.0,0.1525491469875411,1.6413113704876292
1.7950350000000002,50.0,0.15261265906768345,1.624350070148141
1.7955295000000002,50.0,0.152676121093117,1.6095250758083022
1.796024,50.0,0.15273911694654882,1.5968988007459468
1.7965185000000001,50.0,0.15280130748873152,1.5863736267506232
1.7970130000000002,50.0,0.15286210048284452,1.5781127494707359
1.7975075,50.0,0.15292109711841212,1.5719788325520743
1.798002,50.0,0.15297795730317623,1.567912778271031
1.7984965000000002,50.0,0.15303217121367646,1.5659756430864253
1.7989910000000002,50.0,0.1530833927839626,1.5659097111606841
1.7994855,50.0,0.1531312833701616,1.5677603977454164
1.7999800000000001,50.0,0.15317545171859057,1.5713777274291898
1.8004745000000002,50.0,0.15321562946877215,1.5766159726389153
1.800969,50.0,0.15325151855163485,1.5834477321367337
1.8014635,50.0,0.1532828469977906,1.5917039253472214
1.8019580000000002,50.0,0.15330944734869026,1.6012947879158628
1.8024525000000002,50.0,0.15333109889177224,1.6121619476199462
1.802947,50.0,0.15334763735556653,1.6241593998197217
1.8034415000000001,50.0,0.15335902349331515,1.6372576118992948
1.8039360000000002,50.0,0.15336512917751063,1.6513636674064558
1.8044305,50.0,0.15336588700316844,1.6664060557923768
1.8049250000000001,50.0,0.15336139483300795,1.6823698222117494
1.8054195000000002,50.0,0.1533516341464939,1.699151752836047
1.8059140000000002,50.0,0.15333661153291767,1.7167638811617085
1.8064085,50.0,0.15331655364082858,1.7351308849603668
1.8069030000000001,50.0,0.15329156922135478,1.7542269162611301
1.8073975000000002,50.0,0.15326172380675795,1.7740097823688294
1.807892,50.0,0.15322735368946025,1.7944523826280545
1.8083865000000001,50.0,0.15318867935676372,1.815437801577565
1.8088810000000002,50.0,0.15314584801752573,1.8370096054265792
1.8093755000000002,50.0,0.15309928652671362,1.8589785391428097
1.80987,50.0,0.15304927721361178,1.8813197038669085
1.8103645000000002,50.0,0.15299609020418697,1.9039460024244916
1.8108590000000002,50.0,0.152940205964738,1.9266436963539728
1.8113535,50.0,0.15288193947395948,1.9493984578357435
1.8118480000000001,50.0,0.15282170124332353,1.9719648899432316
1.8123425000000002,50.0,0.15275996990353177,1.994200595654528
1.8128370000000003,50.0,0.15269710327772543,2.015960652589138
1.8133315,50.0,0.1526336105540007,2.037004501483383
1.8138260000000002,50.0,0.15256994480091807,2.0571349122403775
1.8143205000000002,50.0,0.1525065021242525,2.0762081601415523
1.814815,50.0,0.15244382016761296,2.093913809770374
1.8153095000000001,50.0,0.1523823504127399,2.1101307535329683
1.8158040000000002,50.0,0.15232247020743986,2.124626114929822
1.8162985,50.0,0.15226468870325757,2.1371851513760243
1.816793,50.0,0.15220947194134482,2.147685643919017
1.8172875000000002,50.0,0.15215712382726365,2.1558983524377884
1.8177820000000002,50.0,0.15210807950281843,2.161750618529211
1.8182765,50.0,0.15206278939990223,2.165074074357596
1.8187710000000001,50.0,0.15202145903346734,2.1658059050889644
1.8192655000000002,50.0,0.15198443202406622,2.163885110403813
1.81976,50.0,0.15195207668660046,2.159274400767749
1.8202545,50.0,0.15192449953521714,2.151977216123366
1.8207490000000002,50.0,0.15190194575806756,2.14204177874922
1.8212435000000002,50.0,0.1518846429559649,2.1295225472362516
1.821738,50.0,0.15187261426674709,2.114521652064936
1.8222325000000001,50.0,0.15186598393762862,2.0971912833810187
1.8227270000000002,50.0,0.1518648299698761,2.0776714054254346
1.8232215,50.0,0.15186908797459805,2.056141879164117
1.8237160000000001,50.0,0.15187876147160026,2.0328885486469237
1.8242105000000002,50.0,0.15189377608817345,2.0080117010524945
1.8247050000000002,50.0,0.1519139700716541,1.9819310846976965
1.8251995,50.0,0.15193926491748116,1.954776392756171
1.8256940000000002,50.0,0.15196941502977937,1.9268664434142853
1.8261885000000002,50.0,0.1520041675679335,1.8985656313200365
1.826683,50.0,0.15204338591569186,1.8699745811096913
1.8271775000000001,50.0,0.15208667887421617,1.841577261164175
1.8276720000000002,50.0,0.1521337125075935,1.8135084148502718
1.8281665000000002,50.0,0.15218427959850736,1.7860535629082621
1.828661,50.0,0.15223790765314385,1.7595470098078367
1.8291555000000002,50.0,0.15229419001616687,1.7340733842319482
1.8296500000000002,50.0,0.1523528370336857,1.709982746154993
1.8301445,50.0,0.15241335311908114,1.68738124007159
1.8306390000000001,50.0,0.15247526810940076,1.666416657738295
1.8311335000000002,50.0,0.1525382305184515,1.6473362321425613
1.8316280000000003,50.0,0.1526017485885698,1.6300802949089888
1.8321225,50.0,0.15266530981256135,1.614879953679027
1.8326170000000002,50.0,0.15272854260641416,1.6017395020837444
1.8331115000000002,50.0,0.15279097163660668,1.5906260623047608
1.833606,50.0,0.1528520871087856,1.5816923258645719
1.8341005000000001,50.0,0.15291152319512727,1.5747660057329507
1.8345950000000002,50.0,0.1529688336122168,1.5699390537651803
1.8350895,50.0,0.15302357584279308,1.5670930362513844
1.835584,50.0,0.1530754141907623,1.5661776065720208
1.8360785000000002,50.0,0.15312392629388394,1.5671501601091746
1.8365730000000002,50.0,0.1531687932033724,1.5698712492683156
1.8370675,50.0,0.15320974205865706,1.5743186284202997
1.8375620000000001,50.0,0.1532463791575931,1.5803361098580806
1.8380565000000002,50.0,0.15327853354365933,1.587907601300668
1.838551,50.0,0.15330601558470366,1.5968680285921377
1.8390455,50.0,0.1533284994129749,1.6071940562993987
1.8395400000000002,50.0,0.1533459469050547,1.6187987269538682
1.8400345000000002,50.0,0.15335826542336903,1.6315540368302042
1.840529,50.0,0.15336523708047559,1.6454770120220303
1.8410235000000001,50.0,0.15336693837416962,1.6604511897747756
1.8415180000000002,50.0,0.15336337259654229,1.6764007882179
1.8420125,50.0,0.15335445532111946,1.6933574282027437
1.8425070000000001,50.0,0.15334034821330578,1.7111624143041615
1.8430015000000002,50.0,0.15332116104059781,1.729842728025677
1.8434960000000002,50.0,0.15329695366258186,1.7493289395248621
1.8439905,50.0,0.15326792928370755,1.7695143249254743
1.8444850000000002,50.0,0.15323432333371242,1.7904483801381594
1.8449795000000002,50.0,0.1531963164712043,1.811907176401306
1.845474,50.0,0.15315416799713616,1.8339683140234766
1.8459685000000001,50.0,0.15310821039915384,1.8564296434336063
1.8464630000000002,50.0,0.15305871140365213,1.8792068742932406
1.8469575000000003,50.0,0.1530060378281738,1.9022542284688022
1.847452,50.0,0.1529505559198382,1.9253204877458792
1.8479465000000002,50.0,0.15289260535464497,1.9483620991917578
1.8484410000000002,50.0,0.15283267427241545,1.9711925712024554
1.8489355,50.0,0.1527711234445423,1.993582269203727
1.8494300000000001,50.0,0.15270835601233296,2.0154610052919275
1.8499245000000002,50.0,0.15264493591429773,2.0365513054102475
1.8504190000000003,50.0,0.15258121549371256,2.056646425677132
1.8509135,50.0,0.152517641823233,2.0756814800360397
1.8514080000000002,50.0,0.15245479856358155,2.0932498276453044
1.8519025000000002,50.0,0.1523930315046374,2.109342208071019
1.852397,50.0,0.15233278203042877,2.1236748693404977
1.8528915000000001,50.0,0.15227462144429305,2.136079436334696
1.8533860000000002,50.0,0.15221887799700604,2.146409450105754
1.8538805,50.0,0.15216593599931974,2.1545248411867135
1.854375,50.0,0.15211631297598116,2.1602599871464276
1.8548695000000002,50.0,0.1520702953994555,2.163552886647644
1.8553640000000002,50.0,0.1520281969123843,2.164304915271518
1.8558585,50.0,0.1519904181644067,2.1624536444163573
1.8563530000000001,50.0,0.15195717858998048,2.158013029549696
1.8568475000000002,50.0,0.15192872426808776,2.15093117899744
1.857342,50.0,0.1519052941588681,2.1413228907962023
1.8578365000000001,50.0,0.15188701674478508,2.1291663448068765
1.8583310000000002,50.0,0.15187405566089038,2.1146427013331475
1.8588255000000002,50.0,0.1518664959961369,2.097817340025488
1.85932,50.0,0.1518643537318202,2.078874198114045
1.8598145000000001,50.0,0.15186768171136017,2.0579764267959044
1.8603090000000002,50.0,0.1518764437724068,2.0353380614748744
1.8608035,50.0,0.15189052423861754,2.0111585082237773
1.8612980000000001,50.0,0.15190986263959189,1.9857007006349745
1.8617925000000002,50.0,0.15193433170071546,1.959199822948163
1.8622870000000002,50.0,0.15196365312549012,1.9318871342146164
1.8627815,50.0,0.15199768936196378,1.904131163183883
1.8632760000000002,50.0,0.15203623069338623,1.8760151197425525
1.8637705000000002,50.0,0.15207884710703132,1.8480217898416424
1.864265,50.0,0.152125344419807,1.8202428832771518
1.8647595000000001,50.0,0.15217542442543405,1.7929859101371148
1.8652540000000002,50.0,0.15222857367660148,1.7665477637785556
1.8657485000000003,50.0,0.15228452278170618,1.7410472612353898
1.866243,50.0,0.1523428917269213,1.7167740560498674
1.8667375000000002,50.0,0.1524031532341611,1.6938819446191178
1.8672320000000002,50.0,0.15246495928622333,1.67255451480191
1.8677265,50.0,0.1525278604609115,1.6528892093932086
1.8682210000000001,50.0,0.15259135121842535,1.6350914040725308
1.8687155000000002,50.0,0.1526550376358298,1.6191574138138511
1.86921,50.0,0.15271842803103136,1.605227984718009
1.8697045,50.0,0.1527810554073307,1.5933475120976788
1.8701990000000002,50.0,0.1528425161845981,1.5834812442306363
1.8706935000000002,50.0,0.15290231498690188,1.5757274434166122
1.871188,50.0,0.152960044938452,1.5700066596220403
1.8716825000000001,50.0,0.15301532997474865,1.5662872864931983
1.8721770000000002,50.0,0.15306770858493254,1.564594454302773
1.8726715,50.0,0.15311683559582417,1.5647745542855669
1.873166,50.0,0.15316241725463103,1.5668332566998666
1.8736605000000002,50.0,0.15320405393276912,1.5706839664988286
1.8741550000000002,50.0,0.1532414542984545,1.5761877277979344
1.8746495,50.0,0.1532744555689491,1.5833928498583834
1.8751440000000001,50.0,0.15330274267789215,1.5920299079863482
1.8756385000000002,50.0,0.15332608471979187,1.602218777691749
1.876133,50.0,0.15334445774132066,1.6137296277510025
1.8766275000000001,50.0,0.15335764810632052,1.626508712986036
1.8771220000000002,50.0,0.1533655255020097,1.6406014002016245
1.8776165000000002,50.0,0.15336817352779172,1.655722621761265
1.878111,50.0,0.15336548250463253,1.6719971129093665
1.8786055000000002,50.0,0.15335746289979446,1.6892757273826726
1.8791000000000002,50.0,0.15334426927796602,1.7074332053753447
1.8795945,50.0,0.153325905365049,1.7265393574477788
1.8800890000000001,50.0,0.15330252478277062,1.7464073233614055
1.8805835000000002,50.0,0.15327432720832157,1.7669857746086912
1.8810780000000002,50.0,0.1532414421882259,1.7882936760261225
1.8815725,50.0,0.1532041465577676,1.810070434260189
1.8820670000000002,50.0,0.15316268209356382,1.8324202729928254
1.8825615000000002,50.0,0.15311729186696288,1.8550854002643162
1.883056,50.0,0.1530683574617878,1.878046633044578
1.8835505000000001,50.0,0.15301618079151277,1.901152135610775
1.8840450000000002,50.0,0.15296106843902602,1.9242608122678933
1.8845395000000003,50.0,0.15290349995522057,1.947268832924085
1.885034,50.0,0.1528438493283773,1.9699519469947344
1.8855285000000002,50.0,0.15278244710516733,1.992255681481436
1.8860230000000002,50.0,0.15271984168273883,2.013876838175843
1.8865175,50.0,0.15265646132676347,2.0347635708809926
1.8870120000000001,50.0,0.1525926655744824,2.0546453656829993
1.8875065000000002,50.0,0.1525290108235208,2.0733777076835658
1.888001,50.0,0.15246596084526542,2.0907765308065835
1.8884955,50.0,0.15240388744330383,2.106635141140236
1.8889900000000002,50.0,0.1523433150104124,2.120819307182017
1.8894845000000002,50.0,0.15228471836322943,2.1331258005875178
1.889979,50.0,0.15222843658799876,2.143418596587137
1.8904735000000001,50.0,0.1521749513190537,2.1515763574706197
1.8909680000000002,50.0,0.15212468875452462,2.15743887467347
1.8914625,50.0,0.152077934913018,2.1609387530239736
1.891957,50.0,0.15203511015565788,2.162016111140691
1.8924515000000002,50.0,0.1519965201963126,2.160522643446013
1.8929460000000002,50.0,0.15196240730252583,2.156600551912048
1.8934405,50.0,0.15193310150684133,2.150059956637078
1.8939350000000001,50.0,0.15190873735646304,2.141060212485067
1.8944295000000002,50.0,0.15188951218942667,2.129644920217139
1.894924,50.0,0.1518756435734965,2.11578369819382
1.8954185000000001,50.0,0.15186709893650788,2.099766434309831
1.8959130000000002,50.0,0.15186399620208804,2.0815770657819104
1.8964075000000002,50.0,0.15186642281059057,2.061422157854796
1.896902,50.0,0.15187422555796742,2.0395572888436746
1.8973965000000002,50.0,0.15188739786045743,2.0160453054204095
1.8978910000000002,50.0,0.15190590282741792,1.9912321348287758
1.8983855,50.0,0.15192949593465835,1.9652989903796512
1.8988800000000001,50.0,0.1519580246814225,1.938455054323733
1.8993745000000002,50.0,0.15199135302353145,1.9110500332641687
1.8998690000000003,50.0,0.15202914955119246,1.8832271313207136
1.9003635,50.0,0.1520711349020652,1.8553292414127975
1.9008580000000002,50.0,0.15211708835540816,1.8275847518790629
1.9013525000000002,50.0,0.15216660551424835,1.800210802233133
1.901847,50.0,0.15221931238544448,1.7735237820848861
1.9023415000000001,50.0,0.15227490396173823,1.7476748944351765
1.9028360000000002,50.0,0.15233292663587283,1.7229284788318957
1.9033305000000003,50.0,0.1523929586614252,1.6994727709033564
1.903825,50.0,0.15245460969219882,1.6774780191665635
1.9043195000000002,50.0,0.15251738920946445,1.6571010037065381
1.9048140000000002,50.0,0.1525808781317674,1.6385069730269106
1.9053085,50.0,0.15264463062863984,1.6217613260062649
1.9058030000000001,50.0,0.1527081193411381,1.6069962708163388
1.9062975000000002,50.0,0.15277097371124412,1.5942797085480156
1.906792,50.0,0.15283272455879743,1.5835996601980544
1.9072865,50.0,0.1528928353788853,1.5750760779001793
1.9077810000000002,50.0,0.15295101260140226,1.5686323148731385
1.9082755000000002,50.0,0.15300678717241292,1.564265425966543
1.90877,50.0,0.15305967661422212,1.56200999012215
1.9092645000000001,50.0,0.1531094503873518,1.5617098325809449
1.9097590000000002,50.0,0.15315569002734453,1.5633935358591995
1.9102535,50.0,0.15319800154336866,1.5669677990711695
1.9107480000000001,50.0,0.15323620895488105,1.5722982786680466
1.9112425000000002,50.0,0.1532700029113449,1.5794131471118524
1.9117370000000002,50.0,0.15329908335101128,1.588087672766058
1.9122315,50.0,0.15332333573885223,1.5983480075211414
1.9127260000000001,50.0,0.15334258493652828,1.6100384349263572
1.9132205000000002,50.0,0.15335664476046126,1.62306409387383
1.913715,50.0,0.1533654737830592,1.6373870801400057
1.9142095000000001,50.0,0.15336901700547412,1.652854152114615
1.9147040000000002,50.0,0.15336721886499635,1.6694236794764568
1.9151985000000002,50.0,0.15336013446345576,1.68699442086879
1.915693,50.0,0.15334779577170032,1.7054882646217295
1.9161875000000002,50.0,0.15333028417598665,1.7248082907505393
1.9166820000000002,50.0,0.15330776510900496,1.744914034190559
1.9171765,50.0,0.15328033631292295,1.7656661468965351
1.9176710000000001,50.0,0.1532482050548504,1.7870300134074892
1.9181655000000002,50.0,0.15321164517189412,1.8089031856429467
1.9186600000000003,50.0,0.153170818046226,1.8311573682003244
1.9191545,50.0,0.15312603465081806,1.8537653806023606
1.9196490000000002,50.0,0.15307767468292893,1.8765559546445534
1.9201435000000002,50.0,0.15302595077838987,1.8994148481579443
1.920638,50.0,0.1529712593490773,1.922312752267393
1.9211325000000001,50.0,0.1529140777177422,1.944967602771946
1.9216270000000002,50.0,0.15285465622267866,1.9673647245524353
1.9221215000000003,50.0,0.15279346002603753,1.989338634730321
1.922616,50.0,0.15273101861680766,2.010621995167104
1.9231105000000002,50.0,0.15266763225545588,2.031245068891448
1.9236050000000002,50.0,0.15260381077311724,2.050853763921663
1.9240995,50.0,0.15254006970327033,2.0693883023031154
1.9245940000000001,50.0,0.15247677706716736,2.0866707018486603
1.9250885000000002,50.0,0.15241444662308373,2.1024516792163133
1.925583,50.0,0.1523535368336176,2.116688449688981
1.9260775,50.0,0.15229446849868195,2.12911609806388
1.9265720000000002,50.0,0.15223770865759217,2.1396242348304226
1.9270665000000002,50.0,0.15218366152580737,2.1481293468741547
1.927561,50.0,0.15213272482851062,2.154380026259948
1.9280555000000001,50.0,0.15208529910612748,2.158434578119215
1.9285500000000002,50.0,0.15204172779102468,2.160063291123632
1.9290445,50.0,0.15200230716912114,2.1592864041460067
1.9295390000000001,50.0,0.15196738374549573,2.1560694795460487
1.9300335000000002,50.0,0.15193719376460105,2.1503123874321615
1.9305280000000002,50.0,0.1519118999038749,2.1421509399726175
1.9310225,50.0,0.15189179019020793,2.131517928182917
1.9315170000000002,50.0,0.15187696831807374,2.1185281166450602
1.9320115000000002,50.0,0.15186745418821737,2.1032684850689964
1.932506,50.0,0.15186345155488115,2.0858633156303754
1.9330005000000001,50.0,0.15186493291199388,2.066406907078398
1.9334950000000002,50.0,0.15187178809310226,2.045148280399296
1.9339895000000003,50.0,0.15188410213119796,2.022213655935768
1.934484,50.0,0.1519017284530683,1.9978042850649615
1.9349785000000002,50.0,0.15192445708816574,1.972216243380202
1.9354730000000002,50.0,0.15195222807902847,1.945601898862522
1.9359675,50.0,0.1519847876523779,1.918252649321823
1.9364620000000001,50.0,0.15202185368694218,1.8904363321737943
1.9369565000000002,50.0,0.15206323093951218,1.8623793140055611
1.9374510000000003,50.0,0.15210856481075363,1.8343426874038453
1.9379455,50.0,0.15215752598609664,1.8066529375354763
1.9384400000000002,50.0,0.15220980284504226,1.7794285872336653
1.9389345000000002,50.0,0.1522649588768743,1.7530705939669073
1.939429,50.0,0.15232263778196017,1.7276861452872174
1.9399235000000001,50.0,0.15238243478091298,1.7035212315928379
1.9404180000000002,50.0,0.1524438586928966,1.680854350970038
1.9409125000000003,50.0,0.15250652798620454,1.6596915919132902
1.941407,50.0,0.1525699992630955,1.640379540404792
1.9419015000000002,50.0,0.15263374358490178,1.622900944672929
1.9423960000000002,50.0,0.15269735808253485,1.607432088633314
1.9428905,50.0,0.1527604253445589,1.594070923344094
1.9433850000000001,50.0,0.15282239242366558,1.5827927662796237
1.9438795000000002,50.0,0.15288285731740972,1.573755973723295
1.944374,50.0,0.15294146512832268,1.5668611587770358
1.9448685000000001,50.0,0.15299767542073175,1.5621369224254356
1.9453630000000002,50.0,0.15305112666377746,1.5596227443935682
1.9458575000000002,50.0,0.15310152140121383,1.5591218695741131
1.946352,50.0,0.1531483861430824,1.5607167237698905
1.9468465000000001,50.0,0.15319143219836362,1.56427435256791
1.9473410000000002,50.0,0.1532304177309759,1.5696410640076561
1.9478355,50.0,0.15326497837380926,1.5768743023715233
1.9483300000000001,50.0,0.15329491520464192,1.5857083566930186
1.9488245000000002,50.0,0.15332005534793186,1.5961529288610035
1.9493190000000002,50.0,0.15334015896653425,1.6080560168332625
1.9498135,50.0,0.15335514330152353,1.6213141071511044
1.9503080000000002,50.0,0.15336490300704936,1.6358192821981987
1.9508025000000002,50.0,0.15336932894533367,1.6514987431104735
1.951297,50.0,0.15336847701733702,1.6682115754122768
1.9517915000000001,50.0,0.15336229432514634,1.6858760301952325
1.9522860000000002,50.0,0.15335080990193625,1.7044494145937743
1.9527805000000003,50.0,0.15333420927244307,1.7237420565979895
1.953275,50.0,0.15331250829349619,1.743778143946394
1.9537695000000002,50.0,0.1532858551120965,1.764412551034794
1.9542640000000002,50.0,0.15325453379780546,1.7855653148620552
1.9547585,50.0,0.1532186693760357,1.8071784280322534
1.9552530000000001,50.0,0.15317849391291455,1.8291651232738575
1.9557475000000002,50.0,0.1531343659634123,1.8513844175609346
1.9562420000000003,50.0,0.15308653925417878,1.8738372289507086
1.9567365,50.0,0.15303529772736577,1.8963044197510126
1.9572310000000002,50.0,0.15298107309606226,1.9188038640337435
1.9577255000000002,50.0,0.1529242268852672,1.9410996250478998
1.95822,50.0,0.15286507691377346,1.9631520914878593
1.9587145000000001,50.0,0.15280413218644387,1.9848226380089347
1.9592090000000002,50.0,0.1527418031323577,2.005870321955634
1.9597035000000003,50.0,0.1526784564327677,2.026330892222298
1.960198,50.0,0.15261464721180013,2.045841025854442
1.9606925000000002,50.0,0.15255077862238667,2.0643983506338626
1.9611870000000002,50.0,0.15248729534998717,2.0817619966001377
1.9616815,50.0,0.15242472894170433,2.0977689483362267
1.9621760000000001,50.0,0.1523634504996724,2.1122828695922466
1.9626705000000002,50.0,0.15230396978381341,2.125130800772394
1.963165,50.0,0.15224674646155262,2.1361330237156015
1.9636595000000001,50.0,0.15219210761289964,2.145194414097936
1.9641540000000002,50.0,0.15214055687149508,2.152156876070716
1.9646485000000002,50.0,0.15209247844356308,2.1568650311487803
1.965143,50.0,0.1520481316782464,2.159325859608983
1.9656375000000001,50.0,0.15200794201017925,2.159332969323373
1.9661320000000002,50.0,0.15197221916717538,2.156921560489231
1.9666265,50.0,0.15194112468687399,2.152035318029793
1.9671210000000001,50.0,0.15191496852393357,2.14464583105288
1.9676155000000002,50.0,0.15189396828446047,2.134792018272659
1.9681100000000002,50.0,0.15187817399666353,2.122554010529997
1.9686045,50.0,0.15186776343474273,2.107922853284311
1.9690990000000002,50.0,0.1518628421492515,2.091113000897615
1.9695935000000002,50.0,0.15186335303525023,2.072165174111415
1.970088,50.0,0.1518693272215211,2.0512730133944066
1.9705825000000001,50.0,0.15188075422526356,2.0286554460428996
1.9710770000000002,50.0,0.15189747794171815,2.004406723333641
1.9715715000000003,50.0,0.15191939179433034,1.9789060273339087
1.972066,50.0,0.15194635996501338,1.9522327549912168
1.9725605000000002,50.0,0.1519781314037135,1.924752650478146
1.9730550000000002,50.0,0.15201450668384495,1.8966916919465782
1.9735495,50.0,0.15205521080954354,1.8682753863340054
1.9740440000000001,50.0,0.15209990797890646,1.8398688075183034
1.9745385000000002,50.0,0.15214834632866653,1.8116462314421078
1.9750330000000003,50.0,0.15220012140735606,1.7839276637404071
1.9755275,50.0,0.1522548284502196,1.756978647383293
1.9760220000000002,50.0,0.15231218174503952,1.7309896375590479
1.9765165000000002,50.0,0.15237167954229996,1.7062416098710325
1.977011,50.0,0.15243287042073497,1.6829508066008987
1.9775055000000001,50.0,0.1524954404450852,1.6612253517883826
1.9780000000000002,50.0,0.15255883110929577,1.6413607959112968
1.9784945000000003,50.0,0.15262257432411513,1.6233819903414666
1.978989,50.0,0.15268633328358355,1.607473057666309
1.9794835000000002,50.0,0.15274954712688282,1.5937066324447091
1.9799780000000002,50.0,0.15281174762495794,1.5821416798141257
1.9804725,50.0,0.15287259344596318,1.5728216417950107
1.9809670000000001,50.0,0.15293157175110694,1.565751295919636
1.9814615000000002,50.0,0.15298824435690836,1.5609382335765682
1.981956,50.0,0.15304228052434077,1.558304432202726
1.9824505000000001,50.0,0.15309324430349497,1.5578610395363832
1.9829450000000002,50.0,0.15314077721904346,1.5594623818867561
1.9834395000000002,50.0,0.153184568484108,1.5630835285007791
1.983934,50.0,0.1532242843092117,1.5685928833897742
1.9844285000000002,50.0,0.1532596651232114,1.5758828274613623
1.9849230000000002,50.0,0.15329046372715066,1.5848612539733407
1.9854175,50.0,0.1533164471004484,1.5953957747059386
1.9859120000000001,50.0,0.15333745653619255,1.6073484586134619
1.9864065000000002,50.0,0.1533533689709908,1.6206787116602765
1.9869010000000003,50.0,0.1533640215047687,1.6351454475866904
1.9873955,50.0,0.15336938375355097,1.6507866564327234
1.9878900000000002,50.0,0.1533694670126306,1.667391844063879
1.9883845000000002,50.0,0.15336415944918394,1.6848711868238033
1.988879,50.0,0.15335359147773253,1.7032577543351948
1.9893735000000001,50.0,0.15333787795121653,1.7222371502837233
1.9898680000000002,50.0,0.15331697543494907,1.7419872594098067
1.9903625000000003,50.0,0.1532911632150237,1.7622406887487578
1.990857,50.0,0.15326062796051773,1.7829888954879667
1.9913515000000002,50.0,0.1532254451202904,1.8042240424480294
1.9918460000000002,50.0,0.1531859796906192,1.8257351729644493
1.9923405,50.0,0.15314248703207584,1.8475795244794209
1.9928350000000001,50.0,0.1530951902403088,1.869606956929211
1.9933295000000002,50.0,0.1530444857168707,1.8917144427586767
1.9938240000000003,50.0,0.15299070534863876,1.91389091179991
1.9943185,50.0,0.15293419673345524,1.9359275655334152
1.9948130000000002,50.0,0.15287538236044682,1.9577848281606478
1.9953075000000002,50.0,0.15281465944423434,1.9793381208825676
1.995802,50.0,0.15275244770173807,2.0003726916679945
1.9962965000000001,50.0,0.15268921062155574,2.0208825405085213
1.9967910000000002,50.0,0.1526253799851497,2.0405652911767374
1.9972855000000003,50.0,0.15256140247135105,2.0593777052435525
1.9977800000000001,50.0,0.15249778860316204,2.077091958138633
1.9982745000000002,50.0,0.15243495127184453,2.0935373874717644
1.9987690000000002,50.0,0.15237334310054357,2.1085909622359273
1.9992635,50.0,0.15231350009335234,2.1220129734377964
1.9997580000000001,50.0,0.15225577455896117,2.1337037672198655
