time	energy_J	tip_bending_m	tip_twist_deg	max_omega_rad_s
0.0004945	3.2480215883492175e-11	6.3089941117224e-9	8.554709467329491e-6	0.0006758286517375219
0.000989	1.0436968197321917e-9	4.937858614058839e-8	5.5212993929169816e-5	0.0036310425447855536
0.0014835	9.683535756204797e-9	1.9866077137087883e-7	0.00019721980656435808	0.01021301087643735
0.001978	4.87915829015477e-8	5.625529685101019e-7	0.0005198513214334401	0.021190009261657837
0.0024725000000000003	1.7183039516392578e-7	1.2820517281662563e-6	0.0011297649950871593	0.03714121665895221
0.002967	4.784986902628609e-7	2.5248120374277426e-6	0.0021482978067952295	0.05839132873716625
0.0034615	1.128721040842821e-6	4.479088769345287e-6	0.003705222554298675	0.08502780530373967
0.003956	2.3523889140697946e-6	7.34753939826511e-6	0.0059326661468991244	0.11692638121043206
0.0044505000000000005	4.4527470606517865e-6	1.1340949777492407e-5	0.00895958092036416	0.15375741195788
0.004945000000000001	7.801928133594406e-6	1.6671953942469946e-5	0.012906548631237306	0.19501033744236018
0.005439500000000001	1.282802346448578e-5	2.3548859012236775e-5	0.01788115511826088	0.2400112110014243
0.005934	1.999390589602376e-5	3.216967838799435e-5	0.023973796763302854	0.2879430810768037
0.0064285	2.9768925734479433e-5	4.271647222680197e-5	0.03125397567799796	0.33785297401059694
0.006923	4.259531537267228e-5	5.535014528776828e-5	0.039766806415220166	0.3886573459599397
0.0074175000000000005	5.885186493147083e-5	7.020597543629221e-5	0.04952952387911218	0.43917504433552085
0.007912	7.881763032512054e-5	8.739007137189748e-5	0.060527329421511185	0.4881889104097687
0.0084065	0.00010263792872688507	0.00010697629288642052	0.07270790563036456	0.5343905820313647
0.008901000000000001	0.00013029415604072188	0.00012900249803942393	0.08597430795621226	0.576093598800382
0.009395500000000001	0.00016158077619628572	0.00015346607268131021	0.10017805382222214	0.6110502649961969
0.009890000000000001	0.0001960965980784136	0.0001803213538062598	0.11511616293611424	0.6369056537464427
0.010384500000000001	0.00023325702072218675	0.00020948180756930076	0.13053513002405354	0.651965898560656
0.010879000000000002	0.0002723257552871093	0.0002408259996336995	0.14614019923841234	0.6553213168534863
0.011373500000000002	0.0003124577296813812	0.00027420382080989037	0.16160507069760877	0.6464415853179553
0.011868	0.0003527470698826922	0.00030944158746420666	0.17657945505450443	0.6251539678148242
0.0123625	0.00039227862410264643	0.0003463467279473448	0.19069709826477618	0.5918775506832626
0.012857	0.0004301803395602321	0.00038471192458889415	0.2035868732210494	0.5476229720413414
0.0133515	0.0004656710816880634	0.00042431830737718395	0.2148843780913091	0.4948117141522866
0.013846	0.0004980997743750927	0.00046493817006649645	0.2242405487524163	0.44262776395332193
0.0143405	0.0005269749844823359	0.0005063376375759679	0.23132938604421138	0.3972959890476937
0.014835000000000001	0.0005519840956814074	0.0005482794889867826	0.23585695842118948	0.35723809094477815
0.015329500000000001	0.00057299991159407	0.0005905263574874217	0.23756829241129246	0.3305354433179644
0.015824	0.0005900746839196905	0.0006328443285889119	0.2362513179966136	0.32236177854526993
0.0163185	0.0006034235318513551	0.0006750067415872376	0.23174239121650023	0.3425750434178084
0.016813	0.0006133981613070079	0.0007167977163556787	0.22393327054535705	0.41500830197220395
0.0173075	0.000620452820024541	0.0007580155690348256	0.21277805635726313	0.5075990791971692
0.017802000000000002	0.0006251058785879245	0.0007984776583328553	0.19830314935880358	0.6066594136903715
0.0182965	0.0006278994037020908	0.0008380273301765815	0.1806175272623355	0.7056747458297263
0.018791000000000002	0.0006293598795569004	0.0008765407412146292	0.15991688329798967	0.7997695315895105
0.0192855	0.0006299650200246132	0.0009139305458877643	0.13648224033736572	0.8848699809237206
0.019780000000000002	0.0006301209895465218	0.0009501460738615964	0.11067415072919548	0.957507480300463
0.0202745	0.0006301332398162913	0.0009851705258971818	0.08292179349683529	1.0148725748635812
0.020769000000000003	0.0006301332361746695	0.001019007820590226	0.05370234287130098	1.0552117685858147
0.0212635	0.0006301332075383604	0.0010516629261377289	0.023523712266166282	1.0777651204611076
0.021758000000000003	0.0006301331546690722	0.0010831353580252386	-0.007092963351953896	1.0823050619655654
0.0222525	0.0006301330823046474	0.0011134248994499369	-0.0376236451160403	1.0690410034656632
0.022747000000000003	0.0006301329985112074	0.0011425381275689413	-0.06754874885954551	1.0385085744210105
0.023241500000000002	0.0006301329134190977	0.0011704940383429367	-0.09635963995392514	0.9915092178736452
0.023736	0.0006301328375861109	0.0011973286468281148	-0.1235643185034569	0.9291233393373336
0.024230500000000002	0.0006301327800435131	0.001223098056978128	-0.14869520215701634	0.8526728806697103
0.024725	0.0006301327463490547	0.0012478794655078056	-0.17131330202161293	0.7637655943592571
0.025219500000000002	0.0006301327374186983	0.001271770595499814	-0.191012983289089	0.6645182377021999
0.025714	0.000630132749338734	0.0012948885344848619	-0.20742789148056479	0.5580461219719479
0.026208500000000003	0.0006301327743935963	0.0013173680027917954	-0.22024268011885587	0.44943369999171723
0.026703	0.0006301328029606592	0.0013393581330878523	-0.22920539698905243	0.34813845975898783
0.027197500000000003	0.0006301328254599894	0.0013610166335522133	-0.23413884228826196	0.3072278857910886
0.027692	0.0006301328343484597	0.0013825021566748637	-0.23494813272804377	0.3048116807894788
0.028186500000000003	0.0006301328257078859	0.0014039682371200205	-0.23162243788722855	0.31645679165354224
0.028681	0.0006301328000894497	0.0014255612602354795	-0.22422906673864004	0.4120490409072743
0.029175500000000004	0.0006301327624878385	0.001447421638606177	-0.21290508459560561	0.5212037991942032
0.029670000000000002	0.0006301327210191919	0.0014696853272245344	-0.19785151902554135	0.6311497164401287
0.030164500000000004	0.0006301326849395074	0.0014924827682022486	-0.17932949046516752	0.7356135186398964
0.030659000000000002	0.0006301326624703838	0.0015159341886426994	-0.15765602922909813	0.8310759500251348
0.031153500000000004	0.0006301326588682629	0.0015401430635006228	-0.13319997426550664	0.9151846381123505
0.031648	0.0006301326755754671	0.0015651904364467589	-0.10637558911677361	0.9861849528822065
0.032142500000000004	0.0006301327101611366	0.0015911310152542924	-0.07763402280946011	1.0426812142035553
0.032637	0.0006301327569756671	0.0016179909416003406	-0.04745767347460396	1.0833899254186061
0.0331315	0.0006301328087050056	0.001645768010149653	-0.016357293110550255	1.107096132023884
0.033626	0.0006301328582901232	0.0016744351173852393	0.015133654300935915	1.112779651853663
0.034120500000000005	0.0006301329003166154	0.001703946063421758	0.04646541412385841	1.0997004464162823
0.034615	0.0006301329315787779	0.0017342416985391546	0.07707825543112491	1.0675455515448353
0.0351095	0.0006301329512888813	0.0017652552403299485	0.10641487063953091	1.0166622740680527
0.035604000000000004	0.0006301329608789867	0.0017969172435098948	0.13393949606046854	0.9481542267736068
0.036098500000000006	0.0006301329632308839	0.0018291612542340994	0.1591552335367183	0.8638373177300334
0.036593	0.0006301329616578068	0.00186193022272009	0.18161584568202524	0.7663370572901452
0.0370875	0.0006301329590826123	0.0018951817496491894	0.20093367738183093	0.6593327283022823
0.037582000000000004	0.0006301329575947225	0.00192888923109785	0.21678360038568517	0.5479959045380652
0.038076500000000006	0.0006301329583784514	0.001963038121593566	0.228902428625348	0.44047042156638444
0.038571	0.0006301329620739626	0.0019976196651190427	0.2370896984810882	0.35163563447813106
0.0390655	0.000630132969234159	0.002032625217999023	0.24121188337771723	0.3071816746495866
0.039560000000000005	0.0006301329804654495	0.002068043112102378	0.24120474573954875	0.32951023977345406
0.0400545	0.0006301329962929476	0.002103858071769223	0.23707237018907615	0.40759061494860144
0.040549	0.0006301330169780474	0.002140051485021775	0.2288844313391631	0.5140163274778314
0.041043500000000004	0.0006301330423243371	0.002176601612239613	0.21677292926602476	0.6306053267116422
0.041538000000000005	0.0006301330715247277	0.0022134838736333107	0.20093188031374695	0.7479369507298138
0.0420325	0.0006301331031816018	0.002250670083079363	0.1816174808209797	0.8604795442830304
0.042527	0.0006301331355135278	0.002288125489774696	0.15914913558403146	0.9642093224513175
0.043021500000000004	0.0006301331667377268	0.002325804054019433	0.13391009850643337	1.0556995337471613
0.043516000000000006	0.000630133195500142	0.002363643731690417	0.10634237493163129	1.1320226853254127
0.0440105	0.0006301332211734307	0.0024015639746578993	0.07693755616527558	1.1909262306046102
0.044505	0.0006301332438988402	0.002439465922004659	0.04622279928662271	1.2310219318067335
0.044999500000000005	0.0006301332644342866	0.0024772337135473715	0.014743399963732575	1.2516295907988606
0.04549400000000001	0.0006301332840718359	0.002514735476818953	-0.016951811362037526	1.2523416108649859
0.0459885	0.000630133304517914	0.0025518247048815813	-0.048318932091872324	1.2328397072881834
0.046483000000000003	0.0006301333273076989	0.002588343887070009	-0.07882366729527947	1.193082524664618
0.046977500000000005	0.0006301333530604255	0.002624131496173733	-0.10795013277477912	1.1336813566954196
0.047472	0.0006301333811812217	0.0026590315678092363	-0.13520778580714024	1.0559982375268553
0.0479665	0.0006301334099114992	0.002692903102370933	-0.1601389813719223	0.9620872269466477
0.048461000000000004	0.0006301334366441095	0.0027256264874552386	-0.18232629895903452	0.8545068369199326
0.048955500000000006	0.0006301334588242288	0.0027571060981668536	-0.20139976289189016	0.7361105490239125
0.04945	0.0006301334753046237	0.0027872699440069145	-0.21703628523649682	0.6102143849687425
0.0499445	0.0006301334873744238	0.0028160670424261657	-0.2289617599476785	0.4815556989908898
0.050439000000000005	0.0006301334989479322	0.0028434628064956105	-0.23695748654070928	0.35859712961915435
0.05093350000000001	0.0006301335158440047	0.0028694338542420684	-0.24086874793350826	0.2608976672050902
0.051428	0.0006301335444219622	0.002893964737472051	-0.24061194039891312	0.23104217741555183
0.0519225	0.0006301335900601769	0.002917047460835002	-0.2361822250321955	0.2908986595436849
0.052417000000000005	0.0006301336556656438	0.0029386823127391178	-0.22765811368390004	0.3981663106324067
0.05291150000000001	0.0006301337403833987	0.0029588779412779557	-0.21519878581097693	0.5183084734836495
0.053406	0.0006301338389527427	0.002977649287037948	-0.1990362635530968	0.6370988432968915
0.053900500000000004	0.0006301339420116424	0.0029950139893829136	-0.1794652810311686	0.7481130241066523
0.054395000000000006	0.0006301340374609885	0.0030109895422978246	-0.1568345766531152	0.8477886240703839
0.05488950000000001	0.0006301341126276471	0.0030255922132959175	-0.13154038473970803	0.9337123543677018
0.055384	0.0006301341564551211	0.003038836386249066	-0.10402266980880286	1.0040331124445878
0.055878500000000005	0.0006301341612465388	0.0030507327620520118	-0.07475828982232643	1.057379603107144
0.056373000000000006	0.0006301341238935337	0.0030612851056836332	-0.04425147876613353	1.0928835239348698
0.0568675	0.0006301340464734012	0.0030704868377133057	-0.01302330475160292	1.1101474167457568
0.057362	0.0006301339361517215	0.0030783195997529564	0.018396224989160884	1.109145817960563
0.057856500000000005	0.0006301338042531397	0.0030847549901548673	0.04947382334944228	1.0901645444828905
0.05835100000000001	0.0006301336643835951	0.003089759350132923	0.07967732534908711	1.053827367612385
0.0588455	0.0006301335300045431	0.0030933009026634733	0.10848136361329419	1.0011671786533791
0.059340000000000004	0.0006301334121465531	0.0030953585744042883	0.1353742424618865	0.9337556663033925
0.059834500000000006	0.0006301333179901075	0.0030959313260560265	0.15987111337655177	0.8538355305769397
0.06032900000000001	0.0006301332504136506	0.0030950450398774297	0.18153026389636415	0.7643847345419811
0.0608235	0.0006301332082149087	0.00309275424442685	0.19996496073111006	0.6694594013244479
0.061318000000000004	0.0006301331868444784	0.0030891394047696096	0.21485256583597984	0.5750716101029841
0.061812500000000006	0.0006301331795806579	0.0030843027019110104	0.22594265850586875	0.49032630940756805
0.06230700000000001	0.0006301331791966313	0.003078364433321537	0.23305797128457348	0.4283985964398001
0.06280150000000001	0.000630133179705733	0.0030714606934060043	0.2360913326094397	0.40420733331838865
0.063296	0.0006301331775120892	0.003063741340414303	0.23500456157543173	0.4249123842102182
0.0637905	0.0006301331718361365	0.0030553663319994816	0.22983147573187362	0.48303494655061074
0.06428500000000001	0.000630133164261569	0.0030465003960233675	0.2206778997204084	0.5638388223468755
0.0647795	0.000630133157669036	0.0030373082001356982	0.2077174160226748	0.6545796538769879
0.065274	0.0006301331550642191	0.0030279514707470083	0.19118652233328284	0.7465381491900495
0.06576850000000001	0.000630133158482893	0.003018587670343504	0.17137709784755875	0.833942003434866
0.066263	0.000630133168303804	0.0030093691023180386	0.14863028229730404	0.9127728536787107
0.06675750000000001	0.0006301331831419912	0.003000441221239916	0.12333502269387288	0.9800843451187901
0.067252	0.0006301332004653696	0.0029919395990536946	0.09592703386670651	1.0335948738712282
0.0677465	0.000630133217338964	0.0029839856268202933	0.06688556728690906	1.0715542164658869
0.06824100000000001	0.0006301332308200668	0.002976680833016349	0.036726013792704355	1.0928022606536802
0.0687355	0.0006301332386094694	0.0029701005763322543	0.005989593963831047	1.0967484023548377
0.06923	0.000630133239813713	0.0029642896433939234	-0.024771597410225443	1.0832576963233238
0.06972450000000001	0.0006301332348209374	0.002959262766887638	-0.05500923625430934	1.0524366148425588
0.070219	0.0006301332246682132	0.0029550107141929315	-0.08419044823613042	1.0045991694256238
0.07071350000000001	0.0006301332107445404	0.0029515092611108913	-0.1118066675289799	0.940356136928279
0.07120800000000001	0.0006301331945550112	0.0029487273687784543	-0.13738090654253987	0.8606954650977674
0.0717025	0.0006301331773884044	0.0029466325055986747	-0.16047405683460905	0.7669659952127457
0.07219700000000001	0.0006301331603984826	0.002945193389601708	-0.18069004750703424	0.6609209951139202
0.0726915	0.0006301331448095833	0.0029443818851522955	-0.19768395339772626	0.544894357985526
0.073186	0.0006301331317566329	0.0029441752559690327	-0.21116983057286687	0.42221914479211736
0.07368050000000001	0.0006301331221065684	0.0029445577715620803	-0.220924896738136	0.2986354682643344
0.074175	0.0006301331164989992	0.0029455200812196942	-0.2267865884133335	0.18973145570772523
0.0746695	0.000630133115229295	0.002947055984389978	-0.22865115353969134	0.1513627757464142
0.07516400000000001	0.0006301331179117646	0.002949157516216887	-0.22647734896701793	0.22723180282591413
0.0756585	0.0006301331233128434	0.0029518098838508364	-0.22029030454062684	0.34793595510558395
0.07615300000000001	0.0006301331294558996	0.002954987325576871	-0.21018540372488032	0.47653281675699877
0.07664750000000001	0.0006301331340763278	0.002958650389638278	-0.1963326336539539	0.6021312633605552
0.077142	0.0006301331353815235	0.0029627456297995863	-0.17897678611932788	0.7197125854211563
0.07763650000000001	0.000630133132773899	0.0029672083116754743	-0.1584293109598448	0.8262938549195055
0.078131	0.0006301331271603112	0.002971966019772194	-0.1350608815304284	0.919866111802846
0.0786255	0.0006301331209471031	0.0029769397278666117	-0.1092919004707017	0.998884752862347
0.07912000000000001	0.0006301331181925969	0.0029820407119414733	-0.0815835811493884	1.0619847922260965
0.0796145	0.0006301331242417602	0.0029871645539101843	-0.05242905379625097	1.1077773388658323
0.080109	0.0006301331444537919	0.0029921856391585304	-0.022347306750218243	1.1349474979035017
0.08060350000000001	0.0006301331828106599	0.002996955446722008	0.008126086594099545	1.1425607446512094
0.081098	0.0006301332406801118	0.0030013052317198244	0.03845000996594057	1.1302463782178547
0.08159250000000001	0.0006301333158150195	0.0030050511259985925	0.06808975916875576	1.0981568769772203
0.08208700000000001	0.0006301334018648203	0.003007999489384974	0.09652676063489177	1.0467654139660385
0.0825815	0.0006301334893060624	0.0030099521697093392	0.12326760502513963	0.9767552492658955
0.08307600000000001	0.0006301335677110616	0.00301071261970626	0.14784701616188264	0.8890137332093906
0.0835705	0.0006301336280234184	0.0030100933344986663	0.16982985787358934	0.7848361229793204
0.084065	0.0006301336644522862	0.003007923811536284	0.18881866927054952	0.666044867699367
0.08455950000000001	0.0006301336759083724	0.00300405782111031	0.2044651308767392	0.5350476998564615
0.085054	0.0006301336662864334	0.0029983791111651927	0.21648084814354374	0.3948074199510225
0.08554850000000001	0.0006301336436473772	0.0029908046430746084	0.22464507241120918	0.24896737131271043
0.08604300000000001	0.0006301336185731356	0.002981284524963505	0.22880986521905902	0.15394387861097933
0.0865375	0.0006301336019413177	0.002969797820278791	0.22890304205844839	0.14229695325049257
0.08703200000000001	0.0006301336023366716	0.0029563449441176006	0.2249261668202111	0.2118614550002262
0.08752650000000001	0.0006301336237821785	0.002940940400026442	0.2169516817784443	0.3546179385438355
0.088021	0.0006301336647306661	0.002923609510495587	0.20512250131666374	0.49219652328906655
0.08851550000000001	0.0006301337185720341	0.002904389278552837	0.1896510736760078	0.6214390905596704
0.08901	0.0006301337752161104	0.0028833307541364	0.17081560171463897	0.7398107023625056
0.0895045	0.0006301338231366512	0.002860499859616936	0.14895308371268287	0.8450716779784985
0.08999900000000001	0.0006301338516533808	0.00283597493302965	0.12445248357462722	0.9354638733212761
0.0904935	0.0006301338531030702	0.00280984181965492	0.09774378335381062	1.009804448801822
0.09098800000000001	0.0006301338242607677	0.002782189124521909	0.06928740943208145	1.06724869126778
0.09148250000000001	0.0006301337667706072	0.00275310496200345	0.03956964387068571	1.1070664165205393
0.091977	0.0006301336865377353	0.0027226743536363247	0.009100326815159418	1.1287217854773266
0.09247150000000001	0.0006301335921743958	0.002690976494029055	-0.02159211054116266	1.1320434327094453
0.09296600000000001	0.0006301334930406627	0.002658082512102257	-0.0519682359929597	1.1173221389902699
0.0934605	0.0006301333976200165	0.002624054448308254	-0.08148856160615423	1.0854433631069464
0.09395500000000001	0.0006301333124955768	0.0025889453298873996	-0.10962863871817767	1.0380218909552354
0.0944495	0.0006301332418219877	0.0025528004728444156	-0.1358903137002138	0.9774278390259779
0.094944	0.0006301331871358612	0.0025156607900996123	-0.15980884811879173	0.9068845889692986
0.09543850000000001	0.0006301331475615259	0.0024775688540222746	-0.18096081281081697	0.8306098501355468
0.095933	0.0006301331205315238	0.002438577650723951	-0.1989711501982459	0.7536389537794673
0.09642750000000001	0.0006301331027142024	0.0023987595213752475	-0.21351920822490444	0.6817947558693914
0.09692200000000001	0.0006301330908579814	0.002358210961230547	-0.22434417628576478	0.6220820691025091
0.0974165	0.000630133082440593	0.00231705118669322	-0.23125378599962	0.5825383714228737
0.09791100000000001	0.0006301330759385422	0.002275416298549768	-0.23412907007799802	0.5703209212421066
0.0984055	0.0006301330707022859	0.002233452396957239	-0.23292381241409793	0.5883673538411812
0.0989	0.0006301330665777758	0.0021913102498918153	-0.2276603026565646	0.6333410702444112
0.09939450000000001	0.0006301330635433086	0.0021491421618274006	-0.21842619241081543	0.6974597400429834
0.099889	0.0006301330613984296	0.002107099579796464	-0.20537081138968608	0.7723201867172516
0.10038350000000001	0.0006301330596275122	0.00206533002518941	-0.18870379522418995	0.8509011755172003
0.10087800000000001	0.0006301330575192962	0.0020239739275202595	-0.1686970286948283	0.9275133053389333
0.1013725	0.0006301330542764619	0.001983162201420627	-0.14568521479225924	0.9975602728013321
0.10186700000000001	0.0006301330490610654	0.0019430142463708407	-0.12006199290284952	1.0575021309820605
0.10236150000000001	0.0006301330412647479	0.0019036358232320395	-0.09226916100767676	1.1047715229317672
0.102856	0.0006301330307982293	0.0018651168104143094	-0.06278726960681796	1.1375104001991048
0.10335050000000001	0.0006301330179393675	0.0018275296441414128	-0.03212737956550735	1.1542841369162284
0.103845	0.0006301330029593743	0.0017909285055070462	-0.0008229989472559059	1.1540251663947012
0.1043395	0.0006301329861015028	0.0017553476494453547	0.030578099539252453	1.1361102294555705
0.10483400000000001	0.0006301329676098397	0.001720797714574405	0.061521495899696	1.1005076376583398
0.1053285	0.000630132947677648	0.00168726139989247	0.09145811596691888	1.0477642571181593
0.10582300000000001	0.0006301329266437531	0.0016546917441866114	0.11985740517592912	0.9787834704164003
0.10631750000000001	0.000630132905299557	0.0016230157276987346	0.14621961621745894	0.8946283268162635
0.106812	0.0006301328848184164	0.0015921429918480487	0.1700864543068422	0.7965220106063162
0.10730650000000001	0.0006301328667278765	0.0015619765806104836	0.19104890860706858	0.6858435333513423
0.10780100000000001	0.0006301328530027919	0.0015324222313877378	0.20874943132114604	0.5640369516366904
0.1082955	0.0006301328455811531	0.001503394499725161	0.22288086394935608	0.4327425883131886
0.10879000000000001	0.0006301328454279626	0.0014748202479983662	0.2331923947564464	0.29394287691888443
0.1092845	0.0006301328519149962	0.0014466405107497044	0.23949577542224898	0.21200680621564966
0.10977900000000002	0.0006301328626472001	0.001418810615074192	0.24167099176432322	0.2222597788209345
0.11027350000000001	0.0006301328735732346	0.0013912981735889447	0.2396716225122842	0.24151939649671939
0.110768	0.000630132879501606	0.0013640798795813644	0.23352789648785124	0.29182188327113506
0.11126250000000001	0.0006301328751051987	0.0013371384943660527	0.22334290984992744	0.4323271992446169
0.11175700000000001	0.0006301328560663073	0.0013104602171340653	0.20928821137048925	0.5658527265585998
0.1122515	0.0006301328203256025	0.001284031694500634	0.19160176477404478	0.6900149552270942
0.11274600000000001	0.0006301327693266337	0.001257836182429407	0.17058827015309916	0.8024530093774631
0.11324050000000001	0.0006301327082460752	0.0012318499689693552	0.14661516179278472	0.9009404712340442
0.113735	0.0006301326452190063	0.0012060412866141115	0.12010653703931999	0.983550013007599
0.11422950000000001	0.0006301325902278315	0.0011803722837346996	0.09153365911020746	1.0488283125476843
0.114724	0.0006301325535969082	0.001154801623404714	0.06140347011072981	1.0958870182154292
0.11521850000000002	0.0006301325436741199	0.0011292844882074048	0.0302436064994718	1.1243266220604615
0.11571300000000001	0.0006301325645665378	0.0011037689959536667	-0.001409437336657027	1.134002467646576
0.1162075	0.0006301326154338503	0.0010781906209159284	-0.033018150245360436	1.124832230364555
0.11670200000000001	0.0006301326908657636	0.0010524674967004163	-0.06404865380206483	1.0967681535954794
0.11719650000000001	0.0006301327814068637	0.0010264986444742344	-0.0939752004384625	1.0498871664515501
0.117691	0.0006301328751620577	0.0010001654422817736	-0.1222870782289186	0.9845588261517801
0.11818550000000001	0.0006301329603841068	0.000973335599300819	-0.14849815662520216	0.9015673017191106
0.11868000000000001	0.0006301330274179649	0.0009458690153821117	-0.1721585961553413	0.8021598231300409
0.1191745	0.0006301330698547337	0.0009176256963721224	-0.1928638000365523	0.6880413622718043
0.11966900000000001	0.0006301330856052739	0.0008884745187357966	-0.21025866152403702	0.5613346468763217
0.1201635	0.0006301330775453152	0.0008582999866441313	-0.2240421941367797	0.4245351833629266
0.12065800000000002	0.0006301330524759855	0.0008270060303125502	-0.23397237394532636	0.28081664747211493
0.12115250000000001	0.000630133018985565	0.0007945184073968921	-0.23987066267535873	0.2251398606325049
0.121647	0.0006301329854917884	0.0007607867332514399	-0.241629005539489	0.20236079492297768
0.12214150000000001	0.0006301329586750851	0.0007257857776452269	-0.23921834706121065	0.19586006582097665
0.12263600000000001	0.0006301329424594734	0.0006895146526976221	-0.23268923004802855	0.34101413152396465
0.1231305	0.0006301329376382303	0.0006519922475927256	-0.22216744201664537	0.48240786123714025
0.12362500000000001	0.0006301329420755398	0.0006132498889761964	-0.20784839134049216	0.6160356495001424
0.12411950000000001	0.0006301329516297427	0.0005733247794509986	-0.1899901230077214	0.7397384038751972
0.12461400000000002	0.000630132961663051	0.0005322568041672875	-0.16890392180125627	0.8518554228093856
0.1251085	0.0006301329684678756	0.0004900885175978819	-0.14494857587553772	0.950724500518276
0.12560300000000002	0.0006301329700984682	0.0004468665190197086	-0.1185304552272058	1.0346305170232706
0.1260975	0.0006301329665498849	0.0004026424861787288	-0.0900997946655413	1.1020192784645149
0.126592	0.0006301329593136516	0.00035747286828747	-0.06014402350521259	1.151677356968603
0.12708650000000002	0.0006301329505942824	0.0003114171824447268	-0.029177997924105848	1.1827849247878452
0.127581	0.0006301329425801755	0.0002645349523179658	0.0022656732584085434	1.1949681137545207
0.1280755	0.0006301329368210581	0.00021688110883487648	0.03364574866892686	1.1884041938604641
0.12857000000000002	0.0006301329338657133	0.00016850095852198314	0.06441860809179088	1.163872171845406
0.1290645	0.0006301329332655032	0.0001194274352161951	0.09404517095748133	1.1226594439890156
0.129559	0.0006301329338986864	6.968251814915523e-5	0.12199888614806538	1.0664897208601505
0.13005350000000002	0.0006301329345029099	1.9281616581239286e-5	0.14777894949753861	0.9977596012202062
0.130548	0.000630132934086853	-3.176190663030773e-5	0.17092434045476484	0.9199165221443633
0.1310425	0.0006301329321302224	-8.343309795471419e-5	0.1910266806017177	0.8378432891623884
0.13153700000000002	0.0006301329286630556	-0.00013571161936922708	0.20774076552825943	0.758125800625093
0.13203150000000002	0.0006301329241715958	-0.00018856637096579444	0.22078876645102058	0.6889260791838578
0.132526	0.0006301329192813421	-0.00024194829506932647	0.22996066421676353	0.6389326984720324
0.1330205	0.0006301329144320048	-0.00029578366492890776	0.23511209991668405	0.6154580041771807
0.13351500000000002	0.0006301329098182943	-0.0003499709201922692	0.2361651926333549	0.6217812133979777
0.1340095	0.0006301329055439126	-0.0004043821313316646	0.23310871810671452	0.655495834791972
0.134504	0.0006301329019711633	-0.00045886815501352553	0.22599947345261462	0.7100605835368251
0.13499850000000002	0.0006301329000907881	-0.0005132655910790468	0.21496441241476286	0.7776173072403272
0.135493	0.0006301329016518154	-0.0005674039070495355	0.20020032414807534	0.8510104949854467
0.1359875	0.0006301329089448961	-0.0006211119042344139	0.1819665724132797	0.9246140260059371
0.13648200000000002	0.0006301329243425214	-0.0006742223796483015	0.160578659580505	0.9940373073406285
0.1369765	0.00063013294945023	-0.0007265737491055708	0.1364074113357645	1.055423334311368
0.137471	0.0006301329841966441	-0.0007780094541369834	0.10987719272684368	1.1052837514052354
0.13796550000000002	0.0006301330265694482	-0.0008283779433451726	0.08146005876558408	1.1407589324393148
0.13846	0.0006301330728577251	-0.0008775355353267794	0.05166920429840713	1.1598818191495177
0.1389545	0.0006301331180740767	-0.0009253520431197211	0.021047369504359786	1.1617229404276703
0.13944900000000002	0.0006301331567311019	-0.0009717163834172021	-0.009849722429794282	1.1460766237547317
0.1399435	0.0006301331839572622	-0.0010165397012577432	-0.04046935344913848	1.1131773568322811
0.140438	0.0006301331965211131	-0.0010597562659044016	-0.07027395301355341	1.0635570374809493
0.14093250000000002	0.0006301331937133526	-0.0011013240133853788	-0.09874967053209349	0.9980578693605748
0.14142700000000002	0.0006301331778079094	-0.0011412261004740362	-0.12541287084575195	0.9178238321047855
0.1419215	0.0006301331536154841	-0.001179472782901474	-0.14981294865010944	0.824197648171884
0.14241600000000001	0.0006301331274512913	-0.0012161013663099564	-0.1715373700584966	0.7186189206961592
0.14291050000000002	0.0006301331061177114	-0.0012511725969243403	-0.19021776202988766	0.6025980350606167
0.143405	0.0006301330956217326	-0.0012847638647562928	-0.2055371875125589	0.47777430123356457
0.1438995	0.0006301330996057508	-0.0013169606516300158	-0.2172348033004612	0.34601653275582406
0.14439400000000002	0.0006301331180519386	-0.0013478477814738716	-0.22510968730013328	0.23113416376646523
0.1448885	0.0006301331468284324	-0.0013775021558570914	-0.229021377997141	0.22529177098899603
0.145383	0.0006301331782470539	-0.001405988511996774	-0.22889187405376704	0.24167469095766778
0.14587750000000002	0.0006301332027630239	-0.0014333595188232295	-0.22470991606990923	0.2646228496202946
0.146372	0.0006301332113186531	-0.0014596605089658194	-0.2165386332926191	0.3662792450243032
0.1468665	0.0006301331974277242	-0.0014849360266547156	-0.20452099720492098	0.4986527531519555
0.14736100000000002	0.0006301331586224681	-0.0015092340508433178	-0.18887698535505104	0.6223955501635734
0.1478555	0.0006301330972251823	-0.0015326069151792954	-0.16989633750086855	0.7350344459181002
0.14835	0.00063013302016419	-0.0015551109210725062	-0.14793023037319977	0.8346231265190857
0.14884450000000002	0.000630132937706179	-0.0015768069668147967	-0.12337926460830703	0.9196488005679915
0.149339	0.0006301328614282973	-0.0015977629714509834	-0.09668178487076065	0.9888815671346306
0.1498335	0.0006301328018829269	-0.001618056762263756	-0.0683056711030697	1.0412243304654782
0.15032800000000002	0.0006301327662327568	-0.0016377773534530403	-0.03874466037106854	1.075771912961479
0.1508225	0.0006301327567160539	-0.0016570237979088112	-0.008511125724946783	1.0919843413602532
0.151317	0.0006301327708551155	-0.0016759030891106642	0.021871946355093177	1.0896690618451752
0.15181150000000002	0.0006301328027048549	-0.0016945292995263522	0.05187817621937893	1.0688710771930896
0.15230600000000002	0.0006301328444322744	-0.0017130243203051124	0.0809858752999988	1.0299164083966221
0.1528005	0.000630132887785182	-0.001731519470497519	0.10868794093805968	0.9733067075702462
0.15329500000000001	0.0006301329258890631	-0.0017501574783093984	0.13449592727143372	0.899549402026441
0.15378950000000002	0.0006301329545733307	-0.0017690936421029214	0.1579446915867039	0.8092292478609601
0.154284	0.0006301329724096402	-0.001788494436948772	0.17860102852800355	0.7031910661673075
0.1547785	0.000630132980228199	-0.0018085322292926802	0.19607599938580267	0.5827554124431914
0.15527300000000002	0.0006301329806918251	-0.00182937566944424	0.2100389863294089	0.4499982489160662
0.1557675	0.0006301329774935989	-0.0018511776568289342	0.22023059488330432	0.3078360579131478
0.156262	0.0006301329743000875	-0.001874065414498431	0.22647013081099202	0.20093856568317764
0.15675650000000002	0.0006301329739680487	-0.0018981357305844868	0.22865484660637847	0.17385302599721103
0.157251	0.0006301329781962691	-0.0019234542920759151	0.22675804447281042	0.16489007692606267
0.1577455	0.0006301329874921599	-0.0019500564490998022	0.22082527113158756	0.29291518926242394
0.15824000000000002	0.0006301330014882589	-0.0019779477939546844	0.21097057631275254	0.4368822229202719
0.1587345	0.0006301330193496768	-0.0020071046939920587	0.19737150590810684	0.5731936581522917
0.159229	0.0006301330398724085	-0.0020374761713191723	0.1802668091512427	0.6993706643794618
0.15972350000000002	0.0006301330617137238	-0.0020689883324485282	0.15995418347287013	0.8132978243165413
0.160218	0.0006301330837324654	-0.0021015505521833557	0.13678467951775375	0.9132961707878083
0.1607125	0.0006301331050134344	-0.002135061382703192	0.11115499137834292	0.998063846205304
0.16120700000000002	0.0006301331248263789	-0.0021694127627197627	0.08350170606608666	1.0664708608462945
0.16170150000000003	0.0006301331426829198	-0.0022044923091833575	0.0542982939024429	1.117493466294439
0.162196	0.0006301331580924724	-0.002240184194258374	0.02405139658402103	1.150252849002624
0.16269050000000002	0.0006301331703601324	-0.0022763688543313695	-0.00670451515215969	1.1639465106453186
0.16318500000000002	0.0006301331788952067	-0.0023129224879772665	-0.03741390675730794	1.1579741087408437
0.1636795	0.0006301331836210701	-0.0023497186150928354	-0.06751385943291695	1.132350242200133
0.16417400000000001	0.0006301331849822593	-0.002386633099964435	-0.0964541295520095	1.0880022689220272
0.16466850000000002	0.0006301331838684438	-0.0024235515187208154	-0.12371311105964927	1.0268729669402141
0.165163	0.0006301331816597528	-0.0024603755472114583	-0.14880840164613793	0.9518198994757893
0.1656575	0.0006301331800965311	-0.002497024835033437	-0.17130392589493232	0.8663224990149087
0.16615200000000002	0.0006301331807087097	-0.002533433779459513	-0.19081549079137872	0.7744690435684002
0.1666465	0.0006301331842887962	-0.002569545772865611	-0.20701278170872123	0.6814670155564853
0.167141	0.0006301331906602124	-0.0026053076419280392	-0.21962286773699613	0.5945487205328044
0.16763550000000002	0.0006301331989043466	-0.0026406653592148752	-0.228433415803761	0.5240284786457958
0.16813	0.0006301332081179202	-0.002675560499970999	-0.23329508286836476	0.4828638738924037
0.1686245	0.0006301332185324032	-0.002709926371644573	-0.23412144445421584	0.4813871037125203
0.16911900000000002	0.0006301332325441926	-0.0027436839803545742	-0.23089091995015926	0.5194562323436349
0.1696135	0.0006301332548835247	-0.0027767391820159703	-0.22364500812411053	0.5866956168814024
0.170108	0.0006301332917617618	-0.0028089822412750306	-0.21248659337880624	0.6702489893448604
0.17060250000000002	0.0006301333493031761	-0.0028402900469015014	-0.19758453272821302	0.7596045344452662
0.17109700000000003	0.0006301334316896818	-0.0028705305651245097	-0.17917850300763408	0.8472064442355097
0.1715915	0.0006301335396626501	-0.0028995692192201527	-0.15758036604339962	0.9278050724291391
0.17208600000000002	0.0006301336697211279	-0.0029272764540652567	-0.13316981597681807	0.9978236047606157
0.17258050000000003	0.0006301338140052878	-0.002953534507078002	-0.10638507589225309	1.0548481967611567
0.173075	0.0006301339609951083	-0.0029782407975827625	-0.07770802864096832	1.0971692880890505
0.17356950000000002	0.0006301340971006494	-0.00300130711286011	-0.04764835278867521	1.1234919498764546
0.17406400000000002	0.0006301342088924398	-0.0030226568840746398	-0.016731326834532913	1.132841700669786
0.1745585	0.0006301342854011952	-0.0030422241717668295	0.014508955580979288	1.124710692455639
0.17505300000000001	0.0006301343199807236	-0.003059956134646743	0.04553695678566083	1.0992180697661944
0.17554750000000002	0.0006301343112605576	-0.0030758177118864576	0.07582478003528809	1.0570190324735889
0.176042	0.0006301342631138899	-0.0030897959693040314	0.10486016559400675	0.9990613884535756
0.1765365	0.0006301341839753993	-0.0031019025238422306	0.1321520353788607	0.9265020381531577
0.17703100000000002	0.0006301340857098774	-0.003112173750606922	0.1572371211620678	0.8407544618336689
0.1775255	0.0006301339818132513	-0.0031206695499723007	0.17968626178880517	0.743524216308239
0.17802	0.0006301338851159802	-0.003127471734262402	0.1991073347556003	0.6368834443130236
0.17851450000000002	0.0006301338055361895	-0.0031326813469549006	0.21514851000292892	0.5237980256685519
0.179009	0.0006301337484851764	-0.0031364139654828974	0.22750610643732572	0.4095612290552992
0.1795035	0.000630133714472637	-0.003138793772633048	0.23593500082793767	0.3056117696223782
0.17999800000000002	0.0006301336998040398	-0.0031399471951591407	0.2402610355629727	0.2389902524821367
0.18049250000000003	0.000630133697857918	-0.0031399958677872245	0.24039216087057153	0.24922369226516192
0.180987	0.0006301337007188758	-0.0031390492068808116	0.23632405331695105	0.32969900949254743
0.18148150000000002	0.0006301337010137557	-0.003137198094157502	0.22813488231332102	0.44092180095167577
0.18197600000000003	0.0006301336935774283	-0.0031345117570713977	0.21597946546322414	0.5605052986357675
0.1824705	0.0006301336765723216	-0.0031310397981599747	0.200081274874892	0.6784804359438517
0.18296500000000002	0.0006301336517325752	-0.003126818674234544	0.18072535763150455	0.78941057912867
0.18345950000000003	0.000630133623395642	-0.0031218789612625663	0.1582518131410836	0.8896779638635876
0.183954	0.0006301335963467317	-0.0031162500833923743	0.1330518941395936	0.9766925462308345
0.18444850000000002	0.0006301335738617058	-0.003109962046043384	0.10556034830851979	1.048682361158525
0.18494300000000002	0.0006301335567813851	-0.0031030457485785303	0.07624486021083346	1.1044537065702262
0.1854375	0.0006301335434589761	-0.00309553335243216	0.04559890135715158	1.143100055304855
0.18593200000000001	0.0006301335305089343	-0.0030874594170774844	0.014137540785379947	1.1639143081049765
0.18642650000000002	0.0006301335141743424	-0.0030788626304430696	-0.017608483886479155	1.1664030436060306
0.186921	0.0006301334916541604	-0.0030697874081272157	-0.049097781766983144	1.1502598707733147
0.1874155	0.0006301334616131726	-0.003060285314419799	-0.07978226309393428	1.1154228590985742
0.18791000000000002	0.0006301334241233775	-0.003050416960890648	-0.10911575320692846	1.06218357802307
0.1884045	0.0006301333807454474	-0.00304025399126329	-0.1365684443585961	0.9913911385174504
0.188899	0.0006301333344275396	-0.003029879818052904	-0.16164561147714673	0.904638408219562
0.18939350000000002	0.0006301332886678795	-0.0030193891205733334	-0.18390327486555266	0.8041289458220522
0.189888	0.0006301332466395365	-0.0030088874555307572	-0.20295797192535728	0.692412096844664
0.1903825	0.0006301332107436621	-0.0029984911134174294	-0.2184919841818795	0.5723300505481622
0.19087700000000002	0.0006301331825071133	-0.0029883254148221823	-0.2302546551777092	0.4474939366912036
0.19137150000000003	0.0006301331625749587	-0.002978519485438101	-0.23806094975819547	0.32459208758803637
0.191866	0.0006301331508163135	-0.00296919715647269	-0.24179354340312814	0.2222325814748869
0.19236050000000002	0.0006301331464641525	-0.002960466369461675	-0.24140411912415735	0.19141813963695012
0.19285500000000003	0.0006301331481374665	-0.0029524109242795487	-0.2369123663007831	0.2614352038929837
0.1933495	0.0006301331539495855	-0.0029450866571710875	-0.22840250640575402	0.3773598556199897
0.19384400000000002	0.0006301331618184953	-0.002938521684522854	-0.21601990753396222	0.5035992039633727
0.19433850000000003	0.0006301331697456741	-0.002932718995724447	-0.1999676513768725	0.6279507339912463
0.194833	0.000630133175899411	-0.0029276599784020052	-0.18050422162595212	0.7448692430522169
0.19532750000000002	0.0006301331787266284	-0.0029233084588050286	-0.15794652755268976	0.8507530508173429
0.19582200000000002	0.0006301331770998527	-0.0029196148023116664	-0.1326709807349669	0.94281118656998
0.1963165	0.0006301331703871574	-0.0029165193786668867	-0.10511134355129935	1.0187581425042347
0.196811	0.000630133158653997	-0.002913954914996831	-0.07575315362758153	1.0767093142214479
0.19730550000000002	0.0006301331429171612	-0.0029118480637896553	-0.045124149497861386	1.1153420058465378
0.1978	0.0006301331249995785	-0.0029101214082299515	-0.013775554727866934	1.134095715532678
0.1982945	0.0006301331072705858	-0.0029086965514474802	0.017735648659370506	1.1330756406120206
0.19878900000000002	0.0006301330927888276	-0.0029074968065197875	0.04885823316289342	1.112773922264968
0.1992835	0.0006301330851313329	-0.0029064476415635626	0.07905397547855897	1.0738922368026012
0.199778	0.0006301330874258637	-0.0029054756713181532	0.10780629388549778	1.0173435373503534
0.20027250000000002	0.0006301331013606499	-0.002904508731671861	0.13462744814603217	0.9442736627270578
0.20076700000000003	0.0006301331265707593	-0.002903478678211943	0.159065277284921	0.8562976319221813
0.2012615	0.0006301331602427514	-0.002902326239800108	0.18071086077977855	0.7557435819975042
0.20175600000000002	0.0006301331972125537	-0.0029010049762994952	0.19920417436343105	0.6457291735672479
0.20225050000000003	0.0006301332311052752	-0.002899481571843968	0.21423604641760294	0.5304813421606241
0.202745	0.0006301332564170106	-0.0028977320771632654	0.22554836039938056	0.4168493791252642
0.20323950000000002	0.0006301332704765983	-0.0028957353787449854	0.23293729289351392	0.3185815629510336
0.20373400000000003	0.0006301332745851291	-0.002893465544856312	0.23625884984762505	0.264145827882323
0.2042285	0.0006301332739783663	-0.002890884583245746	0.23543709947287345	0.2845854918326608
0.20472300000000002	0.0006301332767503855	-0.0028879366600952725	0.23047280907401232	0.3662665467205802
0.20521750000000002	0.0006301332922151865	-0.002884544728711461	0.2214494309518153	0.47404847506329856
0.205712	0.0006301333288961448	-0.002880610692058088	0.20853521855776053	0.5875387422328231
0.20620650000000001	0.0006301333925254224	-0.0028760186757800835	0.19197620991989878	0.697199641876829
0.20670100000000002	0.0006301334842955537	-0.002870638901644174	0.17208644329510075	0.7978800566097711
0.2071955	0.0006301335999148452	-0.0028643305905062316	0.14923645948151634	0.8863158583690813
0.20769	0.0006301337300253481	-0.0028569449168206243	0.12384240632805485	0.960280505281719
0.20818450000000002	0.000630133861860958	-0.002848329913248227	0.09635921264720797	1.0182974586895668
0.208679	0.0006301339816801642	-0.0028383376053980414	0.06727486872470527	1.0595273050921432
0.2091735	0.0006301340771724251	-0.0028268312397729425	0.03710013448208981	1.0836617854939032
0.20966800000000002	0.000630134139090753	-0.0028136897436778375	0.006356538904949179	1.0906855118742322
0.21016250000000003	0.0006301341621993053	-0.0027988082854596766	-0.024430573440361154	1.0807345349140318
0.210657	0.0006301341458097968	-0.00278209672779938	-0.05473802717552392	1.0542121901345702
0.21115150000000002	0.000630134093814171	-0.00276347908191713	-0.08404985672559581	1.0119217486655554
0.21164600000000003	0.0006301340140177435	-0.0027428953689707446	-0.11186157291827821	0.9550638571391906
0.2121405	0.0006301339166637021	-0.002720305299818186	-0.13768262140910797	0.8854150438484911
0.21263500000000002	0.0006301338126109045	-0.002695692924430554	-0.16104703315440747	0.8056711038162611
0.21312950000000003	0.0006301337116958794	-0.0026690710559271733	-0.18152787259995193	0.7196480611451734
0.213624	0.0006301336215796256	-0.0026404838794926383	-0.19875090176996596	0.6325919639970792
0.21411850000000002	0.0006301335470125726	-0.0026100066639462094	-0.21240637233055842	0.551726905621045
0.21461300000000003	0.0006301334895882603	-0.002577741654407002	-0.22225879361703507	0.48701005253075597
0.2151075	0.0006301334480730649	-0.002543810219438373	-0.22814911724837356	0.4509815885924868
0.21560200000000002	0.0006301334193126228	-0.0025083441430006214	-0.2299928820057997	0.4537870329303187
0.21609650000000002	0.0006301333994512374	-0.0024714793689161857	-0.22777662520937614	0.4950834457240204
0.216591	0.000630133385087005	-0.002433352247648265	-0.22155715759173508	0.5643491463490233
0.21708550000000001	0.0006301333739639407	-0.0023940959440547165	-0.21145955042827713	0.6491541342460926
0.21758000000000002	0.0006301333649497239	-0.0023538356647232355	-0.19767438167639265	0.7401314467886816
0.2180745	0.0006301333574566528	-0.002312683851418469	-0.1804517181285697	0.8311631638621063
0.218569	0.0006301333506774278	-0.0022707380127417218	-0.1600930763090954	0.9180720248162259
0.21906350000000002	0.0006301333430431292	-0.0022280829706050097	-0.13694520104021576	0.9975687219568818
0.21955800000000003	0.0006301333321768977	-0.0021847967134453576	-0.11139707904796278	1.0667187144651793
0.2200525	0.000630133315421866	-0.002140957073791639	-0.08387999264434497	1.1228764234909325
0.22054700000000002	0.0006301332906016662	-0.002096646485878924	-0.05486567376424145	1.163835982538247
0.22104150000000003	0.000630133256561834	-0.002051953952482711	-0.02486227347627191	1.187913019442688
0.221536	0.0006301332134477414	-0.002006974810552006	0.0055935862183197895	1.1939662649033336
0.22203050000000002	0.0006301331628692647	-0.0019618087165583662	0.035948786269126926	1.1816723570450232
0.22252500000000003	0.0006301331076286836	-0.0019165566577858003	0.06565141970171125	1.1515925225550439
0.2230195	0.0006301330511472369	-0.0018713190249478007	0.09416633925437393	1.104934151436632
0.22351400000000002	0.0006301329967228041	-0.0018261964802557139	0.1209848742148592	1.04326922737941
0.22400850000000003	0.0006301329470009972	-0.0017812936785976553	0.14563353161227888	0.9682558106694683
0.224503	0.000630132903792798	-0.0017367237477316241	0.16768206768171007	0.8815514994555649
0.22499750000000002	0.0006301328681107806	-0.0016926101191622191	0.1867476248167206	0.785253942289553
0.22549200000000003	0.0006301328402814045	-0.0016490840887709388	0.20249991037629758	0.6827076800650869
0.2259865	0.0006301328202487042	-0.0016062803660356014	0.21466960432439863	0.5789112714582603
0.22648100000000002	0.0006301328077975274	-0.0015643335350059029	0.22305126542465015	0.48138042884645166
0.22697550000000002	0.0006301328026477801	-0.0015233756244308007	0.2275020414843002	0.4020789026997937
0.22747	0.000630132804378839	-0.00148353296212773	0.22793882327745907	0.35890488303897145
0.22796450000000001	0.0006301328121456562	-0.0014449204211530089	0.22433976223991353	0.36793471431879754
0.22845900000000002	0.0006301328242069468	-0.0014076331285980503	0.21674654856676243	0.42628991892659196
0.22895350000000003	0.000630132837674501	-0.0013717377980567958	0.2052692055142858	0.5153089411554928
0.229448	0.0006301328486237053	-0.0013372663235652312	0.19009187334255626	0.6173965425840355
0.22994250000000002	0.0006301328526493556	-0.0013042132217333754	0.17147373804700944	0.7209098540201657
0.23043700000000003	0.0006301328456927568	-0.0012725370197986896	0.1497451687527274	0.8183799016273651
0.2309315	0.0006301328249373073	-0.0012421650543743142	0.12529997499849932	0.904824508563974
0.23142600000000002	0.0006301327897021738	-0.0012130009957199294	0.09858355330623947	0.9769159711956151
0.23192050000000003	0.0006301327421094224	-0.0011849331466688292	0.07007968674555982	1.0325242351802482
0.232415	0.0006301326872885416	-0.0011578405220997196	0.040300175494348035	1.0703136608153332
0.23290950000000002	0.0006301326328641199	-0.0011315951265052466	0.009776897148150797	1.0894615648358295
0.23340400000000003	0.0006301325875955805	-0.0011060615902815042	-0.02094728071523815	1.0895158883577472
0.2338985	0.0006301325594765812	-0.001081097512964224	-0.051329449663568075	1.0704331058963803
0.23439300000000002	0.0006301325542233813	-0.0010565569361186428	-0.08083844483602295	1.032641730253853
0.23488750000000003	0.0006301325741676445	-0.0010322957429770617	-0.1089633251499711	0.9770222550599981
0.235382	0.000630132617213616	-0.0010081759972892965	-0.13522160447471737	0.9047333510268076
0.23587650000000002	0.0006301326768534982	-0.000984067954532405	-0.1591628402153706	0.8170257161843304
0.23637100000000003	0.000630132743582996	-0.0009598507756945867	-0.18037019422595493	0.7152200808330137
0.2368655	0.0006301328069453372	-0.0009354137156591796	-0.19846309242196278	0.6009500659660633
0.23736000000000002	0.000630132857780741	-0.0009106590093708724	-0.21310738408621577	0.47666088197450274
0.23785450000000002	0.000630132889899943	-0.000885505433619613	-0.22402735178180785	0.3462079502695465
0.238349	0.000630132901275288	-0.0008598901973223543	-0.2310142831832639	0.328656763167471
0.23884350000000001	0.0006301328942787575	-0.0008337682308986864	-0.23393384199667067	0.3228707645635701
0.23933800000000002	0.0006301328750715526	-0.0008071088342315576	-0.23273189780779582	0.31822421785346783
0.23983250000000003	0.000630132852252271	-0.0007798895029484462	-0.22743266234012333	0.3150780776986289
0.240327	0.0006301328347691286	-0.0007520875360294333	-0.2181336791763352	0.4108520650849394
0.24082150000000002	0.0006301328297513859	-0.0007236712817857402	-0.205002467042942	0.5384431296912766
0.24131600000000003	0.0006301328410928448	-0.0006945937797915597	-0.1882729871230073	0.6579486449333075
0.2418105	0.0006301328689232629	-0.0006647915008574323	-0.16824112731903026	0.7663897732649774
0.24230500000000002	0.000630132909961501	-0.0006341884221791227	-0.14525961987239197	0.8616779354906102
0.24279950000000003	0.0006301329585660256	-0.0006027021404264843	-0.11973003961106102	0.9423334290922323
0.243294	0.0006301330081130193	-0.0005702484722609664	-0.09209065322956043	1.0073225705281175
0.24378850000000002	0.0006301330523494839	-0.0005367439511594151	-0.06280784999412244	1.0558985550029558
0.24428300000000003	0.0006301330862902453	-0.0005021082009284361	-0.032370741309622454	1.0875261870795343
0.2447775	0.0006301331071425459	-0.0004662677634370888	-0.0012890883083761498	1.10185963777891
0.24527200000000002	0.0006301331145896927	-0.00042916066695533974	0.029910584775475126	1.0987429752121742
0.24576650000000003	0.0006301331102330118	-0.0003907402394797439	0.0606888486781489	1.0782961252441219
0.246261	0.0006301330967489398	-0.0003509769715319061	0.09050330044735351	1.0411692699389166
0.24675550000000002	0.0006301330773961715	-0.0003098581914211207	0.11882304878358023	0.9887757497069044
0.24725000000000003	0.0006301330554889463	-0.0002673870031425563	0.14514338446172695	0.9233510387684521
0.2477445	0.000630133033726058	-0.0002235818846232701	0.16899592689087614	0.8480328684011581
0.24823900000000002	0.0006301330137891735	-0.0001784768641725111	0.18995835533467031	0.7672460879163817
0.24873350000000002	0.0006301329963337183	-0.00013212245203440362	0.20766151367292138	0.6871162857261928
0.24922800000000003	0.0006301329811300004	-8.458809884134285e-5	0.22179499805356936	0.6157623429379078
0.24972250000000001	0.0006301329675096467	-3.596573223530947e-5	0.23211043802705067	0.5628428486144762
0.250217	0.000630132954737858	1.3628105945810968e-5	0.23842641030957049	0.5375367962115035
0.25071150000000003	0.0006301329422731708	6.405444271883291e-5	0.24063542731933812	0.5446969304276177
0.25120600000000004	0.0006301329297866357	0.00011515923930985022	0.2387043073667394	0.5824965448819788
0.2517005	0.0006301329171212262	0.00016678382303749674	0.23266970372149073	0.6441899245496959
0.252195	0.0006301329041286283	0.00021877446673145245	0.22263287791928732	0.7214219997252007
0.2526895	0.0006301328905248948	0.0002709887395321749	0.2087565376680103	0.8065622822331745
0.253184	0.0006301328759077956	0.0003232991699179718	0.1912627012533786	0.8933957890968218
0.25367850000000003	0.000630132859888963	0.0003755958937584279	0.17043437468735406	0.9770704570757176
0.25417300000000004	0.0006301328424144094	0.00042778860277675767	0.14661828112910494	1.0537165177927972
0.25466750000000005	0.0006301328240838648	0.0004798067040951331	0.12022157287093067	1.1202061787301538
0.255162	0.0006301328062261983	0.0005315971912537845	0.09170355817578126	1.1740194495975562
0.2556565	0.0006301327907042391	0.0005831206014450159	0.061565597621257906	1.2131567570891242
0.256151	0.0006301327796264958	0.0006343458000906114	0.03033925145070551	1.2361565922839843
0.2566455	0.00063013277485965	0.0006852447778666296	-0.0014268571517873931	1.2420629526161158
0.25714000000000004	0.0006301327775659678	0.0007357882594440298	-0.033175205268999634	1.2303064448538037
0.25763450000000004	0.0006301327877838708	0.0007859420895197387	-0.0643482842668796	1.2006351719352641
0.258129	0.0006301328043745992	0.0008356654890101554	-0.09439974143872935	1.153308086722809
0.2586235	0.0006301328251685565	0.0008849125243107467	-0.12280484323123911	1.0893735103339008
0.259118	0.0006301328474691971	0.0009336353236647614	-0.14907111886367902	1.0107462353274295
0.2596125	0.0006301328687173696	0.0009817858420988425	-0.17274952311737907	0.9201435573008317
0.26010700000000003	0.000630132887502939	0.0010293140430776993	-0.1934434945182097	0.8207331833697769
0.26060150000000004	0.0006301329043114669	0.0010761629951199787	-0.21081041832948577	0.7158611234832228
0.261096	0.0006301329216619537	0.001122263942603772	-0.2245598643044936	0.6097324292740302
0.2615905	0.0006301329434641619	0.001167534276631013	-0.2344557981960698	0.5090040827665817
0.262085	0.0006301329738544435	0.0012118788277463719	-0.24032278393289105	0.42505883300777625
0.2625795	0.0006301330157759767	0.0012551933493549544	-0.2420530808826833	0.3754490762128521
0.26307400000000003	0.0006301330697505802	0.0012973692524607516	-0.23961211517503417	0.3768270032186579
0.26356850000000004	0.0006301331332012437	0.0013382992740605263	-0.23304258209865047	0.42801718621172324
0.26406300000000005	0.0006301332003041779	0.001377883992904644	-0.2224631018822806	0.5112794049371054
0.2645575	0.000630133262618161	0.0014160386505888852	-0.2080632648002659	0.6092203781056863
0.265052	0.0006301333106070786	0.0014526991616815835	-0.1900976054891829	0.7104949366572718
0.2655465	0.0006301333357641053	0.0014878264504841632	-0.16888210097932585	0.8079860658086436
0.266041	0.0006301333326679316	0.0015214091813208841	-0.1447897470990766	0.8968936473566583
0.26653550000000004	0.0006301333003324312	0.00155346517949058	-0.11824427033411954	0.9737209528322698
0.26703000000000005	0.0006301332423330626	0.001584040610907353	-0.08971260865984809	1.0357371276512792
0.2675245	0.0006301331661121912	0.0016132054388677348	-0.05969622569637123	1.0809398794134037
0.268019	0.0006301330819019828	0.001641045457590837	-0.02871668285396011	1.108144554641736
0.2685135	0.0006301330011356263	0.0016676536746916958	0.002695505607419916	1.1168624313312672
0.269008	0.0006301329340696508	0.001693124547461792	0.03400934188465751	1.1070853260601596
0.26950250000000003	0.0006301328878439536	0.0017175525440146769	0.06469865006283727	1.079032149474033
0.26999700000000004	0.000630132865336135	0.001741033509845179	0.09424547696034773	1.032964836224844
0.2704915	0.0006301328649663629	0.001763665837508095	0.12214302213812082	0.9693581858223844
0.270986	0.000630132881449637	0.0017855498661183162	0.14790601486693314	0.8891966480844421
0.2714805	0.0006301329074831247	0.0018067859530475426	0.17108459401757542	0.793997856601561
0.271975	0.0006301329357112404	0.0018274716559285205	0.1912750192513164	0.6857222954190813
0.27246950000000003	0.0006301329601975695	0.0018476983507111518	0.2081256598517726	0.5669191504220813
0.27296400000000004	0.000630132977400933	0.0018675481413306108	0.22134415109574207	0.44114696494730965
0.27345850000000005	0.0006301329866270798	0.0018870915981930674	0.23070174129128068	0.31445934063026587
0.273953	0.0006301329895926479	0.001906386914344757	0.23603494090544833	0.3046559373975456
0.2744475	0.0006301329894989598	0.0019254812408644791	0.2372504251480754	0.3005045224763228
0.274942	0.0006301329899411797	0.001944413471361495	0.23432967556488196	0.297664898957594
0.27543650000000003	0.0006301329938032728	0.0019632170168170766	0.2273321295945125	0.3459492934510497
0.27593100000000004	0.0006301330024414982	0.0019819225705478057	0.2163921034844092	0.47189503959719176
0.27642550000000005	0.0006301330152754295	0.0020005625167975813	0.2017143513089496	0.594563113624383
0.27692	0.000630133030149087	0.002019178029272241	0.18356621228604444	0.7089355907942275
0.2774145	0.0006301330440774217	0.0020378269736030558	0.1622695891936308	0.8119316227692596
0.277909	0.0006301330541525233	0.002056588950317713	0.13819330612577285	0.9012702025684259
0.2784035	0.0006301330584633563	0.002075565086927295	0.11175141893841324	0.9750854205032898
0.27889800000000003	0.0006301330564917082	0.0020948726957749145	0.08340175086129047	1.0319115710448654
0.27939250000000004	0.0006301330488631586	0.0021146372072056003	0.05364067055945047	1.0707245569617436
0.279887	0.0006301330369973145	0.00213498434159482	0.022993403248065744	1.0909756150072905
0.2803815	0.0006301330229427094	0.002156033900979671	-0.00799846477955859	1.0925837339997053
0.280876	0.0006301330089725306	0.002177895171998248	-0.03878830795609063	1.0758860562128467
0.2813705	0.0006301329967354202	0.002200664022413698	-0.06883422411080425	1.0415531835380412
0.28186500000000003	0.0006301329869012884	0.0022244216344528807	-0.09760560004922926	0.9906169996405816
0.28235950000000004	0.0006301329794645618	0.0022492336422080014	-0.12459088849569964	0.9246992406241499
0.28285400000000005	0.0006301329739440469	0.0022751485772603726	-0.14930896249383482	0.8462329309330056
0.2833485	0.0006301329695488457	0.002302195445772351	-0.17131965359130774	0.7586449340519565
0.283843	0.0006301329656421608	0.0023303808762640604	-0.19023371339514195	0.6667061012480064
0.2843375	0.0006301329618140168	0.0023596873702849117	-0.20572359133201013	0.5773205181722213
0.28483200000000003	0.0006301329576282667	0.0023900738469618977	-0.2175308591095105	0.5007685918110452
0.28532650000000004	0.0006301329526163258	0.0024214769715784805	-0.22546495477390305	0.4511888441180292
0.28582100000000005	0.0006301329463079086	0.002453810616700236	-0.2294016020289366	0.44214134703652774
0.2863155	0.0006301329381097643	0.0024869635013244876	-0.2292830395614382	0.4762299381458466
0.28681	0.00063013292754723	0.0025207978777445532	-0.22511715618082442	0.5424915103902348
0.2873045	0.0006301329147456007	0.0025551521880168653	-0.21697845084737738	0.6263283074005909
0.287799	0.0006301329008716565	0.0025898484607197094	-0.20501148247095016	0.7166191417832055
0.28829350000000004	0.0006301328885960219	0.002624702780906935	-0.18943126824211368	0.8063144749503405
0.28878800000000004	0.0006301328821411009	0.002659535957216222	-0.17051681981829764	0.8910215759072986
0.2892825	0.0006301328866416996	0.002694181783149642	-0.14860268960797715	0.9677263059144342
0.289777	0.0006301329073347461	0.0027284918371492163	-0.1240735874617669	1.034104742342863
0.2902715	0.0006301329486924964	0.0027623368818266393	-0.09736014167362769	1.0881880414556897
0.290766	0.0006301330131427863	0.0027956050026223815	-0.06893446275195633	1.128113024216866
0.29126050000000003	0.0006301331000945254	0.0028281976293147134	-0.039303803394652545	1.1522375898474189
0.29175500000000004	0.0006301332056091374	0.0028600255442032445	-0.009000358841018028	1.1593874474109478
0.29224950000000005	0.0006301333227434962	0.00289100619803931	0.02143105848960872	1.148983468665251
0.292744	0.0006301334421785012	0.0029210624281539393	0.05144727835046306	1.1211645931497962
0.2932385	0.0006301335532957087	0.0029501211258479536	0.08051934063392074	1.0765640606945606
0.293733	0.0006301336460836726	0.0029781102006656303	0.10814197288009875	1.0159738766017485
0.29422750000000003	0.0006301337134524115	0.0030049547565973327	0.13384067077607306	0.9402087498347744
0.29472200000000004	0.0006301337527042035	0.0030305753975214105	0.15717490647224097	0.8502983072856324
0.29521650000000005	0.0006301337659554163	0.003054890239637421	0.17774139533050656	0.7478733575989125
0.295711	0.0006301337596437417	0.0030778190370922996	0.19518122028697557	0.6354381711898969
0.2962055	0.0006301337433215751	0.003099286270879032	0.2091884298188057	0.5166777798475285
0.2967	0.0006301337277277539	0.003119220933128724	0.21951595408527957	0.39720567320017675
0.29719450000000003	0.00063013372261928	0.003137553268243401	0.2259800226896291	0.28787816975218666
0.29768900000000004	0.0006301337347489076	0.0031542109354308714	0.22846211810268974	0.21560536546264608
0.29818350000000005	0.0006301337663152622	0.003169116767310815	0.2269092268734606	0.2246130895047042
0.298678	0.0006301338144320262	0.0031821893497409205	0.22133252205180345	0.3072100702860344
0.2991725	0.0006301338719230246	0.0031933470615064232	0.21181361160759735	0.41900540778089157
0.299667	0.0006301339290996513	0.0032025151330649024	0.19850956285613175	0.5375895748188532
0.3001615	0.0006301339759028167	0.0032096343433119937	0.1816520488002412	0.6538966556652955
0.30065600000000003	0.0006301340039103743	0.0032146693541548373	0.16154066566908182	0.7630648680454875
0.30115050000000004	0.0006301340078650575	0.0032176143020639326	0.1385374448660534	0.861734021622701
0.301645	0.0006301339866255324	0.003218494477332588	0.11305514806742509	0.9474512756027158
0.3021395	0.0006301339432443388	0.0032173655176022196	0.085545980230365	1.0184054032103877
0.302634	0.0006301338839787534	0.003214312499272651	0.05649263601912978	1.0731490913639223
0.3031285	0.0006301338165585189	0.0032094495691125315	0.026402242511471132	1.1103355191321709
0.30362300000000003	0.0006301337482716451	0.0032029178809361764	-0.0042000773140321995	1.1288063699162678
0.30411750000000004	0.0006301336843471853	0.0031948795253156567	-0.03477851850781406	1.12789785762667
0.30461200000000005	0.0006301336271303975	0.003185508304176426	-0.06479540562902784	1.1076861774232691
0.3051065	0.0006301335765890053	0.003174980377649441	-0.09372318361098102	1.0690119187142777
0.305601	0.0006301335313687973	0.0031634676554972724	-0.12105398956442473	1.013279014442856
0.3060955	0.0006301334895132638	0.003151135204984363	-0.14630699804989178	0.9421573159844919
0.30659000000000003	0.0006301334493733936	0.003138141589168849	-0.16903261614940823	0.857566057973847
0.30708450000000004	0.0006301334105485068	0.003124639767470938	-0.18881875866996395	0.761994606502749
0.30757900000000005	0.0006301333738688057	0.0031107771529079817	-0.20529913340437755	0.6589102302627886
0.3080735	0.0006301333409214961	0.003096694220854332	-0.21816423780764482	0.5535800095178696
0.308568	0.0006301333136207355	0.003082521056135151	-0.2271732909499357	0.4548571260265268
0.3090625	0.0006301332936284401	0.003068372114444088	-0.23216270750980506	0.3782550176588198
0.309557	0.0006301332815480943	0.003054341001499516	-0.23304823830862542	0.34645168760778894
0.31005150000000004	0.0006301332764663545	0.003040497839732592	-0.22982153600483754	0.37358908212896536
0.31054600000000004	0.0006301332761016607	0.003026890712416065	-0.22254687126270375	0.4471540693223792
0.3110405	0.0006301332772770023	0.0030135504298632637	-0.21135838545043018	0.5441389095834477
0.311535	0.0006301332766837087	0.003000495926486161	-0.196454050781232	0.6484678179187879
0.3120295	0.0006301332715252627	0.0029877379871842257	-0.17809197552147493	0.7510424801370105
0.312524	0.0006301332597471739	0.002975282025753659	-0.15658934007119468	0.8463960624717591
0.31301850000000003	0.0006301332402806285	0.002963132493247184	-0.13231751206843345	0.9308363410465331
0.31351300000000004	0.0006301332133678092	0.002951299508381484	-0.1056925325180772	1.0016513825916193
0.31400750000000005	0.0006301331804514491	0.0029398051258995683	-0.07716665623634619	1.0567808658589601
0.314502	0.0006301331435022262	0.002928686501328164	-0.04722282712248286	1.094624730032135
0.3149965	0.0006301331043845406	0.0029179948795238016	-0.016369761957480654	1.1140249624637886
0.315491	0.0006301330647562639	0.002907790552370583	0.014862836901262656	1.1142269379835172
0.31598550000000003	0.0006301330260799805	0.0028981355774413153	0.04592802495328063	1.0949129827697852
0.31648000000000004	0.0006301329896083288	0.002889086598281232	0.07627267053523995	1.056387340830245
0.31697450000000005	0.0006301329565626713	0.002880688755701401	0.1053534100495756	0.9996034240311998
0.317469	0.0006301329283751347	0.0028729716221022627	0.1326515144601684	0.9260272653547666
0.3179635	0.0006301329065377151	0.00286594856051161	0.1576858971036834	0.8375284100315764
0.318458	0.0006301328922205767	0.002859618856709313	0.18002255225089597	0.7363809626875556
0.3189525	0.0006301328859207551	0.0028539699684298012	0.19927886895437977	0.6254981238734376
0.31944700000000004	0.0006301328870344057	0.00284897753630311	0.21512658510183377	0.5091024354438932
0.31994150000000005	0.0006301328933536446	0.0028446027040539192	0.22729587407535418	0.39422835497066855
0.320436	0.0006301329011694171	0.002840788955168022	0.23557926503095267	0.2951287403859697
0.3209305	0.00063013290625984	0.002837461213856385	0.23983446789969975	0.24268095160952535
0.321425	0.000630132905041741	0.002834527465421631	0.2399863654779399	0.26996306302426154
0.3219195	0.0006301328957096206	0.002831880766029537	0.23602821807513308	0.3582632188567429
0.32241400000000003	0.0006301328792487618	0.0028293999980470086	0.22801960937279697	0.47086424755946016
0.32290850000000004	0.0006301328597130014	0.002826950118505688	0.21608250108046348	0.5888031334997825
0.32340300000000005	0.0006301328438860866	0.0028243840446120203	0.20040031131933514	0.7033952040941338
0.3238975	0.0006301328403699705	0.002821547419545315	0.18122238133849575	0.8097227105664802
0.324392	0.0006301328577803188	0.002818285799911492	0.15886658646798185	0.9044812897979854
0.3248865	0.0006301329026270963	0.0028144529792106876	0.13371686051185183	0.9852935565537293
0.32538100000000003	0.000630132978016451	0.0028099190197132438	0.10621569135504666	1.0504073147266055
0.32587550000000004	0.0006301330829515475	0.0028045768034448363	0.07685356673615341	1.0986630561261128
0.32637000000000005	0.0006301332114547571	0.002798345869901886	0.04615305737893246	1.129459360990273
0.3268645	0.0006301333527251075	0.0027911720549779165	0.014654111675060127	1.1424222900091556
0.327359	0.0006301334932691372	0.0027830224031779715	-0.017094669293543082	1.1372006351333939
0.3278535	0.0006301336195824653	0.00277387749287869	-0.04854416929595567	1.1136277962879146
0.32834800000000003	0.0006301337203549497	0.00276372472045768	-0.07915371265511324	1.0718795657004794
0.32884250000000004	0.0006301337881059705	0.002752554754503528	-0.10840007907609386	1.0125151823553937
0.32933700000000005	0.0006301338201114516	0.0027403604439078825	-0.1357843499587692	0.9365142664624603
0.3298315	0.0006301338184653663	0.002727135434496323	-0.16084248380442429	0.8451568065858958
0.330326	0.0006301337892545655	0.002712871324089689	-0.18315094246911529	0.739840482390456
0.3308205	0.0006301337414038562	0.0026975548640934964	-0.20233098701372487	0.6220541146237459
0.331315	0.0006301336852002072	0.00268116686084743	-0.21805046924808705	0.4934272453415567
0.33180950000000003	0.000630133630357079	0.0026636826888885735	-0.2300284014206744	0.3558028358459311
0.33230400000000004	0.0006301335842696467	0.0026450732653862125	-0.238039966970689	0.21134077001373183
0.33279850000000005	0.0006301335512097865	0.002625305284921837	-0.24192658417399474	0.14374033210039047
0.333293	0.000630133532335992	0.002604340434020076	-0.24160848227546577	0.15013031712666058
0.3337875	0.0006301335261980272	0.0025821344038463043	-0.2370906328860224	0.23783412274791463
0.334282	0.00063013352953682	0.002558636195428528	-0.22846079743993578	0.3828389140929841
0.33477650000000003	0.0006301335382045001	0.0025337877464447042	-0.21588510097364855	0.5214575608908024
0.33527100000000004	0.0006301335480911717	0.002507524568844507	-0.1996004711820244	0.6516633022299312
0.33576550000000005	0.0006301335560156419	0.002479778973011653	-0.17990622092621122	0.7718374354426547
0.33626	0.000630133560286137	0.0024504873957628672	-0.15715630670378497	0.8804881442158149
0.3367545	0.0006301335604904001	0.0024196006988281052	-0.13175335726919238	0.9760392973643274
0.337249	0.000630133556823331	0.002387093506291759	-0.10414272324250941	1.056912996518234
0.33774350000000003	0.0006301335492431301	0.0023529693864603805	-0.07480282644451172	1.1217851222135595
0.33823800000000004	0.0006301335369290095	0.0023172613158393613	-0.04423438775555094	1.1697125349336757
0.33873250000000005	0.0006301335182745867	0.0022800292625577384	-0.01295328476336751	1.2000816089179547
0.339227	0.0006301334913932125	0.0022413573290093938	0.018515608672984202	1.212470201601699
0.3397215	0.0006301334546409427	0.0022013508701177625	0.049643726879541654	1.2065574930893972
0.340216	0.0006301334072496972	0.0021601322274942777	0.07990197454395893	1.1823252383654228
0.3407105	0.0006301333499002173	0.0021178350954621037	0.1087643683498663	1.1402810729822408
0.34120500000000004	0.0006301332847942724	0.002074599080731867	0.13571844794500992	1.0816911194256524
0.34169950000000004	0.0006301332151814132	0.0020305651080938947	0.16028144138113234	1.0087832111198825
0.34219400000000005	0.000630133145068833	0.001985871695060589	0.18201548170486917	0.9247653277863607
0.3426885	0.0006301330787185112	0.001940652279841774	0.2005401833613235	0.8339341747744626
0.343183	0.0006301330197742082	0.0018950335998822853	0.2155407539669113	0.7419330705649387
0.3436775	0.0006301329704391997	0.0018491354122018228	0.2267700458322262	0.6560126166863715
0.34417200000000003	0.0006301329312701469	0.0018030718250610358	0.23404852427512418	0.5851140802052825
0.34466650000000004	0.0006301329012920202	0.0017569527136686585	0.2372667042754684	0.5392628635427934
0.34516100000000005	0.0006301328784488128	0.0017108823863871015	0.23638559218198105	0.5269885763973573
0.3456555	0.0006301328602300188	0.0016649547388662065	0.23143475376895506	0.5509168299714716
0.34615	0.0006301328443399098	0.0016192478000573074	0.2225110729533229	0.6054658024671495
0.3466445	0.000630132829343889	0.0015738214794811976	0.2097760353991106	0.6802033046678588
0.34713900000000003	0.000630132814986401	0.00152871988988155	0.19344892101253755	0.7647480008959964
0.34763350000000004	0.0006301328018627398	0.0014839770068514099	0.17380161325166726	0.850845253741394
0.34812800000000005	0.0006301327906285898	0.0014396232681744238	0.1511582622017272	0.9323693889391044
0.3486225	0.0006301327814018135	0.0013956912842211404	0.12589666415110232	1.0047572207106374
0.349117	0.0006301327734727338	0.001352220516489231	0.09844723186517146	1.0644191058438144
0.3496115	0.0006301327653671718	0.001309261183089567	0.06929106603242387	1.108414333521608
0.35010600000000003	0.0006301327552174702	0.0012668764239945627	0.03895219564590291	1.1345910591820376
0.35060050000000004	0.0006301327415219173	0.0012251420327903646	0.007982905166796167	1.1416812512177494
0.35109500000000005	0.0006301327237926067	0.0011841445452293305	-0.023054588147404076	1.1291621610097036
0.35158950000000005	0.0006301327030395602	0.0011439783889276732	-0.053602868612685456	1.097068849187753
0.352084	0.0006301326818641434	0.0011047419750177165	-0.08311957184252325	1.045878700695183
0.3525785	0.0006301326641953635	0.0010665322513913494	-0.11108601520676277	0.9765076773698964
0.353073	0.0006301326542500829	0.00102943716155316	-0.13701599723909727	0.8904714340039676
0.35356750000000003	0.000630132655235618	0.0009935273181903375	-0.16046445000403067	0.7897743642649119
0.35406200000000004	0.0006301326683133584	0.0009588503058515975	-0.18103289894649657	0.6766875608405839
0.35455650000000005	0.0006301326921167989	0.0009254298964782052	-0.19837717542752628	0.5535793781571058
0.355051	0.0006301327226158398	0.0008932691738083333	-0.2122095033577382	0.42303305134864866
0.3555455	0.0006301327537095941	0.0008623538517785394	-0.222298852963927	0.28896179484541856
0.35604	0.0006301327785544096	0.0008326527564024555	-0.22847154197830072	0.25387058365913434
0.35653450000000003	0.0006301327911941415	0.0008041155375689869	-0.23061256698914906	0.26422418408535586
0.35702900000000004	0.0006301327880400192	0.0007766696529533903	-0.2286690369040932	0.2821001575159728
0.35752350000000005	0.0006301327688969513	0.0007502182087396917	-0.2226578582209529	0.33366142938578164
0.358018	0.0006301327371934715	0.0007246393947887643	-0.21267497005948913	0.46751066420665827
0.3585125	0.0006301326993561866	0.0006997879161436698	-0.19889796145450434	0.5948027269602697
0.359007	0.0006301326637598399	0.0006754985961689075	-0.18158234450301788	0.7114921324171148
0.35950150000000003	0.0006301326391930811	0.0006515921082552334	-0.16105412337986064	0.8149000115099617
0.35999600000000004	0.0006301326327324274	0.0006278818814702514	-0.1376989467946661	0.9031839202271371
0.36049050000000005	0.0006301326481150571	0.0006041806192458598	-0.11194810401981765	0.9750152393206306
0.36098500000000006	0.0006301326851754205	0.0005803057209961393	-0.08427056979933757	1.029351417667272
0.3614795	0.0006301327397869703	0.0005560844422782462	-0.05516567052667655	1.0655022967403873
0.361974	0.0006301328048236648	0.0005313599806174757	-0.02515254335983418	1.0832909012718
0.3624685	0.000630132871790422	0.0005059982353978163	0.005242761007772668	1.0830322571330224
0.36296300000000004	0.0006301329325767186	0.00047989245177899095	0.035495825804198695	1.0652339753333901
0.36345750000000004	0.0006301329807608453	0.0004529624623865756	0.06509105369950814	1.030381952518587
0.36395200000000005	0.0006301330126060396	0.00042514850485107254	0.09352711944046714	0.9789258539657434
0.3644465	0.0006301330277532288	0.0003964029707089514	0.12032061497939851	0.9113503623124178
0.364941	0.0006301330288548399	0.0003666837988184627	0.14500759859825024	0.8283114808906726
0.3654355	0.0006301330202323985	0.0003359513275308201	0.1671485383627539	0.7308462398535637
0.36593000000000003	0.0006301330065908428	0.00030416806424444625	0.18633748064994937	0.6205768972153629
0.36642450000000004	0.000630132992001318	0.0002712996357784078	0.20221563620471839	0.4999336766072778
0.36691900000000005	0.0006301329792884364	0.00023731584931365035	0.21448497477442013	0.37263267939812944
0.3674135	0.0006301329696355403	0.0002021913425491525	0.22291945878908107	0.24572167110766818
0.367908	0.0006301329627512564	0.00016590507600353435	0.22737014212276693	0.18923809708460407
0.3684025	0.0006301329574461512	0.00012843839134557252	0.22776519169878567	0.1901722229434124
0.36889700000000003	0.0006301329523041319	8.977258786202183e-5	0.22410682879613786	0.25596599956789323
0.36939150000000004	0.0006301329463175078	4.988780859664692e-5	0.2164700783929281	0.38515256496101075
0.36988600000000005	0.0006301329392367365	8.764080885352787e-6	0.20500035868706085	0.5152089538466321
0.37038050000000006	0.0006301329314327892	-3.361637302145738e-5	0.18990892262478232	0.6399152198263985
0.370875	0.0006301329234360156	-7.726723967548449e-5	0.1714674216127988	0.7560735889380611
0.3713695	0.0006301329155818392	-0.0001221978431870477	0.14999994893322446	0.8617810979341693
0.37186400000000003	0.0006301329076813081	-0.0001684133897032111	0.12587255705951006	0.9559474872028499
0.37235850000000004	0.0006301328988939764	-0.00021591227071024742	0.0994885471829869	1.0376467140657146
0.37285300000000005	0.0006301328879968686	-0.000264678804504579	0.07128802343970249	1.105708554115265
0.37334750000000005	0.000630132873926081	-0.0003146741692093407	0.04174563474198104	1.158763290738882
0.373842	0.0006301328560878246	-0.00036582931112891633	0.011367367067189339	1.1953081393511433
0.3743365	0.0006301328347080939	-0.0004180420045920145	-0.01931221970561664	1.2139614583468856
0.374831	0.0006301328108795851	-0.00047117870096639923	-0.04973898356865428	1.2139274975788947
0.37532550000000003	0.0006301327863385518	-0.0005250800599237165	-0.07935536279998842	1.1952284025687128
0.37582000000000004	0.0006301327630942454	-0.0005795682021927736	-0.10761836160080043	1.1586938051547286
0.37631450000000005	0.0006301327432815433	-0.000634454283624345	-0.13401250447663676	1.1059625170931615
0.376809	0.0006301327286433859	-0.0006895453680419914	-0.1580607729031866	1.0395151389979875
0.3773035	0.0006301327200700659	-0.0007446492767878758	-0.17933364251166733	0.9624029715491925
0.377798	0.0006301327175415588	-0.0007995773798057202	-0.19745401914552066	0.8782538149820411
0.37829250000000003	0.0006301327205059789	-0.0008541471158848021	-0.21210485699667128	0.7917031511192317
0.37878700000000004	0.0006301327282003926	-0.0009081855515683126	-0.22303500578743132	0.7089340596949568
0.37928150000000005	0.0006301327401857261	-0.0009615338220121391	-0.23006311172710206	0.6383555051009193
0.379776	0.0006301327569091265	-0.0010140506824537687	-0.23307575721893167	0.5900168612925536
0.3802705	0.0006301327801099822	-0.0010656132584573685	-0.23202395228551068	0.5726663497807666
0.380765	0.0006301328126952798	-0.0011161152851096457	-0.2269195645749775	0.5891217361732649
0.38125950000000003	0.0006301328579357221	-0.0011654655441588528	-0.21783468346237245	0.6346593734551312
0.38175400000000004	0.0006301329181247049	-0.0012135892341172782	-0.2049043028592621	0.7004070737493019
0.38224850000000005	0.0006301329933227692	-0.001260431941159363	-0.18833077750682112	0.7772073955139227
0.38274300000000006	0.0006301330806166479	-0.0013059630289525362	-0.16838715601135626	0.857157396688505
0.3832375	0.0006301331740432265	-0.001350175814051353	-0.1454157436438545	0.9338486335412732
0.383732	0.0006301332653319307	-0.0013930840245940644	-0.11982327243361451	1.0022541866433927
0.3842265	0.0006301333452318973	-0.0014347151104285492	-0.09207048020039012	1.0585297893529042
0.38472100000000004	0.0006301334053163131	-0.0014751018130848533	-0.06265836988765427	1.0999522671301967
0.38521550000000004	0.0006301334397924454	-0.0015142738801875312	-0.03211287609642076	1.1246293095057354
0.38571000000000005	0.0006301334468359379	-0.0015522515856060157	-0.0009764817341601334	1.1312101630147118
0.3862045	0.0006301334287607758	-0.0015890424536061376	0.030200114137231362	1.1189721105682735
0.386699	0.0006301333913961212	-0.0016246417755762816	0.06087025031315047	1.0879366447044092
0.3871935	0.0006301333428689155	-0.0016590357970413135	0.09050417695455103	1.0387016698139313
0.38768800000000003	0.0006301332920869737	-0.0016922053316466015	0.1185974941476582	0.9722476589910996
0.38818250000000004	0.0006301332470917924	-0.001724128336923952	0.1446793242087761	0.8898235262910252
0.38867700000000005	0.0006301332136804861	-0.0017547821158749872	0.16831692601946915	0.7927713230232957
0.3891715	0.0006301331945259621	-0.0017841471235253317	0.1891143717621935	0.6825871245755893
0.389666	0.0006301331891275019	-0.001812212899031833	0.20671288108451938	0.5612091530102548
0.3901605	0.0006301331944560225	-0.001838983961708597	0.2207964467740581	0.43134442072452067
0.39065500000000003	0.0006301332061283752	-0.0018644827359164918	0.2311008827268182	0.2974009894257665
0.39114950000000004	0.0006301332195806068	-0.0018887485096049637	0.237423409134263	0.2393799586653261
0.39164400000000005	0.0006301332310382095	-0.001911834174546185	0.23963287385332166	0.24676779354111353
0.39213850000000006	0.0006301332380029292	-0.0019338033582421577	0.2376771157089811	0.2612691709329073
0.392633	0.0006301332395847238	-0.0019547293756927184	0.23158492657940574	0.33945396401167743
0.3931275	0.000630133236546061	-0.001974695993014606	0.22146313927364716	0.47542332189914477
0.393622	0.0006301332308619849	-0.001993799405712937	0.20749225758565248	0.6061151640523644
0.39411650000000004	0.0006301332251931561	-0.002012150528386074	0.18992011600247394	0.7273633593784783
0.39461100000000005	0.0006301332220176155	-0.002029876196339545	0.16905704606037694	0.8361204510411118
0.39510550000000005	0.0006301332225333238	-0.0020471178854086078	0.14527118426817306	0.9299163712230412
0.3956	0.0006301332260457938	-0.0020640268624912373	0.11898016101278658	1.0070630269743117
0.3960945	0.0006301332301881661	-0.002080756144440519	0.09063796316844014	1.0667050800311886
0.396589	0.0006301332315204268	-0.0020974519499921684	0.0607237606936609	1.108481833877546
0.39708350000000003	0.0006301332262061488	-0.0021142471746071166	0.029734418286083055	1.1321785934849082
0.39757800000000004	0.0006301332113023328	-0.00213125739576457	-0.0018174606811495817	1.1375639942518014
0.39807250000000005	0.0006301331861988868	-0.0021485783800496558	-0.03340638736289421	1.1244408718795178
0.398567	0.0006301331525099422	-0.0021662833714286294	-0.06449679404179881	1.0927693984482334
0.3990615	0.0006301331133595811	-0.0021844203997588418	-0.09454795102194494	1.0428010426176513
0.399556	0.0006301330730029291	-0.0022030123453527814	-0.12302593637778274	0.9751740739869117
0.40005050000000003	0.0006301330362834328	-0.002222061166613441	-0.14941967443272922	0.8909065079837845
0.40054500000000004	0.0006301330073918179	-0.0022415548292215115	-0.17325445486370913	0.7913629095204394
0.40103950000000005	0.0006301329886973	-0.0022614747020781247	-0.19410295542360714	0.6782812208195701
0.40153400000000006	0.0006301329802950822	-0.0022818018607800587	-0.2115952448922993	0.5538242492118335
0.4020285	0.0006301329803422651	-0.0023025212274752193	-0.22542656391930907	0.42054573885792873
0.402523	0.0006301329857918551	-0.0023236231773592253	-0.23535842605895638	0.2818890229516131
0.40301750000000003	0.0006301329933661733	-0.002345103059424086	-0.24122352206189954	0.14597144401024387
0.40351200000000004	0.0006301330002738012	-0.002366959260329726	-0.24293045874529526	0.10315600897614978
0.40400650000000005	0.0006301330045465598	-0.0023891910307643057	-0.2404650482449718	0.18741909141393723
0.40450100000000005	0.000630133005115631	-0.002411798178626358	-0.23388604405822283	0.32460979628330877
0.4049955	0.0006301330017112155	-0.002434783763954007	-0.22331917577693655	0.46069767190645305
0.40549	0.0006301329946153181	-0.002458158119873707	-0.20894886596177	0.5909363438414195
0.4059845	0.0006301329843908271	-0.002481941162344615	-0.19101385151418138	0.7128819447794503
0.40647900000000003	0.0006301329718125097	-0.0025061614672898893	-0.16980879602529814	0.8244199693632667
0.40697350000000004	0.0006301329579890653	-0.0025308528793104366	-0.14568622789095806	0.9234999216918733
0.40746800000000005	0.0006301329445797252	-0.0025560505387455224	-0.11905597161613826	1.0082484943322467
0.4079625	0.0006301329337900793	-0.0025817875865147806	-0.0903801822353305	1.0771461059478196
0.408457	0.0006301329281969748	-0.0026080917075762752	-0.06016594758048632	1.1291450376407324
0.4089515	0.0006301329303906619	-0.0026349797982836453	-0.028951820589328197	1.1636471392449308
0.40944600000000003	0.0006301329425259465	-0.002662451199075559	0.002706267884731435	1.1803969273529964
0.40994050000000004	0.0006301329658805744	-0.0026904816319900534	0.034247429097989286	1.1794077804938634
0.41043500000000005	0.0006301330006934559	-0.0027190190246702043	0.06511511719445122	1.160874059337271
0.41092950000000006	0.0006301330458233059	-0.0027479817549403637	0.09476832745266704	1.1252538603863111
0.411424	0.0006301330985012695	-0.0027772600068853904	0.12269214593588966	1.0733314349967764
0.4119185	0.000630133154623748	-0.0028067203675096832	0.14840757154285472	1.006350052177885
0.41241300000000003	0.0006301332095339483	-0.0028362133633615563	0.17148134318826985	0.9263868395409333
0.41290750000000004	0.0006301332588042847	-0.0028655825681064163	0.19153435164859703	0.8366459929918367
0.41340200000000005	0.0006301332994251658	-0.0028946725637968877	0.20824551247292664	0.7415162398875276
0.41389650000000006	0.0006301333310393875	-0.0029233332547025045	0.22134789961843881	0.646630885014919
0.414391	0.0006301333566019926	-0.002951420169003158	0.23062645654932362	0.5594945424229817
0.4148855	0.0006301333820229455	-0.0029787933689547413	0.23592156821719193	0.49065336967299117
0.41538	0.0006301334149704618	-0.003005318127381558	0.23713543357967348	0.45351010467243186
0.41587450000000004	0.0006301334631415123	-0.0030308677013955935	0.23423783377249693	0.45841849638804844
0.41636900000000004	0.0006301335324774994	-0.003055326300298093	0.22727342870873357	0.5036458107658537
0.41686350000000005	0.0006301336256173499	-0.0030785909260854704	0.21636348943168418	0.5766481100181574
0.417358	0.0006301337408326071	-0.0031005720944347645	0.20170272531615516	0.6634214670823061
0.4178525	0.0006301338716831121	-0.0031211944166857756	0.1835540616272683	0.7535130939515691
0.418347	0.0006301340077202711	-0.0031403977020001447	0.16224311291432322	0.8399622825949414
0.41884150000000003	0.000630134136381083	-0.0031581377467126124	0.13815045766136053	0.9180082643321581
0.41933600000000004	0.0006301342455061418	-0.003174385882935752	0.11170492534189162	0.9841981387732532
0.41983050000000005	0.0006301343256256198	-0.0031891274018070177	0.08337744146133795	1.036002003566813
0.42032500000000006	0.0006301343713693645	-0.0032023589565472444	0.05367094158473196	1.0717002141410803
0.4208195	0.0006301343820421071	-0.0032140842744221975	0.02310634005415531	1.0902283568212239
0.421314	0.0006301343612166509	-0.0032243077009982894	-0.0077879190268797535	1.0910195323927288
0.42180850000000003	0.000630134315561931	-0.003233026346566728	-0.03848552479260253	1.0739201231759814
0.42230300000000004	0.0006301342532337884	-0.0032402232075728252	-0.06846895792011579	1.0390595824987505
0.42279750000000005	0.0006301341821836849	-0.003245864796455493	-0.09723138549636705	0.9868178065807809
0.42329200000000006	0.0006301341088292714	-0.003249904845381304	-0.12427815183358164	0.9179273964593267
0.4237865	0.0006301340375169201	-0.0032522918818701342	-0.14913282174975673	0.8337150794493958
0.424281	0.0006301339707892006	-0.003252976951227262	-0.17135044875747082	0.7362963292668929
0.42477550000000003	0.0006301339101498109	-0.003251919016952022	-0.1905302666534831	0.6287909675047512
0.42527000000000004	0.0006301338568303279	-0.0032490883921448043	-0.20632564033468112	0.5160119113062044
0.42576450000000005	0.0006301338121733717	-0.003244469830829448	-0.218452244227958	0.40630702450248557
0.42625900000000005	0.0006301337775699263	-0.0032380656462588785	-0.22669457039755184	0.3162063343904849
0.4267535	0.0006301337541089193	-0.003229898021680861	-0.23090893021963174	0.276321085931036
0.427248	0.0006301337421592695	-0.00322001001122673	-0.23102453538367382	0.31067972183921827
0.4277425	0.000630133741049019	-0.0032084656405985392	-0.22704611090830187	0.39953398033453563
0.42823700000000003	0.0006301337488244974	-0.0031953496015649794	-0.21905568976713596	0.51130878967863
0.42873150000000004	0.0006301337621223398	-0.003180766135546739	-0.2072103060503476	0.6283907777871702
0.42922600000000005	0.0006301337761151088	-0.003164836823899954	-0.1917359118633561	0.742238093484748
0.42972050000000006	0.0006301337849228231	-0.0031476983801598008	-0.17291927098953	0.8481120120334404
0.430215	0.0006301337825332346	-0.0031295017056814645	-0.15109842706044793	0.942940906945309
0.4307095	0.0006301337637879072	-0.0031104128543444558	-0.12665361288340032	1.0241752492830782
0.43120400000000003	0.0006301337253812907	-0.003090614874757303	-0.10000545506867316	1.0893084896305265
0.43169850000000004	0.0006301336666315305	-0.003070306937871903	-0.07161343388015856	1.1361245021573454
0.43219300000000005	0.0006301335895999064	-0.003049697711100523	-0.04197254535377014	1.1632506640272176
0.43268750000000006	0.0006301334986295354	-0.0030289943419210897	-0.011606673985076782	1.1701717473583195
0.433182	0.0006301333997659552	-0.003008391154848233	0.01894087149616521	1.157102741420549
0.4336765	0.0006301333002103163	-0.002988061161221228	0.04912311641741758	1.1247475717703967
0.43417100000000003	0.0006301332071199982	-0.002968151490432522	0.0784006818207291	1.0739893910381277
0.43466550000000004	0.000630133126170602	-0.0029487817882659466	0.10625042665946798	1.0058957844439635
0.43516000000000005	0.0006301330608440201	-0.0029300442138131435	0.1321740967028241	0.9218202107182353
0.43565450000000006	0.000630133012309433	-0.002912004911281552	0.15570940995751872	0.8233746314714075
0.436149	0.0006301329796441258	-0.0028947071776216624	0.17643831539448135	0.7123265856836245
0.4366435	0.0006301329604344445	-0.0028781754206190155	0.1939949902920321	0.5907747565472035
0.437138	0.0006301329515105478	-0.0028624189720976374	0.20807575591506294	0.46129299118569
0.43763250000000004	0.000630132949555406	-0.0028474361253040897	0.21844548846173353	0.3271266732146778
0.43812700000000004	0.0006301329515361785	-0.0028332189330986827	0.2249377852591732	0.19390896422737577
0.43862150000000005	0.0006301329549407484	-0.002819758062518071	0.22745146759840582	0.09794463921253689
0.43911600000000006	0.0006301329576759559	-0.002807045684502692	0.2259481448983401	0.13986468184213988
0.4396105	0.0006301329578657078	-0.002795074682920182	0.2204510968340437	0.26673948257802155
0.440105	0.0006301329538666732	-0.0027838346079215094	0.21104737449730757	0.3993052915737673
0.44059950000000003	0.000630132944523914	-0.002773307297457118	0.19789034301467492	0.5277096809591266
0.44109400000000004	0.0006301329295956026	-0.0027634660393252826	0.1812026511574732	0.6479252583690552
0.44158850000000005	0.000630132910219556	-0.0027542795552710276	0.16127331455415236	0.757226242292519
0.44208300000000006	0.0006301328891959475	-0.002745717587517836	0.13845011614453623	0.8535627905997535
0.4425775	0.000630132870871384	-0.002737754215222922	0.11313237498502945	0.9353140358232522
0.443072	0.0006301328606251866	-0.0027303677736357605	0.08576388950372395	1.001188018533953
0.44356650000000003	0.0006301328639710859	-0.0027235379166219396	0.05682631466786528	1.0501675385277593
0.44406100000000004	0.0006301328855668633	-0.0027172409149344725	0.026832232863234884	1.0815328905049164
0.44455550000000005	0.0006301329281390403	-0.0027114441894380338	-0.0036834642704076507	1.094931845257251
0.44505000000000006	0.0006301329915043847	-0.002706100751767219	-0.03417544145641471	1.090423405371983
0.4455445	0.0006301330721287089	-0.002701144560465929	-0.06410185529800884	1.0684412787360453
0.446039	0.0006301331633585311	-0.002696487815433184	-0.09293562952483453	1.0297585981355684
0.4465335	0.0006301332562356939	-0.0026920202323629776	-0.12017438637461794	0.9755099349652565
0.44702800000000004	0.0006301333410238238	-0.0026876091759397334	-0.14534929162570187	0.9069753283932459
0.44752250000000005	0.0006301334093329598	-0.002683100030878065	-0.16802653688050603	0.8253700366918858
0.44801700000000005	0.0006301334560622293	-0.002678318201499797	-0.1878085931279131	0.7320295807441832
0.44851150000000006	0.0006301334800915283	-0.0026730749316782126	-0.204340965560144	0.6290641817787991
0.449006	0.0006301334841413412	-0.002667177285319419	-0.21732269473737123	0.5204451846373783
0.4495005	0.0006301334743876727	-0.002660439537762388	-0.22651281265308593	0.41387818063565157
0.44999500000000003	0.0006301334592658188	-0.002652691831869249	-0.2317374709428574	0.3247688549124014
0.45048950000000004	0.0006301334479389291	-0.002643783328462455	-0.23289407875810633	0.28069538534169886
0.45098400000000005	0.0006301334485573685	-0.0026335809387748647	-0.2299513796974303	0.3053677542842052
0.45147850000000006	0.0006301334664828351	-0.0026219673609986453	-0.22294805111794538	0.3845426957977633
0.451973	0.0006301335030656838	-0.0026088406198426176	-0.21199397345606769	0.4887199851618556
0.4524675	0.0006301335555450824	-0.0025941150574693007	-0.19727234565500176	0.599751075401678
0.45296200000000003	0.0006301336180412156	-0.002577723280913861	-0.17903858625770902	0.7083613763969095
0.45345650000000004	0.00063013368304628	-0.0025596186695519088	-0.1576154915904082	0.8092518410365058
0.45395100000000005	0.0006301337429825131	-0.0025397777075393388	-0.13338542780508833	0.8989476592792016
0.45444550000000006	0.0006301337917531366	-0.002518201206432712	-0.10677960060464181	0.9749873024737727
0.45494	0.0006301338257209664	-0.00249491325657886	-0.07826623207389219	1.035565659036973
0.4554345	0.0006301338440283678	-0.0024699576790287426	-0.04834043684351838	1.0793756542149875
0.45592900000000003	0.0006301338482025827	-0.0024433937036334318	-0.017517640039931913	1.1054718327175401
0.45642350000000004	0.0006301338411707765	-0.0024152923658304682	0.013671383415084908	1.1131763457143973
0.45691800000000005	0.0006301338258901921	-0.0023857332438727667	0.04468581986577382	1.102090239957193
0.45741250000000006	0.0006301338042774615	-0.002354799943038583	0.07498351351145087	1.0722321603084592
0.45790700000000006	0.0006301337767645356	-0.0023225729265396	0.1040322285389869	1.0243284350677588
0.4584015	0.0006301337426936593	-0.0022891207024987557	0.13132358753340706	0.9599970959009464
0.458896	0.0006301337011032766	-0.0022544934345372692	0.156381410390394	0.8816300981877697
0.45939050000000003	0.0006301336516336219	-0.0022187223666172468	0.17876660478013812	0.7924266533943852
0.45988500000000004	0.0006301335951045843	-0.002181824690038059	0.19808366198497965	0.6967437445262539
0.46037950000000005	0.000630133533729654	-0.0021438109555926206	0.21398791255251448	0.6009463546083167
0.46087400000000006	0.0006301334707654613	-0.002104692347676973	0.22619241609597168	0.5148680574592208
0.4613685	0.0006301334098773603	-0.002064486525366117	0.234475957700594	0.45319627310458366
0.461863	0.0006301333543174093	-0.0020232215639460894	0.23869259066913662	0.43271125427024204
0.46235750000000003	0.0006301333061517647	-0.001980937788798377	0.23877419469243916	0.46118394946041386
0.46285200000000004	0.0006301332656323557	-0.0019376876539624955	0.23472739789546782	0.5299228316355257
0.46334650000000005	0.0006301332310252965	-0.0018935344651567815	0.22662920496118835	0.6229478327082535
0.46384100000000006	0.000630133199127612	-0.0018485514932321465	0.21462418624844362	0.7269442806202537
0.4643355	0.0006301331661751176	-0.0018028226660925478	0.198917284649279	0.8327572379954803
0.46483	0.0006301331288276909	-0.001756443796668358	0.17977219196623997	0.9340273519437712
0.46532450000000003	0.0006301330849737999	-0.001709522291498551	0.15751104391704077	1.0262903028902957
0.46581900000000004	0.0006301330342622486	-0.0016621749484066052	0.1325117526924116	1.1064287469432734
0.46631350000000005	0.0006301329780676627	-0.0016145254090349204	0.1052007783494056	1.1722334008191595
0.46680800000000006	0.0006301329191619169	-0.0015667031343304001	0.07604354169713262	1.2220140589701198
0.4673025	0.0006301328611996873	-0.0015188444337681155	0.04553475495083035	1.2541585604233245
0.467797	0.0006301328081026996	-0.001471093464825259	0.014191322659940988	1.2671218972937313
0.4682915	0.0006301327630616881	-0.0014235997589706459	-0.017452347923409557	1.259807944196144
0.46878600000000004	0.0006301327279631169	-0.0013765113707836381	-0.04884952426381834	1.231866220337404
0.46928050000000004	0.0006301327034758782	-0.0013299659715871174	-0.07945055886009586	1.1837112374549976
0.46977500000000005	0.0006301326893666693	-0.0012840824436181513	-0.10871559999121351	1.1164809013643708
0.47026950000000006	0.000630132684603421	-0.0012389543029564165	-0.13612838082943854	1.031948291305741
0.470764	0.0006301326878400273	-0.001194645841681359	-0.16120864342646865	0.9323900970135562
0.4712585	0.0006301326978570479	-0.0011511918924511113	-0.18352278597278196	0.8204031718295147
0.47175300000000003	0.0006301327137424799	-0.0011086014600994237	-0.20269054270923284	0.6986599130136745
0.47224750000000004	0.0006301327346927543	-0.0010668640580058751	-0.21838642643959472	0.5700822229098834
0.47274200000000005	0.0006301327597374969	-0.0010259566521950935	-0.23034217634912577	0.43872323968189736
0.47323650000000006	0.0006301327873125473	-0.000985849200435746	-0.23835118619908918	0.3125543020833434
0.473731	0.000630132815108975	-0.0009465080252528896	-0.2422738203230634	0.2377642610023858
0.4742255	0.0006301328401979976	-0.0009078984112506838	-0.24204000309336982	0.22337558076227187
0.47472000000000003	0.0006301328592477212	-0.0008699882130444217	-0.2376526812702245	0.2765432878430623
0.47521450000000004	0.0006301328689592349	-0.0008327517484806384	-0.22918800068340323	0.39359696525006516
0.47570900000000005	0.0006301328669023321	-0.0007961716239114409	-0.21678880242375073	0.5178427900423792
0.47620350000000006	0.0006301328524064482	-0.0007602375181983194	-0.20065995129869205	0.6389677935270643
0.476698	0.0006301328270831863	-0.0007249429732798797	-0.1810690203418476	0.7520660282065609
0.4771925	0.0006301327949467862	-0.0006902825708750588	-0.15834797292967917	0.8538110716689254
0.47768700000000003	0.0006301327617739071	-0.000656251652439968	-0.13289005640165627	0.9415314455778502
0.47818150000000004	0.0006301327339531659	-0.0006228481333658354	-0.1051445596824913	1.013081508755679
0.47867600000000005	0.0006301327172216118	-0.0005900744379550622	-0.07560656801972925	1.066909411551625
0.47917050000000005	0.0006301327156925184	-0.0005579386861811254	-0.044803141171914605	1.102082796880522
0.47966500000000006	0.0006301327308174865	-0.0005264547028594331	-0.013279067433191957	1.118201057951907
0.4801595	0.0006301327608144951	-0.0004956397027622689	0.018413314563838115	1.1153218680907628
0.480654	0.000630132801151321	-0.00046550873529556283	0.04972413517631313	1.0939222497052559
0.48114850000000003	0.0006301328459798759	-0.00043606653781020466	0.08011396395973017	1.0547402301818305
0.48164300000000004	0.0006301328894079458	-0.0004072990380962227	0.10905954772691383	0.9987090826609085
0.48213750000000005	0.0006301329263521626	-0.00037916729694020834	0.13606306748837516	0.9270302870704036
0.48263200000000006	0.0006301329534443368	-0.0003516056166680222	0.1606629252999459	0.8412371485694328
0.4831265	0.0006301329697296731	-0.00032452309505438527	0.18244259906384422	0.7432448205373772
0.483621	0.0006301329763275283	-0.0002978063552319004	0.20103671136829707	0.6353380279712483
0.48411550000000003	0.0006301329757971381	-0.0002713222386702514	0.21613370609905103	0.5202945051814836
0.48461000000000004	0.0006301329713562419	-0.0002449214012853552	0.22747766694336544	0.402247847693962
0.48510450000000005	0.0006301329660553811	-0.00021844428564933338	0.23487033744805919	0.31309943818346053
0.48559900000000006	0.0006301329618470485	-0.00019172921326838813	0.2381764858194379	0.30185239693439675
0.4860935	0.0006301329592889563	-0.00016462042826991398	0.237333133600117	0.2995401543439066
0.486588	0.0006301329577948516	-0.00013697390972403558	0.23235778107622893	0.3057148170042475
0.48708250000000003	0.0006301329559894818	-0.0001086603344476933	0.22334722875020843	0.4060984392109786
0.48757700000000004	0.0006301329522613208	-7.956593983254393e-5	0.21047338115083017	0.5269967476958968
0.48807150000000005	0.0006301329455127914	-4.959181634601303e-5	0.19397695125045958	0.6443541129412252
0.48856600000000006	0.000630132935575931	-1.8651940357366747e-5	0.1741613194333994	0.753357374560628
0.48906050000000006	0.0006301329234451303	1.3328514322216423e-5	0.15138267461831176	0.8511230786572427
0.489555	0.000630132911256989	4.6412885411887026e-5	0.1260443012624558	0.935614725750273
0.4900495	0.0006301329016425046	8.065014639450818e-5	0.09859202105033675	1.0052667421898092
0.49054400000000004	0.0006301328969110871	0.00011607041153740012	0.0695063681891182	1.0588343865868617
0.49103850000000004	0.0006301328983827576	0.00015268163639294908	0.039292622875596706	1.0953060982400278
0.49153300000000005	0.0006301329060393484	0.00019047034663680296	0.008471211232661516	1.1139948420210903
0.49202750000000006	0.0006301329181836973	0.0002294063469042891	-0.02243170236325957	1.1146842240623218
0.492522	0.0006301329317017152	0.00026944882988427267	-0.05289256210214288	1.0975264400075693
0.4930165	0.0006301329427486223	0.0003105517436707908	-0.0823929420413053	1.0629087370153834
0.49351100000000003	0.0006301329477732252	0.0003526677671254544	-0.1104226232207281	1.01151159520675
0.49400550000000004	0.0006301329442265301	0.0003957518272388225	-0.1364871070439568	0.944625935802628
0.49450000000000005	0.0006301329310700904	0.00043976513345820803	-0.1601191785865722	0.8645468157241176
0.49499450000000006	0.0006301329088550048	0.00048467875558448945	-0.18089210499746428	0.7749761777978696
0.495489	0.0006301328795059549	0.0005304749981768305	-0.19843416321720173	0.6814825098088988
0.4959835	0.0006301328457093915	0.0005771458593768233	-0.2124376820734038	0.5921500675269189
0.49647800000000003	0.000630132810244441	0.0006246890580617634	-0.22266226065658437	0.5187511375244402
0.49697250000000004	0.0006301327752819681	0.0006731020998963588	-0.2289354469694235	0.4766406114499291
0.49746700000000005	0.0006301327420478108	0.0007223745806209837	-0.23115636075927015	0.4785205069421036
0.49796150000000006	0.0006301327109811592	0.0007724801424572496	-0.22929597285157602	0.5240970767874912
0.49845600000000007	0.0006301326823624236	0.0008233707635939841	-0.22339654774616072	0.6007371127129798
0.4989505	0.0006301326570180878	0.0008749753711762151	-0.21357061882216638	0.6938697054115074
0.49944500000000003	0.0006301326368902619	0.0009272025837716634	-0.19999928208750073	0.7927390145577169
0.49993950000000004	0.000630132625162049	0.000979945459161242	-0.18292687569569246	0.8905430517951675
0.500434	0.0006301326256658065	0.0010330849566756537	-0.16265253682876402	0.9827184400940726
0.5009285	0.0006301326419808252	0.001086489981688194	-0.13952384364188256	1.0655848868743056
0.5014230000000001	0.0006301326763991858	0.0011400154620855153	-0.11393545599409553	1.1359103923510674
0.5019175	0.0006301327289088638	0.0011935016383620028	-0.08632803153636737	1.1910579505049361
0.5024120000000001	0.0006301327966155353	0.001246775687001802	-0.05718498134199652	1.2289262221588857
0.5029065	0.0006301328742936653	0.0012996547767927485	-0.027028306938626085	1.2479812162800803
0.503401	0.0006301329552952857	0.0013519495650435487	0.0035932195718592695	1.2472734509804306
0.5038955	0.0006301330325616015	0.0014034676188239771	0.03412078647360977	1.2263623033843263
0.50439	0.000630133099700169	0.0014540172674190604	0.06400079289790465	1.1853462678758477
0.5048845000000001	0.0006301331524504441	0.0015034125281632974	0.09269609253619301	1.1248407870027495
0.505379	0.0006301331894579997	0.0015514789222856804	0.11969541243562838	1.0459326525703743
0.5058735000000001	0.0006301332123321104	0.0015980597983351822	0.14452227089518144	0.9501278363671178
0.506368	0.000630133224972827	0.0016430231974646492	0.1667419433716328	0.8395048343307461
0.5068625	0.0006301332326501375	0.001686268870937197	0.1859700144303665	0.7168794415028652
0.5073570000000001	0.0006301332406755532	0.0017277332942999245	0.20187997757516543	0.5857458570142479
0.5078515	0.0006301332533279014	0.0017673897727036572	0.2142062701217596	0.4501802989746545
0.5083460000000001	0.0006301332729844903	0.0018052428722602528	0.22274518344666952	0.31598821324575055
0.5088405	0.0006301332996534515	0.0018413192606508203	0.22735639469347188	0.22993892350382825
0.5093350000000001	0.0006301333310164931	0.001875658443757517	0.22796053592405152	0.2080743418099749
0.5098295	0.0006301333632266164	0.0019083069424246164	0.22453743366214918	0.2329321863088741
0.510324	0.0006301333920909954	0.0019393166480187523	0.21713024163515274	0.3387591613867467
0.5108185000000001	0.0006301334142036934	0.0019687445583584776	0.20585307931992503	0.466312452287373
0.511313	0.0006301334276625814	0.001996651528900567	0.19089511819292132	0.5898730543483666
0.5118075000000001	0.000630133432185072	0.0020231002879626666	0.17251886798790136	0.7045008645184245
0.512302	0.0006301334289796557	0.002048153797406019	0.15105548782296746	0.8070978174039513
0.5127965	0.0006301334203100132	0.002071874471734802	0.12689472486287592	0.8954754159045207
0.513291	0.0006301334086603846	0.002094324173075503	0.1004735342491968	0.9680214668847734
0.5137855	0.0006301333958802607	0.0021155644684944593	0.07226603134786308	1.023520345612638
0.5142800000000001	0.0006301333826936343	0.002135657017140329	0.0427759763226052	1.0610734407653404
0.5147745	0.0006301333684226862	0.002154664060656687	0.012528195504672003	1.0801659446509229
0.5152690000000001	0.0006301333509888924	0.0021726481563277065	-0.01794396711262669	1.0807437874810832
0.5157635	0.0006301333275986124	0.0021896705971085704	-0.04810982399332095	1.0632290820022297
0.516258	0.0006301332963226077	0.002205789742751449	-0.07745106400147628	1.0284847922652383
0.5167525000000001	0.0006301332571652452	0.002221061631558196	-0.10546789676902227	0.9777851467937385
0.517247	0.0006301332123681217	0.0022355447203377433	-0.13168559390656823	0.9126470251406427
0.5177415000000001	0.0006301331659920545	0.0022493083086968305	-0.1556555216899091	0.8346100360097756
0.518236	0.0006301331230859968	0.002262441039094766	-0.17695753073548287	0.7453072003336518
0.5187305000000001	0.000630133088398281	0.0022750551963581283	-0.19520579170928373	0.6468612468403812
0.519225	0.0006301330650245417	0.0022872853159099176	-0.21005809243361317	0.5426672401945472
0.5197195	0.0006301330537528827	0.002299282832616953	-0.22122744173012615	0.4388275339198261
0.5202140000000001	0.000630133053080514	0.0023112097483679998	-0.2284962254925452	0.3467795446525649
0.5207085	0.0006301330591607597	0.00232323283193775	-0.23172286670347428	0.287980034148655
0.5212030000000001	0.0006301330667270078	0.0023355179487516095	-0.23084267398474856	0.28903381821541796
0.5216975	0.0006301330705201686	0.002348224260225625	-0.2258668288955011	0.34983644588352725
0.522192	0.0006301330664918294	0.0023614986628081457	-0.21688250190112243	0.4439925620742644
0.5226865	0.0006301330527626188	0.0023754709895165128	-0.20404972493277496	0.5503633929262182
0.523181	0.000630133029872962	0.0023902501670701065	-0.1875974137504289	0.6576936246066836
0.5236755000000001	0.0006301330001369847	0.0024059211093936834	-0.1678194772508202	0.7597790678586243
0.52417	0.0006301329667343846	0.0024225430490633906	-0.1450667754171775	0.8527767612104961
0.5246645000000001	0.0006301329334304071	0.0024401507361676714	-0.11973461941878837	0.934041371231647
0.525159	0.0006301329039315277	0.0024587581144009793	-0.09225393885251743	1.0016149012129723
0.5256535	0.0006301328808699737	0.0024783621183484266	-0.063086994599103	1.0540567951598652
0.5261480000000001	0.0006301328654385358	0.0024989440765256278	-0.03272294225755303	1.0903101241432769
0.5266425	0.0006301328577086283	0.002520467534029906	-0.0016756424892143426	1.1094788753262295
0.5271370000000001	0.0006301328567206951	0.002542874346777684	0.02951953627068806	1.1106893068753696
0.5276315	0.0006301328608650538	0.0025660830613453553	0.06031085474978008	1.0932445947917282
0.5281260000000001	0.0006301328685355565	0.00258999233627742	0.0901429112976595	1.0570261835700312
0.5286205	0.0006301328785237007	0.002614488381589691	0.11847276513673591	1.0026948063449974
0.529115	0.0006301328899055357	0.002639453280246088	0.14478568697448363	0.9316630055116736
0.5296095000000001	0.0006301329020376741	0.0026647722076352316	0.16860679526979205	0.8460346443284402
0.530104	0.0006301329143983524	0.0026903392366597416	0.1895099427645678	0.7487531159206667
0.5305985000000001	0.000630132926356482	0.0027160616576286044	0.20712450566687002	0.64402397780304
0.531093	0.0006301329369767814	0.002741862277020403	0.22114208118045084	0.5381785915452485
0.5315875	0.0006301329453403566	0.002767679567409368	0.2313234890977889	0.44156233564059455
0.532082	0.0006301329510785225	0.002793466190039636	0.2375035492513648	0.3715311823011545
0.5325765	0.000630132954908294	0.0028191864685451454	0.23959052440346468	0.35095247117442957
0.5330710000000001	0.0006301329591212077	0.002844813233639264	0.2375619096475956	0.38986985957986797
0.5335655	0.0006301329678955033	0.0028703233564042275	0.2314603897023112	0.4726336427653287
0.5340600000000001	0.0006301329869973003	0.0028956909023726933	0.22138796314734369	0.5771856414077208
0.5345545	0.0006301330227484706	0.002920879542503888	0.20750314722952412	0.6885692288742211
0.535049	0.000630133080546785	0.0029458377048532888	0.1900246652034864	0.7978685683576764
0.5355435000000001	0.0006301331633631264	0.0029704983736396203	0.16923503728077474	0.8995238535424661
0.536038	0.0006301332705463057	0.002994782926408789	0.14548015393205427	0.9898990667690378
0.5365325000000001	0.0006301333975289972	0.003018606198689304	0.1191665919873557	1.0664095010152226
0.537027	0.0006301335363108483	0.0030418790821365306	0.09075606319384698	1.126964582900506
0.5375215000000001	0.0006301336761683627	0.0030645077301590263	0.06075134740223393	1.1699493742375233
0.538016	0.000630133805189143	0.0030863917564747665	0.029682073774176747	1.1942071236539402
0.5385105	0.0006301339126126272	0.0031074232675602147	-0.0019056295251238164	1.1989276316020807
0.5390050000000001	0.0006301339909726882	0.0031274869377893966	-0.033457557445194575	1.1836547338197938
0.5394995	0.0006301340369785402	0.0031464611163895422	-0.06442251103807374	1.1483660002663696
0.5399940000000001	0.0006301340516682515	0.0031642206612308233	-0.09426534840954781	1.0935691062046262
0.5404885	0.000630134039919716	0.003180641901736234	-0.12247758129727768	1.0203506774650652
0.540983	0.0006301340090748688	0.003195608704089067	-0.1485878597183384	0.9302908571633783
0.5414775000000001	0.0006301339672219583	0.0032090181232344614	-0.17216729478325035	0.825174212377908
0.541972	0.0006301339220663162	0.003220784630888635	-0.19283027770660113	0.7067736271589504
0.5424665000000001	0.0006301338800464884	0.0032308431716078527	-0.21023381819984877	0.576841868863688
0.542961	0.0006301338456789582	0.003239152421133956	-0.22407857828976863	0.4373784191004936
0.5434555000000001	0.000630133821454451	0.0032456984933327067	-0.23411319011383167	0.29090811889759743
0.54395	0.0006301338083127484	0.003250496834378507	-0.24014285437609084	0.14093351953196226
0.5444445	0.0006301338062639272	0.003253589644675967	-0.24203966984979772	0.0566288020794583
0.5449390000000001	0.0006301338148453264	0.003255038454310946	-0.23975198485472368	0.16938932074567362
0.5454335	0.000630133833267958	0.00325491439365409	-0.2333091004799756	0.316801036655725
0.5459280000000001	0.0006301338603670664	0.003253289823473835	-0.2228198805734631	0.4589948689005539
0.5464225	0.0006301338944718929	0.003250233449586802	-0.20846976037279996	0.5931019145472022
0.5469170000000001	0.0006301339332667263	0.0032458082989885667	-0.1905153534771368	0.7168133548421359
0.5474115	0.0006301339737743879	0.0032400711060334747	-0.16927806081104538	0.828092475581948
0.547906	0.0006301340123506786	0.0032330728714815497	-0.14513830074794817	0.9250240069445403
0.5484005000000001	0.0006301340444187253	0.0032248603067019706	-0.11852927866178278	1.0059663320640528
0.548895	0.0006301340642747659	0.003215476999626601	-0.08992367663787326	1.0697930637010444
0.5493895000000001	0.0006301340655905949	0.0032049631665115406	-0.05981862244560981	1.1159152630251339
0.549884	0.0006301340426162101	0.003193353889145605	-0.028725304318801836	1.1441159952381788
0.5503785	0.0006301339915403232	0.00318067756505744	0.0028351154197598853	1.1544600892405097
0.5508730000000001	0.0006301339117646509	0.0031669565736255558	0.03433753946288646	1.1471310778096877
0.5513675	0.0006301338066026815	0.0031522099394655856	0.06525380045962384	1.1223062428008903
0.5518620000000001	0.0006301336830098728	0.003136456201480365	0.0950549432547161	1.0803717136513664
0.5523565	0.0006301335503688154	0.003119715152856375	0.12321842292924925	1.0223488356397683
0.5528510000000001	0.0006301334189748898	0.0031020088670802594	0.1492418253880414	0.9502179546951782
0.5533455	0.0006301332986476736	0.003083364215301248	0.17265625503661403	0.8669603816425827
0.55384	0.0006301331971750172	0.003063818446416884	0.19304032580836858	0.7765373881147098
0.5543345000000001	0.0006301331188179236	0.00304342652014443	0.21003125153437593	0.6839613122982408
0.554829	0.0006301330638176176	0.003022267120616396	0.2233319049296027	0.5956852355999219
0.5553235000000001	0.0006301330289556937	0.0030004449546427196	0.2327145731134988	0.5205264962245357
0.555818	0.0006301330088267976	0.00297808915250894	0.23802513982186152	0.4698486888896331
0.5563125000000001	0.0006301329972070722	0.002955348891421029	0.2391872374371827	0.4542538797073414
0.556807	0.0006301329882981049	0.002932386611614304	0.2362030872561083	0.4769471886649879
0.5573015	0.0006301329776798535	0.002909369206716188	0.22915125316875182	0.5311341932600097
0.5577960000000001	0.000630132962783293	0.002886459243264577	0.2181794503006988	0.6053456983987915
0.5582905	0.0006301329431240833	0.0028638087386101377	0.2034948493166124	0.689147168755975
0.5587850000000001	0.0006301329200004396	0.0028415562495936867	0.18535519803960804	0.7748283013036033
0.5592795	0.0006301328955101636	0.002819826129792132	0.1640667448907816	0.856810155777723
0.559774	0.0006301328717631081	0.002798727737647203	0.1399848754327414	0.9310155417546109
0.5602685000000001	0.0006301328507140136	0.0027783531080951373	0.1135146817789487	0.9944147495032083
0.560763	0.0006301328337613729	0.0027587742098028503	0.08510903735329403	1.0445859642179731
0.5612575000000001	0.0006301328216017717	0.002740042216650538	0.055263800465855044	1.079456673707183
0.561752	0.0006301328147450449	0.002722189234266292	0.024509811163218195	1.0974594015401957
0.5622465000000001	0.000630132813850471	0.002705230459225948	-0.006602755323183316	1.0977388041155116
0.562741	0.0006301328194720255	0.002689164873702597	-0.037518811810768576	1.080037401575616
0.5632355	0.0006301328321558511	0.0026739741257441395	-0.06768807555647538	1.0445523908093333
0.5637300000000001	0.0006301328522787591	0.0026596210859070315	-0.09657551475065115	0.9918751409985636
0.5642245	0.0006301328792658567	0.0026460501190679526	-0.12367281752132425	0.9229568236336716
0.5647190000000001	0.0006301329111707601	0.0026331898238570175	-0.14850872997833703	0.8390984530414778
0.5652135	0.0006301329451644396	0.0026209576938131447	-0.17065854197766533	0.7420363545914535
0.5657080000000001	0.0006301329778105659	0.0026092662628267827	-0.18975440064224783	0.633982483198136
0.5662025	0.0006301330053212089	0.002598030884802597	-0.20548915728873435	0.5177802657722594
0.566697	0.0006301330243922334	0.0025871775256338402	-0.21761370916279618	0.39771482792001556
0.5671915000000001	0.0006301330334316674	0.0025766470736693697	-0.22593353735909183	0.2824444347023479
0.567686	0.0006301330334028442	0.0025663943964514212	-0.23030845529137328	0.2405265737479409
0.5681805000000001	0.0006301330278267731	0.002556383463365612	-0.23065420837190545	0.2558461144223217
0.568675	0.000630133022189502	0.0025465811112280086	-0.22694904246740677	0.2797675557321712
0.5691695	0.0006301330228408838	0.002536952119770976	-0.2192415484490252	0.397174615757989
0.5696640000000001	0.0006301330356430836	0.0025274564768749683	-0.2076545038651214	0.5208813592369221
0.5701585	0.0006301330647773722	0.002518046808442168	-0.19238575016297402	0.6413634470456742
0.5706530000000001	0.0006301331116418919	0.002508664384809108	-0.1737056059751162	0.7535473912297195
0.5711475	0.000630133174042611	0.002499234837734453	-0.1519507179680596	0.8539324912196713
0.5716420000000001	0.0006301332464533041	0.0024896658205249738	-0.12751479074115304	0.9398893025841413
0.5721365	0.0006301333212902149	0.002479847688222665	-0.10084044604847997	1.0093913375635104
0.572631	0.0006301333908129255	0.0024696565275127563	-0.07241250478454264	1.060927724211946
0.5731255000000001	0.0006301334488069712	0.002458958053082911	-0.042748249660757666	1.0935382044847495
0.57362	0.000630133491810032	0.002447611252656526	-0.012382394739333955	1.1068210380244616
0.5741145000000001	0.0006301335195453986	0.002435471403279943	0.01814684746605687	1.1008882567086045
0.574609	0.0006301335341287615	0.0024223918017388536	0.04830896627458188	1.0761617144817686
0.5751035000000001	0.0006301335388671419	0.0024082234463912483	0.07758804476617798	1.0331482735941888
0.575598	0.0006301335372223269	0.0023928135522594475	0.10548692676762764	0.9723116541057731
0.5760925	0.0006301335318539803	0.002376005633415226	0.13152752969273906	0.8941826515317928
0.5765870000000001	0.0006301335240050317	0.0023576439241098234	0.15525300441938472	0.7998002536935496
0.5770815	0.0006301335134476135	0.002337582173783299	0.17623643999847102	0.6910964956288553
0.5775760000000001	0.0006301334992210646	0.0023156937245570903	0.1940932495213605	0.5710574010014968
0.5780705	0.0006301334804553443	0.0022918793185783925	0.20849147819775538	0.4441352022835787
0.578565	0.000630133457123808	0.0022660710058757705	0.21916123999514037	0.3184528946299576
0.5790595000000001	0.000630133430569378	0.0022382330525819935	0.2259044512487577	0.21530551068256154
0.579554	0.0006301334034705458	0.002208362006764316	0.22859801276424996	0.191315728456816
0.5800485000000001	0.0006301333791682744	0.002176486687136542	0.22719516924037197	0.2700567721342432
0.580543	0.0006301333607415602	0.002142666732441934	0.22172664256838123	0.39036742084729326
0.5810375000000001	0.0006301333501807087	0.002106988442288296	0.21230093176286186	0.51842044316718
0.581532	0.0006301333477428188	0.0020695582619159377	0.1991007049117641	0.6429699691895628
0.5820265	0.0006301333516211957	0.0020304952378005212	0.1823793400356165	0.7590979633427196
0.5825210000000001	0.0006301333579011413	0.0019899236601493694	0.16245008864474017	0.864092141373302
0.5830155	0.0006301333610349954	0.0019479666759621489	0.13967346693974422	0.9564128545247054
0.5835100000000001	0.0006301333547453834	0.0019047419734647872	0.11444604640284042	1.0351102034831392
0.5840045	0.000630133333348187	0.0018603611579724524	0.08719767793958291	1.0992356389854687
0.5844990000000001	0.0006301332930362094	0.0018149327099482005	0.058389144630911105	1.1476197344758323
0.5849935	0.0006301332329574133	0.0017685658383308756	0.028509950232539126	1.1789791952883075
0.585488	0.0006301331554037131	0.0017213719097829226	-0.001924119733522277	1.1922732189920497
0.5859825000000001	0.0006301330654342523	0.0016734618488343153	-0.03237840731350826	1.1871779719990811
0.586477	0.0006301329699755063	0.0016249410502319431	-0.06231117074738066	1.1642617879954211
0.5869715000000001	0.0006301328767966607	0.00157590525668755	-0.09118680883624082	1.1248378390620968
0.587466	0.0006301327931236386	0.0015264400222595462	-0.1184866431912059	1.070680058482153
0.5879605	0.0006301327244756427	0.0014766236043295311	-0.14371855710981676	1.003947259336985
0.5884550000000001	0.00063013267387934	0.0014265308478933283	-0.16642792387537872	0.9274861146297093
0.5889495	0.0006301326418412347	0.0013762362451313099	-0.18620724132904082	0.8451990147132878
0.5894440000000001	0.0006301326266941077	0.0013258165029234974	-0.2027037774814965	0.7623531300428469
0.5899385	0.0006301326253075976	0.00127535354999893	-0.21562756826414672	0.6857053522666836
0.5904330000000001	0.0006301326340480469	0.0012249378870025545	-0.22475968861392348	0.6234511501023826
0.5909275	0.0006301326497241611	0.00117467169131598	-0.22995351717915344	0.5840670660825538
0.591422	0.0006301326700891658	0.0011246711102749518	-0.23113073551497065	0.5736158294725323
0.5919165000000001	0.0006301326938604338	0.0010750669669263677	-0.22827517010696352	0.5927866312572055
0.592411	0.0006301327202724077	0.0010260032333625447	-0.22142983152615855	0.6363279600919503
0.5929055000000001	0.000630132748436715	0.0009776322438722776	-0.21069660457288858	0.6962433268563564
0.5934	0.0006301327768661832	0.0009301056914808059	-0.19623960733100443	0.7651942907832773
0.5938945	0.0006301328033782431	0.000883563402966261	-0.17828991860465127	0.8373910515412035
0.5943890000000001	0.0006301328253847753	0.000838124286441945	-0.15714419681626515	0.9081249072765784
0.5948835	0.0006301328403981891	0.0007938821478572188	-0.13316010009573864	0.973277929535118
0.5953780000000001	0.0006301328467934798	0.0007509061500542064	-0.1067511359193236	1.0291758275726368
0.5958725	0.0006301328443819639	0.0007092436561428825	-0.07837841126511205	1.072786937157172
0.5963670000000001	0.0006301328347481745	0.0006689221835477658	-0.048540379851639774	1.1018705832479618
0.5968615	0.0006301328210497961	0.0006299489103600353	-0.01776573540116975	1.1148767675954565
0.597356	0.0006301328075235715	0.0005923093452223059	0.013395499289325237	1.1108600015825478
0.5978505000000001	0.0006301327983816272	0.0005559672839194528	0.04438528830935729	1.08943110136415
0.598345	0.000630132796823666	0.000520866167383921	0.07465148602016644	1.0506982403826872
0.5988395000000001	0.000630132804425049	0.0004869308600124473	0.1036596989407611	0.9952597189037439
0.599334	0.0006301328208520824	0.0004540695615890308	0.13090567809627893	0.9241446446052115
0.5998285000000001	0.0006301328436316793	0.00042217615812560833	0.15592416386893249	0.8386103743121419
0.600323	0.0006301328687829757	0.0003911329310358999	0.17829135709754354	0.7399619154268815
0.6008175	0.0006301328920475861	0.00036081335397963144	0.1976235386905057	0.629590773176641
0.6013120000000001	0.0006301329100428598	0.00033108538448044895	0.21357976592614278	0.5092549029092034
0.6018065	0.0006301329209289267	0.00030181613787551786	0.22586993535103517	0.3815046769655432
0.6023010000000001	0.0006301329249280423	0.0002728788826940604	0.23426368414797602	0.2833478649721242
0.6027955	0.0006301329241003316	0.00024416195468137205	0.23859834857518358	0.28643121849745
0.60329	0.0006301329215432768	0.00021557639998229057	0.23878386800831045	0.29704100846375747
0.6037845000000001	0.0006301329204142565	0.0001870586484475006	0.23480557582101194	0.3131730028992863
0.604279	0.000630132922773137	0.00015856722362394431	0.2267235502698117	0.37139701898021604
0.6047735000000001	0.0006301329287118083	0.00013007540915586203	0.21467183306944143	0.5043754294228608
0.605268	0.0006301329362094041	0.00010156327337320597	0.19885806747411552	0.6307460654666593
0.6057625000000001	0.0006301329416908589	7.301178092018228e-5	0.17956161382810287	0.7469699567691349
0.606257	0.0006301329410344169	4.439922723405149e-5	0.15712721891444192	0.8504156111567008
0.6067515	0.0006301329306821084	1.569857376622922e-5	0.13195840564083533	0.9389792426452519
0.6072460000000001	0.0006301329089483891	-1.3124960331974041e-5	0.10450498335070196	1.011112277001746
0.6077405	0.0006301328769803547	-4.211541094510024e-5	0.07524935666399718	1.0657692633210782
0.6082350000000001	0.0006301328386440839	-7.13263050005725e-5	0.04469484818120275	1.1022722171120822
0.6087295	0.0006301327998679861	-0.00010082006719660497	0.013358670543145065	1.1201583250342553
0.6092240000000001	0.0006301327673175577	-0.00013066717121282246	-0.018232721005066455	1.1191167664550399
0.6097185	0.0006301327467565922	-0.0001609445634777354	-0.049547555773991024	1.0989609548848511
0.610213	0.0006301327414517106	-0.00019173292437728323	-0.0800510130659538	1.0597682313393293
0.6107075000000001	0.000630132751630244	-0.00022311388548970737	-0.10921545388590491	1.002135965144509
0.611202	0.0006301327746590266	-0.0002551688640828729	-0.13653470733103315	0.9271449716390081
0.6116965000000001	0.0006301328055771308	-0.00028798011385555987	-0.1615349693600108	0.8361695541285037
0.612191	0.0006301328379043627	-0.0003216326959519489	-0.18378030723699518	0.73098843946387
0.6126855	0.0006301328652702566	-0.00035621440484451337	-0.20288119360616277	0.614206882588276
0.6131800000000001	0.0006301328827479494	-0.0003918112065495408	-0.2185012811465192	0.4899830250026812
0.6136745	0.0006301328876748228	-0.0004284989602066953	-0.23036386904384887	0.3661142671464012
0.6141690000000001	0.0006301328797926644	-0.00046633441824401776	-0.23825912187554785	0.2609605940010349
0.6146635	0.0006301328610169256	-0.0005053485754385312	-0.24205152719028775	0.21902444676451852
0.6151580000000001	0.0006301328347225468	-0.0005455438061741494	-0.24168370297426636	0.27491314397927114
0.6156525	0.0006301328048515858	-0.0005868938866296649	-0.23717497979951027	0.38600868556842244
0.616147	0.0006301327750289051	-0.0006293459303233314	-0.22861621229085055	0.5127204741486253
0.6166415000000001	0.0006301327478438479	-0.000672824463660252	-0.21616332834942037	0.639844502527467
0.617136	0.0006301327246270973	-0.0007172373041589399	-0.20003058379228608	0.7610511336777276
0.6176305000000001	0.0006301327056605935	-0.0007624817917234547	-0.18048732115245614	0.8727998952739977
0.618125	0.0006301326907162709	-0.0008084503794960541	-0.15785753176619802	0.972515827373777
0.6186195000000001	0.0006301326795871904	-0.0008550354898228619	-0.13252058239970968	1.0580695595590737
0.619114	0.0006301326725005828	-0.0009021340908384201	-0.10490694864521839	1.127838908323061
0.6196085	0.0006301326702835049	-0.000949652128336848	-0.07549063604292276	1.1808350434063741
0.6201030000000001	0.0006301326743309451	-0.000997507386139166	-0.04477847016512887	1.2165626662176396
0.6205975	0.0006301326861693623	-0.0010456289140586621	-0.01330009663803134	1.2347012883092057
0.6210920000000001	0.0006301327070037271	-0.0010939531804856452	0.018400297326818908	1.2348602391460393
0.6215865	0.0006301327371002253	-0.0011424195308864782	0.04976928872971233	1.2166832076546987
0.622081	0.0006301327754863675	-0.0011909679092892201	0.08025323690821566	1.180321990047649
0.6225755000000001	0.0006301328199298426	-0.0012395399088276872	0.10931197725666271	1.126780273011414
0.62307	0.0006301328674958679	-0.0012880818560324363	0.1364321529935773	1.0579594441607996
0.6235645000000001	0.0006301329150814703	-0.0013365473254588099	0.16113800155364544	0.9766975999348977
0.624059	0.0006301329601926748	-0.0013848970367320546	0.18300395768621375	0.8867188790314543
0.6245535000000001	0.000630133001612422	-0.0014330963119257153	0.20166241878367636	0.7927040419559971
0.625048	0.0006301330399086022	-0.001481111220478215	0.21680441253442226	0.7007790760363715
0.6255425	0.0006301330773093818	-0.0015289033422292264	0.22817893467089048	0.6190531684816807
0.6260370000000001	0.0006301331170220378	-0.0015764232525049024	0.2355955046116866	0.5576014544922274
0.6265315	0.0006301331621547067	-0.0016236048227679738	0.23892797076735964	0.5268314690909275
0.6270260000000001	0.000630133214830333	-0.0016703624004313859	0.2381178438372331	0.5328958388492429
0.6275205	0.0006301332755825324	-0.0017165907790250247	0.23317993878373036	0.5730663865696408
0.6280150000000001	0.0006301333430724236	-0.001762166945379422	0.2242042830256771	0.6374872433010159
0.6285095	0.0006301334142248372	-0.001806952650731246	0.21135151034223007	0.7148836613205112
0.629004	0.0006301334847608024	-0.0018507975248967575	0.19484754013509586	0.7958988685247835
0.6294985000000001	0.0006301335500430776	-0.001893544336898053	0.17498018865760942	0.8739849293530375
0.629993	0.0006301336060027219	-0.0019350375660218747	0.1520965508219396	0.9448634731973646
0.6304875000000001	0.0006301336499185811	-0.0019751335025220136	0.12660148886747682	1.0056298486381796
0.630982	0.000630133680691231	-0.0020137086513543605	0.09895138296468733	1.0541210351873402
0.6314765	0.0006301336987681021	-0.002050663949043359	0.06964444819508056	1.088550027195058
0.6319710000000001	0.0006301337056045471	-0.0020859247610471514	0.039207022749952476	1.1075491192109665
0.6324655	0.0006301337031465644	-0.0021194386418738674	0.008179908941441012	1.1102342724920509
0.6329600000000001	0.0006301336932509323	-0.002151172901630017	-0.02289329545694894	1.0962445041575306
0.6334545	0.0006301336773703245	-0.0021811129040788454	-0.05347586648178869	1.0656589298371897
0.6339490000000001	0.0006301336563126323	-0.0022092612542740056	-0.08304492272458168	1.0189102976927158
0.6344435	0.0006301336303923803	-0.002235638143440726	-0.11109594216384468	0.9567158859424533
0.634938	0.0006301335997735539	-0.0022602831577090447	-0.13714692039788567	0.8801716435087569
0.6354325000000001	0.00063013356515628	-0.002283257418467861	-0.16074891216434595	0.7907915632408549
0.635927	0.0006301335283959225	-0.0023046432878342004	-0.18149651653040916	0.6905086061886386
0.6364215000000001	0.0006301334928137083	-0.0023245405461875764	-0.19903608952759924	0.5818519838705954
0.636916	0.0006301334627875845	-0.002343060758700042	-0.21306927994854455	0.46859712256655334
0.6374105000000001	0.0006301334426727834	-0.002360322066441564	-0.22335776042549088	0.357459404039079
0.637905	0.0006301334353653517	-0.0023764452456716176	-0.22972434701459254	0.2631799412546195
0.6383995	0.0006301334412621539	-0.002391550290283675	-0.2320545828898036	0.25227390554206464
0.6388940000000001	0.0006301334577615707	-0.0024057518733437383	-0.23030346035006863	0.2663404838505974
0.6393885	0.0006301334795040637	-0.002419153353395528	-0.2245027526181875	0.35018153967253424
0.6398830000000001	0.0006301334990755593	-0.002431841697588903	-0.2147615652553641	0.46301306733725744
0.6403775	0.0006301335081046344	-0.0024438862461523174	-0.2012618791460272	0.5790484484316909
0.640872	0.0006301334989375583	-0.002455342201609434	-0.18425328811371308	0.6906733885378152
0.6413665000000001	0.0006301334664790914	-0.0024662573323280253	-0.16404448740263167	0.7935486088808199
0.641861	0.0006301334096341136	-0.002476679659095565	-0.14099459741583675	0.8847463020906312
0.6423555000000001	0.0006301333317016351	-0.0024866645437027993	-0.11550740208355574	0.9620071717905756
0.64285	0.0006301332396245836	-0.0024962801457014457	-0.08802700898161887	1.023429258755033
0.6433445000000001	0.0006301331425380203	-0.002505609921239581	-0.05903244393224747	1.067466325492934
0.643839	0.0006301330499355279	-0.0025147512130155093	-0.02903118020321644	1.0930502439746947
0.6443335	0.0006301329700865636	-0.0025238110055408516	0.001450178247041842	1.0996897995815405
0.6448280000000001	0.0006301329090192634	-0.0025329016886949246	0.03187818326570804	1.0873924046854149
0.6453225	0.0006301328696546129	-0.002542139310454442	0.06172309401825466	1.0563568810086787
0.6458170000000001	0.0006301328513960724	-0.0025516439393731996	0.09046424617002634	1.0068594148848355
0.6463115	0.0006301328505788689	-0.0025615395354292455	0.11759538811402462	0.9393802352831688
0.6468060000000001	0.0006301328618305968	-0.002571951665372792	0.142631460993935	0.8547625718297708
0.6473005000000001	0.0006301328793584276	-0.002583003408296018	0.16511843154375153	0.7543779894055238
0.647795	0.0006301328977704125	-0.002594811565051003	0.18464507180727474	0.6400893142300135
0.6482895000000001	0.0006301329129812196	-0.0026074850894810685	0.20085524831779258	0.5141601643471294
0.648784	0.0006301329227825323	-0.0026211247126350892	0.213458547375772	0.379425957725854
0.6492785000000001	0.0006301329266318303	-0.0026358212449397807	0.22223541359217996	0.24034602193703203
0.649773	0.000630132925235841	-0.00265165126949182	0.2270355275340239	0.12334734214789192
0.6502675	0.0006301329201060478	-0.0026686705619871753	0.22777907125760427	0.11842196970684658
0.6507620000000001	0.00063013291314002	-0.002686906855162871	0.22445748535200188	0.2461212615406139
0.6512565	0.0006301329064786665	-0.0027063537999874802	0.21713275183729194	0.3894472760027427
0.6517510000000001	0.0006301329025642342	-0.002726967171023614	0.20593617760341737	0.5294033224535376
0.6522455	0.0006301329041337554	-0.002748664497291726	0.19106903233152714	0.6606750000271208
0.6527400000000001	0.0006301329141729122	-0.0027713298670741177	0.1727989093924545	0.78004233429235
0.6532345	0.0006301329357975707	-0.002794823442203529	0.1514509699410737	0.885506638995842
0.653729	0.0006301329718349025	-0.002818991941975906	0.12739908938626882	0.9757544002502413
0.6542235000000001	0.0006301330242708312	-0.0028436764357010957	0.10106118702903834	1.0496793240158018
0.654718	0.0006301330936724196	-0.0028687166306505295	0.07289407317034997	1.1061776331234
0.6552125000000001	0.000630133178668618	-0.0028939532183668184	0.04339076746556449	1.1441441524232991
0.655707	0.000630133275530484	-0.002919230615802053	0.013075533605977959	1.1628172169483149
0.6562015000000001	0.0006301333784297199	-0.0029444010061857096	-0.01750636910867786	1.1620982224627745
0.6566960000000001	0.0006301334802282746	-0.002969327925280009	-0.0478037430497084	1.1425036433181968
0.6571905	0.0006301335734094948	-0.0029938870077815876	-0.07727232561420096	1.1048926938958825
0.6576850000000001	0.0006301336510608821	-0.0030179637856282172	-0.10538706704263054	1.0503038988769653
0.6581795	0.0006301337082068489	-0.0030414508188231324	-0.13165258743949262	0.980003893650765
0.6586740000000001	0.0006301337431952687	-0.0030642462973246	-0.15560909221166205	0.8956248189416371
0.6591685	0.0006301337582312111	-0.003086254443622605	-0.1768377950845469	0.7993267055729151
0.659663	0.0006301337585603346	-0.0031073871813719007	-0.19496779800724862	0.6941490430190291
0.6601575000000001	0.0006301337511845687	-0.0031275664176435587	-0.20968490243721224	0.5846232257314808
0.660652	0.0006301337433442443	-0.0031467258298010586	-0.22073594150467113	0.4779857184511877
0.6611465000000001	0.0006301337413212737	-0.0031648109062407176	-0.22793288043407603	0.3870193147989625
0.661641	0.0006301337496097802	-0.0031817756074510274	-0.23115394907042416	0.33293105743705614
0.6621355000000001	0.000630133770515218	-0.0031975749335911028	-0.2303428146260495	0.3366526607114706
0.66263	0.0006301338042799175	-0.0032121560990957367	-0.22550513082153273	0.3947228020840947
0.6631245	0.000630133849593854	-0.0032254528333880072	-0.21670816769727813	0.4840104252135737
0.6636190000000001	0.000630133904317157	-0.0032373849848480476	-0.20408597739030374	0.5852782385944243
0.6641135	0.0006301339661824944	-0.0032478621287901277	-0.187843749820973	0.6874755853652177
0.6646080000000001	0.000630134033010742	-0.0032567883571226206	-0.16825699642806935	0.7842139142922393
0.6651025	0.0006301341026261401	-0.0032640663351312725	-0.14566548503251828	0.8713330824838599
0.6655970000000001	0.0006301341726397777	-0.0032696009012030845	-0.12046675159125023	0.9460029722707962
0.6660915000000001	0.0006301342400569094	-0.003273303810960483	-0.09310447169314469	1.006455206984226
0.666586	0.000630134301046314	-0.00327510048209904	-0.06405820083112662	1.0516180269695217
0.6670805000000001	0.0006301343511337178	-0.0032749372398633452	-0.033836196880118054	1.080786270010071
0.667575	0.0006301343855969876	-0.0032727864575464068	-0.002967649827752937	1.0935223640371634
0.6680695000000001	0.0006301343998532984	-0.0032686486325961737	0.02800761367985077	1.0896581883917325
0.668564	0.0006301343900259677	-0.003262551912405879	0.0585487368376879	1.0693248727631308
0.6690585	0.0006301343537538461	-0.0032545492081557633	0.0881251731859179	1.033059407420878
0.6695530000000001	0.0006301342910756106	-0.003244713169258685	0.11622756929566777	0.9819234884997102
0.6700475	0.0006301342051533411	-0.0032331307101871594	0.1423760017121631	0.9175643811409234
0.6705420000000001	0.0006301341023026995	-0.0032198995937583177	0.16612269920523243	0.8422782540954257
0.6710365	0.0006301339911325497	-0.0032051285858002874	0.18705518801154683	0.7590854596171158
0.6715310000000001	0.0006301338811695301	-0.003188940250399205	0.2048011280692638	0.6717798698612657
0.6720255	0.000630133781352171	-0.0031714728409456957	0.2190335513072242	0.585590002838967
0.67252	0.0006301336984989498	-0.003152877850117765	0.2294809401875246	0.5087241169807402
0.6730145000000001	0.0006301336361618947	-0.0031333135085529523	0.23594055148881163	0.4533914219148928
0.673509	0.0006301335939842399	-0.0031129370449834537	0.23828558458320573	0.4336585236068932
0.6740035000000001	0.0006301335676990741	-0.0030918981365398446	0.23646623510284592	0.456804556789128
0.674498	0.0006301335500740587	-0.003070334512167107	0.23050853191472528	0.5164401039249839
0.6749925000000001	0.0006301335326532495	-0.0030483685790863115	0.22051370370022055	0.5989512112302269
0.6754870000000001	0.0006301335077931745	-0.0030261038400671313	0.20665573657873312	0.6921873961177242
0.6759815	0.0006301334702157322	-0.003003621851755214	0.18917771575359374	0.7875610332675755
0.6764760000000001	0.0006301334179086691	-0.0029809812973319726	0.16838804903216537	0.879074594146333
0.6769705	0.0006301333522420792	-0.002958219809713415	0.14465461143013808	0.9624303980355563
0.6774650000000001	0.0006301332773781367	-0.002935358161797961	0.1183949602371697	1.034571603203266
0.6779595	0.0006301331992723728	-0.0029124063557924135	0.0900643224888798	1.09331855673854
0.678454	0.0006301331245162884	-0.0028893713943371605	0.060146214682623635	1.1369516921055334
0.6789485000000001	0.0006301330588208343	-0.002866265794837656	0.02914603865075519	1.1639665628493947
0.679443	0.000630133005894418	-0.0028431142675557192	-0.002413748407022872	1.1730520176307402
0.6799375000000001	0.0006301329671053741	-0.00281995573442777	-0.033996718513912276	1.1631996680865304
0.680432	0.0006301329419348504	-0.0027968402855124475	-0.06505609177907759	1.1339893685330213
0.6809265000000001	0.0006301329285362613	-0.00277382401012766	-0.09504484457275232	1.0857317577580776
0.681421	0.000630132924322906	-0.0027509654357085354	-0.12343034107668459	1.0193187576007623
0.6819155	0.0006301329265977315	-0.002728324935397468	-0.1497081899399485	0.9360020056530434
0.6824100000000001	0.0006301329331094516	-0.002705965916333931	-0.17341409906817748	0.8373335127730104
0.6829045	0.000630132942035518	-0.00268395561574768	-0.1941338888659383	0.7250804571817655
0.6833990000000001	0.0006301329517520562	-0.002662364090486799	-0.21150715596098976	0.6013259664962873
0.6838935	0.000630132960803717	-0.002641261854531403	-0.2252334790423898	0.46882782608410184
0.6843880000000001	0.0006301329679359013	-0.002620717694429596	-0.23507987828988233	0.3314985333224045
0.6848825000000001	0.0006301329720687105	-0.0026007967537719735	-0.24088697293819938	0.19756758377466052
0.685377	0.0006301329725705515	-0.0025815576408915403	-0.24256841719228286	0.10828074773166184
0.6858715000000001	0.0006301329695745599	-0.002563048550950136	-0.24011110832561852	0.17196204955402666
0.686366	0.0006301329641346916	-0.0025453033228258876	-0.23357164810203743	0.30201908211399714
0.6868605000000001	0.0006301329583826424	-0.002528337598011363	-0.22306977158288008	0.4389581589542679
0.687355	0.0006301329553766973	-0.00251214468917161	-0.2087813535052801	0.5724241416473217
0.6878495	0.0006301329585659874	-0.002496691409747015	-0.19093772994971286	0.6981661880834668
0.6883440000000001	0.0006301329713615958	-0.002481915198547273	-0.16982835711198216	0.81290872261671
0.6888385	0.0006301329965221169	-0.0024677251421330354	-0.1458009750050609	0.9137130539350546
0.6893330000000001	0.0006301330350875433	-0.002454008550533114	-0.11926147145641866	0.9981189859926365
0.6898275	0.0006301330860365548	-0.002440641159519382	-0.09066806470909644	1.064371484701298
0.6903220000000001	0.0006301331465286035	-0.002427497108164679	-0.0605206264213157	1.1114319601033376
0.6908165000000001	0.0006301332117617314	-0.002414455729778829	-0.02934732731749087	1.1387613435904849
0.691311	0.0006301332750445562	-0.0024014047918738423	0.0023065165878301493	1.1461175461559638
0.6918055000000001	0.0006301333294629229	-0.0023882417267179898	0.03388705743341884	1.1335038791574803
0.6923	0.0006301333699795503	-0.0023748741109847083	0.06484060643046599	1.1012719253088157
0.6927945000000001	0.000630133394290634	-0.002361219836499581	0.09462595908908619	1.0502312151684177
0.693289	0.0006301334028220371	-0.002347206711823576	0.12272652864436837	0.9816008293246996
0.6937835000000001	0.0006301333984844783	-0.0023327711773601166	0.1486620484607181	0.8969276596966722
0.6942780000000001	0.0006301333858096128	-0.0023178570254269613	0.17199772132997757	0.7980147245107643
0.6947725	0.0006301333696285549	-0.0023024149109522186	0.19234811639970714	0.686878223440108
0.6952670000000001	0.0006301333538583716	-0.0022864016098575733	0.2093781311732763	0.5657000852988893
0.6957615	0.0006301333408499624	-0.0022697781515023255	0.22280326641804843	0.43702941401811185
0.6962560000000001	0.0006301333311441249	-0.00225250805590513	0.232391502437574	0.30483246455389457
0.6967505	0.0006301333236894364	-0.002234557024359656	0.2379655865918273	0.2672596356375783
0.697245	0.0006301333168511747	-0.002215893442857474	0.23941172079004708	0.25388169848219716
0.6977395000000001	0.0006301333096533383	-0.0021964877719313543	0.23669072755930481	0.24605971219727488
0.698234	0.0006301333026397586	-0.0021763089464552723	0.22984291187083106	0.3264211637766301
0.6987285000000001	0.0006301332980990656	-0.00215531761783423	0.2189868366177197	0.45883775035829527
0.699223	0.0006301332996069812	-0.0021334589729322343	0.2043175475167715	0.585923633966829
0.6997175000000001	0.0006301333109816517	-0.002110658669527163	0.18610139856325178	0.7035291055336251
0.7002120000000001	0.0006301333350096913	-0.00208682335892066	0.16466900263528492	0.8089979439058393
0.7007065	0.0006301333724582076	-0.0020618449684439277	0.14041008062706328	0.90030618109611
0.7012010000000001	0.0006301334215514714	-0.002035607120533022	0.11376811051165639	0.9759490589745631
0.7016955	0.0006301334776542733	-0.0020079925255143062	0.08522817851497054	1.0350420911035516
0.7021900000000001	0.0006301335337051702	-0.001978890593015964	0.05530210486952184	1.0772880686964794
0.7026845	0.0006301335811983256	-0.001948204444283266	0.02451486467138585	1.1028017418362435
0.7031790000000001	0.0006301336115056741	-0.0019158562752102882	-0.006604516350110147	1.1119699820649978
0.7036735000000001	0.0006301336173815219	-0.0018817904359653339	-0.03753018885361064	1.105404341384221
0.704168	0.0006301335946486777	-0.0018459749841806608	-0.06774282169773285	1.0838933410143838
0.7046625000000001	0.0006301335431054749	-0.0018084032407067819	-0.096731442292181	1.0483316134164602
0.705157	0.0006301334664201937	-0.0017690951184571413	-0.12399720650940796	0.9998152131216509
0.7056515000000001	0.0006301333713037005	-0.0017280962410363525	-0.149061240421209	0.9400468534137774
0.706146	0.0006301332664110089	-0.0016854743135705297	-0.17147609575568137	0.8718257673225263
0.7066405	0.000630133160898666	-0.0016413142725914653	-0.19083975151006766	0.7995844037576395
0.7071350000000001	0.0006301330630593769	-0.0015957147116491047	-0.2068071072987657	0.729512279591437
0.7076295	0.0006301329789726301	-0.0015487874028872373	-0.21909728468240866	0.6691287720109649
0.7081240000000001	0.0006301329115801081	-0.0015006589713501123	-0.22749692674372052	0.6263690367817737
0.7086185	0.0006301328605462061	-0.0014514718489354822	-0.23186399231562552	0.6079648977575938
0.7091130000000001	0.0006301328230265294	-0.0014013824489741305	-0.23213251583328448	0.6169549221130496
0.7096075000000001	0.0006301327949284253	-0.0013505562063365888	-0.22831581978799262	0.6512511193417712
0.710102	0.000630132772215233	-0.0012991604483996737	-0.22050365445974696	0.704995525626277
0.7105965000000001	0.0006301327520768789	-0.0012473569148213264	-0.20885841560583976	0.7710189499404423
0.711091	0.0006301327335341675	-0.0011952950100634725	-0.1936059849665623	0.8429427447930786
0.7115855000000001	0.0006301327175027822	-0.0011431065926497037	-0.1750235021170181	0.9158338744880998
0.71208	0.0006301327061710733	-0.0010909038861219046	-0.15343273137618374	0.9857385805577308
0.7125745000000001	0.0006301327018502941	-0.0010387812471883485	-0.12919836993102826	1.0491271408497869
0.7130690000000001	0.0006301327057145697	-0.0009868192046538274	-0.10272769104608842	1.102891399396176
0.7135635	0.0006301327173951027	-0.0009350883603942726	-0.0744673356123182	1.1444555150330804
0.7140580000000001	0.0006301327351424694	-0.0008836523576780483	-0.04490320330537534	1.1718263969257876
0.7145525	0.0006301327563098906	-0.000832571006917765	-0.014554741436660313	1.1835435570385018
0.7150470000000001	0.0006301327780911562	-0.0007819049721101811	0.016037118885967684	1.1785635783400814
0.7155415	0.0006301327984045602	-0.0007317216730026801	0.04632429192781135	1.1561371723438427
0.716036	0.0006301328162271955	-0.000682100001877929	0.07576243125267204	1.1158370643560824
0.7165305000000001	0.0006301328315998379	-0.0006331312226999568	0.10382229345513992	1.0577475313014486
0.717025	0.0006301328451991186	-0.0005849154064307275	0.12999879861068916	0.982706013893943
0.7175195000000001	0.0006301328579551593	-0.0005375554955351166	0.15382175291370068	0.8923373862316946
0.718014	0.0006301328705716571	-0.0004911519973367947	0.17486788111072174	0.7889187439257772
0.7185085000000001	0.0006301328832448931	-0.0004457997215626464	0.1927723648954634	0.675356685827465
0.7190030000000001	0.0006301328955152199	-0.0004015866680572001	0.20723527467699354	0.5551583168415531
0.7194975	0.0006301329064754377	-0.00035859446561360404	0.2180216074625961	0.43306483535880136
0.7199920000000001	0.000630132915144882	-0.0003168991085199797	0.22495886652499597	0.3176508097155369
0.7204865	0.0006301329209036692	-0.00027657093988521384	0.2279334588964587	0.23003474508471225
0.7209810000000001	0.0006301329238515073	-0.00023767274487667225	0.2268891384834487	0.21508422658594167
0.7214755	0.0006301329248299796	-0.00020025477614543088	0.22182924898138298	0.2858511115374686
0.7219700000000001	0.0006301329251588027	-0.00016434764089993432	0.2128227711951745	0.39693939560199415
0.7224645000000001	0.0006301329261930432	-0.00012995627807259715	0.20000914106965478	0.518665559468345
0.722959	0.0006301329287541909	-9.705719999527126e-5	0.18359984744869298	0.6389036451134041
0.7234535000000001	0.0006301329326692589	-6.559823905022646e-5	0.16387746125120534	0.7515327971516049
0.723948	0.0006301329367258996	-3.549864709397524e-5	0.14119165672874545	0.8526329001465738
0.7244425000000001	0.0006301329386295681	-6.6486537446678765e-6	0.11595089317253096	0.939306381948284
0.724937	0.0006301329353077118	2.1090354921310172e-5	0.0886118182480253	1.009170414399329
0.7254315	0.0006301329240198377	4.788290928008168e-5	0.05967208316442968	1.0602108562650903
0.7259260000000001	0.0006301329035575581	7.391225320325558e-5	0.02966296188031796	1.0910611790623532
0.7264205	0.0006301328742187984	9.936972875070361e-5	-0.0008658135419752676	1.1012760722709602
0.7269150000000001	0.0006301328380233487	0.0001244440856132691	-0.031362766849273305	1.0911772212361508
0.7274095	0.0006301327989914197	0.00014931352798229077	-0.06128775977883438	1.0616001539581
0.7279040000000001	0.0006301327626188102	0.00017414099374125902	-0.09012284538305898	1.0137389699224695
0.7283985000000001	0.0006301327343591939	0.00019907265388660551	-0.11737832768545631	0.9488434495590751
0.728893	0.0006301327183928647	0.00022423931178578937	-0.1425931880531366	0.8680499508509161
0.7293875000000001	0.0006301327169334904	0.0002497590807785477	-0.1653352238963299	0.7724849734608155
0.729882	0.0006301327293915711	0.00027573944261565447	-0.1852059745523622	0.6634067923092233
0.7303765000000001	0.0006301327520477795	0.00030227711676323585	-0.2018474466211634	0.5424103008862238
0.730871	0.0006301327790350144	0.00032945537201590103	-0.21495126178209809	0.4116951635415298
0.7313655000000001	0.0006301328036385681	0.0003573411116885956	-0.22426861401975798	0.30993677704162453
0.7318600000000001	0.0006301328196093447	0.0003859848707100944	-0.2296193583305945	0.2957916422198777
0.7323545	0.000630132822608433	0.00041542394543033775	-0.23089598030152003	0.2830465264893539
0.7328490000000001	0.0006301328112423842	0.00044568617043327393	-0.22806677304415834	0.2719147216519372
0.7333435	0.000630132787373917	0.00047679229349613747	-0.2211777592345408	0.3133659088345757
0.7338380000000001	0.0006301327555469556	0.0005087567856618402	-0.21035166345756856	0.44904037001464797
0.7343325	0.0006301327218892712	0.0005415887512301783	-0.19578675710265528	0.5769573806012968
0.734827	0.0006301326925888051	0.0005752950500279993	-0.1777533078573812	0.6943374524110878
0.7353215000000001	0.000630132672423242	0.0006098857105544059	-0.15658526824640506	0.7991130687387002
0.735816	0.0006301326639543696	0.0006453795310091258	-0.1326662734743264	0.8899199285675312
0.7363105000000001	0.0006301326672503819	0.0006818072330937984	-0.10641459105957651	0.9658900534297242
0.736805	0.0006301326797717172	0.0007192108437890544	-0.07827605894759727	1.0264276640928953
0.7372995000000001	0.0006301326972193973	0.0007576395791880103	-0.048720299324301504	1.0711348471556237
0.7377940000000001	0.0006301327150525645	0.0007971427649757836	-0.018238975739155863	1.099771855288314
0.7382885	0.0006301327296202813	0.0008377607908494222	0.012657143884109748	1.1121758943465925
0.7387830000000001	0.0006301327383829652	0.0008795164155498544	0.04344061243426063	1.1082873198992824
0.7392775	0.0006301327403010742	0.0009224093178724151	0.07357576660807719	1.0883680387752261
0.7397720000000001	0.0006301327359452904	0.0009664153024142494	0.10253048340900811	1.0532799445664873
0.7402665	0.0006301327271824601	0.0010114886321541399	0.12978829624997132	1.0046820058331458
0.7407610000000001	0.0006301327165002794	0.0010575641458505322	0.15485724151359123	0.9450196540721667
0.7412555000000001	0.0006301327065276692	0.001104557511758061	0.17728169434844682	0.8774926951837845
0.74175	0.0006301326994004809	0.0011523648833655648	0.1966527661269992	0.8061251176308171
0.7422445000000001	0.000630132696392021	0.0012008641254575452	0.212616556959248	0.7361864951995701
0.742739	0.0006301326980802777	0.0012499185943925845	0.22488426316691562	0.674657412870585
0.7432335000000001	0.0006301327048042335	0.0012993823704644438	0.23324159641331701	0.6301429515417583
0.7437280000000001	0.0006301327169348856	0.0013491043138129013	0.23755213622337046	0.6106482737049721
0.7442225	0.0006301327352210985	0.0013989296243910013	0.23775471992869682	0.6200637194193895
0.7447170000000001	0.000630132761035461	0.0014487001854662628	0.23385835788788886	0.6562751782054842
0.7452115	0.0006301327961240254	0.0014982554798192934	0.22593311361104998	0.7127656054305308
0.7457060000000001	0.0006301328420653379	0.0015474352045482557	0.21410598745054837	0.7817993013902304
0.7462005	0.0006301328994992703	0.0015960837835970894	0.19856238409671903	0.8563359782476907
0.7466950000000001	0.0006301329674386233	0.0016440565551369226	0.1795496521034643	0.9307954830641699
0.7471895000000001	0.0006301330430336522	0.0016912271863901123	0.15737657485787346	1.0010563713455978
0.747684	0.0006301331219850885	0.0017374948343207278	0.1324114663595755	1.064060363008303
0.7481785000000001	0.0006301331990753436	0.0017827882145098283	0.1050785455969022	1.1172441396494792
0.748673	0.0006301332689654811	0.0018270641459325048	0.07585062919119653	1.1582246400252585
0.7491675000000001	0.0006301333271824948	0.0018703011828997665	0.04523874841366131	1.1847745058329477
0.749662	0.0006301333710804899	0.0019124917549953981	0.013783490579223756	1.1949910136517257
0.7501565000000001	0.0006301334001768151	0.0019536360978573866	-0.01795382848186179	1.1876276609318615
0.7506510000000001	0.0006301334160605614	0.0019937383458998106	-0.04940298525256717	1.162199399854175
0.7511455	0.0006301334217401944	0.002032802982922951	-0.08000008463127586	1.11888784481478
0.7516400000000001	0.0006301334208724628	0.002070830592318417	-0.10920269693037123	1.0583891259611111
0.7521345	0.000630133416870476	0.0021078134099811264	-0.13650302637429268	0.9817784425299064
0.7526290000000001	0.0006301334122137894	0.00214373222688624	-0.16143881980714456	0.890411155936572
0.7531235000000001	0.0006301334081111333	0.0021785564069882694	-0.18359848101386556	0.7858534853344329
0.753618	0.0006301334048734228	0.002212246882949285	-0.2026188156551735	0.6698868177486855
0.7541125000000001	0.000630133402617394	0.002244759862019604	-0.21818324946635506	0.5446625383243848
0.754607	0.0006301334021491347	0.0022760500534309775	-0.2300254520221697	0.41337345711271406
0.7551015000000001	0.0006301334055162542	0.0023060735445583746	-0.2379350201959076	0.28237908156932573
0.755596	0.000630133415950565	0.0023347895251141157	-0.24176485273226161	0.17165165129340737
0.7560905000000001	0.0006301334369777662	0.002362159922518135	-0.24143741955521308	0.15313015190015372
0.7565850000000001	0.0006301334710155133	0.002388147493546748	-0.236948767067025	0.24889450575776634
0.7570795	0.0006301335179647637	0.002412714634946337	-0.22836846677972528	0.37723729194204003
0.7575740000000001	0.000630133574345866	0.0024358255610395915	-0.21583940387758033	0.5092274856477007
0.7580685	0.0006301336333423592	0.002457452689384565	-0.1995783397291887	0.6366996518317499
0.7585630000000001	0.0006301336858548441	0.002477584935132924	-0.17987137487440336	0.7554669217429326
0.7590575	0.0006301337222569112	0.002496234008720739	-0.15707018381476684	0.8623306907663777
0.759552	0.0006301337339247059	0.0025134368652575713	-0.13158674670427203	0.9546858019542999
0.7600465000000001	0.0006301337145524043	0.0025292554828852338	-0.10388106202359225	1.0306189086416253
0.760541	0.0006301336616156431	0.0025437756106830743	-0.07444460702174925	1.088823994760855
0.7610355000000001	0.0006301335774326084	0.0025571047309482843	-0.04378704325511058	1.1284106166160637
0.76153	0.0006301334688641237	0.00256936869099007	-0.01242682445254723	1.1487978983585265
0.7620245000000001	0.000630133346030704	0.002580706330828332	0.019115407873489337	1.1496755403077366
0.7625190000000001	0.0006301332207513003	0.0025912621946370235	0.05031877317699552	1.1309848993293818
0.7630135	0.0006301331046599337	0.0026011789977200515	0.08066313514121726	1.0929077216019811
0.7635080000000001	0.0006301330070422759	0.0026105913501940337	0.10963383316961413	1.0360095531084754
0.7640025	0.0006301329338178788	0.0026196206870822483	0.1367326302485295	0.9614299815669951
0.7644970000000001	0.0006301328873899517	0.002628371575449077	0.1614890503632559	0.8708602317943818
0.7649915	0.0006301328664359394	0.002636931069588831	0.18346924760277683	0.7663142982332818
0.7654860000000001	0.0006301328660275082	0.0026453719287520766	0.20228383613600504	0.6500742242677524
0.7659805000000001	0.0006301328787808109	0.002653757912946238	0.21759632616303834	0.5248378847339844
0.766475	0.0006301328966314446	0.0026621478832888545	0.22913086363792706	0.3944117675328784
0.7669695000000001	0.0006301329124861238	0.002670596233938694	0.23667889586709423	0.2666876886002265
0.767464	0.0006301329213825523	0.002679150297510416	0.2401073528177115	0.2298182436622108
0.7679585000000001	0.0006301329211938826	0.0026878478199363134	0.2393639272472199	0.217950946867475
0.768453	0.0006301329125911056	0.0026967168330638176	0.23447854749213237	0.27111910314888404
0.7689475	0.000630132898480181	0.002705777987273098	0.22555742507114257	0.39624889318247414
0.7694420000000001	0.0006301328830744927	0.0027150480931057955	0.2127760137788217	0.5224728803315802
0.7699365	0.0006301328707134222	0.0027245435860880347	0.19636744047385224	0.6426648022920232
0.7704310000000001	0.0006301328648098427	0.0027342838990946573	0.17661621909606307	0.7533374543020647
0.7709255	0.0006301328673056507	0.00274429523855563	0.15385685171196523	0.8520065767751517
0.7714200000000001	0.0006301328787414594	0.0027546140835371137	0.12847430096510612	0.9366273442549833
0.7719145000000001	0.00063013289845838	0.002765289191797053	0.10090051623392061	1.0054847123448034
0.772409	0.0006301329248562627	0.0027763816150513337	0.0716104658949567	1.0571823657166508
0.7729035000000001	0.0006301329560016175	0.0027879632661722	0.04111462540330358	1.0907664498315117
0.773398	0.0006301329902601839	0.002800114636636004	0.009947420192520408	1.105813940554951
0.7738925000000001	0.0006301330262582892	0.0028129206528316863	-0.02134327633873952	1.1023717019681218
0.774387	0.0006301330626075559	0.0028264631157639535	-0.05220258851337584	1.0809088161954887
0.7748815000000001	0.0006301330979021685	0.0028408104033110777	-0.08207758826618003	1.0423947050364897
0.7753760000000001	0.000630133130708918	0.0028560077190563377	-0.11043125187968508	0.988259424294494
0.7758705	0.0006301331594303509	0.00287207154125964	-0.1367549307075085	0.9203823302804417
0.7763650000000001	0.0006301331827095359	0.0028889894063100284	-0.1605808829684987	0.8414222486565274
0.7768595	0.0006301331999359354	0.0029067229609608873	-0.18149582869701225	0.7551442456368606
0.7773540000000001	0.0006301332113307653	0.002925211371996033	-0.19914968114031958	0.6666226107369758
0.7778485	0.0006301332180609432	0.0029443737571576796	-0.21325769047094753	0.5826654835092538
0.778343	0.0006301332225668432	0.0029641109179755283	-0.22359795682618372	0.5125802410539823
0.7788375000000001	0.0006301332282038275	0.0029843067765945737	-0.23000809090203836	0.46816118632654297
0.779332	0.0006301332384382006	0.003004829700789046	-0.2323863204363812	0.4601290046179768
0.7798265000000001	0.0006301332562088563	0.0030255338500609465	-0.23069397267944103	0.49076908443585476
0.780321	0.0006301332834203125	0.0030462606990853164	-0.22496039081192146	0.5516171870102087
0.7808155000000001	0.000630133320756404	0.003066841793655866	-0.21528568626796063	0.6303523484477119
0.7813100000000001	0.000630133367753103	0.0030871032818339137	-0.20183963946939856	0.7166821782971317
0.7818045	0.0006301334228435488	0.0031068707843884586	-0.1848577659356328	0.8032692074464954
0.7822990000000001	0.0006301334834646537	0.0031259729818818487	-0.16463754059168786	0.8847293477086879
0.7827935	0.0006301335464122408	0.0031442445014732597	-0.1415352670533335	0.9569764228738807
0.7832880000000001	0.000630133608582793	0.0031615304143589023	-0.11596141386086226	1.0170921282176102
0.7837825	0.000630133667630201	0.003177693061054707	-0.08837581821105799	1.063138794036648
0.7842770000000001	0.0006301337223317519	0.003192618917143016	-0.05927947015897358	1.0938725921135541
0.7847715000000001	0.0006301337726046055	0.003206222167021765	-0.029200812195494197	1.1085316620798635
0.785266	0.0006301338189195824	0.0032184428849071803	0.0013199843186477277	1.1066237426213235
0.7857605000000001	0.0006301338615604918	0.003229240338208936	0.03174350740979997	1.0878437967313181
0.786255	0.0006301339000359071	0.003238584596154307	0.0615416907735358	1.0522237452664953
0.7867495000000001	0.0006301339327502609	0.0032464493691499036	0.09020690241321201	1.0000941271569324
0.787244	0.0006301339571269796	0.0032528066621530577	0.11725383975949025	0.9318722995496953
0.7877385	0.0006301339700832854	0.003257623509015562	0.1422201533365915	0.8481774141900024
0.7882330000000001	0.0006301339689526707	0.0032608613338297194	0.16467314960347665	0.7500584265970788
0.7887275	0.0006301339527397198	0.003262477319147853	0.18422055398238843	0.6389807071023748
0.7892220000000001	0.0006301339232128755	0.003262426732372356	0.20051825074821536	0.5167814341026059
0.7897165	0.0006301338853312666	0.003260665108682196	0.21327696837404062	0.3856622767963447
0.7902110000000001	0.0006301338466294434	0.003257149273401577	0.2222676629449126	0.24845719215063047
0.7907055000000001	0.0006301338155605143	0.003251837996920327	0.22732453701660704	0.11218470425058544
0.7912	0.0006301337992706504	0.003244694410208308	0.22834782452067734	0.09195909318408861
0.7916945000000001	0.0006301338015367399	0.003235690386060722	0.225308895964735	0.2051493198611452
0.792189	0.0006301338215802669	0.0032248101284332747	0.2182557434871353	0.34680821360265174
0.7926835000000001	0.0006301338539907479	0.0032120506427721603	0.20731374473220918	0.4849572273590013
0.793178	0.0006301338895212989	0.0031974197551417455	0.19268434871870627	0.6160312958061878
0.7936725000000001	0.0006301339166886908	0.0031809345083922856	0.17463757186472428	0.737830417694302
0.7941670000000001	0.0006301339239930501	0.003162622685003745	0.15350231864740774	0.8486351404059616
0.7946615	0.0006301339023735592	0.0031425279480734006	0.12965563624758195	0.94687201146735
0.7951560000000001	0.0006301338471671425	0.0031207166926150477	0.10351449678985661	1.0309177147907664
0.7956505	0.0006301337591009523	0.003097283783991937	0.07553069147742895	1.0990873624058413
0.7961450000000001	0.0006301336440244918	0.003072355217614118	0.04618731670269405	1.1497428621487247
0.7966395000000001	0.00063013351160148	0.003046087239030256	0.0159941091797823	1.1813927418420926
0.797134	0.0006301333732412601	0.0030186619273744955	-0.014519240051810534	1.192943437144296
0.7976285000000001	0.000630133240424137	0.002990279416029345	-0.04481350478091686	1.1840620116989358
0.798123	0.0006301331232122888	0.002961148421326783	-0.07435383294133244	1.1551242260243682
0.7986175000000001	0.0006301330287880086	0.0029314775569264447	-0.10261710330174804	1.1070466081144408
0.799112	0.000630132960400389	0.002901468989197002	-0.12909786785945732	1.041073415660751
0.7996065000000001	0.0006301329175213792	0.002871314234387478	-0.15331585914950724	0.9587408113867024
0.8001010000000001	0.0006301328966843018	0.002841190034804682	-0.17482790746639018	0.8622908000384509
0.8005955	0.0006301328925121441	0.0028112531902068517	-0.1932378352642019	0.7552041243440638
0.8010900000000001	0.0006301328988824953	0.002781636177188951	-0.20820746278461139	0.6426150831621592
0.8015845	0.0006301329102548548	0.002752446281652996	-0.21946773504065956	0.5318746483407406
0.8020790000000001	0.0006301329224552574	0.002723769008409277	-0.22682453758560975	0.43401913011566
0.8025735	0.0006301329330016146	0.0026956736221176014	-0.23015671734949816	0.3662534890060601
0.8030680000000001	0.0006301329410416533	0.0026682173387656506	-0.22941487748156267	0.34929549746531224
0.8035625000000001	0.0006301329468683403	0.0026414462547792307	-0.2246181503321934	0.3890147831776098
0.804057	0.0006301329513499431	0.00261539361382107	-0.21585155557398583	0.4682160790473414
0.8045515000000001	0.0006301329554360668	0.00259007730476867	-0.20326461622947653	0.5660780139570809
0.805046	0.0006301329598627767	0.002565498551037476	-0.1870732467600534	0.6688401172632206
0.8055405000000001	0.0006301329650209263	0.002541642976991656	-0.1675572980343289	0.7683639719576325
0.8060350000000001	0.0006301329711777309	0.002518484305005823	-0.14505488846647807	0.8595454656788001
0.8065295	0.0006301329787604065	0.002495990520703062	-0.11995487459786977	0.9388999564465668
0.8070240000000001	0.0006301329885153021	0.002474131346302405	-0.09268867644346829	1.003898823781277
0.8075185	0.0006301330012431635	0.002452884488488455	-0.06372444463844032	1.0526078827666399
0.8080130000000001	0.0006301330174096595	0.002432238311069502	-0.033563499198003666	1.0835386295329796
0.8085075	0.0006301330367644438	0.002412190669434327	-0.0027356505099711812	1.0957001647941431
0.8090020000000001	0.0006301330581961044	0.002392746022397973	0.0282116010570983	1.088686520819007
0.8094965000000001	0.0006301330797275536	0.0023739132414668934	0.05872703403460877	1.0626506094510224
0.809991	0.0006301330988632319	0.0023557040276937975	0.08826920842381111	1.0183057779846418
0.8104855000000001	0.0006301331130651024	0.0023381293937486604	0.11631838319392056	0.9569629950768284
0.81098	0.0006301331203741193	0.0023211930177202697	0.14238682180474468	0.88048912006743
0.8114745000000001	0.0006301331199861768	0.0023048829927067144	0.16602623220179621	0.791144723332494
0.811969	0.0006301331128525354	0.0022891646298120447	0.18683077508410983	0.6914712221377647
0.8124635000000001	0.0006301331014600491	0.0022739771253704345	0.20443978756022138	0.584615052322409
0.8129580000000001	0.0006301330888499082	0.002259235168345715	0.21854488482223156	0.4752921813283958
0.8134525	0.0006301330775924455	0.002244833707547577	0.2288972575908699	0.37186463071362713
0.8139470000000001	0.000630133069252953	0.002230653676267322	0.23531151356398497	0.2915121859858902
0.8144415	0.0006301330641422053	0.0022165675189708416	0.2376703311634758	0.2668927048896011
0.8149360000000001	0.0006301330613577155	0.002202443164608378	0.23592594010230897	0.30809925967563834
0.8154305000000001	0.0006301330592426295	0.0021881454637880677	0.2300968628322602	0.39828132454715504
0.815925	0.0006301330559657776	0.0021735355092322626	0.2202663327787399	0.5070912210945591
0.8164195000000001	0.0006301330502087993	0.002158469723947531	0.2065851613243317	0.6193925362822691
0.816914	0.0006301330419271378	0.002142801114516418	0.18927569776860206	0.7273791468514336
0.8174085000000001	0.0006301330326931964	0.002126383753525531	0.16863056930237477	0.8265414812239638
0.817903	0.0006301330255332363	0.0021090791551376118	0.1450082702512344	0.9139426419225476
0.8183975000000001	0.0006301330246419486	0.002090761596869816	0.11882395594993539	0.9874773136854741
0.8188920000000001	0.0006301330344445158	0.0020713209007165076	0.09053722586825703	1.045562026343594
0.8193865	0.0006301330584994151	0.002050664356041079	0.06064132019477427	1.087055097009971
0.8198810000000001	0.0006301330983591179	0.002028719911291966	0.02965554081891807	1.1112622997653994
0.8203755	0.0006301331530345701	0.0020054402028247837	-0.0018840493109275624	1.117839410443973
0.8208700000000001	0.0006301332187944758	0.001980805594980391	-0.03343251131518425	1.10660667885269
0.8213645	0.0006301332894245904	0.001954824223305084	-0.06444247192801458	1.0775246905331863
0.8218590000000001	0.0006301333568899223	0.0019275276310299389	-0.09437463524231963	1.030844959751519
0.8223535000000001	0.0006301334126162812	0.0018989627473028254	-0.1227098436719468	0.9672534781349076
0.822848	0.0006301334490353265	0.001869182580286899	-0.14896045839867933	0.8878469417715834
0.8233425000000001	0.0006301334612885723	0.0018382374903375622	-0.17267576822662306	0.7941329147834387
0.823837	0.0006301334483104443	0.0018061681519184706	-0.19344685427949984	0.6882268637506087
0.8243315000000001	0.0006301334130904351	0.0017730019239399885	-0.21091042861232487	0.5731871616254817
0.8248260000000001	0.0006301333618287863	0.0017387535580177791	-0.2247542275779919	0.45395977012635075
0.8253205	0.000630133302488548	0.0017034289608837143	-0.23472447578234107	0.34016869465337424
0.8258150000000001	0.0006301332430341216	0.001667029294444682	-0.2406366470321783	0.25435463144076076
0.8263095	0.0006301331899704614	0.0016295529286106843	-0.2423843096462004	0.2408028744438706
0.8268040000000001	0.0006301331472348022	0.0015909952926934428	-0.2399403972950728	0.3091794319090789
0.8272985	0.0006301331155448263	0.001551348855167705	-0.23335306380453366	0.421343208466632
0.8277930000000001	0.0006301330924970728	0.0015106049244882362	-0.2227428714727622	0.5466336659241406
0.8282875000000001	0.0006301330735284472	0.00146875691511257	-0.20829980291255426	0.6723925890845092
0.828782	0.0006301330535020437	0.0014258030975103945	-0.190278439548293	0.7924844307056944
0.8292765000000001	0.0006301330282440193	0.0013817474981731072	-0.1689943616117166	0.9032529395740875
0.829771	0.0006301329956573516	0.0013365998621385749	-0.14482081910477068	1.0022069553781847
0.8302655000000001	0.0006301329559534459	0.0012903765472760495	-0.11818132781379553	1.087579386013281
0.83076	0.0006301329115059359	0.0012431032871943872	-0.08953930165069608	1.158058109310028
0.8312545000000001	0.0006301328661345554	0.0011948197494100192	-0.05938894451784554	1.2125843103092198
0.8317490000000001	0.000630132824292686	0.0011455847932154894	-0.02824380255134576	1.2502891243034744
0.8322435	0.0006301327899807822	0.0010954807965084415	0.003369972081579855	1.2703501210270043
0.8327380000000001	0.0006301327660333541	0.0010446161929417446	0.03491717681897736	1.2717824635276953
0.8332325	0.0006301327535722165	0.0009931251178077623	0.0658566536908113	1.2537054226757154
0.8337270000000001	0.0006301327521807036	0.0009411625997031844	0.09565121620818957	1.2158925549008588
0.8342215000000001	0.0006301327602435145	0.0008888954708256608	0.12377928346288537	1.1591576585119654
0.834716	0.0006301327754752661	0.0008364917358557765	0.1497480532523269	1.08545434683513
0.8352105000000001	0.0006301327953467159	0.000784111964119264	0.1731059529781031	0.9976707269442243
0.835705	0.0006301328176728793	0.0007319045174045293	0.19345282100772618	0.8991840556629054
0.8361995000000001	0.000630132840798553	0.00068000351138494	0.21044232003717847	0.7939520123565621
0.836694	0.0006301328636559176	0.0006285273206293561	0.22378513431059097	0.6874926577280872
0.8371885000000001	0.0006301328856248563	0.000577576983004871	0.2332551817090595	0.5880850999495756
0.8376830000000001	0.0006301329063423468	0.0005272355511070351	0.23869499960042226	0.5079049593729045
0.8381775	0.0006301329255069499	0.0004775694411391697	0.24001892247732412	0.46226783747894323
0.8386720000000001	0.0006301329427678263	0.0004286315614656195	0.23721412541825662	0.46269963751880755
0.8391665	0.0006301329577158475	0.0003804649603903621	0.23034021412662442	0.5067836365535954
0.8396610000000001	0.000630132969983911	0.0003331055024378518	0.21952553249876655	0.5804083259027167
0.8401555	0.0006301329795436165	0.00028658302485159466	0.20495968789570546	0.6686911888658917
0.8406500000000001	0.0006301329868996671	0.00024092153876956358	0.186888471872551	0.7608993349095126
0.8411445000000001	0.0006301329931041038	0.00019613897366454387	0.16561342334724166	0.8498899706993476
0.841639	0.0006301329993942702	0.00015224650998890119	0.14149257978646465	0.9307637510976593
0.8421335000000001	0.0006301330067868214	0.00010924813780135164	0.11493876084045412	0.9999891800596244
0.842628	0.0006301330154407972	6.714253677730822e-5	0.08641550899769253	1.054821317527391
0.8431225000000001	0.0006301330243326894	2.5928542522948413e-5	0.05642670466643878	1.0931623103590922
0.8436170000000001	0.0006301330311302151	-1.4387584423466848e-5	0.025503199166837104	1.1135463701492043
0.8441115	0.0006301330327530334	-5.3786442962861097e-5	-0.005809657938577051	1.1150444954869005
0.8446060000000001	0.0006301330260976563	-9.223403907603982e-5	-0.03696008721178318	1.0972498331896
0.8451005	0.0006301330091953666	-0.0001296850961653565	-0.06739939044793367	1.0603303163640945
0.8455950000000001	0.0006301329820677553	-0.00016608873507941455	-0.09659122216370417	1.004910411133422
0.8460895	0.0006301329471922988	-0.00020139411984270366	-0.12402052797859973	0.932111480723248
0.8465840000000001	0.0006301329090707661	-0.00023555611283398076	-0.14920710728603198	0.8436796901094017
0.8470785000000001	0.0006301328734384103	-0.00026854141474287016	-0.17171716546602042	0.7419291450563689
0.847573	0.0006301328460682133	-0.00030033462168891186	-0.19116995307189674	0.6296853792243997
0.8480675000000001	0.0006301328314055846	-0.00033094344872647356	-0.20724039775839567	0.5105504242849461
0.848562	0.000630132831022998	-0.00036040230129616045	-0.21966248760331347	0.38982019889911584
0.8490565000000001	0.0006301328428199482	-0.0003887734009957909	-0.2282289154820855	0.30488756733566375
0.8495510000000001	0.0006301328612435365	-0.0004161457837807509	-0.23279045040083413	0.30362708831982416
0.8500455000000001	0.0006301328785115211	-0.00044263266457895354	-0.23326078986521426	0.3096720381047887
0.8505400000000001	0.0006301328864136412	-0.000468366713845777	-0.22962515506697626	0.3219315663440031
0.8510345	0.0006301328780324502	-0.0004934933837735839	-0.22194572677209787	0.41325897977198073
0.8515290000000001	0.000630132849333348	-0.0005181646216937778	-0.21036092357325734	0.5323048427281957
0.8520235	0.0006301328002983091	-0.0005425359787718001	-0.19508215227268313	0.6476373019576983
0.8525180000000001	0.0006301327354896802	-0.0005667674371861354	-0.17638803103290154	0.7543609117807751
0.8530125000000001	0.0006301326635257781	-0.0005910250658260318	-0.15461746275353055	0.8491366930384777
0.853507	0.0006301325951393904	-0.0006154802277203908	-0.13016415783756807	0.9295243699978637
0.8540015000000001	0.0006301325409763579	-0.0006403050575031414	-0.10347147048316861	0.9938107797003064
0.854496	0.0006301325095667205	-0.0006656653817771252	-0.07502413120791647	1.0409255295259048
0.8549905000000001	0.0006301325054957097	-0.0006917135988528899	-0.04533685435728933	1.0703443864358528
0.855485	0.0006301325286783427	-0.0007185831194396898	-0.01493948999675947	1.08199633331858
0.8559795000000001	0.0006301325745387138	-0.0007463842487834297	0.015634281598057676	1.0761811099146577
0.8564740000000001	0.0006301326350788756	-0.0007752013449329117	0.045857224065590965	1.0534457417925975
0.8569685	0.0006301327003459907	-0.0008050919326508825	0.07521484257548121	1.0144095125362251
0.8574630000000001	0.0006301327604615317	-0.0008360880215692541	0.10320826221629863	0.9597089958162953
0.8579575	0.0006301328076569985	-0.0008681991148361606	0.1293567278227827	0.8901398713567679
0.8584520000000001	0.0006301328375062795	-0.0009014162627827885	0.15320440832249416	0.8068396119338818
0.8589465000000001	0.0006301328491050549	-0.0009357167822695696	0.17432787002940567	0.7114688839062115
0.8594410000000001	0.0006301328448216431	-0.0009710700952650451	0.19234727180589264	0.6066617751383987
0.8599355000000001	0.0006301328293501476	-0.0010074451307067985	0.20693895352932595	0.49689686428154556
0.86043	0.0006301328083795184	-0.0010448176146806288	0.2178430611101532	0.39052267086890763
0.8609245000000001	0.0006301327871432443	-0.0010831737057704948	0.22486507003430134	0.30483771231804035
0.861419	0.0006301327695048015	-0.0011225078033927022	0.2278779079697264	0.27157259453664234
0.8619135000000001	0.0006301327576272177	-0.001162816276703591	0.22682811088186572	0.31200763583998004
0.8624080000000001	0.0006301327522662957	-0.0012040912561039673	0.22173742962276227	0.4033410207310413
0.8629025	0.0006301327534311456	-0.001246317253466094	0.21270336537527545	0.5154545464208571
0.8633970000000001	0.0006301327610170081	-0.0012894706346518834	0.1998977466330096	0.6322771184447722
0.8638915	0.0006301327752118188	-0.0013335205159186341	0.18356086615350992	0.7460555269506085
0.8643860000000001	0.0006301327965392649	-0.0013784294097682701	0.16398981175736368	0.8524871734679004
0.8648805	0.0006301328257185694	-0.001424152907048697	0.1415292379958927	0.948836235598186
0.8653750000000001	0.0006301328630379231	-0.0014706386797835819	0.11656492706359776	1.0331888949548833
0.8658695000000001	0.0006301329079492286	-0.0015178246050599011	0.08952052173898846	1.1039820676979346
0.866364	0.0006301329588208809	-0.0015656358580879877	0.06085473708522332	1.159769713044788
0.8668585000000001	0.0006301330130670828	-0.001613981844699338	0.0310594074233179	1.1992226081340982
0.867353	0.000630133067419705	-0.0016627542157550102	0.0006549892474300045	1.221324924172244
0.8678475000000001	0.0006301331186819165	-0.0017118264569854717	-0.029819374984691893	1.2255837256114666
0.8683420000000001	0.0006301331641495019	-0.001761054178116591	-0.05981819290217681	1.2120758946906067
0.8688365000000001	0.0006301332019134306	-0.0018102744636600671	-0.08880202293468308	1.1810466324857978
0.8693310000000001	0.000630133231138596	-0.0018593044769260338	-0.11624800252582076	1.1325859067615307
0.8698255	0.0006301332524568926	-0.0019079426706080326	-0.1416582142417009	1.0669986078362597
0.8703200000000001	0.0006301332676590335	-0.0019559754290158667	-0.16456915866063002	0.9854118955251665
0.8708145	0.0006301332791674005	-0.0020031883519438876	-0.18456240257522005	0.890337611320528
0.8713090000000001	0.0006301332894949295	-0.0020493786649422143	-0.20127794163888985	0.7859398097618191
0.8718035000000001	0.0006301333009065226	-0.002094364797107803	-0.2144228776907227	0.6780336551480262
0.872298	0.000630133315093765	-0.0021379912760306026	-0.22377531910322163	0.5745415639875866
0.8727925000000001	0.0006301333332139937	-0.0021801298727046727	-0.22918272769006756	0.48685754121200264
0.873287	0.0006301333562178708	-0.0022206788206389806	-0.23056095628165288	0.4308192976241594
0.8737815000000001	0.0006301333852042764	-0.002259560950602835	-0.2278892261426018	0.42163000832447706
0.874276	0.0006301334216562984	-0.0022967213581449744	-0.22120660749037582	0.4610086971127478
0.8747705000000001	0.0006301334673852186	-0.0023321255727735937	-0.21061542608638648	0.5348297877340422
0.8752650000000001	0.0006301335240846783	-0.002365758584457098	-0.19628531753128628	0.6260449891411619
0.8757595	0.0006301335924953338	-0.0023976241604255276	-0.17845309512379007	0.7221995280113293
0.8762540000000001	0.0006301336714356999	-0.002427743258766881	-0.15742152601995785	0.8151029700086431
0.8767485	0.0006301337569022223	-0.00245615075139463	-0.13355602384225587	0.8992580636209363
0.8772430000000001	0.0006301338419888969	-0.002482891301459277	-0.10727637331149767	0.9709265984858138
0.8777375000000001	0.0006301339176495458	-0.002508016713059918	-0.07904697015116222	1.0275373631187945
0.8782320000000001	0.000630133974212298	-0.0025315860957956984	-0.049370057020764996	1.0672442165701006
0.8787265000000001	0.0006301340031357435	-0.002553666594284206	-0.018778927674443877	1.0887406440108116
0.879221	0.000630133998769894	-0.0025743308383096033	0.01217440607940457	1.0912695726237442
0.8797155000000001	0.0006301339593373436	-0.002593650443226528	0.04293346429165884	1.0747035062994494
0.88021	0.0006301338874796399	-0.0026116882623050232	0.07295296822586231	1.0395782298270426
0.8807045000000001	0.000630133790267901	-0.002628492715364547	0.10171223541646632	0.9869802810292063
0.8811990000000001	0.0006301336784376032	-0.002644096605987016	0.12872341122950323	0.9183568273570785
0.8816935	0.0006301335645471879	-0.0026585205233725985	0.1535344470856902	0.8354327907696901
0.8821880000000001	0.0006301334606565537	-0.002671778970730523	0.1757304809443275	0.7403069215541936
0.8826825	0.0006301333761399348	-0.0026838875423294993	0.19493517563205737	0.6357362292610991
0.8831770000000001	0.0006301333161865823	-0.0026948700710111855	0.21081415352733537	0.525739663614927
0.8836715	0.0006301332812835825	-0.0027047643739497723	0.22308078079208996	0.41711075205416176
0.8841660000000001	0.0006301332674943816	-0.00271362517269026	0.2315050736934233	0.32340193382008275
0.8846605000000001	0.0006301332673606437	-0.0027215242412016224	0.23592290305825428	0.27158467039786993
0.885155	0.0006301332714594469	-0.0027285493982023095	0.23623983037316534	0.2905065639269448
0.8856495000000001	0.0006301332703846568	-0.00273480399795669	0.232433317261694	0.36909484137603066
0.886144	0.0006301332569457592	-0.0027404067287550337	0.2245542143826585	0.4750284903958444
0.8866385000000001	0.0006301332277513709	-0.0027454897113088875	0.21272906979887649	0.5882557700814249
0.8871330000000001	0.0006301331836956803	-0.002750193351001891	0.19715905713784188	0.6991247295359717
0.8876275000000001	0.0006301331295405957	-0.0027546589426005485	0.17811845798890635	0.8025006403157279
0.8881220000000001	0.0006301330725549446	-0.0027590226732324397	0.15594966902656018	0.89503354894209
0.8886165	0.0006301330207012413	-0.0027634138450741415	0.13105185782448162	0.9742883847427505
0.8891110000000001	0.0006301329811097486	-0.0027679562435222976	0.10386365690667891	1.038487121659981
0.8896055	0.0006301329588196794	-0.002772769419721931	0.07485253033928582	1.0863194719090332
0.8901000000000001	0.0006301329556708644	-0.0027779679238506337	0.04450808655074647	1.1168858389996834
0.8905945000000001	0.0006301329698135673	-0.0027836579056701297	0.013336371591020208	1.1297001178704396
0.891089	0.0006301329964123835	-0.0027899315705357244	-0.018143251148981604	1.1245424736049325
0.8915835000000001	0.0006301330291590937	-0.0027968611070328334	-0.0494001030295379	1.1014089127014162
0.892078	0.0006301330616371179	-0.002804493411562117	-0.0798982858831417	1.0606220279852723
0.8925725000000001	0.0006301330886668195	-0.0028128466383945984	-0.10910699149374152	1.002797813660145
0.893067	0.0006301331074050688	-0.0028219102151206474	-0.1365105510752119	0.9287761842009518
0.8935615000000001	0.0006301331175384274	-0.002831648996431703	-0.16162042777915187	0.8396847691843029
0.8940560000000001	0.0006301331204307392	-0.0028420097692491027	-0.18398533273951478	0.7370143461076767
0.8945505	0.0006301331182435985	-0.0028529275086235616	-0.20319930369837794	0.6227838064640511
0.8950450000000001	0.000630133113431119	-0.002864330020054728	-0.21891009459575733	0.49984581680355195
0.8955395	0.0006301331084006968	-0.0028761420816399924	-0.2308300582018319	0.3727675824526653
0.8960340000000001	0.0006301331053055332	-0.0028882911067159233	-0.23874729977609863	0.2513812811696917
0.8965285000000001	0.000630133106120538	-0.002900714111058205	-0.2425308642858303	0.16769373814520241
0.8970230000000001	0.0006301331126649683	-0.00291336330032254	-0.24213170231964992	0.19084834886345034
0.8975175000000001	0.0006301331265340762	-0.002926207374420063	-0.2375778567204204	0.2961013512110464
0.898012	0.0006301331490775571	-0.002939228259587542	-0.2289653441220504	0.4226154257541979
0.8985065000000001	0.0006301331811491742	-0.002952415619174499	-0.21645001319056822	0.5509450967307815
0.899001	0.0006301332226127713	-0.0029657616254009558	-0.2002435464447025	0.6743202683522224
0.8994955000000001	0.00063013327205696	-0.002979257371341121	-0.18061469529209143	0.7890084907213428
0.8999900000000001	0.000630133326954197	-0.0029928912001868854	-0.15788864879236475	0.8923352010892432
0.9004845	0.0006301333839310104	-0.0030066485412005325	-0.13244460314079232	0.9821405525183423
0.9009790000000001	0.0006301334392308303	-0.0030205127306390605	-0.10471275300117446	1.0566172393551843
0.9014735	0.0006301334894126859	-0.0030344659686771767	-0.07516976891966759	1.114450519697482
0.9019680000000001	0.0006301335317546743	-0.0030484886202658983	-0.04432803212586366	1.154785335107635
0.9024625000000001	0.0006301335643182134	-0.003062555434409248	-0.012726114647303138	1.176949926653701
0.9029570000000001	0.0006301335865917623	-0.0030766297010927923	0.019079259285744433	1.1803664662439337
0.9034515000000001	0.0006301336000840063	-0.0030906579973913454	0.05052149187660676	1.1647215953224987
0.903946	0.0006301336076916185	-0.003104567629475769	0.08103826759482091	1.1302521212598504
0.9044405000000001	0.0006301336125843316	-0.0031182669630545404	0.11008636959360786	1.0778843517949264
0.904935	0.0006301336176192413	-0.0031316466130858257	0.13715719624438635	1.0091454860852413
0.9054295000000001	0.0006301336247758743	-0.003144579798428085	0.16179085080470673	0.9257780487626098
0.9059240000000001	0.0006301336342840323	-0.0031569232833604127	0.18358333261817114	0.8294937031355019
0.9064185000000001	0.0006301336446590356	-0.003168521347998016	0.20218513257722717	0.7222303707929743
0.9069130000000001	0.0006301336538643001	-0.0031792129697734645	0.21730037499323818	0.6066591839841522
0.9074075	0.0006301336604529778	-0.0031888408386277034	0.22868609778411314	0.4872462516024982
0.9079020000000001	0.0006301336645144267	-0.003197260207101169	0.23615317024633725	0.3726893162291206
0.9083965	0.0006301336684274299	-0.0032043456766985812	0.23957154088227134	0.2825224470732932
0.9088910000000001	0.0006301336770247845	-0.003209995140615087	0.238876813765924	0.25433369174976334
0.9093855000000001	0.0006301336969109222	-0.003214130696182219	0.23407363181489774	0.3075123779727633
0.90988	0.0006301337349464749	-0.00321669655594917	0.22523660080562252	0.40858613813143496
0.9103745000000001	0.0006301337961518918	-0.003217654576732714	0.2125117172978993	0.5253108457210618
0.910869	0.0006301338816172469	-0.003216979284803581	0.19611559633019945	0.6426799753551966
0.9113635000000001	0.0006301339872938508	-0.0032146551139153436	0.1763326941136053	0.753558725354235
0.9118580000000001	0.0006301341042403535	-0.0032106768193195245	0.15351174419797142	0.853691775887036
0.9123525000000001	0.0006301342199418013	-0.0032050509239472946	0.12806303718083617	0.9399845082950141
0.9128470000000001	0.0006301343202561235	-0.0031977956167854676	0.10044957623265752	1.0101807781483658
0.9133415	0.000630134391550067	-0.0031889383836772407	0.07117168480145454	1.0628935682581104
0.9138360000000001	0.0006301344229224831	-0.003178512501523554	0.04074929568340221	1.0975018490118769
0.9143305	0.0006301344082715266	-0.0031665543262873945	0.009709198019896432	1.1138719652728428
0.9148250000000001	0.0006301343475883903	-0.0031531019808824093	-0.021423287679330282	1.1121248390757519
0.9153195000000001	0.0006301342467928633	-0.003138193872394432	-0.05212898083566125	1.0925374508023702
0.9158140000000001	0.0006301341164591811	-0.0031218658324912367	-0.08189603847363805	1.0555796173422645
0.9163085000000001	0.0006301339697363553	-0.0031041476996299545	-0.11022238514292933	1.0020745909063145
0.916803	0.0006301338200382267	-0.0030850606645069036	-0.13662217116950381	0.9334832766901129
0.9172975000000001	0.000630133679166012	-0.003064616100943053	-0.16063673499664977	0.8520817999791812
0.917792	0.0006301335561725177	-0.0030428164306097985	-0.1818418953712007	0.7612381348519554
0.9182865000000001	0.0006301334565224795	-0.0030196586187295894	-0.1998577436017181	0.6660459670446396
0.9187810000000001	0.0006301333817230571	-0.0029951403896902417	-0.21435713060500197	0.5742842841700118
0.9192755	0.0006301333295799004	-0.0029692687648168866	-0.22507272579643686	0.49757252146158065
0.9197700000000001	0.0006301332952816363	-0.0029420693150949617	-0.23180392856963966	0.4512387839030738
0.9202645	0.0006301332727866994	-0.0029135929667012173	-0.2344253740293362	0.4485362131705635
0.9207590000000001	0.0006301332562857689	-0.002883917709247402	-0.23289363994408288	0.49025705688226445
0.9212535000000001	0.0006301332413220901	-0.002853145740362303	-0.22724938538436407	0.5641955195325695
0.9217480000000001	0.0006301332254031418	-0.0028213993483997596	-0.21761632952537927	0.6552657821536277
0.9222425000000001	0.0006301332081339751	-0.0027888177786938337	-0.20419381757322716	0.7517935585339119
0.922737	0.0006301331907812689	-0.002755554837097535	-0.1872418059740907	0.8460625213057905
0.9232315000000001	0.0006301331756314375	-0.00272177623702676	-0.16706978065533906	0.9330172340255543
0.923726	0.0006301331648001391	-0.0026876558447871245	-0.1440325323318007	1.0093209548653177
0.9242205000000001	0.0006301331592166051	-0.0026533710713501865	-0.11852779981396452	1.0726660285287983
0.9247150000000001	0.0006301331584701343	-0.00261909891544833	-0.0909930752101223	1.121151347353356
0.9252095000000001	0.0006301331611043147	-0.00258501295610137	-0.06190282748116789	1.1532532433480376
0.9257040000000001	0.0006301331646325355	-0.0025512806008490293	-0.03176247922966461	1.1678381510612734
0.9261985	0.0006301331664834394	-0.0025180605682283705	-0.0011000977308761246	1.1641392095133194
0.9266930000000001	0.0006301331650278698	-0.0024855005079595805	0.02954398425624241	1.1417520454368004
0.9271875	0.0006301331597654916	-0.002453734297231535	0.059625317610645934	1.1006074154910916
0.9276820000000001	0.0006301331507527229	-0.0024228783442670726	0.08860351363193003	1.041061576631458
0.9281765000000001	0.0006301331384878302	-0.00239302618766381	0.11595337159574826	0.964097019524382
0.928671	0.0006301331237141917	-0.0023642419818454227	0.14117775714803033	0.8713892061457761
0.9291655000000001	0.0006301331072229982	-0.002336555805173144	0.16382038338916577	0.765061059806332
0.92966	0.0006301330897485122	-0.0023099640209184743	0.1834791519982638	0.6474216479389425
0.9301545000000001	0.0006301330721471139	-0.0022844352251747252	0.1998178760830774	0.5207591382349958
0.9306490000000001	0.0006301330553809762	-0.00225991918543727	0.21257125838793603	0.3872412709445636
0.9311435000000001	0.0006301330405269055	-0.002236355175037624	0.2215425948317162	0.24893484495517146
0.9316380000000001	0.0006301330287820687	-0.0022136778155689295	0.22659854084325703	0.1644823741648814
0.9321325	0.0006301330212545189	-0.002191820944686401	0.2276655062543621	0.15728128602015634
0.9326270000000001	0.0006301330184888493	-0.0021707206083493914	0.22472823234089756	0.18444434552362846
0.9331215	0.0006301330201279438	-0.00215031725436806	0.21783381762545173	0.3162306024368382
0.9336160000000001	0.0006301330248261717	-0.002130556695367684	0.20709523566722565	0.44963409127448684
0.9341105000000001	0.0006301330303241825	-0.0021113897343772938	0.19269081990421863	0.5757653733740521
0.934605	0.0006301330338145664	-0.0020927707208023417	0.17486092224339242	0.6924871300614597
0.9350995000000001	0.0006301330324978834	-0.0020746551686700618	0.15390784689905732	0.797728594497128
0.935594	0.0006301330241035672	-0.0020569964513055448	0.1301920522507788	0.8895447757113248
0.9360885000000001	0.0006301330073950849	-0.002039742072150843	0.1041272053528554	0.9661048820574939
0.936583	0.000630132983206407	-0.0020228306299049895	0.0761757774799229	1.025687487251165
0.9370775000000001	0.000630132954865392	-0.0020061910312842916	0.04684354347185231	1.0669037690756984
0.9375720000000001	0.0006301329277563658	-0.0019897449258064136	0.01666594729446596	1.089021274277182
0.9380665	0.0006301329081940511	-0.0019734106088222163	-0.013807350500188961	1.0920344376506919
0.9385610000000001	0.0006301329023622693	-0.001957104400852397	-0.04402762291144555	1.0764795054914906
0.9390555	0.0006301329148987422	-0.001940737498460658	-0.07346066842133894	1.0432312506925372
0.9395500000000001	0.0006301329471670075	-0.0019242100214029007	-0.10159804827882234	0.9932500090446772
0.9400445000000001	0.0006301329964544187	-0.0019074055101130883	-0.127960863494167	0.9273538242134504
0.9405390000000001	0.0006301330566383421	-0.0018901886756384453	-0.15209955621446436	0.8463575447309386
0.9410335000000001	0.0006301331191669427	-0.0018724069864744669	-0.17359714173699764	0.7512677454496645
0.941528	0.0006301331746020067	-0.0018538947883845708	-0.19207482377425075	0.6434620323350304
0.9420225000000001	0.0006301332147552427	-0.0018344788293261688	-0.207201806254458	0.5248401033791277
0.942517	0.000630133234717192	-0.0018139846113661448	-0.2187015970118121	0.3981601142656045
0.9430115000000001	0.0006301332339894441	-0.0017922432896076434	-0.2263575794673858	0.2687043985813895
0.9435060000000001	0.0006301332167215311	-0.0017690983910863206	-0.23001717332116448	0.2417338938079024
0.9440005	0.0006301331909186669	-0.0017444117530916153	-0.22959535354425947	0.23455716857304051
0.9444950000000001	0.0006301331663910696	-0.0017180690222265622	-0.22507976243699154	0.23955493259715524
0.9449895	0.0006301331521491921	-0.0016899848832413987	-0.21653597252656673	0.3707432726620947
0.9454840000000001	0.0006301331543213053	-0.0016601069656321142	-0.2041095166718181	0.5063002751633205
0.9459785	0.0006301331748232194	-0.0016284166344093087	-0.18802413139771126	0.6356216284269838
0.9464730000000001	0.0006301332109731135	-0.0015949253980502905	-0.1685771156906491	0.7544762838565242
0.9469675000000001	0.0006301332561628637	-0.0015596674761788616	-0.14612795002188955	0.8602966253824623
0.947462	0.0006301333012209521	-0.0015226921341780467	-0.1210839194836233	0.9515840549256913
0.9479565000000001	0.0006301333365129868	-0.0014840600021802642	-0.0938879231579422	1.0272923364289526
0.948451	0.0006301333541736342	-0.0014438437059142468	-0.06501193021830953	1.0864735553672484
0.9489455000000001	0.000630133349822099	-0.0014021296564239866	-0.03495078427240843	1.1282612392025804
0.9494400000000001	0.0006301333230525408	-0.001359018329222431	-0.004217741124002727	1.1518614229983017
0.9499345000000001	0.0006301332772064637	-0.0013146220162044396	0.02665846267936047	1.1567558438672154
0.9504290000000001	0.0006301332181991244	-0.0012690602030210572	0.05714151662365062	1.1430110065958596
0.9509235	0.0006301331531539571	-0.0012224540211127526	0.08670042451749883	1.1112473561492062
0.9514180000000001	0.0006301330890352691	-0.0011749209723549434	0.1148182215618399	1.0626071156387988
0.9519125	0.0006301330316431548	-0.0011265702894545976	0.14099744981383053	0.9988778389523182
0.9524070000000001	0.0006301329847094928	-0.0010774996232397053	0.16476770042332617	0.9226739213984261
0.9529015000000001	0.0006301329497287049	-0.0010277937480840976	0.1856958758524662	0.8376272961821544
0.953396	0.0006301329261866901	-0.000977524885538584	0.20339644479428604	0.7488377011565555
0.9538905000000001	0.000630132912235936	-0.0009267534840559947	0.21754357409380037	0.66370336600663
0.954385	0.0006301329054064057	-0.0008755291071858454	0.22788194361646052	0.5928205967174239
0.9548795000000001	0.0006301329032718998	-0.0008238927510205365	0.23423363368345068	0.5493814266013922
0.9553740000000001	0.0006301329039004027	-0.000771882397023518	0.23649903157023097	0.5443699501112514
0.9558685000000001	0.0006301329061314154	-0.0007195418695926692	0.234653964719026	0.5790295957715242
0.9563630000000001	0.0006301329095065724	-0.0006669301733600102	0.22874287845250016	0.6438913559376285
0.9568575	0.000630132913865786	-0.0006141268621584607	0.21887325197767757	0.7262216021252937
0.9573520000000001	0.0006301329190075494	-0.0005612312395666592	0.20521233894984542	0.8156537166473008
0.9578465	0.0006301329244074439	-0.0005083573248682413	0.18798754849171817	0.9049245488391464
0.9583410000000001	0.0006301329293892813	-0.0004556278840895972	0.1674853798285648	0.9889742840798125
0.9588355000000001	0.0006301329333455136	-0.0004031695439644673	0.1440484641963231	1.0641184487483608
0.9593300000000001	0.0006301329359705751	-0.0003511095363418522	0.11806927038888552	1.1275181554990188
0.9598245000000001	0.000630132937252531	-0.00029957366985527197	0.0899843394292466	1.1769117659023438
0.960319	0.0006301329377369812	-0.00024868494620251515	0.06026743739277929	1.2105170556782499
0.9608135000000001	0.0006301329381831514	-0.00019856248296530607	0.029424290570136725	1.2267532575810987
0.961308	0.0006301329391280769	-0.00014932004517718286	-0.0020104027108074443	1.2243000736304743
0.9618025000000001	0.0006301329406231176	-0.00010106335326842155	-0.033481213648240186	1.2025167216589538
0.9622970000000001	0.0006301329424544724	-5.388643101949795e-5	-0.06442772484960699	1.1615268602570212
0.9627915	0.0006301329440199048	-7.868260414334682e-6	-0.09429924532308792	1.1020246165916203
0.9632860000000001	0.0006301329445305856	3.6929042308347863e-5	-0.1225680479950911	1.025098783356513
0.9637805	0.0006301329433305019	8.046071945536078e-5	-0.14874231341691388	0.9321251675498403
0.9642750000000001	0.0006301329403241281	0.00012270058381726455	-0.17237540643318705	0.8247532135945829
0.9647695000000001	0.0006301329361309591	0.00016364476820996396	-0.1930691353813189	0.7049313239471484
0.9652640000000001	0.0006301329323261169	0.00020331647172022762	-0.21047313779316038	0.5749063534614007
0.9657585000000001	0.0006301329311328149	0.00024176770068895894	-0.2242900573227821	0.4370478955166209
0.966253	0.0006301329348940497	0.0002790755695917295	-0.23427933267195147	0.29367934974950605
0.9667475000000001	0.000630132945518577	0.00031533386265300344	-0.24026297650394843	0.23268639560229068
0.967242	0.0006301329639040777	0.0003506428202606705	-0.2421304692822095	0.22033114327810363
0.9677365000000001	0.000630132989056084	0.0003851000122881558	-0.23984161219924105	0.23907755990601962
0.9682310000000001	0.0006301330175550937	0.000418793575596465	-0.23342439110011692	0.29821405472898516
0.9687255000000001	0.000630133043666339	0.0004517981798278271	-0.22297463994438907	0.4383253379808774
0.9692200000000001	0.0006301330601147228	0.0004841737228392094	-0.2086573658443903	0.5713788360057029
0.9697145	0.0006301330597100409	0.0005159664599333614	-0.1907083418103471	0.6948447018496202
0.9702090000000001	0.0006301330371320013	0.0005472118246891618	-0.16943510957366126	0.8062466227733358
0.9707035	0.0006301329901720184	0.000577937271221327	-0.1452133629462796	0.9033290426997836
0.9711980000000001	0.0006301329204634698	0.0006081638904977264	-0.11847780190314348	0.9842927306861117
0.9716925000000001	0.0006301328339223622	0.0006379077073389117	-0.08970757972373346	1.0478655999194455
0.972187	0.0006301327402572668	0.0006671822827136923	-0.059413035265289994	1.0932004759598495
0.9726815000000001	0.0006301326513143422	0.0006960027617700445	-0.028124328447722453	1.1197748976479986
0.973176	0.0006301325786402233	0.0007243897221269879	0.003617814922196521	1.1273233646500578
0.9736705000000001	0.0006301325314032821	0.0007523705137076603	0.035270060081569424	1.1158269347560419
0.9741650000000001	0.0006301325145940098	0.0007799775134488639	0.06629200822169141	1.085532749856105
0.9746595000000001	0.0006301325280627715	0.0008072460358812244	0.09615167553509721	1.0370582325876045
0.9751540000000001	0.0006301325668305288	0.0008342153239447433	0.12433598229052249	0.9714682191178812
0.9756485	0.0006301326224819602	0.0008609328916182958	0.15036306631351046	0.8901590451205609
0.9761430000000001	0.0006301326848136967	0.0008874599427625659	0.17378962171529003	0.7946509907123003
0.9766375	0.0006301327435580787	0.0009138758441046037	0.1942146580754076	0.6865712908920603
0.9771320000000001	0.0006301327902960701	0.0009402804618421466	0.2112852714123754	0.5677491467980493
0.9776265000000001	0.0006301328201717242	0.000966793548175198	0.2247017639739126	0.4403886183802217
0.9781210000000001	0.0006301328321848432	0.000993550801932486	0.2342233950877643	0.3080608042768795
0.9786155000000001	0.0006301328287737927	0.0010206969215361575	0.23967857643784177	0.2560714287458374
0.97911	0.0006301328148767241	0.001048376572765417	0.24097428153165684	0.24065865063582326
0.9796045000000001	0.0006301327967295444	0.0010767252530848564	0.23809851388292724	0.23935653425978187
0.980099	0.0006301327804590416	0.0011058627585420497	0.23111784135631502	0.3184875817901806
0.9805935000000001	0.0006301327708346069	0.0011358898484848683	0.22017208289292664	0.45387286477358096
0.9810880000000001	0.0006301327704791075	0.0011668860357353862	0.20546703751699022	0.5850108917681627
0.9815825	0.0006301327796922925	0.0011989070361914094	0.18726759645151148	0.7080199504640449
0.9820770000000001	0.0006301327969569204	0.0012319828789288882	0.1658938052873681	0.8200698419757876
0.9825715	0.0006301328197047468	0.001266118587665839	0.1417177965086731	0.9187579333747765
0.9830660000000001	0.0006301328449802291	0.0013012983803407322	0.11515824272151945	1.0021750723670144
0.9835605000000001	0.0006301328699692218	0.0013374920988578013	0.08667410016162412	1.0689828745656393
0.9840550000000001	0.000630132892740372	0.001374660444561225	0.05675691569189103	1.1183692063092936
0.9845495000000001	0.0006301329125650333	0.00141275711872107	0.025918759355455567	1.1499266886770274
0.985044	0.0006301329297774282	0.0014517289625712293	-0.005315922354512535	1.1634556078008056
0.9855385000000001	0.0006301329452553961	0.0014915153872315015	-0.036414530104536796	1.1588433110041712
0.986033	0.0006301329599558249	0.0015320477468078759	-0.06684004265497126	1.136133705455068
0.9865275000000001	0.0006301329743215673	0.0015732494017369415	-0.09605919540401486	1.0957317888361378
0.9870220000000001	0.0006301329882446838	0.001615037357181617	-0.12355477039806262	1.0385847926404876
0.9875165000000001	0.0006301330012812061	0.001657326286828472	-0.14883883683976235	0.9664331043195773
0.9880110000000001	0.0006301330129766718	0.0017000346533583017	-0.1714653508988306	0.8822145589921997
0.9885055	0.0006301330230031026	0.0017430908303170513	-0.1910422370295376	0.7903355647483133
0.9890000000000001	0.0006301330314085876	0.0017864363049071895	-0.20723657243676266	0.6967879949565967
0.9894945	0.0006301330387560898	0.0018300245200032492	-0.21977619617707708	0.6095914000980067
0.9899890000000001	0.0006301330460072706	0.001873816687578115	-0.22845038168962029	0.5395881761603795
0.9904835000000001	0.0006301330540786776	0.0019177773693017472	-0.23311488906755215	0.5001695591172916
0.990978	0.0006301330634360146	0.0019618710149847092	-0.23369370699873282	0.5021818030449815
0.9914725000000001	0.0006301330740526977	0.0020060580015026923	-0.23018150723862912	0.545651610983569
0.991967	0.0006301330856617979	0.002050288870655265	-0.22264541124937776	0.619511379737241
0.9924615000000001	0.0006301330982974177	0.0020944975895167365	-0.21122389168752373	0.7096899581732953
0.9929560000000001	0.0006301331127890802	0.002138596241258743	-0.19611979179798095	0.8048751629364281
0.9934505000000001	0.0006301331310129921	0.0021824730875489072	-0.17759510700814252	0.8972885198410212
0.9939450000000001	0.0006301331556887274	0.002225994098748297	-0.15596851234348613	0.981611403842731
0.9944395	0.0006301331898744365	0.0022690070474508145	-0.13161290638116874	1.0539798174391635
0.9949340000000001	0.0006301332359283534	0.0023113475953367014	-0.10495518141883783	1.1116324343446515
0.9954285	0.0006301332946110243	0.0023528466070372677	-0.07647171594982949	1.152683697401717
0.9959230000000001	0.000630133364353388	0.0023933370764969127	-0.046677487866078796	1.1760481131084168
0.9964175000000001	0.0006301334410461181	0.002432658776718485	-0.01611073448303349	1.1811745073408095
0.9969120000000001	0.0006301335182363033	0.0024706594163751328	0.014679070094616197	1.1677149081694096
0.9974065000000001	0.0006301335882057273	0.0025071933974758483	0.045142874657760824	1.13544292846602
0.997901	0.0006301336435010512	0.0025421214408591383	0.0747424416969527	1.084470282150451
0.9983955000000001	0.0006301336786134679	0.0025753136209990704	0.10295811196806978	1.015458568731394
0.9988900000000001	0.0006301336911278963	0.0026066551822629546	0.1292945154899256	0.9296355817797134
0.9993845000000001	0.0006301336822867387	0.002636052456541063	0.15328979262021256	0.8287474518098211
0.9998790000000001	0.0006301336568557187	0.002663436691357496	0.1745267755486367	0.7148438863132552
1.0003735	0.0006301336225217767	0.002688765890249486	0.19264090442334436	0.5902522545859268
1.000868	0.0006301335886569251	0.002712026295603491	0.2073253362896735	0.4577463334323
1.0013625000000002	0.00063013356445946	0.002733233992850781	0.21833419228912662	0.3209814336199583
1.001857	0.0006301335566905458	0.0027524354702155368	0.22548301668050294	0.1870447505992203
1.0023515	0.0006301335678832533	0.002769705750393033	0.2286483381396012	0.15131502450364512
1.0028460000000001	0.0006301335955450436	0.0027851438695490572	0.22776937801760763	0.16388336973696785
1.0033405000000002	0.0006301336326748849	0.002798866527605531	0.22285428787187117	0.2859973595679792
1.003835	0.0006301336691485936	0.002811000258579604	0.21398680650218002	0.4176333709954496
1.0043295	0.0006301336936209137	0.0028216722358954996	0.2013257432920833	0.5442453790823943
1.0048240000000002	0.0006301336957482545	0.0028310016096941087	0.18510038786065164	0.6625209043025475
1.0053185	0.0006301336685059967	0.002839094117632433	0.16560438628301385	0.7702838483114997
1.005813	0.0006301336100985474	0.002846041535004239	0.1431870456112601	0.8657395462015877
1.0063075000000001	0.0006301335245479173	0.002851925980904499	0.11824645652612095	0.9471168687023361
1.006802	0.0006301334209185584	0.002856826291257749	0.09122432017107616	1.0127126497766006
1.0072965	0.0006301333113125348	0.0028608220943593956	0.06259947666384537	1.0611956711347856
1.007791	0.0006301332080828826	0.002863994188456778	0.03287887763583812	1.0917450102862987
1.0082855000000002	0.0006301331213962909	0.00286642352393114	0.0025879822939561922	1.1039818240763384
1.00878	0.0006301330577606923	0.0028681910912778433	-0.027739735674185174	1.097958444962958
1.0092745	0.0006301330194158712	0.002869379050267944	-0.057576201183714884	1.0740830802954928
1.0097690000000001	0.0006301330044330331	0.0028700722697048778	-0.08640726769834549	1.0329468526222003
1.0102635	0.0006301330075095823	0.002870359177516079	-0.11373584277567879	0.9753599630861169
1.010758	0.0006301330216811104	0.002870331769202853	-0.13908652650331144	0.9024663774227841
1.0112525	0.0006301330401386851	0.0028700857007327566	-0.16201165880312582	0.8157906960843734
1.0117470000000002	0.0006301330574053684	0.0028697208778420183	-0.1820983676504492	0.7174242006719016
1.0122415	0.0006301330701128092	0.0028693421980356846	-0.1989789579254495	0.6104237459102856
1.012736	0.0006301330772497328	0.0028690605473495625	-0.21234380943932032	0.49937193842762095
1.0132305000000001	0.0006301330798226692	0.0028689946930501365	-0.22194966608356867	0.39152434197153846
1.013725	0.0006301330799624828	0.00286927350958858	-0.22762116605581004	0.30047556767761885
1.0142195	0.000630133080071739	0.0028700360680331723	-0.22925154073730117	0.2528370330912742
1.0147140000000001	0.0006301330822845074	0.002871427132075215	-0.22680479378858528	0.27527120499266927
1.0152085000000002	0.00063013308813693	0.002873587705468078	-0.2203181053532917	0.3543587143099949
1.015703	0.0006301330985026428	0.0028766429959208675	-0.20990185953335344	0.4593580235026545
1.0161975	0.0006301331136050877	0.0028806921258439882	-0.19573909904733441	0.5719548446494424
1.0166920000000002	0.0006301331329383653	0.002885803053649091	-0.17808197451516203	0.6828154941473203
1.0171865	0.000630133155443786	0.002892012036924608	-0.15724445189244435	0.7866158742419611
1.017681	0.0006301331798022992	0.0028993248074297984	-0.13359290045807867	0.8799415677234262
1.0181755000000001	0.0006301332046211097	0.0029077180401961378	-0.1075365646904541	0.9603289573916873
1.0186700000000002	0.0006301332284818755	0.0029171412720730844	-0.07952194304016699	1.0258260031248791
1.0191645	0.000630133249998325	0.0029275198461928345	-0.05002757305517889	1.0748005644620342
1.019659	0.0006301332679391788	0.002938758940545429	-0.019561861681029843	1.1059236789148783
1.0201535000000002	0.0006301332813598867	0.0029507480993487523	0.01134220662374276	1.1182734443979876
1.020648	0.0006301332895611394	0.0029633658170580444	0.04213650009442067	1.111487360278682
1.0211425	0.0006301332921940588	0.0029764840917645688	0.07227249462245396	1.0858398202072521
1.0216370000000001	0.000630133289431466	0.0029899721523485986	0.1012117959481373	1.04214611904361
1.0221315	0.0006301332819822067	0.003003698417349421	0.12843799466045625	0.981716191725503
1.022626	0.0006301332710858339	0.0030175304030160676	0.1534655656252843	0.9061030012414584
1.0231205	0.0006301332586470115	0.0030313338162390553	0.1758458124896406	0.8170565407796285
1.0236150000000002	0.0006301332470434328	0.0030449738002297183	0.1951743901308929	0.716963150233757
1.0241095	0.0006301332383725991	0.003058320291621533	0.21110374107255467	0.6096378092654318
1.024604	0.000630133233679571	0.003071256234190581	0.22335272574996964	0.5015923218258311
1.0250985000000001	0.000630133232728694	0.0030836848230393118	0.23171049515321948	0.40445275992650587
1.025593	0.0006301332341730627	0.0030955321109441773	0.23603827565909183	0.33849240843884515
1.0260875	0.0006301332361924635	0.0031067442382725434	0.23626983745349153	0.32871597723316953
1.026582	0.0006301332375908468	0.0031172816034250503	0.23240721054168206	0.3798125372470373
1.0270765000000002	0.0006301332387620822	0.003127112628253469	0.2245153302572278	0.46972332579060655
1.027571	0.000630133242437386	0.0031362080148676147	0.21272198014415492	0.5761471913247169
1.0280655	0.0006301332537304828	0.0031445355070634164	0.19721913637681499	0.685844932640915
1.0285600000000001	0.0006301332793274383	0.003152055455122934	0.17826424683274802	0.7911911841871904
1.0290545	0.0006301333258934679	0.0031587174490192173	0.1561787487082572	0.8872625251174766
1.029549	0.0006301333980358466	0.003164458328740315	0.1313425203463971	0.9706362627932579
1.0300435000000001	0.0006301334965619784	0.003169201528505758	0.10418534953027497	1.038821917758088
1.0305380000000002	0.0006301336173924227	0.0031728575932745	0.07517702210203198	1.08991209213756
1.0310325	0.0006301337514977966	0.0031753269049938225	0.04482012851584179	1.1225023505836742
1.031527	0.0006301338862062675	0.0031765054625939545	0.01364393880661928	1.1357631136913566
1.0320215000000001	0.0006301340074684478	0.003176292540629456	-0.017804256852184487	1.12947881194143
1.032516	0.0006301341023197864	0.0031745975831756626	-0.04897053469436061	1.1040123243016888
1.0330105	0.0006301341609468924	0.0031713434976009046	-0.07930850712481206	1.0601527946916272
1.0335050000000001	0.0006301341781731137	0.0031664653605825246	-0.10829303694793896	0.9989877675359633
1.0339995000000002	0.0006301341543044583	0.003159906984481964	-0.1354313408906538	0.9219128989271252
1.034494	0.0006301340951447059	0.0031516194299390874	-0.16026863789633072	0.8307176294966607
1.0349885	0.0006301340109772877	0.0031415633433895173	-0.18239030521991245	0.7277751340610233
1.0354830000000002	0.000630133914532824	0.003129713647579353	-0.20142493421764762	0.6163526787505527
1.0359775	0.000630133818560838	0.003116064224243898	-0.2170473973715506	0.5013499473018826
1.036472	0.0006301337336679328	0.0031006314603691998	-0.2289815848126911	0.39148865660434
1.0369665000000001	0.0006301336668687145	0.0030834561867881497	-0.2370075189370425	0.3047825994939416
1.0374610000000002	0.0006301336208873444	0.003064603553634908	-0.2409722843397273	0.27353875899326996
1.0379555	0.000630133594153438	0.003044161010871903	-0.2407945263207004	0.3170553873798203
1.03845	0.0006301335814597104	0.003022234646257809	-0.23646384681528881	0.4104152401871021
1.0389445000000002	0.0006301335753812923	0.0029989441696051835	-0.22804196326455395	0.523739496735187
1.039439	0.0006301335682125646	0.0029744176298006804	-0.21566284033859376	0.6412240913528141
1.0399335	0.0006301335538117814	0.0029487860762648925	-0.19953228757158112	0.7548236574434511
1.0404280000000001	0.000630133528873026	0.0029221769409189463	-0.17992780375818423	0.8598433075351092
1.0409225	0.0006301334933209908	0.00289470606679886	-0.15719645684576136	0.953353230557684
1.041417	0.0006301334499494509	0.0028664706078245193	-0.13174539290206996	1.0335416434881635
1.0419115	0.0006301334033416227	0.0028375456518100832	-0.10402792916029946	1.0992399195290856
1.0424060000000002	0.0006301333585552831	0.002807986242062833	-0.07453042427411603	1.1495194047607653
1.0429005	0.000630133319717345	0.0027778339462931523	-0.04376133733966518	1.1834403659258734
1.043395	0.0006301332889889605	0.0027471242259711147	-0.012243753677637184	1.200217298677924
1.0438895000000001	0.0006301332659283069	0.002715891136080411	0.019490090153264986	1.1993538322135393
1.044384	0.0006301332479814292	0.0026841691978536364	0.05090201479370965	1.1807052763881773
1.0448785	0.0006301332315717143	0.002651993993487211	0.08145495371738246	1.1445256178179197
1.045373	0.0006301332135176547	0.002619402404083889	0.1106202042692323	1.091545770367965
1.0458675000000002	0.0006301331918860344	0.002586432887023968	0.1378883861107122	1.0231210316697128
1.046362	0.0006301331664638316	0.0025531261970146396	0.16278077305089933	0.941312878279494
1.0468565	0.000630133138396173	0.002519527130127956	0.18485984193157465	0.8488658947122479
1.0473510000000001	0.0006301331095249237	0.002485687279462425	0.20373639042324906	0.7492631522869545
1.0478455	0.0006301330816639543	0.0024516678911661047	0.21907388970147124	0.6472657871583852
1.04834	0.0006301330563553318	0.002417541861907685	0.2305967045019177	0.5500499006770888
1.0488345000000001	0.0006301330347037852	0.0023833942091037465	0.23810106265876937	0.4689204397669442
1.0493290000000002	0.0006301330173664996	0.002349321491532905	0.24146319821444115	0.41961530926570423
1.0498235	0.0006301330045412512	0.00231543175246188	0.24064091348587735	0.4156231060260832
1.050318	0.0006301329960545219	0.002281844933825672	0.23567249359023146	0.4560058707175932
1.0508125000000001	0.0006301329914291304	0.00224869136753385	0.2266695773279206	0.5263778845249715
1.051307	0.0006301329899583402	0.002216106158026838	0.21380776710288601	0.6117086522568862
1.0518015	0.0006301329906484777	0.0021842195798751664	0.19731791942392232	0.7020209188071994
1.0522960000000001	0.0006301329919477894	0.002153146305427005	0.17748575158763025	0.7911066267888794
1.0527905000000002	0.0006301329918257723	0.0021229769833633113	0.15464928464616126	0.874612474373357
1.053285	0.0006301329881096719	0.002093773856948361	0.12919554068449587	0.9490809330466552
1.0537795	0.0006301329788947262	0.002065569870212978	0.10155805867047273	1.0116192295364377
1.0542740000000002	0.0006301329627179452	0.00203837024200746	0.07221201966891592	1.0598633865416918
1.0547685	0.0006301329388828186	0.0020121559961675194	0.041664219319831775	1.0920063047286135
1.055263	0.0006301329077248387	0.0019868886300792483	0.010443957092111213	1.1067518902255673
1.0557575000000001	0.0006301328709133943	0.0019625144763278746	-0.02090497288358192	1.1032831862169779
1.0562520000000002	0.0006301328315848765	0.001938967580249068	-0.05183209766097778	1.081225058830824
1.0567465	0.000630132794194876	0.0019161711921670012	-0.0817891575825932	1.0406211826719711
1.057241	0.0006301327637648217	0.0018940391420024653	-0.11024135450103119	0.9820536027393549
1.0577355000000002	0.0006301327447242738	0.0018724783579302973	-0.13668387132789891	0.906797945774145
1.05823	0.000630132739815793	0.0018513923500721873	-0.16065744584985303	0.8167808737639316
1.0587245	0.0006301327494847438	0.0018306839907005566	-0.18175836543946416	0.7143714035172057
1.0592190000000001	0.0006301327713306869	0.0018102562513096286	-0.19964132019381858	0.6021928627026718
1.0597135	0.0006301328001717909	0.001790011776690204	-0.2140194971340969	0.48330138584273763
1.060208	0.0006301328289564745	0.0017698538910293409	-0.22466377670627333	0.36229536474901014
1.0607025	0.0006301328504574511	0.0017496903670006652	-0.23140145253842345	0.30092122266479043
1.0611970000000002	0.0006301328590355506	0.0017294386876959525	-0.23411832720361725	0.30574406764689954
1.0616915	0.0006301328520123973	0.0017090300139385034	-0.23276391524225284	0.31304542759665105
1.062186	0.0006301328307394406	0.0016884097619801243	-0.22735588577838836	0.32206919654755845
1.0626805000000001	0.0006301328008237356	0.0016675350408429544	-0.2179809923517651	0.42609250494342915
1.063175	0.0006301327711906111	0.0016463697550063194	-0.20479433590635363	0.5492122070087517
1.0636695	0.0006301327523022144	0.0016248775613678691	-0.18801943826138362	0.6669367126003029
1.064164	0.0006301327536205564	0.0016030139203028313	-0.1679456359473024	0.7750311128546895
1.0646585000000002	0.0006301327810780397	0.0015807195399304256	-0.14492404961291327	0.8704088037581005
1.065153	0.0006301328357891214	0.0015579168798290736	-0.1193654145200581	0.9504974850385687
1.0656475	0.0006301329138477999	0.0015345105218055447	-0.09173606207797681	1.0133011695431
1.0661420000000001	0.0006301330071580867	0.001510390580527248	-0.0625447564320142	1.057560006139668
1.0666365	0.0006301331046246285	0.0014854364267094643	-0.032325359072214684	1.0826593070656156
1.067131	0.0006301331942685335	0.0014595193114852096	-0.0016210845775919004	1.088526495149575
1.0676255000000001	0.000630133265534835	0.0014325052176088267	0.029028710736558605	1.0755591099910544
1.0681200000000002	0.0006301333110243057	0.0014042597332971428	0.059096468956115	1.0445409460310229
1.0686145	0.0006301333275143975	0.0013746547686451327	0.08807007572797992	0.9965258110899401
1.069109	0.0006301333163507886	0.0013435749824440406	0.11545473287525622	0.9328689800204382
1.0696035000000002	0.0006301332824635198	0.0013109216723010818	0.14077979612528949	0.8553397745978764
1.070098	0.0006301332328498353	0.0012766135334825227	0.16360479901054487	0.7663465761295225
1.0705925	0.0006301331751544767	0.0012405860744618454	0.18352666136711246	0.6695432127438644
1.0710870000000001	0.0006301331167670498	0.0012027917937417216	0.2001897125150989	0.5707590920348777
1.0715815000000002	0.0006301330637615474	0.001163201565547621	0.21329288385196446	0.4796528675611653
1.072076	0.0006301330200956652	0.0011218069709592196	0.2225941957839009	0.41229028482998775
1.0725705	0.0006301329872579405	0.0010786238605220051	0.2279163504729836	0.38973713546777544
1.0730650000000002	0.0006301329645862985	0.0010336969944530715	0.2291542659480928	0.4226205485055109
1.0735595	0.0006301329499763715	0.00098710379009224	0.226280984395232	0.49867336091572745
1.074054	0.0006301329407410806	0.0009389544797088841	0.21935243095961718	0.5972547154137261
1.0745485000000001	0.0006301329344391954	0.0008893876034949755	0.2085077583723255	0.7030713958335075
1.0750430000000002	0.0006301329294063602	0.000838561757245763	0.19396550049484215	0.8072445611915193
1.0755375	0.0006301329249803665	0.0007866463001025796	0.17601009964774347	0.9047597590156657
1.076032	0.0006301329211946078	0.0007338142736609387	0.1549779011204255	0.9923162457129407
1.0765265000000002	0.0006301329184321453	0.0006802378360802073	0.13124695117276255	1.067497806470962
1.077021	0.0006301329168518037	0.0006260839456519454	0.10523291134913378	1.1286167989607325
1.0775155	0.0006301329160426288	0.0005715091102696182	0.07738430736897677	1.1746901708766941
1.0780100000000001	0.0006301329148078144	0.0005166545440711092	0.04817814952227164	1.2052215111336837
1.0785045	0.0006301329118197101	0.0004616440261511956	0.01811600883811557	1.2199084249913685
1.078999	0.0006301329060792323	0.00040658538971489577	-0.012282632117716531	1.218519381357461
1.0794935	0.0006301328973818083	0.0003515745868430654	-0.04248931282733711	1.2009559758642907
1.0799880000000002	0.0006301328862536896	0.0002967005669584057	-0.07197517872084161	1.167330927516527
1.0804825	0.0006301328739612194	0.00024204974952809062	-0.10021720549693275	1.1180227174387272
1.080977	0.000630132861906323	0.00018770924641424148	-0.12670750056807967	1.0537946636980147
1.0814715000000001	0.0006301328513565911	0.00013376801905243333	-0.15096309665716937	0.9759903213467854
1.081966	0.0006301328431230565	8.03153136533127e-5	-0.17253718372493684	0.8870091251112046
1.0824605	0.0006301328376598224	2.743710111705634e-5	-0.19103372706375318	0.790864776245974
1.0829550000000001	0.000630132835107318	-2.478647462242109e-5	-0.20612185165026112	0.693283837750256
1.0834495000000002	0.0006301328356276531	-7.627999030125377e-5	-0.21754255964799388	0.6018558631965741
1.083944	0.0006301328396405419	-0.00012696822553402283	-0.22511071817117734	0.5262254860020401
1.0844385	0.000630132848176018	-0.0001767708306918731	-0.22871222501947872	0.4775200124987484
1.0849330000000001	0.0006301328628766105	-0.00022559950552656955	-0.2282982365248692	0.4652934483819184
1.0854275	0.0006301328855572104	-0.0002733592435284084	-0.2238794554778249	0.49159485904897304
1.085922	0.000630132917508014	-0.0003199518860100932	-0.21552784821024634	0.5486170638555856
1.0864165000000001	0.0006301329586419601	-0.0003652792273018635	-0.20337861006824	0.6241325385282053
1.0869110000000002	0.0006301330068439774	-0.000409245478019805	-0.18762902073758395	0.7075050124747887
1.0874055	0.0006301330576405639	-0.000451760741641384	-0.16853577570962083	0.7911623463498682
1.0879	0.000630133104419863	-0.0004927464146424016	-0.14641432606597077	0.8699790411004977
1.0883945000000002	0.0006301331391902348	-0.0005321420176543129	-0.12163530585571333	0.9404205292369004
1.088889	0.0006301331543331391	-0.0005699119925274376	-0.09462027051588712	0.9997882070088037
1.0893835	0.0006301331443550008	-0.000606051213610404	-0.06583750053030132	1.0458220887969774
1.0898780000000001	0.0006301331075939147	-0.0006405885972255861	-0.035797267511237706	1.0765611171004907
1.0903725000000002	0.000630133047006711	-0.0006735875847479864	-0.005043537387550241	1.090403937932498
1.090867	0.0006301329698611544	-0.0007051420430438013	0.02586125164289935	1.0863012360892386
1.0913615	0.0006301328862469537	-0.0007353682763782185	0.056353635951399354	1.0638912143840018
1.0918560000000002	0.0006301328075823016	-0.0007643959755715582	0.08588479708424043	1.0235934813777288
1.0923505	0.0006301327445788392	-0.0007923615865543648	0.11393503923316971	0.9664537974160773
1.092845	0.0006301327048623897	-0.0008194060198304619	0.14002110108525845	0.8937848178461801
1.0933395000000001	0.0006301326911908572	-0.0008456752035542933	0.16369859346606858	0.8069301600225123
1.0938340000000002	0.0006301327013904482	-0.0008713199492454115	0.18456300920683877	0.7073538441229215
1.0943285	0.0006301327292259075	-0.0008964927022822608	0.20225416576417538	0.5970411104022743
1.094823	0.000630132765761061	-0.0009213422129720506	0.2164614047007712	0.4789884722237688
1.0953175000000002	0.000630132801193234	-0.0009460089426234319	0.22692930335466185	0.358295909325475
1.095812	0.0006301328271518651	-0.0009706223034722042	0.23346333762748706	0.3074499294219352
1.0963065	0.0006301328382420806	-0.0009952988238548825	0.23593325882530808	0.3080464778998042
1.0968010000000001	0.0006301328330217357	-0.0010201402988651049	0.23427443422744923	0.31590295842006705
1.0972955	0.0006301328141515161	-0.0010452316887602116	0.22849249765196178	0.32490314813987753
1.09779	0.0006301327873457153	-0.0010706392747272548	0.21866920965720493	0.4367337426065619
1.0982845	0.0006301327598711197	-0.0010964099039017907	0.20496381680578113	0.5614142810585732
1.0987790000000002	0.0006301327388481757	-0.001122571398912477	0.18761403787697828	0.680167092277009
1.0992735	0.0006301327297827324	-0.0011491345190560846	0.16693439217403416	0.7885971325812914
1.099768	0.000630132735358385	-0.0011760982021987577	0.14330701681206498	0.8837212555603567
1.1002625000000001	0.0006301327552131302	-0.0012034585687636294	0.11716437149970586	0.9635030140282917
1.100757	0.0006301327863776774	-0.0012312190001363206	0.08897495113421425	1.0265445250131398
1.1012515	0.0006301328241100495	-0.0012593974920905085	0.05923201518744389	1.0719194764120596
1.1017460000000001	0.0006301328627671143	-0.0012880285947040988	0.028445246931757682	1.0990578638331874
1.1022405000000002	0.000630132897338357	-0.0013171599567632555	-0.0028646485654756342	1.1076629108139653
1.102735	0.0006301329243941352	-0.0013468466587476823	-0.034170017846112684	1.0976666429380244
1.1032295	0.0006301329423644196	-0.0013771469941667187	-0.06494167239851135	1.0693227532459908
1.1037240000000001	0.0006301329512922737	-0.001408120364555518	-0.09465844157812256	1.0232769031164257
1.1042185	0.0006301329528781622	-0.0014398253870550413	-0.12281459548193552	0.9605766533864305
1.104713	0.0006301329499193676	-0.0014723168267541077	-0.14892663599717715	0.8826876585086716
1.1052075000000001	0.0006301329453618841	-0.0015056419932018372	-0.17253813252521785	0.7916443572100031
1.1057020000000002	0.0006301329414713205	-0.001539837879248878	-0.19322750110922954	0.6904631577352944
1.1061965	0.0006301329397942471	-0.0015749290946158862	-0.21061737905578382	0.5838632309520312
1.106691	0.0006301329411311115	-0.001610926348713807	-0.22438585294298197	0.47982182656063965
1.1071855000000002	0.0006301329456473635	-0.0016478257377103196	-0.2342782794712516	0.3927090135479504
1.10768	0.0006301329530691746	-0.0016856088357527616	-0.24011807462768947	0.3461136514527326
1.1081745	0.0006301329629944593	-0.0017242431600197367	-0.24181035542631538	0.36165253837555134
1.1086690000000001	0.0006301329749556284	-0.0017636819088124572	-0.23934128955573214	0.4333159537766435
1.1091635000000002	0.0006301329884817731	-0.0018038613149336648	-0.2327719846583097	0.5362380263751156
1.109658	0.0006301330031002135	-0.001844696067970509	-0.22222884040298369	0.6506281872480154
1.1101525	0.0006301330181648832	-0.0018860763236832113	-0.20789678148741897	0.7649529501086882
1.1106470000000002	0.0006301330330349619	-0.001927869561808649	-0.19001877087688343	0.8725093077546484
1.1111415	0.0006301330471576222	-0.001969927780814395	-0.1688941936907004	0.9694049750993992
1.111636	0.0006301330602688198	-0.0020120976872727166	-0.14487447119296776	1.053426596538832
1.1121305000000001	0.0006301330726386801	-0.0020542301002377705	-0.11835813076502605	1.123057382572601
1.1126250000000002	0.0006301330854579785	-0.0020961862846416595	-0.08978671346014269	1.1770111742653124
1.1131195	0.0006301331002872211	-0.0021378417683914604	-0.05963827999853068	1.2143088470152557
1.113614	0.000630133118642005	-0.002179089021489875	-0.02842103372430971	1.2341800367113678
1.1141085000000002	0.0006301331417967389	-0.0022198390219999994	0.003328173130482464	1.236008482195998
1.114603	0.0006301331706839628	-0.0022600208331982016	0.03505107512121132	1.2194405936718125
1.1150975	0.0006301332052417611	-0.0022995794283440694	0.06618030314818976	1.1845596266811071
1.1155920000000001	0.0006301332443163499	-0.0023384728314521175	0.09615462165686248	1.1320532165214334
1.1160865	0.000630133285727615	-0.002376668762472537	0.12443465078348838	1.0632654097828476
1.116581	0.0006301333267131591	-0.0024141403456532412	0.15051946187927137	0.9801261598809173
1.1170755	0.000630133364319538	-0.002450861100003694	0.17395890578352463	0.8849257084409602
1.1175700000000002	0.0006301333962714091	-0.0024868005120627108	0.19435941223617528	0.7802247514163236
1.1180645	0.0006301334218100837	-0.0025219220904229155	0.21138489380386194	0.6692163430385676
1.118559	0.0006301334423833547	-0.00255618492229475	0.2247566319396712	0.556911127406881
1.1190535000000001	0.0006301334617128002	-0.002589546910803419	0.23425481416747054	0.4521247728113674
1.119548	0.0006301334855080722	-0.002621966166196409	0.23972271034320508	0.37062644625294283
1.1200425	0.0006301335206279402	-0.0026533987016835823	0.2410707253018101	0.33576703698630195
1.1205370000000001	0.000630133573492899	-0.0026837933634699792	0.23827801952334984	0.3617514849055734
1.1210315000000002	0.0006301336480684267	-0.0027130869610918133	0.23139055440146483	0.4347840503843538
1.121526	0.0006301337440523304	-0.002741202378153741	0.22051960059652426	0.5312840996712664
1.1220205	0.0006301338559018415	-0.0027680497701613955	0.20584243278523057	0.6351680168463576
1.1225150000000002	0.0006301339731727991	-0.002793529673851762	0.18760472971577397	0.7372754572725753
1.1230095	0.0006301340823619164	-0.0028175378850491864	0.16611994437539018	0.8321115553156031
1.123504	0.0006301341693862458	-0.002839972093871861	0.14176834808674607	0.9160369890579074
1.1239985000000001	0.000630134222137629	-0.002860739239315159	0.11499103465116955	0.9865047338103554
1.1244930000000002	0.0006301342325699899	-0.0028797622245526656	0.08627720918350114	1.0418421060630159
1.1249875	0.0006301341983602204	-0.0028969850983941985	0.056146360241724154	1.0810497550159615
1.125482	0.0006301341235546818	-0.0029123766949184023	0.025135498235097788	1.1036186557713794
1.1259765000000002	0.000630134017959064	-0.0029259337276717075	-0.006213471975635782	1.1094558814611293
1.126471	0.0006301338949072891	-0.0029376831505653123	-0.037364026532157694	1.0986178397131783
1.1269655	0.0006301337684837014	-0.002947681859219963	-0.06778958213006964	1.0711241110640748
1.1274600000000001	0.0006301336510418856	-0.002956012315119272	-0.09697643309713158	1.027156098013943
1.1279545000000002	0.000630133551521624	-0.0029627748914976748	-0.12443068359703661	0.9674946643522053
1.128449	0.0006301334744319889	-0.0029680799461598425	-0.1496890521602537	0.8936762640355993
1.1289435	0.0006301334201392445	-0.0029720426478441666	-0.17232571350607584	0.8078637327886259
1.1294380000000002	0.0006301333859592504	-0.002974781483513944	-0.19195704925974638	0.7128174829759129
1.1299325	0.0006301333672033405	-0.0029764188893834633	-0.20824549500904707	0.6121731410275122
1.130427	0.0006301333583909179	-0.002977081521347573	-0.22090350465635564	0.511430067688186
1.1309215000000001	0.0006301333546750857	-0.0029768990079567896	-0.22969946783263614	0.4201975380852215
1.1314160000000002	0.0006301333528106053	-0.002976001779662554	-0.2344684944879645	0.35499431026425304
1.1319105	0.000630133351421481	-0.002974518051017811	-0.23512133770113958	0.3372198305782119
1.132405	0.0006301333506924529	-0.0029725693929671237	-0.23164970458922557	0.37520242617697797
1.1328995000000002	0.000630133351750457	-0.0029702658271291166	-0.22412797063745712	0.4532367239418132
1.133394	0.0006301333558367344	-0.002967702476523329	-0.2127085494130159	0.5503912215807638
1.1338885	0.0006301333636701252	-0.0029649589090690906	-0.19761301642911408	0.6527549493634971
1.1343830000000001	0.0006301333751912758	-0.00296210077851231	-0.17912182336431254	0.7522749472413256
1.1348775	0.0006301333891192374	-0.0029591825237734928	-0.15756671222525898	0.8440191701655484
1.135372	0.0006301334029989656	-0.0029562498539859737	-0.13332617653284595	0.9247441668288588
1.1358665000000001	0.0006301334138148027	-0.0029533422958853035	-0.10682097497215075	0.9921302297103777
1.1363610000000002	0.0006301334185195884	-0.00295049762127946	-0.07850862403452025	1.0443380031845604
1.1368555	0.0006301334146201385	-0.002947758736034649	-0.04887773984199174	1.0798707417767657
1.13735	0.0006301334010401441	-0.0029451809722335185	-0.018438472932659312	1.0975988405974584
1.1378445000000001	0.0006301333786796224	-0.002942836491356258	0.012286948149470686	1.0967874186750648
1.138339	0.0006301333499295151	-0.0029408139935859184	0.04277074588876725	1.0769764546150018
1.1388335	0.0006301333175643904	-0.0029392143411907535	0.07248048429990347	1.0380213855250475
1.1393280000000001	0.0006301332841562682	-0.0029381439235964084	0.1008864984151584	0.9802834076152557
1.1398225000000002	0.0006301332518917764	-0.0029377076985965356	0.12747413336678504	0.9047043688277205
1.140317	0.0006301332223062703	-0.002938003021847058	0.1517573546105973	0.8128256885273255
1.1408115	0.0006301331963000952	-0.002939114794633844	0.1732925312953905	0.7068469419283292
1.1413060000000002	0.0006301331745207287	-0.0029411128232385182	0.19169303187708975	0.5896255080052348
1.1418005	0.000630133157502876	-0.002944051758787188	0.20663769829545467	0.4648946484728253
1.142295	0.0006301331455650113	-0.0029479715830765404	0.2178733304270771	0.3387937906251818
1.1427895000000001	0.0006301331387328094	-0.0029528962342061428	0.22521548240214428	0.22622890819606728
1.1432840000000002	0.0006301331364755155	-0.0029588304889856887	0.22854775710366895	0.1737403766372125
1.1437785	0.0006301331373154163	-0.00296575660306428	0.22782061834137918	0.23154352839372377
1.144273	0.0006301331389221393	-0.002973632289570962	0.22305259408777933	0.3465852193309054
1.1447675000000002	0.0006301331388085924	-0.0029823908896317846	0.21433242968487365	0.47489053575030643
1.145262	0.0006301331351508152	-0.002991942398235296	0.20181730364527622	0.6025433514919716
1.1457565	0.0006301331276079815	-0.003002173232190872	0.18572800400494557	0.7235629619210633
1.1462510000000001	0.0006301331178525237	-0.0030129449207437226	0.16634395221917664	0.8340539529492095
1.1467455000000002	0.0006301331095288306	-0.0030240941289245062	0.14399897623958463	0.9309567705797167
1.14724	0.00063013310774429	-0.0030354362501690286	0.11907808050268477	1.0118163743272517
1.1477345	0.0006301331183693804	-0.003046772846287137	0.09201707237942706	1.0747470645819517
1.1482290000000002	0.0006301331469364875	-0.0030579014221768486	0.06330049996449381	1.1184569851305257
1.1487235	0.000630133197208186	-0.0030686255848697717	0.033450874213122934	1.142324653191371
1.149218	0.000630133269967916	-0.0030787640328127927	0.003014056664547545	1.146395923089007
1.1497125000000001	0.0006301333626601872	-0.0030881570037839955	-0.02745634058950152	1.1312600616527355
1.1502070000000002	0.0006301334691995499	-0.0030966686456359808	-0.05741187723509246	1.0977677732956295
1.1507015	0.0006301335803326158	-0.0031041849296546374	-0.08632073835109275	1.0468585686807141
1.151196	0.0006301336853284116	-0.0031106089472228513	-0.11367799601077533	0.9794847279671776
1.1516905000000002	0.0006301337742071293	-0.003115856550338092	-0.1390101169068031	0.8967064768715806
1.152185	0.0006301338395218432	-0.0031198542358172655	-0.16187942050255474	0.7999232208839095
1.1526795	0.0006301338774602741	-0.003122538730532479	-0.1818912494407295	0.6910021334380165
1.1531740000000001	0.0006301338885865054	-0.00312385624352575	-0.19870255748236848	0.5722381598944714
1.1536685	0.0006301338780979566	-0.0031237599336884497	-0.2120256671287562	0.4463409275362758
1.154163	0.0006301338551808467	-0.003122206381926054	-0.22163286821608946	0.3171157618796086
1.1546575000000001	0.0006301338312305083	-0.0031191535090840166	-0.22735730234189078	0.19356170680597187
1.1551520000000002	0.0006301338174489195	-0.0031145612553573543	-0.22909273706967892	0.14429942234393434
1.1556465	0.0006301338222702168	-0.0031083936917351085	-0.22679402245926744	0.17870667122309183
1.156141	0.0006301338494537686	-0.003100620299550858	-0.2204839380180491	0.300476208556752
1.1566355000000001	0.0006301338973927885	-0.0030912150133502463	-0.21025908419642844	0.43013581193352146
1.15713	0.0006301339596423321	-0.0030801531872391257	-0.1962915637536022	0.5561221695286324
1.1576245	0.000630134026320143	-0.0030674080819072195	-0.17882735007140083	0.6738420848096431
1.1581190000000001	0.0006301340860400522	-0.0030529480725555195	-0.1581784509115167	0.7805854119337836
1.1586135000000002	0.0006301341281129517	-0.0030367355024973268	-0.13471162042803608	0.8745777652121691
1.159108	0.0006301341445496769	-0.0030187290478937176	-0.10883989341108	0.9546074473766863
1.1596025	0.0006301341317048446	-0.0029988905739072556	-0.0810159989474123	1.0198378107262656
1.1600970000000002	0.0006301340907668657	-0.0029771948128434122	-0.051724424270558456	1.069649445732988
1.1605915	0.0006301340269687179	-0.002953638423186286	-0.021473362666530438	1.1035067366408404
1.161086	0.0006301339478060079	-0.002928245466264628	0.009211834766140833	1.120997286813636
1.1615805000000001	0.0006301338613162148	-0.002901068553559051	0.03979688928082732	1.1221016050759574
1.1620750000000002	0.000630133774498451	-0.0028721873611629164	0.06975097158459825	1.1072918910879723
1.1625695	0.0006301336925834291	-0.002841706999716958	0.09855642931097473	1.0773268295075222
1.163064	0.0006301336186456791	-0.002809756974668258	0.12571450312499932	1.0330205621811215
1.1635585000000002	0.0006301335537421534	-0.002776489019068006	0.1507490766674802	0.9753729227248831
1.164053	0.0006301334973017551	-0.0027420717585062014	0.17321293040932328	0.9061655031630187
1.1645475	0.0006301334481146478	-0.0027066828198678526	0.19269557522078185	0.8284831454726791
1.1650420000000001	0.0006301334049378843	-0.002670500997859078	0.20883397257046515	0.7471249997494747
1.1655365000000002	0.0006301333669425379	-0.002633700380398938	0.22132527646231342	0.6689763688489863
1.166031	0.0006301333337789229	-0.0025964470178262613	0.22993737589084776	0.6031456816031517
1.1665255	0.0006301333056030863	-0.0025588979941781756	0.2345135259695106	0.5600282653091913
1.1670200000000002	0.0006301332826136505	-0.0025212020114984716	0.23497052082797176	0.548318071460227
1.1675145	0.0006301332646718552	-0.002483500208727985	0.23129823208312336	0.5701997764163252
1.168009	0.0006301332510766191	-0.002445925855822069	0.22355910156116807	0.6198993311387899
1.1685035000000001	0.0006301332404475848	-0.0024086011381631717	0.21188638075588562	0.687997096250707
1.1689980000000002	0.0006301332307986448	-0.0023716307191679747	0.19648228839916101	0.7657462148497485
1.1694925	0.0006301332198383545	-0.0023350951556291525	0.17761628913127994	0.8462088137571042
1.169987	0.0006301332054202667	-0.0022990479123264464	0.15561757231531	0.9239917045933389
1.1704815000000002	0.0006301331858981533	-0.002263517218374319	0.13086793190330692	0.9947565669518467
1.170976	0.000630133160766824	-0.0022285115822300483	0.10379360784139989	1.055011761709728
1.1714705	0.0006301331306881098	-0.0021940261539210547	0.07485679698716947	1.1021256099065448
1.1719650000000001	0.0006301330970121434	-0.0021600476714507327	0.044549041028497834	1.1341406115151782
1.1724595	0.0006301330611094708	-0.0021265583451253994	0.013389254878895243	1.1495114164666578
1.172954	0.000630133024291821	-0.002093540648075048	-0.018080042467051204	1.1470701066571973
1.1734485000000001	0.000630132987529697	-0.0020609835945238383	-0.049304171990462504	1.126094914400529
1.1739430000000002	0.0006301329514404172	-0.0020288883964476537	-0.07972986941150731	1.0863426087245946
1.1744375	0.0006301329164297537	-0.001997271301428257	-0.10881794570696943	1.028109274587722
1.174932	0.0006301328832676096	-0.0019661632826427325	-0.13605655124787436	0.9521630353177012
1.1754265000000002	0.0006301328532382385	-0.0019356067422066703	-0.16097104907862664	0.859643954976615
1.175921	0.0006301328282384673	-0.0019056495094476804	-0.18312933419816377	0.752000877464141
1.1764155	0.000630132810397412	-0.0018763373798157243	-0.20214608256115682	0.6310964390473704
1.1769100000000001	0.0006301328014885566	-0.001847707045422509	-0.2176909098712223	0.49928457235247026
1.1774045000000002	0.0006301328018595298	-0.001819781787100508	-0.2294959494951481	0.35920290917179565
1.177899	0.0006301328098436487	-0.0017925715593238981	-0.23736175754659006	0.21344719489294375
1.1783935	0.0006301328217022853	-0.001766076186416527	-0.24115865200596834	0.1916802002840098
1.1788880000000002	0.000630132832132322	-0.0017402880575209485	-0.24082821706168359	0.20482700860640363
1.1793825	0.0006301328352513282	-0.001715191600452746	-0.23638055849285078	0.23448595202117478
1.179877	0.0006301328260021701	-0.001690759727852762	-0.22789042474834514	0.3795835775936198
1.1803715000000001	0.0006301328016040273	-0.0016669496065358272	-0.21549486928297737	0.5186527167015458
1.1808660000000002	0.0006301327627224562	-0.0016437004902063357	-0.1993940408543491	0.6491906998395277
1.1813605	0.0006301327139790024	-0.0016209340611501285	-0.17985364947228863	0.7687469560341883
1.181855	0.0006301326633205246	-0.0015985554049491773	-0.15720375175525653	0.8749630524848009
1.1823495000000002	0.0006301326206522122	-0.0015764535504115813	-0.1318345122343521	0.9656673897776458
1.182844	0.0006301325962105914	-0.001554502377757773	-0.10418623432868111	1.0390753528083405
1.1833385	0.0006301325987744388	-0.001532563217886638	-0.07473751905126472	1.0938444056709837
1.1838330000000001	0.0006301326332204554	-0.001510489671354103	-0.04399600755798572	1.129003859769063
1.1843275000000002	0.0006301326992784465	-0.0014881340487962497	-0.012492518532715305	1.1439580418311022
1.184822	0.0006301327914795418	-0.0014653547564789332	0.019227984643551393	1.138570459324571
1.1853165	0.0006301329003192448	-0.0014420245187210365	0.050615191781223465	1.11319311080389
1.1858110000000002	0.0006301330136920116	-0.0014180382307994808	0.08112286251953514	1.0686752324523892
1.1863055	0.0006301331189306465	-0.0013933176768057317	0.1102217140851335	1.00632870453953
1.1868	0.0006301332048282377	-0.001367810914946288	0.13741364675003	0.927629192128499
1.1872945000000001	0.0006301332636189879	-0.0013414865004345692	0.16223792602885545	0.8339800822940443
1.187789	0.0006301332920907335	-0.001314325497632404	0.18427571843714113	0.7268198302635296
1.1882835	0.0006301332922281597	-0.0012863151500699492	0.20315413527587667	0.6077572785477585
1.1887780000000001	0.0006301332703100614	-0.001257445859030735	0.2185498978074282	0.47861438068393747
1.1892725000000002	0.0006301332351206028	-0.0012277104354191809	0.23019205112042307	0.34159524200405617
1.189767	0.0006301331958134333	-0.001197103303267123	0.23786903654321126	0.23516135184252415
1.1902615	0.0006301331602185454	-0.0011656183657500737	0.24143884267470336	0.21285670426408043
1.1907560000000001	0.0006301331336890189	-0.0011332468403407335	0.24083502151206665	0.2003776949978788
1.1912505	0.0006301331185390424	-0.0010999765104887608	0.23606723929266193	0.25530792532517926
1.191745	0.0006301331141112077	-0.0010657917620251435	0.22721894297667705	0.39669456971664907
1.1922395000000001	0.0006301331174859592	-0.0010306732348107108	0.21444426427681268	0.5325436239209957
1.1927340000000002	0.0006301331246821688	-0.0009945970468013179	0.1979655560195818	0.6599393403382611
1.1932285	0.0006301331318870902	-0.0009575341542871738	0.17807243425674546	0.7764618556528732
1.193723	0.0006301331365153451	-0.0009194498973572398	0.15511860492306626	0.8799693539527055
1.1942175000000002	0.0006301331374261928	-0.0008803032629964106	0.12951630653718024	0.968736058371454
1.194712	0.0006301331347578291	-0.0008400458375099717	0.10172508307560438	1.0416510619510748
1.1952065	0.0006301331292925796	-0.0007986217703944051	0.0722395292948634	1.0982562729643284
1.1957010000000001	0.0006301331220009612	-0.0007559713113866649	0.04157718813731906	1.13860773694117
1.1961955000000002	0.0006301331133252912	-0.0007120390952508184	0.010267864973216736	1.1630095973722443
1.19669	0.0006301331030840987	-0.0006667850793916773	-0.021152956569939096	1.1717041699023723
1.1971845	0.0006301330904189213	-0.0006201940421938598	-0.05214808130876758	1.16488797382672
1.1976790000000002	0.0006301330743032352	-0.0005722807377020608	-0.08218388607253439	1.1429889177704502
1.1981735	0.0006301330538109292	-0.0005230907199886273	-0.11073989599502401	1.1068996477707507
1.198668	0.0006301330286888835	-0.00047269842516538295	-0.13731850292369752	1.0581051150192624
1.1991625000000001	0.0006301329993365208	-0.00042120419198479487	-0.1614559138895382	0.9987203765071099
1.1996570000000002	0.0006301329668994813	-0.00036873071216456663	-0.1827336014889709	0.931565748309579
1.2001515	0.000630132932871611	-0.00031541813608686653	-0.20078638342016325	0.8603884445080002
1.200646	0.0006301328989466921	-0.0002614181355194321	-0.2153031541845873	0.7902645669248025
1.2011405000000002	0.0006301328664603338	-0.00020688900401226175	-0.22603111565993805	0.7275345047258774
1.201635	0.0006301328363306258	-0.00015199211074785115	-0.23278472366363162	0.6795753563076211
1.2021295	0.0006301328090378309	-9.688825817037517e-5	-0.23545187086487904	0.6537231045106209
1.2026240000000001	0.0006301327847641628	-4.173407492405349e-5	-0.23399756544016836	0.65475068870429
1.2031185000000002	0.0006301327636011023	1.3320412131583355e-5	-0.2284651037637019	0.6824475589122824
1.203613	0.0006301327458554293	6.8132248576064e-5	-0.21897231088298277	0.7314301494938577
1.2041075	0.0006301327323905196	0.00012256445053543047	-0.20570330741714615	0.7936545409095155
1.2046020000000002	0.0006301327246521111	0.000176485512646557	-0.18890045355247087	0.8613393548362507
1.2050965	0.0006301327245643391	0.00022977206174802742	-0.16885955822824078	0.9285531445878877
1.205591	0.0006301327338202455	0.0002823145903291746	-0.14592606604654978	0.9911448796192905
1.2060855000000001	0.0006301327533116636	0.00033402323335812153	-0.12049375923537692	1.0460425380132594
1.20658	0.0006301327823945909	0.00038483030387601085	-0.09300130593080197	1.0906346260136865
1.2070745	0.0006301328186344635	0.00043468849107930143	-0.06392694510436724	1.1226324379170805
1.2075690000000001	0.0006301328576106657	0.0004835660173986688	-0.03377782212755366	1.1401944246385325
1.2080635000000002	0.000630132893840241	0.0005314405335239891	-0.0030801132714617595	1.1419686723169
1.208558	0.000630132921889988	0.0005782927673266294	0.027630415744037535	1.127041691346652
1.2090525	0.0006301329379979985	0.0006241003794784714	0.05781574702659551	1.0948154666964738
1.2095470000000001	0.0006301329410050846	0.0006688329211582894	0.08694281747593204	1.0449965172831008
1.2100415	0.0006301329328415406	0.0007124494427020193	0.11449146071031302	0.977776907823343
1.210536	0.0006301329178777237	0.00075489924559486	0.13996705517994756	0.8940274065173106
1.2110305000000001	0.0006301329020933972	0.0007961241961059197	0.16291532395493502	0.7951865007356559
1.2115250000000002	0.0006301328916135535	0.0008360610217843792	0.18293566892252236	0.6829542681360922
1.2120195	0.0006301328913163111	0.0008746441602384028	0.19968612546654285	0.5591531917317505
1.212514	0.0006301329033317021	0.0009118107036460522	0.21288587556830102	0.4258290365677085
1.2130085000000002	0.0006301329262617104	0.000947507612942272	0.2223172997111489	0.2854226436840445
1.213503	0.0006301329552276835	0.0009816992583230788	0.22782446697773864	0.21735479589516568
1.2139975	0.0006301329830749158	0.0010143721460408035	0.22931213772304548	0.22889585074726213
1.2144920000000001	0.0006301330021382768	0.0010455351359745647	0.2267495073639919	0.24515787068144804
1.2149865000000002	0.0006301330059956732	0.0010752165772307323	0.22017584835311127	0.30527336771835667
1.215481	0.0006301329908689486	0.0011034613211252352	0.20970103632900342	0.44449724372163746
1.2159755	0.0006301329564310302	0.0011303298139596304	0.19550408213299073	0.5764723360297612
1.2164700000000002	0.0006301329061995962	0.0011558994670384747	0.17783059713450414	0.6987394403881055
1.2169645	0.0006301328470580548	0.0011802668626599414	0.15698807291578315	0.8090654875164767
1.217459	0.0006301327879884	0.0012035498446031545	0.1333401331737045	0.9052788852883543
1.2179535000000001	0.0006301327381661149	0.0012258892432598725	0.10730573999078505	0.9851686027261175
1.2184480000000002	0.0006301327051427157	0.001247448894188266	0.07935442281772022	1.0467089254237556
1.2189425	0.0006301326933638848	0.001268412342316367	0.049997389572647336	1.0883464766728257
1.219437	0.0006301327034122565	0.0012889760824720904	0.01977384230550466	1.1092809851408334
1.2199315000000002	0.0006301327319821945	0.0013093412591668166	-0.010764925019559992	1.1094677233621488
1.220426	0.0006301327730576975	0.001329706463291132	-0.041071384783713305	1.0893542976374937
1.2209205	0.0006301328191229011	0.001350262197902424	-0.07061222709757702	1.049671328111075
1.2214150000000001	0.0006301328626402009	0.0013711855014843326	-0.09887443189758194	0.9914120862746365
1.2219095000000002	0.0006301328976369211	0.001392633544268173	-0.12537007365767228	0.9159118588817973
1.222404	0.0006301329208724294	0.0014147369234631844	-0.14964138505626773	0.8248557766951555
1.2228985	0.0006301329320407593	0.001437595276474739	-0.17126663185599295	0.7201205695191999
1.2233930000000002	0.0006301329333861564	0.0014612779201672655	-0.18986542486812522	0.6036118431096341
1.2238875	0.0006301329288279174	0.001485829388987578	-0.2051080047406012	0.47731963689359325
1.224382	0.0006301329228064561	0.0015112768865394538	-0.21672286025113194	0.34344173739200934
1.2248765000000001	0.0006301329187633291	0.0015376368344027314	-0.22450062340199814	0.22998453406315522
1.225371	0.0006301329184054109	0.001564919241778368	-0.22829484565838404	0.20769338875296553
1.2258655	0.0006301329216781719	0.0015931295464034817	-0.2280256686715313	0.1883103508474133
1.2263600000000001	0.0006301329273092221	0.0016222684679760952	-0.22368601886917158	0.23983936409160392
1.2268545000000002	0.0006301329335705089	0.001652330698791151	-0.215345410020378	0.37940643253009576
1.227349	0.0006301329389249713	0.0016833033081197458	-0.20315237655274598	0.513146152900913
1.2278435	0.0006301329424320077	0.0017151658464174316	-0.18733301170687575	0.6378328881288711
1.2283380000000002	0.000630132943781496	0.001747893523193806	-0.16818275514244613	0.7512212528942153
1.2288325	0.0006301329432699017	0.0017814617737524415	-0.1460518857322337	0.8517592358281684
1.229327	0.0006301329413876143	0.001815849002877467	-0.12133490004859042	0.9382305901024282
1.2298215000000001	0.0006301329384581613	0.0018510363395159062	-0.09446356603053162	1.0096080265827698
1.2303160000000002	0.0006301329343468435	0.0018870058810110412	-0.06589964113137904	1.0650413232449052
1.2308105	0.0006301329287723945	0.0019237393884273752	-0.036130262603891225	1.1039034624071586
1.231305	0.000630132921593607	0.0019612182306368887	-0.005663421017678112	1.1259747772392872
1.2317995000000002	0.0006301329132239715	0.001999423342719283	0.024978901127207354	1.1315803427476387
1.232294	0.0006301329045357669	0.0020383326369365394	0.055269377804855815	1.121502422023568
1.2327885	0.0006301328967610896	0.0020779145671018366	0.0846830409259264	1.0967345225386207
1.2332830000000001	0.0006301328910848727	0.0021181198351661384	0.11270547339617369	1.0584425305878957
1.2337775000000002	0.0006301328884516333	0.0021588745497397883	0.13884123992103695	1.0080166620514024
1.234272	0.0006301328892362342	0.0022000764848273745	0.16261947664493565	0.9471005788803258
1.2347665	0.0006301328932966844	0.00224159511920035	0.18360181601236886	0.8779594924496962
1.2352610000000002	0.0006301328998205671	0.002283275756762848	0.20139656017729335	0.8039973539196108
1.2357555	0.000630132907630381	0.0023249468057629993	0.2156733787408375	0.7301726164783878
1.23625	0.0006301329156548432	0.0023664285370108857	0.22617320420413803	0.6635116177214052
1.2367445000000001	0.0006301329235805919	0.002407540916838781	0.23271358951693524	0.6128257540952186
1.2372390000000002	0.0006301329323211044	0.0024481081683257844	0.2351879264407245	0.5865991044448666
1.2377335	0.0006301329444629005	0.002487960246139052	0.23356228202268356	0.5895045088184302
1.238228	0.0006301329643604893	0.0025269340274314323	0.22786926623314832	0.6204007238227094
1.2387225000000002	0.0006301329975607044	0.002564876441506932	0.21820571776870845	0.6734087074000986
1.239217	0.0006301330497864688	0.0026016489566615454	0.20473291564761706	0.7407866326429078
1.2397115	0.0006301331254803678	0.0026371311616309877	0.18767562495578438	0.815161975380478
1.2402060000000001	0.0006301332264214778	0.0026712216974081817	0.1673172591437	0.8901486521360934
1.2407005000000002	0.0006301333504524524	0.002703836996620414	0.14399732255694236	0.9604640656777887
1.241195	0.0006301334908935028	0.0027349101414740713	0.11810707249714673	1.0220148140916756
1.2416895000000001	0.0006301336367155561	0.0027643917941535872	0.09008428609180298	1.071839745881425
1.2421840000000002	0.0006301337742571652	0.0027922530995873017	0.06040664833143494	1.107777778308677
1.2426785	0.0006301338896929393	0.0028184884251953356	0.02958884225037012	1.128062461020261
1.243173	0.0006301339717747483	0.002843115734673716	-0.0018235386378964654	1.1312956271446124
1.2436675000000001	0.0006301340137612118	0.002866173962052879	-0.033265086520664296	1.1165804229053198
1.244162	0.0006301340145759153	0.002887717431869554	-0.06416600902735183	1.0836053659126024
1.2446565	0.0006301339787972481	0.002907807399679175	-0.093969381380232	1.0326800026869436
1.2451510000000001	0.0006301339158660585	0.0029265021067953418	-0.12214858113978894	0.9646456584643024
1.2456455000000002	0.0006301338381369942	0.0029438483439505735	-0.14821731304229782	0.8806267487993836
1.24614	0.000630133758421769	0.0029598772695900123	-0.17173267819868124	0.7819884215935413
1.2466345	0.0006301336874594006	0.002974605219244138	-0.19229928444959807	0.6703985396290771
1.2471290000000002	0.0006301336322139751	0.0029880374226560376	-0.2095723067208925	0.5477932573184323
1.2476235	0.0006301335953078754	0.0030001714985337154	-0.22326044720493954	0.41648177103869216
1.248118	0.000630133575656303	0.003010999580380695	-0.23312956289247438	0.279896491476237
1.2486125000000001	0.0006301335696591943	0.0030205102769453544	-0.23900884754384755	0.16164480521732538
1.2491070000000002	0.000630133572508728	0.003028692219898045	-0.2407918040591391	0.1726754111645875
1.2496015	0.0006301335793171536	0.003035539584841247	-0.23843644474743572	0.19902665964752522
1.250096	0.000630133585976628	0.0030410578001094516	-0.23196727706726775	0.33914436553308647
1.2505905000000002	0.0006301335896810005	0.0030452667977509274	-0.22147851428516976	0.4796154019299634
1.251085	0.0006301335890636934	0.0030482010456099936	-0.20713619276793976	0.6143379326837903
1.2515795	0.0006301335839911787	0.003049907672365731	-0.1891794425108106	0.7398334361790893
1.2520740000000001	0.0006301335750787897	0.003050444340105837	-0.16792190186257458	0.8532702751609283
1.2525685000000002	0.0006301335632775093	0.0030498779301391197	-0.14374620997245244	0.9523437829684486
1.253063	0.0006301335494174497	0.00304828459624703	-0.11709148282271648	1.0353569319971145
1.2535575	0.000630133533885481	0.0030457516503956277	-0.0884360008148109	1.1011018967020343
1.2540520000000002	0.0006301335165102999	0.003042380930944299	-0.05828315125490109	1.1485374193311675
1.2545465	0.0006301334965425706	0.003038291781886047	-0.027152285254058644	1.1767026447272437
1.255041	0.0006301334726798804	0.00303362089239901	0.004429187515267671	1.184836902351637
1.2555355000000001	0.0006301334432143123	0.0030285172547606797	0.03593060077039739	1.1725980991840883
1.2560300000000002	0.0006301334068026925	0.0030231334801971836	0.06682356459794005	1.140290169036834
1.2565245	0.0006301333633261745	0.0030176170424192038	0.0965905385778312	1.0887218852406497
1.257019	0.0006301333141921463	0.0030121039370387685	0.12473247930299397	1.0189393824565227
1.2575135000000002	0.0006301332624901729	0.0030067145998450224	0.15077425925762497	0.9321688748831107
1.258008	0.0006301332125590465	0.00300155091356952	0.17427044315513796	0.8298413252784558
1.2585025	0.0006301331685643251	0.0029966933199332925	0.1948111094353429	0.7137195429423694
1.2589970000000001	0.0006301331332973631	0.0029921982169926658	0.21202786176661945	0.5860545194698836
1.2594915000000002	0.000630133107929719	0.0029880976359440933	0.22560231827268343	0.4497463903018572
1.259986	0.0006301330921846449	0.0029844026730114523	0.23527911169577814	0.30891304594166713
1.2604805000000001	0.0006301330845252453	0.002981109342623362	0.24087761870163615	0.17282377501955679
1.2609750000000002	0.0006301330825662872	0.0029782048851898957	0.24229830317392229	0.11359858804038056
1.2614695	0.0006301330836331098	0.0029756738982646613	0.23952689942983993	0.18457366370837594
1.261964	0.0006301330852306711	0.002973503338768813	0.23263135349803052	0.3178489219478661
1.2624585000000002	0.0006301330853685406	0.002971684987424874	0.2217511817740538	0.4523634261577869
1.262953	0.0006301330826017657	0.0029702148884889253	0.20708793307707024	0.580800017958718
1.2634475	0.0006301330758571056	0.0029690905712124746	0.18890208298003408	0.6999312559009502
1.2639420000000001	0.0006301330644210516	0.0029683083761299807	0.16751006337690352	0.8074054661463312
1.2644365000000002	0.0006301330481114212	0.002967863575548999	0.1432795375948955	0.9012840871502124
1.264931	0.0006301330274055769	0.0029677537889960517	0.11662345273042199	0.9799895115434465
1.2654255	0.0006301330035799785	0.002967983322238974	0.08799396762467705	1.0423009720954433
1.2659200000000002	0.0006301329788634528	0.002968565400569764	0.057875587957129014	1.0873092635579704
1.2664145	0.0006301329562999128	0.0029695212208220227	0.0267793179412186	1.1143149176483789
1.266909	0.0006301329392663747	0.0029708769774098843	-0.004761438721070634	1.1228016657833677
1.2674035000000001	0.0006301329309746255	0.0029726603678824812	-0.03619568176557749	1.1125372777767912
1.2678980000000002	0.0006301329340929441	0.002974897095642627	-0.06696296414781076	1.083783979004131
1.2683925	0.0006301329500961582	0.002977606872554836	-0.0965064061955703	1.0374887337805558
1.268887	0.0006301329785119696	0.002980798024088952	-0.12428820498040913	0.9753381433572834
1.2693815000000002	0.0006301330166963909	0.00298446114794704	-0.14980714900227185	0.8997774463994689
1.269876	0.0006301330602040818	0.0029885636181469872	-0.17261397283463673	0.8140164807669493
1.2703705	0.0006301331035948619	0.0029930458022479826	-0.19232128096537765	0.7219387884674102
1.2708650000000001	0.0006301331414273682	0.0029978188289090644	-0.20860527134860388	0.6281134592866092
1.2713595000000002	0.0006301331696126102	0.003002764768066197	-0.22120665240438428	0.5384406759651804
1.271854	0.0006301331867456594	0.0030077406856089516	-0.22992899124255217	0.46149409562997024
1.2723485	0.000630133194679144	0.0030125865447638445	-0.23463950366199263	0.4100240161517049
1.2728430000000002	0.0006301331983651445	0.003017134780229616	-0.23527152588142913	0.3981856624469448
1.2733375	0.0006301332053015203	0.0030212181728532486	-0.2318278841221214	0.430561363933947
1.273832	0.0006301332242731268	0.003024673941066419	-0.2243760228866063	0.4970429466799754
1.2743265000000001	0.0006301332636692285	0.0030273445038704436	-0.21304463548522623	0.5824572315844734
1.2748210000000002	0.0006301333294432851	0.0030290774683079604	-0.1980235395873756	0.6749212996713362
1.2753155	0.0006301334230891623	0.003029727068367505	-0.17956450041913566	0.7666257677519406
1.27581	0.0006301335404688772	0.003029157136090648	-0.15798096575035978	0.8523863421595933
1.2763045000000002	0.0006301336722859833	0.0030272442078162517	-0.13364797950734258	0.9283348347945228
1.276799	0.0006301338059406105	0.0030238797597621847	-0.1070011596236152	0.9914283299027975
1.2772935	0.000630133927590843	0.00301897203175643	-0.07852642807540686	1.039472510405839
1.2777880000000001	0.000630134024327959	0.003012447847881146	-0.04874470384828538	1.0710592159898793
1.2782825000000002	0.0006301340864745655	0.003004254091364658	-0.01819656250457866	1.0854667221959813
1.278777	0.0006301341094522643	0.0029943580412893226	0.012573354821753913	1.0825236740888435
1.2792715000000001	0.0006301340945527342	0.0029827461614834196	0.04302868999111286	1.06242548024013
1.2797660000000002	0.0006301340483314199	0.002969422268767504	0.07264790403315947	1.0255889748532083
1.2802605	0.0006301339806524628	0.0029544054590344765	0.10092830310930982	0.972585705869902
1.280755	0.0006301339022844677	0.002937726255144945	0.127391088214864	0.904225973010924
1.2812495000000002	0.0006301338225904746	0.0029194199220118466	0.1515883676984603	0.8217770524907738
1.281744	0.0006301337482360873	0.0028995180800410357	0.1731109759626694	0.7272089881674928
1.2822385	0.0006301336829455578	0.002878041522740291	0.19159350957896315	0.6235318092732066
1.2827330000000001	0.0006301336281097674	0.002854997582014772	0.20671740344057202	0.5154434627439352
1.2832275000000002	0.0006301335835674395	0.002830382987312709	0.21821287945957213	0.41111729507320266
1.283722	0.000630133548435132	0.0028041898569559237	0.22586323442108078	0.32687984528027986
1.2842165	0.0006301335216541597	0.002776411952741601	0.22951340746111218	0.29186572180384124
1.2847110000000002	0.0006301335022746203	0.0027470497424958227	0.22908022302236347	0.3275933987739877
1.2852055	0.0006301334894070502	0.0027161140521395127	0.22456003630419002	0.41631531241001685
1.2857	0.0006301334819962469	0.002683628927298101	0.21603217325247778	0.5288735194914799
1.2861945000000001	0.0006301334784818187	0.0026496339039585835	0.2036592494981235	0.6478071505652998
1.2866890000000002	0.0006301334765371003	0.0026141850525521755	0.1876800653364489	0.7641695131981161
1.2871835	0.0006301334731315504	0.0025773550175421348	0.16839637980779829	0.8729872861451525
1.287678	0.0006301334648037902	0.0025392333989578525	0.14616182005543907	0.9709415211501808
1.2881725000000002	0.0006301334482040447	0.0024999276617656305	0.12137570416663541	1.0554529608796541
1.288667	0.0006301334205134544	0.002459562941070456	0.09447578827159982	1.1245688097006892
1.2891615	0.0006301333799463585	0.0024182798236560762	0.06593149218339263	1.176997447926073
1.2896560000000001	0.0006301333262089476	0.0023762315355701255	0.03623892064816664	1.2119377455864524
1.2901505000000002	0.0006301332608621885	0.0023335826886776707	0.005912695221014896	1.2288376559811893
1.290645	0.0006301331870252592	0.002290510149471915	-0.02452435738001442	1.2271399344020435
1.2911395	0.0006301331091750302	0.002247204355446261	-0.05454767291559025	1.2061126356699858
1.2916340000000002	0.0006301330324368875	0.00220386791466835	-0.08363345959697958	1.1651438627899706
1.2921285	0.0006301329616658733	0.002160709245786834	-0.11126364786413467	1.1042951980633733
1.292623	0.0006301329003886814	0.0021179323822385927	-0.1369345700745258	1.024624938054946
1.2931175000000001	0.0006301328507490634	0.00207572644504068	-0.16016915256721787	0.9280629837629706
1.2936120000000002	0.000630132813614295	0.0020342571871371754	-0.18053197135623997	0.8174606792184066
1.2941065	0.0006301327887998853	0.001993661316211636	-0.1976449991377383	0.6966357431625194
1.2946010000000001	0.000630132775208341	0.001954043900945217	-0.2111984260631814	0.5705743808567135
1.2950955000000002	0.0006301327713219421	0.0019154785390025277	-0.22095702352477167	0.4466687470958815
1.29559	0.0006301327754030554	0.0018780098934129954	-0.22676171298224632	0.33806056692631387
1.2960845	0.0006301327855268921	0.001841657965839656	-0.22852680960804558	0.2726459783498851
1.2965790000000001	0.0006301327994224139	0.0018064222424828745	-0.22623510786737003	0.27858090015672016
1.2970735000000002	0.0006301328143664113	0.0017722845663182244	-0.21993721226802612	0.35296936792018757
1.297568	0.0006301328273314556	0.0017392120796884691	-0.20975031865690924	0.45770578044987287
1.2980625000000001	0.0006301328352195875	0.001707161873134848	-0.19585703401837914	0.570034862950026
1.2985570000000002	0.0006301328349977068	0.0016760867853573235	-0.1784993671773025	0.6795495478520426
1.2990515	0.0006301328240207588	0.001645939519754273	-0.15797284464243333	0.7809937428854775
1.299546	0.0006301328009459374	0.0016166728983126508	-0.13462337928405224	0.8712177957262197
1.3000405000000002	0.0006301327664053895	0.0015882371807793836	-0.10884301581341656	0.9479519679923571
1.300535	0.0006301327233491579	0.0015605773276162695	-0.08106888534718107	1.009229260597622
1.3010295	0.0006301326770357852	0.0015336330367509497	-0.051782446572737006	1.0532537392685528
1.3015240000000001	0.0006301326346730986	0.0015073424385969227	-0.021505201382178103	1.078657794488586
1.3020185000000002	0.0006301326038685242	0.0014816473457235893	0.009215712122252853	1.0847272826625212
1.302513	0.0006301325910129002	0.0014564969729940094	0.03982268368266223	1.0713704324323585
1.3030075	0.0006301325999522008	0.001431848991592658	0.06976236666096561	1.0390988433075243
1.3035020000000002	0.0006301326312406456	0.00140766804852587	0.09849975304483607	0.9890297581124031
1.3039965	0.0006301326814901265	0.0013839216108152213	0.12553115671937348	0.9227282580044256
1.304491	0.0006301327438506688	0.0013605734967615491	0.1503893994419849	0.8420353563908807
1.3049855000000001	0.0006301328095321661	0.0013375768050088886	0.17264791012645925	0.7491043962843503
1.3054800000000002	0.0006301328698057725	0.001314868501044413	0.19192593692078203	0.6465232445472796
1.3059745	0.0006301329172535246	0.0012923672435597828	0.20789385602741423	0.5377861998341392
1.306469	0.0006301329471134719	0.0012699738300517936	0.22027793916104366	0.4284133975264321
1.3069635000000002	0.0006301329583087704	0.0012475717429368484	0.2288646760860134	0.3284718585357324
1.307458	0.000630132953648065	0.0012250269010423399	0.23350107548857746	0.3034079986751304
1.3079525	0.0006301329391077855	0.0012021886649119817	0.23409319307787058	0.30279839021335636
1.3084470000000001	0.0006301329224231251	0.0011788945635648079	0.23060765012554355	0.30986960668747365
1.3089415000000002	0.0006301329113250757	0.0011549790092061686	0.22307740939495824	0.4064538587098393
1.309436	0.0006301329116668982	0.0011302833836195332	0.21160719493034025	0.5166095233960251
1.3099305	0.000630132926462089	0.0011046637623520824	0.1963779604960326	0.6284741900785001
1.3104250000000002	0.0006301329555335284	0.0010779943120481042	0.17764802397122992	0.7353945958619319
1.3109195	0.0006301329955049991	0.001050167050407702	0.15574798224662242	0.8330370534401489
1.311414	0.0006301330406170336	0.0010210902598922372	0.1310688554457286	0.9184668440963885
1.3119085000000001	0.0006301330843458172	0.0009906874210072161	0.10405018826964435	0.9896526625058925
1.3124030000000002	0.0006301331206682816	0.000958897163777192	0.075169600262219	1.045208432391782
1.3128975	0.0006301331453568771	0.0009256746893106423	0.0449333546761493	1.0842900420869641
1.3133920000000001	0.0006301331568931681	0.0008909949521342511	0.013866885400443611	1.10645362290975
1.3138865000000002	0.0006301331566074212	0.0008548565418154323	-0.017493074278800827	1.1114582776791389
1.314381	0.0006301331476171966	0.0008172839711672064	-0.04860541919852939	1.0992290219837402
1.3148755	0.0006301331337854025	0.0007783261933896438	-0.0789345842359451	1.0700418984401974
1.3153700000000002	0.0006301331186617315	0.0007380514836505162	-0.1079622761974383	1.024662422203694
1.3158645000000002	0.0006301331047065617	0.0006965417332495948	-0.13519334391783366	0.9642072505915661
1.316359	0.0006301330927135449	0.0006538885121407008	-0.16015785553588552	0.8900797237547594
1.3168535000000001	0.0006301330820999273	0.0006101898605487674	-0.18241639568499465	0.8041986630045613
1.3173480000000002	0.0006301330714342072	0.000565545717899037	-0.20156680916934666	0.709464990175679
1.3178425	0.0006301330592252785	0.0005200510248718573	-0.21725365485090678	0.6108730313261257
1.318337	0.0006301330443698099	0.000473787624807251	-0.2291817786680662	0.5172866571895376
1.3188315000000002	0.0006301330265603242	0.00042681825044586975	-0.23712838782206477	0.44355959889231616
1.319326	0.0006301330062272674	0.0003791854743087963	-0.24094938142102426	0.4097968473373086
1.3198205	0.0006301329842760727	0.0003309154988575635	-0.24058106519871233	0.42988598857929416
1.3203150000000001	0.000630132961594129	0.00028202452984782303	-0.2360387311953751	0.49731879390230016
1.3208095000000002	0.0006301329386182834	0.00023252598808738234	-0.22741226161049666	0.593234867438302
1.321304	0.0006301329150973636	0.00018243723979251283	-0.21486015853573964	0.7012985773695449
1.3217985	0.000630132890146346	0.00013178433094101209	-0.19860781389224186	0.8108694946789476
1.3222930000000002	0.0006301328628112682	8.060374917519595e-5	-0.17894323517080785	0.9153872146814734
1.3227875	0.000630132832654546	2.8941257750154275e-5	-0.15621018412472448	1.0108433924002709
1.323282	0.0006301328003980591	-2.3150235326889926e-5	-0.13080140453164932	1.0946509513334466
1.3237765000000001	0.0006301327680186216	-7.56110124964642e-5	-0.10315059564233013	1.164907558513306
1.3242710000000002	0.0006301327385022546	-0.000128372218200737	-0.07372409601989424	1.2199776158788431
1.3247655	0.0006301327149910525	-0.00018135280232256	-0.04301356195668064	1.2582928524179713
1.32526	0.000630132700292489	-0.00023445867963126256	-0.011535262593698286	1.2785582544923426
1.3257545000000002	0.0006301326959455853	-0.00028758456206124506	0.020172489347212184	1.2799913974978567
1.326249	0.0006301327018613133	-0.0003406161022169001	0.05155663633594144	1.2623290399687876
1.3267435	0.0006301327164394665	-0.0003934305326359977	0.08206382908853148	1.225739713127967
1.3272380000000001	0.0006301327374373831	-0.00044589611800629716	0.11115405970975079	1.1706800302910345
1.3277325000000002	0.0006301327622878566	-0.0004978720745270397	0.13831517567942003	1.0978557695174944
1.328227	0.0006301327888189173	-0.0005492112724545457	0.16307465430640042	1.008493498147249
1.3287215	0.000630132815850484	-0.0005997666132248835	0.18500847506960966	0.904540510481344
1.3292160000000002	0.0006301328437462386	-0.0006493994556657504	0.20374506679327814	0.7887144556752524
1.3297105	0.0006301328739644655	-0.0006979880157065767	0.21896908088894096	0.6648908009211142
1.330205	0.0006301329085859097	-0.0007454346713816032	0.23042720175095133	0.5391292304358852
1.3306995000000001	0.0006301329495330998	-0.0007916709893657132	0.23793201692408844	0.4218490439710327
1.3311940000000002	0.0006301329979389008	-0.0008366585619507897	0.2413643377209901	0.3325521619395534
1.3316885	0.000630133053490655	-0.000880384916003823	0.24067467086862931	0.3035416990611505
1.3321830000000001	0.0006301331138049331	-0.0009228563821572738	0.23588157496780612	0.3439457782833694
1.3326775000000002	0.0006301331742390749	-0.0009640913041138557	0.2270658279673184	0.43374210365705507
1.333172	0.0006301332285020148	-0.0010041157786717962	0.21436915512728102	0.5426025203126001
1.3336665	0.0006301332698894436	-0.0010429616185695287	0.19799494574993232	0.6549537791526264
1.3341610000000002	0.0006301332927089431	-0.0010806644113395237	0.17820999785669092	0.7626207681666062
1.3346555000000002	0.0006301332937488334	-0.0011172601316824364	0.15534671174668468	0.860487776098757
1.33515	0.0006301332730462157	-0.0011527814637701291	0.12980194741927875	0.9450334463814657
1.3356445000000001	0.0006301332339524553	-0.0011872560921117935	0.10202654043480135	1.0138835231924517
1.3361390000000002	0.0006301331826223725	-0.0012207075174983663	0.07251180175458116	1.0654675484550755
1.3366335	0.0006301331272364033	-0.0012531570575961479	0.04177836894336901	1.0987268674859818
1.337128	0.0006301330762310891	-0.0012846253597568634	0.010366977519165436	1.1130270594461746
1.3376225000000002	0.0006301330363415903	-0.0013151322832894584	-0.021172411554486802	1.1081311622543837
1.338117	0.0006301330111893502	-0.0013446952656960861	-0.05228978122974969	1.0841371900709924
1.3386115	0.0006301330011174592	-0.001373327495851525	-0.08244281891532622	1.041507255616656
1.3391060000000001	0.0006301330034178927	-0.0014010365014444374	-0.11110715003751565	0.9812052348241569
1.3396005000000002	0.0006301330133269866	-0.0014278234842668865	-0.1377888851350014	0.9047370625168608
1.340095	0.0006301330256028523	-0.0014536852019781308	-0.1620333159313926	0.8141181410513652
1.3405895	0.0006301330361812914	-0.0014786199218092366	-0.1834311319061357	0.7118649804029811
1.3410840000000002	0.0006301330428785978	-0.0015026364815698995	-0.20162085963209317	0.6011187517087777
1.3415785	0.0006301330455460303	-0.0015257633891707521	-0.2162917828066958	0.4861389247617333
1.342073	0.0006301330457065216	-0.0015480544810431715	-0.22718660335480306	0.3740746724086407
1.3425675000000001	0.0006301330458980095	-0.0015695899949230566	-0.2341073047434958	0.30137138136508435
1.3430620000000002	0.0006301330484138591	-0.0015904748744026201	-0.23692525048196195	0.2919537237475974
1.3435565	0.0006301330544268273	-0.001610836225167272	-0.23558971574993637	0.29046450413619607
1.344051	0.0006301330636142029	-0.001630820262199699	-0.23013016637766787	0.363193741231504
1.3445455000000002	0.0006301330739615211	-0.0016505879525392643	-0.2206537915372914	0.4717374587001937
1.34504	0.0006301330823736471	-0.001670308764366762	-0.20733984572065894	0.5831768098409447
1.3455345	0.0006301330857910878	-0.0016901531295266438	-0.19043426652063902	0.6902378807513416
1.3460290000000001	0.0006301330819358955	-0.0017102852907955744	-0.1702442378746333	0.7888762890238928
1.3465235000000002	0.000630133069766593	-0.0017308580440577247	-0.1471353376517289	0.8762633639619755
1.347018	0.000630133049886613	-0.0017520094346622295	-0.12152497026847235	0.9502850565978449
1.3475125000000001	0.0006301330243121948	-0.0017738609359422913	-0.09387226033279213	1.0093584092513321
1.3480070000000002	0.0006301329957148536	-0.0017965172726152852	-0.06466906763727784	1.0523136735704495
1.3485015	0.0006301329671426006	-0.0018200679209331673	-0.034429664781576816	1.0784485894473255
1.348996	0.0006301329420089076	-0.0018445886547097693	-0.003678212822767754	1.0876074013662944
1.3494905000000001	0.0006301329229469542	-0.001870140696245988	0.02705969809357341	1.0799826352284825
1.3499850000000002	0.0006301329109983036	-0.0018967667681646476	0.05725849276252044	1.0559486550909571
1.3504795	0.0006301329057452849	-0.0019244858783137725	0.08639747766067436	1.0160360943104814
1.3509740000000001	0.0006301329057686103	-0.001953290097347027	0.11396795212372039	0.9609479148697164
1.3514685000000002	0.0006301329088174057	-0.0019831456695451333	0.13948306112899048	0.8917957839889934
1.351963	0.0006301329125395138	-0.0020139979332286207	0.16248964792627513	0.8104726726826318
1.3524575	0.0006301329150757066	-0.002045777489861581	0.18258191147609848	0.7198601211157162
1.3529520000000002	0.0006301329152891265	-0.002078406091624742	0.19941039383524017	0.6240617868236426
1.3534465	0.0006301329126810713	-0.0021118022120458647	0.21268489253695314	0.5292644156049274
1.353941	0.0006301329073525808	-0.0021458862176687694	0.22217648349757527	0.445568322554629
1.3544355000000001	0.0006301328996529215	-0.002180584869346154	0.2277213218363069	0.38923855391857526
1.3549300000000002	0.0006301328899326656	-0.002215834505834623	0.2292260903218352	0.3790730183237441
1.3554245	0.0006301328785498934	-0.002251581988663022	0.2266704823819709	0.42061484348928424
1.355919	0.0006301328661763619	-0.002287783377294741	0.22010911947382397	0.4999570863649644
1.3564135000000002	0.0006301328542179583	-0.0023244009785980757	0.20966825967705835	0.5989976295743997
1.356908	0.0006301328452167191	-0.0023613988026057577	0.19554119991156124	0.704996540655485
1.3574025	0.0006301328431033979	-0.002398735995079437	0.17798052730494146	0.8098650980735509
1.3578970000000001	0.0006301328528750157	-0.0024363592105305022	0.15729235470458885	0.9080561817243405
1.3583915000000002	0.0006301328798543112	-0.0024741970858233805	0.1338316138272636	0.9955313261534626
1.358886	0.0006301329284877928	-0.002512159493885418	0.1080000119748203	1.0694135675432537
1.3593805	0.0006301330012279532	-0.002550140935512358	0.08024462238554447	1.1276856644216238
1.3598750000000002	0.0006301330971907455	-0.0025880251385867275	0.05105433289192915	1.1690254100581285
1.3603695	0.0006301332117353178	-0.0026256881618975316	0.020948363476790202	1.1926831800344277
1.360864	0.0006301333367621717	-0.0026629986069078865	-0.009537092753742628	1.1981386908262468
1.3613585000000001	0.000630133461918635	-0.00269981600269202	-0.0398595165480561	1.1850704142203425
1.3618530000000002	0.0006301335761074634	-0.0027359897603993558	-0.06948000709955099	1.153494906631227
1.3623475	0.0006301336698229416	-0.002771359509318721	-0.09787218532538176	1.103724996072968
1.362842	0.0006301337370609597	-0.0028057564558775124	-0.12452888362173431	1.0363147237167838
1.3633365000000002	0.0006301337764489176	-0.0028390059536756093	-0.1489701011340133	0.952260331879741
1.363831	0.0006301337911131413	-0.00287093157076852	-0.17075649814765478	0.8531292891021176
1.3643255	0.0006301337880098868	-0.0029013602945465555	-0.18950218337297906	0.7410453050360299
1.3648200000000001	0.000630133776414586	-0.00293012835533893	-0.20487990938631787	0.618849396553454
1.3653145000000002	0.0006301337662044609	-0.0029570870362935426	-0.21662520588307274	0.49045299126756675
1.365809	0.0006301337659592282	-0.0029821081578642566	-0.22453907249132324	0.36234164074679315
1.3663035000000001	0.0006301337813026648	-0.0030050901236972002	-0.22848646265436856	0.2502817187741786
1.3667980000000002	0.0006301338138290048	-0.0030259647452636376	-0.228395755321651	0.19888045851083144
1.3672925	0.0006301338611152436	-0.0030447023729811115	-0.22426030122127474	0.2520981659763788
1.367787	0.0006301339176855999	-0.003061312021167989	-0.2161426797695286	0.36339292769092274
1.3682815000000002	0.0006301339764552415	-0.00307583551332555	-0.20417748375513212	0.4884925955932914
1.3687760000000002	0.0006301340301635211	-0.003088338066877925	-0.18857147229409518	0.611597749655986
1.3692705	0.0006301340725397229	-0.003098899091175181	-0.1695987012215607	0.7263312301939956
1.3697650000000001	0.000630134099349677	-0.003107605808952429	-0.14759270098842767	0.8292993242406614
1.3702595000000002	0.0006301341090087338	-0.0031145502270048574	-0.12293900252927673	0.918193548864636
1.370754	0.0006301341024221625	-0.0031198280040087905	-0.09607053447090844	0.9911722564254468
1.3712485	0.0006301340821998737	-0.003123537573529896	-0.0674632981154372	1.046751902435675
1.3717430000000002	0.000630134051704529	-0.003125779121692133	-0.037628751244094996	1.0838465305772917
1.3722375	0.000630134013897975	-0.0031266533876947583	-0.007102764910932761	1.101826617702844
1.372732	0.0006301339703835734	-0.0031262599520600677	0.023567171401371767	1.1006170142481482
1.3732265000000001	0.0006301339214303941	-0.003124695093461419	0.05383687968665412	1.080695073957136
1.3737210000000002	0.0006301338667386008	-0.003122049901325874	0.08317723387808469	1.0429886528565835
1.3742155	0.0006301338060955097	-0.003118409555486755	0.1110819572187594	0.9886889996229843
1.37471	0.0006301337400108302	-0.0031138539860609458	0.1370706492126889	0.9191772145422523
1.3752045000000002	0.0006301336702457862	-0.00310845831036166	0.16069517593787988	0.8362309658494098
1.375699	0.0006301336000772604	-0.0031022914456539713	0.1815453748138379	0.7424620065853913
1.3761935	0.0006301335338717418	-0.0030954141876495546	0.19925417525381262	0.6418969810608705
1.3766880000000001	0.0006301334761806473	-0.003087879841805584	0.21350498204089735	0.540944659456973
1.3771825000000002	0.000630133430729356	-0.003079739253547853	0.2240425333721185	0.4499077150909945
1.377677	0.000630133399313456	-0.0030710495192368624	0.23067749170939125	0.3846299065720049
1.3781715	0.0006301333811265534	-0.0030618828375739283	0.23328603135273662	0.36409475848410666
1.3786660000000002	0.0006301333729396815	-0.003052331651627772	0.23181099188479415	0.39583408437263345
1.3791605	0.0006301333699402162	-0.0030425087775843903	0.22626392718291893	0.4669742138288306
1.379655	0.0006301333668733871	-0.003032543576129802	0.21672799128061837	0.5585847242252153
1.3801495000000001	0.000630133359119581	-0.00302257594059518	0.20336032242452232	0.6569697050146989
1.3806440000000002	0.0006301333434949867	-0.0030127495232538746	0.18639300105107637	0.7537476585110179
1.3811385	0.0006301333185609346	-0.003003205185234822	0.16612594093413222	0.843832543458499
1.3816330000000001	0.0006301332845269995	-0.002994075429403933	0.14291669518615846	0.9239213673633383
1.3821275000000002	0.0006301332431992031	-0.002985480411174951	0.1171704522932326	0.991673800931547
1.382622	0.0006301331976828114	-0.002977525152065597	0.08933076513706113	1.0454055928369073
1.3831165	0.0006301331514547777	-0.0029702968213088836	0.05987201660679263	1.0838694800610023
1.3836110000000001	0.000630133107463379	-0.0029638615262437603	0.029295277480310966	1.1061603404463816
1.3841055000000002	0.000630133067952776	-0.0029582618003532657	-0.0018771255286359864	1.1116451043303737
1.3846	0.0006301330346091788	-0.002953517042408297	-0.03310934569482026	1.0998817113699721
1.3850945000000001	0.0006301330083146007	-0.002949627303283231	-0.06386102878534067	1.0707203928021487
1.3855890000000002	0.0006301329891797421	-0.0029465773590042887	-0.09359776933876392	1.0244783704209488
1.3860835	0.0006301329769933905	-0.0029443377719402916	-0.12180000686207029	0.962022997003656
1.386578	0.000630132971320369	-0.0029428626252034798	-0.14797337695528984	0.8846810167066049
1.3870725000000002	0.0006301329713602437	-0.002942085874847676	-0.1716546969350241	0.7940139400612236
1.3875670000000002	0.0006301329760826205	-0.002941919540113594	-0.1924170566600231	0.6918794685198103
1.3880615	0.0006301329841235837	-0.002942256225288965	-0.20987890736253703	0.5809239058268499
1.3885560000000001	0.0006301329935492187	-0.0029429756207909326	-0.22371813802968962	0.4654468765063684
1.3890505000000002	0.0006301330021042263	-0.002943952812768202	-0.23368326032836184	0.35338268942814716
1.389545	0.0006301330077238352	-0.0029450667329495605	-0.2395988825436095	0.26261502210169174
1.3900395	0.0006301330090193754	-0.0029462077621785743	-0.24136705467673075	0.230857181254092
1.3905340000000002	0.0006301330058993648	-0.0029472830920750166	-0.23896629311113593	0.2819574062201459
1.3910285	0.0006301330002075821	-0.0029482186492070747	-0.23244538728129255	0.38254409514054866
1.391523	0.0006301329959657194	-0.00294895791264	-0.22191964637457523	0.49969001428632065
1.3920175000000001	0.0006301329990147556	-0.0029494594169471493	-0.20757014265874293	0.6187587241135911
1.3925120000000002	0.0006301330162418511	-0.00294969439523678	-0.1896426978073232	0.7329441250888615
1.3930065	0.0006301330542996268	-0.002949644381841817	-0.16844326919805125	0.8383064690121823
1.393501	0.0006301331180926785	-0.0029492972324981714	-0.14433441578756626	0.9320388209419377
1.3939955000000002	0.0006301332093776653	-0.0029486401724866038	-0.117728841612332	1.011842976644798
1.39449	0.0006301333256080721	-0.00294765165296499	-0.08908045795589256	1.075757401679018
1.3949845	0.000630133459603019	-0.002946296149030357	-0.05887780070034895	1.1221512733866348
1.3954790000000001	0.0006301336004706809	-0.0029445237990103398	-0.027638993864315592	1.1497779774917682
1.3959735000000002	0.0006301337356068047	-0.0029422736111343064	0.004094394629001206	1.1578364904872156
1.396468	0.0006301338530568796	-0.0029394776915064326	0.035764991509725896	1.1460027169333324
1.3969625	0.000630133943289281	-0.002936063866018297	0.06681024739980938	1.1144526968287467
1.3974570000000002	0.0006301340005147609	-0.002931955504659013	0.09667857912919607	1.0639014611830377
1.3979515	0.0006301340235021914	-0.002927069742003593	0.12484705694387217	0.9955311474801876
1.398446	0.0006301340154545845	-0.0029213155420675743	0.15083243069985197	0.9107204724112368
1.3989405000000001	0.0006301339832417991	-0.002914592096360248	0.1741966386366432	0.810849483985347
1.3994350000000002	0.0006301339359837121	-0.002906788630020286	0.1945505403984163	0.6973296229605888
1.3999295	0.0006301338831942192	-0.0028977871361214663	0.21155764818595726	0.5717132981220181
1.4004240000000001	0.0006301338330212953	-0.00288746831905283	0.2249366844935046	0.43589065184839126
1.4009185000000002	0.0006301337911800053	-0.0028757190013818856	0.23446519223427426	0.29227498421379516
1.401413	0.0006301337607842629	-0.002862438352550776	0.2399841984292621	0.14441931391014587
1.4019075	0.0006301337428009314	-0.0028475417794649165	0.2414023654234621	0.11759644919669608
1.4024020000000001	0.0006301337366753869	-0.002830964001482972	0.23869555211756607	0.16966988013841272
1.4028965000000002	0.0006301337409308268	-0.002812663094747746	0.23190442792735108	0.32001109830649094
1.403391	0.0006301337536302523	-0.0027926249637659976	0.2211360343831712	0.46668028586880805
1.4038855000000001	0.0006301337726912083	-0.002770865692049225	0.20656373263144437	0.6058766813222746
1.4043800000000002	0.0006301337960424871	-0.002747429216059876	0.18842835546061837	0.7345065792051219
1.4048745	0.0006301338215443148	-0.0027223804065113558	0.1670393751504846	0.8498788357485534
1.405369	0.0006301338468646207	-0.0026957961574786498	0.1427740196853836	0.9498388138224945
1.4058635000000002	0.0006301338692059893	-0.0026677573524004254	0.11606732307720505	1.0328813130936803
1.4063580000000002	0.0006301338852278506	-0.0026383433811373322	0.08739820855989618	1.0980810387332665
1.4068525	0.0006301338910831674	-0.0026076293279034012	0.057274677492079366	1.1449644007631017
1.4073470000000001	0.0006301338829787567	-0.0025756852418366014	0.02622229120140395	1.1734531719111307
1.4078415000000002	0.000630133857608386	-0.002542577336075032	-0.005225646611202275	1.1835801645402095
1.408336	0.0006301338127787056	-0.0025083702522102685	-0.03653251011289629	1.1753845366865296
1.4088305	0.0006301337479119876	-0.0024731283090768234	-0.06716477371242871	1.1492250779558468
1.4093250000000002	0.0006301336646613015	-0.002436914314909086	-0.0966021000769254	1.1060045512203658
1.4098195	0.0006301335669340605	-0.002399786553241201	-0.12434461347239484	1.047282174676414
1.410314	0.000630133460734367	-0.0023617964635279983	-0.14992008961748146	0.9753024245555404
1.4108085000000001	0.0006301333532416026	-0.0023229891333471976	-0.17289163402048321	0.892909837790729
1.4113030000000002	0.0006301332515630895	-0.0022834059461942684	-0.19286403665877994	0.8035906893607896
1.4117975	0.0006301331612439396	-0.002243086843455567	-0.2094859929635672	0.7122012171513754
1.412292	0.0006301330855231546	-0.002202071192639252	-0.22245563537619867	0.6262610132493309
1.4127865000000002	0.0006301330250829963	-0.0021603987866521917	-0.23153052359456539	0.5569606449034982
1.413281	0.0006301329785658255	-0.00211811292823175	-0.2365384847745739	0.5180896364113273
1.4137755	0.0006301329431664487	-0.0020752661016404947	-0.23738642969314253	0.5199533754006412
1.4142700000000001	0.0006301329154752175	-0.0020319267790624824	-0.23406559618906403	0.5614885101186123
1.4147645000000002	0.0006301328922691633	-0.0019881850150788635	-0.22665136632061622	0.6311691270532676
1.415259	0.0006301328711603181	-0.0019441551153470346	-0.21529604118976028	0.7153218894406246
1.4157535	0.0006301328509434205	-0.0018999749240762253	-0.20021851394274004	0.8032335674882867
1.4162480000000002	0.0006301328314845537	-0.001855802033386636	-0.1816972715694822	0.8875441070296132
1.4167425	0.0006301328132516018	-0.0018118069455530293	-0.16006653315109545	0.9634734796305369
1.417237	0.0006301327966893934	-0.0017681635898386002	-0.13571135636194565	1.028153951535245
1.4177315000000001	0.0006301327820099935	-0.0017250397057378042	-0.10906041520355796	1.0798394345582862
1.4182260000000002	0.0006301327689783403	-0.001682590485446655	-0.08057860394626529	1.11713916480525
1.4187205	0.0006301327570626178	-0.0016409560729071834	-0.050759373382843774	1.1388682945186246
1.4192150000000001	0.0006301327456127298	-0.0016002607087963708	-0.020115389040215353	1.144117040007953
1.4197095000000002	0.0006301327344773757	-0.0015606113846359018	0.01082652855743204	1.1322765319470207
1.420204	0.0006301327243125571	-0.001522095188540357	0.04153024478000952	1.1031423729544192
1.4206985	0.0006301327168046529	-0.0014847766939429365	0.07145614047071272	1.056810304600946
1.4211930000000002	0.0006301327141136935	-0.0014486975912851177	0.10006918213741595	0.9935563336545857
1.4216875000000002	0.0006301327183554384	-0.0014138781790242075	0.12684967171374192	0.9140986048861491
1.422182	0.0006301327306870306	-0.0013803185176936496	0.15131081326539075	0.8198498941995115
1.4226765000000001	0.0006301327508281703	-0.0013479983801060207	0.17301536140974302	0.7128522238228867
1.4231710000000002	0.000630132776710591	-0.0013168765521521806	0.19158615936829979	0.5956003147742552
1.4236655	0.0006301328046719318	-0.001286890459060555	0.20671076323193063	0.4710295138483854
1.42416	0.0006301328299081762	-0.001257957035968769	0.21814411963508992	0.34297975236890127
1.4246545000000002	0.0006301328476807461	-0.001229975306020201	0.22570768387349216	0.2485423295968312
1.4251490000000002	0.0006301328546305606	-0.0012028307189363577	0.229287037246186	0.23985414534580693
1.4256435	0.0006301328496236292	-0.0011764014751777512	0.22883441500416657	0.25179511951386124
1.4261380000000001	0.000630132834129428	-0.0011505671214390003	0.22437107165677736	0.27535185404511886
1.4266325000000002	0.0006301328121841125	-0.0011252176213228408	0.21598358105763982	0.3874174462027695
1.427127	0.0006301327898476183	-0.0011002589374074835	0.2038199946579881	0.5114054684450998
1.4276215	0.0006301327740630501	-0.0010756129048822656	0.1880864361148245	0.6296382425376994
1.4281160000000002	0.0006301327710812214	-0.001051212954022738	0.16904581486986242	0.7389684662947605
1.4286105	0.0006301327848088564	-0.0010269989435162264	0.14701616514034835	0.8368991365057745
1.429105	0.0006301328157541336	-0.0010029131243638073	0.12237107793497595	0.921207868886455
1.4295995000000001	0.000630132861010333	-0.0009788971858506045	0.09553918437951452	0.989883435415079
1.4300940000000002	0.0006301329152237809	-0.0009548892092749907	0.06700068722121245	1.041221308562891
1.4305885	0.0006301329716096197	-0.0009308199284111955	0.037275338050515236	1.0739600056247998
1.431083	0.0006301330233080194	-0.0009066094964841167	0.006907149194638484	1.0874030542312578
1.4315775000000002	0.0006301330647982662	-0.0008821661380387105	-0.023552712925044707	1.081419581413966
1.432072	0.0006301330931856316	-0.0008573866294384104	-0.05355989222908201	1.0563075000948243
1.4325665	0.0006301331084399495	-0.0008321580519509277	-0.08258671771195848	1.012655635661994
1.4330610000000001	0.0006301331130157407	-0.0008063603752064379	-0.11012789310283803	0.9512643104721632
1.4335555000000002	0.0006301331107660944	-0.000779869623891305	-0.13570600841530028	0.8732285636093268
1.43405	0.0006301331056559598	-0.0007525612508081508	-0.15888019954020396	0.7799694577841765
1.4345445000000001	0.0006301331004075039	-0.0007243123404726033	-0.17925166406832815	0.673136926110727
1.4350390000000002	0.000630133096078847	-0.0006950011729186667	-0.19646971805586427	0.5544591942980938
1.4355335	0.000630133092163937	-0.0006645049816755625	-0.21023585595510935	0.42568668667714726
1.436028	0.0006301330871952272	-0.0006326991672058398	-0.22030587931974227	0.2888447584302053
1.4365225000000001	0.0006301330794623117	-0.0005994609629587693	-0.22648922173980418	0.22822127064594194
1.4370170000000002	0.0006301330678500934	-0.0005646776854091175	-0.22865482982406213	0.20628435579549242
1.4375115	0.0006301330523654815	-0.0005282562616218658	-0.2267396024092262	0.21817316825086305
1.4380060000000001	0.0006301330341415527	-0.0004901305919914039	-0.2207548146560081	0.323038579220854
1.4385005000000002	0.0006301330151191611	-0.00045026585407283506	-0.21079171545588785	0.4699145643859105
1.438995	0.000630132997412025	-0.0004086604205362261	-0.19702576824867596	0.6103677380008906
1.4394895	0.0006301329826995404	-0.00036534624278541147	-0.179712687153814	0.7409672633806662
1.4399840000000002	0.0006301329715591992	-0.0003203877966435048	-0.15917634863206093	0.8589488750261625
1.4404785000000002	0.0006301329632077877	-0.0002738791626953029	-0.1357957532614361	0.9621060291298739
1.440973	0.0006301329554941455	-0.00022593937755087693	-0.10999567432295959	1.0487038055845173
1.4414675000000001	0.0006301329456293368	-0.00017670667932528314	-0.0822377672618399	1.1174203165778505
1.4419620000000002	0.0006301329308279597	-0.0001263320251085621	-0.053012721320079455	1.167355815543221
1.4424565	0.0006301329092105486	-7.497197755848298e-5	-0.02283302295195005	1.1981441162093334
1.442951	0.0006301328801695811	-2.27814671888792e-5	0.00777699253626847	1.210052712188874
1.4434455000000002	0.0006301328448692037	3.0092025151810738e-5	0.03829062464369899	1.2039361978005283
1.4439400000000002	0.0006301328058342424	8.351060085259513e-5	0.0681860525884039	1.1808461289144279
1.4444345	0.0006301327665535822	0.0001373436196070161	0.09695080524513092	1.1416048327943902
1.4449290000000001	0.0006301327304348999	0.00019146377313850169	0.12408522202442154	1.0869257929192362
1.4454235000000002	0.0006301327002777312	0.00024574578959442566	0.14910708583037413	1.0180076774314655
1.445918	0.0006301326776385718	0.0003000691375859759	0.1715603879096089	0.9370889252183969
1.4464125	0.0006301326630090353	0.0003543228576299391	0.19102655770036248	0.8479644105746154
1.4469070000000002	0.000630132655899026	0.00040840961512200854	0.20713966327288477	0.7563363978893509
1.4474015	0.0006301326555165288	0.0004622467979457966	0.21960004521083895	0.6700015661128456
1.447896	0.0006301326611058371	0.000515764694894502	0.22818247134724984	0.5991537640545354
1.4483905000000001	0.0006301326725018039	0.0005689031467948304	0.2327409759755665	0.55548387401712
1.4488850000000002	0.0006301326902851099	0.000621607545264502	0.23320782092629547	0.5482738239030475
1.4493795	0.0006301327157503652	0.000673824399055834	0.22958816476206012	0.5785555815909516
1.449874	0.0006301327504827922	0.0007254969566950987	0.2219548889549614	0.6382688694434901
1.4503685000000002	0.0006301327957587629	0.0007765618228082905	0.21044862941467246	0.7157386533769178
1.450863	0.0006301328517375158	0.000826946674421199	0.1952755704861287	0.800650028608515
1.4513575	0.000630132916683912	0.0008765683250510608	0.1766995130965311	0.8852603192599566
1.4518520000000001	0.0006301329867895304	0.0009253311350492793	0.15503459216097462	0.9639043759769204
1.4523465000000002	0.0006301330563527427	0.0009731268501239162	0.13064068788836547	1.0323938299584823
1.452841	0.0006301331187004845	0.001019837585914055	0.1039183839457843	1.0877035312173204
1.4533355000000001	0.0006301331673944769	0.001065343588843985	0.07530677019723751	1.1279397113125427
1.4538300000000002	0.0006301331979380522	0.0011095341653222111	0.045284166964272496	1.1519642854863377
1.4543245	0.0006301332086630271	0.001152316871512279	0.014365723870148532	1.158971947556975
1.454819	0.0006301332012230822	0.0011936216838228794	-0.01690506341205571	1.1483193380483792
1.4553135000000001	0.0006301331800008149	0.0012334007481319647	-0.04796869327344253	1.1196332837091716
1.4558080000000002	0.0006301331513450682	0.001271626135583777	-0.07826467628997918	1.0730088475515096
1.4563025	0.0006301331221024936	0.00130828784942566	-0.10724831317628855	1.00915275403194
1.4567970000000001	0.0006301330983439696	0.0013433933872072814	-0.13440525395875316	0.9293188877934139
1.4572915000000002	0.0006301330839874319	0.0013769683805183101	-0.15926029333858613	0.8351302382150813
1.457786	0.0006301330801671272	0.0014090572145646003	-0.1813841270873667	0.7285000073223797
1.4582805	0.0006301330852719318	0.001439723283126026	-0.20039732274010122	0.6116853032411003
1.4587750000000002	0.0006301330959865253	0.001469048549960668	-0.215975758352621	0.48748380653526363
1.4592695000000002	0.0006301331084502714	0.001497131730798833	-0.22785482130098314	0.35997413457441896
1.459764	0.0006301331194770658	0.0015240849183235086	-0.2358350996088265	0.2548856466887784
1.4602585000000001	0.0006301331274269735	0.0015500296472740482	-0.23978119359389155	0.2452657527748276
1.4607530000000002	0.0006301331326526808	0.001575093693569567	-0.23961931209851778	0.2517907656420291
1.4612475	0.0006301331370629293	0.0015994086592411715	-0.23533498044852044	0.27937812119454974
1.461742	0.0006301331431294243	0.001623106466181203	-0.22697671214630263	0.4050562723148747
1.4622365000000002	0.0006301331527146893	0.0016463129039815223	-0.2146620264493375	0.5317910728645985
1.4627310000000002	0.0006301331659322656	0.001669138753916817	-0.1985811566254334	0.6534554335753551
1.4632255	0.0006301331808632896	0.0016916717708782291	-0.1789995891815923	0.7663976163590988
1.4637200000000001	0.0006301331937355731	0.0017139735825999164	-0.15625797428190363	0.867617947113894
1.4642145000000002	0.0006301331996926751	0.0017360826372666046	-0.13076318188919794	0.954652951012805
1.464709	0.0006301331940166826	0.0017580208767981635	-0.10297422364395055	1.025571301859892
1.4652035	0.0006301331737000697	0.0017798013021136246	-0.07339020894235407	1.0789183913945377
1.4656980000000002	0.000630133138286946	0.0018014345162876769	-0.04253792985832843	1.1137498796567114
1.4661925	0.0006301330900034045	0.0018229333748194807	-0.01095977550522772	1.1295653756464665
1.466687	0.0006301330331459496	0.0018443159545473136	0.020795607832128877	1.126160670167459
1.4671815000000001	0.0006301329737190481	0.0018656071841417557	0.05218034761963155	1.103663234102969
1.4676760000000002	0.0006301329183009323	0.0018868394500730515	0.08265809040362755	1.062641776729705
1.4681705	0.0006301328727956225	0.0019080529821660487	0.11171499509862633	1.0039913235541162
1.468665	0.000630132841218839	0.0019292966320133581	0.1388664143898492	0.9287294606357228
1.4691595000000002	0.000630132825184467	0.0019506287261462603	0.16365950292794826	0.8379020487744322
1.469654	0.0006301328235062447	0.001972116684550506	0.18567552934610293	0.7325912597196143
1.4701485	0.0006301328324903899	0.001993834428797423	0.20453134548169138	0.614101467467341
1.4706430000000001	0.0006301328469806169	0.0020158588949738022	0.21988723017894643	0.48419650520165697
1.4711375000000002	0.0006301328618227382	0.0020382682627399186	0.2314591644381365	0.3450945853524879
1.471632	0.0006301328726715417	0.0020611430687394335	0.23903094617821738	0.20418948459893166
1.4721265000000001	0.000630132876551453	0.002084568274482767	0.24246271666432187	0.1718054459508233
1.4726210000000002	0.0006301328722558024	0.0021086328529799055	0.24169603750843946	0.16871552775581275
1.4731155	0.0006301328602541521	0.002133425054559982	0.2367553866051535	0.25363492539569155
1.47361	0.000630132842250964	0.0021590243059329494	0.2277433226896917	0.40106987921456616
1.4741045000000002	0.0006301328205887962	0.0021854924259936885	0.2148334700948309	0.5425608778127322
1.4745990000000002	0.0006301327976576899	0.0022128664478787002	0.1982649699627353	0.6755132585663157
1.4750935	0.0006301327755743225	0.002241154442170788	0.17833817351564216	0.7974203163829222
1.4755880000000001	0.0006301327564751523	0.0022703346270920087	0.15540788351397009	0.9060091049873974
1.4760825000000002	0.0006301327424262492	0.0023003573189978688	0.12987511241136457	0.9993399599391273
1.476577	0.0006301327353811793	0.0023311495005519083	0.10217829327660484	1.0759599568496743
1.4770715	0.0006301327372641189	0.002362620916958275	0.07278497381346669	1.1349576153536116
1.4775660000000002	0.0006301327499675659	0.002394669539516454	0.0421836729093887	1.175694668974093
1.4780605000000002	0.0006301327746308221	0.0024271857054186242	0.010880883519407795	1.1975170276619074
1.478555	0.0006301328114735928	0.0024600560506964396	-0.020597387884142854	1.1998260787197257
1.4790495000000001	0.0006301328595224374	0.0024931680901530678	-0.05170923052312546	1.1824551932141352
1.4795440000000002	0.0006301329165007528	0.0025264152779589503	-0.08190785624517172	1.1460285817851574
1.4800385	0.0006301329786893249	0.002559700762068337	-0.11065514591421588	1.0919297192386763
1.480533	0.0006301330416817117	0.002592937381374609	-0.13743610666476047	1.0220677763275792
1.4810275000000002	0.0006301331009603008	0.002626044206107697	-0.16177480523414065	0.9387018622769203
1.4815220000000002	0.0006301331527650239	0.002658942953863382	-0.18324481914044935	0.8445441765573826
1.4820165	0.0006301331948298963	0.002691556810555337	-0.20147593768959265	0.7431775564544332
1.4825110000000001	0.0006301332274501959	0.002723811841389897	-0.21616023975982607	0.6397794061851307
1.4830055000000002	0.000630133253612481	0.0027556397647464106	-0.22705494771997298	0.5422649867555039
1.4835	0.0006301332783748988	0.002786980369081821	-0.23398484308086692	0.4630390268201864
1.4839945	0.0006301333077499446	0.0028177822117024707	-0.2368445580670862	0.4191961020622299
1.4844890000000002	0.0006301333476186288	0.002848000969911072	-0.23560119655284303	0.42455109258880336
1.4849835	0.0006301334024534592	0.0028775956408870103	-0.23029066539135667	0.4764808292926756
1.485478	0.0006301334741802103	0.0029065227759884366	-0.2210113559265648	0.5586774522579968
1.4859725000000001	0.0006301335615114411	0.0029347294835286664	-0.20792076235456083	0.6547078768141383
1.4864670000000002	0.0006301336599663105	0.0029621476465326547	-0.1912338797682217	0.7533158593932158
1.4869615	0.0006301337626474225	0.002988691642937656	-0.17122437836049473	0.8474211625567281
1.4874560000000001	0.0006301338615687763	0.0030142591647118306	-0.14822779655583793	0.9322026032096483
1.4879505000000002	0.0006301339491984847	0.003038733134705662	-0.12264363542095157	1.0040267883135328
1.488445	0.0006301340194126908	0.0030619837431193724	-0.09492851205371987	1.0601121397617215
1.4889395	0.0006301340682483035	0.003083871294778288	-0.06558398980603124	1.0984931064401868
1.4894340000000001	0.0006301340942651851	0.0031042514839856967	-0.035141578125043836	1.1180570270267678
1.4899285000000002	0.0006301340986706437	0.0031229837923853606	-0.004151592677572425	1.118570887386037
1.490423	0.0006301340846971119	0.0031399409820780265	0.026829725564214528	1.1004630213894544
1.4909175000000001	0.0006301340568208769	0.003155016480337596	0.05725166114268101	1.0645438676754908
1.4914120000000002	0.0006301340196500237	0.0031681282694616085	0.08657857631033368	1.011864391098121
1.4919065	0.0006301339769752886	0.003179219704359255	0.11429787635934156	0.9437571344505004
1.492401	0.0006301339312743764	0.0031882583646457444	0.13993081209642838	0.861991602288197
1.4928955000000002	0.0006301338840587446	0.003195234034883685	0.16304183147619228	0.7688776726567679
1.4933900000000002	0.0006301338365588818	0.0032001566625014227	0.1832447076425799	0.6674525999552577
1.4938845	0.0006301337905289267	0.0032030552737107847	0.20020421438565142	0.5620551783548761
1.4943790000000001	0.0006301337486215083	0.003203978707271154	0.21363764704550706	0.459537397534183
1.4948735000000002	0.0006301337141142113	0.0032029979203190783	0.2233134765468391	0.3718116361307186
1.495368	0.0006301336902481294	0.0032002081563716547	0.22905511924081337	0.31907173302914826
1.4958625	0.0006301336793526413	0.003195728308495626	0.23075062677966204	0.32268454879096
1.4963570000000002	0.0006301336818624621	0.0031896962356933777	0.22836129792820148	0.38095241938171787
1.4968515000000002	0.0006301336956039611	0.003182262165328818	0.2219267397450558	0.47136418998112617
1.497346	0.0006301337154882584	0.003173582927085119	0.2115665790405209	0.574421088642325
1.4978405000000001	0.0006301337339150673	0.0031638173715389743	0.19747638444176452	0.6787720250932633
1.4983350000000002	0.0006301337421854947	0.003153121767012515	0.17991816394584426	0.7779867744865233
1.4988295	0.0006301337324769251	0.00314164422003636	0.15921404341064604	0.868210544041786
1.499324	0.0006301336994600785	0.003129518625826075	0.13574094083308894	0.9469862641553962
1.4998185000000002	0.0006301336411177406	0.003116860309532442	0.1099230642660064	1.0125585786801452
1.5003130000000002	0.000630133559057388	0.003103765123766168	0.08222191839668301	1.0635518187200617
1.5008075	0.0006301334583481512	0.003090311907545133	0.05312791378792105	1.0989228844416687
1.5013020000000001	0.0006301333466412194	0.0030765674816599113	0.02315078616473135	1.1179449583017387
1.5017965000000002	0.0006301332330354853	0.003062593227073364	-0.007191761395733984	1.1202029323793095
1.502291	0.0006301331266863843	0.003048451981886227	-0.037383212406824816	1.1054489378956078
1.5027855	0.0006301330351656194	0.003034213842178186	-0.06691128206515057	1.0734359776746079
1.5032800000000002	0.0006301329631498757	0.003019958974443063	-0.09526928963324216	1.0240478879404462
1.5037745	0.0006301329120348491	0.003005776119236182	-0.12196062189710727	0.9576419405031052
1.504269	0.0006301328804875201	0.0029917581582278216	-0.14650665969129364	0.8752729206856633
1.5047635000000001	0.0006301328653018774	0.002977998226060088	-0.16845961857664568	0.7786623652710905
1.5052580000000002	0.0006301328622054952	0.0029645887355081685	-0.18741583890275054	0.6700563372635917
1.5057525	0.0006301328667700606	0.002951622556308646	-0.20302899474708372	0.5522066565584917
1.5062470000000001	0.0006301328751018403	0.002939193800738983	-0.21501716653137656	0.4288653075166181
1.5067415000000002	0.0006301328842171765	0.0029273965470321315	-0.22316536541073298	0.30687427735710915
1.507236	0.0006301328919719934	0.0029163221086167344	-0.22732869598631536	0.2044687200572133
1.5077305	0.0006301328968609243	0.002906056597257201	-0.22743425038732304	0.17414542664024163
1.5082250000000001	0.0006301328978311336	0.0028966794864560886	-0.2234825875648452	0.24551697935428304
1.5087195000000002	0.0006301328942451575	0.002888262124557861	-0.21554827894043396	0.3597056084348
1.509214	0.0006301328861617315	0.002880864864096423	-0.20377837788449343	0.48264080266404463
1.5097085000000001	0.0006301328746080537	0.0028745328382673075	-0.18838561899920486	0.6035502989092153
1.5102030000000002	0.0006301328616387319	0.002869290849212776	-0.16964093404674288	0.7177765417240084
1.5106975	0.0006301328504494698	0.0028651375329149563	-0.14786792578154948	0.8224260721810673
1.511192	0.0006301328453469707	0.002862039607381204	-0.12343681649136774	0.9151578087952127
1.5116865000000002	0.0006301328509492254	0.002859927765385127	-0.09676036829762209	0.9936715335065406
1.5121810000000002	0.0006301328713749471	0.002858695963008963	-0.06829473126951494	1.0555487487176214
1.5126755	0.0006301329096661587	0.0028582061142881114	-0.03853869422922276	1.0987279332724993
1.5131700000000001	0.0006301329666761683	0.002858298097569131	-0.008022684510569911	1.1220074332287953
1.5136645000000002	0.0006301330400707711	0.0028588008988799153	0.022703936269869187	1.1250005577191609
1.514159	0.0006301331246785239	0.00285954067553638	0.05308627580770443	1.1079066320238842
1.5146535	0.0006301332133525906	0.0028603450450386566	0.08257673691933934	1.0713042999362972
1.5151480000000002	0.0006301332974916827	0.002861045543180586	0.11064649754920562	1.0160970132983846
1.5156425000000002	0.0006301333686251042	0.0028614802935111763	0.1367936852202076	0.9435611319772103
1.516137	0.0006301334208700196	0.0028614973142597785	0.1605510149855398	0.8555228301467206
1.5166315000000001	0.0006301334520832934	0.002860957270589504	0.1814954340313852	0.7544054829672843
1.5171260000000002	0.0006301334635807368	0.002859734490849993	0.19925844668786133	0.6432472261072559
1.5176205	0.0006301334595929385	0.0028577165357863126	0.2135330492107096	0.5260030677063445
1.518115	0.0006301334466123793	0.00285480340935386	0.22407726834416714	0.4086993734947148
1.5186095000000002	0.000630133432191715	0.0028509070520598683	0.23071509948591915	0.3031538512917029
1.519104	0.0006301334232786269	0.002845951054531519	0.233334760755836	0.2642590207534708
1.5195985	0.0006301334248559616	0.0028398708303470823	0.2318869505529694	0.2618959404431363
1.5200930000000001	0.0006301334391365875	0.0028326149538680347	0.2263849447125567	0.3279344434250322
1.5205875000000002	0.0006301334654638797	0.0028241470559886763	0.2169086576898458	0.4382574807357061
1.521082	0.0006301335012092792	0.002814446067511955	0.20360810816216557	0.5559268098611794
1.5215765	0.0006301335428440686	0.0028035025470737477	0.18670598319822848	0.6708096832918833
1.5220710000000002	0.0006301335867548611	0.0027913104666506075	0.1664942503750384	0.7772929637985224
1.5225655	0.0006301336299331256	0.0027778571551203037	0.14332698919875544	0.8717771968930692
1.52306	0.0006301336703446872	0.0027631163363807513	0.11760890640545107	0.9518273487428169
1.5235545000000001	0.0006301337069307834	0.002747046945207233	0.08978894904562389	1.015664163669699
1.5240490000000002	0.0006301337391837605	0.0027295961096674673	0.0603545242778245	1.0620181324922324
1.5245435	0.0006301337669176658	0.002710703428883035	0.029822599437990604	1.0901359982494236
1.5250380000000001	0.0006301337897572449	0.0026903052974393622	-0.001271195896324958	1.0997332727936546
1.5255325000000002	0.0006301338065314391	0.0026683393498393476	-0.03238149774358036	1.0910551542361335
1.526027	0.0006301338148338146	0.002644749381595138	-0.06296653651285193	1.0649948629054695
1.5265215	0.0006301338116301545	0.0026194907213256857	-0.09250109514903065	1.0229662162390654
1.5270160000000002	0.0006301337940121719	0.0025925352093939483	-0.12048414003085287	0.9667332975284236
1.5275105000000002	0.0006301337602214823	0.0025638750883061256	-0.1464417976764816	0.8984123406769978
1.528005	0.0006301337103676341	0.0025335255467954856	-0.16993162636965836	0.8206475991944735
1.5284995000000001	0.0006301336469341829	0.0025015255888820405	-0.19054763793165166	0.7368182652977526
1.5289940000000002	0.0006301335743840925	0.0024679364183310564	-0.2079245671260666	0.6517345477911538
1.5294885	0.0006301334984861011	0.002432836828332363	-0.22174765565868707	0.5729865022723877
1.529983	0.000630133425236556	0.0023963174808657177	-0.2317632048826274	0.5121093596969177
1.5304775000000002	0.0006301333597573074	0.0023584774280518126	-0.23778602855147932	0.48322742800232926
1.5309720000000002	0.0006301333051848255	0.002319424878709096	-0.23970257993411664	0.49579658755681394
1.5314665	0.0006301332619996923	0.0022792809894400397	-0.23747056867325608	0.5466549419245023
1.5319610000000001	0.0006301332279680866	0.0022381825369172017	-0.23111863933455093	0.6233502566938328
1.5324555000000002	0.000630133198870095	0.002196279957992565	-0.22074704334734044	0.7131590386613363
1.53295	0.0006301331695880889	0.0021537311169472165	-0.20652917798451154	0.8067350015437312
1.5334445	0.0006301331352155283	0.002110693600602752	-0.18871044044147087	0.8976693027737525
1.5339390000000002	0.0006301330923240592	0.002067317573103779	-0.1676033046799731	0.9816144271949595
1.5344335000000002	0.0006301330397893	0.002023739963090724	-0.14357752877062518	1.0555050598621643
1.534928	0.0006301329790437435	0.001980079961243479	-0.11705112297508276	1.1171606605952618
1.5354225000000001	0.0006301329137081185	0.0019364357384066405	-0.08848067057922095	1.1651233680199098
1.5359170000000002	0.0006301328490057987	0.0018928829621914405	-0.058352331718120695	1.198290657267815
1.5364115	0.0006301327903394023	0.0018494753545185037	-0.02717663400683327	1.2157060070644417
1.536906	0.0006301327420477154	0.0018062466066266045	0.004514872076182907	1.2166220401951606
1.5374005000000002	0.0006301327066227257	0.001763213481719419	0.03617489404017714	1.2007086289063635
1.537895	0.0006301326848125802	0.0017203810123956693	0.06725204657164773	1.1680521322974708
1.5383895	0.0006301326756492397	0.001677750159979686	0.09720219074587637	1.119011970661369
1.5388840000000001	0.0006301326771164214	0.0016353267743544515	0.1254996066319504	1.0541438263490304
1.5393785000000002	0.0006301326868412704	0.0015931289434460286	0.15164898979033054	0.9742629110098111
1.539873	0.0006301327028174769	0.0015511892438604498	0.17519438019696462	0.8806604566411701
1.5403675000000001	0.0006301327233957509	0.00150955136278349	0.19572273397156903	0.7754826443277094
1.5408620000000002	0.0006301327473081945	0.0014682646999708384	0.21287009631217688	0.6622197814297057
1.5413565	0.000630132773348064	0.001427380999214112	0.22633303123249524	0.5462063723042336
1.541851	0.0006301328001556803	0.0013869540348195374	0.23587746900959417	0.4359658001369358
1.5423455000000001	0.0006301328259580439	0.0013470409066279586	0.24134403981880553	0.34679904812353723
1.5428400000000002	0.0006301328486333765	0.0013077032275421404	0.2426503173556904	0.30415995429980996
1.5433345	0.0006301328658901388	0.0012690073775505281	0.23978887467593113	0.3275538893443637
1.5438290000000001	0.0006301328757013299	0.001231023606670173	0.23282178238869494	0.40295761968179733
1.5443235000000002	0.0006301328768522794	0.0011938239476221822	0.2218769766727737	0.5031832463571349
1.544818	0.0006301328694275246	0.0011574789531786068	0.20714533440484473	0.6108561223937239
1.5453125	0.000630132855036941	0.0011220531633144605	0.1888793853946639	0.7169715572117284
1.5458070000000002	0.0006301328366434151	0.0010876001768340595	0.16739182968185243	0.8162739720816411
1.5463015000000002	0.0006301328182663715	0.0010541586814831342	0.14305416426448134	0.9051777422123899
1.546796	0.000630132804040598	0.0010217489759595313	0.11628903817075162	0.9811535395663374
1.5472905000000001	0.0006301327973765883	0.0009903686490476042	0.08756019167608874	1.0423860779399894
1.5477850000000002	0.0006301328002727146	0.0009599875408377185	0.057362752694053346	1.0874311945399273
1.5482795	0.0006301328130356996	0.0009305441129009151	0.026216045693725848	1.1149545787039368
1.548774	0.0006301328337128233	0.0009019462427003072	-0.005342561335119961	1.1237383853954068
1.5492685000000002	0.0006301328587867386	0.0008740779246113789	-0.03676476351600212	1.1129540859809832
1.5497630000000002	0.000630132884377494	0.0008468097504686081	-0.06750044912279762	1.0823986973238493
1.5502575	0.0006301329070598661	0.0008200088677368381	-0.09700925653273676	1.0326225129158455
1.5507520000000001	0.0006301329239633689	0.0007935456358837339	-0.12477676484251374	0.9648610254340573
1.5512465000000002	0.0006301329336243364	0.0007672972203891296	-0.15032754901170953	0.8807433471392057
1.551741	0.0006301329365037865	0.0007411493333740157	-0.17323038571108443	0.7821095263667549
1.5522355	0.000630132934676008	0.0007149965665066706	-0.19310232989903897	0.6709966466746375
1.5527300000000002	0.0006301329307651531	0.0006887417170827427	-0.2096122219762529	0.5497074282388383
1.5532245000000002	0.0006301329274129825	0.0006622950081142168	-0.2224845048209848	0.42105434105956974
1.553719	0.0006301329263263205	0.0006355739408011599	-0.2315006405198476	0.3189278776921407
1.5542135000000001	0.0006301329275759319	0.0006085038312970205	-0.23650568264097402	0.31065514682913076
1.5547080000000002	0.0006301329295892496	0.0005810185879085972	-0.23741434698128908	0.30812672231697036
1.5552025	0.0006301329296857378	0.0005530606306055578	-0.23421328730557667	0.30811285808453753
1.555697	0.0006301329249675077	0.0005245792754177171	-0.22695915739940067	0.3339803919645596
1.5561915000000002	0.0006301329134479312	0.0004955290784695659	-0.21577711544051398	0.4644626882649919
1.556686	0.0006301328949398573	0.0004658700227199514	-0.2008570086443356	0.5900829468509737
1.5571805	0.0006301328713425604	0.0004355685476399748	-0.18245192621977666	0.7069450447732324
1.5576750000000001	0.0006301328463147655	0.00040459680275985437	-0.16088021973714725	0.8120883811649697
1.5581695000000002	0.0006301328245384727	0.0003729284084083611	-0.13652355527541396	0.9030415550546417
1.558664	0.0006301328107074804	0.00034053115528571927	-0.10981936918125215	0.9778643363147503
1.5591585000000001	0.0006301328080555305	0.00030735981039710337	-0.08124971319934106	1.035206546604745
1.5596530000000002	0.0006301328175730041	0.0002733522114751129	-0.051327733029836446	1.0743194826916636
1.5601475	0.0006301328376375892	0.00023842934464147323	-0.020583912870802034	1.0949936410356391
1.560642	0.0006301328642527034	0.00020249871575504362	0.010444056057179338	1.097405431479267
1.5611365000000001	0.0006301328915388048	0.0001654604284872016	0.041216405240145075	1.0820926308971885
1.5616310000000002	0.0006301329133530165	0.00012721516008107613	0.07119838513322825	1.0500474301403506
1.5621255	0.0006301329247007708	8.767263214895912e-5	0.09986850024005381	1.0027678894845051
1.5626200000000001	0.0006301329226257325	4.6758793713665365e-5	0.12672808761854423	0.9422991129107953
1.5631145000000002	0.0006301329063332115	4.420390048543538e-6	0.15130924792074366	0.8714162591827943
1.563609	0.0006301328774074189	-3.937288437321959e-5	0.1731845314161632	0.7940175687377123
1.5641035	0.0006301328392037154	-8.462718148324788e-5	0.1919754165546245	0.7154338105334734
1.5645980000000002	0.000630132796054083	-0.000131323029377865	0.2073564406701323	0.6425911745789339
1.5650925000000002	0.0006301327522283878	-0.00017941418080200336	0.21905621849956772	0.5841511721800889
1.565587	0.000630132711250709	-0.00022882861023864007	0.2268618916721227	0.550125917011651
1.5660815000000001	0.000630132675371223	-0.00027947224920856905	0.23062832683321932	0.5490251687462402
1.5665760000000002	0.0006301326457619852	-0.0003312336432732401	0.2302856594345683	0.5828720664972367
1.5670705	0.0006301326228277807	-0.00038398686521050205	0.22584427870748094	0.6455360638601735
1.567565	0.0006301326066894533	-0.0004375915888598397	0.2173965250021899	0.7263856573774835
1.5680595000000002	0.0006301325977038856	-0.0004918919277662276	0.205110946796908	0.8150493752358527
1.5685540000000002	0.0006301325967939756	-0.0005467165375787257	0.18922232426173696	0.9035245824823184
1.5690485	0.0006301326055653103	-0.0006018810517222935	0.17002467942588803	0.986101094786408
1.5695430000000001	0.0006301326259847407	-0.0006571927627952975	0.14786550889104969	1.0587115246479062
1.5700375000000002	0.0006301326597064737	-0.0007124574688062124	0.12314050291767814	1.118609161428624
1.570532	0.0006301327070356971	-0.0007674879987459942	0.09628756054735318	1.1641549458296843
1.5710265	0.0006301327665056303	-0.0008221126933336594	0.06778058815945733	1.1944422991762127
1.5715210000000002	0.000630132834693089	-0.0008761819613088936	0.038119781661804276	1.2091796773289323
1.5720155000000002	0.00063013290663474	-0.0009295711316950031	0.007820965793444514	1.2082858295427892
1.57251	0.0006301329764332843	-0.000982178764694749	-0.022591328512152606	1.1915645772832728
1.5730045000000001	0.0006301330386525065	-0.0010339224469283561	-0.05259097868527523	1.1588942726338345
1.5734990000000002	0.0006301330894859933	-0.0010847348104732679	-0.08165735556744659	1.110433827741827
1.5739935	0.0006301331276297216	-0.0011345603974180708	-0.10927912731355137	1.0467402320141528
1.574488	0.0006301331540876006	-0.0011833522259496502	-0.13496063114486176	0.9688807049480274
1.5749825000000002	0.0006301331718371248	-0.0012310668243226857	-0.15823579037111654	0.8783885476524147
1.575477	0.0006301331848896916	-0.0012776584148641355	-0.17868360279840048	0.7772647848898947
1.5759715	0.0006301331974283132	-0.0013230746929071716	-0.1959404169838526	0.66813389047595
1.5764660000000001	0.0006301332127353251	-0.0013672560795185641	-0.2097056288309187	0.5547840753673324
1.5769605000000002	0.0006301332325706218	-0.0014101383624150455	-0.21974523741991753	0.4435084698581257
1.577455	0.0006301332569121575	-0.0014516569528945501	-0.22589165021070703	0.34625302607921354
1.5779495000000001	0.0006301332843680408	-0.0014917508948764813	-0.22804377447556073	0.28615409078370607
1.5784440000000002	0.0006301333129423476	-0.0015303659035012373	-0.22616693737661278	0.2910283847443385
1.5789385	0.0006301333409046966	-0.0015674559852347594	-0.22029618470190648	0.3571256730653745
1.579433	0.0006301333673654775	-0.0016029827832468092	-0.2105354163423451	0.45457764506045095
1.5799275000000002	0.0006301333922690139	-0.001636913252556332	-0.1970539043226442	0.5619299017446242
1.5804220000000002	0.0006301334159484095	-0.0016692179215153705	-0.1800812921983524	0.6685208684167041
1.5809165	0.0006301334383985258	-0.0016998718115646635	-0.15990412404685633	0.7688364276996905
1.5814110000000001	0.0006301334587236299	-0.0017288589351053016	-0.13686136302857355	0.8596297610357373
1.5819055000000002	0.0006301334747666257	-0.0017561794321960336	-0.1113409875332082	0.938516136418637
1.5824	0.0006301334833169104	-0.001781856130764618	-0.08378020652218221	1.0033584965164937
1.5828945	0.0006301334807471769	-0.0018059377699137745	-0.054662160849852356	1.0522866522299634
1.5833890000000002	0.0006301334639227021	-0.0018284996296140047	-0.02450843752472499	1.083858419225883
1.5838835000000002	0.0006301334308429661	-0.0018496437072650837	0.006133324413352345	1.097147435863637
1.584378	0.0006301333815746108	-0.0018694989517831731	0.036705269532607006	1.0917296707062063
1.5848725000000001	0.0006301333188953109	-0.0018882202500525426	0.06665685459550885	1.0675488945017875
1.5853670000000002	0.0006301332482138062	-0.0019059846368230334	0.09545531196187988	1.0247701389200097
1.5858615	0.0006301331762193944	-0.0019229842188035959	0.12259136079862443	0.963930739458238
1.586356	0.0006301331097783484	-0.0019394168441843878	0.1475869962198088	0.886105371045452
1.5868505000000002	0.0006301330549463998	-0.0019554764285306648	0.1700041239217722	0.7929696070370993
1.5873450000000002	0.0006301330157908901	-0.001971344528828538	0.1894510660232947	0.6868351977373534
1.5878395	0.0006301329937919152	-0.001987184292296705	0.20558879221541984	0.5708442834285091
1.5883340000000001	0.0006301329877722358	-0.002003137814299399	0.21813718333524387	0.4493997175939911
1.5888285000000002	0.0006301329939155494	-0.0020193275540541264	0.22687750817903365	0.32957444793676643
1.589323	0.0006301330062635244	-0.0020358601493005264	0.23165066296095668	0.2791531394280486
1.5898175	0.0006301330178714907	-0.002052829419854659	0.23235915070838223	0.2755161013414086
1.5903120000000002	0.000630133022535409	-0.00207031652306609	0.22897069613169782	0.2745725720057701
1.5908065000000002	0.0006301330160527244	-0.0020883871423610667	0.22152258737760602	0.3582202019814565
1.591301	0.0006301329968637225	-0.0021070881143853484	0.21012667071686827	0.48097504493458026
1.5917955000000001	0.0006301329662631404	-0.0021264468854538436	0.19497340860635912	0.6027563680965252
1.5922900000000002	0.0006301329278949142	-0.0021464743135463636	0.17633077428761562	0.7170466534824124
1.5927845	0.0006301328868363504	-0.00216716848650429	0.1545368691467039	0.8200317772193301
1.5932790000000001	0.0006301328485727738	-0.0021885177171717387	0.12998616239040145	0.9091957029548536
1.5937735000000002	0.000630132817857555	-0.002210502700386059	0.10311869669317852	0.9827150942260344
1.594268	0.0006301327976767331	-0.002233099096855825	0.07441064902626343	1.039220786430289
1.5947625	0.0006301327888834382	-0.002256281579577336	0.04436649958529832	1.0777209374161207
1.5952570000000001	0.0006301327904178608	-0.0022800288953076183	0.01351100168554503	1.0976292636892682
1.5957515000000002	0.000630132800054133	-0.002304328707280407	-0.017620479953279828	1.0988401922543793
1.596246	0.0006301328150020715	-0.0023291812537314604	-0.04849372775518705	1.0817511101153225
1.5967405000000001	0.0006301328326087183	-0.002354600736706419	-0.07858484871020424	1.0471784597509723
1.5972350000000002	0.0006301328508129613	-0.0023806130806267533	-0.10738539196897194	0.9963331432776524
1.5977295	0.000630132868374172	-0.002407249548073739	-0.1344069191101863	0.9308889493623712
1.598224	0.0006301328845180635	-0.0024345372758279448	-0.1591857843765457	0.8529855255951307
1.5987185000000002	0.0006301328987751531	-0.0024624895784205697	-0.18128642754306404	0.7653479941733164
1.5992130000000002	0.0006301329109301019	-0.0024910997713040927	-0.20030835476613773	0.6719115465368485
1.5997075	0.0006301329210930367	-0.0025203402633111258	-0.2158997664784606	0.5789417841896726
1.6002020000000001	0.0006301329296855288	-0.0025501650495795706	-0.22777017358420076	0.4966490182500616
1.6006965000000002	0.0006301329377418173	-0.00258051208085419	-0.23569946544205392	0.44026500735918256
1.601191	0.0006301329470816701	-0.0026113036215096243	-0.23954482991491194	0.42595074949230627
1.6016855	0.0006301329604361849	-0.002642445778153596	-0.23924342729269196	0.45896289840077314
1.6021800000000002	0.0006301329814007124	-0.002673829341490068	-0.23480736263013277	0.5287790221605201
1.6026745000000002	0.0006301330141245439	-0.002705332429460633	-0.22631930700161265	0.6195455690007302
1.603169	0.0006301330626043175	-0.0027368239729480093	-0.21393096317140875	0.7187230109253657
1.6036635000000001	0.0006301331298103313	-0.0027681667993684736	-0.19786178828149154	0.8179581124863734
1.6041580000000002	0.0006301332168020243	-0.0027992195804941353	-0.17839270454864356	0.9116335847704157
1.6046525	0.000630133322102319	-0.002829838202771796	-0.15585818036308838	0.9958951256246491
1.605147	0.000630133441652774	-0.002859877184069834	-0.13063815418587768	1.0679776822905498
1.6056415000000002	0.0006301335689576747	-0.0028891912978808265	-0.10315054111588921	1.1256852629774554
1.6061360000000002	0.000630133695628615	-0.002917638440836838	-0.07384783586066619	1.1672578135231513
1.6066305	0.0006301338124607164	-0.0029450851251341787	-0.04321480968029773	1.191413043394172
1.6071250000000001	0.0006301339112247346	-0.0029714145094296967	-0.011767437279602536	1.1974482615104152
1.6076195000000002	0.0006301339860304462	-0.0029965346770683856	0.019952789569328028	1.1851688835393481
1.608114	0.0006301340341142858	-0.003020383631720653	0.05138662838236188	1.1547511614644668
1.6086085	0.0006301340558655254	-0.0030429283172096052	0.08197175540787563	1.1065713206969092
1.6091030000000002	0.0006301340545982478	-0.0030641582349650856	0.11115810712948557	1.041226193839343
1.6095975000000002	0.000630134035817688	-0.003084077317271345	0.1384247707238328	0.9596786464902314
1.610092	0.0006301340063130825	-0.0031026975745752612	0.16329107432330722	0.8632726189454913
1.6105865000000001	0.0006301339728685719	-0.0031200349238463755	0.18532352979702993	0.7537532068342093
1.6110810000000002	0.0006301339411965023	-0.003136105296570419	0.20414298901414424	0.6331738873806392
1.6115755	0.0006301339151700315	-0.003150920409282975	0.21943011699797166	0.5039049748605282
1.6120700000000001	0.0006301338968694426	-0.0031644841450793556	0.23092907129123888	0.3690522790700375
1.6125645000000002	0.0006301338872754291	-0.0031767902279170243	0.2384531586073996	0.23416513561843397
1.613059	0.0006301338872974353	-0.003187821642312801	0.24188724353473756	0.12018296648986515
1.6135535	0.0006301338984922726	-0.003197551963783053	0.24118330689549008	0.13077903534049642
1.6140480000000001	0.0006301339230565889	-0.0032059479841187073	0.2363547158992652	0.2499590799878344
1.6145425000000002	0.000630133962982815	-0.0032129730897571475	0.22747607224036884	0.38453632095506785
1.615037	0.0006301340187157926	-0.0032185911340811813	0.21468591647538998	0.5178030493622848
1.6155315000000001	0.0006301340879084455	-0.0032227691410296106	0.19818840829460235	0.6446462578667104
1.6160260000000002	0.000630134164770123	-0.003225476879896763	0.178256557455474	0.7617267688992203
1.6165205	0.0006301342402557518	-0.0032266842557824877	0.15523410697855938	0.8663930955151666
1.617015	0.0006301343030793457	-0.0032263596635275136	0.12952946749640523	0.9566479999884163
1.6175095000000002	0.0006301343414833482	-0.0032244721772054868	0.10160492640354377	1.0310978539055387
1.6180040000000002	0.0006301343454982365	-0.003220998349904796	0.07196341594430677	1.088794072955358
1.6184985	0.0006301343091253664	-0.003215930930693808	0.04113473816748024	1.1290943559371573
1.6189930000000001	0.0006301342316204151	-0.003209285533968959	0.009663381807451603	1.1516065053680344
1.6194875000000002	0.0006301341174950279	-0.0032011037198557807	-0.021900824054319683	1.1561871308476708
1.619982	0.0006301339756634814	-0.003191453584141393	-0.0530113403858194	1.1429874588851843
1.6204765	0.0006301338180339023	-0.0031804290425067293	-0.08313592268119281	1.112465100167885
1.6209710000000002	0.0006301336576975887	-0.0031681476294486057	-0.11176697397811626	1.0653991398769196
1.6214655000000002	0.0006301335070574112	-0.00315474638513295	-0.13842993449967284	1.0029141414294558
1.62196	0.0006301333762360687	-0.003140376284831002	-0.16268771431213933	0.9264649197822798
1.6224545000000001	0.0006301332717371355	-0.0031251959930444304	-0.18414238765746097	0.8378784709614905
1.6229490000000002	0.0006301331955656762	-0.003109365403956205	-0.20243434813371794	0.7396339449070954
1.6234435	0.0006301331454273134	-0.003093039157762153	-0.21724520987035076	0.6356257484803511
1.623938	0.0006301331160907984	-0.003076360357002546	-0.22830582320160542	0.5326602823507065
1.6244325000000002	0.0006301331008664281	-0.00305945564627571	-0.23540839796415744	0.4427404162760847
1.6249270000000002	0.0006301330928831258	-0.0030424337873235048	-0.23841611856388734	0.3847182927880528
1.6254215	0.0006301330862995654	-0.003025388579727457	-0.237269934311067	0.37797943937582423
1.6259160000000001	0.000630133077121197	-0.003008403943771903	-0.23199283167959608	0.42394007958984464
1.6264105000000002	0.0006301330636494192	-0.0029915574367523137	-0.22268945415259428	0.5042931155746118
1.626905	0.0006301330463785417	-0.002974919935992502	-0.2095374310820513	0.6000884649972487
1.6273995	0.0006301330274148426	-0.002958552577853839	-0.19278115014768368	0.699246377978665
1.6278940000000002	0.0006301330096117678	-0.002942504186388336	-0.1727278824381985	0.7944078050488529
1.6283885000000002	0.0006301329957961691	-0.0029268110492895205	-0.14974148905665807	0.8808021140660942
1.628883	0.0006301329880544538	-0.0029114985722560674	-0.12423296124881762	0.9551959397424591
1.6293775000000001	0.0006301329872863394	-0.0028965839979894392	-0.09665161221221232	1.0153581569576315
1.6298720000000002	0.0006301329932138684	-0.002882079952514777	-0.06747432416218732	1.059804787856368
1.6303665	0.0006301330049410847	-0.0028679987806060525	-0.03719514552561096	1.0875195827179742
1.6308610000000001	0.0006301330214616023	-0.0028543570730405806	-0.006321196574039483	1.097712889780342
1.6313555000000002	0.0006301330419493555	-0.002841179129965011	0.02462857363007395	1.0897304842444857
1.63185	0.0006301330656647263	-0.002828498398489325	0.055124224201933684	1.0631619680667916
1.6323445	0.0006301330917519419	-0.0028163573587704953	0.08463148309301811	1.0179412331979416
1.6328390000000002	0.0006301331189863659	-0.0028048069566319776	0.11262060481492325	0.9544975567743295
1.6333335000000002	0.0006301331456609542	-0.002793905362377011	0.13858187850544346	0.8739618043347444
1.633828	0.000630133169556083	-0.002783714484686357	0.16204185612555627	0.7782541945409284
1.6343225000000001	0.000630133188297186	-0.0027742927295521472	0.18257577071591416	0.6702069304987198
1.6348170000000002	0.0006301332000055717	-0.002765684991517907	0.19981769508759528	0.553792405167529
1.6353115	0.0006301332040651151	-0.002757913510429269	0.21346749048733027	0.43484132478587495
1.635806	0.0006301332016147634	-0.002750972861616614	0.22329464994636508	0.32378905757070936
1.6363005000000002	0.0006301331955254521	-0.002744829695527921	0.2291394082166068	0.2443082376192168
1.6367950000000002	0.0006301331898085773	-0.002739425232506579	0.23091540404528238	0.2377967190179344
1.6372895	0.0006301331886679041	-0.002734678020382296	0.22861172796293874	0.3085835767747464
1.6377840000000001	0.0006301331957197105	-0.0027304864200976406	0.2222909580597249	0.4153991207528545
1.6382785000000002	0.0006301332134871698	-0.0027267312966965237	0.21208042498553276	0.532053868196923
1.638773	0.0006301332429704763	-0.002723278140873401	0.1981652747755134	0.6476261342088622
1.6392675	0.0006301332836164134	-0.002719977917360524	0.18078414946726415	0.7565923051301928
1.6397620000000002	0.0006301333333913898	-0.0027166676211866168	0.16022856095493776	0.8553498350214285
1.6402565000000002	0.0006301333889614605	-0.002713172000207613	0.13684317733775694	0.9410854626006079
1.640751	0.0006301334465006882	-0.002709307189432408	0.11102870472127682	1.0114644755553168
1.6412455000000001	0.0006301335026447284	-0.0027048860870959633	0.08324081247004636	1.0647223872783187
1.6417400000000002	0.0006301335548063805	-0.002699723810640137	0.05398053945455116	1.0996054240657345
1.6422345	0.000630133600972146	-0.0026936415711902926	0.023780688863566046	1.1152317574506725
1.642729	0.0006301336398193704	-0.0026864698873743167	-0.006806646728912612	1.1111859067351666
1.6432235000000002	0.0006301336710240286	-0.0026780535109180654	-0.03722487101035906	1.087730152942964
1.6437180000000002	0.0006301336951460175	-0.0026682584793584	-0.06692621534791911	1.0457624335216227
1.6442125	0.0006301337131954672	-0.0026569787667774574	-0.09538112244579659	0.9865470689282427
1.6447070000000001	0.0006301337261795612	-0.0026441394435756764	-0.12208706363964121	0.9115513156028835
1.6452015000000002	0.0006301337343945729	-0.002629694984927688	-0.14657936021085005	0.8223532071111282
1.645696	0.0006301337370625488	-0.002613623644718472	-0.16843913117798276	0.7206546882816254
1.6461905000000001	0.000630133732538107	-0.002595920236591216	-0.18730060295143358	0.6083857618759266
1.6466850000000002	0.0006301337192878842	-0.0025765890421642775	-0.20285475644936807	0.48775691008971034
1.6471795000000002	0.0006301336971078731	-0.0025556374095265	-0.21484794941613575	0.3616317259422257
1.647674	0.0006301336679490802	-0.0025330710662040162	-0.223077540581621	0.23583088894817383
1.6481685000000001	0.000630133635950721	-0.0025088927633282096	-0.22739289730134293	0.1335712651379746
1.6486630000000002	0.0006301336066644494	-0.0024831039242505554	-0.2277019688535245	0.14436966874323795
1.6491575	0.0006301335856468809	-0.0024557068733812326	-0.22397906077130203	0.2557883763718387
1.6496520000000001	0.0006301335768904316	-0.0024267058799244054	-0.21627104019135973	0.38665604538022813
1.6501465000000002	0.0006301335815403628	-0.002396106790878783	-0.2047024986312027	0.5178431213391085
1.650641	0.0006301335971415914	-0.00236391649140522	-0.18947548699154962	0.6435112035210057
1.6511355	0.0006301336176713747	-0.002330144228985359	-0.17086287963882593	0.7603328224452063
1.6516300000000002	0.0006301336344245235	-0.0022948049942967796	-0.1491998713933959	0.8657182869411232
1.6521245000000002	0.0006301336379052256	-0.002257922427034342	-0.12487646207062736	0.9575839711996996
1.652619	0.0006301336199800325	-0.0022195291274145147	-0.09832972737950114	1.0344410583092436
1.6531135000000001	0.0006301335758136728	-0.002179665091704681	-0.07003432332307842	1.0954361463075764
1.6536080000000002	0.000630133504852174	-0.002138376792714719	-0.04049204568781321	1.1402645530882225
1.6541025	0.000630133410943215	-0.0020957190304503833	-0.010222326264896326	1.1689279323051718
1.654597	0.0006301333013656845	-0.0020517592777600396	0.020249181444532045	1.1817430383029213
1.6550915000000002	0.0006301331854709135	-0.002006582946408856	0.05040268411208685	1.1791516555721755
1.6555860000000002	0.0006301330728764559	-0.001960298395498634	0.07972833534461572	1.161495593761438
1.6560805	0.0006301329719105074	-0.001913040446988869	0.10772766533121178	1.1289426701315948
1.6565750000000001	0.0006301328883337237	-0.0018649709595614777	0.1339143798058713	1.0816566549567628
1.6570695000000002	0.0006301328248962565	-0.0018162750838575546	0.15782064594699485	1.0203199405134442
1.657564	0.0006301327815066601	-0.0017671531921982266	0.17900591863473767	0.9468047311507545
1.6580585	0.0006301327560978609	-0.0017178107562043042	0.19707157468856756	0.8645963569284049
1.6585530000000002	0.0006301327454393869	-0.0016684495711678075	0.21167504218620953	0.7787251261009212
1.6590475000000002	0.0006301327458366464	-0.0016192620617110581	0.22253865272783674	0.695857088474559
1.659542	0.0006301327537350993	-0.0015704277682786144	0.2294564773131617	0.6243663482388401
1.6600365000000001	0.0006301327662702106	-0.0015221098874003058	0.2322996739819167	0.574331811277086
1.6605310000000002	0.0006301327813691227	-0.0014744507535926282	0.23101657618004673	0.5556359805365774
1.6610255	0.0006301327976036471	-0.0014275677439767108	0.2256312683777839	0.5727953434103932
1.66152	0.0006301328140061223	-0.0013815522147966098	0.21624476503668721	0.6210963969644948
1.6620145000000002	0.0006301328298188439	-0.0013364720689165856	0.20303209788695503	0.6898491800611459
1.6625090000000002	0.0006301328443600304	-0.0012923759529588938	0.18623535412345163	0.7681359707413513
1.6630035	0.0006301328567866556	-0.001249296711894837	0.16615439731982948	0.8475280684643703
1.6634980000000001	0.0006301328661558821	-0.0012072528834120198	0.14313880001866489	0.9222411445962333
1.6639925000000002	0.0006301328717587083	-0.0011662485976445672	0.11757927994574623	0.9883426708620257
1.664487	0.0006301328737501653	-0.0011262727377189113	0.08990260518992559	1.0429633943108165
1.6649815000000001	0.0006301328731780517	-0.0010872979217628417	0.06057155820825064	1.0837985283963871
1.6654760000000002	0.0006301328719333179	-0.0010492806448723817	0.03008591761110371	1.108918012752431
1.6659705000000002	0.0006301328722481589	-0.001012164635191821	-0.0010228087021764984	1.1168142075495568
1.666465	0.0006301328761195103	-0.0009758880278826042	-0.03220332949718755	1.1064633895967693
1.6669595000000001	0.000630132884429994	-0.0009403923678641007	-0.06289770030268078	1.0773598015567571
1.6674540000000002	0.0006301328967004559	-0.0009056300298045681	-0.09255492374607668	1.0295547325674517
1.6679485	0.0006301329110804913	-0.0008715674065244037	-0.12064335430174435	0.9636652630641188
1.6684430000000001	0.0006301329249410577	-0.0008381837935437228	-0.14666223471957662	0.8808063153214678
1.6689375000000002	0.0006301329355869129	-0.0008054682564423844	-0.17015046873298023	0.7824813386436545
1.669432	0.0006301329412737819	-0.0007734170302387045	-0.19069520870355158	0.6705495880942063
1.6699265	0.0006301329416982059	-0.0007420317243785766	-0.2079407978676727	0.5472414408870132
1.6704210000000002	0.0006301329380302429	-0.0007113160350524262	-0.22159525779789793	0.41532973760690545
1.6709155000000002	0.0006301329324114457	-0.000681269717983397	-0.23143389294432515	0.27883200019740645
1.67141	0.0006301329273644152	-0.0006518815074261535	-0.23730126474680316	0.2762483649224136
1.6719045000000001	0.0006301329249096619	-0.0006231230330403029	-0.23910756384012236	0.28083628801168986
1.6723990000000002	0.0006301329256492736	-0.0005949451883606556	-0.23682296692939014	0.2914637171424397
1.6728935	0.0006301329284100992	-0.000567277907233522	-0.23047632963298642	0.33002585841237925
1.673388	0.0006301329303812026	-0.0005400329081630406	-0.22015824871871387	0.4652841082724106
1.6738825000000002	0.0006301329278603137	-0.0005131084604875624	-0.20602382554233603	0.5946972949743109
1.6743770000000002	0.0006301329173911877	-0.00048639514629016806	-0.1882975263871828	0.7150719083126396
1.6748715	0.0006301328969957025	-0.00045978032527172635	-0.16727464177408258	0.823866771265597
1.6753660000000001	0.0006301328667689536	-0.00043314897525836317	-0.1433155905811293	0.918869321065132
1.6758605000000002	0.000630132829069782	-0.00040638148869419404	-0.11683452612194435	0.9981074841306093
1.676355	0.0006301327884712421	-0.00037935156711128566	-0.08829201853689364	1.0598105636307626
1.6768495	0.0006301327513494406	-0.0003519270262907166	-0.05818785963654911	1.1026440455272633
1.6773440000000002	0.0006301327241200261	-0.0003239744454140841	-0.027050390403558125	1.125893984920342
1.6778385000000002	0.0006301327119921917	-0.00029536610817713585	0.004574277450877437	1.1294083152839742
1.678333	0.0006301327181239703	-0.00026598605248710175	0.03613301524122264	1.1134823228121977
1.6788275000000001	0.0006301327429466144	-0.00023573366527112369	0.06707816655248842	1.0788262090557823
1.6793220000000002	0.0006301327835196817	-0.0002045260577589147	0.09687929565050185	1.0266037406594575
1.6798165	0.0006301328339854994	-0.00017230100222851807	0.12503396228971023	0.9583324247679378
1.680311	0.0006301328866995695	-0.00013902032024993796	0.15107174556451028	0.8756988272109136
1.6808055000000002	0.000630132933670703	-0.00010467185459715449	0.17455713819650745	0.7804857104070365
1.6813000000000002	0.0006301329678926861	-6.926890989581612e-5	0.19509058576272947	0.6746698345260529
1.6817945	0.0006301329848408305	-3.2846934147024386e-5	0.21231252534928138	0.5608378998295729
1.6822890000000001	0.0006301329831525705	4.542695171663508e-6	0.22591076006952454	0.4432444364171329
1.6827835000000002	0.0006301329646422315	4.284115977422481e-5	0.23563238353107868	0.3306507753524062
1.683278	0.0006301329336061505	8.199146032192149e-5	0.24129380679508747	0.2448755136774017
1.6837725000000001	0.0006301328958173548	0.00012194630862752031	0.2427863939160453	0.2303747807829795
1.6842670000000002	0.000630132857125853	0.00016267201902689805	0.24007832307798183	0.30089272762202873
1.6847615000000002	0.0006301328221242487	0.00020414720997734306	0.23321399459014006	0.4133731352749398
1.685256	0.000630132793375154	0.00024635832827320903	0.22231286613405837	0.5378178037158153
1.6857505000000002	0.0006301327712545183	0.00028929547213930304	0.20756787663991624	0.6616157206565837
1.6862450000000002	0.0006301327545415569	0.000332950910270357	0.18924533096791307	0.7786302468553606
1.6867395	0.0006301327413033676	0.0003773200089267858	0.16767801412126043	0.8853840412616887
1.6872340000000001	0.0006301327299253706	0.0004224020477779494	0.14325441598879524	0.9796207338984698
1.6877285000000002	0.0006301327196319092	0.0004681990565961256	0.1164081784470018	1.0596504790915435
1.688223	0.0006301327108790772	0.0005147131031779294	0.08760924090552984	1.1242560796513326
1.6887175	0.0006301327051036991	0.0005619436407480201	0.05735160650171261	1.1727233965917168
1.6892120000000002	0.0006301327042559387	0.0006098858832109486	0.02614646756478518	1.2046648640250215
1.6897065000000002	0.0006301327098934156	0.000658529437961432	-0.005479069966121749	1.2198637058037998
1.690201	0.0006301327228124746	0.0007078560911639785	-0.03698503031750931	1.2183841744757
1.6906955000000001	0.000630132742647735	0.0007578367035959615	-0.067826269619872	1.2007150374867819
1.6911900000000002	0.0006301327680097792	0.0008084274564806491	-0.09746311557257233	1.1678534786315882
1.6916845	0.0006301327968673506	0.0008595653582681171	-0.1253738570952089	1.1212526123683828
1.692179	0.0006301328273141981	0.0009111634175262228	-0.15106874432847706	1.0626418301408234
1.6926735000000002	0.000630132857734333	0.0009631071084551131	-0.17409983532095663	0.9938009078537816
1.6931680000000002	0.000630132887134407	0.001015254352783755	-0.19406696442225993	0.9166861516325577
1.6936625	0.0006301329153952421	0.001067440777442049	-0.21062358827086097	0.8342981862778818
1.6941570000000001	0.0006301329433763812	0.00111948956515745	-0.22348457893931445	0.7516033355781013
1.6946515000000002	0.0006301329723268546	0.0011712224173883812	-0.23243381116810957	0.6759823746866039
1.695146	0.0006301330035007394	0.0012224680895892527	-0.23733018923519006	0.6168516847741178
1.6956405	0.000630133037744883	0.0012730671204392852	-0.23810913235742223	0.5836811680329465
1.6961350000000002	0.0006301330752248341	0.001322873807334181	-0.23477968113056888	0.5822806537807839
1.6966295000000002	0.000630133115273234	0.0013717577521142877	-0.2274189404476892	0.6119770995961495
1.697124	0.000630133156506417	0.0014196057253176787	-0.21616594055500146	0.6661840266500503
1.6976185000000001	0.0006301331971364061	0.0014663223731361608	-0.2012181246962999	0.7356232358248717
1.6981130000000002	0.0006301332354769571	0.0015118292984349759	-0.18282936397948515	0.8115662739337332
1.6986075	0.0006301332704761482	0.0015560634459492791	-0.16130888939054802	0.8869768653283899
1.6991020000000001	0.0006301333018025601	0.0015989753453433688	-0.13702311005132262	0.9563914555254962
1.6995965000000002	0.0006301333297914831	0.0016405275194589389	-0.11039296291150473	1.0156899759268991
1.7000910000000002	0.0006301333549323185	0.0016806931937727596	-0.08188416757223214	1.0618819148213041
1.7005855	0.0006301333773954288	0.0017194554984427887	-0.05199537999788891	1.0928756158846005
1.7010800000000001	0.0006301333965778135	0.001756807592999117	-0.021249032257075667	1.107247432930976
1.7015745000000002	0.0006301334112191028	0.0017927536787235513	0.00981573540136604	1.1041481608878125
1.702069	0.0006301334193199908	0.001827309426885772	0.040652931653648305	1.0831741478576602
1.7025635000000001	0.0006301334186853001	0.0018604993336136136	0.07071777547624702	1.044223514283983
1.7030580000000002	0.0006301334075856328	0.0018923501963492323	0.09947671185534812	0.9876063512653064
1.7035525	0.0006301333856460007	0.0019228831135777104	0.1264227058306897	0.9142018121634659
1.704047	0.0006301333541913993	0.001952107565251712	0.15108876899221332	0.8253514013384528
1.7045415000000002	0.0006301333167033165	0.0019800198154522938	0.17305485036161555	0.7227253705063895
1.7050360000000002	0.0006301332785791315	0.0020066056915150694	0.19195158515419106	0.6083351037941416
1.7055305	0.0006301332461061609	0.002031845689935847	0.20746319212262207	0.4846252665434762
1.7060250000000001	0.0006301332247321044	0.002055720391434197	0.219327852287295	0.3550861053313236
1.7065195000000002	0.0006301332177095318	0.0020782161888959886	0.22733980262213696	0.26639706503730815
1.707014	0.0006301332250729252	0.0020993316668163195	0.23135485159241576	0.26899140605462174
1.7075085	0.000630133243271824	0.0021190832987188993	0.23129621328106678	0.27501371302272626
1.7080030000000002	0.0006301332654136517	0.0021375091586272013	0.22716019830687953	0.28428489432619236
1.7084975000000002	0.0006301332823399196	0.0021546710037924593	0.21901811745360014	0.41232297944256807
1.708992	0.0006301332843911882	0.002170655177288896	0.20701466991849682	0.5429054890504941
1.7094865000000001	0.0006301332637238617	0.0021855721269398477	0.1913614844043702	0.6659826053545493
1.7099810000000002	0.0006301332166100504	0.0021995540780548766	0.17233374292722317	0.7781056175733966
1.7104755	0.0006301331444214556	0.0022127502602421927	0.1502680788339705	0.8767264782649612
1.71097	0.0006301330532002395	0.002225320355283697	0.12556122961551902	0.959930779925756
1.7114645000000002	0.0006301329525863177	0.0022374287641877674	0.09866184136953868	1.0262692486505176
1.7119590000000002	0.0006301328540959147	0.0022492422171929987	0.07006024747312997	1.0745697350713947
1.7124535	0.000630132768779602	0.0022609306287617475	0.04027481550333081	1.103887531023362
1.7129480000000001	0.00063013270524838	0.0022726683400041896	0.009839204765683332	1.1136264694320437
1.7134425000000002	0.0006301326686501781	0.002284632617148016	-0.020710650974656557	1.1036722672672419
1.713937	0.0006301326599075013	0.002296998806091026	-0.05084302956219352	1.0742840260179982
1.7144315	0.0006301326751754464	0.00230993353223332	-0.0800337363164397	1.0261000087214378
1.7149260000000002	0.0006301327071701547	0.002323587475502182	-0.10777296384152368	0.96018308151125
1.7154205000000002	0.0006301327473149999	0.0023380888409149673	-0.13357367227614295	0.877983162080323
1.715915	0.0006301327874253989	0.0023535379107049704	-0.1569795349730223	0.7813745981561616
1.7164095000000001	0.0006301328209733179	0.0023700034450146383	-0.177574574061395	0.6726907614284595
1.7169040000000002	0.0006301328441872286	0.0023875223344733154	-0.1949948655574354	0.5547220263375782
1.7173985	0.0006301328562590406	0.002406102353930962	-0.2089346160758262	0.43104573620143904
1.7178930000000001	0.0006301328587351673	0.0024257261712406606	-0.21914825686603423	0.307654125702867
1.7183875000000002	0.0006301328544801769	0.002446355494866259	-0.22545238655887068	0.2002425024679922
1.7188820000000002	0.0006301328468610485	0.0024679357525672365	-0.22773105147908856	0.1599161800314269
1.7193765	0.0006301328390783072	0.002490402253263536	-0.22594033179022516	0.22787275311504743
1.7198710000000001	0.0006301328338468578	0.002513687890820152	-0.22011352153477284	0.34275305793499716
1.7203655000000002	0.0006301328333256746	0.002537730456131354	-0.21036307301155358	0.46709587884717646
1.72086	0.0006301328391856625	0.002562476390655601	-0.1968740264953442	0.589718989433949
1.7213545000000001	0.0006301328528497944	0.0025878793135527124	-0.17989547266515168	0.7056883747501235
1.7218490000000002	0.0006301328757154592	0.0026138951524149706	-0.15973325811745534	0.8118639201647188
1.7223435	0.0006301329091818372	0.00264047732513618	-0.13674228728469545	0.9058944581254977
1.722838	0.0006301329541419722	0.0026675741697501764	-0.11132112765272703	0.9859382587723647
1.7233325000000002	0.0006301330105263131	0.002695128647940262	-0.08390873528602528	1.0505100258204814
1.7238270000000002	0.0006301330769411689	0.0027230791769468905	-0.05498070985537168	1.0984332448514242
1.7243215	0.0006301331505640714	0.0027513610768318078	-0.025041334974242806	1.1290194327218939
1.7248160000000001	0.0006301332270121247	0.0027799081845735984	0.0053870424765337386	1.1421016365125631
1.7253105000000002	0.0006301333010009874	0.00280865340132411	0.03577361737373699	1.138007468783099
1.725805	0.000630133367259992	0.002837526838559373	0.06558825708834723	1.11737627959998
1.7262995	0.000630133421479405	0.0028664515903993786	0.09430966778008784	1.0809913220529808
1.7267940000000002	0.0006301334609824526	0.002895339242204159	0.1214323598272916	1.0298490480091198
1.7272885000000002	0.0006301334855472172	0.0029240871634804116	0.14647152779680514	0.96540326758847
1.727783	0.0006301334973327402	0.0029525778307075414	0.16897242002097504	0.8899422251684456
1.7282775000000001	0.000630133500065857	0.0029806788877708578	0.18852495177158274	0.8067358320899441
1.7287720000000002	0.0006301334980204564	0.003008242421803969	0.2047763964435553	0.7198700956943678
1.7292665	0.0006301334956290229	0.0030351037552290073	0.2174378422835856	0.6340593361785709
1.729761	0.0006301334966873529	0.0030610827734405743	0.2262872864933836	0.5554793247862687
1.7302555000000002	0.0006301335038173499	0.0030859903318635035	0.23117099814992234	0.49317767580012595
1.7307500000000002	0.000630133518443778	0.003109638609628156	0.23200173769119312	0.4589602315688383
1.7312445	0.0006301335410947147	0.0031318523093039536	0.22875877421426077	0.46266357660070406
1.7317390000000001	0.0006301335718729782	0.0031524778023859427	0.22149075252506242	0.5043032384345817
1.7322335000000002	0.0006301336110935325	0.0031713885762848443	0.21031647315181065	0.5738031468344147
1.732728	0.0006301336595587825	0.003188487214290737	0.19542368379061958	0.6585135148886055
1.7332225	0.0006301337182824772	0.0032037046548993664	0.17706645539234123	0.7481050299931835
1.7337170000000002	0.0006301337878297856	0.0032169970430131777	0.15555945168643281	0.8351984717646889
1.7342115000000002	0.0006301338673799121	0.003228341582566285	0.13126954375175348	0.9146922153593188
1.734706	0.0006301339539403536	0.0032377339674282855	0.10461099312727248	0.9830041789049521
1.7352005000000001	0.0006301340420639026	0.003245188339067772	0.07604229993300157	1.0374980878229976
1.7356950000000002	0.000630134124252924	0.0032507379865814997	0.0460616415190959	1.0761510694445422
1.7361895	0.0006301341918231447	0.003254434412338914	0.015198873286120079	1.0974094065990623
1.7366840000000001	0.0006301342361947331	0.003256344000121257	-0.015993336165478416	1.1002866927624146
1.7371785000000002	0.0006301342502922244	0.0032565435357325826	-0.04695455277339148	1.0845780844357231
1.7376730000000002	0.0006301342300188911	0.003255116948616055	-0.07713390482620779	1.0507348557570775
1.7381675	0.0006301341755328858	0.0032521543602726114	-0.10600102668041994	0.9995517517829325
1.7386620000000002	0.0006301340916882051	0.0032477516181075358	-0.1330530244485436	0.9319973763722069
1.7391565000000002	0.000630133987278364	0.003242007177590931	-0.1578199191407106	0.8493814112512537
1.739651	0.0006301338734423133	0.0032350155237698516	-0.17987226591675556	0.7536598713418486
1.7401455000000001	0.0006301337618351126	0.003226859707748447	-0.19882752694616895	0.6477316834933258
1.7406400000000002	0.000630133662752386	0.003217605911224389	-0.21435700646486094	0.5360671033803294
1.7411345	0.0006301335834541197	0.003207301353777994	-0.22619133794623822	0.4264097940204298
1.741629	0.0006301335270183547	0.0031959760498137244	-0.23412732929300684	0.3338391703925088
1.7421235000000002	0.000630133491920918	0.0031836482371182247	-0.23802733507055893	0.2868667479987
1.7426180000000002	0.0006301334725015007	0.0031703324631577106	-0.23781879871114178	0.31225142827632946
1.7431125	0.0006301334604113396	0.0031560486409495663	-0.23349423435757194	0.3960950894703687
1.7436070000000001	0.0006301334467299578	0.003140829215840883	-0.2251136748443106	0.5069255631247507
1.7441015000000002	0.0006301334237641733	0.0031247220913203214	-0.21280709543631032	0.6256163922359124
1.744596	0.0006301333865566886	0.003107789915918012	-0.19677772336981836	0.742511456157214
1.7450905	0.0006301333337259857	0.0030901085688021493	-0.177302245692956	0.8519720055275366
1.7455850000000002	0.0006301332675614425	0.0030717669159458527	-0.1547235501852223	0.950122880139544
1.7460795000000002	0.0006301331931883945	0.0030528672696447474	-0.12943991712166822	1.0339932090455741
1.746574	0.0006301331175347118	0.00303352429415991	-0.10189500348139438	1.1014113457921344
1.7470685000000001	0.0006301330481740107	0.0030138609332203445	-0.07256714886626743	1.1510073384364328
1.7475630000000002	0.0006301329917977325	0.002994002351485023	-0.041961613987790115	1.1820345569635775
1.7480575	0.0006301329523679797	0.002974070864128973	-0.010605162387802349	1.1940755104609668
1.748552	0.0006301329307970609	0.0029541842429981046	0.020962181596726023	1.1869123640583672
1.7490465000000002	0.000630132925585598	0.0029344566222219036	0.052199579982041756	1.1605648867649048
1.7495410000000002	0.0006301329333005992	0.0029149993620228476	0.08257545531576801	1.115285787429954
1.7500355	0.0006301329490484066	0.0028959204527433447	0.11157446112283767	1.0516002926758963
1.7505300000000001	0.0006301329680322311	0.0028773222174823545	0.13870584884672477	0.970333987549012
1.7510245000000002	0.0006301329865940951	0.002859296771109819	0.1635092978161675	0.8726367627217688
1.751519	0.0006301330022349654	0.002841919303968721	0.1855577715212408	0.7600018477996207
1.7520135000000001	0.0006301330135322202	0.0028252407694707438	0.20446143112788892	0.634427070543174
1.7525080000000002	0.0006301330202512656	0.002809282637609041	0.21987784129555454	0.4984398844936913
1.7530025000000002	0.0006301330228796141	0.0027940364344749284	0.23152386453372087	0.35476366207140625
1.753497	0.0006301330222757009	0.002779468475157804	0.2391853592852355	0.20612895794867947
1.7539915000000001	0.0006301330195723181	0.0027655269853537967	0.24272432839433017	0.11996056813400227
1.7544860000000002	0.0006301330161356233	0.0027521484508246066	0.242080877118508	0.12415645509957342
1.7549805	0.000630133013615451	0.0027392622334875194	0.23727108061325766	0.24456926061620185
1.7554750000000001	0.0006301330140362363	0.0027267945739767145	0.22838297896822635	0.38754818734531365
1.7559695000000002	0.0006301330195269882	0.002714673869019499	0.21557404801885477	0.5231885491284409
1.7564640000000002	0.0006301330318524913	0.0027028372597606154	0.19907021832402047	0.6493387751460205
1.7569585	0.0006301330520994487	0.002691235784958873	0.1791627573752234	0.764062019434668
1.7574530000000002	0.0006301330803543633	0.0026798356290054846	0.15620068351188188	0.8656348853268201
1.7579475000000002	0.0006301331153884343	0.002668615653389773	0.13058284155615726	0.9525633196129972
1.758442	0.0006301331545188573	0.0026575628940294234	0.10274872678748684	1.0236363664718178
1.7589365000000001	0.0006301331939706858	0.002646667665425867	0.07316972178447337	1.0778333294629598
1.7594310000000002	0.0006301332293829668	0.002635919354242544	0.04234513202211742	1.1142142946176816
1.7599255	0.0006301332567217564	0.0026253036994876803	0.010798387859780946	1.1319743244367177
1.76042	0.0006301332733805524	0.00261480248949113	-0.02092820850912386	1.13055310743444
1.7609145000000002	0.0006301332790271142	0.002604395617704912	-0.052279860313583726	1.1097797090000352
1.7614090000000002	0.0006301332753993962	0.0025940634689493023	-0.08269885279688399	1.0701070055370487
1.7619035	0.0006301332655629173	0.002583786583733516	-0.11164065509977189	1.0127449101043875
1.7623980000000001	0.0006301332531534558	0.002573541145760421	-0.13859150014694568	0.9394239451995363
1.7628925000000002	0.0006301332419286699	0.0025632921651443214	-0.16307865871890453	0.8521373651890822
1.763387	0.0006301332347677195	0.0025529877427597717	-0.18467722331453365	0.7532579450080824
1.7638815	0.0006301332328335567	0.002542556223972575	-0.20301714142441218	0.645802060004702
1.7643760000000002	0.0006301332353631961	0.0025319060283590447	-0.21778895721674907	0.5339763555629615
1.7648705000000002	0.000630133239997984	0.0025209265228516914	-0.22874713396091131	0.42445337062674937
1.765365	0.000630133243519202	0.00250948854847867	-0.23571680391803285	0.32931573942081066
1.7658595000000001	0.0006301332431130062	0.0024974457287866092	-0.23859663291621883	0.2713804645205321
1.7663540000000002	0.0006301332378146306	0.0024846387687231415	-0.23735736470983432	0.2777014226453847
1.7668485	0.0006301332294247164	0.0024709028459872257	-0.2320358568362178	0.3439553488297006
1.767343	0.0006301332225406907	0.0024560761864734957	-0.22273151122866927	0.4413557524764725
1.7678375000000002	0.0006301332236438997	0.002440008571591865	-0.2096042359951414	0.5499092667337888
1.7683320000000002	0.0006301332392621833	0.0024225689609083936	-0.19287383203042943	0.6595090242890882
1.7688265	0.0006301332740025535	0.0024036510055213114	-0.172821840584274	0.7642957796369372
1.7693210000000001	0.0006301333292372369	0.0023831751006911026	-0.14979228495382552	0.8600251885173694
1.7698155000000002	0.0006301334021297313	0.002361086224617672	-0.12418981573715199	0.9433485777911365
1.77031	0.0006301334855747809	0.0023373488763935068	-0.09647140588886892	1.0117913838123183
1.7708045000000001	0.0006301335689302843	0.0023119421091888745	-0.06713438813645646	1.0637836848320448
1.7712990000000002	0.0006301336399444032	0.0022848574376371786	-0.03670217872866263	1.0984943895522845
1.7717935000000002	0.000630133687065473	0.0022560999502612045	-0.005712717995212123	1.11552270619571
1.772288	0.0006301337020114308	0.002225690132314829	0.02529063663687226	1.1147064418273076
1.7727825000000001	0.0006301336812415193	0.0021936637506848873	0.055765956342127346	1.0962251435986419
1.7732770000000002	0.0006301336265126269	0.0021600695480301652	0.08518329505594109	1.060824660696309
1.7737715	0.0006301335441734997	0.0021249661509454847	0.11303707866942735	1.0098683306245642
1.7742660000000001	0.0006301334439530721	0.002088419314336549	0.13885605369204426	0.9451948786650652
1.7747605000000002	0.0006301333369319706	0.0020504997664630483	0.16220830016001628	0.8690809035740767
1.7752550000000002	0.0006301332336567243	0.0020112806855886534	0.18270723058391586	0.7844821955832947
1.7757495	0.0006301331422897301	0.0019708338721698164	0.20001158566489377	0.6955350586198755
1.7762440000000002	0.0006301330675622993	0.0019292258382548617	0.21382455426903013	0.6083873287597062
1.7767385000000002	0.000630133010485579	0.001886515234816453	0.22389801388914468	0.5325131995708611
1.777233	0.0006301329692003151	0.001842751278117369	0.2300418588634974	0.48171030738457704
1.7777275000000001	0.00063013294009563	0.001797973248856995	0.23213195106641604	0.4707978812808221
1.7782220000000002	0.0006301329189946498	0.0017522125397215523	0.23011774526587217	0.5056646559152886
1.7787165	0.0006301329021589122	0.0017054983713117907	0.2240290223261625	0.57774549603552
1.779211	0.0006301328869478491	0.0016578666127456366	0.21397687248650282	0.6717186761266237
1.7797055000000002	0.000630132872179966	0.0016093690933757813	0.2001473548312132	0.7741425232378965
1.7802000000000002	0.0006301328580542283	0.0015600799530472301	0.1827944443905618	0.8756238502393808
1.7806945	0.0006301328459780798	0.0015100970777988494	0.16223532311965408	0.9700300073194504
1.7811890000000001	0.0006301328377038739	0.0014595395356339813	0.13884459146095549	1.0533478406890775
1.7816835000000002	0.0006301328346568435	0.0014085437953323546	0.11304782055409586	1.1227618815652955
1.782178	0.0006301328371990958	0.0013572605424463596	0.0853117405057466	1.1762077298410127
1.7826725	0.0006301328447524774	0.0013058518785043357	0.05613081018398252	1.212266694585484
1.7831670000000002	0.0006301328558002905	0.0012544880531843048	0.02601523927731805	1.2301112857009997
1.7836615000000002	0.0006301328684496771	0.0012033436269592585	-0.004517273916549745	1.2293514633223794
1.784156	0.0006301328808633133	0.001152593759130834	-0.03494525391494082	1.2098528336474859
1.7846505000000001	0.0006301328920229037	0.0011024111750470582	-0.06474643277711856	1.1715875419478774
1.7851450000000002	0.0006301329014730136	0.0010529633719767743	-0.09340121770270968	1.1147178177408843
1.7856395	0.000630132909270616	0.0010044092846103689	-0.12039874120042868	1.0398920422195685
1.786134	0.0006301329157287429	0.0009568960056113974	-0.14524734061665528	0.9482253228528802
1.7866285000000002	0.0006301329214000186	0.0009105564784914415	-0.16748970474987057	0.8412217116318881
1.7871230000000002	0.0006301329265168297	0.0008655074405374536	-0.18671674538325053	0.7207652539599232
1.7876175	0.0006301329311373719	0.0008218459961609869	-0.20257807122649837	0.5893044355275217
1.7881120000000001	0.0006301329351864359	0.0007796440107169644	-0.2147894707171286	0.4503237826202767
1.7886065000000002	0.000630132938726837	0.000738941424371262	-0.22313822373669154	0.30972792380830944
1.789101	0.0006301329420851374	0.0006997417081509405	-0.2274844675301261	0.22637270819372665
1.7895955000000001	0.0006301329459623422	0.0006620124544289289	-0.22776102591548314	0.21719845502946272
1.7900900000000002	0.0006301329511910197	0.0006256909776060786	-0.2239781459790527	0.24567994504375296
1.7905845000000002	0.0006301329584822595	0.0005906926748859376	-0.21622302910846822	0.34456070805209066
1.791079	0.0006301329680795599	0.0005569195854434638	-0.20465198174957847	0.47318532849908806
1.7915735000000002	0.000630132979214421	0.0005242674064307479	-0.18948051495816615	0.5955967573575575
1.7920680000000002	0.0006301329898982589	0.0004926309181880813	-0.1709764537874257	0.7083518467282424
1.7925625	0.000630132996868998	0.0004619082677850045	-0.14945452289570177	0.8093400385658392
1.7930570000000001	0.0006301329959623605	0.00043200353836454357	-0.12527433275537855	0.8967990950898815
1.7935515000000002	0.0006301329829749311	0.0004028273229270903	-0.0988427495440716	0.9690523758711389
1.7940460000000003	0.0006301329551814039	0.000374296397600275	-0.07061239300823703	1.0245670642726765
1.7945405	0.0006301329122191624	0.0003463334388483026	-0.041077328355681314	1.0620897987851698
1.7950350000000002	0.0006301328565815371	0.0003188664147970072	-0.010763676630555491	1.0807750248942245
1.7955295000000002	0.0006301327934479404	0.0002918264013479994	0.01978195339717483	1.0802386291281199
1.796024	0.0006301327304671496	0.0002651439051385418	0.05000781664034326	1.0605514686062267
1.7965185000000001	0.0006301326762221114	0.0002387457076010233	0.0793699795108905	1.0221447115605649
1.7970130000000002	0.0006301326383654232	0.00021255418570147362	0.10734238872494208	0.9657907136601135
1.7975075	0.0006301326219459567	0.000186489582602511	0.13342614716435086	0.8927267268609193
1.798002	0.0006301326282956317	0.00016047342823254034	0.15716000675565214	0.8047368560662084
1.7984965000000002	0.0006301326544590859	0.00013442971703048532	0.17812885676517115	0.7041237787223262
1.7989910000000002	0.0006301326937837644	0.0001082820053023727	0.19597290415509197	0.593672807746369
1.7994855	0.0006301327371864794	8.19479194598351e-5	0.21039364745829026	0.47676629927792885
1.7999800000000001	0.0006301327752429601	5.5333868033733725e-5	0.22115459255671044	0.3581377291959567
1.8004745000000002	0.0006301328000906107	2.8331790483334738e-5	0.2280765983237098	0.30401085502477476
1.800969	0.0006301328072435729	8.187623732662177e-7	0.23103393026317032	0.28759480352234373
1.8014635	0.0006301327966099759	-2.734051296690377e-5	0.2299571621116479	0.28393251257445
1.8019580000000002	0.000630132772154474	-5.628876450385141e-5	0.2248396265366969	0.2941260521700781
1.8024525000000002	0.0006301327407325021	-8.616930265411399e-5	0.21574258272136393	0.4068620574462831
1.802947	0.0006301327103726477	-0.00011711848812628623	0.20279988543421626	0.5288891418531977
1.8034415000000001	0.0006301326885055795	-0.00014925943360931905	0.18622191414310602	0.6472274405625801
1.8039360000000002	0.0006301326803457135	-0.0001826974857858833	0.1662922308690508	0.7577560946117898
1.8044305	0.0006301326879548092	-0.00021751598887951941	0.14336009122867838	0.8576890065207592
1.8049250000000001	0.0006301327097114537	-0.00025377129941982196	0.11783188357840901	0.9448172926412847
1.8054195000000002	0.0006301327410232116	-0.00029148838346841144	0.09016382187694201	1.017226783882911
1.8059140000000002	0.0006301327755721988	-0.0003306596438363721	0.060850734551268916	1.073291017168132
1.8064085	0.0006301328072080066	-0.00037124821667406863	0.030416553213964893	1.111781322641001
1.8069030000000001	0.0006301328309886496	-0.0004131947020162879	-0.0005963307268133044	1.1321633085182266
1.8073975000000002	0.0006301328441725468	-0.0004564244596407928	-0.031641542994925845	1.1347518879859493
1.807892	0.0006301328463451436	-0.0005008519156196741	-0.06218242710438598	1.1203616825587948
1.8083865000000001	0.000630132839519972	-0.0005463810962722292	-0.09169967303019484	1.0899775354760095
1.8088810000000002	0.0006301328271524586	-0.0005929048528217199	-0.11969571466725701	1.0447070955949878
1.8093755000000002	0.0006301328132875507	-0.0006403048204950816	-0.14569584331231114	0.9857828362141232
1.80987	0.0006301328014243053	-0.0006884528687544823	-0.16924878638304094	0.9148092022648632
1.8103645000000002	0.0006301327940840466	-0.0007372145554892694	-0.18993260763919323	0.8342698241245381
1.8108590000000002	0.0006301327925535058	-0.0007864545331628625	-0.20736652098608613	0.7481352531876694
1.8113535	0.0006301327972829723	-0.0008360431145070848	-0.22122348309589593	0.662628908424064
1.8118480000000001	0.0006301328080761979	-0.0008858625755716982	-0.23123955152331413	0.5872775826143607
1.8123425000000002	0.0006301328245150355	-0.0009358111332621236	-0.23722182102260544	0.5347765003816981
1.8128370000000003	0.0006301328462088349	-0.000985803515610789	-0.23905536152153095	0.5175756645615405
1.8133315	0.0006301328730359771	-0.0010357695968139153	-0.23670473012824841	0.5409512109631107
1.8138260000000002	0.00063013290508899	-0.0010856532403340825	-0.2302130976921568	0.5993061389086692
1.8143205000000002	0.0006301329424200923	-0.0011354116564018723	-0.219700622755598	0.6809486770254686
1.814815	0.0006301329847232486	-0.0011850135092010862	-0.2053638064450093	0.7743978708134769
1.8153095000000001	0.0006301330309432974	-0.0012344336873113104	-0.18746880665917057	0.8706753241800088
1.8158040000000002	0.0006301330792778123	-0.001283644720448899	-0.16634179481983488	0.9630692045889653
1.8162985	0.0006301331272493488	-0.0013326076198152898	-0.1423570682905147	1.04660887713443
1.816793	0.0006301331723998133	-0.001381265943376599	-0.11592691504397078	1.1177515581391677
1.8172875000000002	0.0006301332127562607	-0.001429544937343687	-0.08749332113959245	1.1741254639200942
1.8177820000000002	0.000630133247427847	-0.0014773547483747072	-0.05752415187492774	1.2140263036327013
1.8182765	0.0006301332765230786	-0.0015245953715561928	-0.026515693022369564	1.2360989451018198
1.8187710000000001	0.0006301333010088387	-0.0015711615075353245	0.00500955339573691	1.2394113397219642
1.8192655000000002	0.0006301333218953888	-0.001616946538401532	0.036510140669373164	1.2235272123325867
1.81976	0.0006301333399433787	-0.0016618448955337615	0.06743626430056571	1.188412148589381
1.8202545	0.0006301333552664046	-0.0017057524233814382	0.09724206949733435	1.1343593149207432
1.8207490000000002	0.0006301333676086109	-0.0017485657501596697	0.12539959422431746	1.0619354282861049
1.8212435000000002	0.000630133376502176	-0.0017901827870673553	0.15140959632941675	0.9720018364083486
1.821738	0.0006301333819369554	-0.001830505987728346	0.1748111469324013	0.8660605196795214
1.8222325000000001	0.0006301333845535445	-0.0018694474612485652	0.19519250037905725	0.7463450993960645
1.8227270000000002	0.0006301333859806621	-0.0019069331862277689	0.2122005111916472	0.6155051476151975
1.8232215	0.0006301333886562041	-0.001942904995228143	0.22554643790313894	0.47659411458362905
1.8237160000000001	0.0006301333957881006	-0.00197732115557103	0.23501195455160603	0.3336455293762267
1.8242105000000002	0.0006301334109109136	-0.0020101576104568767	0.24045344241494576	0.19512977799920742
1.8247050000000002	0.0006301334372458571	-0.00204141151144941	0.24179751825518708	0.16923846295650807
1.8251995	0.0006301334767269799	-0.0020711057315401524	0.23903381593163947	0.2029562161376746
1.8256940000000002	0.0006301335290220825	-0.002099290873182445	0.2322101926786551	0.3111485653776812
1.8261885000000002	0.0006301335908639359	-0.002126042482146056	0.2214319527238107	0.4488981411588399
1.826683	0.0006301336558567584	-0.0021514540350700846	0.20686342920438372	0.581239291626829
1.8271775000000001	0.0006301337150581982	-0.002175627917222066	0.18873258428756823	0.7041995949703265
1.8276720000000002	0.0006301337580326285	-0.002198666325778841	0.16733399054482756	0.8150450732830111
1.8281665000000002	0.0006301337746452404	-0.0022206634904097227	0.1430280693138966	0.9116535842930849
1.828661	0.0006301337570247679	-0.0022417006462974996	0.11623228113105206	0.9923635777466149
1.8291555000000002	0.000630133701783278	-0.00226184478882488	0.08741285123842879	1.0557843990338178
1.8296500000000002	0.0006301336113339088	-0.002281150811944707	0.05707617360459124	1.100745247361361
1.8301445	0.0006301334938915092	-0.0022996649697593335	0.025759764893363502	1.1263772928535787
1.8306390000000001	0.0006301333616752502	-0.0023174271431738885	-0.005979768410644633	1.1322461550892218
1.8311335000000002	0.0006301332287072109	-0.0023344710338705386	-0.03757866945550046	1.1184399014402449
1.8316280000000003	0.0006301331083117127	-0.002350824219537335	-0.06847905888107025	1.0855851332016342
1.8321225	0.0006301330110913673	-0.0023665104446588623	-0.0981427739877861	1.0347756408771727
1.8326170000000002	0.0006301329432468712	-0.0023815538278773125	-0.1260639165841339	0.9674168156531704
1.8331115000000002	0.00063013290589445	-0.0023959826417400444	-0.15177593668934097	0.885096405255469
1.833606	0.000630132895340371	-0.0024098308936405764	-0.17485462337964217	0.7895717207126629
1.8341005000000001	0.0006301329042930424	-0.0024231374310447478	-0.19491852385392477	0.6829601716388242
1.8345950000000002	0.0006301329237676748	-0.0024359444970679977	-0.2116276326790487	0.5681761605232291
1.8350895	0.0006301329453436094	-0.002448298750228896	-0.22468785467291721	0.4498953261858352
1.835584	0.0006301329627528445	-0.002460255116594989	-0.2338614921546262	0.33711098748788243
1.8360785000000002	0.0006301329725989433	-0.002471881428433166	-0.2389771398582704	0.25060932913731043
1.8365730000000002	0.0006301329742505881	-0.002483262544891906	-0.23993539629086955	0.23081255637149753
1.8370675	0.0006301329694165965	-0.0024945033692578083	-0.23671480201550224	0.29176533803611915
1.8375620000000001	0.0006301329613315508	-0.0025057292739529263	-0.22937303273736967	0.39402636726349655
1.8380565000000002	0.0006301329538066696	-0.0025170824251457952	-0.21804356668861322	0.5079468701733731
1.838551	0.0006301329504756435	-0.002528713886729112	-0.2029339664411214	0.6212388611640999
1.8390455	0.0006301329539758563	-0.002540773497412404	-0.18432455896189626	0.7281255980990796
1.8395400000000002	0.0006301329655588429	-0.0025534007405606943	-0.1625629737856004	0.8251431218628913
1.8400345000000002	0.0006301329851300735	-0.002566718827550904	-0.13805290439806153	0.909858939751054
1.840529	0.0006301330114692239	-0.0025808317375738826	-0.11124263726317725	0.9805305838769954
1.8410235000000001	0.0006301330423888494	-0.0025958217856129496	-0.08261271095310141	1.0360851230683068
1.8415180000000002	0.0006301330754056954	-0.0026117465144270854	-0.05266235671029083	1.0759111020544312
1.8420125	0.0006301331082583505	-0.0026286363382035764	-0.0219009901291413	1.0995650177910543
1.8425070000000001	0.0006301331391743298	-0.00264649486148862	0.009156098823046813	1.1065926088412381
1.8430015000000002	0.0006301331668499583	-0.0026653023872162855	0.03998734135049988	1.0966155317673036
1.8434960000000002	0.0006301331905792885	-0.0026850211298491983	0.07006805135935598	1.069629365950658
1.8439905	0.0006301332101124256	-0.0027055996420283965	0.09887754431871108	1.0261818551089468
1.8444850000000002	0.000630133225614466	-0.002726975104770745	0.12591059871565932	0.9674175286639838
1.8449795000000002	0.0006301332373479582	-0.0027490742518830246	0.1506897022545935	0.8952007198423421
1.845474	0.0006301332456897342	-0.002771813788821536	0.17277724000781233	0.8121484562844973
1.8459685000000001	0.0006301332511828758	-0.0027951002325339014	0.19178282186977652	0.7216258276655594
1.8464630000000002	0.0006301332548461093	-0.002818829784488046	0.20737044704956598	0.628115215170154
1.8469575000000003	0.0006301332583006932	-0.0028428901274198093	0.21926620443381786	0.5381952215221617
1.847452	0.0006301332637820989	-0.002867165536679372	0.2272650969779924	0.4622752876163252
1.8479465000000002	0.0006301332735742798	-0.0028915444784856667	0.23123657579616275	0.4157532790084804
1.8484410000000002	0.0006301332893880485	-0.002915926583229153	0.23112821197325475	0.4136015401583307
1.8489355	0.0006301333119427015	-0.0029402257899370263	0.22696541502362752	0.4572048637256596
1.8494300000000001	0.0006301333408402153	-0.0029643692679340713	0.21884382765165697	0.5330598276568157
1.8499245000000002	0.0006301333747249109	-0.002988294037679333	0.20692045610558008	0.6254172468679738
1.8504190000000003	0.0006301334118535551	-0.0030119432788103207	0.19140839948529823	0.7230758286341092
1.8509135	0.0006301334508574634	-0.0030352630726227597	0.17257259072780395	0.8190350450813529
1.8514080000000002	0.0006301334915337883	-0.0030581984703632664	0.15072686062410914	0.9085113767958142
1.8519025000000002	0.0006301335351547384	-0.0030806879479842618	0.12623745570592135	0.9877021849302281
1.852397	0.000630133584187383	-0.003102657505542525	0.09952410192570958	1.0534452935718193
1.8528915000000001	0.0006301336412688613	-0.003124016470038425	0.07105327735233447	1.1032393313595388
1.8533860000000002	0.0006301337076075979	-0.0031446560814885447	0.04132732639258217	1.135258881790409
1.8538805	0.0006301337820719074	-0.0031644505150196832	0.010874933554523875	1.1482060912242829
1.854375	0.00063013386093913	-0.0031832597602421847	-0.019759041462431355	1.1412371903079825
1.8548695000000002	0.0006301339383174119	-0.003200934701481335	-0.05002357765043249	1.1140699433172765
1.8553640000000002	0.0006301340070647774	-0.0032173242753718305	-0.07937119998259351	1.0671302159913445
1.8558585	0.0006301340603204126	-0.0032322824489445087	-0.10726969778626279	1.001451098630447
1.8563530000000001	0.0006301340928593413	-0.0032456722826652773	-0.1332157276566675	0.918495845107586
1.8568475000000002	0.0006301341020385997	-0.003257366316813506	-0.15674854730100074	0.8199138181706179
1.857342	0.0006301340884347573	-0.003267245053236357	-0.17745993591649178	0.7074061527752653
1.8578365000000001	0.0006301340564033911	-0.0032751968305218837	-0.1950004027139014	0.5828012529662056
1.8583310000000002	0.0006301340137498162	-0.003281121142778023	-0.2090798427553056	0.4482120141853652
1.8588255000000002	0.0006301339704394174	-0.00328493425401418	-0.2194660280088211	0.306138174342228
1.85932	0.0006301339365696078	-0.0032865745775389325	-0.22598236365555277	0.16045666124035293
1.8598145000000001	0.0006301339202016024	-0.003286006655823548	-0.22851078341122505	0.04626313508532842
1.8603090000000002	0.000630133925611859	-0.003283223881905876	-0.22699639499908394	0.1585917628188816
1.8608035	0.0006301339522749331	-0.003278250441010605	-0.22145416258981956	0.30604209118830394
1.8612980000000001	0.0006301339945986566	-0.0032711423748725795	-0.21197171018579816	0.4504901026073121
1.8617925000000002	0.0006301340425463364	-0.0032619868250870192	-0.1987113044831782	0.5873019561528176
1.8622870000000002	0.0006301340832856787	-0.0032508987148734234	-0.18190495058166836	0.7135427462642199
1.8627815	0.0006301341037862223	-0.0032380155906580363	-0.1618475093503853	0.8267956494253553
1.8632760000000002	0.000630134093729871	-0.0032234916967231906	-0.13889410941141322	0.9248476753595171
1.8637705000000002	0.0006301340478550734	-0.003207490748970028	-0.1134573441286825	1.0058675818157228
1.864265	0.0006301339668378196	-0.003190176705161374	-0.0859992831702284	1.0687368261953272
1.8647595000000001	0.0006301338568794901	-0.003171704252545014	-0.05701941027185849	1.1130837007237975
1.8652540000000002	0.0006301337283577658	-0.0031522127037004414	-0.027042783093759612	1.1389520884341917
1.8657485000000003	0.0006301335940642268	-0.003131825259356349	0.003393502956526864	1.146672322322524
1.866243	0.0006301334666452762	-0.0031106525841728162	0.033755313097214225	1.1366905449406786
1.8667375000000002	0.0006301333564148183	-0.003088797969769476	0.06351975152716284	1.109406684433555
1.8672320000000002	0.0006301332695622136	-0.0030663606681452286	0.09217853181852094	1.0654176248826677
1.8677265	0.0006301332075748723	-0.003043436136770406	0.11924131426564773	1.0057473997223096
1.8682210000000001	0.0006301331678099687	-0.0030201151518210105	0.14423998575349775	0.9318189282721125
1.8687155000000002	0.0006301331451217818	-0.0029964834604252733	0.16673371537182194	0.8456355810045952
1.86921	0.0006301331336846203	-0.0029726219210586564	0.18631981228651606	0.7501215648625316
1.8697045	0.0006301331284819558	-0.0029486070160011754	0.20264465479860877	0.6495034044133988
1.8701990000000002	0.0006301331258869328	-0.0029245117955312774	0.2154119258409364	0.5501581011603568
1.8706935000000002	0.0006301331238712486	-0.0029004074483212584	0.22438786765167382	0.4621217355610739
1.871188	0.000630133121721611	-0.002876365607070849	0.22940423275829722	0.40069670666113477
1.8716825000000001	0.0006301331196125625	-0.002852460554236272	0.2303615523328631	0.38351643728347784
1.8721770000000002	0.0006301331182424249	-0.0028287703133315313	0.2272328432589526	0.41697938659752526
1.8726715	0.0006301331184203687	-0.0028053772868413744	0.22006866136472003	0.48844462030949254
1.873166	0.0006301331207913325	-0.0027823700709979833	0.20899795331454027	0.5792481923567814
1.8736605000000002	0.0006301331256753593	-0.002759846235357217	0.19422329912222352	0.6754245179357303
1.8741550000000002	0.0006301331331703521	-0.002737913252459933	0.176011255517364	0.7684631423721313
1.8746495	0.0006301331430308781	-0.0027166845477633837	0.1546838308744383	0.8535250839506711
1.8751440000000001	0.0006301331547935779	-0.002696270503542742	0.13061012689334037	0.9279694989604169
1.8756385000000002	0.0006301331679748953	-0.002676767358187294	0.10419905899785842	0.9902719240448536
1.876133	0.0006301331820217376	-0.002658247742093453	0.0758942848557446	1.0392025013533843
1.8766275000000001	0.0006301331959414838	-0.0026407553227407858	0.04617410281479928	1.0734603642387062
1.8771220000000002	0.0006301332086376889	-0.0026243036324861955	0.015547748084988718	1.0918710340432156
1.8776165000000002	0.0006301332190690435	-0.0026088772666420837	-0.015453976811091012	1.0936137398401495
1.878111	0.0006301332260551882	-0.0025944341967360104	-0.04628981561496973	1.0782205667273657
1.8786055000000002	0.0006301332283012982	-0.0025809089875958656	-0.07641752864060665	1.0456232682263604
1.8791000000000002	0.000630133225003668	-0.002568216417664364	-0.10530506446649031	0.9962048093705135
1.8795945	0.0006301332159750702	-0.0025562546868547827	-0.1324396626679217	0.9307041122823432
1.8800890000000001	0.0006301332017860119	-0.002544908035830202	-0.15733379350843604	0.8502326634244267
1.8805835000000002	0.0006301331840433269	-0.00253404966400644	-0.1795346856975484	0.7564917777688956
1.8810780000000002	0.0006301331653455787	-0.002523545924161384	-0.19863772300683916	0.6521143957834431
1.8815725	0.0006301331483580482	-0.0025132611130000725	-0.21429858984380518	0.5411620024316451
1.8820670000000002	0.0006301331350999328	-0.0025030605079549443	-0.22624075641741995	0.43003041288213917
1.8825615000000002	0.000630133126602492	-0.0024928106291058757	-0.2342595999592799	0.3301566523710305
1.883056	0.0006301331225797876	-0.0024823785571090953	-0.23822152791624995	0.26431680550632614
1.8835505000000001	0.0006301331213488042	-0.0024716333715628603	-0.23806094074108022	0.26414571539368936
1.8840450000000002	0.0006301331202305894	-0.0024604515786970332	-0.23377842881145913	0.33007533337709904
1.8845395000000003	0.0006301331164220561	-0.0024487251262232837	-0.22544198025877585	0.43079580589189803
1.885034	0.0006301331081983658	-0.0024363683532402265	-0.21318555287746868	0.5436450663617397
1.8855285000000002	0.00063013309601632	-0.0024233209070142953	-0.1972109633544976	0.657265953584253
1.8860230000000002	0.0006301330831225841	-0.0024095457892059783	-0.17778817141909115	0.7652725238880655
1.8865175	0.0006301330752118002	-0.002395023889717363	-0.15525024015165137	0.8635187168293584
1.8870120000000001	0.0006301330790859846	-0.002379746908103955	-0.12998511616968994	0.9490864338098131
1.8875065000000002	0.0006301331012318907	-0.0023637098352317937	-0.1024269162745306	1.0197144216382787
1.888001	0.0006301331459994485	-0.0023469041499553623	-0.07305149007467358	1.0735385844656296
1.8884955	0.0006301332141250499	-0.0023293130610557503	-0.0423705577346036	1.1091002578117752
1.8889900000000002	0.0006301333019812362	-0.0023109091707734157	-0.01092396063988246	1.12539129326041
1.8894845000000002	0.0006301334021981001	-0.0022916537358481613	0.0207315418472639	1.1218843286440434
1.889979	0.0006301335046619309	-0.0022714962665577746	0.05203462290581704	1.09859715425902
1.8904735000000001	0.0006301335978396932	-0.0022503739365199523	0.08243619843045062	1.0560844985908409
1.8909680000000002	0.0006301336705170004	-0.002228212593568449	0.11141246040844957	0.9953122817877968
1.8914625	0.0006301337143056482	-0.0022049315327754776	0.13847161177534412	0.9175935915741875
1.891957	0.000630133725170621	-0.0021804508539782588	0.16315723180193167	0.8246030306240075
1.8924515000000002	0.0006301337040495053	-0.002154697855332788	0.18505369804887387	0.7183941347009607
1.8929460000000002	0.0006301336563854732	-0.0021276099472010953	0.20379118066479496	0.6014395247713885
1.8934405	0.0006301335909455793	-0.0020991336815154344	0.21904976854841027	0.4771836214758529
1.8939350000000001	0.0006301335177641026	-0.002069221781187664	0.2305664930121851	0.35201349411630767
1.8944295000000002	0.0006301334464425472	-0.0020378316840821177	0.2381426766349754	0.24219608123198205
1.894924	0.0006301333846856535	-0.0020049275043999945	0.24164677845868335	0.2015390963212642
1.8954185000000001	0.0006301333371219464	-0.0019704845032342583	0.2410159181074395	0.2546861455873413
1.8959130000000002	0.00063013330461954	-0.0019344945026770052	0.23625540743621518	0.3733646198148189
1.8964075000000002	0.0006301332845462499	-0.0018969711821266526	0.22743787710659236	0.5079316733033853
1.896902	0.0006301332718632364	-0.0018579540063592389	0.21470405302126785	0.6429599631455823
1.8973965000000002	0.0006301332606313062	-0.0018175092230313535	0.19826737149445933	0.7713515763008599
1.8978910000000002	0.0006301332455766881	-0.001775727310620872	0.17841296901058376	0.8888298776344149
1.8983855	0.0006301332231354719	-0.0017327178906822844	0.15549063044700193	0.9925442333294836
1.8988800000000001	0.00063013319231973	-0.0016886040342043635	0.12990445741942497	1.0804554752169893
1.8993745000000002	0.0006301331547042398	-0.0016435173685808643	0.10210268127654763	1.151020615507673
1.8998690000000003	0.0006301331139279688	-0.0015975936188411006	0.07256593095593601	1.2030586906310425
1.9003635	0.0006301330744017053	-0.001550966619154607	0.041799331981490315	1.2359039461492054
1.9008580000000002	0.0006301330403548631	-0.0015037602906425164	0.010327867003477405	1.2495328797986087
1.9013525000000002	0.0006301330144692526	-0.0014560813476169555	-0.021309313473812704	1.2445063397713405
1.901847	0.0006301329974058594	-0.0014080160081770272	-0.05256888935745256	1.221765068596599
1.9023415000000001	0.0006301329878672569	-0.0013596317901086094	-0.08291333177419269	1.182420006032777
1.9028360000000002	0.0006301329835404095	-0.00131098324889601	-0.11182048889584305	1.1276238457258723
1.9033305000000003	0.000630132981674539	-0.001262118766235425	-0.13879291746243055	1.0587116421320881
1.903825	0.0006301329799654421	-0.0012130853961266218	-0.16336650647035172	0.9775650502937141
1.9043195000000002	0.0006301329769152413	-0.0011639310544951053	-0.18511724744171765	0.8866767202813997
1.9048140000000002	0.0006301329720289915	-0.0011147048680641698	-0.20366372519164766	0.7894886831302459
1.9053085	0.0006301329654337507	-0.0010654563934641076	-0.21867416215389454	0.6912859596663996
1.9058030000000001	0.0006301329576466992	-0.0010162344232393162	-0.22987745207558727	0.6002825051303281
1.9062975000000002	0.0006301329492001504	-0.0009670866385991072	-0.23707299823474623	0.5284986952364154
1.906792	0.0006301329405165156	-0.0009180616182556027	-0.24013733090036826	0.49013834341481255
1.9072865	0.0006301329318987696	-0.0008692130815291731	-0.2390268839033412	0.4946206008538668
1.9077810000000002	0.0006301329236898449	-0.0008206041892633687	-0.23377378689686415	0.5389340214541386
1.9082755000000002	0.0006301329164678873	-0.0007723097904509489	-0.22448085213480926	0.6105950166804693
1.90877	0.0006301329110757147	-0.0007244164602553003	-0.21131803894081316	0.6962921445593192
1.9092645000000001	0.000630132908605947	-0.0006770218925466212	-0.19452158705806522	0.7858253951103399
1.9097590000000002	0.0006301329099602066	-0.0006302350112842202	-0.17438997527999253	0.8718916723230747
1.9102535	0.0006301329154600847	-0.0005841763515734756	-0.1512802047040135	0.9491714461775952
1.9107480000000001	0.0006301329243671265	-0.0005389761719231223	-0.12560224915143275	1.0140190552646133
1.9112425000000002	0.000630132934939714	-0.0004947683542165228	-0.09780839946284846	1.0642219526993506
1.9117370000000002	0.0006301329441893485	-0.00045168082060200674	-0.06838288765879162	1.098638269126032
1.9122315	0.000630132948386522	-0.0004098249833373058	-0.037834865013738526	1.1167418874129489
1.9127260000000001	0.0006301329439156709	-0.0003692870500319704	-0.006692578888925279	1.1182927720882925
1.9132205000000002	0.0006301329285326275	-0.00033012290341775604	0.02450464151970967	1.1031211825686928
1.913715	0.0006301329018719376	-0.0002923565351448529	0.055211282683679315	1.0711188274332815
1.9142095000000001	0.0006301328661298632	-0.0002559815487145666	0.08488370327304337	1.0223878964841864
1.9147040000000002	0.0006301328257974744	-0.00022096546200552726	0.11299338808016078	0.9574881113865513
1.9151985000000002	0.0006301327867441508	-0.0001872552595690564	0.1390438785349201	0.8775804805162742
1.915693	0.0006301327549231352	-0.0001547818243246598	0.16258232835007663	0.7843398518868437
1.9161875000000002	0.0006301327355426782	-0.00012346199492253764	0.1832057893057816	0.6798791547494805
1.9166820000000002	0.0006301327313837622	-9.319902946949407e-5	0.20056534848849641	0.5667784616482132
1.9171765	0.0006301327416149764	-6.388367819951438e-5	0.21436918582507647	0.44856409966680266
1.9176710000000001	0.0006301327617852968	-3.539726175474609e-5	0.2243869211567505	0.33153500596714275
1.9181655000000002	0.0006301327850676884	-7.61568533840872e-6	0.23045408227647526	0.30132949333064984
1.9186600000000003	0.0006301328033844402	1.9587726373736415e-5	0.2324771103663259	0.3018193065499734
1.9191545	0.0006301328089861228	4.6341050125732635e-5	0.23043479948711845	0.3101803342242448
1.9196490000000002	0.0006301327962475864	7.277282657382744e-5	0.22437574528972185	0.3393648974944017
1.9201435000000002	0.0006301327631629167	9.900954863306246e-5	0.2144137971794615	0.4548347807751385
1.920638	0.0006301327123803403	0.00012517098562264597	0.20072476495905528	0.5706747051227845
1.9211325000000001	0.0006301326510849306	0.00015136458069910726	0.18354294032670762	0.6811816878905383
1.9216270000000002	0.0006301325894619517	0.00017768115869727817	0.16315982442211677	0.7828713573950118
1.9221215000000003	0.0006301325383994919	0.00020419364488293853	0.13992565971383042	0.8729213913711661
1.922616	0.0006301325075177679	0.00023095871215958827	0.1142471430581446	0.9489656432431083
1.9231105000000002	0.0006301325033409058	0.0002580209888929151	0.08658016334333404	1.0090657389224595
1.9236050000000002	0.0006301325279928871	0.00028542017495153236	0.05742072954661638	1.0517301210804018
1.9240995	0.0006301325784546536	0.00031319984344700913	0.02729133374987877	1.076017892549207
1.9245940000000001	0.0006301326476068909	0.0003414147517954386	-0.003273456371355081	1.0814631209189765
1.9250885000000002	0.0006301327256582444	0.00037013415301695717	-0.03373555192851342	1.0678937962231645
1.925583	0.0006301328019758198	0.0003994409572968353	-0.06355803723210318	1.035440057178377
1.9260775	0.0006301328670572982	0.00042942845016578674	-0.09221390439271387	0.9846857501949188
1.9265720000000002	0.0006301329144950333	0.0004601969571407828	-0.1191979519718863	0.9166844196481175
1.9270665000000002	0.0006301329415075925	0.0004918515126182259	-0.14403753306697173	0.8329076016492136
1.927561	0.0006301329486856503	0.0005244989493243087	-0.16630039960927548	0.7353887689438877
1.9280555000000001	0.0006301329393635435	0.0005582430554136571	-0.18560385468497534	0.6268646101644821
1.9285500000000002	0.0006301329189467757	0.0005931788799264471	-0.20161736662289131	0.5110788993768335
1.9290445	0.0006301328933015904	0.0006293879431898768	-0.21406330195384154	0.3941501652936903
1.9295390000000001	0.0006301328675156159	0.0006669354825866823	-0.22271838200589297	0.28928698756954574
1.9300335000000002	0.0006301328452657077	0.0007058697677064658	-0.22741867582672293	0.23602395918517813
1.9305280000000002	0.0006301328287796848	0.0007462222142462173	-0.22806575436919785	0.2580118982688187
1.9310225	0.00063013281893071	0.0007880070985528597	-0.22463395519306595	0.3538483746220435
1.9315170000000002	0.0006301328155937562	0.0008312206390363959	-0.21717553377208068	0.4775365768904635
1.9320115000000002	0.000630132818034401	0.0008758392980296827	-0.205822258098651	0.6077974581531169
1.932506	0.000630132825265064	0.0009218165657809137	-0.1907801264412955	0.735708240418422
1.9330005000000001	0.000630132836555886	0.0009690779737969623	-0.17232236862861527	0.8558372006081573
1.9334950000000002	0.0006301328514691401	0.001017516578572948	-0.1507819485787848	0.9640049017028922
1.9339895000000003	0.000630132869757197	0.0010669925544857647	-0.12654660453647473	1.0569448143455429
1.934484	0.000630132891032585	0.0011173382816609366	-0.10005313804597253	1.1323458392948234
1.9349785000000002	0.0006301329146627174	0.0011683670400994414	-0.07178015501687147	1.188772795143355
1.9354730000000002	0.0006301329394109599	0.0012198823853316887	-0.042236776525056995	1.2256082976140246
1.9359675	0.0006301329637760695	0.001271685984709363	-0.011948128134888561	1.2427010081302745
1.9364620000000001	0.0006301329862936507	0.0013235836016973217	0.018556140263727726	1.2402041376907766
1.9369565000000002	0.0006301330059001531	0.0013753905693294933	0.04874839825170173	1.218677833344576
1.9374510000000003	0.0006301330218654677	0.0014269372111640147	0.07810783592704737	1.17916654229729
1.9379455	0.0006301330342666747	0.0014780729137741254	0.10612700819247135	1.123069752460874
1.9384400000000002	0.0006301330439040965	0.0015286675011459403	0.13231397900328176	1.0520532099449948
1.9389345000000002	0.0006301330519640034	0.0015786100221722374	0.15619924093326185	0.9682363270462839
1.939429	0.0006301330593981587	0.0016278058462203377	0.17734848945215337	0.8744200394035191
1.9399235000000001	0.000630133066866352	0.0016761728568288638	0.1953759740277506	0.7743715416012096
1.9404180000000002	0.000630133074709567	0.0017236371983575048	0.20995346154282923	0.6731274793365409
1.9409125000000003	0.0006301330832302826	0.001770129287757125	0.22081797974584652	0.5775866661148624
1.941407	0.0006301330929898157	0.0018155817655304924	0.22777673019637956	0.49776335760048507
1.9419015000000002	0.0006301331051391787	0.0018599308511089243	0.23070725021400204	0.4477403167701082
1.9423960000000002	0.0006301331216120683	0.0019031200730570794	0.22955855300514774	0.44116840953723846
1.9428905	0.0006301331451118543	0.0019451028779891785	0.22435376864626777	0.4799115400824216
1.9433850000000001	0.0006301331788463098	0.0019858411197159853	0.2151921828291827	0.5512922248023389
1.9438795000000002	0.0006301332258353645	0.002025299766628862	0.2022449812205887	0.6391709719153974
1.944374	0.0006301332879623117	0.0020634409457187266	0.1857478061933414	0.7314363204782753
1.9448685000000001	0.000630133364693461	0.0021002201270420157	0.16599146129405215	0.8204456704842146
1.9453630000000002	0.0006301334522074313	0.002135585435276395	0.14331319330000442	0.9014931364050529
1.9458575000000002	0.0006301335430663219	0.0021694791977622803	0.1180923870258181	0.971400138003805
1.946352	0.0006301336270780716	0.0022018402666572462	0.09074916946390472	1.0277630130460274
1.9468465000000001	0.00063013369293544	0.0022326070737454995	0.06174251365763798	1.0687392598077678
1.9473410000000002	0.0006301337305033923	0.0022617220964162416	0.031567095268370066	1.093022128929259
1.9478355	0.0006301337327587305	0.002289137372925667	0.0007468630882898661	1.0998219229009698
1.9483300000000001	0.0006301336975371336	0.0023148203564148976	-0.03017488584957112	1.0889378788254587
1.9488245000000002	0.0006301336282972211	0.0023387594950171615	-0.06064904131391059	1.0607650155874853
1.9493190000000002	0.0006301335340067627	0.0023609691522751635	-0.09013485985944106	1.016142961211275
1.9498135	0.00063013342752957	0.002381493816844004	-0.11810910651482914	0.9561237525857587
1.9503080000000002	0.0006301333229697776	0.0024004098751111602	-0.14407368468929066	0.8818874532501931
1.9508025000000002	0.0006301332325879057	0.002417822287312353	-0.16756582355409252	0.7949152311357102
1.951297	0.0006301331647547625	0.002433856362625244	-0.1881683203143328	0.6973970894773466
1.9517915000000001	0.0006301331228550724	0.002448648346975179	-0.20551840938372207	0.5927749973284047
1.9522860000000002	0.0006301331051162168	0.0024623387759418985	-0.21931551445147404	0.48656617957008647
1.9527805000000003	0.0006301331054201027	0.0024750700520571197	-0.22932731546472487	0.38796589363564676
1.953275	0.0006301331149805774	0.0024869868690008128	-0.23538728826497865	0.31351911094891216
1.9537695000000002	0.0006301331244076063	0.0024982363459542857	-0.2373893770907756	0.2887732643224174
1.9542640000000002	0.0006301331259687152	0.0025089658458869925	-0.2352881860924937	0.3272006789061484
1.9547585	0.0006301331153421915	0.0025193191334495204	-0.22910130546074814	0.41038670794737614
1.9552530000000001	0.0006301330921076066	0.0025294323798361463	-0.21891197087752834	0.5139590285287929
1.9557475000000002	0.0006301330593000097	0.002539430505492849	-0.20487349053424722	0.6232349152973952
1.9562420000000003	0.0006301330222970324	0.0025494237611612463	-0.18721257254338322	0.7301213962410092
1.9567365	0.0006301329874493838	0.0025595048352761514	-0.166227017997753	0.8296201419805743
1.9572310000000002	0.0006301329604189068	0.0025697471173904514	-0.14228003334946276	0.9181861449321691
1.9577255000000002	0.0006301329451933055	0.0025802041913642903	-0.1157920325286878	0.9931595146687088
1.95822	0.0006301329437409717	0.0025909099049253883	-0.08723098911540514	1.052532519438728
1.9587145000000001	0.0006301329556106268	0.002601878595720504	-0.05710318081171886	1.0947827204274532
1.9592090000000002	0.0006301329778453078	0.0026131062502087305	-0.02594518856883054	1.1188226900028049
1.9597035000000003	0.0006301330058913632	0.002624574999169737	0.0056871406417421735	1.1240047231200099
1.960198	0.0006301330347899889	0.002636262399693447	0.03723322483615591	1.1101727923434381
1.9606925000000002	0.0006301330600656141	0.0026481526282011235	0.06814348156410661	1.0776181550133683
1.9611870000000002	0.000630133078392213	0.0026602446849963513	0.09788928436339883	1.0269899188723077
1.9616815	0.0006301330884335453	0.0026725550503854784	0.12597107666850002	0.9591949522609813
1.9621760000000001	0.0006301330908866503	0.002685115296541908	0.15192092886805358	0.8753027378178271
1.9626705000000002	0.0006301330876301223	0.002697967226036809	0.17530419004372577	0.776499464780053
1.963165	0.0006301330808875051	0.002711158364620128	0.1957202579973309	0.6641930524614442
1.9636595000000001	0.0006301330730791839	0.0027247388179829925	0.21281030573580276	0.5402698725422524
1.9641540000000002	0.0006301330664947144	0.002738758753152147	0.2262671687433359	0.4073944990044574
1.9646485000000002	0.000630133062886228	0.002753265937727273	0.23584515778933232	0.27000259766998946
1.965143	0.0006301330633657428	0.0027683035212736863	0.24136606066820562	0.14387096877515507
1.9656375000000001	0.0006301330685641702	0.0027839082529599844	0.24272585256721382	0.1270086066011519
1.9661320000000002	0.000630133078653364	0.0028001083374738396	0.239898543713952	0.2255620691046057
1.9666265	0.0006301330934381863	0.002816920479220552	0.2329337410061914	0.36613359069792906
1.9671210000000001	0.0006301331123288938	0.0028343475620207486	0.22195584634960452	0.5065395929693557
1.9676155000000002	0.0006301331341143242	0.002852378236505111	0.20716433798656075	0.6405908428585381
1.9681100000000002	0.0006301331570574106	0.002870987866747608	0.18883061747175928	0.7650612297037923
1.9686045	0.0006301331791565105	0.002890138617428164	0.16728918511477833	0.8776969463464716
1.9690990000000002	0.0006301331984458416	0.002909776516923667	0.1429267618841258	0.9765982788392985
1.9695935000000002	0.0006301332135304752	0.002929826051085949	0.11616940279826682	1.0599485161797686
1.970088	0.0006301332242650307	0.002950186217130244	0.0874710305252156	1.1260767302389667
1.9705825000000001	0.000630133231738313	0.0029707317627217914	0.05730813391128298	1.1735470869017228
1.9710770000000002	0.0006301332380895568	0.002991319668685545	0.02617914145651644	1.2012989366396107
1.9715715000000003	0.0006301332462594852	0.0030117984932209675	-0.005398516646570474	1.2087819522551746
1.972066	0.0006301332593924188	0.003032017866927052	-0.0368921750376965	1.195884755018974
1.9725605000000002	0.0006301332796581854	0.0030518359817736183	-0.06776015711394749	1.1629011058646126
1.9730550000000002	0.0006301333074848276	0.0030711246619709994	-0.09746395697689475	1.1106630917978266
1.9735495	0.0006301333413945754	0.0030897724932091425	-0.12548102456653282	1.0405223434039257
1.9740440000000001	0.0006301333784117201	0.0031076857064519427	-0.15131599544786123	0.9541457887047535
1.9745385000000002	0.0006301334147354547	0.0031247870249498585	-0.17451011183211798	0.8535520257887076
1.9750330000000003	0.0006301334467677865	0.0031410137042522947	-0.19465154164426718	0.7413049726657579
1.9755275	0.0006301334719979488	0.00315631580793273	-0.21138504016354462	0.6208907593072903
1.9760220000000002	0.0006301334896394081	0.0031706544618097074	-0.22441934577701422	0.4975167424234946
1.9765165000000002	0.0006301335008905137	0.0031839985240512663	-0.23353480380158953	0.38000546104992255
1.977011	0.0006301335091860199	0.0031963192351704764	-0.23858987644821528	0.28602479590414964
1.9775055000000001	0.0006301335201259463	0.003207585040968623	-0.23952114891403203	0.24906528153561286
1.9780000000000002	0.0006301335407696898	0.003217759604769573	-0.23633571507201498	0.29093926985518215
1.9784945000000003	0.0006301335783081948	0.003226803742285655	-0.22910281999291113	0.38361028260460833
1.978989	0.000630133638249415	0.003234678794197315	-0.21795003858495632	0.49508891969100893
1.9794835000000002	0.0006301337226097455	0.0032413479649829754	-0.20306254162726164	0.6098073351162071
1.9799780000000002	0.0006301338286848288	0.0032467741756646595	-0.1846841557593862	0.7201445622079794
1.9804725	0.0006301339487592452	0.003250915540546167	-0.16311949195353323	0.8214240232592969
1.9809670000000001	0.0006301340708413742	0.0032537206952259977	-0.13873470443333336	0.910304566582717
1.9814615000000002	0.0006301341802721301	0.003255126155710619	-0.11195156059162806	0.9843612377994283
1.981956	0.0006301342620915795	0.003255056387357809	-0.08323930061941523	1.0418220115540684
1.9824505000000001	0.0006301343039031087	0.003253426241244055	-0.053106615360929664	1.0814891083073925
1.9829450000000002	0.0006301342984518385	0.003250146054431004	-0.022091108305675875	1.1027844504504656
1.9834395000000002	0.0006301342451869906	0.003245129160866578	0.00925181859011173	1.1056600919993094
1.983934	0.0006301341503601183	0.0032382998255955264	0.040358503932476024	1.0905474592577074
1.9844285000000002	0.0006301340255751916	0.003229599541793505	0.07067018542612692	1.058479846000296
1.9849230000000002	0.000630133885397294	0.0032189913105972437	0.09964856735311352	1.01116621897236
1.9854175	0.0006301337446304017	0.0032064629084008842	0.12678932643448623	0.9509544612170461
1.9859120000000001	0.0006301336159241399	0.0031920303661927274	0.15163202636314654	0.8807044711030343
1.9864065000000002	0.0006301335079552914	0.003175741209775796	0.17376738162411678	0.8034881325288115
1.9869010000000003	0.0006301334246754744	0.003157674690937159	0.1928366455189891	0.722633681524848
1.9873955	0.0006301333654475879	0.0031379372446768776	0.20852787909348344	0.642540172865273
1.9878900000000002	0.0006301333262977326	0.0031166548235822653	0.22057603844202178	0.5700226764542649
1.9883845000000002	0.0006301333017288212	0.003093965366965148	0.2287705365123175	0.5151043861978001
1.988879	0.0006301332863879619	0.003070013684081888	0.2329623728699478	0.48933492188599176
1.9893735000000001	0.0006301332759417482	0.0030449491714662014	0.23307002863309903	0.5001741818448547
1.9898680000000002	0.0006301332674892779	0.003018925233736744	0.22908523037324047	0.5453729097980855
1.9903625000000003	0.0006301332595686149	0.0029920989527343874	0.2210749019960214	0.614862191196576
1.990857	0.0006301332517921795	0.002964630018451611	0.20918143597783057	0.6972326419077496
1.9913515000000002	0.0006301332446091248	0.002936678481949013	0.19361850766829802	0.783284095449036
1.9918460000000002	0.0006301332387608245	0.0029084011603627545	0.17466968751237655	0.8663258074422092
1.9923405	0.0006301332347270792	0.0028799462166343814	0.15268425788005432	0.9418445490198653
1.9928350000000001	0.0006301332322560867	0.002851446920123193	0.12806992945299303	1.0068432625673451
1.9933295000000002	0.000630133230394547	0.002823017559250487	0.1012808670697757	1.0591208074099776
1.9938240000000003	0.0006301332274760497	0.0027947529582415904	0.07280540465693794	1.0970310434761052
1.9943185	0.0006301332216174661	0.002766730249619083	0.04315018656832799	1.1195051610277313
1.9948130000000002	0.0006301332111141133	0.002739011016578679	0.012827975782151231	1.125983235961017
1.9953075000000002	0.000630133195216397	0.0027116430947868517	-0.017649383668366915	1.1162504554028088
1.995802	0.0006301331741429448	0.0026846629933430215	-0.04777127495421456	1.0902522766037548
1.9962965000000001	0.0006301331489433404	0.002658100642015242	-0.07702936591854265	1.0479486421887405
1.9967910000000002	0.0006301331211088949	0.0026319864927624656	-0.10492126410566921	0.9893433321695277
1.9972855000000003	0.0006301330924115322	0.0026063584898388323	-0.13095757016572232	0.9147142363793486
1.9977800000000001	0.0006301330644216963	0.0025812661930432208	-0.15467453568607195	0.824784020526508
1.9982745000000002	0.0006301330383196899	0.0025567711814000276	-0.17564577232268347	0.7206781055525817
1.9987690000000002	0.0006301330148878093	0.002532944247415835	-0.19348962643579243	0.6039151409309014
1.9992635	0.0006301329948546881	0.0025098602769110367	-0.20787712163697142	0.4765744059311194
1.9997580000000001	0.0006301329790366685	0.00248759197277116	-0.21854200311801558	0.3415526332801459
2.0002525	0.0006301329683290236	0.0024662037367413365	-0.22528714590044238	0.20396152119322006
2.000747	0.0006301329632839134	0.0024457469977488	-0.2279891600199298	0.12087874762606036
2.0012415000000003	0.0006301329635404844	0.002426258195007062	-0.22660504339241663	0.14132459723468546
2.001736	0.0006301329673963365	0.002407759491724394	-0.22117400146849645	0.26199217279800174
2.0022305	0.0006301329717894928	0.002390259959235684	-0.2118121883948725	0.39805022808750934
2.0027250000000003	0.0006301329726552591	0.002373754429867597	-0.19870323525475742	0.5292570209384813
2.0032195	0.000630132965660642	0.0023582200905301392	-0.18208872927814426	0.6523690637565942
2.003714	0.0006301329475241147	0.002343613208217996	-0.16225986330433634	0.7651727815682771
2.0042085000000003	0.0006301329172399288	0.0023298675842207306	-0.13955238845073378	0.8657312533488722
2.004703	0.0006301328769114357	0.0023168946665590713	-0.11434723016903058	0.9522017962665387
2.0051975	0.00063013283187696	0.0023045840124476524	-0.08707210371768635	1.0228168835353175
2.0056920000000003	0.0006301327900696456	0.0022928029190113918	-0.058198688017143334	1.0759108557767134
2.0061865	0.0006301327601460904	0.0022813960039191916	-0.028234243895811972	1.1100356869303685
2.0066810000000004	0.0006301327497027654	0.0022701865670337208	0.002288907752491071	1.1240611958982845
2.0071755000000002	0.0006301327638010624	0.0022589806484451776	0.032823118485507764	1.1172382704405968
2.00767	0.0006301328036175974	0.0022475737821593725	0.062815416990781	1.089322517846696
2.0081645000000004	0.0006301328658296949	0.002235759797497457	0.09171810175292017	1.0406735574152546
2.008659	0.0006301329433908514	0.002223340461124874	0.11900026117722746	0.9722999103691882
2.0091535	0.000630133026937976	0.0022101348422554554	0.14416139492373975	0.88596179680232
2.0096480000000003	0.0006301331064341971	0.002195986743826883	0.16674591658188095	0.7840640985746505
2.0101425	0.0006301331725129355	0.0021807677653992376	0.18635391208863786	0.6692970955010616
2.010637	0.0006301332182410097	0.0021643752971061653	0.20264945061999376	0.5443810488935227
2.0111315000000003	0.000630133240538945	0.002146727667232933	0.21536521910160286	0.4119567136163526
2.011626	0.0006301332410110173	0.002127759808878656	0.22429914910530274	0.2750177855444774
2.0121205	0.0006301332256198564	0.002107421329961743	0.22930850439889586	0.25924071567075907
2.0126150000000003	0.000630133203210469	0.002085676089318037	0.23030769556807051	0.24630429031049744
2.0131095	0.0006301331834900573	0.002062501166044773	0.2272714108422186	0.23779095265375508
2.013604	0.0006301331749563849	0.0020378842358728345	0.2202380339528534	0.3175062888680479
2.0140985000000002	0.0006301331831449837	0.0020118203986949686	0.20931296054306023	0.45241502371853964
2.014593	0.0006301332095166993	0.001984310076814138	0.1946734652858439	0.5808178458258588
2.0150875000000004	0.0006301332511828514	0.0019553583221505653	0.1765650411281499	0.6998742551316188
2.015582	0.0006301333013353011	0.0019249746431162298	0.15529558249527337	0.8072816770855977
2.0160765	0.0006301333507158165	0.0018931724187166374	0.13123159699320125	0.90094947398967
2.0165710000000003	0.0006301333896163719	0.0018599675083285788	0.10479587253615644	0.9790255767138696
2.0170655	0.0006301334102677102	0.0018253758944333453	0.07645965582069218	1.040043615706592
2.01756	0.0006301334083908787	0.001789410521640682	0.046732943614576444	1.083063968930158
2.0180545000000003	0.0006301333839810808	0.0017520780520780626	0.01615108683345253	1.107791919913262
2.018549	0.0006301333406995542	0.0017133766955510505	-0.014739542133102995	1.114717023763438
2.0190435	0.0006301332848951877	0.0016732972130042722	-0.04539657609357625	1.1050641159419727
2.0195380000000003	0.0006301332238921173	0.0016318290473253802	-0.0752932973495476	1.0804638633774417
2.0200325	0.0006301331645573978	0.0015889701442586405	-0.10392542399140776	1.0426848459979319
2.020527	0.0006301331118454278	0.00154473622644431	-0.13081384874372	0.9935450178968193
2.0210215000000002	0.0006301330684337525	0.001499166198816791	-0.1555048400924009	0.9351966241466906
2.021516	0.0006301330347284343	0.0014523234143274104	-0.1775729881264783	0.8705253750703114
2.0220105000000004	0.0006301330097044537	0.0014042946185912127	-0.1966274937995867	0.8035874499768805
2.022505	0.0006301329915737951	0.001355188374841988	-0.21232363880386765	0.7397042798795173
2.0229995	0.0006301329785586932	0.0013051334847015794	-0.22437137126118664	0.6853038500833448
2.0234940000000003	0.0006301329690891254	0.0012542764560445716	-0.23254206404746164	0.6474766286958039
2.0239885	0.0006301329620034312	0.0012027771286860199	-0.23667285877248753	0.6327140874690069
2.024483	0.0006301329565112754	0.0011508028609016	-0.23667192594424255	0.6446677794788966
2.0249775000000003	0.0006301329520847236	0.0010985226715830006	-0.23252138978215142	0.6821532884256486
2.025472	0.0006301329483648609	0.0010461020917085714	-0.22428149239363385	0.7397254947979803
2.0259665	0.0006301329449214667	0.000993698949868471	-0.21209442109566506	0.8100732216917624
2.0264610000000003	0.0006301329412762432	0.0009414610630756276	-0.19618109654287205	0.885970785440547
2.0269555	0.0006301329367512977	0.0008895262553061784	-0.17683043580656113	0.9611839568502594
2.02745	0.0006301329307628882	0.0008380235694949095	-0.15438935954868155	1.0306232053220792
2.0279445000000003	0.0006301329227945058	0.000787073685081772	-0.12925267055160924	1.0903798858732263
2.028439	0.0006301329128751202	0.000736786184066745	-0.1018521576781621	1.1379257176680788
2.0289335	0.0006301329014299802	0.0006872529804368213	-0.07264865916037755	1.1719181574909958
2.0294280000000002	0.0006301328894702727	0.0006385411887043513	-0.04213082697835761	1.1914891052179606
2.0299225	0.0006301328780805204	0.0005906899220071948	-0.010813306535581275	1.1958133215210858
2.0304170000000004	0.000630132868300442	0.0005437122724197225	0.020769180013459117	1.1841172905420538
2.0309115	0.0006301328604943794	0.0004976007428641814	0.052070619901749354	1.1557956565485894
2.031406	0.0006301328543673083	0.00045233381016934374	0.08254399838661852	1.1106309894819395
2.0319005000000003	0.0006301328488935205	0.0004078819559684674	0.11165360926862003	1.048900119537581
2.032395	0.0006301328431355124	0.00036421288999339104	0.1388839086750554	0.971261236505503
2.0328895	0.0006301328367205597	0.0003212966916494587	0.1637469612101919	0.8787528685836006
2.0333840000000003	0.0006301328304797818	0.0002791109065877259	0.1857932671108384	0.772901654817507
2.0338785	0.0006301328263015671	0.0002376446427000719	0.20462354801700933	0.6558543064765427
2.034373	0.000630132826906276	0.00019690101894655174	0.21990101934231562	0.5305879078239228
2.0348675000000003	0.0006301328349953625	0.00015689777354263085	0.2313615145876222	0.4014288073603502
2.035362	0.0006301328524432584	0.00011766569501341282	0.23881804610880056	0.2764539520622079
2.0358565	0.0006301328793113858	7.924415223353959e-5	0.24216061127399402	0.17974786731669673
2.0363510000000002	0.0006301329131228943	4.1673827131805185e-5	0.24135034526294571	0.18530053080178135
2.0368455	0.0006301329486715888	4.988979806808913e-6	0.2364144791191164	0.2706823483488308
2.0373400000000004	0.0006301329786131059	-3.078736464334304e-5	0.22744353171352655	0.39425162040518025
2.0378345	0.0006301329949078528	-6.564336010066979e-5	0.21458944389910914	0.5216651825089628
2.038329	0.0006301329905067281	-9.95750100349259e-5	0.19806478420583828	0.6445231302329691
2.0388235000000003	0.0006301329611248067	-0.0001325836229737	0.17814397860394532	0.7586391374744358
2.039318	0.0006301329063793154	-0.00016467681074982743	0.15516332444078923	0.8612163372595394
2.0398125	0.00063013283039252	-0.00019587250008796942	0.12951378561946034	0.9501572232924402
2.0403070000000003	0.0006301327413527024	-0.0002262036575164728	0.10163214549243962	1.0237031872545304
2.0408015	0.0006301326506050731	-0.0002557216869369403	0.07199575866529268	1.0802406661715376
2.041296	0.0006301325705747851	-0.00028449779257184966	0.04111798062220432	1.1183864663637246
2.0417905000000003	0.0006301325124338471	-0.0003126230200390224	0.009539460403767533	1.1370566245488742
2.042285	0.000630132483650051	-0.00034020723323791756	-0.022181590276759977	1.1355298538257679
2.0427795	0.0006301324871760425	-0.0003673766527064369	-0.05348219700861036	1.1136350047428
2.0432740000000003	0.0006301325209304362	-0.00039427009809895843	-0.08381155516991781	1.071841729290108
2.0437685	0.0006301325781717569	-0.0004210343942316761	-0.11264607014237658	1.0110800844884618
2.044263	0.0006301326485553878	-0.0004478190371558436	-0.13949820575519692	0.9325604894114503
2.0447575000000002	0.0006301327206018093	-0.0004747697678021508	-0.1639213580821507	0.8377367116783976
2.045252	0.0006301327838914408	-0.0005020205436848795	-0.1855133764451887	0.7283611072952558
2.0457465000000004	0.0006301328309832497	-0.0005296849283698843	-0.20391684854876013	0.6065341637092757
2.046241	0.0006301328583917447	-0.0005578503776796555	-0.21882277754970705	0.4746249651260681
2.0467355	0.0006301328670476124	-0.0005865784772937562	-0.22997585936390028	0.3350976942497964
2.0472300000000003	0.0006301328614461829	-0.0006159107018477596	-0.23718181288145893	0.2767334695481421
2.0477245	0.0006301328482385454	-0.0006458759685354549	-0.24031113816103836	0.2610936160035145
2.048219	0.0006301328344857071	-0.000676496224747289	-0.23930421861829515	0.25280641056171854
2.0487135000000003	0.000630132825871838	-0.0007077889181231879	-0.2341721498020422	0.2547799599050427
2.049208	0.0006301328255913116	-0.000739767553727799	-0.22499540502463186	0.39745140859039185
2.0497025	0.0006301328340440906	-0.000772441907400225	-0.21192427764416463	0.5335907947026098
2.0501970000000003	0.000630132849401032	-0.0008058187606847983	-0.19518206443116848	0.6605282076249823
2.0506915	0.0006301328684473695	-0.0008399031110270252	-0.1750655987170387	0.7757515226491639
2.051186	0.0006301328878111946	-0.0008746993064035306	-0.15193923037734025	0.8770829936865284
2.0516805000000002	0.0006301329047854897	-0.0009102123816415196	-0.1262231095862561	0.9628194034641758
2.052175	0.0006301329180040215	-0.000946450090236871	-0.09838060434038899	1.0317767901940993
2.0526695000000004	0.0006301329273634584	-0.0009834245646672937	-0.06890627313896219	1.0832573535654315
2.053164	0.0006301329339632448	-0.001021152518246654	-0.03831347499893888	1.1168969861790128
2.0536585	0.0006301329392103033	-0.001059654985204334	-0.0071278356822873186	1.1325077191124469
2.0541530000000003	0.0006301329442463	-0.0010989579480189015	0.024116006676578296	1.1301838680098033
2.0546475	0.0006301329494099611	-0.0011390938029714184	0.05488080316311936	1.1105859809063279
2.055142	0.000630132954644466	-0.0011801018693819057	0.0846354269914404	1.0751081769513302
2.0556365000000003	0.0006301329594755282	-0.0012220248703638224	0.1128634340787284	1.025825544142839
2.056131	0.0006301329634291636	-0.001264900267911583	0.1390729831973362	0.9654185057372454
2.0566255	0.0006301329660817201	-0.0013087492794523893	0.16280701463117184	0.8971446507066918
2.0571200000000003	0.0006301329674050144	-0.0013535678414970575	0.18365092734434518	0.8248922014011804
2.0576145	0.0006301329675965597	-0.0013993217963375309	0.2012361494275386	0.7535802685492183
2.058109	0.0006301329671149584	-0.001445945861389314	0.21524777900127567	0.6895146203639905
2.0586035000000003	0.0006301329664175331	-0.001493345325642451	0.22543297679299193	0.6403223440704768
2.059098	0.0006301329658784187	-0.001541399662202558	0.23161003206984243	0.6138219451241171
2.0595925000000004	0.0006301329656642506	-0.0015899671926968468	0.2336770109191025	0.6151995434967837
2.0600870000000002	0.0006301329658955329	-0.0016388903147203945	0.23161498205161887	0.6443785893677156
2.0605815	0.0006301329669468348	-0.0016880005950002494	0.2254828234386911	0.696100955903951
2.0610760000000004	0.0006301329696970543	-0.0017371226464201331	0.21540945631767458	0.762459327348284
2.0615705	0.0006301329759535914	-0.0017860770748733357	0.20158855742534282	0.8355915867794377
2.062065	0.0006301329884023433	-0.0018346842704754344	0.1842736038983906	0.9093566358815501
2.0625595000000003	0.0006301330104240866	-0.001882769092232052	0.16377286136939725	0.979261803212475
2.063054	0.0006301330453735329	-0.0019301642765081456	0.14044716555806208	1.0417278770187641
2.0635485	0.0006301330959898715	-0.0019767113323108103	0.11470694193028931	1.0936686603948582
2.0640430000000003	0.0006301331630729468	-0.002022259941176672	0.0870052152276374	1.1324025190011806
2.0645375	0.0006301332447492335	-0.002066668532057947	0.05782701367424267	1.1559379838956285
2.065032	0.000630133335914431	-0.002109808200192533	0.02768088362446352	1.1631674761467445
2.0655265000000003	0.0006301334288934852	-0.0021515690906115533	-0.002908632730024957	1.1537246749253012
2.066021	0.0006301335145271102	-0.002191865933826102	-0.033407321684957685	1.1275930633895002
2.0665155	0.0006301335842641443	-0.0022306402622562635	-0.06327870269005655	1.0849279121777595
2.0670100000000002	0.0006301336316836732	-0.0022678589266820455	-0.09199128704923322	1.0260533006384094
2.0675045	0.0006301336539919111	-0.0023035096555358435	-0.1190301096685559	0.951631236682496
2.0679990000000004	0.0006301336525372005	-0.0023375947341258926	-0.14391246731040302	0.8627930490309965
2.0684935	0.0006301336329130775	-0.002370123591320047	-0.16620227069922125	0.7609879267175582
2.068988	0.0006301336038210602	-0.0024011053528055484	-0.1855168026928787	0.6477968323248277
2.0694825000000003	0.0006301335754756302	-0.0024305433809208915	-0.20153004579551642	0.5249728901663301
2.069977	0.0006301335571277332	-0.002458433198859456	-0.21397480931616292	0.3945357110925323
2.0704715	0.0006301335549647669	-0.0024847633766315715	-0.22264203095399168	0.25929677663044093
2.0709660000000003	0.0006301335707453166	-0.0025095175801824335	-0.2273843474897051	0.13598215179452622
2.0714605	0.0006301336016488509	-0.0025326761032408713	-0.22812010132320515	0.14694926911731204
2.071955	0.0006301336409647768	-0.002554217699787891	-0.22483616068820506	0.1879774915903832
2.0724495000000003	0.0006301336794688116	-0.0025741237679147246	-0.21758805448710342	0.3242196573638662
2.072944	0.000630133707236737	-0.0025923848300717788	-0.2065000622141712	0.4584059773309668
2.0734385	0.0006301337156323966	-0.0026090068065377212	-0.19176148341893848	0.5862759813390258
2.0739330000000002	0.0006301336993246411	-0.0026240142380447294	-0.17362078906544168	0.7050807332992568
2.0744275	0.000630133657416443	-0.0026374497084710328	-0.15238384951296088	0.8124743635860988
2.0749220000000004	0.0006301335936124595	-0.0026493713879445465	-0.12841495432082625	0.9063411470227728
2.0754165	0.00063013351510489	-0.0026598509112166226	-0.10213432622751001	0.9848688525191985
2.075911	0.0006301334309307509	-0.0026689725275960323	-0.07401035921020749	1.0465853487318055
2.0764055000000003	0.0006301333503009507	-0.002676833711259555	-0.04455114189053615	1.090433500531398
2.0769	0.0006301332810773497	-0.002683547050037771	-0.014289523922471634	1.115817393928842
2.0773945	0.0006301332284423427	-0.0026892429823730125	0.016231915136072524	1.122462020631164
2.0778890000000003	0.0006301331942994626	-0.002694072436271247	0.046472428406738625	1.1101671489173603
2.0783835	0.0006301331771811004	-0.0026982075820334676	0.0758988458267538	1.0787254422349253
2.078878	0.0006301331730000392	-0.0027018385372303295	0.10399173099565272	1.0282518868689967
2.0793725000000003	0.0006301331760336553	-0.0027051658562765248	0.13025382867224705	0.9594786614724664
2.079867	0.000630133180531752	-0.002708391553589129	0.1542197993074668	0.8737496590024717
2.0803615	0.0006301331823974372	-0.0027117115608031725	0.17546455776918624	0.7728229203434677
2.0808560000000003	0.0006301331799332381	-0.0027153100308345605	0.19361240601547963	0.6587864185616518
2.0813505	0.0006301331737880373	-0.0027193537972890853	0.20834330899223863	0.5343183743021139
2.081845	0.0006301331663297613	-0.0027239859865559575	0.21939692577611458	0.40340289215314834
2.0823395000000002	0.0006301331605443204	-0.002729320070238541	0.22657293152057748	0.27378385714126574
2.082834	0.0006301331589692158	-0.002735436729702684	0.2297339250042188	0.19447760139915668
2.0833285000000004	0.0006301331630564704	-0.002742385084096771	0.2288097817746747	0.18486598180687505
2.083823	0.0006301331730026859	-0.0027501876574703085	0.22380306280612913	0.26426891176456585
2.0843175	0.0006301331877548596	-0.002758846726611344	0.2147947662019237	0.39098098486627386
2.0848120000000003	0.0006301332053393746	-0.002768350387605434	0.20194519335568345	0.519013810068928
2.0853065	0.0006301332235046763	-0.0027786778271157078	0.185487264133393	0.6405882457930366
2.085801	0.0006301332401514733	-0.002789802539349409	0.16571741800187936	0.7519927911417992
2.0862955000000003	0.0006301332538472968	-0.0028016926078606535	0.14298864876993606	0.8508077726039494
2.08679	0.0006301332639593306	-0.0028143090737018004	0.11770217667908939	0.9351871077908954
2.0872845	0.0006301332702796963	-0.0028276041366474777	0.09030093060938296	1.0035059322211783
2.0877790000000003	0.0006301332725010627	-0.002841521505676169	0.06126576805193677	1.0543590470938653
2.0882735	0.0006301332703873312	-0.0028560005655944615	0.031107472303614162	1.0868655562514227
2.088768	0.000630133263926853	-0.0028709825096301152	0.00035397871657682855	1.1007565675551896
2.0892625000000002	0.0006301332533924001	-0.002886414577047871	-0.03046083032956924	1.0961839871888708
2.089757	0.0006301332393388051	-0.0029022509317073366	-0.060805067351670544	1.0735962585168073
2.0902515000000004	0.0006301332230080519	-0.002918451772849933	-0.09015680865739285	1.0337617755622444
2.090746	0.0006301332062898414	-0.002934982622891495	-0.11801128970013774	0.977825622281464
2.0912405	0.0006301331913324456	-0.0029518139581709924	-0.14388481667072964	0.9074200810556154
2.0917350000000003	0.0006301331800792291	-0.0029689199011118583	-0.16731946727887514	0.8250072046498999
2.0922295	0.000630133173908293	-0.0029862746268133236	-0.1878936613530236	0.7342675529998931
2.092724	0.0006301331729722885	-0.003003846300932559	-0.20523463011096213	0.6405475163252763
2.0932185000000003	0.0006301331760895649	-0.003021589992848282	-0.21902916815539578	0.5516143498293905
2.093713	0.0006301331812893483	-0.0030394413074119483	-0.22903140801890864	0.4785651256187918
2.0942075	0.0006301331866435171	-0.0030573118899816926	-0.23506459288822296	0.43534471769735766
2.0947020000000003	0.0006301331909551846	-0.0030750879221826816	-0.2370217535975786	0.43314425596957185
2.0951965	0.0006301331945219464	-0.0030926329202384845	-0.23486479462340398	0.47177099347631274
2.095691	0.0006301331998121155	-0.003109794936581256	-0.22862664927286133	0.5401466688442152
2.0961855000000003	0.0006301332115055858	-0.003126415891356211	-0.21841260587064626	0.6252262401805802
2.09668	0.0006301332360726847	-0.003142339610176898	-0.2043996907007603	0.7169598707846356
2.0971745000000004	0.0006301332807607433	-0.0031574159870322084	-0.18683139090280304	0.8081523989813079
2.0976690000000002	0.0006301333519042262	-0.0031715014713082166	-0.16601150612315077	0.8935108955434935
2.0981635	0.0006301334530022997	-0.0031844589950875226	-0.1422951194853591	0.9693251183906043
2.0986580000000004	0.0006301335833073178	-0.0031961601133661745	-0.11608102730461528	1.033100445347219
2.0991525	0.0006301337369021512	-0.003206488802350011	-0.08780813454771269	1.0829892159150931
2.099647	0.0006301339028633719	-0.0032153446762337745	-0.05795248200670551	1.1174971560396756
2.1001415000000003	0.00063013406673976	-0.0032226443927073642	-0.027022354455331733	1.135385466079709
2.100636	0.0006301342130025759	-0.0032283217617533506	0.004448787509623764	1.1356505017414527
2.1011305	0.0006301343273202051	-0.003232328108591545	0.03590906642309326	1.1177810437526325
2.1016250000000003	0.0006301343987586403	-0.003234633454877574	0.06680323653339355	1.0819540646716057
2.1021195	0.0006301344218923128	-0.0032352281983570024	0.09658839459512354	1.0288708330895358
2.102614	0.0006301343980390744	-0.0032341247353338616	0.12474337063789052	0.9594998180494951
2.1031085000000003	0.0006301343350081647	-0.003231358006601837	0.15077478088424068	0.8750223081064535
2.103603	0.0006301342453862524	-0.0032269839410340832	0.17422532109431865	0.7768570207293708
2.1040975	0.0006301341439529206	-0.003221074726153875	0.19468238190669473	0.6666817315757422
2.1045920000000002	0.000630134044861678	-0.0032137102560693643	0.21178664046403028	0.5466943259872533
2.1050865	0.0006301339593644796	-0.0032049671105347185	0.2252412124081126	0.4202866544952734
2.1055810000000004	0.0006301338943146122	-0.003194908736398072	0.23481818702301208	0.29398309006296963
2.1060755	0.0006301338517517519	-0.0031835805223707193	0.24035954924519867	0.18664209913194155
2.10657	0.0006301338294088637	-0.0031710106988956264	0.24177493305242106	0.1608447200570017
2.1070645000000003	0.0006301338219980537	-0.0031572145979774577	0.23903985166202546	0.2464356989004226
2.107559	0.0006301338229833101	-0.0031421986473313995	0.23219493271619182	0.3714288168767411
2.1080535	0.0006301338262759272	-0.0031259629066924866	0.22134694680154493	0.5035305074983356
2.1085480000000003	0.0006301338272935353	-0.0031085034962817755	0.2066709577525562	0.6331465083646509
2.1090425	0.0006301338232476413	-0.0030898160955250024	0.18841259967616897	0.7555992941094896
2.109537	0.000630133813026949	-0.0030699004013541617	0.1668852400386659	0.8676290456354891
2.1100315000000003	0.0006301337966333776	-0.0030487645395910795	0.14246499736862592	0.9666191078779012
2.110526	0.000630133774687259	-0.0030264281225634015	0.11558111458203951	1.0505339123437902
2.1110205	0.0006301337478617404	-0.0030029234048891303	0.08670580358186168	1.1178575395143746
2.1115150000000003	0.0006301337167795212	-0.0029782950948962395	0.056344337034177586	1.1674385126233924
2.1120095	0.0006301336816980869	-0.002952599123776728	0.02502820650593088	1.1985013502653725
2.1125040000000004	0.0006301336424519385	-0.0029259008576946284	-0.006692104517579398	1.2107774597018943
2.1129985000000002	0.0006301335982967403	-0.0028982744860524775	-0.038258693877544214	1.204631218375468
2.113493	0.0006301335487245549	-0.002869805094524904	-0.06912294742293444	1.1808409775880226
2.1139875000000004	0.0006301334938245524	-0.0028405930317014104	-0.09875698269106778	1.1401975611757542
2.114482	0.0006301334346082136	-0.0028107582741984495	-0.12666154957753495	1.0833201551648588
2.1149765	0.000630133372918441	-0.002780441265735202	-0.15237260343778783	1.0108964025749445
2.1154710000000003	0.00063013331156907	-0.0027497979596655038	-0.17546448047632854	0.9240612041025039
2.1159655	0.0006301332535561709	-0.0027189905886179622	-0.19555025755605973	0.8248308672021919
2.11646	0.0006301332014859375	-0.0026881781537080184	-0.21228614851208497	0.716446217980278
2.1169545000000003	0.0006301331571838372	-0.0026575093794662503	-0.2253803946359401	0.6037017964839181
2.117449	0.0006301331217101013	-0.0026271177455773707	-0.23460101899881713	0.49432774971174853
2.1179435	0.0006301330950216265	-0.002597117547199476	-0.23978207888377823	0.4019422024596681
2.1184380000000003	0.0006301330761145234	-0.0025676009830576294	-0.24083071028115086	0.3489232659510672
2.1189325	0.0006301330634203009	-0.0025386364149036036	-0.2377287747351408	0.35676578843025164
2.119427	0.000630133055180927	-0.0025102683544470854	-0.23053108543799639	0.4206647860988565
2.1199215000000002	0.0006301330496851854	-0.002482519835469958	-0.2193638238627551	0.5158083524491832
2.120416	0.0006301330453033377	-0.0024553966804031348	-0.20442440791823213	0.6219343662526967
2.1209105000000004	0.0006301330404488469	-0.002428892832514406	-0.18597963445596385	0.7273192864870931
2.121405	0.0006301330334685741	-0.002402996479709589	-0.16436259349220678	0.8251252983137475
2.1218995	0.0006301330229747171	-0.0023776957993291107	-0.13996349054184617	0.9111656209386593
2.1223940000000003	0.0006301330077707642	-0.0023529819715952006	-0.11321665151755025	0.9829124201697603
2.1228885	0.0006301329869212952	-0.002328848212721295	-0.08458740578076479	1.0388594304361296
2.123383	0.0006301329600601668	-0.002305286163974435	-0.05456381799140045	1.0779926259959314
2.1238775000000003	0.0006301329281363249	-0.002282282720437547	-0.023653568455032435	1.0995300802682546
2.124372	0.0006301328933397533	-0.0022598203271638703	0.007621008465034912	1.1028454410802002
2.1248665	0.0006301328591093886	-0.0022378810731890336	0.03872675774725993	1.087521384668817
2.1253610000000003	0.0006301328298513216	-0.002216451684874296	0.0691262451538995	1.053476923962307
2.1258555	0.0006301328102550864	-0.00219552641641105	0.09828616749334913	1.0011190394944351
2.12635	0.0006301328036509547	-0.0021751070419656353	0.12569102315454445	0.931420611058538
2.1268445000000002	0.0006301328111703123	-0.0021552009448272606	0.15085504703183988	0.8458518402836526
2.127339	0.0006301328314491664	-0.0021358181894418917	0.17333129254246882	0.7463961586452655
2.1278335000000004	0.0006301328608990391	-0.002116967561142264	0.1927193641561481	0.6357607326001854
2.128328	0.0006301328938454427	-0.0020986516356793247	0.2086743107627852	0.5178675248365588
2.1288225	0.0006301329237593737	-0.002080861437496861	0.22091378636720208	0.39916983825690655
2.1293170000000003	0.0006301329447816156	-0.00206357112491805	0.22922434320103474	0.2929555720096592
2.1298115	0.0006301329530074769	-0.0020467331636850068	0.2334702897057773	0.281923772125568
2.130306	0.0006301329475432392	-0.0020302744087637675	0.23359806021233998	0.2821148431798555
2.1308005000000003	0.0006301329312188816	-0.0020140932798620075	0.2296308277959711	0.3357921780991747
2.131295	0.0006301329104683967	-0.001998059288752552	0.22166043324474075	0.4453071081732364
2.1317895	0.0006301328942891945	-0.001982017058197495	0.20984084209426754	0.5587089904729875
2.1322840000000003	0.0006301328924282638	-0.001965794865561729	0.19438280739438668	0.6680237965882083
2.1327785	0.0006301329130556366	-0.0019492148222747716	0.17555303102389155	0.7693873759256701
2.133273	0.0006301329607777597	-0.001932100976961892	0.1536748642112971	0.8601833875998475
2.1337675000000003	0.0006301330357588221	-0.0019142832983616062	0.1291270774871614	0.9381532395131295
2.134262	0.0006301331338017491	-0.0018955986944036067	0.10233815978602365	1.0013435316559278
2.1347565000000004	0.0006301332461547317	-0.0018758916424002434	0.07378047859627278	1.0481983690938779
2.1352510000000002	0.000630133360638537	-0.0018550158356468959	0.04396139327185923	1.0776737290601173
2.1357455	0.0006301334639360541	-0.0018328366611853446	0.013411872092305314	1.0892064355127102
2.1362400000000004	0.000630133544389877	-0.001809233963194911	-0.017323291001971934	1.0826239746657051
2.1367345	0.0006301335939744932	-0.0017841049597867775	-0.047692889958004414	1.0581468937640457
2.137229	0.000630133609785352	-0.0017573672707251247	-0.07715009869265559	1.0165035536712572
2.1377235000000003	0.0006301335940970064	-0.0017289616264037513	-0.10516573717616533	0.9589829318897416
2.138218	0.0006301335534269453	-0.0016988533703595106	-0.13124247387376253	0.8874472032435449
2.1387125	0.000630133496564088	-0.0016670322382699126	-0.15492738411800464	0.8043505911855692
2.1392070000000003	0.0006301334329615781	-0.0016335109647346241	-0.175820706090976	0.7128375290261154
2.1397015	0.000630133370833387	-0.0015983237027300352	-0.19358016121341368	0.6168057422089622
2.140196	0.0006301333159751737	-0.0015615240536117274	-0.20791736586038553	0.5213252913850472
2.1406905000000003	0.0006301332710712179	-0.0015231809138033607	-0.2185950747402287	0.43438056323846114
2.141185	0.000630133236197354	-0.0014833709699785987	-0.225429599745571	0.3700068479832493
2.1416795	0.0006301332097745972	-0.0014421693725606695	-0.22829735658546566	0.3481856152453541
2.1421740000000002	0.000630133189699728	-0.001399641968803306	-0.22713921798572573	0.380668040574971
2.1426685	0.0006301331740664191	-0.0013558421046604295	-0.2219647228145038	0.4567958268520264
2.1431630000000004	0.000630133161440372	-0.0013108124616081145	-0.21285488372212186	0.5568239813925842
2.1436575	0.0006301331508500507	-0.0012645895655298976	-0.19996253328919777	0.6660915392815453
2.144152	0.0006301331414121104	-0.0012172086962033393	-0.18350862685060576	0.7757112782437785
2.1446465000000003	0.0006301331322165004	-0.0011687087938779832	-0.16378003557534504	0.8798825002057626
2.145141	0.0006301331219893218	-0.0011191367754809158	-0.14112711053315527	0.9744960151422664
2.1456355	0.0006301331092502934	-0.0010685502364037797	-0.115957670563077	1.0565500070149554
2.1461300000000003	0.0006301330921755016	-0.00101701861663684	-0.08872982821888098	1.1238248352660833
2.1466245	0.0006301330692719943	-0.0009646232087114677	-0.059941170887804	1.1749495524322522
2.147119	0.0006301330395658865	-0.0009114567948847718	-0.03011168464547099	1.2093040941899666
2.1476135000000003	0.000630133003387158	-0.0008576241897245559	0.00023141689544104268	1.2266614104259863
2.148108	0.0006301329621127534	-0.0008032435245994338	0.030563407887440018	1.2269024849632164
2.1486025	0.0006301329182771578	-0.0007484462893453975	0.0603669459259888	1.2101996987456578
2.1490970000000003	0.0006301328748224166	-0.0006933752069787758	0.08913600789650578	1.1771669294028004
2.1495915	0.0006301328347376916	-0.0006381816348045284	0.11637578540305789	1.1288842705836049
2.1500860000000004	0.0006301327999580445	-0.0005830247428843243	0.14160840648896036	1.0667419011868846
2.1505805000000002	0.0006301327714893742	-0.0005280728437865228	0.16438285373568934	0.992250760763301
2.151075	0.0006301327494777247	-0.0004735046282559689	0.18428671299680421	0.9071654347342164
2.1515695000000004	0.0006301327337237929	-0.0004195074809676525	0.2009536843225527	0.8139105998300985
2.152064	0.0006301327237993725	-0.000366271629127456	0.21407101206734275	0.7164717326077018
2.1525585	0.0006301327197905862	-0.0003139812756301888	0.22338787815471195	0.6213531953202747
2.1530530000000003	0.0006301327224326901	-0.0002628051721802396	0.2287219573265199	0.5386581592023408
2.1535475	0.0006301327328095797	-0.0002128881786210636	0.2299646645120198	0.4825854320714129
2.154042	0.0006301327517327529	-0.0001643444981857653	0.22708642621521566	0.4676568774495962
2.1545365000000003	0.0006301327791658822	-0.00011725392039994395	0.22014121821439409	0.4979268487480673
2.155031	0.0006301328138676092	-7.166213693285388e-5	0.20926566727703896	0.5627208835024173
2.1555255	0.000630132853131903	-2.7584314211563038e-5	0.19467066690040613	0.6462076708547891
2.1560200000000003	0.0006301328928090826	1.4989993924421592e-5	0.17662969025998596	0.7356698384662829
2.1565145	0.0006301329274515194	5.6092522462338574e-5	0.1554681665941319	0.822877565677876
2.157009	0.0006301329513492998	9.577335031504603e-5	0.13155349869110614	0.9026593609373246
2.1575035000000002	0.0006301329595140599	0.00013409800005554425	0.10529168289154738	0.971397613506734
2.157998	0.0006301329488365206	0.00017114263434903881	0.07712671273462912	1.0262865368766265
2.1584925000000004	0.0006301329188515102	0.00020698791333091887	0.04753839741865548	1.0652014801878487
2.158987	0.0006301328725119553	0.0002417144595416197	0.01703589283877609	1.086675814151491
2.1594815	0.0006301328157470652	0.000275401890400924	-0.013849998877364666	1.0898193215456216
2.1599760000000003	0.0006301327568116333	0.00030813040653026414	-0.044576584787221395	1.0742369745539924
2.1604705	0.0006301327048392779	0.0003399820877781447	-0.07459972931313123	1.039916481191969
2.160965	0.000630132668202489	0.00037104002898610914	-0.10338267440235445	0.987146610179011
2.1614595000000003	0.0006301326522607611	0.0004013853325956374	-0.13040409872367298	0.9166280580161349
2.161954	0.0006301326582910974	0.00043109294808340237	-0.1551714091612599	0.8296415681612385
2.1624485	0.0006301326833167607	0.0004602278495155428	-0.17723494600734144	0.7280076310296686
2.1629430000000003	0.0006301327210218209	0.0004888426313540784	-0.19619828721992616	0.6141520366131238
2.1634375	0.0006301327628723411	0.0005169774126098505	-0.2117298074335195	0.49136395685590245
2.163932	0.0006301328001145262	0.0005446634046975719	-0.22357066166829426	0.36433767199581474
2.1644265000000003	0.0006301328256284801	0.0005719300893963808	-0.23153428794237482	0.32321205472765036
2.164921	0.0006301328355851824	0.0005988134464594206	-0.23549958166936535	0.31812113274448134
2.1654155000000004	0.0006301328301401923	0.0006253621492650085	-0.23540654128286484	0.31578599517675365
2.1659100000000002	0.0006301328130985771	0.0006516401325168063	-0.23125447280427427	0.3218912849155338
2.1664045	0.0006301327907391685	0.0006777263739642414	-0.2231035709916887	0.4032962153051606
2.1668990000000004	0.000630132770042709	0.0007037146052364127	-0.2110769176653422	0.5295714094953919
2.1673935	0.0006301327572128089	0.0007297140057205945	-0.19536339121474422	0.6500859389192157
2.167888	0.0006301327564189231	0.0007558487110057572	-0.1762169053263174	0.7609849917968032
2.1683825000000003	0.0006301327689352623	0.0007822538334726346	-0.15395256131373572	0.8596463541735011
2.168877	0.0006301327931360399	0.0008090681109936285	-0.12894240500621124	0.9441412701591736
2.1693715	0.000630132825474795	0.0008364254088914792	-0.10161179458905709	1.012914344444414
2.1698660000000003	0.0006301328612473441	0.0008644478803944212	-0.07243520888170013	1.0646488688855429
2.1703605	0.0006301328955403406	0.0008932421087822495	-0.04192768881673493	1.098304143749901
2.170855	0.0006301329241384742	0.0009228977473207242	-0.010634378157575506	1.1132366140364023
2.1713495000000003	0.0006301329446931259	0.0009534880883714653	0.020884227398670466	1.1093391672811788
2.171844	0.0006301329564719748	0.000985071893695341	0.05206881959659668	1.08711941186191
2.1723385000000004	0.0006301329602533399	0.001017694920129123	0.08237653365808494	1.0476750821091514
2.1728330000000002	0.0006301329580451005	0.0010513892022653692	0.111290893200531	0.9925979887138853
2.1733275	0.000630132952705143	0.001086169434524163	0.13832767878939034	0.923835848023192
2.1738220000000004	0.0006301329467294013	0.0011220280450222058	0.16303736499192195	0.843477689078205
2.1743165	0.000630132941880839	0.0011589319960332634	0.18500366399470955	0.7538291868559206
2.174811	0.0006301329390007842	0.0011968239782352398	0.2038477302896289	0.6581021863147006
2.1753055000000003	0.0006301329381278348	0.00123562765196442	0.21923759922173144	0.561466353694386
2.1758	0.0006301329385453875	0.0012752537277007047	0.2308958674276083	0.47259137700210085
2.1762945	0.0006301329392765246	0.001315604248846802	0.23860468247143718	0.40537760089473795
2.1767890000000003	0.0006301329393173153	0.0013565758569759996	0.2422110849990885	0.3780240379482249
2.1772835	0.0006301329379042147	0.0013980644840236296	0.24163318536490427	0.4018820861716924
2.177778	0.0006301329346096562	0.0014399718540078115	0.23686223748318921	0.46937066307729686
2.1782725000000003	0.0006301329292749268	0.0014822123802748712	0.22796671274799782	0.5630336848812734
2.178767	0.0006301329219081423	0.0015247184307632384	0.2150969769305287	0.6682270239600911
2.1792615	0.0006301329124738585	0.0015674420829259591	0.19848513546851793	0.7752732722542364
2.1797560000000002	0.0006301329010069177	0.0016103531666314575	0.1784370948350554	0.8778779940086878
2.1802505	0.0006301328875758171	0.0016534344583314553	0.1553230589760767	0.9718204817795447
2.1807450000000004	0.0006301328727774442	0.0016966745658649589	0.12956301545464902	1.0540865292731265
2.1812395	0.0006301328579585403	0.0017400599528623736	0.10161358261480885	1.1224039910919104
2.181734	0.0006301328456405565	0.0017835689549741817	0.07195670593599725	1.1751012370998175
2.1822285000000003	0.0006301328391125933	0.0018271698518509797	0.04109415495306159	1.2110192499463432
2.182723	0.0006301328421083844	0.0018708225706069294	0.00954460402060794	1.2295516892342107
2.1832175	0.0006301328575006599	0.0019144812112661586	-0.022159532236688238	1.230602191647813
2.1837120000000003	0.000630132886286732	0.001958094202276914	-0.05347920210915612	1.2143771596675328
2.1842065	0.0006301329267045523	0.0020016013274214445	-0.08387750595544187	1.1812376431654406
2.184701	0.0006301329748159787	0.0020449298648071925	-0.11283029094118736	1.131715606998885
2.1851955000000003	0.0006301330252709081	0.0020879929101289985	-0.13983451939595543	1.0667570925652552
2.18569	0.0006301330728468353	0.0021306905661713435	-0.16441495938956172	0.9880038656883204
2.1861845	0.0006301331137507414	0.0021729117544235436	-0.1861329400571889	0.8978647288349384
2.1866790000000003	0.0006301331469208521	0.002214534866130544	-0.20459849005145495	0.7995386751608076
2.1871735	0.000630133174096533	0.002255428020012007	-0.21948256080407508	0.6973317768187335
2.1876680000000004	0.0006301331994077654	0.0022954503510538887	-0.2305263695297735	0.5972975806222928
2.1881625000000002	0.0006301332284105452	0.002334454990458288	-0.23755015145029998	0.5083560128821656
2.188657	0.0006301332669554908	0.0023722941932629625	-0.24045644287816964	0.44341400726842634
2.1891515000000004	0.0006301333197337704	0.002408826530044284	-0.23922480529083182	0.4174665710577963
2.189646	0.0006301333889278898	0.0024439252833258606	-0.23390290241824724	0.4383550048688148
2.1901405	0.000630133473328933	0.0024774869742424078	-0.22460143283955925	0.49896904666553643
2.1906350000000003	0.000630133568046213	0.002509437976835557	-0.21148892713970122	0.5839696239007783
2.1911295	0.0006301336652049504	0.0025397362467681484	-0.1947885755230748	0.6794299437384516
2.191624	0.0006301337550765206	0.0025683673029937588	-0.17477899138023342	0.7754335643073642
2.1921185000000003	0.0006301338276122484	0.002595337022143453	-0.15179524026077187	0.8653209104683128
2.192613	0.000630133873979754	0.0026206650970522125	-0.126223711406181	0.9447161844577007
2.1931075	0.0006301338883083624	0.00264438148745666	-0.09849499493202435	1.0106642441819071
2.1936020000000003	0.0006301338689549211	0.00266652512197016	-0.0690792790341417	1.0609849518523806
2.1940965	0.0006301338192736622	0.00268714228388485	-0.0384812545812483	1.0939669316746377
2.194591	0.00063013374686702	0.0027062834621387447	-0.007234977920611935	1.1083449145964281
2.1950855000000002	0.000630133661929195	0.0027239998986298627	0.024104914013232115	1.10339443589695
2.19558	0.0006301335751669822	0.002740341646529559	0.054975260919456474	1.0790506864931197
2.1960745000000004	0.0006301334961377737	0.0027553573761740498	0.08482194209342407	1.0359223287387085
2.196569	0.0006301334315187665	0.0027690947112507156	0.11311518387479993	0.9751898463885296
2.1970635	0.000630133384294232	0.0027816004320809673	0.13936284684026395	0.8985374831818816
2.1975580000000003	0.0006301333537425521	0.002792920415201566	0.16312027714385838	0.807998865209627
2.1980525	0.0006301333363314485	0.0028030989280272483	0.18399368926362908	0.7059112598776889
2.198547	0.0006301333270954525	0.002812177086581854	0.20164061275705528	0.5951239940483053
2.1990415000000003	0.0006301333214372995	0.0028201905845598014	0.21576886970546605	0.47989785011633795
2.199536	0.0006301333167024564	0.0028271678578708757	0.22613975888091686	0.36845287025482076
2.2000305	0.0006301333126842638	0.0028331313108303246	0.23257436354326497	0.27920430918353906
2.2005250000000003	0.000630133310924682	0.002838103235267725	0.2349578728250736	0.2680676211641741
2.2010195	0.0006301333134382054	0.002842115054865684	0.233242870960515	0.2979707897179941
2.201514	0.0006301333213219186	0.002845216333025623	0.22745213347026336	0.39655422781583116
2.2020085000000003	0.0006301333338096662	0.002847480036637973	0.21767835112002035	0.5120891818206192
2.202503	0.0006301333483907703	0.0028490031874409145	0.204082528417165	0.6295082401812234
2.2029975000000004	0.0006301333614272832	0.002849904990741087	0.18689705588985522	0.7413451083100859
2.2034920000000002	0.000630133369042425	0.002850324487258573	0.16642828579248264	0.8427976637361719
2.2039865	0.0006301333678442232	0.002850417389515909	0.14305236082113632	0.9304751258204506
2.2044810000000004	0.0006301333556947151	0.0028503512346052086	0.11720348746541506	1.0020316662708255
2.2049755	0.0006301333320935181	0.0028502993528529657	0.08936168074975272	1.0559383928357582
2.20547	0.000630133298223753	0.002850434463170376	0.06003769962895358	1.0914255039266612
2.2059645000000003	0.0006301332568465343	0.002850922591203433	0.029757517216428536	1.1082997030446384
2.206459	0.0006301332117700267	0.0028519178370016514	-0.0009479449920918292	1.1067177656650213
2.2069535	0.0006301331667845847	0.0028535580603308392	-0.03154856187406106	1.087082271010351
2.2074480000000003	0.0006301331249536557	0.0028559619795252367	-0.061519835616395346	1.049952111874451
2.2079425	0.0006301330884256964	0.0028592286218335895	-0.09034740446021008	0.9959796261334576
2.208437	0.0006301330585377122	0.0028634388552100523	-0.11753273709553075	0.9260683038650179
2.2089315000000003	0.0006301330357612671	0.002868656861918904	-0.14260334389585286	0.8416348700400946
2.209426	0.000630133019674427	0.00287492889477427	-0.1651222693745745	0.7447896876596025
2.2099205	0.0006301330092101995	0.002882278820983695	-0.18469457988778576	0.6383921356141977
2.2104150000000002	0.0006301330030740019	0.0028907029714122616	-0.2009715196707411	0.5263564505366072
2.2109095	0.0006301329999015687	0.00290016752788717	-0.21365750041199244	0.4147703668607854
2.2114040000000004	0.0006301329983283644	0.002910610167972361	-0.22251685631258916	0.3154504674526048
2.2118985	0.0006301329970268107	0.0029219451994462646	-0.22738345572174412	0.25385471553546995
2.212393	0.0006301329946705444	0.0029340698958731522	-0.22816986491872726	0.2630257588340283
2.2128875000000003	0.0006301329899232645	0.0029468708722032444	-0.22487335809522657	0.3362534495941419
2.213382	0.0006301329816326067	0.002960230816932239	-0.21757247734620408	0.4390482861790709
2.2138765	0.000630132969141241	0.0029740349806589464	-0.20641925543739204	0.5502628722142088
2.2143710000000003	0.0006301329527096047	0.002988175924339725	-0.19162976762815012	0.6602289916691629
2.2148655	0.0006301329341755855	0.0030025561138167464	-0.17347756377768284	0.7639451642581014
2.21536	0.0006301329173351041	0.0030170889173958527	-0.15228575734374955	0.8583333060259806
2.2158545000000003	0.0006301329078728973	0.003031698373513041	-0.12842178449606453	0.941184628521843
2.216349	0.0006301329127775925	0.0030463175967381114	-0.10229574009533512	1.0107301244141595
2.2168435	0.0006301329391110198	0.0030608852647843153	-0.07435826920648474	1.0655102614921863
2.2173380000000003	0.0006301329920003242	0.0030753398289735862	-0.04509164487486804	1.1043059627830987
2.2178325	0.0006301330728115208	0.003089612550116902	-0.0150010980672579	1.125975438080581
2.2183270000000004	0.0006301331780376025	0.003103622585080128	0.015391869019805798	1.129640558732042
2.2188215000000002	0.0006301332995924246	0.0031172766173543863	0.04555729727417067	1.1148557404496984
2.219316	0.0006301334260545007	0.003130472104574936	0.0749621262180319	1.081703215308054
2.2198105000000004	0.0006301335447324577	0.0031431011419357554	0.10307736145118192	1.030790315779906
2.220305	0.0006301336442657466	0.0031550525386284294	0.1293891332597499	0.963283913530851
2.2207995	0.0006301337167427297	0.0031662117690013473	0.15341542295555982	0.880952402230834
2.2212940000000003	0.000630133758920232	0.003176459604668536	0.17472106571344648	0.7860273522844321
2.2217885	0.0006301337726293717	0.0031856707033744115	0.1929281101683431	0.6813274926043809
2.222283	0.0006301337644195571	0.003193712768281729	0.20772288169707992	0.5703162619007236
2.2227775000000003	0.0006301337444008717	0.003200446385063035	0.2188563830409959	0.45765310494317135
2.223272	0.0006301337240746005	0.003205726828989326	0.22614204745871214	0.35170697412619056
2.2237665	0.0006301337137542039	0.003209408667058753	0.22945599551584103	0.2710795015495095
2.2242610000000003	0.0006301337204503662	0.003211351831751049	0.22873908925773356	0.24970523949477466
2.2247555	0.0006301337468237993	0.0032114275608281805	0.22399702475914596	0.3026518580769716
2.2252500000000004	0.0006301337912348533	0.0032095236636512994	0.21530194125672292	0.3999396103010973
2.2257445000000002	0.0006301338484527203	0.0032055493613329876	0.2027941716608649	0.5133589094311004
2.226239	0.0006301339106924076	0.0031994407728183913	0.18668061637668212	0.6294863671738173
2.2267335000000004	0.0006301339689989906	0.0031911670952672463	0.16722918224037056	0.741546945774715
2.227228	0.0006301340148719424	0.003180735044615202	0.14476469096255978	0.8449795396861256
2.2277225	0.0006301340419033084	0.0031681885886862995	0.11966878215516262	0.9360734864503932
2.2282170000000003	0.0006301340468090625	0.003153603272177033	0.09237864821724813	1.0118381705027295
2.2287115	0.0006301340297263402	0.003137077399239336	0.06338114286545649	1.070123851078408
2.229206	0.0006301339936242351	0.003118723416216683	0.033201733734853675	1.1096182800802914
2.2297005000000003	0.0006301339434026639	0.003098661508226716	0.0023901551142759096	1.1297801954201065
2.230195	0.0006301338846499475	0.0030770154858640922	-0.028496395583819053	1.1307780123247146
2.2306895	0.0006301338225956923	0.003053910514266654	-0.058908651855917774	1.1132723554014359
2.2311840000000003	0.0006301337610653086	0.003029472376524163	-0.0883138264659736	1.078179672983909
2.2316785	0.0006301337020534517	0.0030038274275963873	-0.11620086276815347	1.0266062818080846
2.232173	0.0006301336456665706	0.0029771017270896374	-0.1420869296119212	0.9600021239180739
2.2326675000000002	0.000630133590959152	0.002949418363612163	-0.16552393357780343	0.8804227293326333
2.233162	0.0006301335370072184	0.0029208935665553004	-0.1861037902310998	0.7908988289972076
2.2336565000000004	0.0006301334840111657	0.002891633357996533	-0.20346701178193752	0.6958184884354329
2.234151	0.0006301334334815716	0.0028617322538678175	-0.21730926691773503	0.6014434517279128
2.2346455	0.0006301333878523332	0.0028312739076184375	-0.2273852678336904	0.5169356302469448
2.2351400000000003	0.0006301333493698325	0.002800331952755594	-0.23351157799314273	0.45563300169534615
2.2356345	0.0006301333192255518	0.002768969418167119	-0.23556983252349503	0.4336270383465964
2.236129	0.0006301332969726157	0.0027372376267911277	-0.23350772055461586	0.46001718778048345
2.2366235000000003	0.000630133280565496	0.0027051775755914742	-0.22734412858043385	0.5275342106516764
2.237118	0.0006301332667416316	0.0026728253939017612	-0.2171762033217716	0.6197373013187093
2.2376125	0.0006301332517113251	0.0026402206922869357	-0.20318162224568925	0.721858825039881
2.2381070000000003	0.0006301332320261911	0.0026074150158091986	-0.18561188509492826	0.8236660904468227
2.2386015	0.0006301332052119295	0.0025744774464358878	-0.16478247139378138	0.9184953680663845
2.239096	0.0006301331703003035	0.002541496147557319	-0.14106347149308585	1.001925316355081
2.2395905000000003	0.00063013312791052	0.0025085762798186324	-0.11486925497863042	1.0710013229756223
2.240085	0.0006301330801175636	0.002475834721121616	-0.08665017464130098	1.1237664222406745
2.2405795000000004	0.0006301330296055636	0.0024433925741618144	-0.05688843008873181	1.1590091409508378
2.2410740000000002	0.0006301329790100272	0.0024113677745118784	-0.02609234405483749	1.1760651655538916
2.2415685	0.0006301329304967403	0.002379869960438315	0.005212228271998492	1.1746242446663808
2.2420630000000004	0.0006301328859212407	0.0023489981018853918	0.036491271988536335	1.1545920332682735
2.2425575	0.0006301328466032569	0.0023188393670607755	0.06721206860665359	1.1160934339821393
2.243052	0.0006301328134955446	0.0022894672183420245	0.09684972618623214	1.0596275712641108
2.2435465000000003	0.0006301327872760369	0.00226093834360227	0.12489620063477012	0.9860803846067525
2.244041	0.0006301327687109467	0.0022332897099011503	0.15086532710089431	0.8966059626270461
2.2445355	0.000630132758464876	0.002206537991495626	0.1742990642598814	0.7924811214830088
2.2450300000000003	0.0006301327568443121	0.0021806821386341673	0.1947753811582433	0.6752041078960204
2.2455245	0.0006301327632881101	0.002155706552453248	0.2119217870240638	0.5467927282169667
2.246019	0.0006301327761976984	0.0021315816298960793	0.22542726135611546	0.41005497356581444
2.2465135000000003	0.0006301327927697419	0.0021082615109713656	0.23505159070653908	0.26913806198145007
2.247008	0.0006301328091667596	0.002085681223534396	0.24062929084914847	0.19223249956719612
2.2475025	0.000630132820984123	0.002063755242278048	0.24206792721333997	0.18742940875355737
2.2479970000000002	0.0006301328240424275	0.0020423790434924986	0.23934443357616542	0.20790581147355958
2.2484915	0.0006301328154770108	0.002021434232864263	0.2325053340010941	0.34014690130780384
2.2489860000000004	0.0006301327946898109	0.0020007964273711046	0.22166775352647947	0.4743080787636589
2.2494805	0.0006301327638940932	0.0019803447168559103	0.20701654008797096	0.601419573199672
2.249975	0.0006301327281372129	0.0019599709597966516	0.18880221526814797	0.719001275207603
2.2504695000000003	0.000630132694985276	0.001939585920696469	0.16733775627622532	0.8250534796621735
2.250964	0.0006301326732934111	0.001919120506354502	0.14299023751306889	0.9178413328058288
2.2514585	0.0006301326713209936	0.0018985233643081	0.11617245609853293	0.9957777022924892
2.2519530000000003	0.0006301326948334354	0.001877757478749142	0.08733838976353044	1.057392237400042
2.2524475	0.0006301327459477365	0.001856797626367177	0.056979373008055154	1.1014563475653825
2.252942	0.0006301328221568844	0.0018356283495220755	0.025617695053007768	1.1270218684371731
2.2534365000000003	0.0006301329166258151	0.0018142405183842038	-0.006199823381384689	1.1333984677383337
2.253931	0.0006301330194371955	0.001792625237343172	-0.03791085306077699	1.120228499807007
2.2544255	0.0006301331195095857	0.0017707665405593685	-0.06895155937955508	1.0876367131419586
2.2549200000000003	0.0006301332062827902	0.0017486364033345884	-0.09877373330220843	1.0362731701802474
2.2554145	0.0006301332715234896	0.0017261940048202622	-0.1268573754111839	0.9671825473267355
2.2559090000000004	0.0006301333109049941	0.0017033879346346642	-0.15271820007888093	0.8816888359746432
2.2564035000000002	0.0006301333248456954	0.0016801592171750165	-0.17591305594343626	0.7813760025425628
2.256898	0.0006301333175472959	0.0016564437386917949	-0.1960451935025679	0.6681429318027913
2.2573925000000004	0.0006301332956617679	0.0016321730137207995	-0.2127711760989865	0.5442714648686979
2.257887	0.0006301332666106686	0.0016072728887619586	-0.2258083346618479	0.41253989015215264
2.2583815	0.0006301332370650432	0.0015816606095733932	-0.23494078767164725	0.27674801357985884
2.2588760000000003	0.0006301332118774975	0.001555241441887507	-0.2400222514972476	0.2421137988859217
2.2593705	0.0006301331937805439	0.001527907377469164	-0.24097562555444452	0.22741660198343933
2.259865	0.0006301331834281131	0.0014995402662506087	-0.2377911778648344	0.23694794430346328
2.2603595000000003	0.0006301331797676631	0.0014700190298464696	-0.23052583710187446	0.32728726228641714
2.260854	0.0006301331807695729	0.0014392283890714093	-0.21930174814599435	0.464481196504098
2.2613485	0.0006301331842457297	0.0014070660280823826	-0.20430748604479518	0.5969389817033876
2.2618430000000003	0.0006301331884171191	0.001373446956833933	-0.18580131013277598	0.7213626653554668
2.2623375	0.0006301331921632294	0.0013383067356594754	-0.16410841828456868	0.8352085112926944
2.2628320000000004	0.0006301331950947068	0.0013016055684198166	-0.13961386158559422	0.9362620852826661
2.2633265000000002	0.0006301331971119183	0.0012633326789885464	-0.11275343225631723	1.0224741871576084
2.263821	0.0006301331981593364	0.0012235083494615486	-0.08400287349865855	1.092088596425508
2.2643155000000004	0.0006301331978032697	0.001182181806946985	-0.053865264368512404	1.1437767979011506
2.26481	0.0006301331951923163	0.001139425256985967	-0.022863144594158415	1.176617309439307
2.2653045	0.0006301331888393496	0.0010953260690741591	0.00846530644359718	1.1901360099017149
2.2657990000000003	0.0006301331771257281	0.0010499792003251798	0.03957482422004275	1.1845682731488125
2.2662935	0.0006301331584074759	0.0010034809375088132	0.0699266542192547	1.1609037485456208
2.266788	0.000630133131654858	0.000955924995542605	0.09899878659495139	1.1207319283995023
2.2672825000000003	0.0006301330967895208	0.0009074018541683503	0.12629634839204693	1.0660770300979518
2.267777	0.0006301330551371118	0.0008580009198538823	0.1513585172572265	0.9991792490684877
2.2682715	0.0006301330090215903	0.0008078135199734761	0.17376388179233904	0.9223896528698692
2.2687660000000003	0.0006301329614651078	0.0007569337307010473	0.19313210522720917	0.8386988467605623
2.2692605	0.0006301329153788403	0.0007054556309877205	0.20912869446259474	0.7526827595199084
2.269755	0.0006301328731081143	0.0006534687418402508	0.22147104085517014	0.6713156244474661
2.2702495000000003	0.0006301328359219209	0.0006010546276771289	0.22993709515989577	0.6044477210934589
2.270744	0.0006301328040983823	0.0005482864526662817	0.23437354562843193	0.5635874029222183
2.2712385000000004	0.000630132777154632	0.0004952309387966425	0.23470210340779968	0.5577688241017417
2.2717330000000002	0.0006301327544495671	0.00044195031753858124	0.23092104033970223	0.5884532356204304
2.2722275	0.0006301327356727434	0.00038850310731293263	0.22310156307763818	0.6489391595762967
2.2727220000000004	0.0006301327211218051	0.0003349454442109939	0.21138512412945482	0.7286440234908524
2.2732165	0.0006301327118707317	0.0002813347978793183	0.19598036249395961	0.8173197559136693
2.273711	0.0006301327094349045	0.00022773559984262106	0.17716199682021377	0.9067527634393056
2.2742055000000003	0.0006301327153964281	0.00017422519026365414	0.1552673756513772	0.9906679119852089
2.2747	0.0006301327305810876	0.00012089886280283015	0.13069182346368272	1.0642955022010925
2.2751945	0.000630132754557089	6.787305508667697e-5	0.10387835464348855	1.1240242459844065
2.2756890000000003	0.0006301327851033485	1.528567246189569e-5	0.07530441761479734	1.167212084602345
2.2761835	0.0006301328186392099	-3.6707431722419295e-5	0.045470156958151986	1.192080988135827
2.276678	0.0006301328505599895	-8.794001872699447e-5	0.014893365454114375	1.1976737510220785
2.2771725000000003	0.000630132876442163	-0.0001382457697871972	-0.015896073183708136	1.1838876024447595
2.277667	0.0006301328931567374	-0.00018746805312961417	-0.04636343740001278	1.151151966032105
2.2781615000000004	0.0006301328999806523	-0.00023546571376890612	-0.07597437072627171	1.09996988410086
2.2786560000000002	0.0006301328985257498	-0.00028211478982635946	-0.10420243096333087	1.0309413261686196
2.2791505	0.0006301328925933382	-0.0003273089372674206	-0.1305431139777334	0.9450366522072414
2.2796450000000004	0.0006301328871544978	-0.0003709607203228504	-0.1545270736184834	0.8436775749709092
2.2801395	0.0006301328872648584	-0.0004130039347734579	-0.17572931011770426	0.7286899101839422
2.280634	0.0006301328964782296	-0.0004533957347576986	-0.19377603189847212	0.6021916969494994
2.2811285000000003	0.0006301329158371794	-0.0004921170375246823	-0.2083501963896008	0.4663364250163559
2.281623	0.0006301329432185274	-0.0005291716079786049	-0.21919516879250872	0.32337425549222343
2.2821175	0.0006301329738921233	-0.0005645858477269738	-0.22612028076833715	0.24022452950497103
2.2826120000000003	0.0006301330017509082	-0.0005984095303260461	-0.22900830295979455	0.23443866465281438
2.2831065	0.0006301330207873359	-0.0006307160295252667	-0.22782015284322038	0.2471851351372597
2.283601	0.0006301330264055018	-0.00066160160613111	-0.22259331158754775	0.2758117627095867
2.2840955000000003	0.0006301330165910024	-0.0006911840634233274	-0.2134378073152553	0.40839350750536085
2.28459	0.0006301329926231417	-0.000719600321199421	-0.2005280384735494	0.5386261955964868
2.2850845	0.0006301329588897661	-0.0007470019600851052	-0.18409598225765036	0.6583465161414446
2.2855790000000002	0.000630132922009891	-0.0007735477646859232	-0.16442781718475633	0.765810340758254
2.2860735	0.0006301328891766337	-0.0007993936058057179	-0.14186296504124785	0.8595923409617163
2.2865680000000004	0.0006301328662297328	-0.0008246824732962006	-0.11679270117789829	0.9384847529582226
2.2870625	0.0006301328563886321	-0.0008495383590950776	-0.08965491853542547	1.0013695726300216
2.287557	0.0006301328599848429	-0.000874065847804102	-0.060927554018596425	1.0471537256185959
2.2880515000000003	0.0006301328744690728	-0.0008983538101238893	-0.031119945837615008	1.07495119097779
2.288546	0.0006301328952671591	-0.0009224799495279857	-0.0007605456153919009	1.0842603363336651
2.2890405	0.0006301329169140298	-0.0009465145466964032	0.02961437784356342	1.0749243578970455
2.2895350000000003	0.0006301329348219231	-0.0009705238277556037	0.059467830840225055	1.047005205127674
2.2900295	0.0006301329459503081	-0.0009945736030882702	0.08826795473514013	1.0008196921225114
2.290524	0.0006301329492991442	-0.0010187327105832514	0.11549834771848895	0.9370869488183888
2.2910185000000003	0.000630132945964036	-0.0010430751530489594	0.1406718716258826	0.8569743898990265
2.291513	0.000630132938772354	-0.0010676805234599907	0.16334201746061092	0.7620834050013175
2.2920075	0.0006301329311352254	-0.001092633655942177	0.18311337203436867	0.6543297222747174
2.2925020000000003	0.00063013292606556	-0.0011180240906809664	0.19964904004608816	0.535767686560539
2.2929965	0.0006301329252629928	-0.0011439446849448053	0.212671323779023	0.4085012065713387
2.2934910000000004	0.0006301329288458458	-0.001170488957408859	0.221958580053938	0.27506941379280697
2.2939855000000002	0.0006301329353559185	-0.001197748060244675	0.22734690308671207	0.24145766175162361
2.29448	0.0006301329425039979	-0.0012258093957195695	0.22873350626304437	0.2276018775643995
2.2949745000000004	0.0006301329480193856	-0.001254758144873856	0.22607985249896898	0.23581647476156664
2.295469	0.0006301329501465754	-0.0012846803850858593	0.21941710003775056	0.3045544469409261
2.2959635	0.0006301329479820604	-0.0013156643133212453	0.20884840827940215	0.44023210982866057
2.2964580000000003	0.0006301329416567242	-0.0013477969723050716	0.19454786627509257	0.5705912512064227
2.2969525	0.000630132932181449	-0.0013811568436103078	0.17675627169164906	0.6932192373166093
2.297447	0.000630132920973478	-0.0014158050503880258	0.15577821684176543	0.8059963462971688
2.2979415000000003	0.0006301329095732151	-0.0014517780339277438	0.1319760377278708	0.9069174294097139
2.298436	0.0006301328990831698	-0.0014890825410353078	0.10576625435156277	0.9940248330453261
2.2989305	0.0006301328898635487	-0.0015276925850099064	0.07761481492319856	1.0654408876022283
2.2994250000000003	0.0006301328816540652	-0.0015675485820876745	0.04802972352956448	1.1195811652361052
2.2999195	0.000630132874188898	-0.0016085593411623129	0.017545169744531828	1.1554309881321452
2.3004140000000004	0.0006301328671215145	-0.0016506065603461414	-0.013294377273308334	1.1725891824500372
2.3009085000000002	0.0006301328605261302	-0.0016935502822432995	-0.043946637750318034	1.1711216193442742
2.301403	0.0006301328550977862	-0.0017372341691643102	-0.07387984487858526	1.1513503724730176
2.3018975000000004	0.0006301328519856826	-0.0017814911323381023	-0.10257860898814763	1.1138976273776149
2.302392	0.0006301328520178531	-0.0018261503347301437	-0.12954804471710318	1.059969307568459
2.3028865	0.0006301328558210419	-0.0018710447899154363	-0.15431730426529325	0.9916095765685281
2.3033810000000003	0.000630132863422932	-0.00191601736013683	-0.17644698898489086	0.9119132373063691
2.3038755	0.0006301328740996893	-0.001960923098760945	-0.19554015691320883	0.8250441989535298
2.30437	0.0006301328865329154	-0.0020056273075572573	-0.21125137799848576	0.7359667030195386
2.3048645000000003	0.0006301328996881456	-0.0020500019581086632	-0.22329243276798888	0.6509189362616046
2.305359	0.0006301329134181323	-0.0020939245885116995	-0.23143914285274947	0.5785516934199453
2.3058535	0.0006301329290230406	-0.0021372807623409214	-0.23553582770184744	0.5301788272660259
2.3063480000000003	0.0006301329493608336	-0.00217996825454944	-0.23549792101967015	0.5168447836569929
2.3068425	0.0006301329785349365	-0.002221900827920562	-0.23131532050728962	0.5426659837541845
2.307337	0.0006301330212635079	-0.0022630101703104435	-0.22305749584677265	0.6011859132276547
2.3078315000000003	0.0006301330818618021	-0.00230324547802647	-0.21087532196840977	0.6803344921556969
2.308326	0.0006301331632356617	-0.002342570817474248	-0.19499556757956052	0.7687200765702282
2.3088205000000004	0.0006301332657370142	-0.0023809603408115002	-0.17571208497829652	0.857732737500903
2.3093150000000002	0.0006301333864520206	-0.0024183917898319084	-0.15337323733421204	0.9413279379419773
2.3098095	0.000630133518898164	-0.002454840252762717	-0.1283691445054379	1.0153096243326014
2.3103040000000004	0.0006301336537807879	-0.0024902742209193434	-0.1011267020980644	1.0767091563955233
2.3107985	0.0006301337800156891	-0.0025246535524156752	-0.07210641388400461	1.1233502208670758
2.311293	0.0006301338867736494	-0.0025579275510742554	-0.04179750348192691	1.1535159597363145
2.3117875000000003	0.0006301339652912319	-0.002590032701081885	-0.010712129069212765	1.1657154604020343
2.312282	0.0006301340103203898	-0.0026208916297319885	0.02061993638189862	1.1587855514322665
2.3127765	0.0006301340206284466	-0.002650415513087614	0.05166106196647304	1.1321634138326966
2.3132710000000003	0.0006301339994691017	-0.0026785110513129593	0.08187627556978051	1.0860252562639883
2.3137655	0.0006301339539673777	-0.0027050905298958727	0.11074144246377345	1.02123284848144
2.31426	0.0006301338938526996	-0.0027300808101036124	0.1377500895131495	0.9390578496747753
2.3147545000000003	0.0006301338294835788	-0.002753427950339348	0.1624225637660469	0.8410407602070462
2.315249	0.0006301337700774254	-0.0027750977525410644	0.18431704765361395	0.7290202500808858
2.3157435000000004	0.0006301337221980344	-0.002795074299299601	0.20304078953323748	0.6052520847620075
2.3162380000000002	0.000630133689174709	-0.00281335790524444	0.21826116992768255	0.4726680836962216
2.3167325	0.0006301336711647535	-0.002829963421437537	0.2297166185104878	0.3355604597952268
2.3172270000000004	0.0006301336658786294	-0.002844919762315728	0.23722067887006182	0.2031091745210071
2.3177215	0.0006301336696592033	-0.002858270935340192	0.24065878495087084	0.1554627338221907
2.318216	0.0006301336788002664	-0.002870078198750318	0.23998169802435682	0.178072078039514
2.3187105000000003	0.0006301336906046125	-0.002880421644692522	0.23520310531287195	0.3054186668807811
2.319205	0.0006301337039682157	-0.002889399157608534	0.22639945954683036	0.44058610596471764
2.3196995	0.0006301337190857909	-0.0028971227243908258	0.21371037950914554	0.5722344033840894
2.3201940000000003	0.0006301337363725009	-0.0029037139840800757	0.19733984020663173	0.6960621641589816
2.3206885	0.0006301337554377626	-0.002909300919040103	0.1775551534476047	0.809182319913612
2.321183	0.0006301337743559763	-0.0029140157090721155	0.154682981600432	0.9091617118970015
2.3216775000000003	0.0006301337893742558	-0.0029179915313725714	0.12910461400737885	0.9939201789438351
2.322172	0.0006301337953819518	-0.002921356340663795	0.10125282383281801	1.0618744016095212
2.3226665	0.0006301337874975725	-0.0029242243029194825	0.0716050201402835	1.111988364386654
2.3231610000000003	0.0006301337621648655	-0.0029266878796073105	0.040677295339744624	1.1435722750469304
2.3236555	0.0006301337174717713	-0.0029288141045418887	0.009017121622322113	1.1561182482734145
2.3241500000000004	0.0006301336537519061	-0.002930646309117868	-0.022808323426857957	1.1494411816742782
2.3246445000000002	0.0006301335743057176	-0.002932209702625202	-0.05422964966766202	1.1238412421597186
2.325139	0.0006301334848732751	-0.002933518611102049	-0.08469162279540754	1.0800372528857314
2.3256335000000004	0.0006301333925013309	-0.0029345839301499086	-0.11366539483837455	1.0190983980787178
2.326128	0.0006301333044787631	-0.0029354193859693423	-0.14065966701144983	0.9423691619300766
2.3266225	0.0006301332273166194	-0.002936045134828785	-0.1652246522731823	0.8512888209206454
2.3271170000000003	0.0006301331654742089	-0.002936488448786782	-0.18695117676037692	0.7474921698530683
2.3276115	0.0006301331206340014	-0.002936782878426482	-0.20547283905092276	0.633195159738009
2.328106	0.0006301330920223659	-0.0029369680496357784	-0.22047398591112674	0.5115213263053111
2.3286005000000003	0.0006301330770184602	-0.002937091223459993	-0.231695653301019	0.3872097825259092
2.329095	0.0006301330717641356	-0.0029372092689468094	-0.2389410920836635	0.27001443348031984
2.3295895	0.0006301330719157605	-0.002937388770028122	-0.24207809402136807	0.18864512549715867
2.3300840000000003	0.0006301330734859578	-0.0029377037091430943	-0.24104324590926948	0.20150579391013546
2.3305785	0.0006301330734622	-0.002938232022801268	-0.23584424507304172	0.2965613833362874
2.3310730000000004	0.0006301330700739693	-0.002939053535688571	-0.2265623336491848	0.41780163308298646
2.3315675000000002	0.0006301330626742207	-0.0029402507157861415	-0.2133551328222918	0.542392433315799
2.332062	0.0006301330513120325	-0.002941910443307917	-0.1964582692319429	0.6617456170809225
2.3325565000000004	0.0006301330363859587	-0.0029441234897382537	-0.17618217570903635	0.7714507765671557
2.333051	0.0006301330186780564	-0.002946980171559579	-0.15290382853028062	0.8688051909361072
2.3335455	0.0006301329994137929	-0.002950563044431943	-0.127054077117877	0.9521069730529084
2.3340400000000003	0.0006301329801988964	-0.0029549383566807425	-0.09910226483637238	1.0203454261241127
2.3345345	0.0006301329631720536	-0.0029601479036386754	-0.06954152579745315	1.0728527414344669
2.335029	0.000630132951333221	-0.0029662029357146874	-0.03888088828956767	1.1089735252060828
2.3355235000000003	0.0006301329481356279	-0.0029730818010614423	-0.007640527776621589	1.1280218974168283
2.336018	0.0006301329565655403	-0.0029807319396454746	0.023652467121347675	1.1294142276011236
2.3365125	0.0006301329785028959	-0.0029890753600501636	0.05446942716400605	1.1128990756193797
2.3370070000000003	0.0006301330142369109	-0.002998015311900982	0.08428675622777833	1.078766501780464
2.3375015	0.0006301330616978493	-0.00300744139213044	0.11259654520921526	1.027776920516819
2.3379960000000004	0.0006301331164993643	-0.0030172328411711105	0.13891540470284744	0.9609259050491104
2.3384905000000002	0.0006301331729492517	-0.0030272621139722745	0.16278808739910328	0.879544794375651
2.338985	0.0006301332251122835	-0.00303739982629776	0.18379375287082608	0.7857925776904391
2.3394795000000004	0.0006301332679134356	-0.00304752027172833	0.20155685594125514	0.6831783403915525
2.339974	0.0006301332987147243	-0.0030575056582525656	0.2157575963317941	0.5772334661642061
2.3404685	0.0006301333181148228	-0.0030672470178884892	0.2261411624054448	0.47658823164753084
2.3409630000000003	0.0006301333297579929	-0.003076641788604912	0.23252813507747905	0.3950246100857272
2.3414575	0.0006301333397131912	-0.003085591028103474	0.23482174137148815	0.3524219010755345
2.341952	0.0006301333556925931	-0.0030939987868587363	0.2330063482033444	0.36433765533633716
2.3424465000000003	0.0006301333857481181	-0.0031017734844612506	0.22714084113604666	0.4241813766973532
2.342941	0.0006301334362383801	-0.0031088303267915846	0.21735074084336015	0.511545836315619
2.3434355	0.0006301335102171647	-0.0031150941375248167	0.20382035942632784	0.6099990801813345
2.3439300000000003	0.0006301336065448656	-0.0031205015064732964	0.1867881945645266	0.7097538023561315
2.3444245	0.0006301337200021451	-0.003125000716119276	0.1665460221178673	0.8048254340536092
2.344919	0.0006301338423700997	-0.0031285482891596924	0.14343811534336254	0.8910504971800803
2.3454135000000003	0.0006301339639226847	-0.003131102356373841	0.11785734238043924	0.9652473209236627
2.345908	0.0006301340746963525	-0.0031326150244363696	0.09023939099567022	1.0249521130118273
2.3464025000000004	0.0006301341657120336	-0.0031330266783553043	0.06105508162144376	1.0682605522980613
2.3468970000000002	0.0006301342302419598	-0.0031322639318628314	0.030806625687849542	1.0937429106020584
2.3473915	0.00063013426486425	-0.003130240554957128	2.209901802023259e-5	1.100381837353108
2.3478860000000004	0.0006301342696739087	-0.0031268590313736824	-0.03075011574954106	1.0874834574374852
2.3483805	0.0006301342479342381	-0.003122011928664125	-0.06095122047077059	1.054853768375249
2.348875	0.0006301342053481553	-0.0031155844178495707	-0.090027497505134	1.0030135803324638
2.3493695000000003	0.0006301341486620341	-0.0031074593032525875	-0.11744771747626091	0.9332985206800573
2.349864	0.0006301340844006489	-0.0030975247614123754	-0.1427177046585156	0.8478905728276152
2.3503585	0.0006301340180731163	-0.003085683011971173	-0.16539273486396788	0.7498036321803225
2.3508530000000003	0.0006301339538431588	-0.003071857147192837	-0.18508677633084605	0.6428841378214175
2.3513475	0.0006301338943985668	-0.0030559950800355326	-0.2014738942614918	0.5322188405646333
2.351842	0.0006301338413245179	-0.0030380711339104576	-0.21428510677338614	0.42573860646208384
2.3523365000000003	0.0006301337956805826	-0.0030180855557580153	-0.223308237125407	0.3384028799645645
2.352831	0.0006301337585834642	-0.002996062182231747	-0.22839303696488425	0.2969434864308026
2.3533255000000004	0.0006301337313147196	-0.002972045403930413	-0.22945293175255171	0.3242468564899647
2.3538200000000002	0.0006301337149334579	-0.002946098569381753	-0.2264678855196303	0.40708557623539915
2.3543145	0.0006301337094702953	-0.0029183050546366064	-0.21948608051247326	0.5168584949438235
2.3548090000000004	0.0006301337131274639	-0.0028887710365297675	-0.2086228317287334	0.6349349237999532
2.3553035	0.0006301337218426137	-0.002857627333566684	-0.1940576568891788	0.7512737610055518
2.355798	0.0006301337295501442	-0.002825027940383193	-0.17603573284920404	0.859952619176264
2.3562925000000003	0.0006301337293575821	-0.0027911449827666846	-0.1548706976695253	0.9571119799755101
2.356787	0.0006301337147170958	-0.002756161998307889	-0.13094251909362428	1.039997355847731
2.3572815	0.0006301336804063199	-0.002720267862532125	-0.10469116357320214	1.1064268977338598
2.3577760000000003	0.0006301336234476997	-0.0026836516171941886	-0.07660438790466274	1.1548094085874543
2.3582705	0.0006301335442958917	-0.0026464969727104963	-0.04720216501449659	1.1842919230350086
2.358765	0.0006301334467904257	-0.0026089759872861217	-0.017019802360144054	1.1948229426817911
2.3592595000000003	0.000630133337616571	-0.0025712429751201505	0.013405191911398766	1.1869909325906156
2.359754	0.0006301332250042508	-0.0025334304829122793	0.04354313409674671	1.1617053754568105
2.3602485	0.0006301331175057235	-0.0024956482663944578	0.0728779721129395	1.1199697604938672
2.3607430000000003	0.0006301330220620383	-0.002457984723949583	0.1009102704930811	1.0629508598339272
2.3612375	0.000630132943170525	-0.0024205104070633486	0.1271605464934439	0.9920775819147051
2.3617320000000004	0.0006301328826125246	-0.0023832839886753386	0.15117673730814601	0.9089508908667359
2.3622265000000002	0.0006301328398845918	-0.0023463596451940775	0.17254282268198534	0.815437491762749
2.362721	0.0006301328126300856	-0.002309793357934071	0.19088605569404318	0.7138212876799407
2.3632155000000004	0.0006301327978088524	-0.002273645969529464	0.2058792581177627	0.6073658842365443
2.36371	0.0006301327923629241	-0.0022379819650402335	0.21724556077494928	0.5018710762389054
2.3642045	0.0006301327937586213	-0.002202865690817915	0.22476554162820664	0.4082422757558453
2.3646990000000003	0.0006301327998949123	-0.0021683586263678807	0.22828483286559792	0.34555518748587466
2.3651935	0.0006301328089412577	-0.0021345193402309186	0.2277226309200937	0.33647415168252615
2.365688	0.0006301328189483337	-0.0021014049556198214	0.2230816573500171	0.3842375280000105
2.3661825000000003	0.0006301328276819395	-0.0020690723067453487	0.2144495443525738	0.4678975351435118
2.366677	0.000630132832739685	-0.0020375776714379873	0.2019922660818719	0.5664011007978625
2.3671715	0.000630132831735838	-0.0020069754622202363	0.1859450264699795	0.6671666648147043
2.3676660000000003	0.0006301328228094195	-0.00197731698249377	0.1666030044006938	0.7631972096923386
2.3681605	0.0006301328052652686	-0.0019486492737076865	0.14431083023156308	0.8503924915951369
2.3686550000000004	0.0006301327804398175	-0.0019210130046308522	0.11945440587066461	0.9261391888531495
2.3691495000000002	0.0006301327517680582	-0.0018944389338084048	0.0924576766091903	0.9885660345170979
2.369644	0.0006301327245968269	-0.0018689439908491892	0.06378003532382719	1.0362820209853634
2.3701385000000004	0.0006301327052393393	-0.0018445274952996757	0.03390950118161043	1.0683107031741657
2.370633	0.0006301326997450331	-0.0018211665240336643	0.0033566660360138437	1.0840445503158094
2.3711275	0.0006301327122623754	-0.0017988102841305852	-0.027354121628008474	1.083124567618881
2.3716220000000003	0.0006301327442564571	-0.0017773754767362864	-0.05769221366952118	1.0651925494954226
2.3721165	0.000630132793855523	-0.0017567454573953001	-0.08712555010376967	1.0298181998843097
2.372611	0.0006301328558306051	-0.0017367748156694408	-0.11512557943119096	0.9767721104407214
2.3731055000000003	0.0006301329224331492	-0.0017172986721925565	-0.14117806915778014	0.906524282849435
2.3736	0.0006301329853739173	-0.0016981432102585357	-0.1647981098976284	0.8204676432463242
2.3740945	0.0006301330373407773	-0.0016791335533228873	-0.18554570774838874	0.7208152695735749
2.3745890000000003	0.0006301330731769124	-0.001660098358882266	-0.2030400028309951	0.6105951612406928
2.3750835	0.0006301330907233712	-0.0016408728720863955	-0.2169696576306644	0.49394726266316225
2.375578	0.0006301330915995772	-0.0016213016465565838	-0.2270971004221255	0.377357807687459
2.3760725000000003	0.0006301330808447247	-0.0016012410413319513	-0.2332558853775806	0.30746954256026915
2.376567	0.0006301330655454837	-0.0015805610555649852	-0.23534814243160898	0.3008845210538125
2.3770615000000004	0.0006301330529754005	-0.001559146374802414	-0.23334247590868337	0.3011035856751288
2.3775560000000002	0.0006301330488237874	-0.0015368972429377792	-0.2272742164782914	0.3349003459761548
2.3780505	0.0006301330561525092	-0.0015137303261208634	-0.2172430105386518	0.44882177518516747
2.3785450000000004	0.000630133075190096	-0.001489578792711849	-0.20341355108784076	0.5669479464709297
2.3790395	0.0006301331036451678	-0.0014643911943946417	-0.18601486587295887	0.6811360603390646
2.379534	0.0006301331374208963	-0.0014381302080067044	-0.1653356368039991	0.7870001764068532
2.3800285000000003	0.0006301331718108174	-0.0014107729546573129	-0.1417180019645089	0.8816227979043928
2.380523	0.0006301332026446558	-0.0013823126977399924	-0.11555646038310949	0.9625692105032048
2.3810175	0.0006301332273186101	-0.0013527589418231233	-0.08729806996235916	1.0276460388828903
2.3815120000000003	0.0006301332448829796	-0.0013221332831522378	-0.057437088218386674	1.0749668101876095
2.3820065	0.0006301332561710691	-0.0012904611092464837	-0.026507550477217198	1.1031346662129562
2.382501	0.0006301332630600498	-0.0012577617240293677	0.004930680276607144	1.1114871634603014
2.3829955000000003	0.0006301332677317195	-0.0012240409635502088	0.03630975064358091	1.1001331432223431
2.38349	0.000630133271548175	-0.0011892888468110973	0.06707089950318121	1.0697919662066873
2.3839845000000004	0.0006301332748390217	-0.0011534812465782266	0.09667634139430262	1.0216689250994282
2.3844790000000002	0.0006301332765389913	-0.0011165834227439093	0.12461840496460035	0.9574301354766479
2.3849735	0.0006301332745541105	-0.001078554580269143	0.15042541937873635	0.8791928614325516
2.3854680000000004	0.0006301332662357517	-0.0010393531774727802	0.17366462174982472	0.7896588623132538
2.3859625	0.0006301332495424897	-0.0009989421948368952	0.19394535623105655	0.6925669524262914
2.386457	0.0006301332235408804	-0.0009572934467010855	0.21092605172649534	0.5934968765346669
2.3869515000000003	0.0006301331888113822	-0.0009143906957046546	0.22431942165523572	0.5013794612712328
2.387446	0.0006301331472336775	-0.0008702323870266289	0.23389494314352768	0.4306878767295437
2.3879405	0.0006301331016686065	-0.000824834853344144	0.23948198662277162	0.4005244221575141
2.3884350000000003	0.000630133055129369	-0.0007782349377521368	0.2409723289086308	0.4230904646524946
2.3889295	0.0006301330100987149	-0.0007304897778788257	0.23832137751608498	0.4912142413544755
2.389424	0.0006301329679781538	-0.0006816730894411317	0.2315527098626002	0.587308602676541
2.3899185000000003	0.0006301329289237824	-0.0006318700369137453	0.22076519150572357	0.6965462460462589
2.390413	0.0006301328921522432	-0.0005811741340765104	0.20613834216817972	0.8089554812164645
2.3909075000000004	0.0006301328562677658	-0.0005296882032078276	0.1879300288078498	0.91757381690228
2.3914020000000002	0.0006301328199481797	-0.0004775280127483717	0.1664665669220263	1.0171214840509397
2.3918965	0.0006301327824860239	-0.0004248248561785289	0.1421325195648328	1.1035910325736706
2.3923910000000004	0.0006301327445462734	-0.0003717242341072592	0.11535878363363672	1.174247326284603
2.3928855	0.0006301327079384213	-0.00031838065265529217	0.08661146878361954	1.2274268127741683
2.39338	0.0006301326756500787	-0.00026495045852608555	0.0563830991570073	1.2621175986958817
2.3938745000000003	0.0006301326508784625	-0.00021158419481753655	0.02518767557438679	1.277835449382174
2.394369	0.0006301326364294556	-0.00015841935941921832	-0.006445905350791006	1.2746733905503984
2.3948635	0.0006301326335364683	-0.00010557475472037478	-0.03798257451052974	1.2531491632510317
2.3953580000000003	0.0006301326419641564	-5.3147444385908766e-5	-0.06888872703528999	1.2140461021583953
2.3958525	0.0006301326597200401	-1.212699535864259e-6	-0.09864012688439132	1.1583117180821545
2.396347	0.0006301326839521764	5.0174048338917875e-5	-0.1267303851198526	1.0870030729065006
2.3968415000000003	0.0006301327115628971	0.00010097531454133252	-0.15267521478841323	1.0015676213505913
2.397336	0.0006301327404362306	0.00015116988646609794	-0.17601731341579308	0.9041781468333916
2.3978305	0.0006301327695801455	0.0002007490805283443	-0.19633580360289146	0.797879098769208
2.3983250000000003	0.0006301327993873506	0.0002497097089293656	-0.2132586057941833	0.6867387624873602
2.3988195	0.0006301328309589347	0.0002980453869485312	-0.22647439466054503	0.5765334488044443
2.3993140000000004	0.0006301328656353267	0.000345739431456437	-0.23574581405597295	0.4762038028382219
2.3998085000000002	0.0006301329041062542	0.0003927623544266105	-0.24091625153169896	0.40027467674985445
2.400303	0.0006301329458497459	0.0004390745110402636	-0.2419089439206961	0.36873493673622243
2.4007975000000004	0.0006301329888038259	0.0004846308514551438	-0.23872153683367375	0.39326632434603104
2.401292	0.0006301330295867345	0.0005293841342828899	-0.2314242102851526	0.46264148623201956
2.4017865	0.0006301330641865658	0.0005732855932685033	-0.22015607368006038	0.5558104149163061
2.4022810000000003	0.0006301330888391088	0.000616284022020611	-0.2051213837774635	0.6570664625553667
2.4027755	0.0006301331010647752	0.0006583243044506923	-0.18658518276525934	0.7569765446184127
2.40327	0.0006301331001604821	0.0006993459091296697	-0.16487130366641553	0.8497047518800779
2.4037645000000003	0.0006301330875385655	0.0007392824169731037	-0.14035565207785775	0.9314764885006643
2.404259	0.0006301330662235999	0.0007780635070012101	-0.11345804626773087	0.9998200652458483
2.4047535	0.0006301330404495403	0.0008156198174415524	-0.08463595991108123	1.0530980023270637
2.4052480000000003	0.0006301330145834762	0.0008518893594290298	-0.0543798975804813	1.0901142195376312
2.4057425	0.0006301329924894558	0.0008868232721833664	-0.023210667247455224	1.1099319083957306
2.4062370000000004	0.0006301329764618843	0.0009203895581824342	0.008326957119699259	1.1118715736771
2.4067315000000002	0.0006301329672370467	0.0009525757742847352	0.03967255616666048	1.095692968767325
2.407226	0.0006301329640149416	0.0009833929871804754	0.07026372656657945	1.061768905475759
2.4077205000000004	0.0006301329650908442	0.0010128810035663202	0.09955343850429024	1.0110066204409345
2.408215	0.0006301329680859795	0.0010411119933627661	0.12702618092910853	0.9445577885180979
2.4087095	0.0006301329709249063	0.0010681896171832958	0.15220725465612445	0.863660220793859
2.4092040000000003	0.0006301329723534064	0.001094242837591679	0.17466962657025195	0.7697972491328993
2.4096985	0.0006301329721756206	0.0011194161202346458	0.19403800170006152	0.6650043603241499
2.410193	0.0006301329709808856	0.0011438596830208488	0.2099915656482636	0.5522268419408373
2.4106875000000003	0.0006301329701739722	0.0011677224170112339	0.22226876151607017	0.4361516737182075
2.411182	0.0006301329713342446	0.0011911475045551863	0.2306726342881164	0.32564040925536536
2.4116765	0.0006301329755805112	0.0012142701640099566	0.2350725394903853	0.31040904868360925
2.4121710000000003	0.0006301329828483145	0.0012372174761376092	0.23540335873168067	0.3088291056895178
2.4126655	0.0006301329914997388	0.001260109693430974	0.23166632938131576	0.3125826713773908
2.41316	0.0006301329984644189	0.0012830610040592656	0.2239277626278029	0.38728705089850596
2.4136545000000003	0.0006301329999292434	0.0013061781051566797	0.21231538425331947	0.5018339513171831
2.414149	0.0006301329925948605	0.0013295572759604273	0.19702013615643119	0.6164891103781825
2.4146435000000004	0.000630132974482313	0.0013532820078067593	0.17830127662679157	0.7251247803233527
2.4151380000000002	0.0006301329456299921	0.0013774227960317601	0.15648600608151378	0.8236695152562853
2.4156325	0.0006301329083056406	0.0014020388809635356	0.13196438338799268	0.9091091835590781
2.4161270000000004	0.000630132866763102	0.0014271798668627513	0.10517921409260596	0.9792528060996345
2.4166215	0.0006301328262404548	0.0014528855776405976	0.07661386851616703	1.0326311165545479
2.417116	0.0006301327921269382	0.0014791852455626276	0.046777937965313994	1.0683046936954095
2.4176105000000003	0.0006301327685608178	0.0015060987549547092	0.01619697771761253	1.0856394561367724
2.418105	0.0006301327576348207	0.0015336412680420758	-0.014594105108002553	1.0842613157723886
2.4185995	0.0006301327587163157	0.0015618303566212943	-0.045057789199881744	1.0641816917702964
2.4190940000000003	0.000630132769079177	0.0015906929701807442	-0.07466354356686652	1.0259050102144436
2.4195885	0.0006301327845995572	0.001620269566318462	-0.10289786158123566	0.9704306557646019
2.420083	0.0006301328009179561	0.0016506147952995798	-0.12927352666800515	0.8992797568629121
2.4205775000000003	0.0006301328141283869	0.0016817950379191902	-0.15333736732871414	0.8145878406912822
2.421072	0.0006301328215754647	0.0017138826230065718	-0.17467587018797898	0.7192773692441097
2.4215665000000004	0.0006301328219512781	0.00174694739334595	-0.19291893771112362	0.6174572821410584
2.4220610000000002	0.0006301328153295841	0.0017810479871304397	-0.2077432245754499	0.5154707461429353
2.4225555	0.0006301328026254789	0.0018162253833921092	-0.2188777333018265	0.4242328236351534
2.4230500000000004	0.0006301327852742177	0.001852499872305074	-0.22611181719180165	0.36282351896096493
2.4235445	0.0006301327648844633	0.00188987031960145	-0.22930459061372804	0.3550528381682388
2.424039	0.0006301327432172812	0.001928313307887244	-0.2283940964016425	0.4066885297323595
2.4245335000000003	0.000630132722217491	0.0019677813975373924	-0.22340118666134023	0.4978663397893689
2.425028	0.0006301327040976404	0.0020082020944648857	-0.21442404922060904	0.6067263836934567
2.4255225	0.0006301326915222368	0.0020494790333417494	-0.20163158891302105	0.7197750175730175
2.4260170000000003	0.0006301326877376277	0.0020914953297204394	-0.18526001509514775	0.8294896994234893
2.4265115	0.0006301326966783952	0.0021341174996129908	-0.16560718988197662	0.9313303651641913
2.427006	0.0006301327222050003	0.0021771977603453154	-0.1430275123370352	1.021984255470846
2.4275005000000003	0.0006301327674879944	0.0022205742453239095	-0.117927834845198	1.0987178882748285
2.427995	0.0006301328339658881	0.0022640706237077976	-0.09076000284443604	1.1592198430772704
2.4284895000000004	0.0006301329207976276	0.0023074970649028213	-0.062008480820239076	1.201809477866493
2.4289840000000003	0.000630133023984105	0.002350653191817257	-0.03217875392071218	1.2252973300239032
2.4294785	0.0006301331367814566	0.0023933327554944255	-0.0017912768566598412	1.228860630035684
2.4299730000000004	0.0006301332503139487	0.0024353305688711024	0.028626006397825164	1.2121954382956737
2.4304675000000002	0.0006301333553556288	0.002476451898080994	0.05854308571247421	1.175743582024646
2.430962	0.0006301334438371997	0.0025165222801288674	0.0874334977692648	1.1205952324977648
2.4314565000000004	0.0006301335106455938	0.002555394563493423	0.11478078408061668	1.0482890333327748
2.431951	0.0006301335541445737	0.0025929512920645423	0.14009132377345437	0.9607065926735561
2.4324455	0.0006301335765023326	0.002629102612457686	0.16290755076702337	0.8599097656309317
2.4329400000000003	0.0006301335829295959	0.002663781971949328	0.18282180442372278	0.7483014766634453
2.4334345	0.0006301335808340501	0.0026969421408980883	0.19948383974023579	0.6289758973876023
2.433929	0.0006301335780840822	0.0027285518676021104	0.212604659459609	0.5062942220377378
2.4344235000000003	0.0006301335813744134	0.0027585918348927876	0.22195738767604772	0.3874197195501003
2.434918	0.0006301335948637357	0.0027870494199382723	0.2273795232610848	0.2871691523108646
2.4354125	0.0006301336197240601	0.002813913437734189	0.22877812216153368	0.23740456453067055
2.4359070000000003	0.0006301336544041418	0.0028391705749080008	0.22613328398755214	0.2682754980274101
2.4364015	0.0006301336955790355	0.0028628045227282956	0.21949778013759924	0.3562639196454963
2.4368960000000004	0.0006301337393423346	0.002884797415533699	0.20899403220402551	0.4653162452621073
2.4373905000000002	0.0006301337821712217	0.002905132296133053	0.1948090171273078	0.5779959192603982
2.437885	0.0006301338215910346	0.002923795682644785	0.17718785588516953	0.6866232419754584
2.4383795000000004	0.0006301338562257352	0.0029407798468279994	0.15642812155645855	0.7870080541330794
2.438874	0.0006301338855043918	0.0029560840617715283	0.13287849281909286	0.8761785834227526
2.4393685	0.0006301339088770212	0.002969713383020067	0.1069390581819279	0.951734073171432
2.4398630000000003	0.0006301339251918208	0.0029816750117490354	0.07905642558444971	1.0118058237879335
2.4403575	0.0006301339322703786	0.0029919753584235925	0.04971742528965409	1.0550638138146122
2.440852	0.0006301339272270958	0.003000620832988182	0.0194411785684152	1.0807862681901943
2.4413465000000003	0.000630133907125512	0.003007622579629412	-0.011234108421137525	1.0889328936065572
2.441841	0.0006301338700655551	0.003013003487965929	-0.041766845055654346	1.0799163050403742
2.4423355	0.0006301338159152602	0.0030168048263641933	-0.07162065541502037	1.0543305160614254
2.4428300000000003	0.0006301337467955201	0.0030190901840959844	-0.10026982273739213	1.0130474034490655
2.4433245	0.0006301336668424573	0.0030199470486073033	-0.12720732169582968	0.9573252822537429
2.4438190000000004	0.0006301335816844411	0.0030194875364884135	-0.15195422947005577	0.8888182876732178
2.4443135000000002	0.0006301334977036424	0.003017848170056326	-0.17407071116851824	0.8096640824707287
2.444808	0.0006301334213054643	0.0030151877497298623	-0.1931667845139661	0.7225853356411466
2.4453025000000004	0.0006301333579836285	0.0030116827932970443	-0.20890998408065337	0.631245862727413
2.445797	0.0006301333111736768	0.003007520784433515	-0.2210274063100247	0.5410973153320574
2.4462915	0.0006301332814539185	0.0030028922396587447	-0.22930631400959262	0.4608590593196778
2.4467860000000003	0.000630133266387909	0.0029979824481264445	-0.23359495116345866	0.40426294372235416
2.4472805	0.0006301332611432625	0.0029929634349798897	-0.23380464153023187	0.38807860413487133
2.447775	0.0006301332597045596	0.0029879874235305298	-0.22991265987841428	0.42014061569215905
2.4482695000000003	0.0006301332559550947	0.0029831838785189862	-0.2219682512612629	0.490522710231798
2.448764	0.0006301332445869629	0.00297866116588669	-0.21009561505748156	0.5818906676158387
2.4492585	0.0006301332221128803	0.002974510923943727	-0.19449322515040943	0.6803577589860443
2.4497530000000003	0.0006301331875730099	0.0029708114184588165	-0.17542898655942904	0.7771082904056695
2.4502475	0.0006301331426095565	0.002967627530214384	-0.15323333781831017	0.866694993456271
2.450742	0.0006301330909428414	0.0029650078753660136	-0.12829234334054113	0.945614805708928
2.4512365000000003	0.0006301330375645181	0.0029629815816411874	-0.10103976011213957	1.0113355073637325
2.451731	0.0006301329875239008	0.0029615572319194395	-0.07195225527196411	1.0617338045694544
2.4522255000000004	0.0006301329448100989	0.002960724627496306	-0.041544454121426794	1.095091807559059
2.4527200000000002	0.0006301329118756533	0.0029604581431933795	-0.010357469745459844	1.1103310638179806
2.4532145	0.0006301328896096288	0.0029607204467382003	0.021057221359774746	1.1070237987522746
2.4537090000000004	0.0006301328775007124	0.002961466539954434	0.05215122953877532	1.0851752924770608
2.4542035	0.000630132874127146	0.0029626483434028184	0.08238731586896467	1.0451228501285916
2.454698	0.0006301328777568668	0.002964219668022647	0.11124730085643364	0.9874969521741719
2.4551925000000003	0.0006301328867147076	0.0029661410019576778	0.13823733029270602	0.9131489539807133
2.455687	0.000630132899387718	0.0029683834719766394	0.16289194433208132	0.8231594753271276
2.4561815	0.0006301329141586476	0.0029709322048222064	0.18477975906070265	0.7190473762312053
2.4566760000000003	0.0006301329293454551	0.0029737887235970492	0.2035147721688295	0.602993364804817
2.4571705	0.0006301329431991128	0.002976969910715066	0.21876445264138797	0.47819652878596663
2.457665	0.0006301329540045897	0.0029805018975420016	0.2302574937335811	0.3502210758701714
2.4581595000000003	0.0006301329604665146	0.002984410211626419	0.2377907044744702	0.2322456035806985
2.458654	0.0006301329622365634	0.0029887096853975456	0.24123065658926976	0.1674287513875223
2.4591485000000004	0.0006301329603435935	0.0029933979616500674	0.24051380188331276	0.21736448926045543
2.4596430000000002	0.0006301329573995486	0.0029984541199899613	0.23564768004524117	0.3327824300619854
2.4601375	0.0006301329575296227	0.003003840686967225	0.22671390348894094	0.4633112888511205
2.4606320000000004	0.0006301329659111071	0.0030095060157539206	0.2138684972200253	0.5934801574952461
2.4611265	0.0006301329878571825	0.00301538532501979	0.19734120636308136	0.7169393527740953
2.461621	0.0006301330279600626	0.0030214007751392935	0.17742916656071386	0.8299295214682835
2.4621155000000003	0.0006301330890788539	0.0030274618274073522	0.1544859363472135	0.9299729338551356
2.46261	0.0006301331712847577	0.003033466154490333	0.12890886659869996	1.0152548902736738
2.4631045	0.0006301332714194488	0.0030393007926596506	0.10113250671061166	1.0842406979776615
2.4635990000000003	0.0006301333835103906	0.0030448437329862856	0.07162464133420418	1.135616725751647
2.4640935	0.0006301334993914366	0.003049966071308614	0.040882298183448566	1.1683538232552244
2.464588	0.0006301336098326078	0.0030545344383784796	0.009424607237773075	1.1817180606486373
2.4650825000000003	0.0006301337062700117	0.0030584131870430536	-0.022213114673330064	1.1752397251729614
2.465577	0.0006301337820875108	0.0030614658662380303	-0.05348848422891875	1.1486840824003184
2.4660715000000004	0.0006301338328855552	0.003063557183998615	-0.08386307080544961	1.1021731834643507
2.4665660000000003	0.0006301338569563161	0.0030645581003721917	-0.11281392201869064	1.0363932164978162
2.4670605	0.000630133856114791	0.003064354573883075	-0.13984040173092888	0.9526407822010907
2.4675550000000004	0.0006301338354451425	0.003062856734826318	-0.16447067822746325	0.852745872546122
2.4680495000000002	0.000630133801944035	0.0030600043835156943	-0.18627091439919297	0.7388615387543203
2.468544	0.000630133762992605	0.003055766711143077	-0.20485428375591824	0.6132256540134178
2.4690385000000004	0.0006301337251538769	0.0030501366927225392	-0.2198905865363308	0.47813179107058884
2.469533	0.0006301336932200992	0.0030431231085050916	-0.23111766944920853	0.33604866631390584
2.4700275	0.0006301336698690342	0.0030347434940904325	-0.23834844725964785	0.18960092186561275
2.4705220000000003	0.0006301336559243096	0.003025018868556833	-0.2414701258021004	0.140886484872175
2.4710165	0.0006301336510851292	0.0030139695007581845	-0.24044046820913112	0.1244729838723721
2.471511	0.0006301336547017386	0.0030016114507257557	-0.2352842859253505	0.255202569967557
2.4720055000000003	0.0006301336664691202	0.00298795443878376	-0.2260914398328574	0.3969479365904611
2.4725	0.0006301336866978709	0.0029730009278467035	-0.21301657431564266	0.5321167626111029
2.4729945	0.0006301337159216797	0.002956745465218543	-0.1962813823710186	0.6584445173270077
2.4734890000000003	0.0006301337540160306	0.002939174536572825	-0.17617228112617622	0.7739060653535162
2.4739835	0.0006301337990655413	0.0029202678714597575	-0.1530339680573006	0.8766926994450888
2.4744780000000004	0.0006301338466946322	0.0029000016390936093	-0.12726509611808998	0.9651311214859736
2.4749725000000002	0.000630133889965041	0.0028783528940572647	-0.09931165723030781	1.0377202852834593
2.475467	0.0006301339204182169	0.0028553026947745357	-0.06965856923842892	1.0932019390852692
2.4759615000000004	0.0006301339295743276	0.0028308354404515557	-0.03882254456249173	1.130682590918747
2.476456	0.0006301339108137036	0.002804935626997024	-0.007346942964721855	1.1497668213800292
2.4769505	0.0006301338606164928	0.0027775858641594	0.024207512649721045	1.1507231980422303
2.4774450000000003	0.0006301337795314864	0.002748768952639139	0.05527642254860537	1.1345494407539878
2.4779395	0.0006301336721377687	0.002718474378113176	0.08530800618648815	1.1028098432116218
2.478434	0.0006301335466738665	0.002686706930498599	0.11377682175476765	1.057458335611738
2.4789285000000003	0.0006301334135359011	0.0026534941286481847	0.14019470430784733	1.0008371058774883
2.479423	0.0006301332835461405	0.0026188907219864316	0.1641180365123644	0.9356117093071717
2.4799175	0.0006301331659105107	0.0025829804466539603	0.18514889342665902	0.8647010921221175
2.4804120000000003	0.000630133066991326	0.0025458753676248056	0.2029363467624525	0.791579729730123
2.4809065	0.0006301329894758006	0.0025077126440442377	0.21718107405036705	0.7208849389880345
2.4814010000000004	0.0006301329326960952	0.0024686491796461754	0.2276430638362025	0.6588321937592996
2.4818955000000003	0.0006301328933261203	0.002428855473850688	0.23414641097619412	0.6129125505757846
2.48239	0.0006301328665812171	0.002388509951054472	0.23658184944447672	0.590236517415558
2.4828845000000004	0.0006301328472657609	0.0023477935203118153	0.2349092556918305	0.5948884387605086
2.4833790000000002	0.0006301328309915478	0.0023068830147342555	0.22915720945433604	0.6262169448858672
2.4838735	0.0006301328148984031	0.002265943696114269	0.21942306676957063	0.6793848525914074
2.4843680000000004	0.0006301327977788209	0.0022251232701089234	0.20587380583128914	0.7472946862815971
2.4848625	0.0006301327798828625	0.0021845500558813373	0.18874794096743527	0.8222903906282132
2.485357	0.0006301327623505167	0.002144335702199961	0.16835274918737	0.8972223993799359
2.4858515000000003	0.0006301327466434501	0.0021045798550853555	0.1450609725033822	0.9661569782620917
2.486346	0.0006301327339800582	0.002065373067168999	0.11930150634708521	1.0247795374939601
2.4868405	0.0006301327252628963	0.002026796218491682	0.09154391271713387	1.0703302473547662
2.4873350000000003	0.0006301327206217589	0.001988917472332276	0.062282884949627644	1.101221726963236
2.4878295	0.0006301327197028197	0.0019517892381487355	0.03202976297760955	1.1164833679231043
2.488324	0.0006301327219941515	0.0019154469616059545	0.0013055374280564291	1.1154660612937835
2.4888185000000003	0.0006301327273373907	0.001879909692980852	-0.02936500859883193	1.0978101019875832
2.489313	0.0006301327356780899	0.0018451822550666454	-0.05945818654980542	1.0633795780592672
2.4898075000000004	0.0006301327474369744	0.0018112595124204838	-0.08845712367041705	1.0122901111280331
2.4903020000000002	0.000630132763240599	0.0017781322430233191	-0.11586254981319292	0.944998763690845
2.4907965	0.0006301327834185566	0.0017457928342248677	-0.14120262612146076	0.8622394917947801
2.4912910000000004	0.0006301328071405782	0.0017142389756168333	-0.16403792557551386	0.7650025475764777
2.4917855	0.0006301328324911529	0.0016834749079453633	-0.1839669095021264	0.6545718418217409
2.49228	0.000630132856583253	0.0016535116248730655	-0.2006319242300001	0.5325217844194274
2.4927745000000003	0.0006301328762512429	0.0016243674095265783	-0.21372765696915835	0.40065874428309284
2.493269	0.0006301328888022544	0.0015960678539326473	-0.2230097913047056	0.26103543378625677
2.4937635	0.0006301328929542346	0.0015686428772454996	-0.2283045151097462	0.22642830348922663
2.4942580000000003	0.0006301328891678839	0.0015421194932947323	-0.22951737294355753	0.23994986814335326
2.4947525	0.0006301328796523437	0.0015165122192337315	-0.22663757180131514	0.2567240527151635
2.495247	0.0006301328680426912	0.001491814718788639	-0.21973336308369795	0.3233666999040025
2.4957415000000003	0.0006301328585808191	0.0014679951404956526	-0.20894529557050476	0.4613119013582413
2.496236	0.0006301328549154685	0.0014449955577581675	-0.19447711610356055	0.5908266068665385
2.4967305000000004	0.0006301328591740036	0.0014227341234056225	-0.17658954601246304	0.7097776542988031
2.4972250000000003	0.0006301328715135549	0.0014011081659376242	-0.1555968679957921	0.8161807863109833
2.4977195	0.00063013289015297	0.0013799974799614833	-0.13186569193602699	0.9082127416112797
2.4982140000000004	0.0006301329122395446	0.001359267746170133	-0.10580947846534715	0.9844031944606362
2.4987085	0.0006301329347642076	0.001338772941569483	-0.07788106790213956	1.0435346088067015
2.499203	0.000630132955324361	0.0013183555290342608	-0.048565639809691065	1.0844596297281173
2.4996975000000003	0.000630132971972022	0.0012978460349150418	-0.018373673239656392	1.1061880336868593
2.500192	0.0006301329838062541	0.0012770647217736695	0.01216681057781684	1.1080206835168696
2.5006865	0.0006301329914065528	0.0012558258686890679	0.042515283068116416	1.0895534190752725
2.5011810000000003	0.0006301329965163362	0.0012339433973845369	0.07212365291575346	1.0508365479819315
2.5016755	0.0006301330010686215	0.0012112360791844382	0.10044894992747283	0.9924659173952023
2.50217	0.0006301330069057288	0.001187531226283493	0.12696888136106113	0.9154873621328945
2.5026645000000003	0.0006301330152133566	0.0011626683307960095	0.15119604176982254	0.8215278915501759
2.503159	0.0006301330259770725	0.0011365047683563883	0.17269237733365617	0.7129592973424731
2.5036535000000004	0.0006301330376131006	0.0011089231109805745	0.19108123389700712	0.5928415845710595
2.5041480000000003	0.0006301330476573958	0.0010798373732862283	0.2060518696875751	0.46473150488607934
2.5046425	0.0006301330533259409	0.0010491957603319117	0.21735668183026993	0.3331970787789815
2.5051370000000004	0.000630133052318703	0.0010169792432795604	0.22481061087723092	0.22488491807707753
2.5056315000000002	0.0006301330435343082	0.0009831967242933044	0.2282919158967043	0.1989801626804601
2.506126	0.0006301330276066548	0.0009478781874336747	0.22774468587803556	0.18454313838155237
2.5066205000000004	0.0006301330068650516	0.0009110669252604121	0.22318023853813268	0.2936897880120317
2.507115	0.0006301329848758873	0.0008728118342967354	0.2146769119634096	0.4230715250147259
2.5076095	0.0006301329655253053	0.0008331615617467294	0.20237743619474252	0.5510276020979553
2.5081040000000003	0.0006301329517408651	0.0007921624667331447	0.18648542175145957	0.6730015709373158
2.5085985	0.0006301329445401654	0.0007498601113126945	0.1672642018446628	0.7859194366020842
2.509093	0.0006301329424659466	0.0007063012439732413	0.14503635056645933	0.8872290561241759
2.5095875000000003	0.0006301329420636749	0.0006615338860721737	0.12018406952518078	0.9747983511662777
2.510082	0.0006301329386424128	0.0006156059496912797	0.09314564018986013	1.046930287025316
2.5105765	0.0006301329276814953	0.0005685643575727864	0.06440823774385479	1.1023902343555052
2.5110710000000003	0.0006301329058456627	0.0005204560350614713	0.03449554787794489	1.1404084262422955
2.5115655	0.000630132872108366	0.00047133017954752534	0.0039501561208312086	1.160707349026612
2.5120600000000004	0.0006301328278288105	0.0004212398411204641	-0.02668224086531822	1.1635396529522906
2.5125545000000002	0.0006301327769021418	0.0003702416612070485	-0.05686383895999963	1.1497793384607455
2.513049	0.000630132724602466	0.0003183947343369208	-0.08607397163965723	1.1208730201455617
2.5135435000000004	0.0006301326765247007	0.00026576050741229174	-0.1138144874679234	1.0787138318533258
2.514038	0.0006301326370121913	0.00021240467547922634	-0.13961152210185696	1.0256767623024539
2.5145325	0.0006301326086342106	0.00015840082500229123	-0.1630215432337432	0.9647079541422555
2.5150270000000003	0.0006301325917722365	0.00010383490660694643	-0.1836405244281379	0.899523099727922
2.5155215	0.0006301325854965122	4.881009601986099e-5	-0.20111147400646404	0.8343668713374097
2.516016	0.000630132588222575	-6.548538415087329e-6	-0.215125473829833	0.7737166753802011
2.5165105000000003	0.0006301325986107268	-6.209187694142072e-5	-0.22542531644034147	0.7222913259197586
2.517005	0.0006301326159053853	-0.00011764947842650135	-0.2318104449635586	0.6852192341961323
2.5174995	0.0006301326402738481	-0.0001730373164176442	-0.234142261305871	0.6678541959361817
2.5179940000000003	0.0006301326723782881	-0.0002280677936557806	-0.23235110389257388	0.6740047542324621
2.5184885	0.0006301327128287941	-0.00028255823526868304	-0.22644630296105264	0.7034732846117504
2.5189830000000004	0.0006301327615840866	-0.0003363362526344802	-0.21652048038501864	0.7516877776668841
2.5194775000000003	0.0006301328175031481	-0.00038924331106257284	-0.20274907896749175	0.8118426777221363
2.519972	0.0006301328782580265	-0.0004411382946605602	-0.18538364897539478	0.877208080073019
2.5204665000000004	0.0006301329403590908	-0.0004919014509878852	-0.16474156486570077	0.9423711941365035
2.5209610000000002	0.0006301329996238722	-0.000541437448058805	-0.14119291487663516	1.00316717900143
2.5214555	0.0006301330516297356	-0.0005896759385170814	-0.11515094436131272	1.0561712368002363
2.5219500000000004	0.0006301330927940977	-0.0006365696896604295	-0.08706525158760774	1.098509284238155
2.5224445	0.0006301331209004645	-0.0006820917297256448	-0.05741668345826318	1.1278645074406535
2.522939	0.0006301331356696087	-0.0007262325542699054	-0.026711179830968743	1.1424540379586905
2.5234335000000003	0.0006301331385891063	-0.0007689978687999376	0.0045277537907770825	1.1410306464975595
2.523928	0.0006301331329491742	-0.0008104072757289729	0.03576776170375876	1.1228976372089285
2.5244225	0.0006301331228019963	-0.000850494064548029	0.06647638901273777	1.0877684668620908
2.5249170000000003	0.0006301331121810282	-0.0008893060597484276	0.09612587865869077	1.0356745613091647
2.5254115	0.0006301331041418618	-0.0009269062951700241	0.12419728327082853	0.9668932218872868
2.525906	0.000630133100374541	-0.0009633705011990029	0.15018615868874677	0.8819853296762169
2.5264005000000003	0.0006301331008241114	-0.0009987797250936743	0.17361644490701247	0.7819144186726216
2.526895	0.0006301331044158161	-0.0010332105701895424	0.19405453286956367	0.668088024006175
2.5273895000000004	0.0006301331097707637	-0.0010667272507299732	0.21112246749234975	0.5424190416237167
2.5278840000000002	0.0006301331158875891	-0.0010993778681810235	0.22451081602001474	0.4073251870954433
2.5283785	0.0006301331224524795	-0.0011311947151180757	0.23398855606209462	0.26548324471917756
2.5288730000000004	0.0006301331301725863	-0.0011621967448911608	0.23940330735717313	0.23878732996884122
2.5293675	0.0006301331404312057	-0.0011923923123950274	0.2406768379038129	0.2504416432389947
2.529862	0.0006301331546540729	-0.0012217819245228805	0.23780256813333264	0.26677700722939446
2.5303565000000003	0.0006301331734599624	-0.0012503622028802795	0.23084182052294375	0.31930997358085694
2.530851	0.0006301331958346269	-0.001278131452533594	0.21992067077786062	0.45827973705747266
2.5313455	0.000630133218642356	-0.001305095654994094	0.20522877121047556	0.5898738023332015
2.5318400000000003	0.0006301332367278302	-0.001331273683069493	0.18701669954508063	0.7119142617459603
2.5323345	0.0006301332439459881	-0.0013567014231943841	0.1655903053468753	0.8223676002216017
2.532829	0.0006301332343344177	-0.001381434016630616	0.14130360461088873	0.9193127686381063
2.5333235000000003	0.0006301332037154624	-0.0014055450998886043	0.11455669654309748	1.0008972896600927
2.533818	0.0006301331514567186	-0.0014291229659644676	0.08579416827895853	1.0654350762320106
2.5343125000000004	0.0006301330811890352	-0.001452264703131524	0.055503594431529434	1.1115137870516365
2.5348070000000003	0.0006301329995605215	-0.0014750711521365424	0.02421161610550723	1.1380776112941218
2.5353015	0.0006301329150633077	-0.001497645932179174	-0.007526681658408765	1.144459845897093
2.5357960000000004	0.0006301328370161815	-0.0015200982515239231	-0.03914434033900882	1.130370486436446
2.5362905000000002	0.0006301327741200216	-0.0015425456458506258	-0.07007821186155647	1.0959631718051468
2.536785	0.0006301327321557437	-0.0015651134985393772	-0.09978396399575297	1.0419081108226953
2.5372795000000004	0.0006301327131880225	-0.0015879308020584984	-0.12774855172413713	0.9694188571197215
2.537774	0.000630132715685311	-0.0016111237085029676	-0.15349916316183762	0.8801147558590187
2.5382685	0.0006301327347519626	-0.0016348092260236053	-0.17660711843538274	0.7758051379447718
2.5387630000000003	0.0006301327630726242	-0.0016590903489504245	-0.1966893653396432	0.6584995296132248
2.5392575	0.0006301327930312977	-0.0016840523777313728	-0.21341338098744184	0.5306079980882591
2.539752	0.0006301328181143918	-0.0017097597827133147	-0.22650292272704617	0.3951813696682848
2.5402465000000003	0.0006301328337805413	-0.0017362537227388198	-0.23574121509095491	0.25690296052444517
2.540741	0.0006301328380159551	-0.0017635509115481104	-0.24097109721291687	0.1776007110415267
2.5412355	0.000630132831556426	-0.0017916441546171173	-0.24209637885253604	0.1597984298292556
2.5417300000000003	0.000630132817202692	-0.0018205043511607514	-0.2390829096917571	0.229470168490608
2.5422245	0.0006301327988490361	-0.0018500845878911434	-0.231960517510012	0.36724428364617057
2.5427190000000004	0.0006301327805006726	-0.0018803273782845042	-0.22082943381252493	0.5036323062729854
2.5432135000000002	0.0006301327654257511	-0.0019111742043430087	-0.20586879569915748	0.6332715361063479
2.543708	0.0006301327558263902	-0.0019425742814519573	-0.18733732183879395	0.7531882634233
2.5442025000000004	0.0006301327527383349	-0.001974489063555091	-0.16556692432885986	0.8610600159697266
2.544697	0.0006301327563823591	-0.002006891100800953	-0.14095376393475084	0.9548183045786646
2.5451915	0.0006301327665118715	-0.0020397594879094177	-0.11394535854665105	1.0327519589850427
2.5456860000000003	0.0006301327831026279	-0.0020730758724261168	-0.0850266307315363	1.0936291316709574
2.5461805	0.0006301328064742997	-0.002106823076880978	-0.054708805509132166	1.1366654661583302
2.546675	0.0006301328372420739	-0.0021409857937962394	-0.023520597757371874	1.1615673391339314
2.5471695000000003	0.0006301328757047852	-0.00217555161948373	0.008000830699327968	1.1684521091864473
2.547664	0.0006301329215977051	-0.002210510850516157	0.039316303863752504	1.1577226728180212
2.5481585	0.0006301329734697666	-0.002245854944532895	0.06989245413734281	1.1301621014413763
2.5486530000000003	0.0006301330286111627	-0.002281574378432348	0.09921063602374965	1.087063945678316
2.5491475	0.0006301330833301595	-0.002317656175531925	0.12677620827008151	1.0301592144052736
2.5496420000000004	0.000630133134126623	-0.0023540810539552422	0.1521207547354085	0.9615406585458274
2.5501365000000003	0.0006301331783737179	-0.002390820436156222	0.17480535948617318	0.8839582569392451
2.550631	0.0006301332151330344	-0.0024278337692555945	0.19442638446486932	0.8013585870532812
2.5511255000000004	0.0006301332454086127	-0.0024650660100450335	0.21062645201382382	0.7194898582435
2.55162	0.0006301332722431892	-0.0025024442850490962	0.2231055543179482	0.6462548655126203
2.5521145	0.0006301332998706209	-0.002539873078536036	0.231635378092925	0.5909848219495186
2.5526090000000003	0.0006301333328194218	-0.002577229762944427	0.23606905348100815	0.5620804955611812
2.5531035	0.0006301333750175605	-0.0026143639099589226	0.23634363068863665	0.5635341167451746
2.553598	0.0006301334290440175	-0.002651102553228839	0.2324765955281447	0.5932361014987726
2.5540925000000003	0.000630133495454866	-0.002687260264426009	0.224559916433896	0.6447763505426295
2.554587	0.0006301335725280284	-0.0027226500629833235	0.21275634787562792	0.7102473256583669
2.5550815	0.0006301336565750488	-0.0027570920145423674	0.19729280133616595	0.7823679741152754
2.5555760000000003	0.0006301337428127162	-0.0027904186284937425	0.17845340685491684	0.8551534325351979
2.5560705	0.0006301338266428114	-0.0028224775815994065	0.15657531440684896	0.9238168771983138
2.5565650000000004	0.000630133904275821	-0.0028531333216924083	0.13204352708206052	0.984731069492817
2.5570595000000003	0.0006301339730134161	-0.002882268542675846	0.10528231990559514	1.0352623736156041
2.557554	0.0006301340310927194	-0.0029097849857938653	0.07674742167888408	1.0733625340709068
2.5580485000000004	0.0006301340776172047	-0.00293560336475174	0.04692147972359884	1.097353651610334
2.5585430000000002	0.0006301341120498479	-0.0029596633539157985	0.01631094997079508	1.10592194016929
2.5590375	0.0006301341340101469	-0.0029819235050783746	-0.014556365845355837	1.0979810050703593
2.5595320000000004	0.0006301341429740926	-0.003002360040870015	-0.045135503755047546	1.0727358910397649
2.5600265	0.000630134138408914	-0.0030209647259146137	-0.07487586184264834	1.0299683136481563
2.560521	0.0006301341200652089	-0.0030377430417220783	-0.10323915654211646	0.9701728391622734
2.5610155000000003	0.0006301340885889303	-0.003052713814657947	-0.12971501257267912	0.894494671663362
2.56151	0.0006301340458207086	-0.0030659103977971175	-0.15383408495825934	0.8046184275085506
2.5620045	0.0006301339951250369	-0.0030773811466029404	-0.1751788942428338	0.702519689023522
2.5624990000000003	0.0006301339412655858	-0.0030871861441854327	-0.19338822795534938	0.5903764991424766
2.5629935	0.0006301338898269752	-0.003095389923485919	-0.20815891437938724	0.4710140464012828
2.563488	0.0006301338464503495	-0.0031020530555453505	-0.2192487933494301	0.3492495963546466
2.5639825000000003	0.0006301338161726608	-0.0031072259943987052	-0.226481043372301	0.23636574180343642
2.564477	0.0006301338025665802	-0.0031109468465874523	-0.22974432626822144	0.17875283711177534
2.5649715000000004	0.0006301338066794723	-0.003113242896268021	-0.22899224673829138	0.2044592720651596
2.5654660000000002	0.000630133825995139	-0.0031141347514050933	-0.22424265705945104	0.30983525807837076
2.5659605	0.0006301338540937775	-0.0031136417144775556	-0.2155764487874036	0.43383817871113844
2.5664550000000004	0.0006301338813429539	-0.0031117875560158366	-0.20313342062378206	0.5598025977156263
2.5669495	0.0006301338966891735	-0.003108606306977844	-0.18711196296449706	0.6811845301754527
2.567444	0.0006301338900920931	-0.0031041469070750703	-0.16777316743671133	0.7939621575856273
2.5679385000000003	0.0006301338544326997	-0.0030984756208562694	-0.14544494910908007	0.8950728815183033
2.568433	0.0006301337868606023	-0.0030916771822155297	-0.1205206507966532	0.9819356077912993
2.5689275	0.0006301336894895629	-0.003083855989064479	-0.09345071806308469	1.0523314140093933
2.5694220000000003	0.0006301335693022745	-0.003075136639259961	-0.06473001897361905	1.1045078919104585
2.5699165	0.0006301334369967512	-0.0030656621697478605	-0.03488272597772918	1.1372831708877005
2.570411	0.0006301333049538783	-0.003055589266357057	-0.00444792955249148	1.1501686408274265
2.5709055000000003	0.0006301331850814767	-0.00304508184050262	0.026030477620637284	1.1432809784386087
2.5714	0.0006301330866872576	-0.003034305957887181	0.05601149340119006	1.1171295953102103
2.5718945000000004	0.0006301330146986834	-0.003023428027787749	0.08496679580937558	1.0723816743232608
2.5723890000000003	0.0006301329693471527	-0.0030126154791836387	0.11238933021142242	1.0097471984413908
2.5728835	0.0006301329473174932	-0.00300203728878193	0.137801277352429	0.930077567370347
2.5733780000000004	0.0006301329431355693	-0.0029918621230907274	0.16076290444484478	0.8345195176198608
2.5738725000000002	0.0006301329502455033	-0.0029822538156568544	0.18087876697912944	0.7244996486963524
2.574367	0.0006301329622992296	-0.0029733651006580964	0.1977986805318274	0.601762857912233
2.5748615000000004	0.0006301329745551528	-0.0029653304729029472	0.21122123705691373	0.46857721058444896
2.575356	0.0006301329842416993	-0.002958259059749124	0.22089786309147202	0.3282390438854933
2.5758505	0.0006301329902561317	-0.002952228660232455	0.22663825736721463	0.1876488755542674
2.5763450000000003	0.0006301329928131826	-0.0029472824394367833	0.22831848093351598	0.08867773992750451
2.5768395	0.0006301329929522905	-0.0029434293835627293	0.22589295048166474	0.1626398817920125
2.577334	0.000630132992056581	-0.0029406479747148273	0.21940175829288186	0.29941588183962414
2.5778285000000003	0.0006301329916183649	-0.002938890712660516	0.2089664824347417	0.4375404463758724
2.578323	0.0006301329931010886	-0.0029380880637746216	0.19478428965009306	0.5686228731131043
2.5788175	0.0006301329980698871	-0.0029381530619691336	0.17711966237339627	0.6890921702255237
2.5793120000000003	0.0006301330085206612	-0.002938987896363978	0.15629713909574838	0.796599527990821
2.5798065	0.00063013302671056	-0.002940491972701389	0.13269311718089696	0.8894607098423442
2.5803010000000004	0.0006301330546668567	-0.002942569135331984	0.1067300865385448	0.9664521321591389
2.5807955000000002	0.0006301330939557661	-0.002945131260200953	0.07886888196386231	1.026651959515436
2.58129	0.0006301331453597205	-0.0029480976001547174	0.04959927436487722	1.069410372022995
2.5817845000000004	0.000630133208152251	-0.002951391844017492	0.019428723757965283	1.0943371108972515
2.582279	0.0006301332795322594	-0.002954939005418562	-0.011125466108368948	1.1012300266241668
2.5827735	0.0006301333547845119	-0.002958663453382315	-0.04154253158524696	1.090070581435255
2.5832680000000003	0.0006301334278971711	-0.002962488558545508	-0.07130263453726844	1.061026961509942
2.5837625	0.0006301334926110759	-0.0029663376238315223	-0.09989040632212728	1.014491227474992
2.584257	0.0006301335436513255	-0.002970135829134037	-0.12680016383322898	0.9512920319860043
2.5847515000000003	0.0006301335778957983	-0.002973812711835221	-0.15154571320555993	0.8730540414204327
2.585246	0.0006301335948853492	-0.0029773032822305264	-0.17367452053689397	0.7823771305619276
2.5857405	0.0006301335966524972	-0.002980545717256458	-0.1927823595371194	0.6828976409577059
2.5862350000000003	0.000630133587350875	-0.0029834760268071313	-0.20852468958948486	0.5794998230340263
2.5867295	0.0006301335726694503	-0.0029860225514546637	-0.2206241264674473	0.4793198715224921
2.5872240000000004	0.0006301335587234054	-0.0029881027186669917	-0.22887093877260994	0.394162517698857
2.5877185000000003	0.0006301335507707719	-0.0029896219194775037	-0.23312214184871616	0.3430146425318367
2.588213	0.0006301335521138171	-0.0029904729412458817	-0.23330422673968348	0.3448496612318756
2.5887075000000004	0.0006301335637194168	-0.0029905348574831357	-0.22941645315962925	0.3978197476328636
2.5892020000000002	0.0006301335847302994	-0.0029896721736191504	-0.2215279417956905	0.4814457845411446
2.5896965	0.0006301336135213812	-0.002987736697460421	-0.20977539867336786	0.5774029389240957
2.5901910000000004	0.0006301336487732304	-0.0029845735322282935	-0.19436008742126878	0.6751485461205443
2.5906855	0.0006301336899982293	-0.002980029892136218	-0.17554099590130529	0.7690382491730792
2.59118	0.0006301337374154009	-0.0029739643865606584	-0.15362804490991883	0.8556880026537896
2.5916745000000003	0.0006301337915365185	-0.002966255247816934	-0.1289804652997472	0.9326337317824313
2.592169	0.0006301338523082151	-0.0029568062677602937	-0.10200690706687862	0.9977273038001216
2.5926635	0.00063013391839814	-0.0029455494431373927	-0.07316323292217962	1.0489692899884546
2.5931580000000003	0.0006301339866999023	-0.002932444202969774	-0.04294829017908306	1.084559673928002
2.5936525	0.0006301340522738906	-0.0029174737069694845	-0.011895571299869989	1.1031271146283514
2.5941470000000004	0.0006301341085699049	-0.002900639995582904	0.019440357487698845	1.1040318732521113
2.5946415000000003	0.0006301341484441741	-0.0028819611936214606	0.050500570234831475	1.087398143860011
2.595136	0.0006301341654812072	-0.0028614721939537865	0.08073474585925192	1.053852066035802
2.5956305000000004	0.0006301341554827414	-0.0028392264022020857	0.10961095420198817	1.0043198537621516
2.5961250000000002	0.0006301341173751902	-0.0028152953977151605	0.1366228152668372	0.9400507455028934
2.5966195	0.0006301340536035587	-0.0027897657643515053	0.16129701461244955	0.8628825493720099
2.5971140000000004	0.000630133969647175	-0.00276273474660148	0.18320235789198033	0.7755306205419125
2.5976085	0.0006301338733609377	-0.002734306852510032	0.20195923628002907	0.6817668117710676
2.598103	0.0006301337737737845	-0.0027045916868749065	0.21724653034211683	0.5868297557690721
2.5985975000000003	0.0006301336797313622	-0.0026737016694584727	0.22880503496528912	0.49841039447071606
2.599092	0.0006301335982504859	-0.0026417480838443995	0.23643666228424537	0.4286159152330678
2.5995865	0.0006301335332315938	-0.002608835122532848	0.24000599176302717	0.39448889976373863
2.6000810000000003	0.0006301334847664855	-0.0025750536950235256	0.23944073691706202	0.40943772586521093
2.6005755	0.000630133449442076	-0.0025404767334176793	0.23473351120518138	0.47014815084236966
2.60107	0.0006301334213832162	-0.0025051566640120477	0.2259467732533119	0.56078924570804
2.6015645000000003	0.0006301333936983005	-0.002469125969316392	0.21321896368345267	0.6660366914666563
2.602059	0.0006301333600715678	-0.002432401970179248	0.19676620314615575	0.7751852403209613
2.6025535000000004	0.0006301333160101949	-0.0023949955154158415	0.17687562295675333	0.8810206975971085
2.6030480000000003	0.0006301332598008366	-0.002356921140379976	0.15389854803957176	0.9782982877906393
2.6035425	0.0006301331927103474	-0.0023182050784836985	0.1282414123147347	1.0632012933871762
2.6040370000000004	0.0006301331187305826	-0.0022788883389736557	0.10035505410371143	1.133196240897384
2.6045315	0.0006301330435935247	-0.0022390255141505264	0.0707261558272662	1.186623274651963
2.605026	0.0006301329735355161	-0.0021986828999246404	0.039872945758687973	1.2222740124005018
2.6055205000000004	0.0006301329137109788	-0.0021579383290313944	0.008335050279771656	1.2393161165469448
2.606015	0.0006301328674982795	-0.0021168817575368043	-0.023339751087363952	1.2373230075859591
2.6065095	0.000630132836118463	-0.002075614616348135	-0.05460725557743606	1.2162687683525173
2.6070040000000003	0.0006301328189677148	-0.00203424703815266	-0.08493652801992017	1.176677343297503
2.6074985	0.0006301328138672784	-0.0019928938415023074	-0.11381714685625746	1.1195033388344502
2.607993	0.0006301328179684905	-0.001951671100104579	-0.14076352272871973	1.0459636789985607
2.6084875000000003	0.0006301328282935497	-0.0019106943056791557	-0.16531819093670885	0.9574721149020442
2.608982	0.0006301328423389567	-0.0018700777952600815	-0.1870579736684647	0.8557582632785716
2.6094765000000004	0.0006301328580027315	-0.0018299344340136886	-0.20560168086193112	0.7431110477404015
2.6099710000000003	0.0006301328736975664	-0.0017903749032099133	-0.220620276915638	0.6226952728620561
2.6104655	0.0006301328881481667	-0.0017515059699394033	-0.23184691290383458	0.4993164673327556
2.6109600000000004	0.0006301329002985317	-0.001713426468231413	-0.23908572475232903	0.3818061915685839
2.6114545000000002	0.0006301329091292967	-0.0016762200816912592	-0.24221410885303918	0.289986611457565
2.611949	0.0006301329138062442	-0.0016399464881942886	-0.24118143535322037	0.26203092079342394
2.6124435000000004	0.0006301329138956133	-0.0016046346450173507	-0.2360079614767589	0.3169142547197858
2.612938	0.0006301329096803876	-0.0015702817248037888	-0.22678575776934576	0.4197926608799841
2.6134325	0.0006301329023501598	-0.001536858092906735	-0.21367846286404252	0.5375878053172382
2.6139270000000003	0.0006301328938048958	-0.0015043148194371842	-0.19691896060171862	0.6550095403628017
2.6144215	0.0006301328865453037	-0.0014725902093628532	-0.17680491499661602	0.7648559940604532
2.614916	0.0006301328832658171	-0.0014416147211377128	-0.15369133953399555	0.863146134330643
2.6154105000000003	0.0006301328862924403	-0.001411315246951902	-0.1279787575102017	0.9474269517017906
2.615905	0.0006301328966222367	-0.001381619839382441	-0.10010441701959807	1.015975147769823
2.6163995	0.0006301329137769852	-0.0013524628658916934	-0.07053889584640591	1.0674446454454847
2.6168940000000003	0.0006301329355916746	-0.0013237888671337912	-0.039782903689584	1.1008307020782966
2.6173885	0.0006301329586312601	-0.0012955537600057511	-0.008360495380585262	1.1154187185863147
2.6178830000000004	0.0006301329788114264	-0.0012677237644808715	0.02318630289852849	1.110767723598805
2.6183775000000002	0.0006301329926731634	-0.0012402726957915027	0.054306477745956316	1.0868398522080929
2.618872	0.0006301329980189989	-0.0012131778620417726	0.08445276860304625	1.0440983618291593
2.6193665000000004	0.0006301329944160156	-0.00118641548773913	0.11309636099185341	0.9834103945185144
2.619861	0.0006301329834240126	-0.00115995755770789	0.13973622501556437	0.9059144233237447
2.6203555	0.0006301329685274687	-0.0011337717123200048	0.16390720051823726	0.8130663769522717
2.6208500000000003	0.0006301329539746671	-0.001107824321769064	0.18518714028983818	0.7067555508873886
2.6213445	0.000630132943561756	-0.00108208416479212	0.20320260097139942	0.5895624303397902
2.621839	0.0006301329393359774	-0.0010565225677590974	0.21763769455179827	0.46528327174173445
2.6223335000000003	0.0006301329410373591	-0.0010311084719155494	0.22824494880685003	0.34014748317816546
2.622828	0.0006301329459912169	-0.0010058008888893949	0.23485000394958394	0.3161923596884206
2.6233225	0.0006301329498596243	-0.0009805425308770021	0.2373528226632883	0.3077889540089001
2.6238170000000003	0.0006301329480312274	-0.0009552564954734048	0.23572536179528497	0.30454025696952663
2.6243115	0.0006301329371639483	-0.0009298453426259688	0.2300081517375566	0.3273634331008772
2.6248060000000004	0.0006301329164474881	-0.0009041916367699905	0.22030647206208742	0.4484374034566881
2.6253005000000003	0.0006301328882746875	-0.0008781595636268556	0.2067896385400831	0.568574643214006
2.625795	0.0006301328578067461	-0.0008515978029452738	0.18969282476933025	0.6818228438749955
2.6262895000000004	0.0006301328318289168	-0.0008243444894440886	0.1693162947312814	0.7848152860353903
2.6267840000000002	0.0006301328173507414	-0.0007962341758442913	0.14602083415928493	0.8753152259041762
2.6272785	0.0006301328198050462	-0.0007671055451736574	0.12022014130009204	0.9516975391553307
2.6277730000000004	0.0006301328416587076	-0.0007368093606368916	0.09237354103087178	1.012836173912514
2.6282675	0.0006301328813579225	-0.0007052166382033449	0.06297481323049377	1.0580283462226074
2.628762	0.0006301329336209978	-0.0006722253315088924	0.032542346124009996	1.086740474802537
2.6292565000000003	0.0006301329902863472	-0.0006377629964377117	0.0016119726322391629	1.0984418787746113
2.629751	0.0006301330421881954	-0.00060178437161625	-0.029267933616886312	1.0928163131948152
2.6302455	0.0006301330808111093	-0.0005642656961689135	-0.059547728126843405	1.070217712853727
2.6307400000000003	0.0006301330999729775	-0.0005251996449427208	-0.08869103938355963	1.0318353594052558
2.6312345	0.0006301330965973145	-0.00048459379897095175	-0.11618775887761915	0.9795568419218509
2.6317290000000004	0.0006301330713871748	-0.0004424724238635148	-0.14156452103111192	0.915763545782051
2.6322235000000003	0.0006301330283323041	-0.00039887866337835916	-0.16439215156591022	0.8432860031307223
2.632718	0.0006301329737924958	-0.00035387467735093864	-0.18428815444139368	0.7655806622871646
2.6332125000000004	0.0006301329147105925	-0.00030753973517934916	-0.20091708516882897	0.6872763914825447
2.6337070000000002	0.0006301328572887145	-0.00025996737030917536	-0.21399591940869486	0.6147785525362691
2.6342015	0.0006301328058813684	-0.0002112619113007898	-0.22329912790525094	0.5567306581091898
2.6346960000000004	0.0006301327628507569	-0.00016153442501422194	-0.22866457695349166	0.5232746704519873
2.6351905	0.0006301327286607946	-0.00011089832252159002	-0.22999885409355444	0.5225498810043382
2.635685	0.0006301327025649619	-5.946482653810911e-5	-0.22728092042664946	0.5558601824385506
2.6361795000000003	0.000630132683371693	-7.338965333068143e-6	-0.22055990450989355	0.6167867083862787
2.636674	0.0006301326701809411	4.5383226040611e-5	-0.20995268739595616	0.695453948992943
2.6371685	0.0006301326629126917	9.861688948416526e-5	-0.19564306148542165	0.7829612403791856
2.6376630000000003	0.0006301326623254201	0.0001522900088322298	-0.17787989985026348	0.8726624257543308
2.6381575	0.000630132669762772	0.00020634238044844484	-0.1569747950866806	0.9594799304743808
2.638652	0.0006301326864201564	0.00026072003764845123	-0.13330093765647463	1.039188609369193
2.6391465000000003	0.0006301327128233351	0.0003153660953713476	-0.10728715157198493	1.1081422257471814
2.639641	0.00063013274808818	0.0003702113361450051	-0.0794041584566226	1.1633236036905452
2.6401355000000004	0.0006301327900384195	0.0004251683603705277	-0.050150061143781774	1.202586089300458
2.6406300000000003	0.0006301328352691779	0.00048013076267564795	-0.020039152385268766	1.224633932094226
2.6411245	0.0006301328800470109	0.0005349755585348583	0.010404432949766632	1.2287472431241369
2.6416190000000004	0.0006301329208174492	0.0005895666724122228	0.04065230544493515	1.214655005574361
2.6421135000000002	0.0006301329552526763	0.0006437584615999588	0.07017872119121743	1.1824526554359982
2.642608	0.0006301329823878906	0.0006973990069572384	0.09846643943436091	1.1326201401824365
2.6431025000000004	0.0006301330028992559	0.0007503333088060332	0.12501619662930075	1.0661576674719235
2.643597	0.0006301330183405838	0.0008024061124583758	0.149358370974845	0.9845287121226494
2.6440915	0.0006301330308436791	0.0008534640330751544	0.17106184754553247	0.889563493533501
2.6445860000000003	0.0006301330423436646	0.0009033574687702073	0.18974041472405964	0.7835424695907488
2.6450805	0.0006301330544355653	0.0009519432085112974	0.20505785022837839	0.6696230602158146
2.645575	0.0006301330679172507	0.0009990879497864986	0.21673378854157632	0.5527525931818368
2.6460695000000003	0.0006301330830462652	0.0010446715893617483	0.22454814660387998	0.441355394972308
2.646564	0.0006301330996915204	0.0010885892609731548	0.22834860033653104	0.35085355811569746
2.6470585000000004	0.0006301331177232885	0.0011307531047218583	0.22805944992353067	0.30730915300329825
2.6475530000000003	0.0006301331372125738	0.00117109586051043	0.22368633171162403	0.3315270116324486
2.6480475	0.0006301331584951814	0.001209577005923738	0.21531493928264456	0.4095725783039233
2.6485420000000004	0.0006301331820588679	0.0012461895873797624	0.20310611909975113	0.513067374977292
2.6490365000000002	0.0006301332080847005	0.0012809642682303577	0.1872863247780044	0.6234886202735334
2.649531	0.0006301332360315348	0.0013139681636627296	0.1681385370852845	0.730820513558214
2.6500255000000004	0.0006301332641177636	0.0013452990953295005	0.14599890059432774	0.8291302195559713
2.65052	0.0006301332893224365	0.001375077541075354	0.12125587302359264	0.9145702658621603
2.6510145	0.0006301333073293374	0.0014034377779997785	0.09434300954570468	0.9845785086621911
2.6515090000000003	0.0006301333131253512	0.0014305193768588212	0.0657316075811849	1.0374489061141114
2.6520035	0.0006301333019054137	0.0014564603051733785	0.0359224183682122	1.0720922836711573
2.652498	0.0006301332706220407	0.0014813922016615295	0.005437228778798193	1.087957834875786
2.6529925000000003	0.0006301332190505946	0.0015054380649403964	-0.025192301407900516	1.0848717458818897
2.653487	0.0006301331506509522	0.0015287120440561793	-0.05543082357134636	1.0628542881264684
2.6539815	0.0006301330721548773	0.0015513197696950104	-0.08474497245412647	1.022162228102186
2.6544760000000003	0.0006301329925102398	0.0015733580136044936	-0.11261057471164461	0.9634597053157973
2.6549705	0.000630132920864964	0.0015949144654423782	-0.13852390541045081	0.8879261294038444
2.6554650000000004	0.0006301328650408951	0.0016160692891461722	-0.16201422460948753	0.7972461002046831
2.6559595000000003	0.0006301328300483372	0.001636898445476977	-0.18265739005366957	0.6935748145175928
2.656454	0.0006301328170199676	0.001657476482771126	-0.20008803664164732	0.5795725112892889
2.6569485000000004	0.0006301328226372893	0.0016778765861417233	-0.2140063437397533	0.4587256767868482
2.657443	0.0006301328399758772	0.0016981682387295948	-0.22417886095759065	0.33660785710185864
2.6579375	0.0006301328600009416	0.0017184147399308858	-0.2304350959716165	0.3061445039922078
2.6584320000000004	0.0006301328739898893	0.0017386729498090313	-0.23266879560294626	0.29285586453995677
2.6589265	0.0006301328754585956	0.0017589964430270734	-0.23083970428528736	0.28643800806805825
2.659421	0.000630132861433293	0.0017794408412003507	-0.22497585828114064	0.32580359766307887
2.6599155000000003	0.0006301328326868663	0.0018000692685114514	-0.2151743177406517	0.44755614277578815
2.66041	0.0006301327931929262	0.0018209569599519468	-0.20159865812523084	0.5686125942345684
2.6609045	0.000630132749284323	0.0018421938772805	-0.18447316512474843	0.6830332623451931
2.6613990000000003	0.0006301327081570286	0.0018638837528003533	-0.16407989385467242	0.7874464757950242
2.6618935	0.0006301326762834873	0.001886139401182199	-0.14075681919740898	0.8795225974803598
2.6623880000000004	0.0006301326581781672	0.0019090754655087636	-0.11489459550780283	0.9575109251719185
2.6628825000000003	0.0006301326558768278	0.001932800529131828	-0.08693360943530427	1.0199513798816466
2.663377	0.000630132668409095	0.0019574108302031737	-0.05736070418882945	1.0655852732502231
2.6638715000000004	0.0006301326925561287	0.0019829861959784964	-0.02670146192452332	1.09363542139506
2.6643660000000002	0.0006301327239493325	0.0020095864432422093	0.004496526227931536	1.103981881922833
2.6648605	0.0006301327581854558	0.00203724677320264	0.035678658678629564	1.0969780389337422
2.6653550000000004	0.0006301327911668922	0.0020659736782833124	0.06629600051269977	1.0732860528251285
2.6658495	0.0006301328201086108	0.0020957440879416137	0.09581689209446585	1.0337761185939975
2.666344	0.0006301328436671833	0.002126508682460863	0.12373398550526328	0.9795505428709225
2.6668385000000003	0.0006301328616621337	0.002158197886752683	0.1495673367155284	0.9121854771882592
2.667333	0.0006301328744705227	0.002190727964374141	0.1728700918022557	0.8341132354671056
2.6678275	0.0006301328831638892	0.002224005187621379	0.1932379787840052	0.7489174139305265
2.6683220000000003	0.0006301328891614505	0.002257927423208711	0.21031793498966242	0.6615406483954359
2.6688165	0.0006301328941307397	0.002292384110774962	0.22381229598840033	0.5789381365386278
2.6693110000000004	0.0006301328997982083	0.00232725585381728	0.23348143676464117	0.5107977525334283
2.6698055000000003	0.0006301329081311247	0.002362414504342591	0.23914543866375784	0.46914700752550875
2.6703	0.0006301329213508958	0.0023977252334788112	0.24068764008056914	0.464529343812265
2.6707945000000004	0.000630132942024288	0.0024330516605492263	0.23805913068494672	0.49905899717102775
2.6712890000000002	0.0006301329727373365	0.0024682633633250155	0.23128486750967095	0.5648143171043088
2.6717835	0.0006301330155319996	0.0025032434749628764	0.22046880595457768	0.6499556998453997
2.6722780000000004	0.0006301330713696652	0.002537893550036934	0.2057957297056089	0.7438718643903457
2.6727725	0.0006301331396754119	0.002572134321500135	0.187528067615409	0.838315553583705
2.673267	0.0006301332180822113	0.0026059040316432623	0.16599750889055145	0.9274033539933128
2.6737615000000003	0.0006301333022779245	0.0026391569916336165	0.14159231565156974	1.0072740197246022
2.674256	0.0006301333867497571	0.0026718625412969522	0.11474471166385701	1.0753732059859595
2.6747505	0.0006301334656518534	0.002704002614095619	0.08592321120183144	1.1298278478123016
2.6752450000000003	0.0006301335341216036	0.002735566264741651	0.055626996008568165	1.1691231406446123
2.6757395	0.0006301335890145408	0.0027665414121640303	0.024377183850245985	1.1919829329255118
2.676234	0.0006301336297172613	0.002796906365254631	-0.007291006648102746	1.197358512280776
2.6767285000000003	0.0006301336577301754	0.0028266238652974907	-0.03883683654748295	1.1846137069541276
2.677223	0.000630133675823921	0.0028556387425243066	-0.06972507072530702	1.1535603498751672
2.6777175000000004	0.0006301336867079887	0.0028838791653098194	-0.09943414182227316	1.1043371810753009
2.6782120000000003	0.0006301336926455368	0.0029112607964109833	-0.12745841814748057	1.0373757861189425
2.6787065	0.0006301336950327177	0.002937692352226265	-0.1533119928879981	0.9536233460562149
2.6792010000000004	0.0006301336945783106	0.0029630807237705065	-0.17653818253490985	0.8547215118961395
2.6796955000000002	0.0006301336915813476	0.002987333799771144	-0.1967206543695508	0.7428882991411692
2.68019	0.0006301336867923042	0.0030103602321411567	-0.21349471410805895	0.6208779409065597
2.6806845000000004	0.0006301336817358031	0.0030320675437995126	-0.2265593717333264	0.4923205770392097
2.681179	0.0006301336789825265	0.003052361606381605	-0.2356891294704778	0.36306727688683704
2.6816735	0.0006301336820483413	0.003071149700398753	-0.2407365412650464	0.24677900449031237
2.6821680000000003	0.0006301336950057453	0.0030883461728882827	-0.24163190774533827	0.18477822623396248
2.6826625	0.0006301337215801313	0.0031038774796947203	-0.23837875491749333	0.22998409335435618
2.683157	0.0006301337641721949	0.0031176848179247122	-0.23104954642559522	0.33961982867381485
2.6836515000000003	0.0006301338230388595	0.003129725601205478	-0.2197821725217948	0.46575078157230654
2.684146	0.0006301338956539804	0.0031399756873266285	-0.2047791826051448	0.5921681125414866
2.6846405000000004	0.0006301339763653046	0.0031484329465695624	-0.1863034142897469	0.7124354566839362
2.6851350000000003	0.0006301340564088021	0.0031551211207630743	-0.16467233801564335	0.8228172748834147
2.6856295	0.0006301341247442933	0.0031600917950823405	-0.14024998519939808	0.9205417788768747
2.6861240000000004	0.0006301341695776741	0.0031634227343667965	-0.11344180043544694	1.0033160056295642
2.6866185000000002	0.0006301341804951724	0.003165212676611182	-0.08469158141135974	1.0691967742083395
2.687113	0.0006301341507215997	0.003165573495132772	-0.05447946296881246	1.1165682367900873
2.6876075000000004	0.0006301340787988362	0.0031646206298199765	-0.023320460182612777	1.1442791137973305
2.688102	0.0006301339689140705	0.003162463753005498	0.00824192150618012	1.1518154739061466
2.6885965	0.000630133830236864	0.003159200431927317	0.03964767638380753	1.1393671751841827
2.6890910000000003	0.0006301336757653916	0.003154914620787779	0.07033714788027658	1.1076575914214122
2.6895855	0.0006301335205238853	0.0031496793304068363	0.09976504993133346	1.0577142052263206
2.69008	0.0006301333788254146	0.003143560590465358	0.12741352492263394	0.9909483051901865
2.6905745000000003	0.0006301332616266377	0.0031366196379177744	0.15280499261513858	0.9092643724778501
2.691069	0.0006301331747854038	0.0031289124669421687	0.1755086830903768	0.8151278296760228
2.6915635	0.00063013311858153	0.0031204890059172204	0.1951423069625782	0.7117299709856636
2.6920580000000003	0.0006301330884773946	0.0031113946885524897	0.21137648480234641	0.6033624972978375
2.6925525	0.0006301330768872905	0.003101674026032475	0.2239418731672722	0.4963415620712607
2.6930470000000004	0.0006301330754264565	0.003091373627956086	0.23263255309930708	0.401318458889886
2.6935415000000003	0.0006301330768077549	0.003080543494178921	0.23730709430762287	0.33698980416955693
2.694036	0.0006301330759894816	0.0030692369621087173	0.2378888510411091	0.3270374800528123
2.6945305000000004	0.0006301330706612862	0.0030575102215481707	0.2343639374165226	0.37678751773808866
2.6950250000000002	0.0006301330609356598	0.0030454229658130444	0.22678081257994495	0.4654805927957634
2.6955195	0.0006301330486325027	0.0030330408801998703	0.21525442154235103	0.5711640505183654
2.6960140000000004	0.0006301330364198432	0.003020439233627758	0.19997211287164882	0.6803760721776755
2.6965085	0.0006301330269418045	0.003007707105048983	0.181196605063149	0.7849991541610684
2.697003	0.0006301330220666075	0.0029949515523453353	0.15926377325019545	0.8795150757924779
2.6974975000000003	0.0006301330226452916	0.002982299400700657	0.13457614098054058	0.960024307660118
2.697992	0.0006301330287912155	0.0029698940648113462	0.10758962057435924	1.0240247079680238
2.6984865	0.000630133040165975	0.0029578871748225993	0.07879920410623488	1.0701963444989833
2.6989810000000003	0.0006301330557765208	0.002946427657597178	0.04872660547762948	1.0980842424250434
2.6994755	0.0006301330743404104	0.0029356522295256654	0.01790916975152085	1.1077040409073917
2.6999700000000004	0.0006301330946827168	0.0029256796748715155	-0.01311053185713527	1.0992998527251678
2.7004645000000003	0.0006301331155902342	0.0029166078955720795	-0.043792292189807604	1.0733539882547214
2.700959	0.0006301331355825425	0.0029085112640660792	-0.07360637106964658	1.0307164340055097
2.7014535000000004	0.0006301331534847738	0.002901437529364561	-0.10204263666291737	0.9726282022711684
2.7019480000000002	0.0006301331684097597	0.002895405675056638	-0.128620237487334	0.9006025024019285
2.7024425	0.0006301331794689462	0.0028904062671958205	-0.15289287806722782	0.8162568049635547
2.7029370000000004	0.0006301331860528415	0.002886404317152674	-0.17444858998825366	0.7214375149765623
2.7034315	0.0006301331882202627	0.0028833432877382135	-0.19291212448261236	0.6187630729511217
2.703926	0.0006301331865047625	0.0028811490932807568	-0.20795263470066802	0.5125407512875902
2.7044205000000003	0.0006301331820719724	0.0028797334623453553	-0.2192923861235715	0.4106043762316871
2.704915	0.000630133176938668	0.002878996293878225	-0.22671813121354908	0.3283852237957529
2.7054095	0.0006301331735868664	0.0028788268095547857	-0.23009274383276143	0.2922008904392871
2.7059040000000003	0.0006301331744655279	0.002879103268220266	-0.229362411420265	0.32059267752378945
2.7063985	0.0006301331816812848	0.002879692461988603	-0.22455445764100943	0.3974414344134439
2.706893	0.0006301331963665226	0.0028804516604541306	-0.2157734523097039	0.49594326602806094
2.7073875000000003	0.000630133218020715	0.0028812346233253933	-0.2031956590426381	0.6000251425973407
2.707882	0.0006301332444682123	0.002881900445343271	-0.18706164244320408	0.7018133387016922
2.7083765000000004	0.0006301332724095335	0.00288232147776801	-0.16766905360257486	0.7969629289224931
2.7088710000000003	0.0006301332985160625	0.00288238696200714	-0.14536859901798835	0.8824012675551197
2.7093655	0.0006301333207603688	0.0028820024278091226	-0.12055644893594678	0.9557491785541136
2.7098600000000004	0.0006301333394490146	0.0028810872222462514	-0.09366563097996725	1.0152188854317499
2.7103545	0.0006301333570587971	0.002879571721579238	-0.06515810370098792	1.0595293844982148
2.710849	0.0006301333772276907	0.0028773940512856113	-0.035517130958995426	1.0877218678508667
2.7113435000000004	0.0006301334036342697	0.002874495783251027	-0.0052429488044354435	1.0989944667320923
2.711838	0.0006301334387572604	0.002870816756972077	0.025148829408325243	1.092543891333374
2.7123325	0.000630133482814128	0.0028662900876756155	0.05512714735953656	1.0677263280067248
2.7128270000000003	0.0006301335332074207	0.002860838572083673	0.0841545720881289	1.0243123727048116
2.7133215	0.000630133584955901	0.0028543727749608078	0.11170097123939504	0.9625977294546522
2.713816	0.0006301336318381529	0.0028467907238001184	0.13725979039504432	0.8833804810875262
2.7143105000000003	0.0006301336674862237	0.0028379795719523323	0.16036217940548278	0.7879149870694606
2.714805	0.0006301336868950555	0.0028278201201927325	0.18059095940911257	0.6779584565861224
2.7152995000000004	0.0006301336879310741	0.0028161938494727463	0.19758900514029415	0.5557022038966283
2.7157940000000003	0.000630133672145093	0.002802989690714992	0.2110625479697262	0.4235993938172511
2.7162885	0.0006301336443738481	0.0027881073786285874	0.2207827412383481	0.2841159738159417
2.7167830000000004	0.0006301336116779197	0.0027714569777576594	0.2265884684610995	0.16849657635642717
2.7172775000000002	0.0006301335818669411	0.002752957096409186	0.2283885161616674	0.14170419004161236
2.717772	0.0006301335619701723	0.002732534795228891	0.22616090580285403	0.16615906530461855
2.7182665000000004	0.0006301335567640403	0.0027101286961591733	0.21995009114159406	0.30227085501621465
2.718761	0.0006301335676014868	0.0026856939962503234	0.20986482597645553	0.44519771479879966
2.7192555	0.0006301335917504314	0.0026592069910507496	0.19607247950929696	0.5824462141209767
2.7197500000000003	0.0006301336224535602	0.0026306688408931286	0.17879478496077228	0.7119054336776226
2.7202445	0.0006301336502240688	0.002600109102208333	0.15831022174177276	0.8311849041246638
2.720739	0.0006301336647453126	0.0025675880888820367	0.1349580561701421	0.9377545862040373
2.7212335000000003	0.0006301336571879362	0.0025331971958152655	0.10913895944026511	1.0291038917231219
2.721728	0.0006301336217237842	0.0024970570600397245	0.08131128357597207	1.1030176363083866
2.7222225000000004	0.0006301335568314027	0.0024593137774927927	0.05198090056351559	1.1578447106120413
2.7227170000000003	0.0006301334656734374	0.002420134023994702	0.02168500415088555	1.1924963176610113
2.7232115	0.0006301333561370135	0.002379699517602249	-0.009023261822386055	1.2063524669174066
2.7237060000000004	0.0006301332390333731	0.0023381999105744292	-0.03958718025743978	1.1993695853400193
2.7242005000000002	0.0006301331260918043	0.002295823320152424	-0.06945837700006925	1.1724284836995296
2.724695	0.000630133027486407	0.0022527463961799564	-0.09810786409339818	1.1273193581871088
2.7251895000000004	0.000630132950250835	0.0022091278546387556	-0.12503296175415093	1.0663812799750705
2.725684	0.0006301328968921588	0.002165107458176793	-0.14976462506565016	0.9922338052867316
2.7261785	0.0006301328659477404	0.002120808949174651	-0.17187775515610343	0.9077646828946174
2.7266730000000003	0.000630132853095924	0.0020763439540151542	-0.1909969845938698	0.8163092919129131
2.7271675	0.0006301328528589128	0.002031814525268206	-0.20679855665887906	0.7222080329603177
2.727662	0.0006301328598925884	0.00198731382585471	-0.21901011626471656	0.6317262473746296
2.7281565000000003	0.0006301328702270005	0.0019429260704306765	-0.22741197098722676	0.5539372563411029
2.728651	0.0006301328814253746	0.001898726465857359	-0.23183974926703407	0.5011586926412123
2.7291455	0.0006301328924049225	0.00185478086753744	-0.2321903423500216	0.4861262291126607
2.7296400000000003	0.0006301329028692172	0.001811145594460893	-0.22843237702888589	0.5136859929043286
2.7301345	0.00063013291274822	0.0017678687502739746	-0.22061556922383868	0.5759924678367702
2.7306290000000004	0.0006301329218585741	0.0017249933511625994	-0.20887241813126733	0.6590631053648839
2.7311235000000003	0.0006301329298087561	0.0016825611384978082	-0.1934132047146127	0.7503858547515527
2.731618	0.0006301329362683461	0.0016406156361285496	-0.17451836864731737	0.8410555780991443
2.7321125000000004	0.0006301329409222075	0.0015992036073521191	-0.15252992517692313	0.925227324663944
2.7326070000000002	0.0006301329437913889	0.0015583759094493295	-0.12784215972170554	0.9989711280319891
2.7331015	0.0006301329451119703	0.0015181896562633378	-0.10089233853517963	1.059283178512465
2.7335960000000004	0.0006301329455734577	0.0014787113280569726	-0.07215326250157186	1.1037628303593883
2.7340905	0.0006301329458095337	0.0014400180349463298	-0.04212401173376144	1.130709896822091
2.734585	0.0006301329464543389	0.0014021941508870117	-0.011319199413267462	1.13927547374292
2.7350795000000003	0.0006301329477628374	0.0013653232154127901	0.01973931449615448	1.129428442453586
2.735574	0.000630132949642229	0.0013294781414688963	0.05053081766831909	1.101689207521483
2.7360685	0.0006301329512240674	0.0012947129123157218	0.08054095857073869	1.0567794898069895
2.7365630000000003	0.0006301329514560297	0.0012610570418977575	0.10926339493053165	0.9953718883619211
2.7370575	0.000630132949399519	0.0012285130379960432	0.13619980890547162	0.9182126683769706
2.7375520000000004	0.0006301329446954016	0.0011970567533510766	0.1608698404600527	0.8263573631356553
2.7380465000000003	0.0006301329375232637	0.0011666400246722992	0.18282246515622516	0.7212911879214906
2.738541	0.0006301329290757205	0.0011371947446269495	0.20165016242176168	0.6051934395733556
2.7390355000000004	0.000630132921036848	0.0011086366557007067	0.21700331699051562	0.4813297688297796
2.7395300000000002	0.0006301329151941473	0.0010808675064970035	0.22860185546524606	0.35488378510691143
2.7400245	0.00063013291292338	0.00105377616862652	0.23623864381557097	0.2752385728955343
2.7405190000000004	0.0006301329147489493	0.0010272404595406482	0.2397793082281585	0.27359677714389746
2.7410135	0.0006301329196082107	0.0010011309656644035	0.23916408254710259	0.28098223848795856
2.741508	0.0006301329247074259	0.0009753160785983607	0.23440865625222482	0.30351482562059984
2.7420025000000003	0.0006301329260804059	0.0009496656406191229	0.22560148927659013	0.4271492758290213
2.742497	0.0006301329192773328	0.0009240517355629196	0.21290003118354886	0.5508999958333483
2.7429915	0.0006301329007319447	0.0008983484843108474	0.19652666511963096	0.6683549932386823
2.7434860000000003	0.00063013286893679	0.0008724339153404072	0.17676177818454103	0.7761770044650227
2.7439805	0.0006301328250533876	0.000846195038381348	0.15393646385994103	0.8723110481782087
2.744475	0.0006301327731010277	0.0008195347394655386	0.1284263541006762	0.9552345443626319
2.7449695000000003	0.0006301327200763233	0.0007923777994241	0.10065050312154161	1.0234924327007222
2.745464	0.000630132674521219	0.0007646738249995177	0.07107144572160079	1.0755629206512172
2.7459585000000004	0.0006301326446502837	0.0007363964620503984	0.04019381020528323	1.1099583958299546
2.7464530000000003	0.0006301326364385503	0.0007075391825607792	0.008558097574546356	1.1254509937296533
2.7469475	0.000630132652923255	0.0006781080210561322	-0.02327134323408577	1.1213156865362788
2.7474420000000004	0.0006301326930307611	0.000648112668281419	-0.05472366397257428	1.0974238940969778
2.7479365000000002	0.0006301327515340782	0.0006175585608098445	-0.08523650090201412	1.054171064883955
2.748431	0.0006301328198672422	0.0005864421189225686	-0.11426866715941018	0.9924020627661989
2.7489255000000004	0.0006301328883025338	0.0005547493151458295	-0.14131021957993248	0.913347083555068
2.74942	0.0006301329474541854	0.0005224557055003712	-0.16589157752822914	0.8185458759412566
2.7499145	0.0006301329900471216	0.0004895260975005354	-0.18759047989050978	0.7098207620186193
2.7504090000000003	0.0006301330119588036	0.0004559134816501467	-0.20603972028946407	0.5893839238018032
2.7509035	0.0006301330129533195	0.000421558930199874	-0.22093531455375826	0.4599602518116996
2.751398	0.0006301329959742969	0.000386395092029862	-0.2320382771230023	0.32530155926276855
2.7518925000000003	0.0006301329663121346	0.00035035265820193844	-0.23917256402700302	0.24267217019798457
2.752387	0.0006301329303896948	0.0003133661059007692	-0.2422255202714055	0.22286582324801946
2.7528815000000004	0.0006301328944438005	0.00027537650306969525	-0.24114686142433772	0.235642354421617
2.7533760000000003	0.0006301328632529024	0.00023633160485739182	-0.23594640585237403	0.3065451432414874
2.7538705	0.0006301328394700336	0.00019618451253041838	-0.22669740289270876	0.4467101486327685
2.7543650000000004	0.000630132823621304	0.0001548929219035739	-0.21354431958094297	0.5846940188276006
2.7548595000000002	0.0006301328144064629	0.00011242052236354795	-0.1967067775333378	0.7162290470415872
2.755354	0.0006301328095590336	6.874068624996215e-5	-0.17647759782131694	0.8383759788306457
2.7558485000000004	0.0006301328063813594	2.3842132632708398e-5	-0.1532158609257792	0.9486758896451999
2.756343	0.0006301328027535952	-2.2264232341208975e-5	-0.1273370054037633	1.044863856222417
2.7568375	0.0006301327976949084	-6.953965471214436e-5	-0.0993011925610889	1.1248442952950444
2.7573320000000003	0.0006301327919577468	-0.00011791580116127586	-0.0696040380887026	1.1868227768670792
2.7578265	0.0006301327872660289	-0.0001672977923647899	-0.038767964177179114	1.2295578594070247
2.758321	0.0006301327860315153	-0.00021757030361748819	-0.007332863168331356	1.2525203697678355
2.7588155000000003	0.0006301327902272437	-0.0002686038272241673	0.02415603255268227	1.255774099512579
2.75931	0.000630132801040281	-0.000320259422069096	0.05515958965333977	1.2397118721505636
2.7598045000000004	0.0006301328181891092	-0.00037239270605320693	0.08515473528954937	1.2049952584830947
2.7602990000000003	0.0006301328405279343	-0.0004248591868686674	0.11364203194948415	1.1527318512159113
2.7607935	0.0006301328660478897	-0.00047752159180028115	0.1401488712252945	1.08478376730363
2.7612880000000004	0.0006301328927131511	-0.0005302568581998329	0.16423226836934487	1.0037848552962783
2.7617825000000003	0.0006301329188342662	-0.000582959651120154	0.18548104895129885	0.9130746015976645
2.762277	0.0006301329438274914	-0.0006355415183451147	0.2035230626600433	0.8169307222322162
2.7627715000000004	0.0006301329677703468	-0.0006879270659325883	0.21803350757343426	0.7210546259491587
2.7632660000000002	0.0006301329913387115	-0.0007400488096135421	0.22874574094242514	0.6332274713251286
2.7637605	0.0006301330152265316	-0.0007918423901784517	0.23546389801361367	0.563816298304769
2.7642550000000004	0.0006301330399845113	-0.0008432437184280429	0.23806978716915309	0.5245609850501218
2.7647495	0.0006301330656742034	-0.0008941885898874868	0.23652198916706493	0.5237453468764948
2.765244	0.0006301330919740839	-0.0009446145625174069	0.23085278876483908	0.5607606030350245
2.7657385000000003	0.000630133118370858	-0.0009944636914776322	0.22116924319939113	0.6263845908756946
2.766233	0.0006301331444570193	-0.0010436835340131413	0.2076511892542438	0.7085492795280698
2.7667275	0.0006301331703689713	-0.0010922246743792822	0.1905474241699387	0.7967227618919416
2.7672220000000003	0.0006301331968155042	-0.001140035317549445	0.17017010160869286	0.882868514610156
2.7677165	0.0006301332251272888	-0.0011870557997824005	0.14688811953694814	0.9613009471010142
2.7682110000000004	0.0006301332564740868	-0.001233215875802382	0.12111400674847694	1.028270617604859
2.7687055000000003	0.0006301332913775301	-0.0012784348492708153	0.09329480047262315	1.0813189970850325
2.7692	0.0006301333286529187	-0.0013226224914128482	0.06390650963913667	1.1186543471994141
2.7696945000000004	0.0006301333653457425	-0.001365679256031242	0.03344990297043887	1.1387871929034141
2.7701890000000002	0.0006301333967180304	-0.0014074964832658868	0.0024465772905480736	1.140457681928
2.7706835	0.0006301334175757221	-0.0014479587950665044	-0.0285644262009102	1.1228383103073418
2.7711780000000004	0.0006301334232136905	-0.0014869499756823238	-0.059035037436292515	1.0857801237194062
2.7716725	0.0006301334111035914	-0.0015243614589853238	-0.08841970376034926	1.029889248096763
2.772167	0.0006301333816626663	-0.001560101665012984	-0.11619048467468042	0.9565263151408459
2.7726615000000003	0.0006301333389382939	-0.001594104472125754	-0.14185071415261802	0.8676472140210498
2.773156	0.0006301332898280181	-0.0016263351891829443	-0.16494623529459357	0.765585204792951
2.7736505	0.000630133242919608	-0.001656792851610073	-0.18507228122788047	0.6528959488001566
2.7741450000000003	0.0006301332062361638	-0.0016855084081272434	-0.20187794377970175	0.5325503143760276
2.7746395	0.0006301331854413326	-0.0017125394479153761	-0.21507272673229938	0.40890000843473434
2.7751340000000004	0.0006301331824836998	-0.001737963941975069	-0.2244350172866451	0.290731265178747
2.7756285000000003	0.0006301331953447464	-0.0017618761237965257	-0.22981778480141885	0.2603363687546951
2.776123	0.0006301332181501948	-0.001784385365286023	-0.23114765880144414	0.2663782859040169
2.7766175000000004	0.0006301332421361711	-0.001805616412348057	-0.22842153135174578	0.2835666750763449
2.7771120000000002	0.0006301332572901658	-0.0018257085382036536	-0.2217024704299603	0.38831257712882117
2.7776065	0.0006301332544606617	-0.0018448121131629778	-0.21111526443992276	0.507007855963569
2.7781010000000004	0.0006301332276431207	-0.0018630837867281652	-0.1968424694925286	0.6227307240541733
2.7785955	0.0006301331754149197	-0.0018806828502469205	-0.17912593211103314	0.730910356158402
2.77909	0.0006301331011306444	-0.001897769038173487	-0.1582693398277366	0.8283380195563304
2.7795845000000003	0.000630133012026057	-0.0019144999552527346	-0.13463615435050694	0.9125431337631423
2.780079	0.0006301329182346972	-0.001931027181079693	-0.10864364914329437	0.981599502883038
2.7805735	0.0006301328311242871	-0.0019474913852109736	-0.08075633742790848	1.0340822521878905
2.7810680000000003	0.0006301327611635252	-0.0019640172044114853	-0.05147426596404264	1.069113486044936
2.7815625	0.0006301327157580767	-0.0019807090316434914	-0.02131947948956555	1.0862152873858968
2.782057	0.0006301326982610016	-0.001997648881461823	0.0091725292269634	1.0851279079293552
2.7825515000000003	0.0006301327073550451	-0.002014897097148274	0.039459678982013406	1.0657837414742815
2.783046	0.0006301327376198537	-0.0020324964792539832	0.06900243845005162	1.028396956077784
2.7835405000000004	0.0006301327807635667	-0.0020504799267554124	0.09727568358399731	0.9735187209029165
2.7840350000000003	0.0006301328278206397	-0.0020688799200490656	0.1237812938049257	0.9020640184388553
2.7845295	0.0006301328708637054	-0.002087736079490907	0.14805987628429537	0.8153267957169471
2.7850240000000004	0.000630132904398273	-0.0021070980967879582	0.16969857975486122	0.714800696729933
2.7855185000000002	0.0006301329259062785	-0.0021270245525587	0.18833105316210777	0.6020896714693843
2.786013	0.0006301329359120995	-0.002147579941910873	0.20363932531095316	0.4789592820400663
2.7865075000000004	0.0006301329370332244	-0.0021688320770999183	0.21535625199403638	0.3474197476634718
2.787002	0.0006301329329476488	-0.0021908503415200673	0.22326945488539002	0.2102570593651853
2.7874965	0.0006301329274800047	-0.0022137033783951954	0.22722701466372652	0.15279915394204313
2.7879910000000003	0.0006301329240773948	-0.002237455184717422	0.22714534287619187	0.16124749324090973
2.7884855	0.0006301329253644739	-0.0022621609081251138	0.22301524349425586	0.2370540288049412
2.78898	0.0006301329330007391	-0.002287863877476154	0.21490299572122512	0.3782643252642487
2.7894745000000003	0.0006301329478613421	-0.0023145938766576785	0.20294714762365565	0.5150810434278076
2.789969	0.0006301329701767315	-0.0023423661100530828	0.1873546722091518	0.6444818996948448
2.7904635000000004	0.0006301329999371883	-0.0023711806726549687	0.16839821731467436	0.7641239106734418
2.7909580000000003	0.0006301330369582994	-0.0024010223599546516	0.14641070278635912	0.871985221158542
2.7914525	0.0006301330807481013	-0.002431860256514435	0.12178218246181366	0.9663194402088502
2.7919470000000004	0.0006301331300801726	-0.0024636461997033596	0.09495486153538764	1.0456956127780346
2.7924415000000002	0.0006301331832274657	-0.002496311140062481	0.06641271929121681	1.108965376921102
2.792936	0.0006301332377194485	-0.002529759808927343	0.03666560767707968	1.1550968259205978
2.7934305000000004	0.0006301332906226034	-0.0025638662434199783	0.006236510073480655	1.1829843980990085
2.793925	0.0006301333388776243	-0.0025984736737203846	-0.024345469004658532	1.191695005183496
2.7944195	0.0006301333800466265	-0.0026334001298310757	-0.05455086958387291	1.1808121602833408
2.7949140000000003	0.0006301334123785627	-0.0026684474375916313	-0.0838551075061096	1.150483008579907
2.7954085	0.0006301334354950765	-0.002703410429519394	-0.11174316380731639	1.101383558897815
2.795903	0.0006301334504099345	-0.002738084974798017	-0.13771810681840116	1.0347858958381866
2.7963975000000003	0.0006301334592016554	-0.002772274818164451	-0.16131319995575127	0.952602783219955
2.796892	0.0006301334640762482	-0.0028057976291947623	-0.1821021231342804	0.8576378997025472
2.7973865000000004	0.0006301334673326087	-0.002838489989275655	-0.19970883850128046	0.7538310042105455
2.7978810000000003	0.0006301334710699857	-0.002870210204727836	-0.21381553664435934	0.6464973338223338
2.7983755	0.0006301334771956128	-0.0029008387625560775	-0.22416685968953806	0.5433202852430932
2.7988700000000004	0.0006301334871898871	-0.0029302774394005717	-0.23057106745131006	0.45646480065430345
2.7993645000000003	0.0006301335022602008	-0.002958447500252298	-0.23290620580864826	0.4037793310908199
2.799859	0.0006301335235084974	-0.0029852866339896257	-0.2311254733651535	0.4017638914029567
2.8003535000000004	0.000630133552320084	-0.0030107447830624045	-0.225260619550371	0.4494973570495303
2.8008480000000002	0.0006301335906630779	-0.003034779972370995	-0.21542097793353435	0.5291918038176245
2.8013425	0.0006301336410779551	-0.0030573561278144368	-0.20179012443435573	0.6229423882340719
2.8018370000000004	0.0006301337061688882	-0.003078444299162264	-0.18461579150113525	0.719452852776646
2.8023315	0.0006301337876175969	-0.0030980258507397824	-0.164199972051393	0.8121411047147394
2.802826	0.0006301338851195172	-0.003116094091403696	-0.14089321695595944	0.8966577674577967
2.8033205000000003	0.0006301339953582956	-0.0031326518599341354	-0.11509349121293051	0.9696627495732472
2.803815	0.000630134111636662	-0.003147705617913629	-0.08724251395805559	1.0284919054693802
2.8043095	0.0006301342240708955	-0.0031612589489863393	-0.05781984128302482	1.071140194663378
2.8048040000000003	0.0006301343207652594	-0.003173307915695195	-0.0273342341213148	1.0961986262801167
2.8052985	0.0006301343895330561	-0.003183838859450211	0.0036847319252549305	1.10282189789254
2.8057930000000004	0.0006301344202762941	-0.003192828179695308	0.034698113000236605	1.09076078586789
2.8062875000000003	0.0006301344072595523	-0.0032002440672846215	0.06516918923206637	1.0602486160218791
2.806782	0.0006301343507965924	-0.003206050623717366	0.09456959372872427	1.01193943538785
2.8072765000000004	0.0006301342573673621	-0.0032102136323733073	0.12238600398597439	0.9469859209918157
2.8077710000000002	0.0006301341384237147	-0.0032127063830995517	0.14812859686593643	0.8671434340136217
2.8082655	0.0006301340081848939	-0.0032135146850726863	0.17134097698180117	0.7749946962705047
2.8087600000000004	0.0006301338811840202	-0.0032126415097094275	0.1916117150998275	0.6742944995267737
2.8092545	0.0006301337698072719	-0.003210111698839828	0.2085860274388513	0.570460028943819
2.809749	0.0006301336823438128	-0.0032059762232485365	0.22197330141988988	0.47140082120684706
2.8102435000000003	0.0006301336217982045	-0.003200314259300474	0.23154749216037754	0.3893618186732619
2.810738	0.000630133585739334	-0.0031932304480428594	0.2371462034988378	0.3430850876339355
2.8112325	0.000630133567414676	-0.0031848472687055784	0.2386704963413721	0.35059437859101333
2.8117270000000003	0.0006301335578491065	-0.003175296358888632	0.2360853693501906	0.4097255424946346
2.8122215	0.0006301335481463404	-0.00316471264226319	0.22942227655161454	0.5008006863924842
2.8127160000000004	0.0006301335313172597	-0.0031532321447606784	0.2187841189101341	0.6058057929626163
2.8132105000000003	0.0006301335032650424	-0.003140992203330646	0.20434457444095125	0.7134278423841564
2.813705	0.0006301334633597801	-0.0031281318226095535	0.18634249257465169	0.8168414020881313
2.8141995000000004	0.000630133414246362	-0.0031147906550837907	0.16507842512139242	0.9115838066259535
2.8146940000000003	0.0006301333608874876	-0.003101106753742147	0.14090986240069073	0.9944530313975768
2.8151885	0.0006301333093095876	-0.003087213235985652	0.11424553397830196	1.0630871392798682
2.8156830000000004	0.0006301332652669438	-0.0030732335529939005	0.08553948376299135	1.115726865409095
2.8161775000000002	0.0006301332326631771	-0.003059276042624201	0.05528828056867282	1.1510611387923944
2.816672	0.0006301332128121656	-0.003045429715346243	0.024023665318367186	1.168196629601946
2.8171665000000004	0.0006301332045272843	-0.0030317626371691594	-0.0077000646750342355	1.1666689345580943
2.817661	0.0006301332048483188	-0.003018322339384366	-0.03932173915407995	1.1464545637879662
2.8181555	0.0006301332097398642	-0.0030051365236525925	-0.07028710387536911	1.1080094620375651
2.8186500000000003	0.000630133215141702	-0.002992213400599353	-0.10005968588327278	1.0522004945506802
2.8191445	0.0006301332178218569	-0.0029795429741150134	-0.1281283711105848	0.9801763027339687
2.819639	0.0006301332158570804	-0.0029671015293240358	-0.15401233686979612	0.8932144937721066
2.8201335000000003	0.0006301332086687641	-0.0029548605816074607	-0.17726580732396915	0.792648090765238
2.820628	0.0006301331969426273	-0.0029427979462663743	-0.19748581210042088	0.6800341852930566
2.8211225000000004	0.0006301331822793848	-0.00293090610843925	-0.21432213777362716	0.5573478282299755
2.8216170000000003	0.0006301331667898276	-0.002919195242519475	-0.2274839702513285	0.42720333815994305
2.8221115	0.0006301331525248896	-0.0029076917380947377	-0.2367443865293468	0.2938048264990516
2.8226060000000004	0.00063013314118265	-0.0028964341998631445	-0.24194295665429583	0.1686332473635631
2.8231005000000002	0.0006301331341077351	-0.002885468498250944	-0.24298657960736786	0.11334274857385138
2.823595	0.0006301331324289788	-0.002874843119113684	-0.239849706905425	0.20225403066505998
2.8240895000000004	0.0006301331370587745	-0.0028646056620876344	-0.23257905528067996	0.33322076019452507
2.824584	0.0006301331485139748	-0.002854800961897549	-0.22129619707766393	0.4675139519767659
2.8250785	0.0006301331666138184	-0.0028454707563859245	-0.2061978760135684	0.5966487825796012
2.8255730000000003	0.0006301331901716103	-0.0028366533766286755	-0.18755493954164323	0.7166292866068902
2.8260675	0.0006301332170125655	-0.002828381617514446	-0.16570636379135584	0.8248068274192839
2.826562	0.0006301332440740694	-0.002820678820754616	-0.14104639985733103	0.9192880476218117
2.8270565000000003	0.0006301332677160906	-0.0028135552563983116	-0.11401146380769714	0.9985973382079798
2.827551	0.0006301332843817408	-0.0028070068256092866	-0.08507285258141047	1.061517892178947
2.8280455000000004	0.0006301332918305773	-0.002801015552073879	-0.05473142017879695	1.1071890557634652
2.8285400000000003	0.0006301332898139887	-0.0027955492208625162	-0.023509325251693226	1.135122275928134
2.8290345	0.0006301332801716198	-0.0027905581670856516	0.008057582114584908	1.1449967407025463
2.8295290000000004	0.0006301332666382785	-0.002785969855996892	0.03942771028050076	1.1365773058753899
2.8300235000000002	0.0006301332540140262	-0.0027816847974717457	0.07006604445348057	1.1097486072527945
2.830518	0.0006301332465355989	-0.00277757730856723	0.09945306680338008	1.0646276047428063
2.8310125000000004	0.0006301332468981573	-0.0027735012054487533	0.12709167185666487	1.001607017586509
2.831507	0.0006301332558988149	-0.002769298398840759	0.1525107474464275	0.9214687715235065
2.8320015	0.0006301332724169382	-0.002764808643814757	0.17527166986941775	0.8256352724262397
2.8324960000000003	0.0006301332934115587	-0.002759878736637239	0.19497541592763895	0.7163106652123292
2.8329905	0.0006301333147293791	-0.002754369539484734	0.2112727498720246	0.5967612285864957
2.833485	0.0006301333322471807	-0.002748159699413552	0.22387446941990263	0.4718552347085821
2.8339795000000003	0.0006301333429141339	-0.0027411456096842197	0.23256194011330722	0.3496979522554237
2.834474	0.0006301333457459547	-0.002733239101143674	0.23719271411029044	0.24969360889117703
2.8349685000000004	0.0006301333425240868	-0.0027243655296466116	0.23770069056085288	0.24648815751503506
2.8354630000000003	0.0006301333378417903	-0.0027144632130420825	0.23409293644153156	0.2637866949345245
2.8359575	0.0006301333383744168	-0.0027034829292008926	0.22644533047178578	0.3689467148174129
2.8364520000000004	0.0006301333514786077	-0.0026913856181663633	0.214899626830781	0.4879621790608031
2.8369465000000003	0.0006301333835826576	-0.002678137732975923	0.1996626425645673	0.6062900138660765
2.837441	0.0006301334387158479	-0.002663706302310241	0.1810052836580401	0.7174863240219074
2.8379355000000004	0.0006301335171355419	-0.002648057059062569	0.15925623794340923	0.8180562023282361
2.8384300000000002	0.0006301336146271946	-0.0026311564159894867	0.13479224436372944	0.9057440984404054
2.8389245	0.0006301337223767877	-0.0026129745364639402	0.10803271344111663	0.978808977902803
2.8394190000000004	0.0006301338280548985	-0.002593486478361455	0.07943349384579712	1.0358323693882525
2.8399135	0.0006301339177625131	-0.0025726703946015225	0.0494811803209201	1.0756379629920028
2.840408	0.0006301339788409287	-0.0025505035712254116	0.01868942926392855	1.097223926616894
2.8409025000000003	0.0006301340022261161	-0.00252695772664527	-0.012403437801819853	1.0999188602290244
2.841397	0.0006301339841219579	-0.002501994944105948	-0.04324474020255358	1.0836680291991905
2.8418915	0.0006301339262774265	-0.0024755656588517443	-0.07328131475103088	1.049141066162259
2.8423860000000003	0.000630133835717328	-0.002447610077902077	-0.10197341563283767	0.9978035236581897
2.8428805	0.0006301337232829359	-0.0024180637074622795	-0.12880869963848754	0.9319865398220522
2.8433750000000004	0.0006301336018128087	-0.0023868659488989305	-0.1533150126542541	0.8548418606026083
2.8438695000000003	0.0006301334836306732	-0.002353968684736236	-0.17506799829776823	0.7703897265449746
2.844364	0.0006301333784758235	-0.002319342161219752	-0.1936938414531658	0.6840940203251125
2.8448585000000004	0.0006301332919294554	-0.002282978467903642	-0.20887373102561835	0.6038328149846766
2.8453530000000002	0.0006301332253892557	-0.002244894501556069	-0.22034997944607868	0.5405312254821957
2.8458475	0.0006301331768853533	-0.0022051353612808945	-0.22793165073875732	0.5067262114217403
2.8463420000000004	0.0006301331425002931	-0.0021637774240831097	-0.2314978515791681	0.5107572316641267
2.8468365	0.0006301331176790728	-0.002120928555952418	-0.23099780619564736	0.5509695613712933
2.847331	0.0006301330983170935	-0.002076723573071593	-0.22644635262924703	0.617960286766782
2.8478255000000003	0.0006301330815049052	-0.0020313166581861198	-0.21792207829476373	0.7009423784978942
2.84832	0.0006301330657889005	-0.0019848739842903726	-0.20556703202402996	0.7911180540341248
2.8488145	0.0006301330510259641	-0.0019375683776767575	-0.1895891265724534	0.8818292446375745
2.8493090000000003	0.0006301330377387643	-0.001889576056018058	-0.17026374044653433	0.9679857703421715
2.8498035	0.0006301330266726229	-0.0018410749607456406	-0.14793266728813698	1.0455095864991506
2.8502980000000004	0.0006301330181330045	-0.001792244426731627	-0.12300053061632031	1.1109273416102627
2.8507925000000003	0.0006301330119564662	-0.0017432650684234387	-0.09592528697395449	1.1614106828313155
2.851287	0.0006301330073958069	-0.001694317065811555	-0.06720306898047049	1.1949304351365457
2.8517815000000004	0.0006301330034822043	-0.001645575718616415	-0.03735454482062993	1.210332396268091
2.8522760000000003	0.0006301329989357989	-0.0015972045165135117	-0.00691487882906068	1.2073511532241918
2.8527705	0.0006301329927369461	-0.0015493477727977101	0.02357603383418669	1.1864349000449836
2.8532650000000004	0.0006301329841740815	-0.0015021259293147497	0.05358262504236874	1.1483133910929757
2.8537595000000002	0.0006301329731919518	-0.001455634998973624	0.08258090115002258	1.093715035061327
2.854254	0.0006301329601526736	-0.0014099483163336833	0.11006691450325616	1.0236402268694198
2.8547485000000004	0.0006301329459448863	-0.0013651182922571389	0.13556973325135188	0.9395247215832337
2.855243	0.0006301329314700921	-0.0013211781143726514	0.1586581579544302	0.8431567309199939
2.8557375	0.0006301329175060691	-0.001278144644214088	0.17894188516217796	0.736638322289176
2.8562320000000003	0.0006301329044321459	-0.0012360237218615841	0.1960720548826182	0.6224782928886844
2.8567265	0.0006301328926083186	-0.001194817625354088	0.20974545311644188	0.5040003876219581
2.857221	0.0006301328825263242	-0.0011545321671683248	0.2197094098593816	0.3870268888833804
2.8577155000000003	0.0006301328750881717	-0.0011151810847364323	0.2257710017717151	0.28451931513618506
2.85821	0.0006301328714431837	-0.0010767875774043009	0.22780730614119699	0.22687200699790108
2.8587045000000004	0.0006301328727077464	-0.001039383145329324	0.22577252550488872	0.2504334861828219
2.8591990000000003	0.0006301328794378772	-0.0010030035806202037	0.21970106465171133	0.3366264115459741
2.8596935	0.0006301328910282883	-0.0009676828108279633	0.20970581772637414	0.44646235815585694
2.8601880000000004	0.0006301329052011002	-0.0009334465109034609	0.19597304555625455	0.5608150488467674
2.8606825000000002	0.0006301329177800962	-0.0009003078952809809	0.17875338321898	0.6713180334731531
2.861177	0.0006301329233639452	-0.0008682669463586707	0.15835639837902307	0.7732972958556773
2.8616715000000004	0.0006301329164873967	-0.0008373121316340915	0.13514596949205765	0.8636417694371752
2.862166	0.0006301328932131864	-0.0008074219445342994	0.10953416484139618	0.9402037131164238
2.8626605	0.0006301328522248789	-0.0007785640464721521	0.08197193036747286	1.0015332627347906
2.8631550000000003	0.0006301327957913961	-0.0007506922264396653	0.05293925780050905	1.0466478038376377
2.8636495	0.0006301327297499361	-0.0007237434933265712	0.022935315928147487	1.0749058216023344
2.864144	0.0006301326628017508	-0.0006976367726814426	-0.007529505757147833	1.0858807487964224
2.8646385000000003	0.0006301326045868342	-0.0006722726700054111	-0.03793710652056715	1.0792421714661422
2.865133	0.0006301325641308818	-0.0006475330897723797	-0.06776239834524136	1.0547181599586588
2.8656275000000004	0.0006301325478834806	-0.0006232803049012524	-0.0964766590879222	1.012198667143691
2.8661220000000003	0.0006301325581376568	-0.0005993568124463566	-0.12355877092334279	0.9519565125316338
2.8666165	0.0006301325924143609	-0.0005755873114241611	-0.1485101524511747	0.8747092489271907
2.8671110000000004	0.0006301326443081508	-0.0005517827138790223	-0.17086691744001864	0.7816296061110299
2.8676055000000003	0.0006301327043817973	-0.0005277459513029386	-0.19021436117470736	0.674391891792123
2.8681	0.0006301327618893611	-0.0005032798476186271	-0.20619917038967642	0.5552680863364466
2.8685945000000004	0.000630132806972769	-0.00047819680409523323	-0.21853515893943984	0.42749655092473293
2.8690890000000002	0.0006301328331560313	-0.0004523287788996161	-0.2270046622875348	0.31655689863934644
2.8695835	0.000630132838448647	-0.0004255351293843228	-0.23146150722233336	0.30216634926603053
2.8700780000000004	0.0006301328253571689	-0.00039770577637391615	-0.23183221530546683	0.29356675383569103
2.8705725	0.0006301328000862915	-0.0003687590784270522	-0.22811705310067745	0.292300528907297
2.871067	0.0006301327710082876	-0.00033863704540323833	-0.22038872406828494	0.3458179270830184
2.8715615000000003	0.0006301327470254897	-0.0003073011889063974	-0.2087893185541957	0.4753525977345002
2.872056	0.0006301327356824966	-0.0002747301899361512	-0.19352083927470756	0.600404244613387
2.8725505	0.0006301327414367317	-0.00024091866926693645	-0.17483887054102906	0.7171300771578047
2.8730450000000003	0.0006301327645636073	-0.00020587550590159823	-0.1530503599921681	0.8229151871543847
2.8735395	0.0006301328014894963	-0.00016962114134640128	-0.1285136859783589	0.915573611789591
2.8740340000000004	0.0006301328458611093	-0.0001321849364054198	-0.1016399239603583	0.9931051639189376
2.8745285000000003	0.0006301328902882706	-9.360333269696845e-5	-0.072892403398219	1.0537332255916538
2.875023	0.00063013292775759	-5.3918384831233524e-5	-0.042779530920083145	1.0961041140792547
2.8755175000000004	0.0006301329532781262	-1.317595653199108e-5	-0.011841167092993904	1.1194340845181765
2.8760120000000002	0.0006301329645324403	2.8576336910919572e-5	0.019365946982329265	1.1234991062945803
2.8765065	0.0006301329622346615	7.129081637455772e-5	0.05028110483530745	1.108539991773097
2.8770010000000004	0.0006301329493653132	0.00011492158261326355	0.08035260998739349	1.0753119310989305
2.8774955	0.0006301329304810494	0.00015942770303008764	0.10905022578304044	1.025177152448856
2.87799	0.0006301329101104069	0.00020477732008180775	0.1358733249736594	0.9602174843328449
2.8784845000000003	0.0006301328917930625	0.0002509506300027317	0.1603577658607899	0.8834834456424712
2.878979	0.0006301328774400482	0.0002979393964941599	0.18208428841585816	0.7993587964014746
2.8794735	0.0006301328677301916	0.0003457414280312897	0.20068781481331915	0.7136809152845371
2.8799680000000003	0.0006301328623025561	0.0003943511604093735	0.21586119543193155	0.633912747708725
2.8804625	0.000630132860456585	0.0004437503902817629	0.2273544389109913	0.5696483328083696
2.8809570000000004	0.0006301328615188803	0.0004939023929717549	0.23497249519842145	0.532163937852053
2.8814515000000003	0.0006301328651272759	0.0005447495745138406	0.2385756640938742	0.5308085172450089
2.881946	0.0006301328711395714	0.000596213206613868	0.23808095318885986	0.5670687411530995
2.8824405000000004	0.0006301328795534043	0.0006481944221182663	0.23346949607751663	0.6334284769177234
2.8829350000000002	0.000630132890291196	0.0007005762419715493	0.22479670551327033	0.7184143964405875
2.8834295	0.0006301329030127005	0.0007532266106367099	0.21219637557478538	0.8116761575361222
2.8839240000000004	0.0006301329172045823	0.0008060022957792287	0.1958796389718518	0.905368617812642
2.8844185	0.0006301329321077163	0.000858752991735002	0.17613040383164313	0.9937087063087174
2.884913	0.0006301329469889008	0.0009113254452546598	0.1532976331098281	1.0725403108791038
2.8854075000000003	0.0006301329612594859	0.0009635680573994519	0.12778454162368674	1.1389548806430791
2.885902	0.0006301329747719325	0.0010153357160267117	0.10004144172966782	1.1910140420079054
2.8863965	0.0006301329876084339	0.0010664930144140838	0.07055593296912173	1.2273452749247378
2.8868910000000003	0.000630133000433555	0.001116914484484586	0.03984228914148468	1.2467955010580236
2.8873855	0.000630133014213068	0.001166483011966034	0.008431109968178321	1.2483739080027676
2.8878800000000004	0.0006301330300061765	0.0012150891609763327	-0.023140134005092988	1.2314751049151886
2.8883745000000003	0.0006301330481528979	0.0012626336610254507	-0.05433826018521816	1.1961710736633344
2.888869	0.0006301330682530456	0.0013090334431391537	-0.08464369724724233	1.143259498356793
2.8893635000000004	0.0006301330888864724	0.0013542285813844587	-0.11355200345408611	1.0738660845713643
2.8898580000000003	0.0006301331080777324	0.001398185974221874	-0.14057358440734374	0.9891173816536281
2.8903525	0.0006301331237748199	0.001440898321113209	-0.1652381970548569	0.890224181914727
2.8908470000000004	0.0006301331349121758	0.0014823798358614107	-0.1871038779078648	0.7787193480027503
2.8913415000000002	0.0006301331419035972	0.00152266022227774	-0.2057692672091841	0.6566853725974373
2.891836	0.0006301331471924941	0.0015617779868960847	-0.22088746507029913	0.5271540391601093
2.8923305000000004	0.0006301331548190757	0.0015997738523565504	-0.23217879214983397	0.3949221513119433
2.892825	0.0006301331695458365	0.0016366849295714153	-0.2394387010929392	0.2697864800968863
2.8933195	0.0006301331954360258	0.0016725405159572953	-0.24253972635015222	0.18953942967281834
2.8938140000000003	0.0006301332345445205	0.0017073594697380593	-0.24143230278931102	0.19563927315967425
2.8943085	0.000630133285899707	0.0017411482000122761	-0.23614595518251394	0.29511845558422706
2.894803	0.0006301333452381617	0.0017738991014155968	-0.22678698708047737	0.41816675055266184
2.8952975000000003	0.0006301334054753991	0.0018055907311171043	-0.21353420107263069	0.5426767159414221
2.895792	0.0006301334575123996	0.001836191340501614	-0.19663298639755236	0.6612185917207802
2.8962865000000004	0.0006301334916704003	0.0018656658181254052	-0.1763881071573069	0.7702614373286824
2.8967810000000003	0.0006301334993526283	0.0018939836913340164	-0.15315363260768908	0.8676275670242053
2.8972755	0.0006301334749576143	0.001921124444090724	-0.12732375620961506	0.9516184411716481
2.8977700000000004	0.0006301334171856023	0.001947078121172735	-0.09932872601454615	1.020741722872345
2.8982645000000002	0.0006301333298266763	0.001971842787986839	-0.06963222460625287	1.0736711431377313
2.898759	0.0006301332213040704	0.001995422356991217	-0.03873183240171208	1.109214348548668
2.8992535000000004	0.0006301331032818647	0.0020178272400597215	-0.007157901894954068	1.1264205059638304
2.899748	0.0006301329884517196	0.002039077704233887	0.024535014549368486	1.1248306136845625
2.9002425	0.0006301328888627638	0.0020592082657267274	0.05578451051607032	1.104520962265182
2.9007370000000003	0.0006301328140491726	0.002078271832433346	0.08603356530491395	1.0659641930336605
2.9012315	0.0006301327693573236	0.0020963428181973217	0.11474391923720421	1.0100269647883824
2.901726	0.0006301327548432764	0.0021135183838806916	0.14140915011056518	0.9379245989798342
2.9022205000000003	0.0006301327657994761	0.002129917114749341	0.16556487882710733	0.8511466504767466
2.902715	0.0006301327940796707	0.0021456751327448773	0.18679525496044588	0.751674732669493
2.9032095000000004	0.0006301328298937807	0.0021609411613634517	0.20474181292888596	0.6421804862331558
2.9037040000000003	0.0006301328639643099	0.00217587219142041	0.2191110163838031	0.5261577782196543
2.9041985	0.000630132889614929	0.002190629280328337	0.22967822126669743	0.40867358734651693
2.9046930000000004	0.0006301329036869938	0.0022053717386526736	0.23628588472463424	0.2997566931131055
2.9051875000000003	0.0006301329067524198	0.002220249016352773	0.2388420092165534	0.25136473281247657
2.905682	0.0006301329024738674	0.002235391674354669	0.23731625080822108	0.24697278585013244
2.9061765000000004	0.000630132896247096	0.0022509047612195663	0.23173646526850897	0.3097821416640511
2.9066710000000002	0.0006301328934732278	0.0022668668130899883	0.22218794996833452	0.42291357674140045
2.9071655	0.000630132898125612	0.002283334372073136	0.2088186300423143	0.5434688353840571
2.9076600000000004	0.0006301329119187133	0.0023003485585398006	0.19184532360360676	0.6610348867958459
2.9081545	0.0006301329340349705	0.0023179402300219955	0.17155580714797164	0.770149238238637
2.908649	0.000630132961752271	0.0023361327044998594	0.14830527037311023	0.8672963842448137
2.9091435000000003	0.0006301329915865399	0.00235494283713696	0.12250730585837843	0.9499756290494558
2.909638	0.0006301330203611068	0.0023743810524003107	0.09462397510649809	1.0163780926206096
2.9101325	0.0006301330457853926	0.0023944507696019362	0.06515403032205276	1.0651643948465497
2.9106270000000003	0.0006301330668960772	0.0024151484096349633	0.034624743463355465	1.0953683476363232
2.9111215	0.0006301330836908993	0.0024364648496996294	0.0035808938143844435	1.1065040477032473
2.9116160000000004	0.0006301330965818747	0.0024583884136808185	-0.027427991502169367	1.09862051240075
2.9121105000000003	0.0006301331059491062	0.002480908529679335	-0.057859421060294826	1.0723156342907147
2.912605	0.00063013311231745	0.002504018017814051	-0.08718895113459887	1.028689621332122
2.9130995000000004	0.0006301331161145872	0.0025277129193179023	-0.11492033882142938	0.9691999100883981
2.9135940000000002	0.0006301331176213189	0.0025519916365889656	-0.14059177405941087	0.8955287189461831
2.9140885	0.0006301331170996456	0.0025768556732144506	-0.16377544845639838	0.8097399079877667
2.9145830000000004	0.0006301331152879137	0.002602311605337128	-0.18407818209289498	0.7148470932485042
2.9150775	0.0006301331132283246	0.002628371974364312	-0.20114606314218747	0.6157341363693695
2.915572	0.0006301331120290853	0.0026550524762222966	-0.21467017196201396	0.5205107352327722
2.9160665000000003	0.0006301331125898382	0.002682364260109138	-0.22439486640491954	0.44256414101194397
2.916561	0.0006301331155080784	0.002710303768877437	-0.23013227004369208	0.4010300718421248
2.9170555	0.0006301331208293991	0.002738844248389144	-0.23177170023064456	0.41151870750001174
2.9175500000000003	0.0006301331281747021	0.002767930741338498	-0.22928199807894922	0.47030206606413655
2.9180445	0.0006301331369335677	0.002797478373544835	-0.2227103998409467	0.5589685280885678
2.9185390000000004	0.0006301331464580032	0.002827373675604116	-0.21218118362720476	0.6603579256829227
2.9190335000000003	0.000630133156519615	0.002857478734742719	-0.19789340956381454	0.7634181460238485
2.919528	0.0006301331678203724	0.0028876370867071616	-0.1801169282703104	0.8614484240732481
2.9200225000000004	0.0006301331823191327	0.0029176793260557855	-0.15918618525252362	0.9500859828421685
2.9205170000000003	0.0006301332034659589	0.0029474270832446385	-0.13549103378031863	1.0262301916527035
2.9210115	0.0006301332359581525	0.0029766956077085633	-0.10946457292182438	1.0875519868106138
2.9215060000000004	0.0006301332842075667	0.003005296559514634	-0.08157103727992182	1.1324344000162798
2.9220005000000002	0.0006301333508050132	0.003033042486491739	-0.05229615813292417	1.1599748693863798
2.922495	0.0006301334353221019	0.003059752446190011	-0.0221413357260757	1.1698418640769237
2.9229895000000004	0.0006301335338085873	0.003085256250406846	0.008379727197423711	1.1618027994293714
2.923484	0.0006301336386508951	0.0031093958230507764	0.038741898139612534	1.135520461839569
2.9239785	0.0006301337397659793	0.0031320251099227958	0.06841300071352782	1.0907391213020965
2.9244730000000003	0.000630133826502744	0.003153011223493767	0.09686303561583036	1.0276218833762976
2.9249675	0.0006301338898467295	0.0031722385531389253	0.12357825483707362	0.9470921162683538
2.9254620000000005	0.0006301339242582365	0.0031896148043471773	0.1480744734736452	0.8507763005562552
2.9259565000000003	0.0006301339293105224	0.0032050759818208602	0.16990973383800628	0.7407437579441963
2.926451	0.0006301339100129911	0.003218588419737363	0.1886945590245063	0.6192528733106262
2.9269455000000004	0.0006301338757761362	0.003230147753073186	0.20409739913211183	0.488624209822198
2.9274400000000003	0.0006301338381402044	0.0032397749888566406	0.21584831413246353	0.35124181262861925
2.9279345	0.0006301338082478393	0.0032475097575088967	0.22374703929223597	0.2096963911917994
2.9284290000000004	0.0006301337945894293	0.003253401642817737	0.22766936801110396	0.08194939871495202
2.9289235000000002	0.0006301338014407395	0.0032575016759317722	0.22756607800683373	0.08296096937291202
2.929418	0.0006301338280235765	0.0032598567305574	0.2234589467212222	0.2228914131803846
2.9299125000000004	0.000630133868564208	0.003260507914576496	0.21543621057993306	0.3601644041604574
2.930407	0.000630133913413476	0.0032594913022115364	0.2036453536912877	0.4915991398355679
2.9309015	0.0006301339510818453	0.0032568387760989023	0.18828623935214067	0.6153109694774422
2.9313960000000003	0.0006301339707382264	0.003252578291020574	0.16961046658189907	0.7295838474273437
2.9318905	0.0006301339644897941	0.0032467348060169834	0.14792375869827243	0.8327031236570607
2.932385	0.0006301339286511177	0.003239333576463302	0.1235875481336521	0.9228938021062406
2.9328795000000003	0.0006301338639854789	0.0032304056165588417	0.09701742442375146	0.9983348739820642
2.933374	0.0006301337753595879	0.003219992782701735	0.06867883800735257	1.057424860935652
2.9338685000000004	0.0006301336710073359	0.0032081500858239897	0.039074370620609235	1.0990044452727628
2.9343630000000003	0.0006301335610138202	0.0031949450993509786	0.008732625755248568	1.122455088399927
2.9348575	0.0006301334556462288	0.003180456130807743	-0.021803778110782105	1.1276566440199598
2.9353520000000004	0.0006301333635093621	0.0031647709103059156	-0.051987277920470754	1.114880781039976
2.9358465000000002	0.0006301332902884528	0.003147985947428711	-0.08127547196176838	1.084924326212467
2.936341	0.0006301332378768737	0.0031302065236909343	-0.10914213104237835	1.0392234386053534
2.9368355000000004	0.0006301332044230278	0.003111548448279876	-0.1350897688833129	0.9797132756812799
2.93733	0.0006301331855378095	0.003092141717416457	-0.15866212295817536	0.9085895684216758
2.9378245	0.0006301331760785965	0.003072134079587167	-0.1794534873663818	0.8281526156069484
2.9383190000000003	0.0006301331712589983	0.0030516919429001703	-0.19711121601573003	0.7408732858255362
2.9388135	0.000630133167509451	0.0030309968131353704	-0.21133463209021386	0.6501965355646621
2.939308	0.0006301331631425931	0.003010237656853081	-0.22187589514724573	0.5618709729597995
2.9398025000000003	0.0006301331583167558	0.0029896022588034813	-0.228541503979463	0.4852087085129412
2.940297	0.0006301331542503199	0.002969270203613168	-0.23119557232185983	0.4337136101039531
2.9407915000000004	0.0006301331524842108	0.002949407300786331	-0.22976603227261724	0.42157482311067374
2.9412860000000003	0.0006301331541694019	0.0029301599406675403	-0.2242548541877719	0.4535803701711243
2.9417805	0.000630133159455979	0.0029116490976912337	-0.21474264050348674	0.520479648332591
2.9422750000000004	0.0006301331675912828	0.0028939654088530934	-0.20138620369379212	0.6075137468290442
2.9427695000000003	0.0006301331772146734	0.0028771671157777983	-0.1844146606765654	0.7022181315806831
2.943264	0.0006301331867385615	0.002861281586512155	-0.16412515249679402	0.7958054258945518
2.9437585000000004	0.0006301331947443745	0.0028463094844976083	-0.14087632754074617	0.8822675805416208
2.9442530000000002	0.0006301332002783361	0.002832229975721189	-0.1150820796589777	0.9573328667122567
2.9447475	0.0006301332025390489	0.0028190062913879626	-0.08720634700148323	1.0179266636013844
2.9452420000000004	0.0006301332008298733	0.0028065914939260704	-0.057751314479722836	1.0620125077819877
2.9457365	0.000630133194697332	0.0027949327314118547	-0.027242648279699223	1.0884694005848266
2.946231	0.0006301331840390952	0.002783971964752079	0.0037839460839346087	1.0968648959243061
2.9467255000000003	0.0006301331687936089	0.0027736441223160453	0.03479314233696028	1.0871802196536202
2.94722	0.0006301331490650633	0.002763875675880777	0.06525718765474672	1.059571782342236
2.9477145	0.0006301331254894347	0.0027545860330182707	0.09465888654843044	1.0142621875833662
2.9482090000000003	0.0006301330995364435	0.0027456924562054494	0.12249384321790872	0.9516970144016706
2.9487035	0.0006301330733022964	0.0027371166419186055	0.1482767697006362	0.8727582602264409
2.9491980000000004	0.0006301330492688693	0.0027287895540092674	0.1715501763534221	0.778824280567287
2.9496925000000003	0.0006301330297624151	0.002720653149979716	0.19189444126604557	0.6718728745606388
2.950187	0.000630133016346903	0.002712660406799346	0.20894008251086588	0.5547507905079763
2.9506815000000004	0.0006301330092792848	0.002704774879694918	0.2223785095770567	0.4317787507600781
2.9511760000000002	0.0006301330074654006	0.002696969557671679	0.2319676086190058	0.31107779315673095
2.9516705	0.000630133008600448	0.0026892241524081872	0.23753319617334037	0.24608457284711968
2.9521650000000004	0.0006301330094005362	0.002681520418231162	0.23897190018489134	0.25066516808501826
2.9526595	0.0006301330063286522	0.0026738363427211286	0.2362557982982146	0.273411185969563
2.953154	0.0006301329966611694	0.00266614028077616	0.22943606595828067	0.39177640174223566
2.9536485000000003	0.0006301329796324963	0.0026583852440149776	0.2186401317789325	0.5183777001575756
2.954143	0.0006301329574199769	0.0026505038560024003	0.20406724374456492	0.6416694282981884
2.9546375	0.0006301329355357078	0.0026424055909997917	0.18598052377582877	0.7561290708309597
2.9551320000000003	0.0006301329219817114	0.002633978401374958	0.164695618221415	0.8585842584047815
2.9556265	0.0006301329256691656	0.0026250954081424756	0.14057241408625887	0.9471134948588598
2.9561210000000004	0.0006301329544836757	0.002615623933329872	0.11401268335062324	1.0203658877535207
2.9566155000000003	0.0006301330134084955	0.002605432836014544	0.08545815143055788	1.077212928354097
2.95711	0.000630133102491807	0.002594395973767729	0.05538734340524183	1.116576059829107
2.9576045000000004	0.0006301332164686008	0.002582392419032348	0.024309951439433212	1.1374055489926818
2.9580990000000003	0.0006301333455324233	0.002569306116962671	-0.007239192660996095	1.1389718612625557
2.9585935	0.0006301334764361185	0.00255502719987974	-0.03871307583923886	1.121141797870566
2.9590880000000004	0.0006301335941291623	0.002539454867863629	-0.06956464671732332	1.084282109032087
2.9595825000000002	0.0006301336849266883	0.0025225002995383347	-0.09925681035652514	1.0291400878733754
2.960077	0.0006301337393781719	0.0025040889234344403	-0.12727137402500444	0.9568480389283783
2.9605715000000004	0.0006301337540378952	0.0024841624473116225	-0.15311751856097636	0.8689409015716711
2.961066	0.0006301337315280054	0.0024626809105404825	-0.17633950502747556	0.7675080239054587
2.9615605	0.0006301336797510954	0.00243962433438061	-0.19652817023243807	0.6554889436628016
2.9620550000000003	0.0006301336099132091	0.0024149934359997136	-0.2133341936316242	0.5370050733471524
2.9625495	0.0006301335343066499	0.0023888098433438695	-0.2264741394729401	0.41836096135832723
2.9630440000000005	0.0006301334639750685	0.002361116421879625	-0.23573149594568102	0.3113623521233344
2.9635385000000003	0.0006301334068944299	0.002331976634972302	-0.24095518043656516	0.24200886996165255
2.964033	0.0006301333667827896	0.002301470587523467	-0.24205898762143915	0.24818988446497553
2.9645275000000004	0.000630133343022269	0.0022696865943705653	-0.23901932849486401	0.3251031748690026
2.9650220000000003	0.0006301333316543415	0.002236710008505062	-0.23187748110804995	0.4345334092460556
2.9655165	0.0006301333269829979	0.0022026132690776143	-0.22074317485362452	0.5541370485548509
2.9660110000000004	0.0006301333232899176	0.00216745079758943	-0.2057979663751101	0.6739239510278283
2.9665055000000002	0.0006301333159798176	0.002131259615114675	-0.1872929463507359	0.7883504425580724
2.967	0.0006301333024268151	0.0020940633956473796	-0.16554448333344937	0.8936071007892308
2.9674945000000004	0.0006301332820329987	0.0020558768585335094	-0.14092856147280286	0.9868772143640323
2.967989	0.0006301332560548943	0.0020167091212216935	-0.11387346683113929	1.0661198781536447
2.9684835	0.0006301332267149294	0.0019765667370627224	-0.08485117476062888	1.1297459831013765
2.9689780000000003	0.0006301331966751939	0.001935456869178945	-0.0543705226999045	1.1764634514192156
2.9694725	0.0006301331679724547	0.0018933900943159732	-0.02297155157301773	1.2053951337321025
2.969967	0.0006301331416904235	0.0018503829544917923	0.008786512447933627	1.2162571241588962
2.9704615000000003	0.0006301331175775039	0.0018064604307121814	0.04034113022216491	1.2093641006552176
2.970956	0.0006301330947265521	0.0017616581355700935	0.07114053276640182	1.1855419744715983
2.9714505000000004	0.0006301330718625586	0.0017160239267450688	0.10065538023205724	1.145969318953176
2.9719450000000003	0.0006301330481187578	0.0016696179418528119	0.128386028236398	1.0922482012883554
2.9724395	0.0006301330230163102	0.0016225107912510766	0.15386531184253616	1.02669773224831
2.9729340000000004	0.0006301329969009336	0.001574782403938231	0.1766617536148327	0.9524421684554041
2.9734285000000003	0.0006301329706123425	0.0015265241449754642	0.19638675292201951	0.8732759522518093
2.973923	0.0006301329452847793	0.0014778436968769302	0.21270179486584417	0.7934658238645276
2.9744175000000004	0.0006301329218656953	0.001428869694984018	0.22532536164389735	0.7178075949822456
2.9749120000000002	0.0006301329011505323	0.0013797526678775544	0.23404021333497063	0.6520365605923499
2.9754065	0.000630132883576249	0.0013306603277858618	0.2386993783093917	0.603224069593235
2.9759010000000004	0.0006301328692815968	0.0012817683211479437	0.23922622288106932	0.5789127700321018
2.9763955	0.0006301328582939405	0.0012332500594671	0.23561352474656277	0.5840187101644102
2.97689	0.0006301328506367367	0.001185268342433623	0.22792620774184041	0.617658802577391
2.9773845000000003	0.0006301328463813428	0.001137969000094906	0.21630151199085373	0.6735096008806387
2.977879	0.0006301328454991485	0.0010914762962735414	0.2009481217149357	0.7430107225321197
2.9783735000000005	0.0006301328477564844	0.0010458904364923274	0.18214531079363008	0.8179081267076198
2.9788680000000003	0.00063013285232377	0.001001287174565022	0.1602371657553466	0.8914165070019113
2.9793625	0.0006301328579506639	0.0009577186496154005	0.135621192492416	0.9585115121275217
2.9798570000000004	0.0006301328626198993	0.0009152147749069427	0.10873431124357065	1.0156425121795403
2.9803515000000003	0.0006301328638390923	0.0008737855352014953	0.08004383189908365	1.0602000256136628
2.980846	0.0006301328589315645	0.0008334249312381299	0.05004274136625989	1.0901489177392698
2.9813405000000004	0.0006301328460159178	0.0007941167561465142	0.019245111243823453	1.103880330982805
2.9818350000000002	0.0006301328241000006	0.0007558407233665178	-0.011820244363957089	1.1002525056229824
2.9823295	0.0006301327938764427	0.0007185758314668178	-0.0426179380708709	1.078719784467936
2.9828240000000004	0.0006301327578595707	0.0006822993102949745	-0.07261537875816994	1.0393579643137552
2.9833185	0.000630132720488233	0.0006469829615228729	-0.10129401385697911	0.9827422542076761
2.983813	0.0006301326870734903	0.000612590355062781	-0.12815863910145261	0.9097406630593702
2.9843075000000003	0.0006301326631442192	0.0005790775580643132	-0.1527439802568319	0.8214151873541989
2.984802	0.0006301326529507477	0.0005463976271115076	-0.17462168778097245	0.7190628226506918
2.9852965	0.0006301326582714968	0.0005145063614616941	-0.19340669404978533	0.6042980335753674
2.9857910000000003	0.0006301326773841267	0.00048336657961425535	-0.20876410204304702	0.47920394403265526
2.9862855	0.0006301327054086482	0.0004529498267837675	-0.22041838129096833	0.34673473673920585
2.9867800000000004	0.0006301327350574575	0.00042323568851223024	-0.22816471926323337	0.29935404332799
2.9872745000000003	0.0006301327580875811	0.0003942089699143249	-0.23187334494430106	0.3067624222626295
2.987769	0.0006301327670519291	0.00036585475826098854	-0.23149064800402058	0.315210124985142
2.9882635000000004	0.0006301327571198596	0.0003381523350953206	-0.22703660969705686	0.3241488540295774
2.9887580000000002	0.0006301327275609646	0.00031106976711703794	-0.2186000862810309	0.38972079053375636
2.9892525	0.0006301326821453553	0.00028455989963445275	-0.20633261682534415	0.5211227772555335
2.9897470000000004	0.0006301326286459337	0.0002585568309690464	-0.19044971843918113	0.6447662056678709
2.9902415	0.0006301325771301731	0.0002329721950257217	-0.1712315689233056	0.7576711733415189
2.990736	0.0006301325379294914	0.00020769191431169675	-0.14901911461605824	0.8572310858405012
2.9912305000000003	0.0006301325196506415	0.0001825755968700584	-0.12420513230156267	0.941231655814396
2.991725	0.0006301325276943546	0.00015746074470942398	-0.09722720430341213	1.0079711370835882
2.9922195	0.000630132562766715	0.0001321714983025333	-0.06856004943116807	1.0564022521615926
2.9927140000000003	0.0006301326208069043	0.0001065287856950568	-0.038706223551066184	1.0859664251931251
2.9932085	0.0006301326938308276	8.03582402191456e-5	-0.008190070876506628	1.096352220307607
2.9937030000000004	0.0006301327719130374	5.3494248280789645e-5	0.02244793854830196	1.0873811255037404
2.9941975000000003	0.0006301328448917749	2.5780989664989926e-5	0.05265897412937094	1.0591178075021659
2.994692	0.0006301329043444897	-2.9271772893352063e-6	0.08189728424072006	1.0120983261153762
2.9951865000000004	0.0006301329447950141	-3.276465744994257e-5	0.10963364236034097	0.9474603290593698
2.9956810000000003	0.0006301329645199273	-6.385296979102027e-5	0.13537016474789243	0.8669868339484474
2.9961755	0.0006301329652158244	-9.629813502351035e-5	0.15865160858949154	0.7731747867355935
2.9966700000000004	0.0006301329515133671	-0.00013018658310119143	0.1790733813026427	0.6693413123412905
2.9971645000000002	0.0006301329294677116	-0.00016558055757412573	0.19628408365520697	0.5599646590037464
2.997659	0.0006301329051772776	-0.00020251463631353547	0.2099872461869417	0.45193833348834184
2.9981535000000004	0.0006301328833601191	-0.00024099454416085222	0.2199462439805356	0.3577722313944583
2.998648	0.0006301328669651001	-0.0002809983184224157	0.22598976386519043	0.30080335510837164
2.9991425	0.0006301328570693622	-0.00032247819385665817	0.2280167294331138	0.30752189235029453
2.9996370000000003	0.0006301328532604322	-0.00036536215279955235	0.22599905739769913	0.3739992094993913
3.0001315	0.000630132854191283	-0.0004095562433199987	0.2199790468202007	0.47198079246351216
