time_s,airspeed_mps,tip_bending_m,tip_twist_deg
0.0,60.0,0.0,0.0
0.00041208333333333337,60.0,1.912903675532577e-7,5.3264605847700686e-5
0.0008241666666666667,60.0,8.924418819900582e-7,0.00039712992482622024
0.0012362500000000002,60.0,2.208697736936473e-6,0.001564225882853923
0.0016483333333333335,60.0,4.1630807364957154e-6,0.00412215732912882
0.002060416666666667,60.0,6.824936028038857e-6,0.008539998236344324
0.0024725000000000003,60.0,1.0253538969881276e-5,0.01524416742674337
0.0028845833333333336,60.0,1.4521803551063913e-5,0.024635240032959145
0.003296666666666667,60.0,1.9749434787241675e-5,0.037103363182483126
0.0037087500000000002,60.0,2.613827910158589e-5,0.05293519481132849
0.004120833333333334,60.0,3.3812443606379306e-5,0.07220096383142562
0.004532916666666667,60.0,4.2519286102877565e-5,0.09453015077576109
0.004945000000000001,60.0,5.175351670347945e-5,0.1191671348226194
0.0053570833333333335,60.0,6.132661128630248e-5,0.14514247794363017
0.005769166666666667,60.0,7.143439226713081e-5,0.17163265949992784
0.00618125,60.0,8.226353613309409e-5,0.19820489047868659
0.006593333333333334,60.0,9.398118846067313e-5,0.22442069905025994
0.007005416666666668,60.0,0.00010681938844157289,0.24978490081661747
0.0074175000000000005,60.0,0.00012097248260983806,0.27404461217990733
0.007829583333333334,60.0,0.0001366718595928658,0.29716393091958865
0.008241666666666668,60.0,0.00015426654651636294,0.3193432246705687
0.00865375,60.0,0.00017413622864859913,0.34102886849190706
0.009065833333333334,60.0,0.00019657142669940908,0.36268712083770654
0.009477916666666667,60.0,0.00022170983095242633,0.3845853494647355
0.009890000000000001,60.0,0.00024961448246047814,0.40664516295632663
0.010302083333333335,60.0,0.00028036481121879777,0.4286168497889678
0.010714166666666667,60.0,0.00031409303750500175,0.45027358104975607
0.01112625,60.0,0.0003510183170873765,0.47135783026430056
0.011538333333333334,60.0,0.00039135141361623145,0.4913583932274569
0.011950416666666668,60.0,0.0004350901504810987,0.5094475611592518
0.0123625,60.0,0.00048203566617984156,0.5248302297683912
0.012774583333333334,60.0,0.0005321700087492808,0.5369798077175297
0.013186666666666668,60.0,0.0005859009862384425,0.545640469764594
0.013598750000000001,60.0,0.0006437371885725126,0.5508462825864916
0.014010833333333335,60.0,0.0007059406905726285,0.5529123805758699
0.014422916666666667,60.0,0.0007726478053766843,0.5521474660331892
0.014835000000000001,60.0,0.0008439809771829122,0.5487792552896341
0.015247083333333335,60.0,0.0009199277479981875,0.5431998895735396
0.01565916666666667,60.0,0.0010004316745337012,0.5360008657780267
0.016071250000000002,60.0,0.0010855391051389162,0.527719942732708
0.016483333333333336,60.0,0.00117519970827368,0.5186507266026061
0.01689541666666667,60.0,0.0012691987919456527,0.5087645480164422
0.0173075,60.0,0.0013673501463892933,0.49778560039149383
0.017719583333333334,60.0,0.0014695368930915643,0.4854711226258556
0.018131666666666667,60.0,0.0015757533088682006,0.47154357182114737
0.01854375,60.0,0.0016861451777334827,0.4557705545718753
0.018955833333333335,60.0,0.0018008872515488249,0.43806235507998864
0.01936791666666667,60.0,0.001920039932719574,0.4182193033189183
0.019780000000000002,60.0,0.0020434825835341543,0.3961010082196391
0.020192083333333336,60.0,0.002171124813926029,0.3719555753684539
0.02060416666666667,60.0,0.0023032034247993504,0.34645592021591415
0.02101625,60.0,0.0024400925213945352,0.32036464561434186
0.021428333333333334,60.0,0.002581887684647333,0.2943345718863662
0.021840416666666668,60.0,0.002728386665774275,0.2688424670115042
0.0222525,60.0,0.002879354727920287,0.24431103569244883
0.022664583333333335,60.0,0.0030345834966545504,0.221122518124616
0.02307666666666667,60.0,0.003193795121679404,0.1995629077215499
0.023488750000000003,60.0,0.0033567831557265193,0.17981458080903878
0.023900833333333336,60.0,0.0035234803405920227,0.16182827677021305
0.02431291666666667,60.0,0.0036937255661725087,0.1453434942361862
0.024725,60.0,0.00386727525762186,0.12990078309038777
0.025137083333333334,60.0,0.00404403164583462,0.11519057972068215
0.025549166666666668,60.0,0.004223997431026958,0.10121332025059088
0.02596125,60.0,0.0044071598586134806,0.08806895719630693
0.026373333333333335,60.0,0.0045935054935347585,0.07580613088930167
0.02678541666666667,60.0,0.004782878993848182,0.06455595516387441
0.027197500000000003,60.0,0.0049748611704143655,0.0546203457539931
0.027609583333333337,60.0,0.00516899267532964,0.04641786140378777
0.02802166666666667,60.0,0.005365016144341976,0.04049394436258729
0.02843375,60.0,0.005562838282901935,0.03735859879050871
0.028845833333333334,60.0,0.005762263723057173,0.03722328005040365
0.029257916666666668,60.0,0.005962800630905508,0.039967868060307735
0.029670000000000002,60.0,0.006163918535570699,0.04532095065111077
0.030082083333333336,60.0,0.0063653165655561655,0.052981641855423436
0.03049416666666667,60.0,0.006566777255319654,0.06280550079600887
0.030906250000000003,60.0,0.0067681293515778895,0.07443295223816329
0.03131833333333334,60.0,0.006969366147573122,0.08727600156518771
0.03173041666666667,60.0,0.007170526746714413,0.10084696600705235
0.032142500000000004,60.0,0.00737152974690168,0.11474274253400074
0.03255458333333334,60.0,0.007572263357912229,0.1287643745240861
0.03296666666666667,60.0,0.007772738849063421,0.14292032835967544
0.033378750000000006,60.0,0.007972966405714004,0.15739720517993486
0.03379083333333334,60.0,0.0081728276068604,0.17238452284645936
0.034202916666666666,60.0,0.00837214575128453,0.1879379854041052
0.034615,60.0,0.008570619109488527,0.20406674047086293
0.035027083333333334,60.0,0.008767846014275316,0.22092627105678375
0.03543916666666667,60.0,0.008963660200517034,0.23866022917309787
0.03585125,60.0,0.009158183346868692,0.25716200383909776
0.036263333333333335,60.0,0.009351502754328828,0.2759917009205257
0.03667541666666667,60.0,0.009543511923688386,0.2945344228355562
0.0370875,60.0,0.009734039165977247,0.3122708912236098
0.037499583333333336,60.0,0.009923049331773272,0.3287476074227375
0.03791166666666667,60.0,0.010110666465772716,0.34366754831427104
0.038323750000000004,60.0,0.010297001825854208,0.3568190522911571
0.03873583333333334,60.0,0.010482125195635633,0.36797178273117687
0.03914791666666667,60.0,0.010666153489881794,0.37688105619683765
0.039560000000000005,60.0,0.010849095408800503,0.38350733714952784
0.03997208333333334,60.0,0.011030774477315824,0.38817931772182196
0.04038416666666667,60.0,0.011211089918887867,0.3912595270616188
0.040796250000000006,60.0,0.011390050690970915,0.39305540331131206
0.04120833333333334,60.0,0.011567596329851751,0.39371992384637183
0.04162041666666667,60.0,0.011743639860317016,0.3932871533101973
0.0420325,60.0,0.011918129373625129,0.3917574551682122
0.042444583333333334,60.0,0.012091030134530311,0.3890490264783738
0.04285666666666667,60.0,0.012262443997478972,0.3850450024393862
0.04326875,60.0,0.012432765838881126,0.3796297977742791
0.043680833333333335,60.0,0.0126025023115753,0.3724749870801298
0.04409291666666667,60.0,0.012771895968893809,0.36314352591176097
0.044505,60.0,0.01294100137201275,0.3514938759630043
0.04491708333333334,60.0,0.013109987770326788,0.33768793235439354
0.04532916666666667,60.0,0.013279103629838694,0.3220906659647249
0.045741250000000004,60.0,0.013448562360708538,0.30500904520871297
0.04615333333333334,60.0,0.013618521605496144,0.28669273334695516
0.04656541666666667,60.0,0.013789105830231315,0.2674679509655465
0.046977500000000005,60.0,0.013960431172323878,0.24776909226409874
0.04738958333333334,60.0,0.014132511348535966,0.22806685986381142
0.04780166666666667,60.0,0.014305314341297743,0.20879722047120933
0.04821375000000001,60.0,0.014478986279654308,0.19025832052719924
0.04862583333333334,60.0,0.0146537668528767,0.1724565471104255
0.04903791666666667,60.0,0.014829780510507026,0.15523650147694
0.04945,60.0,0.01500713578397028,0.13845659185435816
0.049862083333333335,60.0,0.015186001833212448,0.12212565960670198
0.05027416666666667,60.0,0.015366522868564297,0.10623467368633815
0.05068625,60.0,0.015548922273908937,0.09072018459368278
0.051098333333333336,60.0,0.01573351749314086,0.07554744470062098
0.05151041666666667,60.0,0.01592038806746479,0.06081338870602451
0.0519225,60.0,0.016109285694922156,0.04675879180158859
0.05233458333333334,60.0,0.016299956936121636,0.03381416005901112
0.05274666666666667,60.0,0.016492318971160484,0.022530687838557967
0.053158750000000005,60.0,0.016686321177119812,0.013300498177864653
0.05357083333333334,60.0,0.016881846292336883,0.006302601997103286
0.05398291666666667,60.0,0.01707882890602481,0.0015462830711700478
0.054395000000000006,60.0,0.017277271933975286,-0.0008912660003253568
0.05480708333333334,60.0,0.01747712371549958,-0.0008380302794418679
0.05521916666666667,60.0,0.01767831949951172,0.001665739308627663
0.05563125000000001,60.0,0.01788088055564653,0.006290768678536473
0.05604333333333334,60.0,0.018084936675904256,0.012683392628034498
0.056455416666666675,60.0,0.01829060218396496,0.02048181436876204
0.0568675,60.0,0.018497819451119016,0.029415144304741035
0.057279583333333335,60.0,0.018706488524806435,0.039418798257843224
0.05769166666666667,60.0,0.01891656252177143,0.05050064640417174
0.05810375,60.0,0.0191279480651249,0.0627312088256743
0.058515833333333336,60.0,0.019340575339356826,0.0761115097025844
0.05892791666666667,60.0,0.019554345421858025,0.09065327609161629
0.059340000000000004,60.0,0.019768892745209973,0.10651963641150786
0.05975208333333334,60.0,0.0199837636416343,0.12392503447574242
0.06016416666666667,60.0,0.02019876303207767,0.14293715622759692
0.060576250000000005,60.0,0.020413862167370532,0.1633253494353073
0.06098833333333334,60.0,0.020628973199434946,0.18473751176587286
0.06140041666666667,60.0,0.020844013352465895,0.20675302515375954
0.061812500000000006,60.0,0.021058965591109584,0.22894259838977155
0.06222458333333334,60.0,0.021273747942945113,0.2510011925395917
0.06263666666666667,60.0,0.02148815943171779,0.2726679619158111
0.06304875,60.0,0.021701994205372162,0.293581782230588
0.06346083333333334,60.0,0.021915127945734535,0.3133197597194118
0.06387291666666667,60.0,0.022127417858267166,0.3316493694903717
0.06428500000000001,60.0,0.02233858899491797,0.34865016358633516
0.06469708333333334,60.0,0.022548292948533038,0.36450871711685295
0.06510916666666668,60.0,0.02275622395522881,0.3793765087874396
0.06552125,60.0,0.022962172625278554,0.39331118043899127
0.06593333333333334,60.0,0.023165999292371637,0.40626988650476054
0.06634541666666667,60.0,0.02336758293205791,0.4182274164012803
0.06675750000000001,60.0,0.023566769203173746,0.429057675742292
0.06716958333333334,60.0,0.023763323705361196,0.43859270379998255
0.06758166666666668,60.0,0.023957135640472676,0.4467121898854201
0.06799375,60.0,0.024148405464864728,0.45306826422616386
0.06840583333333333,60.0,0.0243373319738105,0.45720745170521826
0.06881791666666667,60.0,0.024523941550968743,0.45888694110420114
0.06923,60.0,0.024708310190372226,0.4580802852310009
0.06964208333333334,60.0,0.024890496125017775,0.4549305233898435
0.07005416666666667,60.0,0.025070371417663766,0.44961594480768585
0.07046625000000001,60.0,0.025247770926766507,0.44227569283321166
0.07087833333333333,60.0,0.02542265984320131,0.43309194600770934
0.07129041666666668,60.0,0.025595075440453263,0.4223012171317099
0.0717025,60.0,0.02576499119576487,0.41024156318855426
0.07211458333333334,60.0,0.025932322633797338,0.39721460882044124
0.07252666666666667,60.0,0.02609704824940871,0.38343662843404785
0.07293875000000001,60.0,0.02625926657990315,0.3688838343315524
0.07335083333333334,60.0,0.026419155174418507,0.3533383566888539
0.07376291666666668,60.0,0.026576900447176328,0.33668220248165537
0.074175,60.0,0.026732629997727856,0.31893702619286646
0.07458708333333335,60.0,0.026886366987264924,0.30014322341314753
0.07499916666666667,60.0,0.027038124562407385,0.2803236606810605
0.07541125,60.0,0.02718806864021366,0.25960751662236004
0.07582333333333334,60.0,0.027336437785739204,0.238192127688582
0.07623541666666667,60.0,0.02748330432027311,0.2163589550535343
0.07664750000000001,60.0,0.02762858644235761,0.1945456195570832
0.07705958333333333,60.0,0.02777226047063296,0.17327183319264233
0.07747166666666667,60.0,0.02791429269730469,0.15292806663101532
0.07788375,60.0,0.028054519629000386,0.1337333107293713
0.07829583333333334,60.0,0.02819293687814495,0.11573842799195747
0.07870791666666667,60.0,0.02832979402335083,0.09898537525648306
0.07912000000000001,60.0,0.02846529190417833,0.08364082916092039
0.07953208333333334,60.0,0.028599543401844018,0.06974184721268929
0.07994416666666668,60.0,0.028732705373315213,0.057155242671546265
0.08035625,60.0,0.028864994070120997,0.04577873099321231
0.08076833333333334,60.0,0.028996684185572892,0.03554028816438623
0.08118041666666667,60.0,0.029128018062956826,0.026442144850781727
0.08159250000000001,60.0,0.029259117549202133,0.018716721560871293
0.08200458333333334,60.0,0.029389990577583052,0.01268056179008105
0.08241666666666668,60.0,0.029520582622957706,0.008623373177245163
0.08282875,60.0,0.029650918403991082,0.00671355245777865
0.08324083333333333,60.0,0.029781131461847514,0.007058350378430176
0.08365291666666667,60.0,0.029911292503756157,0.009797188001298238
0.084065,60.0,0.030041323489437683,0.015026867067580078
0.08447708333333334,60.0,0.030171139580628514,0.022732743211869893
0.08488916666666667,60.0,0.030300746147672426,0.03267441140963343
0.08530125000000001,60.0,0.03043012406524116,0.04454462099644597
0.08571333333333334,60.0,0.030559258040117623,0.058032552437684175
0.08612541666666668,60.0,0.030688328828781346,0.07283869946947903
0.0865375,60.0,0.03081758196212202,0.08878787019188569
0.08694958333333334,60.0,0.030947028915129977,0.10585133327014386
0.08736166666666667,60.0,0.031076539373908668,0.12394168091306114
0.08777375000000001,60.0,0.031206070778090206,0.14288523047480606
0.08818583333333334,60.0,0.031335582121999765,0.16264373224166775
0.08859791666666668,60.0,0.03146495226641255,0.18331407272872977
0.08901,60.0,0.031594028767627395,0.20497763247895825
0.08942208333333335,60.0,0.031722554237586395,0.2276123730602244
0.08983416666666667,60.0,0.031850233035655644,0.2510716788722189
0.09024625000000001,60.0,0.03197692850285144,0.2750292259654538
0.09065833333333334,60.0,0.03210264693118194,0.299147279589891
0.09107041666666667,60.0,0.03222743469742151,0.3230640157546775
0.09148250000000001,60.0,0.032351270799486076,0.3464283079963047
0.09189458333333334,60.0,0.03247406602844526,0.36904724375310755
0.09230666666666668,60.0,0.03259581473764434,0.390609852949245
0.09271875,60.0,0.03271655280035114,0.4108204524062253
0.09313083333333334,60.0,0.032836258629317085,0.42955736460158417
0.09354291666666667,60.0,0.03295497933969388,0.4468804468033353
0.09395500000000001,60.0,0.0330728424590685,0.4628997331741921
0.09436708333333334,60.0,0.03318981426953622,0.47767328932516046
0.09477916666666668,60.0,0.03330562218211608,0.49121777662774757
0.09519125,60.0,0.03342002202557251,0.5034776512117802
0.09560333333333335,60.0,0.03353294609520279,0.5143405489002439
0.09601541666666667,60.0,0.03364431161053101,0.5237015119792205
0.09642750000000001,60.0,0.03375397462255506,0.5314681883723545
0.09683958333333334,60.0,0.0338618397108453,0.5374635513440478
0.09725166666666668,60.0,0.03396781325039557,0.5414596103511634
0.09766375000000001,60.0,0.03407185419536384,0.5431684905934617
0.09807583333333333,60.0,0.03417411007132779,0.5424899778692482
0.09848791666666667,60.0,0.03427477520094144,0.539521803696078
0.0989,60.0,0.034373877399060254,0.5344270720193074
0.09931208333333334,60.0,0.0344713339777914,0.5273850936018586
0.09972416666666667,60.0,0.034567057546963716,0.5185992338665968
0.10013625000000001,60.0,0.03466095879302147,0.5083045420981349
0.10054833333333334,60.0,0.034752947238244215,0.4966218882095373
0.10096041666666668,60.0,0.03484292556977872,0.4837454327989031
0.1013725,60.0,0.03493085865112283,0.46986599713592186
0.10178458333333334,60.0,0.035016734752318,0.45502281427763025
0.10219666666666667,60.0,0.03510036257070062,0.43915011821133443
0.10260875000000001,60.0,0.03518152556283163,0.4221545732212912
0.10302083333333334,60.0,0.03526028179203435,0.40401537737539117
0.10343291666666668,60.0,0.0353368269886188,0.38489538355561054
0.103845,60.0,0.03541127997397728,0.36494907429436985
0.10425708333333335,60.0,0.035483731516081016,0.3443133727694228
0.10466916666666667,60.0,0.03555431849914827,0.3232452802460862
0.10508125000000001,60.0,0.03562318550314934,0.3020044246739743
0.10549333333333334,60.0,0.03569048814782112,0.28092230287826037
0.10590541666666667,60.0,0.03575643738516645,0.26035054161145027
0.10631750000000001,60.0,0.03582112734198062,0.24063763473811886
0.10672958333333334,60.0,0.03588442303379572,0.22199367446922244
0.10714166666666668,60.0,0.03594618628321601,0.20445562873648274
0.10755375,60.0,0.03600637773774215,0.18799935091072284
0.10796583333333334,60.0,0.03606496688688854,0.17264544521473266
0.10837791666666667,60.0,0.03612197472876911,0.15843698505796505
0.10879000000000001,60.0,0.036177516759589544,0.14539271234975693
0.10920208333333334,60.0,0.036231727343024246,0.13355935936979066
0.10961416666666668,60.0,0.03628466513755989,0.12297869954127011
0.11002625,60.0,0.036336307284793416,0.11378267553164415
0.11043833333333335,60.0,0.036386721394066485,0.10613910450171762
0.11085041666666667,60.0,0.03643615792265391,0.1002934470415755
0.11126250000000001,60.0,0.036484797638357144,0.09652049500099662
0.11167458333333334,60.0,0.036532590541826455,0.09492618661089847
0.11208666666666668,60.0,0.03657946789656912,0.09548496648872803
0.11249875000000001,60.0,0.03662540639148434,0.0981467931338386
0.11291083333333335,60.0,0.03667032407062334,0.10292919198930053
0.11332291666666668,60.0,0.03671417166573281,0.10971041322091697
0.113735,60.0,0.036756910233117286,0.11829919388938234
0.11414708333333334,60.0,0.03679837313404158,0.12847838301054637
0.11455916666666667,60.0,0.03683837552558588,0.14001705955918115
0.11497125000000001,60.0,0.03687689827248326,0.15278069123557203
0.11538333333333334,60.0,0.03691406470665097,0.16668235651135263
0.11579541666666668,60.0,0.036950003565236346,0.18173484589421393
0.1162075,60.0,0.03698487647243539,0.19803435115886947
0.11661958333333335,60.0,0.0370188984767054,0.21555770845719976
0.11703166666666667,60.0,0.03705214798911168,0.2341824392894767
0.11744375000000001,60.0,0.037084550149977996,0.2538548042372062
0.11785583333333334,60.0,0.03711606779942242,0.27447245915781565
0.11826791666666668,60.0,0.0371467567068527,0.29589353835693843
0.11868000000000001,60.0,0.03717667405295452,0.31787011038909324
0.11909208333333335,60.0,0.037205723876924876,0.34006730179754324
0.11950416666666668,60.0,0.037233691173431276,0.3621718118096993
0.11991625000000002,60.0,0.037260478013956384,0.3838731785428388
0.12032833333333334,60.0,0.03728608974597546,0.40497554578688477
0.12074041666666667,60.0,0.037310508741231055,0.4253795281413526
0.12115250000000001,60.0,0.03733376541087171,0.4450027017027731
0.12156458333333334,60.0,0.03735590624016935,0.463716410125826
0.12197666666666668,60.0,0.03737687769197063,0.4814352042822575
0.12238875,60.0,0.03739668264163143,0.49817485288849583
0.12280083333333335,60.0,0.03741548739129366,0.5139931713787637
0.12321291666666667,60.0,0.03743340952661276,0.5288364672989807
0.12362500000000001,60.0,0.037450453823069864,0.5425694939205908
0.12403708333333334,60.0,0.037466628378988925,0.5550038874736385
0.12444916666666668,60.0,0.03748186430486919,0.5659250860445785
0.12486125000000001,60.0,0.03749593173089046,0.575088546166222
0.12527333333333335,60.0,0.03750859529853397,0.582340347793654
0.1256854166666667,60.0,0.037519797539755526,0.5876572724200902
0.1260975,60.0,0.03752959678086441,0.5909575622347724
0.12650958333333334,60.0,0.03753796888825825,0.5922270850163169
0.12692166666666668,60.0,0.037544832209003606,0.5914729891862459
0.12733375000000002,60.0,0.037550202460484905,0.5888180529057386
0.12774583333333334,60.0,0.037554220739583886,0.584522626388878
0.12815791666666668,60.0,0.03755707455209285,0.5787384605694933
0.12857000000000002,60.0,0.03755888904351616,0.5715555399076081
0.12898208333333333,60.0,0.037559756463599624,0.5630518106650555
0.12939416666666667,60.0,0.037559749047459276,0.5532187876201512
0.12980625,60.0,0.03755884749095918,0.5420640390773829
0.13021833333333335,60.0,0.03755708763015185,0.5296552615013561
0.13063041666666667,60.0,0.03755459478650948,0.5160250020415265
0.1310425,60.0,0.037551361353152665,0.5011666215548796
0.13145458333333335,60.0,0.037547302541723025,0.4850834908426447
0.1318666666666667,60.0,0.03754240732631734,0.46788539528676476
0.13227875,60.0,0.03753660869197483,0.44981715676403344
0.13269083333333334,60.0,0.03752978332022637,0.43118470401975345
0.13310291666666668,60.0,0.037521988023270746,0.41226855884264435
0.13351500000000002,60.0,0.03751345643966484,0.393311087022301
0.13392708333333334,60.0,0.03750435578386307,0.37454412034817747
0.13433916666666668,60.0,0.03749471546619947,0.3561235232734729
0.13475125000000002,60.0,0.037484556665603526,0.33816445646245474
0.13516333333333336,60.0,0.03747397277522914,0.32081528028156814
0.13557541666666667,60.0,0.037463060532961896,0.30419949100962823
0.1359875,60.0,0.037451813939847825,0.2883201626926916
0.13639958333333335,60.0,0.03744015091887995,0.27310650103136985
0.13681166666666666,60.0,0.037427968720166654,0.25860377842999566
0.13722375,60.0,0.03741514486861557,0.24498634524853394
0.13763583333333335,60.0,0.037401588713537465,0.23241636866639512
0.1380479166666667,60.0,0.03738729381500062,0.22108019702707118
0.13846,60.0,0.037372295493743386,0.2111437845096235
0.13887208333333334,60.0,0.03735657203432758,0.20273516728311336
0.13928416666666668,60.0,0.03734009010224743,0.19604548752558654
0.13969625000000002,60.0,0.0373229055876004,0.1912125728319365
0.14010833333333333,60.0,0.037305037412160756,0.18831705556526218
0.14052041666666668,60.0,0.03728649069099283,0.18742039763664672
0.14093250000000002,60.0,0.03726747019622927,0.18838817950745854
0.14134458333333336,60.0,0.03724817446724705,0.191012351669502
0.14175666666666667,60.0,0.03722855483949718,0.19520909784245427
0.14216875,60.0,0.037208495635687136,0.20089521076192215
0.14258083333333335,60.0,0.03718795679296216,0.20799498475052866
0.1429929166666667,60.0,0.037166915472870786,0.2164783596228842
0.143405,60.0,0.037145301560994846,0.22628785468201912
0.14381708333333335,60.0,0.037123002512250015,0.2373913948482517
0.14422916666666669,60.0,0.03709991666839827,0.24974791097714302
0.14464125,60.0,0.037075982721149245,0.2633982305414831
0.14505333333333334,60.0,0.03705118098486894,0.27836575848191425
0.14546541666666668,60.0,0.03702555153358291,0.2945832938276676
0.14587750000000002,60.0,0.03699918270694921,0.31185566729407926
0.14628958333333333,60.0,0.036972118851862155,0.32990493805065535
0.14670166666666667,60.0,0.036944331312671254,0.3485348218087999
0.14711375000000002,60.0,0.03691579281822936,0.3675580634869811
0.14752583333333336,60.0,0.03688646943462685,0.3867347373986654
0.14793791666666667,60.0,0.03685628074227769,0.4058048113406935
0.14835,60.0,0.0368251961552615,0.4245824652208228
0.14876208333333335,60.0,0.03679327078082327,0.4429023296319134
0.1491741666666667,60.0,0.03676044221871958,0.4606512848176488
0.14958625,60.0,0.03672645638715608,0.4778319979311551
0.14999833333333334,60.0,0.03669115715881091,0.49449687925654917
0.15041041666666669,60.0,0.036654579588651856,0.5105572129873927
0.1508225,60.0,0.03661671090524753,0.5258985648141347
0.15123458333333334,60.0,0.03657751646779037,0.5403978445523739
0.15164666666666668,60.0,0.03653705193660264,0.5538821929080991
0.15205875000000002,60.0,0.03649538088042598,0.5662807161602245
0.15247083333333333,60.0,0.03645259075106349,0.5774228857512278
0.15288291666666667,60.0,0.036408813032620946,0.587103515023538
0.15329500000000001,60.0,0.03636417088891164,0.5951813730200115
0.15370708333333336,60.0,0.036318758931449084,0.601499844339408
0.15411916666666667,60.0,0.03627258821824268,0.6059750270847505
0.15453125,60.0,0.03622561484019058,0.6086873273573388
0.15494333333333335,60.0,0.03617782033952855,0.6097460588498193
0.1553554166666667,60.0,0.03612918611463622,0.6092037387570985
0.1557675,60.0,0.03607971733230342,0.6070896158869729
0.15617958333333334,60.0,0.03602951153747197,0.6034893960657447
0.15659166666666668,60.0,0.03597866896100623,0.5985176921684321
0.15700375000000003,60.0,0.03592714521962977,0.5922390874221255
0.15741583333333334,60.0,0.03587486905859588,0.5846939193392406
0.15782791666666668,60.0,0.03582196947447779,0.575827982574812
0.15824000000000002,60.0,0.035768659461903614,0.5656150499397882
0.15865208333333333,60.0,0.03571502358909865,0.5540268120100984
0.15906416666666667,60.0,0.03566111599482707,0.5410929400302616
0.15947625,60.0,0.03560706543690426,0.526948637691154
0.15988833333333335,60.0,0.035552945133056645,0.5117737489453442
0.16030041666666667,60.0,0.03549875800021677,0.49574250921233065
0.1607125,60.0,0.03544455435228195,0.47895372988297585
0.16112458333333335,60.0,0.03539035128139972,0.4616435574497164
0.1615366666666667,60.0,0.035336077988325096,0.4440870385742556
0.16194875,60.0,0.03528167618583849,0.42649155328333876
0.16236083333333334,60.0,0.03522710494776655,0.4090600323407883
0.16277291666666668,60.0,0.03517236654666801,0.3919288330349065
0.16318500000000002,60.0,0.03511755406737928,0.37513707170862737
0.16359708333333334,60.0,0.03506280169877588,0.35874203715339553
0.16400916666666668,60.0,0.03500827132055647,0.3428432543972115
0.16442125000000002,60.0,0.034954053533735235,0.32751118118318084
0.16483333333333336,60.0,0.03490011351993629,0.3128907639418089
0.16524541666666667,60.0,0.03484651146744871,0.2990367689843097
0.1656575,60.0,0.03479344332344701,0.2860305861001071
0.16606958333333335,60.0,0.034741007806841556,0.2740612026522789
0.16648166666666667,60.0,0.03468915976822586,0.2633427524293441
0.16689375,60.0,0.03463787148165176,0.25406130401160737
0.16730583333333335,60.0,0.03458715834453126,0.24635619378690396
0.1677179166666667,60.0,0.03453695420897889,0.24034915180116295
0.16813,60.0,0.034487173768513464,0.2360469407725264
0.16854208333333334,60.0,0.034437821860164856,0.2334273533101445
0.16895416666666668,60.0,0.034388873457343955,0.23248965725555587
0.16936625000000002,60.0,0.03434024468165635,0.23324558068581247
0.16977833333333334,60.0,0.034291922341552476,0.23560896765330244
0.17019041666666668,60.0,0.034243943205856435,0.23945138523741744
0.17060250000000002,60.0,0.03419634248122193,0.24465320854229064
0.17101458333333336,60.0,0.03414920210440693,0.25117296104649395
0.17142666666666667,60.0,0.03410259183438175,0.259021531731273
0.17183875,60.0,0.03405644549903312,0.2681776306550406
0.17225083333333335,60.0,0.034010596710125796,0.27862992332256936
0.1726629166666667,60.0,0.03396488773740133,0.2903438438870209
0.173075,60.0,0.03391925389947386,0.303277882621616
0.17348708333333335,60.0,0.03387368305947045,0.3172971071625992
0.1738991666666667,60.0,0.033828027712982385,0.332327323362478
0.17431125,60.0,0.03378208716781878,0.3482826493351364
0.17472333333333334,60.0,0.033735810076027994,0.36493752717462025
0.17513541666666668,60.0,0.033689161487433804,0.3820446875979604
0.17554750000000002,60.0,0.03364205473385225,0.39939273594857805
0.17595958333333334,60.0,0.033594498042738966,0.416777970349249
0.17637166666666668,60.0,0.03354655809972932,0.43407532046127634
0.17678375000000002,60.0,0.033498232307937865,0.4511685614039908
0.17719583333333336,60.0,0.03344948617981037,0.4679110872288175
0.17760791666666667,60.0,0.033400351990311966,0.48423510923107016
0.17802,60.0,0.033350879512788145,0.5000027431650379
0.17843208333333335,60.0,0.03330105948637821,0.5151478205915697
0.1788441666666667,60.0,0.03325088700478919,0.5296396576595876
0.17925625,60.0,0.03320030851270436,0.543412739359157
0.17966833333333335,60.0,0.03314913033625041,0.5563449183099336
0.1800804166666667,60.0,0.033097189614254424,0.5682301837835236
0.18049250000000003,60.0,0.03304448344549618,0.5789346338017645
0.18090458333333334,60.0,0.03299108055059313,0.588329709246897
0.18131666666666668,60.0,0.03293701122608044,0.5962852497591927
0.18172875000000002,60.0,0.03288224369498513,0.6026992995111885
0.18214083333333334,60.0,0.03282679124218196,0.6075026465036829
0.18255291666666668,60.0,0.03277076971331934,0.6106504991723252
0.18296500000000002,60.0,0.03271425756162447,0.6121252487907334
0.18337708333333336,60.0,0.03265725875878032,0.6119621974398812
0.18378916666666667,60.0,0.03259985041399968,0.610259787915821
0.18420125,60.0,0.032542100082106326,0.6071128038586922
0.18461333333333335,60.0,0.03248392516095056,0.602553107052953
0.1850254166666667,60.0,0.03242527214326652,0.5965867308079359
0.1854375,60.0,0.032366187325454675,0.5892354670499841
0.18584958333333335,60.0,0.032306673154207675,0.5805833517616373
0.1862616666666667,60.0,0.032246719992053086,0.5706405510089461
0.18667375000000003,60.0,0.03218634572271501,0.55945286502833
0.18708583333333334,60.0,0.03212552708234034,0.5470756434468195
0.18749791666666668,60.0,0.032064237689478775,0.533517462307264
0.18791000000000002,60.0,0.032002585624483444,0.5188895198465515
0.18832208333333336,60.0,0.03194082821893881,0.5033278968501108
0.18873416666666668,60.0,0.03187916737117717,0.48702979621413645
0.18914625000000002,60.0,0.03181767499643044,0.4702018002188857
0.18955833333333336,60.0,0.03175643189820651,0.45299011234903563
0.18997041666666667,60.0,0.03169555256166444,0.4355605396210435
0.1903825,60.0,0.031635129250314455,0.41812117367957896
0.19079458333333335,60.0,0.03157519447085471,0.40083178297453576
0.1912066666666667,60.0,0.03151574360163902,0.3838151400572628
0.19161875,60.0,0.03145682067610445,0.367189075979058
0.19203083333333335,60.0,0.03139844049873804,0.3510474396502045
0.19244291666666669,60.0,0.031340537449467264,0.33546370321370445
0.19285500000000003,60.0,0.03128315435929989,0.32049526477404783
0.19326708333333334,60.0,0.03122643634365047,0.3062689763361565
0.19367916666666668,60.0,0.031170450417087853,0.2929488709763544
0.19409125000000002,60.0,0.031115237395249757,0.28067243281749216
0.19450333333333336,60.0,0.031060872139366983,0.2695167089508369
0.19491541666666667,60.0,0.031007366659872915,0.2595974683812951
0.19532750000000002,60.0,0.030954746752576187,0.2510677648373888
0.19573958333333336,60.0,0.03090317157050611,0.24406997337447978
0.19615166666666667,60.0,0.030852750547283005,0.23868061081506528
0.19656375,60.0,0.030803410463332275,0.23493737292421701
0.19697583333333335,60.0,0.030755021674893544,0.232855110266479
0.1973879166666667,60.0,0.03070750617144553,0.23240093823328936
0.1978,60.0,0.030660817979645788,0.23351497057474765
0.19821208333333334,60.0,0.03061487021110028,0.23616834944634216
0.19862416666666668,60.0,0.030569576594517874,0.2403380018245441
0.19903625000000003,60.0,0.030524924905236374,0.24591550910082619
0.19944833333333334,60.0,0.030480915259197838,0.25285339953647357
0.19986041666666668,60.0,0.03043752576196645,0.26110165694916704
0.20027250000000002,60.0,0.030394762414484168,0.2706146324957417
0.20068458333333336,60.0,0.030352705499905538,0.28138882421341793
0.20109666666666667,60.0,0.03031145043005703,0.2933573524588105
0.20150875000000001,60.0,0.030270967391831754,0.30644423068201837
0.20192083333333335,60.0,0.030231175343857795,0.32056489628263574
0.2023329166666667,60.0,0.03019203484201857,0.335547390447462
0.202745,60.0,0.030153452517135408,0.3512402628355735
0.20315708333333335,60.0,0.030115370383746655,0.36754730309329176
0.2035691666666667,60.0,0.030077822359511806,0.38429373589837035
0.20398125,60.0,0.030040710006465923,0.4012652498208644
0.20439333333333334,60.0,0.030003809269546343,0.4182486908990506
0.20480541666666668,60.0,0.029967012897428556,0.43509454557424687
0.20521750000000002,60.0,0.029930322002123685,0.4516881542404909
0.20562958333333334,60.0,0.029893706870767065,0.4679085620392611
0.20604166666666668,60.0,0.029857134027627737,0.4836551307877404
0.20645375000000002,60.0,0.029820624191080492,0.49882474928339166
0.20686583333333336,60.0,0.02978421136629604,0.5133246118129245
0.20727791666666667,60.0,0.029747883213194846,0.5270568409829078
0.20769,60.0,0.029711587479230635,0.5399109762892634
0.20810208333333335,60.0,0.029675304720445533,0.551813279225444
0.2085141666666667,60.0,0.029639038264576388,0.5626555181678191
0.20892625,60.0,0.029602698794637332,0.572279865293456
0.20933833333333335,60.0,0.02956612505108467,0.5805438011259757
0.2097504166666667,60.0,0.02952919424441221,0.5873490840759673
0.21016250000000003,60.0,0.029491841114509698,0.5926519575321186
0.21057458333333334,60.0,0.029454042770962658,0.5963631922371834
0.21098666666666668,60.0,0.02941582811971674,0.5984831794206328
0.21139875000000002,60.0,0.029377256844939817,0.5990188515330082
0.21181083333333334,60.0,0.02933829795417476,0.5979162836733837
0.21222291666666668,60.0,0.029298889593391136,0.5952586142436895
0.21263500000000002,60.0,0.029259154554043973,0.5911071506335543
0.21304708333333336,60.0,0.029219253972495224,0.5855390917908785
0.21345916666666667,60.0,0.029179212469123757,0.5786473422859333
0.21387125,60.0,0.02913908515174326,0.5704145341525619
0.21428333333333335,60.0,0.02909897129752587,0.5608628991269246
0.2146954166666667,60.0,0.02905888182018191,0.5500823127615813
0.2151075,60.0,0.029018783496707133,0.5381365258322998
0.21551958333333335,60.0,0.028978672032686486,0.5250649477390625
0.2159316666666667,60.0,0.028938582621677835,0.5109603627163709
0.21634375000000003,60.0,0.028898541579716663,0.4959229568916032
0.21675583333333334,60.0,0.02885851965279853,0.4800730554871135
0.21716791666666668,60.0,0.028818503127637972,0.4635396151215252
0.21758000000000002,60.0,0.028778573368099036,0.44652686712561607
0.21799208333333336,60.0,0.02873886496511026,0.42923081432933513
0.21840416666666668,60.0,0.028699511221381917,0.4118184483770411
0.21881625000000002,60.0,0.028660642678389227,0.3944375763432803
0.21922833333333336,60.0,0.028622322817476467,0.3772065133437725
0.21964041666666667,60.0,0.0285845260044425,0.36029486823553225
0.2200525,60.0,0.028547275621555894,0.34383991226337823
0.22046458333333335,60.0,0.028510680905897617,0.32796461012959577
0.2208766666666667,60.0,0.0284747781638409,0.31273570300285325
0.22128875,60.0,0.028439497225072913,0.2982447557273194
0.22170083333333335,60.0,0.028404826841360854,0.284565739683181
0.2221129166666667,60.0,0.028370807725264235,0.2717729077955969
0.22252500000000003,60.0,0.028337377745652387,0.2600396032486347
0.22293708333333334,60.0,0.028304491058424506,0.24950843516712073
0.22334916666666668,60.0,0.028272242307952944,0.24023459807772712
0.22376125000000002,60.0,0.028240703516453386,0.2323242842097998
0.22417333333333336,60.0,0.02820989547810772,0.2259043587672306
0.22458541666666668,60.0,0.02817986099722166,0.2210184940487372
0.22499750000000002,60.0,0.028150654864207026,0.21776268431068077
0.22540958333333336,60.0,0.028122381772646796,0.21614118540546012
0.2258216666666667,60.0,0.028095137269236983,0.2161326417926297
0.22623375,60.0,0.02806893872727388,0.21771583662476318
0.22664583333333335,60.0,0.028043755497741147,0.22080601922843657
0.2270579166666667,60.0,0.028019490615806737,0.22532702200888655
0.22747,60.0,0.027996037726732436,0.23127062982499655
0.22788208333333335,60.0,0.027973388890049026,0.23859613194501125
0.2282941666666667,60.0,0.02795156019526899,0.24718695196370016
0.22870625000000003,60.0,0.02793047911010396,0.25696280544511807
0.22911833333333334,60.0,0.027910071586230482,0.26787082188025113
0.22953041666666668,60.0,0.02789036213554498,0.2798863079818702
0.22994250000000002,60.0,0.027871357197221742,0.29292970138070074
0.23035458333333336,60.0,0.02785298291378766,0.30693267378337075
0.23076666666666668,60.0,0.027835239445621218,0.32177788606243285
0.23117875000000002,60.0,0.027818203250429812,0.33730249090940534
0.23159083333333336,60.0,0.0278018448248235,0.353352152804758
0.2320029166666667,60.0,0.027786048719651266,0.3697619184156515
0.232415,60.0,0.027770762308309768,0.3863855617501333
0.23282708333333335,60.0,0.027755953503014557,0.40304180841027215
0.2332391666666667,60.0,0.027741546866479398,0.4195558986907788
0.23365125,60.0,0.027727471246380208,0.4357244618487272
0.23406333333333335,60.0,0.027713612300391474,0.4514347946672147
0.2344754166666667,60.0,0.027699812929602753,0.4666081500562336
0.23488750000000003,60.0,0.02768598127965094,0.4811098252147471
0.23529958333333334,60.0,0.027672094113323886,0.4948837377129771
0.23571166666666668,60.0,0.027658192880053997,0.507855364929369
0.23612375000000002,60.0,0.027644322359024736,0.5198828347487243
0.23653583333333336,60.0,0.027630446268750396,0.5308836055058912
0.23694791666666667,60.0,0.02761657725089374,0.5408146886056736
0.23736000000000002,60.0,0.027602787041382762,0.5495649037128696
0.23777208333333336,60.0,0.027589044017076788,0.5570723172861718
0.2381841666666667,60.0,0.027575293833936632,0.5631903577999202
0.23859625,60.0,0.027561577958215164,0.5678044247525575
0.23900833333333335,60.0,0.02754792070280336,0.5708852884027357
0.2394204166666667,60.0,0.02753422518776644,0.5723900395860526
0.23983250000000003,60.0,0.02752039676149591,0.5723292198061835
0.24024458333333334,60.0,0.027506460709249468,0.5706988219411538
0.24065666666666669,60.0,0.02749244632297388,0.5675620974691891
0.24106875000000003,60.0,0.027478335283739583,0.5629446870314716
0.24148083333333334,60.0,0.02746413885467496,0.5569023034065802
0.24189291666666668,60.0,0.0274498620104626,0.5495509900731878
0.24230500000000002,60.0,0.027435495592275254,0.5409839199888772
0.24271708333333336,60.0,0.027421113659403088,0.5312624424815384
0.24312916666666667,60.0,0.027406845681114136,0.5204187664425092
0.24354125000000001,60.0,0.02739276524259312,0.5085134866628442
0.24395333333333336,60.0,0.027378888696377727,0.49561479452468626
0.2443654166666667,60.0,0.027365211297943327,0.48180312941640496
0.2447775,60.0,0.02735173148313605,0.46717658666895934
0.24518958333333335,60.0,0.027338451751070837,0.4518410323837531
0.2456016666666667,60.0,0.027325320604666,0.4358869053757076
0.24601375000000003,60.0,0.027312308290482052,0.4194681667896918
0.24642583333333334,60.0,0.027299497784414574,0.40270433859350413
0.24683791666666668,60.0,0.027286905913818323,0.38581742715071077
0.24725000000000003,60.0,0.02727446426900957,0.3690299825881576
0.24766208333333337,60.0,0.027262240975681116,0.3524472568798362
0.24807416666666668,60.0,0.027250380161053293,0.3362242028881909
0.24848625000000002,60.0,0.0272389549551693,0.3205094688516418
0.24889833333333336,60.0,0.02722801025239945,0.30541295900252663
0.24931041666666667,60.0,0.027217601221338476,0.29105100292570496
0.24972250000000001,60.0,0.027207767319400302,0.27752066030972755
0.2501345833333333,60.0,0.027198537487892454,0.26488840511865863
0.2505466666666667,60.0,0.02718999257682217,0.2532445214202215
0.25095875,60.0,0.027182208800781784,0.24262125629669745
0.2513708333333334,60.0,0.027175148438491368,0.23310034513251385
0.2517829166666667,60.0,0.027168752523830046,0.22480955435416744
0.252195,60.0,0.027163011504294055,0.21784775812998242
0.25260708333333337,60.0,0.027157902648545625,0.21228860393366739
0.2530191666666667,60.0,0.027153400713395767,0.20816840180404012
0.25343125,60.0,0.02714951079871462,0.2055674952539393
0.25384333333333337,60.0,0.027146284298910268,0.20453236260725832
0.2542554166666667,60.0,0.02714378561317907,0.20508345761030303
0.25466750000000005,60.0,0.027141994625500793,0.20720757615271237
0.25507958333333336,60.0,0.02714086628688991,0.21086073667665928
0.2554916666666667,60.0,0.027140468181625126,0.21595819852462453
0.25590375000000004,60.0,0.027140861948374118,0.22238737178509024
0.25631583333333335,60.0,0.02714195663084968,0.23008296017910215
0.25672791666666667,60.0,0.027143660119024575,0.238965233076036
0.25714000000000004,60.0,0.027145933507618996,0.24894695671476583
0.25755208333333335,60.0,0.027148681479175065,0.259934423095155
0.25796416666666666,60.0,0.02715184490625739,0.27183565466054277
0.25837625000000003,60.0,0.02715542943396365,0.2845717890108968
0.25878833333333334,60.0,0.027159373014585108,0.29807919863017596
0.2592004166666667,60.0,0.027163569256210083,0.31226542659355033
0.2596125,60.0,0.027167965439702322,0.32704938618992807
0.26002458333333334,60.0,0.027172563839740583,0.34233795638238573
0.2604366666666667,60.0,0.027177355981006224,0.3579393767561898
0.26084875,60.0,0.027182323556958796,0.373709952619595
0.26126083333333333,60.0,0.02718751240787348,0.3895144360205003
0.2616729166666667,60.0,0.027192962943895574,0.40518979388865944
0.262085,60.0,0.027198624901999657,0.42059004558606417
0.2624970833333334,60.0,0.027204419925055325,0.43551880007943516
0.2629091666666667,60.0,0.027210308626139313,0.449825287730196
0.26332125,60.0,0.027216305397248154,0.46342321296845457
0.2637333333333334,60.0,0.027222368512141278,0.4762005499056651
0.2641454166666667,60.0,0.02722835636074123,0.4880838149625781
0.2645575,60.0,0.02723420264709692,0.49902046520425797
0.26496958333333337,60.0,0.027239921941012882,0.5089472247093997
0.2653816666666667,60.0,0.02724548601012204,0.517795893840118
0.26579375,60.0,0.02725090808069346,0.5254827351030561
0.26620583333333336,60.0,0.027256253559120456,0.5319725460184933
0.2666179166666667,60.0,0.027261494058747567,0.5372059693939151
0.26703000000000005,60.0,0.027266576468511904,0.5411225234531589
0.26744208333333336,60.0,0.027271547783308772,0.5436351093924364
0.26785416666666667,60.0,0.027276443343566135,0.5446834121379769
0.26826625000000004,60.0,0.027281237352807016,0.5442457306249492
0.26867833333333335,60.0,0.02728594672362197,0.5423049393210463
0.26909041666666667,60.0,0.027290599181212405,0.5388845142605243
0.26950250000000003,60.0,0.02729515854256737,0.5340353619464694
0.26991458333333335,60.0,0.027299543939326158,0.5278075385424273
0.2703266666666667,60.0,0.027303713443282206,0.5202752546429845
0.27073875000000003,60.0,0.027307720210581584,0.5115221655039944
0.27115083333333334,60.0,0.027311607101579843,0.5016785656456313
0.2715629166666667,60.0,0.02731534858578831,0.4908773867170243
0.271975,60.0,0.02731894466388891,0.4791566233806617
0.27238708333333334,60.0,0.027322474262491195,0.46662487735251035
0.2727991666666667,60.0,0.02732605120918895,0.45336220895574114
0.27321125,60.0,0.027329748996685912,0.43943535280321216
0.27362333333333333,60.0,0.02733363227687848,0.42495888753004835
0.2740354166666667,60.0,0.02733777622074641,0.41000527870552894
0.2744475,60.0,0.02734216485892793,0.3946954344021059
0.2748595833333334,60.0,0.027346779276792115,0.379163611050652
0.2752716666666667,60.0,0.027351703967390322,0.3635152922290396
0.27568375,60.0,0.0273569637730668,0.34789253639018725
0.2760958333333334,60.0,0.027362531831585313,0.3324890255504311
0.2765079166666667,60.0,0.0273684667911706,0.31746725270570086
0.27692,60.0,0.027374804394648143,0.3029646920278928
0.27733208333333337,60.0,0.02738149400352282,0.2891092697595501
0.2777441666666667,60.0,0.027388531028209352,0.2760407548123017
0.27815625000000005,60.0,0.02739600335765566,0.2638490407473898
0.27856833333333336,60.0,0.027403995987910875,0.25262781489932223
0.2789804166666667,60.0,0.02741253006674,0.24245871580098036
0.27939250000000004,60.0,0.02742158940763805,0.2333774986153567
0.27980458333333336,60.0,0.027431196164947512,0.22542663689336728
0.28021666666666667,60.0,0.02744141682975343,0.21863234364725959
0.28062875000000004,60.0,0.027452264562842367,0.2130605914360625
0.28104083333333335,60.0,0.027463701721744664,0.20877227478331326
0.28145291666666666,60.0,0.027475697299484333,0.20581281537791726
0.28186500000000003,60.0,0.02748818519340794,0.20421523375275227
0.28227708333333335,60.0,0.027501078281920135,0.20401549922089254
0.2826891666666667,60.0,0.027514347923834864,0.20525583594418864
0.28310125,60.0,0.027528015229194708,0.2079413215184874
0.28351333333333334,60.0,0.027542067721293962,0.21202623120635877
0.2839254166666667,60.0,0.02755646828027787,0.21750647026775133
0.2843375,60.0,0.02757125092092209,0.22433699962935702
0.28474958333333333,60.0,0.027586415870537898,0.2323719167305496
0.2851616666666667,60.0,0.027601873816776208,0.24153863288156266
0.28557375,60.0,0.027617647940682874,0.251729426861002
0.2859858333333334,60.0,0.027633820536142724,0.262832210692742
0.2863979166666667,60.0,0.027650345584091116,0.2747624658539076
0.28681,60.0,0.027667132916472693,0.28737587649358287
0.2872220833333334,60.0,0.02768413317092085,0.3005674740542863
0.2876341666666667,60.0,0.02770132031109534,0.3142698367400144
0.28804625,60.0,0.027718668728158608,0.3284018491508136
0.28845833333333337,60.0,0.027736108153970523,0.3428467924058594
0.2888704166666667,60.0,0.027753555048031,0.3575272068264273
0.2892825,60.0,0.027770956874428203,0.37231967819522743
0.28969458333333337,60.0,0.027788256680748694,0.3870955519611328
0.2901066666666667,60.0,0.027805413830878922,0.40171041759268633
0.29051875000000005,60.0,0.02782245685960837,0.41604378167486744
0.29093083333333336,60.0,0.027839416056530376,0.42995607056192137
0.2913429166666667,60.0,0.027856257021462265,0.44327670762308063
0.29175500000000004,60.0,0.027872955643174515,0.4559014324515039
0.29216708333333336,60.0,0.027889505619538405,0.46768405538470376
0.29257916666666667,60.0,0.027905834252952202,0.47853689449353776
0.29299125000000004,60.0,0.027921866182500144,0.4883767166738061
0.29340333333333335,60.0,0.027937619499972904,0.49714914771751634
0.2938154166666667,60.0,0.027953106620241815,0.5048085076914887
0.29422750000000003,60.0,0.027968215326055132,0.511310879642203
0.29463958333333334,60.0,0.027982852608458928,0.5166292209544103
0.2950516666666667,60.0,0.027997059207053462,0.5207060945686083
0.29546375,60.0,0.028010856392981218,0.5235610420133668
0.29587583333333334,60.0,0.028024224804463555,0.525175658311097
0.2962879166666667,60.0,0.02803718509159011,0.5254678725853901
0.2967,60.0,0.028049747699084294,0.5244239188324694
0.29711208333333333,60.0,0.028061939145976107,0.5220557889923662
0.2975241666666667,60.0,0.028073816559891922,0.5183216208107395
0.29793625,60.0,0.028085428809155138,0.5132811447914805
0.2983483333333334,60.0,0.02809685301961062,0.5069547353984463
0.2987604166666667,60.0,0.028108131618619143,0.49939452820153457
0.2991725,60.0,0.028119241385598844,0.4906987146656845
0.2995845833333334,60.0,0.0281301890424537,0.4809362246431264
0.2999966666666667,60.0,0.028140982686971735,0.4702239850365424
0.30040875,60.0,0.028151594951702025,0.4586846437797024
0.30082083333333337,60.0,0.028162058778442193,0.44645037012591393
0.3012329166666667,60.0,0.02817247090125452,0.4335981393442094
0.301645,60.0,0.02818285442120121,0.4202347280181078
0.30205708333333336,60.0,0.0281931704878288,0.40647421178976795
0.3024691666666667,60.0,0.028203480828336076,0.39240903870732075
0.30288125000000005,60.0,0.028213917510643394,0.3781240112250926
0.30329333333333336,60.0,0.02822452794551529,0.3637392499834024
0.30370541666666667,60.0,0.028235314091592023,0.34936112489857024
0.30411750000000004,60.0,0.028246324418712828,0.33507181152617227
0.30452958333333335,60.0,0.028257592966547576,0.3210019666318453
0.30494166666666667,60.0,0.02826911669130342,0.30729767436016614
0.30535375000000003,60.0,0.02828092926889141,0.294111319894567
0.30576583333333335,60.0,0.02829306600672181,0.2815531026939513
0.3061779166666667,60.0,0.028305512440177084,0.2697577091676374
0.30659000000000003,60.0,0.02831825373264589,0.25881096211257126
0.30700208333333334,60.0,0.02833126526610397,0.24883245661148554
0.3074141666666667,60.0,0.028344529211045334,0.23993406718444882
0.30782625,60.0,0.028358073197228547,0.23211898614272813
0.30823833333333334,60.0,0.028371917207429518,0.22548353716470207
0.3086504166666667,60.0,0.028386124647177508,0.22005800013948296
0.3090625,60.0,0.02840077641781344,0.21582876132223977
0.30947458333333333,60.0,0.028415834197624792,0.21282746691012927
0.3098866666666667,60.0,0.0284312701653138,0.21108424239819368
0.31029875,60.0,0.028447167957089185,0.210606299975491
0.3107108333333334,60.0,0.02846356129585704,0.2114137137003015
0.3111229166666667,60.0,0.02848037846595142,0.21350308600547532
0.311535,60.0,0.028497560681289166,0.21685825590123697
0.3119470833333334,60.0,0.02851510049646071,0.22149160260900125
0.3123591666666667,60.0,0.028532957280523328,0.22737325589264704
0.31277125,60.0,0.028551068782856032,0.23447455798127187
0.31318333333333337,60.0,0.02856943285323428,0.2427225009830476
0.3135954166666667,60.0,0.028588038244798268,0.2520373625392347
0.31400750000000005,60.0,0.028606819834235978,0.2623090883112998
0.31441958333333336,60.0,0.028625736062152896,0.2734301179532939
0.3148316666666667,60.0,0.02864476873894449,0.28531422207171764
0.31524375000000004,60.0,0.028663889247890147,0.29784106395555315
0.31565583333333336,60.0,0.028683089219140357,0.31087827819994035
0.31606791666666667,60.0,0.028702378333596772,0.32430246015998737
0.31648000000000004,60.0,0.028721735775296752,0.338028115904999
0.31689208333333335,60.0,0.02874109591818016,0.35193183845584414
0.31730416666666666,60.0,0.02876035297049525,0.365918722811743
0.31771625000000003,60.0,0.028779436895250372,0.3799035852851679
0.31812833333333335,60.0,0.028798357024715438,0.39378675058999546
0.3185404166666667,60.0,0.028817046060350657,0.4074383004152343
0.3189525,60.0,0.028835361275490787,0.4207583687902401
0.31936458333333334,60.0,0.028853280722276452,0.4336095529212185
0.3197766666666667,60.0,0.028870820980118644,0.4458965480558962
0.32018875,60.0,0.028887930303128154,0.4575350348992196
0.32060083333333333,60.0,0.028904608619819406,0.46834966958490354
0.3210129166666667,60.0,0.028920897469085636,0.4782537795039675
0.321425,60.0,0.028936791910832087,0.4871723019597957
0.3218370833333334,60.0,0.02895225935641271,0.4950135271709965
0.3222491666666667,60.0,0.028967294163258772,0.5017423688282574
0.32266125,60.0,0.02898191414918441,0.5073155439137704
0.3230733333333334,60.0,0.028996109743667002,0.511692572328391
0.3234854166666667,60.0,0.029009886218339324,0.5148717434454454
0.3238975,60.0,0.029023265345490552,0.5168108787932286
0.3243095833333334,60.0,0.02903620561450959,0.517522784006718
0.3247216666666667,60.0,0.029048645823767708,0.5170293179460632
0.32513375,60.0,0.02906057651077362,0.5153198733441703
0.32554583333333337,60.0,0.029072038238444595,0.5124057320249757
0.3259579166666667,60.0,0.02908307873236549,0.508274054030464
0.32637000000000005,60.0,0.029093689838308845,0.5029618993785934
0.32678208333333336,60.0,0.02910386553583276,0.4964984199270328
0.3271941666666667,60.0,0.029113696821315923,0.4889277082415854
0.32760625000000004,60.0,0.029123264893364472,0.4803246344760287
0.32801833333333336,60.0,0.029132565815202516,0.4707595306119927
0.32843041666666667,60.0,0.02914164259450845,0.4603134107159685
0.32884250000000004,60.0,0.029150568562597096,0.44906639979008506
0.32925458333333335,60.0,0.029159311385267905,0.43715886370895124
0.3296666666666667,60.0,0.029167842233831544,0.4247147320384767
0.33007875000000003,60.0,0.02917620973459913,0.41182351311525767
0.33049083333333334,60.0,0.02918442902394702,0.3986064147135616
0.3309029166666667,60.0,0.02919251507473237,0.3851554902234474
0.331315,60.0,0.02920052318018917,0.37157812452332567
0.33172708333333334,60.0,0.029208480843936103,0.3579976178845653
0.3321391666666667,60.0,0.029216385670378826,0.34449150145538465
0.33255125,60.0,0.029224260112225297,0.33118704161268386
0.33296333333333333,60.0,0.02923219612843193,0.3181959694099253
0.3333754166666667,60.0,0.029240294867100423,0.3055804119007031
0.3337875,60.0,0.029248583869727236,0.2934734503286808
0.3341995833333334,60.0,0.029257077838363375,0.2819946024377366
0.3346116666666667,60.0,0.029265828240784032,0.2712495895203728
0.33502375,60.0,0.02927489411928586,0.2613600643807395
0.3354358333333334,60.0,0.029284291674517907,0.2523959791421939
0.3358479166666667,60.0,0.029293985081679814,0.24444329527611577
0.33626,60.0,0.0293039866501133,0.2375831811450908
0.33667208333333337,60.0,0.029314313602849116,0.23185895826855155
0.3370841666666667,60.0,0.029324896426741857,0.2273240603541261
0.33749625000000005,60.0,0.029335717849602268,0.22401545433749118
0.33790833333333337,60.0,0.029346843378900377,0.22193323583290386
0.3383204166666667,60.0,0.029358282008219518,0.22106479449009694
0.33873250000000005,60.0,0.029370027220905183,0.2214181176149484
0.33914458333333336,60.0,0.029382119689104653,0.22300605569862852
0.3395566666666667,60.0,0.029394539649974686,0.2258016468691845
0.33996875000000004,60.0,0.02940722576664431,0.22979500650686005
0.34038083333333335,60.0,0.02942019800463431,0.2349348645731786
0.34079291666666667,60.0,0.029433486242409827,0.241204030798587
0.34120500000000004,60.0,0.029447042967307754,0.24855200236121497
0.34161708333333335,60.0,0.029460789786100894,0.2569085740057121
0.3420291666666667,60.0,0.02947466558811009,0.26623121219742923
0.34244125000000003,60.0,0.029488647934319656,0.2764314858723196
0.34285333333333334,60.0,0.029502698254458747,0.2874157549995037
0.3432654166666667,60.0,0.02951673091863454,0.2990660767973192
0.3436775,60.0,0.029530702245724783,0.3112690056560419
0.34408958333333334,60.0,0.02954460484973781,0.32393186481045766
0.3445016666666667,60.0,0.02955840040517395,0.3369643750258943
0.34491375,60.0,0.029572042269459267,0.3502142141771369
0.3453258333333334,60.0,0.02958553630725958,0.3635892086624162
0.3457379166666667,60.0,0.02959892924492518,0.37698753694299164
0.34615,60.0,0.02961219784014623,0.39028373884512296
0.3465620833333334,60.0,0.02962528468944278,0.40341486212443867
0.3469741666666667,60.0,0.02963817987939017,0.4162642477009998
0.34738625,60.0,0.029650814806644,0.4287276928670427
0.3477983333333334,60.0,0.02966310689729392,0.4407172620085741
0.3482104166666667,60.0,0.029675080646704252,0.4521156240967856
0.3486225,60.0,0.029686724285569833,0.46282016036868207
0.34903458333333337,60.0,0.02969793827328159,0.47276517753064895
0.3494466666666667,60.0,0.029708677535080226,0.4818462303943963
0.34985875000000005,60.0,0.029718956984942167,0.4899812645449363
0.35027083333333336,60.0,0.029728777669400904,0.4970975669075633
0.3506829166666667,60.0,0.029738123344307428,0.5031401358533896
0.35109500000000005,60.0,0.02974698787649266,0.5080452195627798
0.35150708333333336,60.0,0.02975539042643702,0.5117857905976005
0.35191916666666667,60.0,0.029763356686649402,0.5143701790717655
0.35233125000000004,60.0,0.02977087001973715,0.5157594197607287
0.35274333333333335,60.0,0.02977791933407948,0.5159555710328861
0.3531554166666667,60.0,0.029784554602352114,0.5149442812308357
0.35356750000000003,60.0,0.029790788122798485,0.5127577270339588
0.35397958333333335,60.0,0.029796570918065562,0.5094240793562109
0.3543916666666667,60.0,0.02980187701138178,0.5049524641751025
0.35480375000000003,60.0,0.02980670171468729,0.49938045173316475
0.35521583333333334,60.0,0.029811035905341232,0.4927386307565184
0.3556279166666667,60.0,0.02981490354085354,0.4850906628226692
0.35604,60.0,0.029818386929011363,0.4765016105466654
0.35645208333333334,60.0,0.029821528077888234,0.4670204726148567
0.3568641666666667,60.0,0.029824302582913194,0.4567554064691002
0.35727625,60.0,0.02982678061470616,0.4458177793598777
0.3576883333333334,60.0,0.02982907884214743,0.43424696738414953
0.3581004166666667,60.0,0.02983121218790511,0.42218663375521054
0.3585125,60.0,0.029833203694151426,0.4097455838058423
0.3589245833333334,60.0,0.02983512126865312,0.39701093534191056
0.3593366666666667,60.0,0.029836993254446224,0.3841296883663058
0.35974875,60.0,0.02983883279281365,0.3711731200389982
0.3601608333333334,60.0,0.029840650400658426,0.3582570130681592
0.3605729166666667,60.0,0.02984247484745099,0.3454776408882769
0.36098500000000006,60.0,0.029844362605798872,0.33294147179947653
0.36139708333333337,60.0,0.029846321794322346,0.320744084472364
0.3618091666666667,60.0,0.02984833116412794,0.3089982297978485
0.36222125000000005,60.0,0.029850422874212384,0.2978061715353344
0.36263333333333336,60.0,0.02985264887178973,0.28723297127305963
0.3630454166666667,60.0,0.029855045111741453,0.2773893203092754
0.36345750000000004,60.0,0.029857680489272447,0.26837879674471443
0.36386958333333336,60.0,0.029860618922235235,0.26027538093687197
0.36428166666666667,60.0,0.029863838773658027,0.2531356036392566
0.36469375000000004,60.0,0.02986731845348289,0.24704236354596126
0.36510583333333335,60.0,0.02987110758330969,0.24203369070086353
0.3655179166666667,60.0,0.029875222975556073,0.23815382355591264
0.36593000000000003,60.0,0.029879600805553568,0.23542093655697469
0.36634208333333335,60.0,0.029884205576522695,0.2338677342121231
0.3667541666666667,60.0,0.029889063997216046,0.2334965927963506
0.36716625,60.0,0.029894143928904826,0.23429722036964454
0.36757833333333334,60.0,0.029899387981642125,0.23627981544944004
0.3679904166666667,60.0,0.02990482241653385,0.2393835652195773
0.3684025,60.0,0.02991046796140194,0.24362724493269214
0.3688145833333334,60.0,0.029916310883106933,0.24897865480300965
0.3692266666666667,60.0,0.02992233734009478,0.25537263075588873
0.36963875,60.0,0.029928514244461916,0.2627744263459613
0.3700508333333334,60.0,0.029934848827162096,0.27113122029914977
0.3704629166666667,60.0,0.029941362789984837,0.28034209087920764
0.370875,60.0,0.029948029841660787,0.2903526711785463
0.3712870833333334,60.0,0.02995483743498281,0.3010823179492028
0.3716991666666667,60.0,0.029961744848235633,0.31240800609849556
0.37211125,60.0,0.029968649443699678,0.3242428676306936
0.3725233333333334,60.0,0.029975508088081734,0.33647257160451616
0.3729354166666667,60.0,0.029982326361437526,0.34899901730613825
0.37334750000000005,60.0,0.029989045109575205,0.3617145333471285
0.37375958333333337,60.0,0.029995582685145097,0.37451993124675814
0.3741716666666667,60.0,0.030001937617528868,0.38729468581916415
0.37458375000000005,60.0,0.030008123921163903,0.3999495085223406
0.37499583333333336,60.0,0.030014087072813514,0.4123941037816762
0.3754079166666667,60.0,0.03001979718421649,0.42451452344627283
0.37582000000000004,60.0,0.030025289011949768,0.4362121997825221
0.37623208333333336,60.0,0.030030555016621913,0.44741027215236995
0.3766441666666667,60.0,0.03003552583257934,0.45802452753525935
0.37705625000000004,60.0,0.03004015613989057,0.4679311551650535
0.37746833333333335,60.0,0.03004442784491363,0.47705698820776155
0.3778804166666667,60.0,0.03004831314832033,0.48532937135177107
0.37829250000000003,60.0,0.030051800235833454,0.4926830585140477
0.37870458333333334,60.0,0.03005486547463672,0.4990445609713058
0.3791166666666667,60.0,0.030057458244407247,0.5043722386199522
0.37952875,60.0,0.030059551067452533,0.5086157925472039
0.37994083333333334,60.0,0.030061121647794647,0.5117458619015727
0.3803529166666667,60.0,0.030062189098157218,0.5137782810979821
0.380765,60.0,0.030062814661110913,0.514652001778464
0.3811770833333334,60.0,0.030062983017107515,0.5144007765214871
0.3815891666666667,60.0,0.03006269536363735,0.5130367091757421
0.38200125,60.0,0.030062040706628348,0.5105351061205222
0.3824133333333334,60.0,0.030061040706416017,0.5069448721125588
0.3828254166666667,60.0,0.030059669733452463,0.5022916968845874
0.3832375,60.0,0.030057970583028927,0.4966002498741289
0.3836495833333334,60.0,0.03005599605508904,0.48991646326874827
0.3840616666666667,60.0,0.030053726407334447,0.4822942145176876
0.38447375,60.0,0.030051125781405737,0.47379047147581294
0.38488583333333337,60.0,0.03004822469823315,0.4644800562292332
0.3852979166666667,60.0,0.03004507381078513,0.4544360503924315
0.38571000000000005,60.0,0.03004169934282281,0.44376677515582064
0.38612208333333337,60.0,0.030038144595452475,0.4325592721428367
0.3865341666666667,60.0,0.030034448632691668,0.42091545183801166
0.38694625000000005,60.0,0.03003062212996815,0.4089332755973452
0.38735833333333336,60.0,0.03002670206318552,0.39670886216500384
0.3877704166666667,60.0,0.030022756173625976,0.38437651751093826
0.38818250000000004,60.0,0.03001884332836406,0.37201626537245785
0.38859458333333335,60.0,0.030014997307147448,0.35972519922818075
0.3890066666666667,60.0,0.030011226643134024,0.3476006851865744
0.38941875000000004,60.0,0.03000755007468499,0.33575155257180717
0.38983083333333335,60.0,0.03000401535544136,0.32426588410005774
0.3902429166666667,60.0,0.030000616016191233,0.3132275147801057
0.39065500000000003,60.0,0.029997313784490966,0.30275401060049195
0.39106708333333334,60.0,0.029994166790605323,0.29292625192769595
0.3914791666666667,60.0,0.029991212046960716,0.2838115655778025
0.39189125,60.0,0.029988390240767427,0.2755246702381757
0.39230333333333334,60.0,0.02998572107313086,0.2681127207453138
0.3927154166666667,60.0,0.029983286518165102,0.2616578408069409
0.3931275,60.0,0.02998111792478142,0.2562342397951389
0.3935395833333334,60.0,0.029979236475861492,0.25184150415141643
0.3939516666666667,60.0,0.029977664526586303,0.24854797620258148
0.39436375,60.0,0.029976403296195702,0.24636225536546727
0.3947758333333334,60.0,0.029975437567293775,0.2452849963398275
0.3951879166666667,60.0,0.029974769997228073,0.24533277135541146
0.3956,60.0,0.029974426641219354,0.24649718628135403
0.3960120833333334,60.0,0.02997438601724626,0.24876193717089362
0.3964241666666667,60.0,0.02997459972111111,0.2521013044765897
0.39683625000000006,60.0,0.029975046464552214,0.25648456262000274
0.39724833333333337,60.0,0.02997571118347583,0.2618918871531089
0.3976604166666667,60.0,0.029976571771461492,0.2682901662468861
0.39807250000000005,60.0,0.02997758710578724,0.27561464766004284
0.39848458333333336,60.0,0.029978734754359297,0.28381227058559033
0.3988966666666667,60.0,0.02998003987698887,0.29281378933155683
0.39930875000000005,60.0,0.029981480172260135,0.30254894909238333
0.39972083333333336,60.0,0.02998298021079092,0.31292911488930536
0.40013291666666667,60.0,0.029984548706067433,0.3238599679237053
0.40054500000000004,60.0,0.029986227157305353,0.33524412045133994
0.40095708333333335,60.0,0.02998795300102224,0.3469847986564048
0.4013691666666667,60.0,0.029989655396434414,0.35896499993955566
0.40178125000000003,60.0,0.02999131260828015,0.3710739962363912
0.40219333333333335,60.0,0.029992851706235724,0.3832297436968468
0.4026054166666667,60.0,0.029994208169267227,0.39533356461081226
0.40301750000000003,60.0,0.0299953836313433,0.4072780429982958
0.40342958333333334,60.0,0.029996347607898353,0.4189805084593584
0.4038416666666667,60.0,0.02999704728823537,0.4303389051831861
0.40425375,60.0,0.029997453813333408,0.44126414605264275
0.4046658333333334,60.0,0.02999756067077908,0.4516892533434227
0.4050779166666667,60.0,0.02999737178155525,0.4615059211384941
0.40549,60.0,0.029996862104504342,0.47064677276054057
0.4059020833333334,60.0,0.02999602198721885,0.47903083564406485
0.4063141666666667,60.0,0.02999487715663346,0.4865562491245962
0.40672625,60.0,0.029993425084051385,0.49318530761372
0.4071383333333334,60.0,0.02999162914275553,0.498856955300902
0.4075504166666667,60.0,0.02998946246128244,0.5035101714995202
0.4079625,60.0,0.02998695550430798,0.5071220897430929
0.4083745833333334,60.0,0.029984129991974903,0.5096568197211965
0.4087866666666667,60.0,0.0299809201480071,0.5111023626176424
0.40919875000000006,60.0,0.029977295976291583,0.5114665286115183
0.40961083333333337,60.0,0.029973292428855845,0.5107363546106283
0.4100229166666667,60.0,0.02996889836431432,0.508946014791748
0.41043500000000005,60.0,0.029964124091400382,0.5061229048197449
0.41084708333333336,60.0,0.029959044013719648,0.5022684867995004
0.4112591666666667,60.0,0.02995367886984242,0.49741496304550414
0.41167125000000004,60.0,0.02994801505639188,0.4916003487431475
0.41208333333333336,60.0,0.02994210448866395,0.48488946914062203
0.4124954166666667,60.0,0.029935993629681305,0.47730970510025106
0.41290750000000004,60.0,0.029929679397713318,0.4689273696664227
0.41331958333333335,60.0,0.029923180659559293,0.45980049754841756
0.4137316666666667,60.0,0.02991653059793184,0.4500110626643568
0.41414375000000003,60.0,0.02990975263119077,0.4396497544589982
0.41455583333333335,60.0,0.029902850925658562,0.4287875322405675
0.4149679166666667,60.0,0.029895812775961962,0.417552595888512
0.41538,60.0,0.02988868214255225,0.4060265298347524
0.41579208333333334,60.0,0.02988153024151445,0.3943113033656259
0.4162041666666667,60.0,0.029874362918280984,0.3825133670807546
0.41661625,60.0,0.02986717672988933,0.3707222623466797
0.4170283333333334,60.0,0.029860021242188943,0.359048396912183
0.4174404166666667,60.0,0.029852964294780526,0.3475975354897889
0.4178525,60.0,0.029846044322312675,0.33642209015166763
0.4182645833333334,60.0,0.02983929842120374,0.3256404528799945
0.4186766666666667,60.0,0.029832797521144643,0.3153303523507467
0.41908875,60.0,0.02982654856940613,0.3055464912105531
0.4195008333333334,60.0,0.02982052530660507,0.29642363012480744
0.4199129166666667,60.0,0.029814781623636953,0.28800886300649015
0.42032500000000006,60.0,0.029809335190835624,0.2803873143791936
0.4207370833333334,60.0,0.029804144376318738,0.27362491630735175
0.4211491666666667,60.0,0.02979923317514793,0.26778156947542797
0.42156125000000005,60.0,0.029794636863539243,0.26291682890553636
0.42197333333333337,60.0,0.02979033568339923,0.25908329431583577
0.4223854166666667,60.0,0.029786316321068394,0.2563093688281673
0.42279750000000005,60.0,0.029782599927661732,0.2546030195997448
0.42320958333333336,60.0,0.02977922096015069,0.25398546509620407
0.4236216666666667,60.0,0.029776193166161345,0.25445163239824276
0.42403375000000004,60.0,0.02977348043678008,0.2559765958916221
0.42444583333333336,60.0,0.029771053072189524,0.2585509767070927
0.4248579166666667,60.0,0.029768936835072164,0.26215589891672886
0.42527000000000004,60.0,0.029767128366421904,0.2667374048479189
0.42568208333333335,60.0,0.029765580503242826,0.27226689702300133
0.4260941666666667,60.0,0.02976428033007006,0.2786824943006845
0.42650625000000003,60.0,0.029763200096182944,0.2859547732715175
0.42691833333333334,60.0,0.029762267494846197,0.29402239812885383
0.4273304166666667,60.0,0.029761439443840083,0.30281351094836323
0.4277425,60.0,0.029760712816658715,0.31227806937638547
0.4281545833333334,60.0,0.02976006072540313,0.32230103118986064
0.4285666666666667,60.0,0.029759429260148074,0.33281969998708644
0.42897875,60.0,0.029758825234867125,0.3437407860012353
0.4293908333333334,60.0,0.02975826444444537,0.35495395652265416
0.4298029166666667,60.0,0.02975767817756996,0.3663780420459294
0.430215,60.0,0.029757039834660402,0.377912589966311
0.4306270833333334,60.0,0.029756384476230798,0.3894199037002877
0.4310391666666667,60.0,0.029755681148303435,0.40083531392156396
0.43145125,60.0,0.02975487285630571,0.41207694113052734
0.4318633333333334,60.0,0.029753914156748492,0.4230143113814015
0.4322754166666667,60.0,0.029752771258040503,0.433603728030274
0.43268750000000006,60.0,0.029751445065565273,0.44374092345357885
0.43309958333333337,60.0,0.029749906770583288,0.4533545940415205
0.4335116666666667,60.0,0.029748107408769153,0.46237096545865997
0.43392375000000005,60.0,0.02974603973038155,0.47071125615820475
0.43433583333333337,60.0,0.029743685803109748,0.47831424956151086
0.4347479166666667,60.0,0.029741003761688554,0.4851180166908914
0.43516000000000005,60.0,0.029738002914609294,0.49106672453161204
0.43557208333333336,60.0,0.0297347156462997,0.496073625313819
0.43598416666666673,60.0,0.029731122490054263,0.5001143951684403
0.43639625000000004,60.0,0.029727218240977606,0.5031559543458901
0.43680833333333335,60.0,0.029723039547618665,0.5051714441175219
0.4372204166666667,60.0,0.029718574127010833,0.5061326967231201
0.43763250000000004,60.0,0.029713779469804302,0.5060463578253378
0.43804458333333335,60.0,0.02970867170525503,0.504914711546283
0.4384566666666667,60.0,0.029703291902340945,0.5027481083275137
0.43886875000000003,60.0,0.029697611996529868,0.49957798771094314
0.43928083333333334,60.0,0.029691588422973626,0.4954406712673382
0.4396929166666667,60.0,0.029685259300467254,0.4903715272260737
0.440105,60.0,0.02967866861210185,0.48439770161261275
0.4405170833333334,60.0,0.029671832387122565,0.47760163658591376
0.4409291666666667,60.0,0.029664790196887777,0.46999643568685684
0.44134125,60.0,0.02965756630941491,0.4616643716210606
0.4417533333333334,60.0,0.029650192253472523,0.4526821712209676
0.4421654166666667,60.0,0.029642713741402014,0.44309079619393443
0.4425775,60.0,0.029635146846310283,0.4329956330834408
0.4429895833333334,60.0,0.0296275455777111,0.4224811526472938
0.4434016666666667,60.0,0.029619967036328437,0.4116042983673534
0.44381375000000006,60.0,0.029612405384331273,0.4004961418522142
0.4442258333333334,60.0,0.02960488847247513,0.3892613577497871
0.4446379166666667,60.0,0.029597463543128564,0.3779726215284015
0.44505000000000006,60.0,0.029590114985221676,0.36674326002199636
0.44546208333333337,60.0,0.029582846570334474,0.355658918676062
0.4458741666666667,60.0,0.029575728477522052,0.3448279199736138
0.44628625000000005,60.0,0.029568798157834458,0.3343262538666425
0.44669833333333336,60.0,0.029562030868490453,0.3242478363278662
0.4471104166666667,60.0,0.029555447880511367,0.314664119291592
0.44752250000000005,60.0,0.029549129727285323,0.305646806882485
0.44793458333333336,60.0,0.029543113535553046,0.29728505938801225
0.4483466666666667,60.0,0.029537399247150556,0.28961680447587856
0.44875875000000004,60.0,0.029532006659349404,0.282724150351826
0.44917083333333335,60.0,0.029526952244314193,0.27666344465053705
0.4495829166666667,60.0,0.029522223611314645,0.27149210677291863
0.44999500000000003,60.0,0.029517817685214123,0.2672485325076076
0.45040708333333335,60.0,0.029513744285011606,0.2639659283762186
0.4508191666666667,60.0,0.02950999696386426,0.261695380043499
0.45123125000000003,60.0,0.029506572506586167,0.2604426250307443
0.4516433333333334,60.0,0.029503451257095737,0.26021420609683643
0.4520554166666667,60.0,0.02950061434226957,0.2610341368920431
0.4524675,60.0,0.02949807380427145,0.2628638655862633
0.4528795833333334,60.0,0.029495801946423015,0.26568352947574486
0.4532916666666667,60.0,0.029493789760015723,0.2694915828142645
0.45370375,60.0,0.02949208977122892,0.2742136987035479
0.4541158333333334,60.0,0.02949066952345735,0.2798345572340055
0.4545279166666667,60.0,0.029489464365885124,0.28630519092360096
0.45494,60.0,0.029488503953477685,0.2935386901618877
0.4553520833333334,60.0,0.0294878044032948,0.30150342420137327
0.4557641666666667,60.0,0.02948731111510255,0.3101308106070755
0.45617625000000006,60.0,0.029486971061565205,0.3193444825848194
0.4565883333333334,60.0,0.02948676040964757,0.32906558156486015
0.4570004166666667,60.0,0.02948664390969904,0.3392244294773096
0.45741250000000006,60.0,0.02948656632140024,0.3497309509408644
0.45782458333333337,60.0,0.02948650576126225,0.3604897607994618
0.4582366666666667,60.0,0.029486454511636787,0.3714095844980714
0.45864875000000005,60.0,0.029486379556904266,0.3823951582682896
0.45906083333333336,60.0,0.029486252537540586,0.39335226196102246
0.45947291666666673,60.0,0.029486053678472582,0.40418419907489395
0.45988500000000004,60.0,0.029485758204368284,0.41479456208640353
0.46029708333333336,60.0,0.029485345957349765,0.4250901911374613
0.4607091666666667,60.0,0.02948479842994527,0.43499674791055803
0.46112125000000004,60.0,0.029484104448289934,0.4444279426651709
0.46153333333333335,60.0,0.029483251827004692,0.4533120084488352
0.4619454166666667,60.0,0.029482186252691972,0.46157394989960854
0.46235750000000003,60.0,0.029480853849080474,0.4691579259477374
0.46276958333333335,60.0,0.02947928199833005,0.47599642200692066
0.4631816666666667,60.0,0.02947747180632439,0.4820327693680673
0.46359375,60.0,0.02947533795588306,0.4872376921072788
0.4640058333333334,60.0,0.029472871566513827,0.49155550611146165
0.4644179166666667,60.0,0.02947010543073358,0.4949322259055967
0.46483,60.0,0.029467011387286503,0.49737154216898855
0.4652420833333334,60.0,0.029463597231484843,0.49883094282979273
0.4656541666666667,60.0,0.02945990601422099,0.4992945710414972
0.46606625,60.0,0.029455954124814273,0.4987777555684204
0.4664783333333334,60.0,0.029451747125356347,0.4972550916245373
0.4668904166666667,60.0,0.0294472930766707,0.49477297099012085
0.4673025,60.0,0.02944261023443293,0.4913452320184858
0.4677145833333334,60.0,0.02943770793512982,0.48698573844198206
0.4681266666666667,60.0,0.02943259241873056,0.481752534087058
0.46853875000000006,60.0,0.02942729415166906,0.4756923864629645
0.4689508333333334,60.0,0.02942183084201569,0.4688510827847042
0.4693629166666667,60.0,0.029416198874545076,0.4612837306265936
0.46977500000000005,60.0,0.029410402865572925,0.4530482471125591
0.47018708333333337,60.0,0.029404477713441974,0.44422281038053557
0.4705991666666667,60.0,0.02939848797914016,0.4348802435357512
0.47101125000000005,60.0,0.029392450768343317,0.4250801689822762
0.47142333333333336,60.0,0.029386351453922356,0.4149198879736381
0.47183541666666673,60.0,0.029380248909371003,0.40446995252038054
0.47224750000000004,60.0,0.02937421379145576,0.39383083616277526
0.47265958333333336,60.0,0.029368244229962603,0.3830837151210509
0.4730716666666667,60.0,0.029362367078845437,0.37232521830083576
0.47348375000000004,60.0,0.029356655065762103,0.3616495211057913
0.47389583333333335,60.0,0.029351105744097113,0.3511437025094381
0.4743079166666667,60.0,0.02934570191853276,0.34090832095060586
0.47472000000000003,60.0,0.029340482040392007,0.3310168401593317
0.47513208333333334,60.0,0.029335453978441492,0.3215649872963777
0.4755441666666667,60.0,0.02933061897878002,0.3126303041486997
0.47595625,60.0,0.029326014910886936,0.3042719413425331
0.4763683333333334,60.0,0.029321662898896924,0.2965807338686469
0.4767804166666667,60.0,0.029317574659767316,0.289602158495312
0.4771925,60.0,0.029313755716556113,0.2833868053195462
0.4776045833333334,60.0,0.02931022568990322,0.27801099315629857
0.4780166666666667,60.0,0.029307039331932454,0.2734888159861442
0.47842875,60.0,0.029304210399215606,0.26988086012206713
0.4788408333333334,60.0,0.029301713795187066,0.2672075818572841
0.4792529166666667,60.0,0.029299547580518535,0.265473394312678
0.47966500000000006,60.0,0.029297737579230942,0.26472594326504206
0.4800770833333334,60.0,0.029296289439426606,0.2649483475432863
0.4804891666666667,60.0,0.029295159575964846,0.2661442604384778
0.48090125000000006,60.0,0.029294339746536616,0.26829975561106567
0.48131333333333337,60.0,0.029293848235507174,0.2713947236627524
0.4817254166666667,60.0,0.029293627653592245,0.27540165501340885
0.48213750000000005,60.0,0.029293632436071866,0.2802819523709681
0.48254958333333337,60.0,0.029293886200472588,0.28599225813065837
0.4829616666666667,60.0,0.029294371493754124,0.29247723281802207
0.48337375000000005,60.0,0.02929505420010911,0.2996952121961045
0.48378583333333336,60.0,0.029295950039556325,0.3075642769808652
0.48419791666666673,60.0,0.02929704426664882,0.3160249185732327
0.48461000000000004,60.0,0.02929828016106898,0.32500903109499335
0.48502208333333335,60.0,0.02929964143813372,0.3344459135716879
0.4854341666666667,60.0,0.02930112496272631,0.3442436238282732
0.48584625000000004,60.0,0.029302696506371136,0.3543311638038982
0.48625833333333335,60.0,0.029304307804324647,0.36461902010839187
0.4866704166666667,60.0,0.029305897969098476,0.3750182316575935
0.48708250000000003,60.0,0.029307442270486976,0.38545046028284374
0.4874945833333334,60.0,0.029308940762401047,0.39580851320942095
0.4879066666666667,60.0,0.029310340051940664,0.4060372332026967
0.48831875,60.0,0.029311599233782716,0.41601887083861433
0.4887308333333334,60.0,0.029312725409923687,0.42567772666300663
0.4891429166666667,60.0,0.029313698667698364,0.43493996302179827
0.489555,60.0,0.029314475536328165,0.4437158635190709
0.4899670833333334,60.0,0.02931504373285222,0.45195000304619887
0.4903791666666667,60.0,0.029315428918278583,0.45956423415070846
0.49079125,60.0,0.02931562276583415,0.46648482683327774
0.4912033333333334,60.0,0.029315590214281834,0.4726752020590432
0.4916154166666667,60.0,0.02931534844565464,0.47808530892812795
0.49202750000000006,60.0,0.0293148802738629,0.4826401698269686
0.4924395833333334,60.0,0.029314128467107396,0.4863457852362491
0.4928516666666667,60.0,0.02931311465691408,0.48914750160241477
0.49326375000000006,60.0,0.029311857928949664,0.49102692861925706
0.49367583333333337,60.0,0.029310317780600316,0.49197153516719466
0.4940879166666667,60.0,0.02930848046731018,0.4919699558131188
0.49450000000000005,60.0,0.029306367052943042,0.49102763323394083
0.49491208333333336,60.0,0.029304001785643557,0.4891573497775393
0.49532416666666673,60.0,0.029301406464273174,0.486375791551873
0.49573625000000004,60.0,0.02929858582323487,0.48269660035483547
0.49614833333333336,60.0,0.029295554925896437,0.47816310486300834
0.4965604166666667,60.0,0.02929235870729177,0.4728078688141365
0.49697250000000004,60.0,0.029289003798480037,0.4666810366396369
0.49738458333333335,60.0,0.029285476775142944,0.45983303474343923
0.4977966666666667,60.0,0.0292818259819869,0.45233062944914165
0.49820875000000003,60.0,0.029278091849229297,0.4442168364635904
0.49862083333333335,60.0,0.029274262592998666,0.43557227293416023
0.4990329166666667,60.0,0.029270352766662112,0.426469167952746
0.49944500000000003,60.0,0.02926639300613633,0.41697873968798016
0.4998570833333334,60.0,0.02926238627003373,0.40718569952867506
0.5002691666666667,60.0,0.02925834481109325,0.39715618823797716
0.5006812500000001,60.0,0.029254326038447062,0.38700741637869546
0.5010933333333334,60.0,0.029250378496196914,0.37678559089094704
0.5015054166666667,60.0,0.02924648959404627,0.36659164479430695
0.5019175,60.0,0.0292426890458556,0.3565265982698201
0.5023295833333333,60.0,0.029239060552102958,0.346645504229924
0.5027416666666668,60.0,0.029235621666648146,0.3370620117704578
0.5031537500000001,60.0,0.02923237897301529,0.32784279059167454
0.5035658333333334,60.0,0.0292293668607893,0.31904073003827976
0.5039779166666667,60.0,0.029226597411175448,0.3107649013916352
0.50439,60.0,0.02922408591859772,0.30308224098435543
0.5048020833333334,60.0,0.02922183116149845,0.2960282219019323
0.5052141666666667,60.0,0.029219827511289216,0.2896943743748413
0.50562625,60.0,0.029218117335726226,0.2841129118958098
0.5060383333333334,60.0,0.029216716052280916,0.279338096014166
0.5064504166666667,60.0,0.029215595122334695,0.27541059592918526
0.5068625,60.0,0.02921476678979407,0.2723587641275772
0.5072745833333334,60.0,0.029214254310848474,0.2702181613208734
0.5076866666666667,60.0,0.029214040776509624,0.2689919239376295
0.50809875,60.0,0.029214134638473985,0.26871097025436175
0.5085108333333334,60.0,0.029214571846771908,0.26934408147775807
0.5089229166666667,60.0,0.029215326829502147,0.27090534029195984
0.5093350000000001,60.0,0.029216357699556293,0.2733779513838116
0.5097470833333334,60.0,0.029217677758345884,0.2767313846369482
0.5101591666666667,60.0,0.02921929379708188,0.28094083002361425
0.51057125,60.0,0.029221157140111937,0.28595732123262607
0.5109833333333333,60.0,0.0292232194900979,0.2917509057433226
0.5113954166666667,60.0,0.029225478617850097,0.29825222421785025
0.5118075000000001,60.0,0.0292279124431883,0.3054177219358659
0.5122195833333334,60.0,0.029230467655296705,0.31319575235454583
0.5126316666666667,60.0,0.0292331321779071,0.3215013232608203
0.51304375,60.0,0.02923590354055245,0.33026001767487295
0.5134558333333333,60.0,0.029238765749225723,0.33942617596271435
0.5138679166666668,60.0,0.029241705006550826,0.3488857768159847
0.5142800000000001,60.0,0.029244676526631617,0.358583380753258
0.5146920833333334,60.0,0.029247661032397444,0.3684407851016038
0.5151041666666667,60.0,0.029250661824008328,0.3783454788082644
0.51551625,60.0,0.029253631169569895,0.388242807118222
0.5159283333333333,60.0,0.029256552703276952,0.39804236608176785
0.5163404166666667,60.0,0.02925942433821052,0.4076430843471419
0.5167525000000001,60.0,0.0292621770340109,0.41698603062465855
0.5171645833333334,60.0,0.02926477300341648,0.42600098493540073
0.5175766666666667,60.0,0.02926723061972846,0.4345916609566038
0.51798875,60.0,0.029269524291936404,0.4427017828684754
0.5184008333333334,60.0,0.0292715959113255,0.4502636783666126
0.5188129166666667,60.0,0.029273439313915166,0.45721658253599057
0.519225,60.0,0.029275072539616233,0.46350137706799627
0.5196370833333334,60.0,0.029276470997267143,0.46907383075811226
0.5200491666666667,60.0,0.02927761321200477,0.47388465611414465
0.52046125,60.0,0.02927852098625365,0.4778869986824708
0.5208733333333334,60.0,0.029279208953509602,0.4810539741387387
0.5212854166666667,60.0,0.029279658985053088,0.4833506333574147
0.5216975,60.0,0.029279852690471193,0.484771965136917
0.5221095833333333,60.0,0.029279787391057938,0.48529351277162464
0.5225216666666667,60.0,0.029279460859506033,0.4849180268300693
0.5229337500000001,60.0,0.029278878283802694,0.4836408881156978
0.5233458333333334,60.0,0.029278045512726336,0.4814746803054974
0.5237579166666667,60.0,0.029276962025767808,0.4784573279928304
0.52417,60.0,0.029275644927743535,0.4745923047440707
0.5245820833333333,60.0,0.029274092152001066,0.4699178700175177
0.5249941666666668,60.0,0.029272317558603298,0.46449888401847556
0.5254062500000001,60.0,0.029270390203385163,0.458356665463937
0.5258183333333334,60.0,0.029268314445410844,0.45153940230575734
0.5262304166666667,60.0,0.02926607650563592,0.4441315897148664
0.5266425,60.0,0.02926375020938578,0.4361662963750926
0.5270545833333333,60.0,0.0292613745283605,0.42772690513626044
0.5274666666666668,60.0,0.029258934554959523,0.4188941270439139
0.5278787500000001,60.0,0.029256466209401547,0.40970317370115955
0.5282908333333334,60.0,0.02925402064315483,0.4002650380686345
0.5287029166666667,60.0,0.029251610704760483,0.3906545942935192
0.529115,60.0,0.02924922970507002,0.38094325448911764
0.5295270833333334,60.0,0.029246893591439515,0.3712261377931483
0.5299391666666667,60.0,0.02924463715695099,0.3615754113629513
0.53035125,60.0,0.02924248177998586,0.35208217775893774
0.5307633333333334,60.0,0.0292404554684337,0.342819142814676
0.5311754166666667,60.0,0.029238589263509588,0.3338686199548106
0.5315875,60.0,0.029236901504142265,0.3253090792283576
0.5319995833333334,60.0,0.029235410342097427,0.3171990974691595
0.5324116666666667,60.0,0.0292341378530679,0.3096187290273284
0.53282375,60.0,0.029233114171398573,0.3026199290316739
0.5332358333333334,60.0,0.029232362334480847,0.29625852919332596
0.5336479166666667,60.0,0.02923187202292312,0.2905889833742421
0.5340600000000001,60.0,0.02923163466093182,0.28565074773231547
0.5344720833333334,60.0,0.02923168626651677,0.2815021877977646
0.5348841666666667,60.0,0.029232030274588768,0.27815392041722564
0.53529625,60.0,0.02923261796216185,0.27565095654594707
0.5357083333333333,60.0,0.02923347204123101,0.2740075235896336
0.5361204166666667,60.0,0.029234627182152674,0.2732287735922348
0.5365325000000001,60.0,0.02923602913945249,0.2733507146468973
0.5369445833333334,60.0,0.029237660411149734,0.2743493657230786
0.5373566666666667,60.0,0.029239549893434053,0.27620471504973115
0.53776875,60.0,0.029241689296965828,0.27893273646346806
0.5381808333333333,60.0,0.02924407588237332,0.28248242528422157
0.5385929166666668,60.0,0.029246708299457937,0.28682421201706526
0.5390050000000001,60.0,0.02924956981430898,0.291937636656857
0.5394170833333334,60.0,0.02925264039395347,0.2977449339922827
0.5398291666666667,60.0,0.02925589342020788,0.30422856809171567
0.54024125,60.0,0.02925931672904227,0.31131447457542677
0.5406533333333334,60.0,0.02926289265803382,0.31893618102020094
0.5410654166666667,60.0,0.029266578529302055,0.32704381493804136
0.5414775000000001,60.0,0.0292703377812533,0.33556442031873296
0.5418895833333334,60.0,0.02927415154291088,0.3444288999039349
0.5423016666666667,60.0,0.029278009056202776,0.3535556835894597
0.54271375,60.0,0.029281874646048776,0.36287634161488574
0.5431258333333334,60.0,0.029285705905051623,0.37230596104447183
0.5435379166666667,60.0,0.02928951448289974,0.38177038814085523
0.54395,60.0,0.029293291821714994,0.3911797035768205
0.5443620833333334,60.0,0.029296968248883136,0.400463570557546
0.5447741666666667,60.0,0.029300525984431936,0.40953705010107777
0.5451862500000001,60.0,0.02930399179545498,0.4183209737147664
0.5455983333333334,60.0,0.02930733093901052,0.4267378052871262
0.5460104166666667,60.0,0.029310499587264817,0.4347309816228826
0.5464225,60.0,0.02931350127755878,0.44222269693068655
0.5468345833333333,60.0,0.029316300281833137,0.44915303011998237
0.5472466666666667,60.0,0.029318853724603678,0.4554770445654189
0.5476587500000001,60.0,0.029321169318230155,0.46112689903486154
0.5480708333333334,60.0,0.02932323460768523,0.4660818632092075
0.5484829166666667,60.0,0.02932503069581385,0.47028722999006406
0.548895,60.0,0.029326552414668815,0.4737096478926959
0.5493070833333333,60.0,0.02932779418840572,0.47633739294050775
0.5497191666666668,60.0,0.02932877908240273,0.47813773902708845
0.5501312500000001,60.0,0.02932951397108458,0.4790918514583958
0.5505433333333334,60.0,0.029329984470500295,0.4792054868376731
0.5509554166666667,60.0,0.029330214426359268,0.4784629699144748
0.5513675,60.0,0.02933022936463719,0.47687747218233184
0.5517795833333333,60.0,0.029330019853826488,0.474470993607835
0.5521916666666667,60.0,0.029329569138553172,0.4712399281763188
0.5526037500000001,60.0,0.029328906720178613,0.4672398428923981
0.5530158333333334,60.0,0.0293280798771625,0.46248831027632986
0.5534279166666667,60.0,0.02932707127754337,0.4570285486967273
0.55384,60.0,0.029325875404448247,0.45091901594133255
0.5542520833333334,60.0,0.02932454080320456,0.44420131267894825
0.5546641666666667,60.0,0.02932307214798059,0.436933672262832
0.55507625,60.0,0.029321472215998633,0.42917926199328366
0.5554883333333334,60.0,0.029319801163864057,0.42100757316823406
0.5559004166666667,60.0,0.029318088851460884,0.4124740880174724
0.5563125000000001,60.0,0.029316333501420044,0.4036616509166718
0.5567245833333334,60.0,0.029314574761835414,0.3946291963498425
0.5571366666666667,60.0,0.02931285449938425,0.3854616359958791
0.55754875,60.0,0.029311184923236658,0.376233799250622
0.5579608333333334,60.0,0.029309584973422453,0.3670213409681681
0.5583729166666667,60.0,0.029308071037491716,0.35789620496085095
0.5587850000000001,60.0,0.02930666383444051,0.3489480808388751
0.5591970833333334,60.0,0.029305390259563954,0.3402563393233389
0.5596091666666667,60.0,0.029304235315032644,0.3318774818027463
0.56002125,60.0,0.029303209235584153,0.32390887810560137
0.5604333333333333,60.0,0.029302374756726885,0.3163887943774959
0.5608454166666668,60.0,0.029301743366127227,0.3094167159077962
0.5612575000000001,60.0,0.02930130122230944,0.30302605783159187
0.5616695833333334,60.0,0.029301071139444718,0.2972657410625648
0.5620816666666667,60.0,0.029301084424589282,0.29220806379759023
0.56249375,60.0,0.029301346329325833,0.2878605522546107
0.5629058333333333,60.0,0.029301855952787805,0.2842878647250927
0.5633179166666668,60.0,0.029302648419980107,0.2814995949111298
0.5637300000000001,60.0,0.02930372660130679,0.27950982581709416
0.5641420833333334,60.0,0.029305052581882006,0.2783545639976171
0.5645541666666667,60.0,0.029306646305996643,0.2780366198210233
0.56496625,60.0,0.02930851844155752,0.2785387839740415
0.5653783333333334,60.0,0.029310623495719088,0.2798860408801255
0.5657904166666667,60.0,0.02931295383470906,0.2820470634903077
0.5662025,60.0,0.02931551517479656,0.2850080523625911
0.5666145833333334,60.0,0.029318283940085656,0.2887463030470403
0.5670266666666667,60.0,0.029321240690742115,0.2932247319748295
0.56743875,60.0,0.0293243679771947,0.2984064091229581
0.5678508333333334,60.0,0.02932766318036178,0.3042371204430052
0.5682629166666667,60.0,0.029331137669109074,0.31068352870284366
0.568675,60.0,0.029334757873929567,0.31766503847188116
0.5690870833333334,60.0,0.029338472305073863,0.325138646050554
0.5694991666666667,60.0,0.02934228338087709,0.33303425281131394
0.5699112500000001,60.0,0.02934618088071128,0.3412801006294281
0.5703233333333334,60.0,0.029350109752606494,0.34981933995842895
0.5707354166666667,60.0,0.029354054420405604,0.3585740301277101
0.5711475,60.0,0.02935800557774403,0.36746705082714715
0.5715595833333333,60.0,0.029361910294503416,0.3764334447144535
0.5719716666666668,60.0,0.02936573406241519,0.3853996547501717
0.5723837500000001,60.0,0.029369473963321385,0.39429042205306025
0.5727958333333334,60.0,0.029373111305754516,0.40303152342267695
0.5732079166666667,60.0,0.02937660178291851,0.41153894470998026
0.57362,60.0,0.029379933260023524,0.41977096564174493
0.5740320833333333,60.0,0.029383122880374236,0.4276199695278289
0.5744441666666668,60.0,0.029386132988540054,0.43503842687963534
0.5748562500000001,60.0,0.02938893367901749,0.441974229382624
0.5752683333333334,60.0,0.029391547546813074,0.44833767370326044
0.5756804166666667,60.0,0.029393965206491304,0.45410853558457503
0.5760925,60.0,0.029396167031879635,0.4592214857890566
0.5765045833333334,60.0,0.029398131401704147,0.463630960472003
0.5769166666666667,60.0,0.02939983045600432,0.46731720529730847
0.5773287500000001,60.0,0.02940128067631153,0.4702505705155937
0.5777408333333334,60.0,0.029402482264083697,0.4723919082624682
0.5781529166666667,60.0,0.029403405672741544,0.47374414030521284
0.578565,60.0,0.029404068988102893,0.47429670169602534
0.5789770833333334,60.0,0.029404490654679896,0.47402893332900936
0.5793891666666667,60.0,0.02940464775823237,0.4729623765478927
0.57980125,60.0,0.02940455486554227,0.47109831901819665
0.5802133333333334,60.0,0.029404255047948767,0.46845788681974365
0.5806254166666667,60.0,0.029403743420997604,0.4650508212421065
0.5810375000000001,60.0,0.029403017568507422,0.46091851900468744
0.5814495833333334,60.0,0.029402121740385232,0.45608799372139647
0.5818616666666667,60.0,0.029401074263626367,0.4506035120589968
0.58227375,60.0,0.029399862087627883,0.4445191064771662
0.5826858333333333,60.0,0.029398504199653556,0.43787603178699125
0.5830979166666667,60.0,0.029397044627877116,0.430739828765124
0.5835100000000001,60.0,0.029395497415661612,0.4231684853212306
0.5839220833333334,60.0,0.02939384782173398,0.41523438813609115
0.5843341666666667,60.0,0.029392118354009147,0.4069912938954891
0.58474625,60.0,0.029390348517994117,0.39851547391245906
0.5851583333333333,60.0,0.02938855964216323,0.3898871153007052
0.5855704166666668,60.0,0.029386783884560903,0.38116342468384773
0.5859825000000001,60.0,0.02938504127179117,0.3724109221512252
0.5863945833333334,60.0,0.02938335880681729,0.3637268092698492
0.5868066666666667,60.0,0.02938177779816065,0.3551502422718262
0.58721875,60.0,0.029380296579273345,0.3467720997847365
0.5876308333333334,60.0,0.029378940223993705,0.3386728748962487
0.5880429166666667,60.0,0.029377758393780245,0.3308835933576958
0.5884550000000001,60.0,0.02937673414484821,0.32350385791663266
0.5888670833333334,60.0,0.029375874677986843,0.3165883299461353
0.5892791666666667,60.0,0.02937522748686697,0.31018592038425236
0.58969125,60.0,0.029374782785432523,0.30436639136473825
0.5901033333333334,60.0,0.02937452529707,0.2991744263187233
0.5905154166666667,60.0,0.029374492024081884,0.2946463704541815
0.5909275,60.0,0.029374708594915172,0.29082804670060286
0.5913395833333334,60.0,0.029375151339139483,0.2877496407293338
0.5917516666666667,60.0,0.029375811079286822,0.2854355732437864
0.5921637500000001,60.0,0.029376714954625464,0.283893608663577
0.5925758333333334,60.0,0.029377876564935464,0.2831508150919983
0.5929879166666667,60.0,0.029379286979570273,0.2832063400871962
0.5934,60.0,0.02938093901689728,0.28404761833900416
0.5938120833333334,60.0,0.029382830961995555,0.2856790021797886
0.5942241666666667,60.0,0.029384949135471013,0.2880753022401375
0.5946362500000001,60.0,0.029387272767922114,0.29123358640556596
0.5950483333333334,60.0,0.029389784715729603,0.29510953575505366
0.5954604166666667,60.0,0.029392468887609154,0.299677726820335
0.5958725,60.0,0.029395312747019918,0.304896973641397
0.5962845833333333,60.0,0.029398287841146547,0.31071522021055653
0.5966966666666668,60.0,0.029401367111524662,0.317106150283624
0.5971087500000001,60.0,0.0294045579447719,0.3239865274964554
0.5975208333333334,60.0,0.02940782898759942,0.3312970999932993
0.5979329166666667,60.0,0.029411137757371305,0.33900468126615063
0.598345,60.0,0.029414513857949347,0.34700555788842635
0.5987570833333333,60.0,0.029417936479831538,0.35524265285468504
0.5991691666666668,60.0,0.029421334885223027,0.3636635504504632
0.5995812500000001,60.0,0.029424711553102997,0.37216850699338666
0.5999933333333334,60.0,0.02942807225778657,0.3807090376964316
0.6004054166666667,60.0,0.029431378918044288,0.3892109420782472
0.6008175,60.0,0.029434599776571257,0.397589230796486
0.6012295833333334,60.0,0.029437715079400916,0.40579450984827
0.6016416666666667,60.0,0.029440705318927427,0.4137525524682361
0.60205375,60.0,0.02944354062063344,0.4213984793966878
0.6024658333333334,60.0,0.029446197834678438,0.42867221172405895
0.6028779166666667,60.0,0.029448670114106644,0.4355119804260021
0.60329,60.0,0.029450945694001397,0.4418608346904308
0.6037020833333334,60.0,0.029453011827960146,0.4476628206378518
0.6041141666666667,60.0,0.02945485747053354,0.45287686487496465
0.60452625,60.0,0.02945648011719136,0.457458361375655
0.6049383333333334,60.0,0.029457879110731028,0.4613620545721979
0.6053504166666667,60.0,0.02945903880451218,0.46456310469093715
0.6057625000000001,60.0,0.02945995617191918,0.4670326625864136
0.6061745833333334,60.0,0.029460647693918325,0.46875512673983005
0.6065866666666667,60.0,0.02946109770369411,0.4697120183569816
0.60699875,60.0,0.02946126943005637,0.4699007737472457
0.6074108333333333,60.0,0.02946119344152347,0.46932988986406665
0.6078229166666668,60.0,0.02946090600733873,0.46798168028403814
0.6082350000000001,60.0,0.02946036843294324,0.4658949816062107
0.6086470833333334,60.0,0.029459584755928258,0.4630705131709334
0.6090591666666667,60.0,0.02945860080945968,0.45952925641936876
0.60947125,60.0,0.02945740912802733,0.45532130970776785
0.6098833333333333,60.0,0.029456020904088893,0.4504615054891748
0.6102954166666668,60.0,0.029454474961518304,0.4449912192725769
0.6107075000000001,60.0,0.029452788329270216,0.4389706161572436
0.6111195833333334,60.0,0.029450986136510784,0.4324377904311146
0.6115316666666667,60.0,0.029449086850688616,0.4254426139329247
0.61194375,60.0,0.029447108397225495,0.4180756523578782
0.6123558333333334,60.0,0.029445079210713144,0.4103619318237468
0.6127679166666667,60.0,0.029443009719881473,0.40239484455806446
0.6131800000000001,60.0,0.029440917385051512,0.39423425365261366
0.6135920833333334,60.0,0.02943883121976219,0.38593986734429636
0.6140041666666667,60.0,0.029436769070236193,0.3776080810328234
0.61441625,60.0,0.02943473394820762,0.3692836439147019
0.6148283333333334,60.0,0.029432741376061018,0.3610498294357307
0.6152404166666667,60.0,0.02943084613723129,0.3529694740453885
0.6156525,60.0,0.029429074994184515,0.3451142604204375
0.6160645833333334,60.0,0.02942740904723656,0.33754518301312225
0.6164766666666667,60.0,0.02942587717046294,0.33032704575405275
0.6168887500000001,60.0,0.029424528959850673,0.32351413138617663
0.6173008333333334,60.0,0.029423354955189045,0.31717415113793046
0.6177129166666667,60.0,0.029422355284945783,0.31135291441908053
0.618125,60.0,0.029421574717108316,0.30609563698980125
0.6185370833333333,60.0,0.02942101440814903,0.3014455852299018
0.6189491666666667,60.0,0.02942065562350639,0.29745378875661743
0.6193612500000001,60.0,0.029420520602291673,0.29414483407985514
0.6197733333333334,60.0,0.029420606211117632,0.2915400896383199
0.6201854166666667,60.0,0.029420899602586034,0.2896771812986012
0.6205975,60.0,0.02942141405663264,0.288543263738312
0.6210095833333333,60.0,0.029422142986605802,0.28817778794474275
0.6214216666666668,60.0,0.02942308789395757,0.2885641703072424
0.6218337500000001,60.0,0.029424246228565334,0.28969024706213425
0.6222458333333334,60.0,0.029425595814668713,0.29157015315732365
0.6226579166666667,60.0,0.029427153689468504,0.29416233366028915
0.62307,60.0,0.02942893135282205,0.29745471050921685
0.6234820833333334,60.0,0.029430892249730934,0.301424998067368
0.6238941666666667,60.0,0.029433008752287257,0.30602510081612627
0.6243062500000001,60.0,0.029435283095385074,0.3112265001351916
0.6247183333333334,60.0,0.029437709205843127,0.3169920820275356
0.6251304166666667,60.0,0.029440242270347715,0.3232505268393271
0.6255425,60.0,0.02944285684346868,0.3299763890940042
0.6259545833333334,60.0,0.029445565781348357,0.3370902807971516
0.6263666666666667,60.0,0.029448329809068894,0.3445389171213392
0.62677875,60.0,0.029451102374896912,0.35227147804001824
0.6271908333333334,60.0,0.02945389113486871,0.36020236226981744
0.6276029166666667,60.0,0.02945667475209548,0.36827423153317307
0.6280150000000001,60.0,0.02945941385508633,0.3764093141126719
0.6284270833333334,60.0,0.029462108886506397,0.38455730018557305
0.6288391666666667,60.0,0.029464748818734118,0.39262563519224297
0.62925125,60.0,0.029467295356511207,0.4005633242357876
0.6296633333333334,60.0,0.029469731897449808,0.4082990038710128
0.6300754166666667,60.0,0.029472049172552167,0.4157597762209163
0.6304875000000001,60.0,0.029474230559031485,0.4229066267514086
0.6308995833333334,60.0,0.029476262461712577,0.4296525934665443
0.6313116666666667,60.0,0.029478102427969357,0.43595886175771525
0.63172375,60.0,0.0294797259213259,0.44177478742616394
0.6321358333333333,60.0,0.029481154127997285,0.44704683494990094
0.6325479166666668,60.0,0.02948236269380593,0.45173100243650116
0.6329600000000001,60.0,0.029483319887821716,0.45579772043312805
0.6333720833333334,60.0,0.02948404874357487,0.45919834481566074
0.6337841666666667,60.0,0.029484554625296682,0.46192877340017063
0.63419625,60.0,0.029484815997820026,0.4639485367603723
0.6346083333333333,60.0,0.029484830049103176,0.46524342617916303
0.6350204166666668,60.0,0.02948462067185262,0.4658257414080821
0.6354325000000001,60.0,0.029484195368614498,0.4656567868926779
0.6358445833333334,60.0,0.02948353695602126,0.46477228077956373
0.6362566666666667,60.0,0.029482671072115278,0.46316585581781494
0.63666875,60.0,0.029481614841772374,0.46084959074037307
0.6370808333333334,60.0,0.029480342345343517,0.4578536052084813
0.6374929166666667,60.0,0.029478875803196917,0.45420204082709864
0.637905,60.0,0.02947724989732684,0.449911075173012
0.6383170833333334,60.0,0.029475459192143165,0.4450379238808178
0.6387291666666667,60.0,0.029473510930455582,0.43961510342223814
0.6391412500000001,60.0,0.02947142151293544,0.4336760312142302
0.6395533333333334,60.0,0.02946921356717029,0.42728985079308573
0.6399654166666667,60.0,0.029466925678795393,0.42049695847889057
0.6403775,60.0,0.029464568514744355,0.41335803383170533
0.6407895833333334,60.0,0.029462150841382116,0.4059285164876246
0.6412016666666667,60.0,0.029459721697264442,0.39828092830449763
0.6416137500000001,60.0,0.02945730391843913,0.39046537265335884
0.6420258333333334,60.0,0.029454882218403908,0.38255935757571297
0.6424379166666667,60.0,0.029452490327450263,0.37462884612656044
0.64285,60.0,0.02945017003972061,0.366728003931651
0.6432620833333333,60.0,0.029447912521002196,0.3589398187515339
0.6436741666666668,60.0,0.029445733001068182,0.35132207816750805
0.6440862500000001,60.0,0.029443665198634117,0.34393897502902593
0.6444983333333334,60.0,0.029441713950473458,0.33685577779659764
0.6449104166666667,60.0,0.02943988321514458,0.33012896313748075
0.6453225,60.0,0.029438202124842643,0.3238176114315185
0.6457345833333333,60.0,0.029436705401334414,0.3179786291550455
0.6461466666666668,60.0,0.02943538422194147,0.312646266254974
0.6465587500000001,60.0,0.029434235660052092,0.30789320403133585
0.6469708333333334,60.0,0.029433301259532647,0.3037280673513277
0.6473829166666667,60.0,0.029432590185902472,0.30019827631424006
0.647795,60.0,0.029432097633442993,0.2973533140498644
0.6482070833333334,60.0,0.029431834033913754,0.2951731277736727
0.6486191666666667,60.0,0.0294317923788131,0.2937103264948907
0.6490312500000001,60.0,0.029431980885115398,0.2929654975686912
0.6494433333333334,60.0,0.02943239209215032,0.292932556324243
0.6498554166666667,60.0,0.029432992036778047,0.293630039689743
0.6502675,60.0,0.029433796526448022,0.2950354010627879
0.6506795833333334,60.0,0.02943481385804168,0.2971341531300661
0.6510916666666667,60.0,0.02943600411631675,0.29991681669338605
0.65150375,60.0,0.029437362047582606,0.3033605540760109
0.6519158333333334,60.0,0.029438899635396715,0.30741802291251036
0.6523279166666667,60.0,0.029440583753957302,0.31206517420562657
0.6527400000000001,60.0,0.02944239527794939,0.31726608524125166
0.6531520833333334,60.0,0.02944434963031305,0.3229705254738283
0.6535641666666667,60.0,0.029446421500949845,0.32912278761747826
0.65397625,60.0,0.0294485644974859,0.3356839018215216
0.6543883333333333,60.0,0.029450771012538922,0.3425871043714847
0.6548004166666668,60.0,0.02945303908440953,0.3497797475968356
0.6552125000000001,60.0,0.02945533788085444,0.3572048175458998
0.6556245833333334,60.0,0.02945762971094222,0.36478612264334487
0.6560366666666667,60.0,0.029459899225359545,0.3724777331309174
0.65644875,60.0,0.029462135981592502,0.3802005770288246
0.6568608333333333,60.0,0.029464304564745723,0.3879062508977199
0.6572729166666668,60.0,0.02946638211937425,0.39551934254989735
0.6576850000000001,60.0,0.02946835924790876,0.4029721670780364
0.6580970833333334,60.0,0.029470224546937672,0.41022648802329864
0.6585091666666667,60.0,0.029471975172813133,0.4171950711733597
0.65892125,60.0,0.02947357810644258,0.4238292002298264
0.6593333333333334,60.0,0.02947501840456645,0.43009101636159114
0.6597454166666668,60.0,0.029476311237870926,0.43589467254829406
0.6601575000000001,60.0,0.029477419357267796,0.44121755047386685
0.6605695833333334,60.0,0.02947832763215212,0.44601545523592334
0.6609816666666667,60.0,0.029479059355140166,0.45022771772994624
0.66139375,60.0,0.02947957698927378,0.45383823939870155
0.6618058333333334,60.0,0.029479852547627153,0.45681279515422873
0.6622179166666667,60.0,0.029479916007729538,0.45912616782157534
0.66263,60.0,0.029479769970185036,0.4607567527191377
0.6630420833333334,60.0,0.029479388869194424,0.46170341013131366
0.6634541666666667,60.0,0.02947877643061338,0.4619441439893239
0.6638662500000001,60.0,0.02947795556257625,0.4614870815014474
0.6642783333333334,60.0,0.029476927888740404,0.46034215509117044
0.6646904166666667,60.0,0.029475689430254866,0.458508567547455
0.6651025,60.0,0.02947425622702375,0.4560074089899723
0.6655145833333334,60.0,0.02947265168054442,0.4528626068716049
0.6659266666666667,60.0,0.029470889807539636,0.44910117984864983
0.6663387500000001,60.0,0.029468972304803925,0.44474777229340734
0.6667508333333334,60.0,0.029466908586250968,0.4398501015200514
0.6671629166666667,60.0,0.029464717085671076,0.4344423330476889
0.667575,60.0,0.02946241416381477,0.42857914661101065
0.6679870833333333,60.0,0.02946001043953077,0.4222986744563221
0.6683991666666668,60.0,0.029457519592543308,0.4156669049562808
0.6688112500000001,60.0,0.029454972808042906,0.4087343388421183
0.6692233333333334,60.0,0.02945237799772659,0.4015539112416194
0.6696354166666667,60.0,0.02944973941452563,0.39420397442041544
0.6700475,60.0,0.029447118573444314,0.38672960897375347
0.6704595833333334,60.0,0.029444537064060222,0.3791913548845992
0.6708716666666668,60.0,0.02944197251834592,0.371675363056026
0.6712837500000001,60.0,0.02943947576210338,0.364215720731715
0.6716958333333334,60.0,0.029437083056818525,0.35688036221674097
0.6721079166666667,60.0,0.029434779776832926,0.3497531235828321
0.67252,60.0,0.029432587641329718,0.34286000287653606
0.6729320833333334,60.0,0.029430536500576022,0.3362775073295002
0.6733441666666667,60.0,0.029428639599991323,0.3300589602257761
0.6737562500000001,60.0,0.0294269018302135,0.3242466968310948
0.6741683333333334,60.0,0.029425325453567013,0.31890512240561697
0.6745804166666667,60.0,0.02942392449789379,0.3140669898863573
0.6749925000000001,60.0,0.02942271241456835,0.30977752537982556
0.6754045833333334,60.0,0.02942169514575714,0.3060726109237496
0.6758166666666667,60.0,0.029420878868545577,0.3029854902995293
0.67622875,60.0,0.029420272950222093,0.3005395522785941
0.6766408333333334,60.0,0.029419881978313644,0.2987513220929573
0.6770529166666667,60.0,0.029419699949167807,0.29763918265459627
0.6774650000000001,60.0,0.029419733266227176,0.2972160566836501
0.6778770833333334,60.0,0.029419995943103034,0.29747228561715233
0.6782891666666667,60.0,0.029420468455691327,0.2984128512940574
0.67870125,60.0,0.029421121535143736,0.3000264548532473
0.6791133333333333,60.0,0.029421967901158676,0.3022976890504047
0.6795254166666668,60.0,0.029423009356328498,0.30521241643474456
0.6799375000000001,60.0,0.029424194483857337,0.3087345162262469
0.6803495833333334,60.0,0.029425516747472062,0.3128524037423751
0.6807616666666667,60.0,0.029426999951198966,0.3175023068755577
0.68117375,60.0,0.02942860055325363,0.32267160789510807
0.6815858333333333,60.0,0.02943029003705982,0.3283095256340933
0.6819979166666668,60.0,0.029432075472594948,0.3343459654139057
0.6824100000000001,60.0,0.029433931654506234,0.34076456280986095
0.6828220833333334,60.0,0.029435845255200883,0.3474771749183704
0.6832341666666667,60.0,0.029437806071262125,0.354440567483047
0.68364625,60.0,0.029439786426821244,0.3616010564969449
0.6840583333333334,60.0,0.0294417752507417,0.3688798561690551
0.6844704166666667,60.0,0.02944374845177417,0.37622278125618136
0.6848825000000001,60.0,0.029445681160010482,0.38358261459850057
0.6852945833333334,60.0,0.029447568354103032,0.3908735660072546
0.6857066666666667,60.0,0.02944938535954276,0.39805249003450904
0.68611875,60.0,0.02945109757097099,0.40505328914917993
0.6865308333333334,60.0,0.029452688010507218,0.411817088080671
0.6869429166666667,60.0,0.029454159033006883,0.4183061310012444
0.687355,60.0,0.02945549231705899,0.42443988533649185
0.6877670833333334,60.0,0.02945665152147706,0.4301924258968641
0.6881791666666667,60.0,0.029457648120863267,0.4354984470216259
0.6885912500000001,60.0,0.029458494295935226,0.44033071144356695
0.6890033333333334,60.0,0.02945914917681759,0.4446359504294977
0.6894154166666667,60.0,0.029459596480549143,0.4483855720126703
0.6898275,60.0,0.029459862440633457,0.4515474114032146
0.6902395833333334,60.0,0.029459935242782103,0.4540917542765837
0.6906516666666668,60.0,0.0294597921568435,0.45601042387071633
0.6910637500000001,60.0,0.02945945044033625,0.4572694024800666
0.6914758333333334,60.0,0.029458904738583525,0.4578733023060202
0.6918879166666667,60.0,0.029458138960749603,0.4578190186410231
0.6923,60.0,0.02945717202404899,0.4570999383008745
0.6927120833333333,60.0,0.029456006653346,0.45572737128155044
0.6931241666666668,60.0,0.029454645771633807,0.4537185791350416
0.6935362500000001,60.0,0.029453105734956193,0.45107393895729003
0.6939483333333334,60.0,0.02945138087337232,0.4478382635745571
0.6943604166666667,60.0,0.029449497465305247,0.44402394230658687
0.6947725,60.0,0.029447488118855423,0.4396587781308179
0.6951845833333334,60.0,0.02944534353123728,0.43479779993000756
0.6955966666666668,60.0,0.029443083435952776,0.42945704041489163
0.6960087500000001,60.0,0.029440748458074654,0.4236981359767585
0.6964208333333334,60.0,0.029438347248229878,0.41756680748661246
0.6968329166666667,60.0,0.029435873226769382,0.41111043107578593
0.697245,60.0,0.029433347741216222,0.40438762234946596
0.6976570833333334,60.0,0.029430815785275125,0.39746172316753947
0.6980691666666667,60.0,0.029428280106555196,0.3903764404890098
0.69848125,60.0,0.029425739270200046,0.38321226970330846
0.6988933333333334,60.0,0.02942323765789257,0.37601948397772367
0.6993054166666667,60.0,0.02942078887522467,0.3688527266335264
0.6997175000000001,60.0,0.02941839168001762,0.36179476065988886
0.7001295833333334,60.0,0.02941608597469072,0.3548792017736663
0.7005416666666667,60.0,0.02941389455291662,0.3481793279459796
0.70095375,60.0,0.029411815913163882,0.3417432410611661
0.7013658333333334,60.0,0.029409870477880393,0.3356307049729477
0.7017779166666667,60.0,0.029408079963504963,0.3298839721375236
0.7021900000000001,60.0,0.029406452649463875,0.3245560537453404
0.7026020833333334,60.0,0.029405003683142868,0.3196953262537155
0.7030141666666667,60.0,0.02940373296344763,0.3153242213656718
0.70342625,60.0,0.029402642560414152,0.311505513841551
0.7038383333333333,60.0,0.029401760654479477,0.30824512380626645
0.7042504166666668,60.0,0.029401069871448977,0.30558760052404615
0.7046625000000001,60.0,0.02940054943226175,0.30355212564341655
0.7050745833333334,60.0,0.02940023687093062,0.3021448396566763
0.7054866666666667,60.0,0.029400136731853474,0.30138405214523734
0.70589875,60.0,0.02940022254775434,0.30127688250217416
0.7063108333333334,60.0,0.029400499878190697,0.30181372182592175
0.7067229166666668,60.0,0.029400978190481104,0.30299889425043314
0.7071350000000001,60.0,0.029401646043211032,0.30481201569297833
0.7075470833333334,60.0,0.029402485688879945,0.30723250195718593
0.7079591666666667,60.0,0.029403502649154055,0.31026740271563713
0.70837125,60.0,0.02940469345496717,0.3138451902728509
0.7087833333333334,60.0,0.029406017460204187,0.3179719841747335
0.7091954166666667,60.0,0.02940746967298342,0.3226049693736938
0.7096075000000001,60.0,0.029409054178364067,0.3276904443577813
0.7100195833333334,60.0,0.02941073282482887,0.33321017190872476
0.7104316666666667,60.0,0.02941248839621239,0.3390984460394083
0.7108437500000001,60.0,0.029414312591823963,0.3453075950412184
0.7112558333333334,60.0,0.029416182308273444,0.35179935951769126
0.7116679166666667,60.0,0.029418084079974226,0.35850699394773844
0.71208,60.0,0.029419989912080034,0.3653708253677692
0.7124920833333334,60.0,0.02942187746028925,0.3723395014302525
0.7129041666666667,60.0,0.02942375822422345,0.37935058633923274
0.7133162500000001,60.0,0.02942561291678444,0.3863440226738204
0.7137283333333334,60.0,0.02942739355621205,0.3932562108792072
0.7141404166666667,60.0,0.029429100056713887,0.40004294066462043
0.7145525,60.0,0.029430733353273578,0.4066251933425721
0.7149645833333333,60.0,0.02943224807329005,0.4129685995887713
0.7153766666666668,60.0,0.029433631454376927,0.41901605971426686
0.7157887500000001,60.0,0.02943488987996248,0.4247023395216055
0.7162008333333334,60.0,0.029435989989139794,0.43000554172789446
0.7166129166666667,60.0,0.029436912331451504,0.43485941288162683
0.717025,60.0,0.029437662345019305,0.43924206016275436
0.7174370833333333,60.0,0.029438237132159924,0.44310819155441006
0.7178491666666668,60.0,0.02943861862201861,0.4464202913695934
0.7182612500000001,60.0,0.029438797287222856,0.4491678093812563
0.7186733333333334,60.0,0.029438792929995565,0.45131397766554643
0.7190854166666667,60.0,0.029438598655766066,0.45284403359852715
0.7194975,60.0,0.029438197603469357,0.45376112245471384
0.7199095833333334,60.0,0.029437606979226125,0.4540325651456231
0.7203216666666667,60.0,0.02943683373851893,0.4536751000456384
0.7207337500000001,60.0,0.029435885147832897,0.4527034727260162
0.7211458333333334,60.0,0.029434764882759982,0.45109663618280005
0.7215579166666667,60.0,0.02943345735483851,0.44889596770983964
0.7219700000000001,60.0,0.02943198846147791,0.4461176779953122
0.7223820833333334,60.0,0.029430381031007608,0.44277127344023337
0.7227941666666667,60.0,0.029428614961088118,0.4389030790516484
0.72320625,60.0,0.02942671434230809,0.43453724202424804
0.7236183333333334,60.0,0.02942471479207961,0.4297053529898532
0.7240304166666667,60.0,0.029422606548580192,0.4244563902559184
0.7244425000000001,60.0,0.029420404171944973,0.41883615053649464
0.7248545833333334,60.0,0.029418152973114772,0.4128754233232265
0.7252666666666667,60.0,0.029415860673980297,0.40663601204750843
0.72567875,60.0,0.029413526108656822,0.40017176265716164
0.7260908333333334,60.0,0.029411186087513794,0.393527371777743
0.7265029166666668,60.0,0.02940886335569867,0.3867633418655114
0.7269150000000001,60.0,0.029406557141019043,0.3799392108838263
0.7273270833333334,60.0,0.029404281684670925,0.3731084743776332
0.7277391666666667,60.0,0.029402064770071415,0.3663309566675399
0.72815125,60.0,0.02939993015367739,0.3596631926730545
0.7285633333333333,60.0,0.029397879552872434,0.3531603526388238
0.7289754166666668,60.0,0.02939591916417375,0.3468828921733604
0.7293875000000001,60.0,0.02939407389339596,0.34087285732126876
0.7297995833333334,60.0,0.029392359509127754,0.3351930024922373
0.7302116666666667,60.0,0.029390791873086918,0.3298825506408936
0.73062375,60.0,0.02938937654769715,0.3249823682471011
0.7310358333333334,60.0,0.02938812417994736,0.3205514620741339
0.7314479166666668,60.0,0.02938706523141702,0.3166060474294578
0.7318600000000001,60.0,0.029386186619080695,0.3131824176839894
0.7322720833333334,60.0,0.029385488782461656,0.3103335396200205
0.7326841666666667,60.0,0.029385009102848962,0.30804692722438604
0.73309625,60.0,0.029384724474463088,0.3063613590053371
0.7335083333333334,60.0,0.029384617933640306,0.30530000187033324
0.7339204166666667,60.0,0.029384720413789037,0.30484339321617354
0.7343325,60.0,0.029385019028423304,0.3050192461401955
0.7347445833333334,60.0,0.02938548478552767,0.30581470699748003
0.7351566666666667,60.0,0.02938612968035967,0.3072196442159962
0.7355687500000001,60.0,0.029386961338818015,0.3092208073892136
0.7359808333333334,60.0,0.029387959125395435,0.3118070677798525
0.7363929166666667,60.0,0.029389103534326156,0.3149456146024401
0.736805,60.0,0.02939038997455211,0.31861044970592567
0.7372170833333334,60.0,0.029391814930165888,0.3227745278051772
0.7376291666666668,60.0,0.029393365391759813,0.3273943910712228
0.7380412500000001,60.0,0.029395021024551892,0.3324337546681348
0.7384533333333334,60.0,0.029396765833588974,0.33785150840218003
0.7388654166666667,60.0,0.029398590821574613,0.3435988015727832
0.7392775,60.0,0.029400474129873455,0.3496224718572702
0.7396895833333333,60.0,0.02940239042191498,0.3558872290289259
0.7401016666666668,60.0,0.02940432556670248,0.36232145626352574
0.7405137500000001,60.0,0.029406268069596966,0.36888971994054903
0.7409258333333334,60.0,0.029408190940171358,0.37551653349990993
0.7413379166666667,60.0,0.029410065150382705,0.38216519998977305
0.74175,60.0,0.029411898790486033,0.38878013934743166
0.7421620833333334,60.0,0.029413673723994106,0.395280931596374
0.7425741666666668,60.0,0.02941534446654852,0.4016507078736873
0.7429862500000001,60.0,0.029416931171359018,0.40780827537079894
0.7433983333333334,60.0,0.029418434224944622,0.41370793005320966
0.7438104166666667,60.0,0.029419799537299545,0.4193212029181425
0.7442225,60.0,0.029421025770980026,0.4245707548403875
0.7446345833333334,60.0,0.029422120010706605,0.4294282795930894
0.7450466666666667,60.0,0.02942306017141516,0.43386730986585603
0.7454587500000001,60.0,0.02942383711717185,0.4378245737338687
0.7458708333333334,60.0,0.029424440003088227,0.44128513792393254
0.7462829166666667,60.0,0.02942486354336471,0.44421580446175674
0.7466950000000001,60.0,0.02942510682577087,0.44659045265694675
0.7471070833333334,60.0,0.029425159325864966,0.4483954389471658
0.7475191666666667,60.0,0.02942501942749421,0.44960767641239846
0.74793125,60.0,0.0294246956162866,0.45022599504038596
0.7483433333333334,60.0,0.029424190181229635,0.4502333320091998
0.7487554166666667,60.0,0.029423498776584036,0.44964785358010595
0.7491675000000001,60.0,0.029422632477175942,0.4484602243048828
0.7495795833333334,60.0,0.029421609600481024,0.4466846411276932
0.7499916666666667,60.0,0.029420427170613595,0.44434153275787397
0.75040375,60.0,0.029419087948303023,0.4414451605634155
0.7508158333333333,60.0,0.029417623229758803,0.43802811127132885
0.7512279166666668,60.0,0.02941604256513697,0.4341102980838324
0.7516400000000001,60.0,0.029414325539760654,0.4297349371198173
0.7520520833333334,60.0,0.02941249596373765,0.42493497231642546
0.7524641666666667,60.0,0.029410598373751373,0.41975329849457566
0.75287625,60.0,0.029408620915910084,0.414230438450008
0.7532883333333334,60.0,0.029406568933108227,0.40842460472043857
0.7537004166666668,60.0,0.02940448787040057,0.40236515314493737
0.7541125000000001,60.0,0.02940238084720178,0.3961211710697377
0.7545245833333334,60.0,0.029400260612668212,0.3897468704631582
0.7549366666666667,60.0,0.029398159249187074,0.3832692825318341
0.75534875,60.0,0.029396083524153852,0.3767814670824666
0.7557608333333334,60.0,0.02939405939834619,0.3703035981165916
0.7561729166666668,60.0,0.029392104095338354,0.3639064790473231
0.7565850000000001,60.0,0.029390220621758462,0.3576462289315814
0.7569970833333334,60.0,0.029388437964868754,0.35156200169589763
0.7574091666666667,60.0,0.029386768239640246,0.34571115229355226
0.7578212500000001,60.0,0.02938521115025042,0.3401480493838263
0.7582333333333334,60.0,0.02938378726846173,0.3349091099735613
0.7586454166666667,60.0,0.029382514927622186,0.33003901110558387
0.7590575,60.0,0.029381390174762913,0.3255881519281125
0.7594695833333334,60.0,0.029380408056858584,0.3215766430415381
0.7598816666666667,60.0,0.029379598876321904,0.3180589973478191
0.7602937500000001,60.0,0.029378983034991278,0.31504040283224904
0.7607058333333334,60.0,0.02937853727941158,0.31256468524330333
0.7611179166666667,60.0,0.029378266574655938,0.3106434377630756
0.76153,60.0,0.029378199357930873,0.30929303506641664
0.7619420833333334,60.0,0.029378321923530203,0.3085257407536941
0.7623541666666668,60.0,0.02937861719785935,0.3083454958361018
0.7627662500000001,60.0,0.029379102998968683,0.3087592555068092
0.7631783333333334,60.0,0.029379772771807984,0.3097512065196241
0.7635904166666667,60.0,0.02938060216069394,0.31132668758316884
0.7640025,60.0,0.029381596558645265,0.31345940317272397
0.7644145833333333,60.0,0.02938274381290702,0.31613921877572726
0.7648266666666668,60.0,0.02938402498421772,0.31934323990615493
0.7652387500000001,60.0,0.029385441399328624,0.3230366472917188
0.7656508333333334,60.0,0.029386970248820036,0.32718939879851555
0.7660629166666667,60.0,0.02938860135615245,0.33177852169338046
0.766475,60.0,0.02939033496982515,0.33674180662496395
0.7668870833333334,60.0,0.029392131755919104,0.3420553132801359
0.7672991666666668,60.0,0.02939398377086288,0.3476681984145839
0.7677112500000001,60.0,0.02939590461771267,0.3535179940463626
0.7681233333333334,60.0,0.02939786033569234,0.3595854246533134
0.7685354166666667,60.0,0.029399819571595744,0.36578215379487733
0.7689475,60.0,0.02940177848074392,0.3720807005006756
0.7693595833333334,60.0,0.02940373094694312,0.3784219177433345
0.7697716666666667,60.0,0.02940564402209467,0.3847431621583891
0.7701837500000001,60.0,0.02940748967664003,0.3910077432803622
0.7705958333333334,60.0,0.029409276715506937,0.39714851466860435
0.7710079166666667,60.0,0.029410984548295712,0.4031190987029127
0.7714200000000001,60.0,0.02941257841185043,0.40887609484953563
0.7718320833333334,60.0,0.029414064410408006,0.4143675176690829
0.7722441666666667,60.0,0.029415433964394843,0.4195447258999733
0.77265625,60.0,0.02941666120437926,0.42437283976131124
0.7730683333333334,60.0,0.02941774722639243,0.4288054436874606
0.7734804166666668,60.0,0.029418688997294672,0.43281115231332185
0.7738925000000001,60.0,0.029419468988200404,0.43635489394080296
0.7743045833333334,60.0,0.029420083747563507,0.4394115238056443
0.7747166666666667,60.0,0.0294205267566613,0.4419483781953212
0.77512875,60.0,0.029420794014166952,0.44395331432777574
0.7755408333333333,60.0,0.029420899613879264,0.44541553394306327
0.7759529166666668,60.0,0.029420825765112988,0.44630050292200274
0.7763650000000001,60.0,0.029420553333920164,0.44663447778512544
0.7767770833333334,60.0,0.029420116363642262,0.44638670614358467
0.7771891666666667,60.0,0.02941951579722682,0.445577634833333
0.77760125,60.0,0.029418728130711377,0.44421429145470076
0.7780133333333334,60.0,0.02941778188143633,0.4422904506127437
0.7784254166666668,60.0,0.02941669693988118,0.4398453885922676
0.7788375000000001,60.0,0.029415467680471777,0.43688418573211685
0.7792495833333334,60.0,0.02941410355807646,0.43343767291216173
0.7796616666666667,60.0,0.029412627791051867,0.4295356481455649
0.78007375,60.0,0.02941105780461005,0.42520226913927867
0.7804858333333334,60.0,0.029409391892265303,0.42047932241458147
0.7808979166666667,60.0,0.029407649701539963,0.41541839789096996
0.7813100000000001,60.0,0.029405859505737854,0.41003415186354525
0.7817220833333334,60.0,0.029404014115814413,0.40439735925222187
0.7821341666666667,60.0,0.029402130084471578,0.39855099400718147
0.7825462500000001,60.0,0.029400239771322903,0.3925312724252043
0.7829583333333334,60.0,0.029398349813788742,0.38640955144495753
0.7833704166666667,60.0,0.029396477871987556,0.38022279736466474
0.7837825,60.0,0.0293946341898628,0.37402673846037243
0.7841945833333334,60.0,0.02939282958067017,0.3678806997539973
0.7846066666666667,60.0,0.0293911005715258,0.3618324555814373
0.7850187500000001,60.0,0.029389456642097245,0.35592622504027943
0.7854308333333334,60.0,0.02938789180211576,0.3502220853017746
0.7858429166666667,60.0,0.029386441473937402,0.344763284852045
0.786255,60.0,0.029385130498739708,0.3395930143875803
0.7866670833333334,60.0,0.029383938604064522,0.3347563307139747
0.7870791666666668,60.0,0.029382881881443786,0.3303002013482703
0.7874912500000001,60.0,0.029381991847141218,0.3262471274239278
0.7879033333333334,60.0,0.02938125339089893,0.3226433448690948
0.7883154166666667,60.0,0.029380668038473556,0.3195164848850158
0.7887275,60.0,0.02938025666012236,0.31688327187462123
0.7891395833333334,60.0,0.029380014428630287,0.31477947427550096
0.7895516666666668,60.0,0.029379935953053344,0.3132069750979827
0.7899637500000001,60.0,0.029380027532326557,0.31218993469965506
0.7903758333333334,60.0,0.029380301670586313,0.3117281775018658
0.7907879166666667,60.0,0.02938075280609305,0.3118216933560219
0.7912,60.0,0.029381361465874525,0.3124794348057466
0.7916120833333334,60.0,0.0293821361095359,0.3136841618546793
0.7920241666666668,60.0,0.029383076045412945,0.3154224712722096
0.7924362500000001,60.0,0.02938416744085228,0.31769726544123195
0.7928483333333334,60.0,0.029385404816422083,0.3204628702219712
0.7932604166666667,60.0,0.029386767757185735,0.3237096079694636
0.7936725000000001,60.0,0.02938825637482787,0.3274219537926887
0.7940845833333334,60.0,0.02938986509598559,0.3315355965181491
0.7944966666666667,60.0,0.029391551099074136,0.3360482578693557
0.79490875,60.0,0.029393313056208615,0.3409131073140898
0.7953208333333334,60.0,0.029395158146075434,0.34607227737249097
0.7957329166666667,60.0,0.029397043504587227,0.35150667086979437
0.7961450000000001,60.0,0.029398954271734345,0.3571561166171597
0.7965570833333334,60.0,0.02940089953785389,0.36297635486173707
0.7969691666666667,60.0,0.02940284838273651,0.3689179752218722
0.79738125,60.0,0.02940477517477935,0.37493174358222575
0.7977933333333334,60.0,0.0294066880249391,0.3809649752410353
0.7982054166666668,60.0,0.029408571428675468,0.38696422536616554
0.7986175000000001,60.0,0.029410389538186723,0.3928904805248421
0.7990295833333334,60.0,0.029412132654806612,0.398678181205504
0.7994416666666667,60.0,0.02941379427511826,0.4042866812364059
0.79985375,60.0,0.0294153602021126,0.40967631183473185
0.8002658333333333,60.0,0.029416811371554646,0.4147865711921114
0.8006779166666668,60.0,0.029418130574282806,0.4195900252822966
0.8010900000000001,60.0,0.02941931854370717,0.42403269892066975
0.8015020833333334,60.0,0.02942036495080784,0.42808902190717585
0.8019141666666667,60.0,0.02942125380017356,0.4317265030803306
0.80232625,60.0,0.0294219792960668,0.4348969490545704
0.8027383333333334,60.0,0.02942254097277044,0.43760059657597683
0.8031504166666668,60.0,0.0294229469970332,0.43979310118577175
0.8035625000000001,60.0,0.029423181251705774,0.44146408414688265
0.8039745833333334,60.0,0.029423236282925997,0.44261464377054466
0.8043866666666667,60.0,0.02942314042596495,0.44321052526349203
0.8047987500000001,60.0,0.029422877699284294,0.44326102160557557
0.8052108333333334,60.0,0.029422436960059247,0.4427810368874641
0.8056229166666667,60.0,0.029421856435848624,0.4417489692666485
0.8060350000000001,60.0,0.029421125635891627,0.44018993778928506
0.8064470833333334,60.0,0.029420226690203673,0.4381269094156026
0.8068591666666667,60.0,0.029419192199362208,0.43555427431087484
0.8072712500000001,60.0,0.02941803730022305,0.43251902376768364
0.8076833333333334,60.0,0.029416757165897586,0.4290324448544663
0.8080954166666667,60.0,0.029415364559048723,0.4251294358932554
0.8085075,60.0,0.029413880112556235,0.4208363869003822
0.8089195833333334,60.0,0.029412318575883528,0.4162019245609153
0.8093316666666668,60.0,0.029410690510190855,0.41125485333880163
0.8097437500000001,60.0,0.029409006147534895,0.4060335109572192
0.8101558333333334,60.0,0.029407283867878744,0.40059545239887295
0.8105679166666667,60.0,0.029405547974344186,0.39496710580876304
0.81098,60.0,0.02940380706918728,0.38921396307311884
0.8113920833333333,60.0,0.029402066561561097,0.383371673773281
0.8118041666666668,60.0,0.029400349948735915,0.37749389722819354
0.8122162500000001,60.0,0.029398674987478134,0.3716284588945763
0.8126283333333334,60.0,0.029397047261428545,0.36582686435818096
0.8130404166666667,60.0,0.029395478564940163,0.36013494730097556
0.8134525,60.0,0.029393995028151768,0.3546054242083215
0.8138645833333334,60.0,0.029392604987083126,0.34927104426219374
0.8142766666666668,60.0,0.029391298689365918,0.34419479508116374
0.8146887500000001,60.0,0.029390115828959527,0.3394143429774423
0.8151008333333334,60.0,0.029389079345673565,0.3349487379886778
0.8155129166666667,60.0,0.029388161886618313,0.33087168110289916
0.815925,60.0,0.02938738965891787,0.3271882066633773
0.8163370833333334,60.0,0.029386788426387287,0.32393746067646273
0.8167491666666667,60.0,0.029386339459377225,0.3211599900778794
0.8171612500000001,60.0,0.029386050007372693,0.3188585324620918
0.8175733333333334,60.0,0.029385929058389663,0.31706052451320266
0.8179854166666667,60.0,0.029385974317026862,0.3157937269927766
0.8183975000000001,60.0,0.02938619113927163,0.31504625885791193
0.8188095833333334,60.0,0.029386568922121836,0.3148351152103506
0.8192216666666667,60.0,0.029387101772238345,0.31516896386995163
0.81963375,60.0,0.02938779669328351,0.31602446043529875
0.8200458333333334,60.0,0.029388645738209377,0.31741300896426733
0.8204579166666668,60.0,0.029389635507951373,0.31930563720329913
0.8208700000000001,60.0,0.029390764690497305,0.32169699401980917
0.8212820833333334,60.0,0.029392030170466852,0.3245566899579758
0.8216941666666667,60.0,0.029393409727707737,0.3278643110302855
0.82210625,60.0,0.02939489236671876,0.3315912697131459
0.8225183333333334,60.0,0.029396485463272934,0.3356978849679387
0.8229304166666668,60.0,0.029398169480570065,0.34016044023224945
0.8233425000000001,60.0,0.02939991010212649,0.34492824973366015
0.8237545833333334,60.0,0.02940170613413759,0.34997146260089673
0.8241666666666667,60.0,0.029403558995036647,0.3552388426899422
0.82457875,60.0,0.029405427114390547,0.36069025886037936
0.8249908333333335,60.0,0.02940729007744384,0.36628305686345064
0.8254029166666668,60.0,0.029409162766457077,0.3719614150127283
0.8258150000000001,60.0,0.029411015835053102,0.3776819986046298
0.8262270833333334,60.0,0.02941282342101057,0.3834070902036716
0.8266391666666667,60.0,0.0294145895546444,0.38906928030401444
0.82705125,60.0,0.029416290153354924,0.3946361480548233
0.8274633333333334,60.0,0.029417916444882567,0.4000681011182495
0.8278754166666668,60.0,0.02941946427412595,0.40528690623406904
0.8282875000000001,60.0,0.02942090561404572,0.410299609806632
0.8286995833333334,60.0,0.029422241105771595,0.41502165256497797
0.8291116666666667,60.0,0.029423461574983635,0.4194316838049693
0.8295237500000001,60.0,0.029424541590396765,0.42350308417994875
0.8299358333333334,60.0,0.02942548690596286,0.42717891289288146
0.8303479166666667,60.0,0.029426296341724254,0.43045239835626575
0.83076,60.0,0.029426947143135224,0.4332806886006864
0.8311720833333334,60.0,0.029427430276255332,0.43564823429913424
0.8315841666666667,60.0,0.02942775899085602,0.4375301109955549
0.8319962500000001,60.0,0.02942793260544807,0.438920170173122
0.8324083333333334,60.0,0.029427929230249224,0.43979526280539843
0.8328204166666667,60.0,0.029427759488920402,0.44015708618863236
0.8332325,60.0,0.029427448423083015,0.4399964928044486
0.8336445833333334,60.0,0.0294269811571395,0.43932024246141216
0.8340566666666668,60.0,0.02942635160012411,0.43813376042265184
0.8344687500000001,60.0,0.029425586629756976,0.43644370508432645
0.8348808333333334,60.0,0.029424691026947444,0.4342658731586251
0.8352929166666667,60.0,0.029423659337877113,0.43162088860984643
0.835705,60.0,0.02942251188332641,0.428537399917547
0.8361170833333335,60.0,0.02942125769689457,0.4250233783261213
0.8365291666666668,60.0,0.029419896195956467,0.4211339363300259
0.8369412500000001,60.0,0.029418451297121957,0.4168814711718262
0.8373533333333334,60.0,0.029416931246551554,0.412313963813
0.8377654166666667,60.0,0.029415346664542985,0.40747466759324313
0.8381775,60.0,0.029413726662871755,0.4023858414719317
0.8385895833333334,60.0,0.029412065321974292,0.3971095096154035
0.8390016666666668,60.0,0.029410379520738984,0.3916882170918509
0.8394137500000001,60.0,0.029408710605956293,0.38615534137661706
0.8398258333333334,60.0,0.029407051124053524,0.3805712329431657
0.8402379166666667,60.0,0.02940540855393861,0.3749775784144917
0.8406500000000001,60.0,0.02940382137181627,0.3694134345349217
0.8410620833333334,60.0,0.02940230060472251,0.36394632541394234
0.8414741666666667,60.0,0.02940084278826253,0.35859542773890746
0.8418862500000001,60.0,0.02939945893980948,0.35342449576168566
0.8422983333333334,60.0,0.029398178472450468,0.348470923009418
0.8427104166666667,60.0,0.0293970074061767,0.3437700189216529
0.8431225000000001,60.0,0.02939593796912242,0.33937166870706126
0.8435345833333334,60.0,0.02939499630694799,0.3353026384495078
0.8439466666666667,60.0,0.02939419194901921,0.33159952869371695
0.84435875,60.0,0.029393516985507344,0.3282932827585689
0.8447708333333334,60.0,0.029392990501077482,0.325415630420443
0.8451829166666668,60.0,0.029392622350174754,0.32297762500313165
0.8455950000000001,60.0,0.029392406534648943,0.3210107185714146
0.8460070833333334,60.0,0.029392348654131706,0.3195274284640396
0.8464191666666667,60.0,0.029392449760700018,0.31853385632759335
0.84683125,60.0,0.02939270625197858,0.3180494072491461
0.8472433333333333,60.0,0.02939312687850137,0.3180666854186603
0.8476554166666668,60.0,0.029393698676034617,0.3185892925189788
0.8480675000000001,60.0,0.029394405912347515,0.319613070145902
0.8484795833333334,60.0,0.029395268710654593,0.3211345557391484
0.8488916666666667,60.0,0.029396272386319502,0.3231235877065051
0.84930375,60.0,0.02939737973237494,0.3255855327131406
0.8497158333333334,60.0,0.029398607929506226,0.3284849496064361
0.8501279166666668,60.0,0.029399957053025703,0.33179615208674923
0.8505400000000001,60.0,0.02940139218979402,0.3355061399462706
0.8509520833333334,60.0,0.02940290981835099,0.33955890634293345
0.8513641666666667,60.0,0.02940450705152773,0.3439424494933465
0.85177625,60.0,0.029406167156386307,0.3486079693549011
0.8521883333333334,60.0,0.029407871603046667,0.3535106294483243
0.8526004166666667,60.0,0.029409610944835688,0.3586244589546026
0.8530125000000001,60.0,0.02941138109813162,0.3638873304290188
0.8534245833333334,60.0,0.029413151145212243,0.3692634430862806
0.8538366666666667,60.0,0.02941490493487803,0.37471618674462703
0.8542487500000001,60.0,0.0294166429227994,0.3801739553290651
0.8546608333333334,60.0,0.029418339823648564,0.3856173201096302
0.8550729166666667,60.0,0.02941998156186345,0.39099096207460904
0.855485,60.0,0.029421558518741255,0.3962378870417405
0.8558970833333334,60.0,0.029423052490082858,0.4013356515616074
0.8563091666666668,60.0,0.029424463997984224,0.4062255945511075
0.8567212500000001,60.0,0.029425774348288428,0.41087464877551894
0.8571333333333334,60.0,0.029426958058556916,0.41524234840862917
0.8575454166666667,60.0,0.029428029891429744,0.4192941681105659
0.8579575,60.0,0.029428988099257397,0.4229923965238708
0.8583695833333334,60.0,0.029429797265164787,0.426311313740668
0.8587816666666668,60.0,0.029430460920677536,0.429227290198529
0.8591937500000001,60.0,0.029430994895062654,0.43170675179368695
0.8596058333333334,60.0,0.02943137140505025,0.43373499137370697
0.8600179166666667,60.0,0.029431586490736957,0.4353075329734708
0.86043,60.0,0.029431658694901313,0.4363907677355521
0.8608420833333335,60.0,0.029431572851124112,0.4369943794772518
0.8612541666666668,60.0,0.02943132382132092,0.43710973301417705
0.8616662500000001,60.0,0.029430924030288665,0.43672779552371754
0.8620783333333334,60.0,0.029430379407890915,0.43587302549723683
0.8624904166666667,60.0,0.029429693267868703,0.43452692062776416
0.8629025,60.0,0.029428865741037907,0.43272303581513694
0.8633145833333334,60.0,0.029427912969624066,0.43046403587649906
0.8637266666666668,60.0,0.02942684963946936,0.42776835226863613
0.8641387500000001,60.0,0.02942567299211663,0.42467235182293905
0.8645508333333334,60.0,0.029424396228793656,0.4211827939135923
0.8649629166666667,60.0,0.029423032102968996,0.4173361296531478
0.8653750000000001,60.0,0.029421596413611886,0.41317690413016867
0.8657870833333334,60.0,0.02942010686720654,0.40871728191036516
0.8661991666666667,60.0,0.029418553089674192,0.40401136875518623
0.86661125,60.0,0.02941695926235466,0.3991005188925416
0.8670233333333334,60.0,0.029415358167430843,0.3940072682762229
0.8674354166666667,60.0,0.029413735104743967,0.38879809681891003
0.8678475000000001,60.0,0.029412107801576992,0.38350727014529573
0.8682595833333334,60.0,0.029410513452463146,0.37817226951832417
0.8686716666666667,60.0,0.02940894579331178,0.37284710035457946
0.86908375,60.0,0.029407411405471654,0.3675791058672909
0.8694958333333334,60.0,0.029405947101269283,0.3624057280456483
0.8699079166666668,60.0,0.029404560544863376,0.3573699597189622
0.8703200000000001,60.0,0.02940324862253412,0.35252311394032115
0.8707320833333334,60.0,0.029402034884159517,0.34789459559829367
0.8711441666666667,60.0,0.029400933714915797,0.34353223696402985
0.87155625,60.0,0.029399944940931247,0.33947190749233996
0.8719683333333335,60.0,0.029399075739535742,0.33574087332174474
0.8723804166666668,60.0,0.029398331945673754,0.3323763082134149
0.8727925000000001,60.0,0.029397727873762998,0.3294087796281543
0.8732045833333334,60.0,0.02939726937935035,0.32685502727447946
0.8736166666666667,60.0,0.029396947006803634,0.3247427098220134
0.87402875,60.0,0.029396768358082533,0.3230818830755962
0.8744408333333334,60.0,0.029396741683696243,0.32189315957904063
0.8748529166666668,60.0,0.029396868185720595,0.3211834652600665
0.8752650000000001,60.0,0.029397139889321237,0.32094511368038364
0.8756770833333334,60.0,0.02939755197658575,0.3212010331871856
0.8760891666666667,60.0,0.029398120290454976,0.3219271534117858
0.8765012500000001,60.0,0.02939882658559729,0.3231233091089654
0.8769133333333334,60.0,0.02939965177632779,0.32478924327177255
0.8773254166666667,60.0,0.029400620182316116,0.32689070737953496
0.8777375000000001,60.0,0.029401710889037935,0.32941840067470723
0.8781495833333334,60.0,0.02940289212180342,0.3323615507702787
0.8785616666666667,60.0,0.02940418195901205,0.3356765703957833
0.8789737500000001,60.0,0.029405566294890783,0.3393407325816741
0.8793858333333334,60.0,0.029407013237649833,0.3433408235325702
0.8797979166666667,60.0,0.029408522092383347,0.34761087548504505
0.88021,60.0,0.0294100874458964,0.3521456632425283
0.8806220833333334,60.0,0.029411693093283828,0.35688794025441994
0.8810341666666668,60.0,0.029413323282809555,0.3618048965867663
0.8814462500000001,60.0,0.02941496238781155,0.3668544115013923
0.8818583333333334,60.0,0.029416600086188644,0.37199171206173515
0.8822704166666667,60.0,0.029418230598612077,0.3771824273517929
0.8826825,60.0,0.02941983370233131,0.38236313985918513
0.8830945833333333,60.0,0.029421388677464452,0.3875183146796432
0.8835066666666668,60.0,0.02942289442496629,0.3925792079372914
0.8839187500000001,60.0,0.029424337161479058,0.39751999899066015
0.8843308333333334,60.0,0.029425693793459443,0.40229357635672724
0.8847429166666667,60.0,0.029426957808761492,0.4068586746159189
0.885155,60.0,0.02942812726237318,0.41118283023994073
0.8855670833333334,60.0,0.029429185689667656,0.4152222863057835
0.8859791666666668,60.0,0.02943011210866644,0.41894815359594795
0.8863912500000001,60.0,0.02943091646268529,0.42233225349483955
0.8868033333333334,60.0,0.029431598535382887,0.4253335933586446
0.8872154166666667,60.0,0.029432124043958188,0.42794222343819405
0.8876275000000001,60.0,0.02943250755056979,0.430134050944046
0.8880395833333334,60.0,0.02943276652343586,0.43186810957410465
0.8884516666666668,60.0,0.029432869328914608,0.4331725220398563
0.8888637500000001,60.0,0.02943282074679184,0.43400102683027225
0.8892758333333334,60.0,0.02943263420865106,0.43435783825545365
0.8896879166666667,60.0,0.029432300293988578,0.4342567867445856
0.8901000000000001,60.0,0.029431828422996322,0.4336737383094023
0.8905120833333334,60.0,0.02943121843031415,0.43263539238497367
0.8909241666666667,60.0,0.029430469656879798,0.43114611818470117
0.89133625,60.0,0.029429601060609607,0.42921211533340026
0.8917483333333334,60.0,0.029428614556106375,0.4268578755801189
0.8921604166666668,60.0,0.029427510874009445,0.4241075666813261
0.8925725000000001,60.0,0.029426310827644152,0.42097304001195335
0.8929845833333334,60.0,0.029425027357146572,0.417491281026337
0.8933966666666667,60.0,0.029423659893325214,0.4136835720296787
0.89380875,60.0,0.029422222265624343,0.40959336153518333
0.8942208333333334,60.0,0.02942074040333218,0.4052432892808647
0.8946329166666668,60.0,0.029419217198759777,0.40067581884411063
0.8950450000000001,60.0,0.029417654931134248,0.3959303597460743
0.8954570833333334,60.0,0.02941608395815046,0.3910391256727032
0.8958691666666667,60.0,0.029414522156389976,0.3860585620135709
0.89628125,60.0,0.029412960107209594,0.38100834169196646
0.8966933333333335,60.0,0.02941141040419538,0.3759535084675619
0.8971054166666668,60.0,0.029409909619061977,0.3709177193713108
0.8975175000000001,60.0,0.029408456589702404,0.36595095607614325
0.8979295833333334,60.0,0.029407050449484377,0.3611035312984985
0.8983416666666667,60.0,0.02940572403076752,0.35638982582162543
0.89875375,60.0,0.029404479494256196,0.3518770502319827
0.8991658333333334,60.0,0.029403323969079225,0.34758871287751797
0.8995779166666668,60.0,0.02940228004602242,0.34355875201300773
0.8999900000000001,60.0,0.029401342295248916,0.33982790408656915
0.9004020833333334,60.0,0.02940052738021151,0.3364282332486043
0.9008141666666667,60.0,0.029399848974881154,0.3333717529539872
0.9012262500000001,60.0,0.029399292460268307,0.33071349037003755
0.9016383333333334,60.0,0.029398875342635758,0.32845226563226654
0.9020504166666667,60.0,0.02939860817758997,0.32660881715219076
0.9024625000000001,60.0,0.029398474104272414,0.32521724722568707
0.9028745833333334,60.0,0.029398479906975323,0.3242636584186419
0.9032866666666668,60.0,0.02939863818556891,0.3237774276564456
0.9036987500000001,60.0,0.029398938599129672,0.3237485036628621
0.9041108333333334,60.0,0.0293993640184741,0.32418099262923017
0.9045229166666667,60.0,0.029399923192787572,0.32507038165869445
0.904935,60.0,0.029400625770609416,0.32641184149290164
0.9053470833333334,60.0,0.029401447060047155,0.3281836361649775
0.9057591666666668,60.0,0.0294023757867204,0.3303795360670538
0.9061712500000001,60.0,0.029403423376369274,0.3329749278851052
0.9065833333333334,60.0,0.02940457493695754,0.3359463402471423
0.9069954166666667,60.0,0.029405808691851075,0.3392751071447868
0.9074075,60.0,0.029407125444527348,0.3429200753635581
0.9078195833333335,60.0,0.02940851464106748,0.34685952281019927
0.9082316666666668,60.0,0.02940995379069146,0.3510554732052763
0.9086437500000001,60.0,0.029411438016096973,0.3554770575834104
0.9090558333333334,60.0,0.02941295230633427,0.3600732764817898
0.9094679166666667,60.0,0.029414477361561057,0.36482393824321285
0.90988,60.0,0.029416014346258096,0.369673645634505
0.9102920833333334,60.0,0.029417538539358645,0.37458453463760066
0.9107041666666668,60.0,0.02941903438518099,0.3795283822428462
0.9111162500000001,60.0,0.029420512921466843,0.38443947147908725
0.9115283333333334,60.0,0.02942193882561223,0.38929918130283875
0.9119404166666667,60.0,0.02942329411256199,0.39406245129264356
0.9123525000000001,60.0,0.029424597068454333,0.3986760994737491
0.9127645833333334,60.0,0.029425825549549322,0.40312188256695675
0.9131766666666667,60.0,0.029426954691307457,0.4073532675751912
0.9135887500000001,60.0,0.02942798515651115,0.41132983214311164
0.9140008333333334,60.0,0.029428916490047065,0.4150393570131011
0.9144129166666667,60.0,0.029429732853173268,0.4184242886543422
0.9148250000000001,60.0,0.029430417285524292,0.42147889393211635
0.9152370833333334,60.0,0.029430977363449993,0.4241722216224692
0.9156491666666667,60.0,0.02943141023114205,0.42647064368629267
0.91606125,60.0,0.02943169680746031,0.42837480939354705
0.9164733333333334,60.0,0.02943184491499902,0.4298532281058205
0.9168854166666668,60.0,0.029431858086368938,0.43090106272275464
0.9172975000000001,60.0,0.02943172650299596,0.431508922241889
0.9177095833333334,60.0,0.029431458497408147,0.43167142890997034
0.9181216666666667,60.0,0.029431057288949753,0.43138577779733395
0.91853375,60.0,0.029430521921489733,0.43065581292881217
0.9189458333333335,60.0,0.02942986258714529,0.42949367045894105
0.9193579166666668,60.0,0.029429078283890825,0.42789488642706347
0.9197700000000001,60.0,0.02942816992532254,0.4258876600868184
0.9201820833333334,60.0,0.0294271646523441,0.42348477408704654
0.9205941666666667,60.0,0.02942606354963221,0.4206984535694454
0.92100625,60.0,0.02942485175026424,0.41756680174631233
0.9214183333333335,60.0,0.02942356483311416,0.41410877073639724
0.9218304166666668,60.0,0.029422219943083562,0.41034539144164683
0.9222425000000001,60.0,0.029420800005376543,0.4063322780941869
0.9226545833333334,60.0,0.02941933143891826,0.4020806285404927
0.9230666666666667,60.0,0.029417838176860247,0.39763474655543857
0.9234787500000001,60.0,0.029416318422227125,0.39304261203867213
0.9238908333333334,60.0,0.029414786999399686,0.3883212014211941
0.9243029166666668,60.0,0.02941326087381834,0.38353812294586753
0.9247150000000001,60.0,0.029411756377666336,0.3787121576846509
0.9251270833333334,60.0,0.029410280063584357,0.3738873671939299
0.9255391666666667,60.0,0.0294088412203697,0.3691208683008095
0.9259512500000001,60.0,0.029407463580154447,0.3644291572238699
0.9263633333333334,60.0,0.029406147450602514,0.35986782999766564
0.9267754166666667,60.0,0.029404899948974193,0.35547248740671844
0.9271875,60.0,0.02940373983707224,0.35126739211290486
0.9275995833333334,60.0,0.029402671545014355,0.3473060244508852
0.9280116666666668,60.0,0.029401710127538394,0.3436108620408669
0.9284237500000001,60.0,0.02940085864361687,0.3402073366346607
0.9288358333333334,60.0,0.029400112589375856,0.3371329363271401
0.9292479166666667,60.0,0.029399497946512882,0.3344111736495775
0.92966,60.0,0.029399020818303635,0.3320591677616833
0.9300720833333334,60.0,0.029398660877456233,0.3300972382908183
0.9304841666666668,60.0,0.029398435832500482,0.328549190144303
0.9308962500000001,60.0,0.029398363079117907,0.3274103043244293
0.9313083333333334,60.0,0.029398418185175346,0.3267080502998064
0.9317204166666667,60.0,0.029398600599006324,0.3264389542593086
0.9321325,60.0,0.02939892981235564,0.32659994552994853
0.9325445833333335,60.0,0.02939938673859545,0.3271962992842912
0.9329566666666668,60.0,0.029399961340378502,0.328225369849868
0.9333687500000001,60.0,0.029400663102518505,0.32966852850497164
0.9337808333333334,60.0,0.029401477768114515,0.33151960362086963
0.9341929166666667,60.0,0.029402395621390628,0.33376665408144385
0.934605,60.0,0.029403410648030363,0.3363768056062763
0.9350170833333334,60.0,0.029404516742938546,0.3393504416283108
0.9354291666666668,60.0,0.02940571109412394,0.34263658515711776
0.9358412500000001,60.0,0.029406973065440222,0.3462270021173683
0.9362533333333334,60.0,0.029408292189290343,0.3500837480540354
0.9366654166666667,60.0,0.029409664458191907,0.35416745965552693
0.9370775000000001,60.0,0.029411076102993903,0.35846122641937833
0.9374895833333334,60.0,0.029412516357176847,0.3629082645391731
0.9379016666666667,60.0,0.029413961803768297,0.36747773127940403
0.9383137500000001,60.0,0.029415407079353043,0.3721432960267828
0.9387258333333334,60.0,0.02941685405884494,0.37684373670893084
0.9391379166666668,60.0,0.029418263901074493,0.3815509291631451
0.9395500000000001,60.0,0.02941962921033864,0.38623397297745043
0.9399620833333334,60.0,0.02942096239847255,0.39082827777936174
0.9403741666666667,60.0,0.02942222959699324,0.39532094766624815
0.94078625,60.0,0.029423415762093966,0.3996629174470583
0.9411983333333334,60.0,0.029424532467388888,0.4038135177176817
0.9416104166666668,60.0,0.029425560194755028,0.4077462367798418
0.9420225000000001,60.0,0.02942647874738402,0.41142733384002134
0.9424345833333334,60.0,0.029427297465777533,0.4148240120908654
0.9428466666666667,60.0,0.02942801070839832,0.4179029806350086
0.94325875,60.0,0.029428600636017408,0.4206543148836355
0.9436708333333335,60.0,0.02942906617830764,0.42303937232072414
0.9440829166666668,60.0,0.029429403006259562,0.42504773419960107
0.9444950000000001,60.0,0.029429610272521594,0.42666549247393165
0.9449070833333334,60.0,0.029429688533038578,0.42787201435795563
0.9453191666666667,60.0,0.02942962593300066,0.4286654504429305
0.94573125,60.0,0.029429428163736674,0.4290413340489266
0.9461433333333334,60.0,0.02942910577889575,0.42898812016680277
0.9465554166666668,60.0,0.02942865285761128,0.42851918879082357
0.9469675000000001,60.0,0.02942807025127134,0.42763093423717835
0.9473795833333334,60.0,0.029427367473666085,0.4263333361169491
0.9477916666666667,60.0,0.029426559562998132,0.424645368104667
0.9482037500000001,60.0,0.029425644554670873,0.4225578477580241
0.9486158333333334,60.0,0.029424619190386532,0.4201235429055686
0.9490279166666667,60.0,0.029423515692181566,0.41733387985701154
0.9494400000000001,60.0,0.02942233428983858,0.41421623806893476
0.9498520833333334,60.0,0.02942106480359018,0.41081847108993125
0.9502641666666667,60.0,0.029419746768832713,0.4071356081662211
0.9506762500000001,60.0,0.029418385826368947,0.4032251578324103
0.9510883333333334,60.0,0.02941696974270037,0.3991098911627055
0.9515004166666667,60.0,0.02941552805260227,0.3948224266066232
0.9519125,60.0,0.029414076096695975,0.39039884769078703
0.9523245833333334,60.0,0.029412616191723424,0.38588749229763514
0.9527366666666668,60.0,0.029411164009011448,0.38131068824276376
0.9531487500000001,60.0,0.02940973082710802,0.37671506409592015
0.9535608333333334,60.0,0.029408330392525918,0.37214089573782544
0.9539729166666667,60.0,0.029406979149673333,0.36762250418602344
0.954385,60.0,0.02940568132956105,0.36319983534529815
0.9547970833333335,60.0,0.029404443725862456,0.3589096030156118
0.9552091666666668,60.0,0.0294032894086889,0.35479201649040637
0.9556212500000001,60.0,0.029402224989399123,0.3508668844051514
0.9560333333333334,60.0,0.02940124554042625,0.3471952395104195
0.9564454166666667,60.0,0.029400368297113656,0.34377768286009464
0.9568575,60.0,0.029399605237251256,0.3406642590719586
0.9572695833333335,60.0,0.029398953314383882,0.3378724546726893
0.9576816666666668,60.0,0.029398415212036014,0.3354244994144897
0.9580937500000001,60.0,0.029398006380291452,0.333352787129798
0.9585058333333334,60.0,0.029397730211056888,0.3316521285948321
0.9589179166666667,60.0,0.029397568330150097,0.33035866211849096
0.9593300000000001,60.0,0.029397536332163826,0.32947032089859707
0.9597420833333334,60.0,0.029397650912060622,0.3289925405766915
0.9601541666666668,60.0,0.02939788304098067,0.3289345989481336
0.9605662500000001,60.0,0.029398236656535473,0.32929438606225336
0.9609783333333334,60.0,0.029398726992201436,0.33005317911844995
0.9613904166666667,60.0,0.029399330846882392,0.3312317227715853
0.9618025000000001,60.0,0.029400047498955386,0.332795995941405
0.9622145833333334,60.0,0.029400873577774645,0.3347323251917164
0.9626266666666667,60.0,0.029401792520581806,0.33704422737398304
0.96303875,60.0,0.029402809635342357,0.3396867198165195
0.9634508333333334,60.0,0.029403908990575312,0.34265414722369014
0.9638629166666668,60.0,0.02940507092065249,0.34591680158029753
0.9642750000000001,60.0,0.029406299886683303,0.34944256907819454
0.9646870833333334,60.0,0.029407585674168974,0.3532058283757572
0.9650991666666667,60.0,0.02940890618822234,0.35717863072822265
0.96551125,60.0,0.029410256254013677,0.36131804728416245
0.9659233333333334,60.0,0.029411633736882447,0.365596206195441
0.9663354166666668,60.0,0.029413014754108843,0.36997359234279414
0.9667475000000001,60.0,0.02941438290041014,0.37441835546569435
0.9671595833333334,60.0,0.029415743138845065,0.37888883858361405
0.9675716666666667,60.0,0.02941708215916849,0.383345901425766
0.96798375,60.0,0.029418372381525445,0.38776186265611085
0.9683958333333335,60.0,0.029419608970011786,0.39208721251798495
0.9688079166666668,60.0,0.029420796083680718,0.39630151373716366
0.9692200000000001,60.0,0.02942190966478326,0.4003529952843532
0.9696320833333334,60.0,0.029422930372432494,0.40422247827026664
0.9700441666666667,60.0,0.029423869645367515,0.4078709692254151
0.9704562500000001,60.0,0.02942471358859931,0.41126208365315853
0.9708683333333334,60.0,0.029425445232564046,0.414387676545029
0.9712804166666668,60.0,0.029426072612208462,0.4171904776799764
0.9716925000000001,60.0,0.029426579756460597,0.41967528768455264
0.9721045833333334,60.0,0.029426966110846373,0.4218091557617915
0.9725166666666667,60.0,0.029427240062825117,0.4235667032904248
0.9729287500000001,60.0,0.029427379734859257,0.4249484242883349
0.9733408333333334,60.0,0.029427393946546695,0.4259365427964462
0.9737529166666667,60.0,0.029427292215331552,0.4265138065874398
0.9741650000000001,60.0,0.029427053433835205,0.426697109966926
0.9745770833333334,60.0,0.029426688820656837,0.42646872079386783
0.9749891666666668,60.0,0.029426215172521333,0.425831148387725
0.9754012500000001,60.0,0.029425620810326836,0.4248104116583
0.9758133333333334,60.0,0.02942490582696836,0.4233869725651132
0.9762254166666667,60.0,0.029424088996246902,0.4216007697914622
0.9766375,60.0,0.029423181241730333,0.4194485592857502
0.9770495833333334,60.0,0.029422174723519393,0.4169571629041637
0.9774616666666668,60.0,0.029421079160139866,0.41415077469977696
0.9778737500000001,60.0,0.029419921263703998,0.41104329447423155
0.9782858333333334,60.0,0.02941870114915257,0.407672169973928
0.9786979166666667,60.0,0.029417419974249234,0.4040570695327389
0.97911,60.0,0.02941609973924145,0.4002379211301205
0.9795220833333335,60.0,0.02941475211129151,0.3962375173237164
0.9799341666666668,60.0,0.029413380181651017,0.39209587803104007
0.9803462500000001,60.0,0.02941200080742092,0.3878478344650569
0.9807583333333334,60.0,0.029410625039832942,0.38352376747050215
0.9811704166666667,60.0,0.02940925676428051,0.3791684949961898
0.9815825,60.0,0.029407916719941914,0.37481298608528973
0.9819945833333334,60.0,0.029406609777430304,0.37048563148554103
0.9824066666666668,60.0,0.02940534198287194,0.36624537060267887
0.9828187500000001,60.0,0.029404143300318545,0.36209974639008213
0.9832308333333334,60.0,0.029403006506053334,0.35809782952578484
0.9836429166666667,60.0,0.029401932583861968,0.3542768606963032
0.9840550000000001,60.0,0.029400959944957835,0.3506489838217675
0.9844670833333334,60.0,0.029400080736628635,0.3472686861086035
0.9848791666666667,60.0,0.02939928742887764,0.34414731804928
0.9852912500000001,60.0,0.02939860825758066,0.34131198770001453
0.9857033333333334,60.0,0.029398047694702424,0.3387970082611375
0.9861154166666668,60.0,0.029397599181501147,0.33661486453946593
0.9865275000000001,60.0,0.029397265055506848,0.33478442473527337
0.9869395833333334,60.0,0.029397056614331306,0.33332869183022973
0.9873516666666667,60.0,0.029396976624583585,0.33224675584995417
0.98776375,60.0,0.029397013565143546,0.33156064683689274
0.9881758333333334,60.0,0.029397173935525937,0.33127232460675926
0.9885879166666668,60.0,0.029397460447515525,0.3313742537024329
0.9890000000000001,60.0,0.029397860292099686,0.33187877606886323
0.9894120833333334,60.0,0.029398376220729844,0.3327730559963148
0.9898241666666667,60.0,0.02939900654534181,0.3340496070979208
0.99023625,60.0,0.029399740594755818,0.3356994625695027
0.9906483333333335,60.0,0.029400577526971203,0.33770633150619495
0.9910604166666668,60.0,0.029401505056063842,0.3400504622759262
0.9914725000000001,60.0,0.02940251170206468,0.3427170300093351
0.9918845833333334,60.0,0.029403601651529308,0.3456825939859219
0.9922966666666667,60.0,0.02940475858883701,0.3489111909300604
0.99270875,60.0,0.029405956872957047,0.3523886661875491
0.9931208333333335,60.0,0.029407207739465705,0.35608028662263896
0.9935329166666668,60.0,0.02940850434494492,0.35994669076001434
0.9939450000000001,60.0,0.02940980594873349,0.36396816155487305
0.9943570833333334,60.0,0.029411119488125456,0.3681004867321521
0.9947691666666667,60.0,0.029412446914312447,0.37230533618208017
0.9951812500000001,60.0,0.02941375527242025,0.3765635745668069
0.9955933333333334,60.0,0.02941504061005805,0.38081971228836725
0.9960054166666668,60.0,0.02941629829678979,0.38504753019534427
0.9964175000000001,60.0,0.029417512682470653,0.3892166822591452
0.9968295833333334,60.0,0.029418674651669,0.3932779229320172
0.9972416666666667,60.0,0.029419772888359057,0.3972175158580143
0.9976537500000001,60.0,0.02942080490176078,0.4009877433558937
0.9980658333333334,60.0,0.02942175796003652,0.40455822268323677
0.9984779166666667,60.0,0.02942261768578788,0.40791767250745586
0.9988900000000001,60.0,0.029423385654202865,0.4110154734571888
0.9993020833333334,60.0,0.0294240512993885,0.41383899752998937
0.9997141666666668,60.0,0.029424609621933513,0.41637076501482173
1.00012625,60.0,0.029425056701849597,0.41856896549273326
1.0005383333333333,60.0,0.029425381218718905,0.4204407936228763
1.0009504166666667,60.0,0.029425594811722515,0.4219571287628923
1.0013625000000002,60.0,0.029425693984056357,0.4230998026224301
1.0017745833333334,60.0,0.02942565865443319,0.4238773853355675
1.0021866666666668,60.0,0.029425506380353808,0.42426840356124695
1.00259875,60.0,0.029425250001754038,0.42427795795229345
1.0030108333333334,60.0,0.029424867241143952,0.42389841853763693
1.0034229166666668,60.0,0.029424365147452367,0.42314742120432947
1.003835,60.0,0.029423767541892062,0.42201417426338517
1.0042470833333335,60.0,0.029423062115907624,0.4205197281215158
1.0046591666666667,60.0,0.029422250404398893,0.41867781397097464
1.00507125,60.0,0.02942135690237881,0.41649151089796205
1.0054833333333335,60.0,0.029420378570515247,0.4139927178280091
1.0058954166666667,60.0,0.02941931850180775,0.4111989981691935
1.0063075000000001,60.0,0.029418194193482867,0.4081255537879168
1.0067195833333333,60.0,0.02941701055342617,0.4048093759670737
1.0071316666666668,60.0,0.029415782148314334,0.4012759839126363
1.0075437500000002,60.0,0.029414516124477947,0.3975450661965608
1.0079558333333334,60.0,0.029413219625326618,0.39367151415659674
1.0083679166666668,60.0,0.029411914590278157,0.3896572363549452
1.00878,60.0,0.02941060680735908,0.3855672560436536
1.0091920833333334,60.0,0.02940930416186248,0.3814200902968449
1.0096041666666669,60.0,0.02940801710036598,0.3772448111388565
1.01001625,60.0,0.029406760432943244,0.3731038187234877
1.0104283333333335,60.0,0.029405552512984788,0.36899707390241154
1.0108404166666667,60.0,0.029404383921067194,0.36498546259518844
1.0112525,60.0,0.029403267624382452,0.3610966489754675
1.0116645833333333,60.0,0.029402234314600022,0.35735211172330505
1.0120766666666667,60.0,0.02940127050505732,0.35379256622285593
1.0124887500000002,60.0,0.029400380990788448,0.3504523858966216
1.0129008333333334,60.0,0.029399596330095625,0.34734397538922335
1.0133129166666668,60.0,0.02939890788438885,0.34450353629448577
1.013725,60.0,0.02939831227748507,0.34195579170163193
1.0141370833333334,60.0,0.029397832132691253,0.33971227072775534
1.0145491666666668,60.0,0.02939746845668119,0.33779884559599005
1.01496125,60.0,0.029397213440006682,0.3362316801792362
1.0153733333333335,60.0,0.029397077195875716,0.33501678581881217
1.0157854166666667,60.0,0.029397061640181993,0.33416342977788177
1.0161975,60.0,0.029397162573284695,0.3336930435038706
1.0166095833333335,60.0,0.0293973825974449,0.3335857482081388
1.0170216666666667,60.0,0.029397711628960134,0.3338589660335888
1.0174337500000001,60.0,0.029398150154244452,0.33450396073031297
1.0178458333333333,60.0,0.029398704656281898,0.3355110315850528
1.0182579166666668,60.0,0.02939935714694515,0.3368813591294466
1.0186700000000002,60.0,0.02940010007873952,0.3385918972772578
1.0190820833333334,60.0,0.029400937767015158,0.3406347407686286
1.0194941666666668,60.0,0.029401862934195607,0.34299223181983035
1.01990625,60.0,0.029402861920433603,0.34564315586979916
1.0203183333333334,60.0,0.029403922726085045,0.34856556598926663
1.0207304166666666,60.0,0.029405050873698785,0.3517395206231681
1.0211425,60.0,0.029406231314377227,0.35512264115092324
1.0215545833333335,60.0,0.029407436562515613,0.3587120525338444
1.0219666666666667,60.0,0.029408681220187045,0.3624586408008209
1.0223787500000001,60.0,0.029409951647043894,0.3663237964836067
1.0227908333333333,60.0,0.02941121391917174,0.37030568209398784
1.0232029166666667,60.0,0.029412479186357428,0.3743327541859666
1.0236150000000002,60.0,0.029413737333835344,0.3783977419338531
1.0240270833333334,60.0,0.029414962018210415,0.38245606181919095
1.0244391666666668,60.0,0.02941615193601001,0.38647173143529046
1.02485125,60.0,0.029417298003435077,0.39041143646306947
1.0252633333333334,60.0,0.029418388778702505,0.3942504218275617
1.0256754166666668,60.0,0.02941941985080802,0.39794568503784394
1.0260875,60.0,0.0294203761116319,0.40146674905957813
1.0264995833333335,60.0,0.029421247602468375,0.40479704289576335
1.0269116666666667,60.0,0.02942203967406154,0.4078915193904428
1.02732375,60.0,0.029422741210990085,0.4107381870071046
1.0277358333333335,60.0,0.02942333469884189,0.4133041171836015
1.0281479166666667,60.0,0.02942382712955498,0.4155768423665528
1.0285600000000001,60.0,0.029424217476039096,0.4175250845003171
1.0289720833333333,60.0,0.02942448926805845,0.41915103612850113
1.0293841666666668,60.0,0.029424644487552346,0.4204255583452534
1.0297962500000002,60.0,0.029424690816722596,0.4213445226437589
1.0302083333333334,60.0,0.02942462343216987,0.4219087262128753
1.0306204166666668,60.0,0.02942443317435817,0.4220970618663721
1.0310325,60.0,0.029424131668285496,0.4219342756122562
1.0314445833333334,60.0,0.029423731921977784,0.4213941256476287
1.0318566666666666,60.0,0.029423215484364905,0.42050340867422814
1.03226875,60.0,0.029422592863809806,0.41926733454225745
1.0326808333333335,60.0,0.029421889328966996,0.41768196641506944
1.0330929166666667,60.0,0.029421090436037384,0.415779822310664
1.0335050000000001,60.0,0.029420204765407493,0.41357041535453054
1.0339170833333333,60.0,0.029419250274116137,0.4110578300640694
1.0343291666666667,60.0,0.029418222589657504,0.4082929976052248
1.0347412500000002,60.0,0.029417140843903594,0.4052717596088708
1.0351533333333334,60.0,0.02941601174803896,0.40202428349804636
1.0355654166666668,60.0,0.029414831867522372,0.3985975654985589
1.0359775,60.0,0.02941362746632546,0.39498992492503876
1.0363895833333334,60.0,0.029412406200890903,0.3912560873244471
1.0368016666666668,60.0,0.02941116524356325,0.3874138837331987
1.03721375,60.0,0.02940992631443469,0.38350171112489784
1.0376258333333335,60.0,0.02940870593817427,0.37954969531487087
1.0380379166666667,60.0,0.029407501995379694,0.37559110067952556
1.03845,60.0,0.02940632394306994,0.37166310983992984
1.0388620833333335,60.0,0.02940519571614212,0.3677893960289989
1.0392741666666667,60.0,0.029404119729660238,0.36401496263272676
1.0396862500000001,60.0,0.029403094279827527,0.36036226046840636
1.0400983333333333,60.0,0.029402139014924684,0.35686296460655065
1.0405104166666668,60.0,0.029401268627382727,0.3535511350176566
1.0409225,60.0,0.02940047734731696,0.35045022146221616
1.0413345833333334,60.0,0.029399766977375976,0.34758898696169754
1.0417466666666668,60.0,0.029399159380941436,0.3449926881012341
1.04215875,60.0,0.02939865487704775,0.3426755725166795
1.0425708333333334,60.0,0.029398246823522007,0.34067110863072764
1.0429829166666666,60.0,0.029397951305797372,0.3389854855685168
1.043395,60.0,0.02939776548305401,0.3376295461609149
1.0438070833333335,60.0,0.029397687498436974,0.33663388067165856
1.0442191666666667,60.0,0.029397730509224482,0.33597614400119247
1.0446312500000001,60.0,0.029397878914048624,0.33568962383907713
1.0450433333333333,60.0,0.029398136762103844,0.3357623353399344
1.0454554166666667,60.0,0.02939851577009839,0.33618422476704996
1.0458675000000002,60.0,0.029398988985316576,0.33697046430419236
1.0462795833333334,60.0,0.029399560769819037,0.33809956392536705
1.0466916666666668,60.0,0.029400240744518025,0.3395613888758159
1.04710375,60.0,0.029401002509411234,0.34134979791841136
1.0475158333333334,60.0,0.029401841351583052,0.3434441434245691
1.0479279166666668,60.0,0.02940276455473275,0.3458225206507956
1.04834,60.0,0.029403758489036903,0.3484780253049937
1.0487520833333335,60.0,0.02940480402177369,0.35137106779866517
1.0491641666666667,60.0,0.02940589790683344,0.3544884964623858
1.04957625,60.0,0.029407042862656028,0.3578010444074454
1.0499883333333335,60.0,0.029408219288142915,0.3612781012346005
1.0504004166666667,60.0,0.02940941110659653,0.36489616548580683
1.0508125000000001,60.0,0.02941062026487479,0.36861663736254063
1.0512245833333334,60.0,0.02941183472810783,0.3724153464981809
1.0516366666666668,60.0,0.02941303796272745,0.37625642210526766
1.05204875,60.0,0.029414224494453304,0.3801132328081616
1.0524608333333334,60.0,0.029415385622390305,0.3839441655938611
1.0528729166666668,60.0,0.029416506822460615,0.38772659205525895
1.053285,60.0,0.029417583571667412,0.3914265934087763
1.0536970833333335,60.0,0.02941860422790133,0.39501083173845586
1.0541091666666667,60.0,0.029419554191247234,0.3984554065291505
1.05452125,60.0,0.029420440530433065,0.4017280306965388
1.0549333333333335,60.0,0.02942124532982086,0.4047958407009448
1.0553454166666667,60.0,0.02942195354051139,0.40765210806717894
1.0557575000000001,60.0,0.029422585276335986,0.41025093930778417
1.0561695833333333,60.0,0.029423119981611606,0.41257968481188984
1.0565816666666668,60.0,0.029423538261383896,0.41462734400371604
1.0569937500000002,60.0,0.02942386396299312,0.416357429757015
1.0574058333333334,60.0,0.029424088625141193,0.41777410813725496
1.0578179166666668,60.0,0.029424195186640977,0.4188552523813095
1.05823,60.0,0.029424193110489785,0.41958941565976604
1.0586420833333334,60.0,0.02942408530533882,0.41998210829866545
1.0590541666666669,60.0,0.029423870492472786,0.42002195405972276
1.05946625,60.0,0.029423544980572685,0.41970671481335975
1.0598783333333335,60.0,0.029423115618888895,0.41905329817984793
1.0602904166666667,60.0,0.029422591803047203,0.4180482916233469
1.0607025,60.0,0.029421968610502027,0.41671928162171223
1.0611145833333335,60.0,0.02942125532540063,0.41507016851991985
1.0615266666666667,60.0,0.029420461282525866,0.4131081177727472
1.0619387500000002,60.0,0.029419588340157985,0.4108674208805667
1.0623508333333334,60.0,0.029418649091223936,0.40834999587506016
1.0627629166666668,60.0,0.029417649412053548,0.4055895309005719
1.063175,60.0,0.029416595031678178,0.40260234782051635
1.0635870833333334,60.0,0.029415503875655287,0.3994181090955175
1.0639991666666668,60.0,0.02941437853130443,0.39606286909636657
1.06441125,60.0,0.029413218822503924,0.39256195087219153
1.0648233333333335,60.0,0.0294120524722593,0.38895600748869047
1.0652354166666667,60.0,0.029410889450582303,0.3852571445713054
1.0656475,60.0,0.02940971538517581,0.3815138659972236
1.0660595833333335,60.0,0.02940855715387378,0.3777548582998117
1.0664716666666667,60.0,0.029407437182854254,0.3739959189745964
1.0668837500000001,60.0,0.029406339062567836,0.37029192534970934
1.0672958333333333,60.0,0.029405281834264746,0.36665685643903984
1.0677079166666668,60.0,0.029404285419546407,0.3631202479859225
1.0681200000000002,60.0,0.02940334434218276,0.35972835114169105
1.0685320833333334,60.0,0.02940247143377536,0.3564825695511269
1.0689441666666668,60.0,0.029401674320618267,0.35343230605521436
1.06935625,60.0,0.029400959315070786,0.3505936541839203
1.0697683333333334,60.0,0.029400334706376867,0.3479829862186659
1.0701804166666669,60.0,0.029399799712511398,0.34564005722826757
1.0705925,60.0,0.0293993642987628,0.3435638184204636
1.0710045833333335,60.0,0.029399031791437807,0.3417851900930227
1.0714166666666667,60.0,0.02939880002409334,0.340320201507277
1.07182875,60.0,0.029398674051150292,0.3391687542588109
1.0722408333333333,60.0,0.02939865146979002,0.3383511371860538
1.0726529166666667,60.0,0.029398739793056974,0.3378755931236504
1.0730650000000002,60.0,0.029398937508536532,0.3377338666003595
1.0734770833333334,60.0,0.02939922743204028,0.337939573840724
1.0738891666666668,60.0,0.029399623597348344,0.33848661823035614
1.07430125,60.0,0.02940012946380169,0.3393610190351115
1.0747133333333334,60.0,0.029400718169388666,0.34057264846423885
1.0751254166666668,60.0,0.029401393043950782,0.3420950120629818
1.0755375,60.0,0.02940216448800686,0.34392416052813124
1.0759495833333335,60.0,0.029403007938336317,0.34603461548483194
1.0763616666666667,60.0,0.029403912537581105,0.34842652725260986
1.07677375,60.0,0.02940488901270002,0.35105792286443765
1.0771858333333335,60.0,0.02940591780775916,0.353917767203685
1.0775979166666667,60.0,0.02940698450795175,0.35698619756634026
1.0780100000000001,60.0,0.02940809332048265,0.3602188498504713
1.0784220833333333,60.0,0.029409226440155273,0.3636115336989139
1.0788341666666668,60.0,0.029410374595836657,0.3671150567590351
1.0792462500000002,60.0,0.029411531830275665,0.3707086344516756
1.0796583333333334,60.0,0.02941268137608691,0.3743600225811113
1.0800704166666668,60.0,0.02941382382915197,0.3780397592537763
1.0804825,60.0,0.029414947267822636,0.38171044325383957
1.0808945833333334,60.0,0.02941603375722431,0.3853509874553941
1.0813066666666669,60.0,0.029417081848990164,0.38891791856227603
1.08171875,60.0,0.029418084322008434,0.3923956654612537
1.0821308333333335,60.0,0.029419033697464098,0.3957503880678492
1.0825429166666667,60.0,0.029419912551637808,0.3989422089955573
1.0829550000000001,60.0,0.029420716159052486,0.40197349918848324
1.0833670833333333,60.0,0.02942145423456874,0.4047877213938263
1.0837791666666667,60.0,0.029422101117971687,0.4073834411580897
1.0841912500000002,60.0,0.02942264886161768,0.4097376974050325
1.0846033333333334,60.0,0.029423116126647216,0.4118179219334484
1.0850154166666668,60.0,0.029423483843617794,0.41361879503140264
1.0854275,60.0,0.029423741031150304,0.4151301290708829
1.0858395833333334,60.0,0.02942390492549109,0.41632397618473377
1.0862516666666668,60.0,0.029423966945966485,0.41720179724298295
1.08666375,60.0,0.02942391700992206,0.41775896992373157
1.0870758333333335,60.0,0.029423767543172247,0.41797944864935493
1.0874879166666667,60.0,0.02942351959156266,0.41787542908725683
1.0879,60.0,0.02942316927724717,0.41743801672129077
1.0883120833333335,60.0,0.029422724489075062,0.4166777789909539
1.0887241666666667,60.0,0.029422184759808772,0.4155922640801883
1.0891362500000001,60.0,0.02942155463680371,0.4142070100582989
1.0895483333333333,60.0,0.029420849597144128,0.41251561480478693
1.0899604166666668,60.0,0.02942006313521477,0.4105395881421389
1.0903725000000002,60.0,0.029419199866876387,0.40830345600421114
1.0907845833333334,60.0,0.02941828203749663,0.4058073058066996
1.0911966666666668,60.0,0.02941730935045505,0.40309387457070994
1.09160875,60.0,0.0294162845744668,0.40016624954674457
1.0920208333333334,60.0,0.029415221521721054,0.3970602625559544
1.0924329166666669,60.0,0.02941413553418603,0.3938043146831454
1.092845,60.0,0.029413031956567193,0.3904131830469464
1.0932570833333335,60.0,0.029411908518063294,0.3869315737332219
1.0936691666666667,60.0,0.029410791856840354,0.3833814636235123
1.0940812500000001,60.0,0.029409690675322397,0.3797855323646952
1.0944933333333333,60.0,0.02940859346328934,0.3761959196935992
1.0949054166666667,60.0,0.02940753017192739,0.3726245817694337
1.0953175000000002,60.0,0.029406511978070926,0.3690982394029585
1.0957295833333334,60.0,0.029405527282327554,0.3656763913695838
1.0961416666666668,60.0,0.02940459779067168,0.3623476461979973
1.09655375,60.0,0.02940373291426198,0.35917064645564695
1.0969658333333334,60.0,0.029402932217883516,0.3561587996562949
1.0973779166666668,60.0,0.02940220970805046,0.35333611076005655
1.09779,60.0,0.029401565983926098,0.3507321641638031
1.0982020833333335,60.0,0.029401004539414997,0.34836250676726
1.0986141666666667,60.0,0.029400540860287906,0.3462542457427069
1.09902625,60.0,0.02940017238148187,0.344408553225902
1.0994383333333335,60.0,0.029399893030486093,0.34286535326887735
1.0998504166666667,60.0,0.029399718851928176,0.34161326372254014
1.1002625000000001,60.0,0.029399652159272063,0.3406733138767777
1.1006745833333333,60.0,0.029399678535841915,0.3400543607591162
1.1010866666666668,60.0,0.029399805103529023,0.33975444854098624
1.1014987500000002,60.0,0.029400037997684494,0.3397789416384085
1.1019108333333334,60.0,0.029400365385931267,0.3401279423091312
1.1023229166666668,60.0,0.029400782529872504,0.3407927342692752
1.102735,60.0,0.029401294311864227,0.3417720144480715
1.1031470833333334,60.0,0.02940189867356639,0.34305840587919784
1.1035591666666666,60.0,0.0294025770804251,0.34462887643287893
1.10397125,60.0,0.029403327373165273,0.34649301042823977
1.1043833333333335,60.0,0.029404160254541675,0.34860550273421653
1.1047954166666667,60.0,0.029405050814692794,0.35097457711866825
1.1052075000000001,60.0,0.02940599055224026,0.353572468619795
1.1056195833333333,60.0,0.02940698758787167,0.3563626440163184
1.1060316666666667,60.0,0.029408018861831874,0.3593474440369789
1.1064437500000002,60.0,0.029409081684335668,0.3624851525333698
1.1068558333333334,60.0,0.029410170512575076,0.3657471279786409
1.1072679166666668,60.0,0.02941126253920568,0.36912215619553373
1.10768,60.0,0.02941236411277893,0.3725650228400118
1.1080920833333334,60.0,0.029413464227604606,0.3760493512899808
1.1085041666666668,60.0,0.029414537669912314,0.3795609892786356
1.10891625,60.0,0.029415589769826635,0.3830478677288575
1.1093283333333335,60.0,0.029416615716260974,0.3864941752509068
1.1097404166666667,60.0,0.029417592976237767,0.38986880874276447
1.1101525,60.0,0.029418518436977945,0.3931422354988076
1.1105645833333335,60.0,0.0294193949540074,0.3962856521692796
1.1109766666666667,60.0,0.02942020559328307,0.3992748027489288
1.1113887500000001,60.0,0.029420937048684363,0.402083946624242
1.1118008333333333,60.0,0.02942159631866698,0.40468776710076665
1.1122129166666668,60.0,0.02942217845978758,0.40707035351953585
1.1126250000000002,60.0,0.02942266717599573,0.40920317672160766
1.1130370833333334,60.0,0.029423060643255578,0.41107480926070167
1.1134491666666668,60.0,0.02942336540646387,0.41266832761047934
1.11386125,60.0,0.029423574536852043,0.41397024818985684
1.1142733333333334,60.0,0.029423677217657058,0.41497113374505257
1.1146854166666667,60.0,0.029423683744420462,0.41566230684804534
1.1150975,60.0,0.02942359342020117,0.4160364348280276
1.1155095833333335,60.0,0.029423400139587684,0.4160989957643068
1.1159216666666667,60.0,0.02942311577564192,0.4158449546291537
1.1163337500000001,60.0,0.02942273366351349,0.4152697870213683
1.1167458333333333,60.0,0.029422258162045134,0.41440232583555964
1.1171579166666668,60.0,0.029421708242884086,0.41322102735638355
1.1175700000000002,60.0,0.029421069153679535,0.41175834678978956
1.1179820833333334,60.0,0.029420350924322523,0.41002585629266936
1.1183941666666668,60.0,0.029419577188543815,0.40801559398078313
1.11880625,60.0,0.029418731097843518,0.40577822441369604
1.1192183333333334,60.0,0.029417823694445473,0.403309077448236
1.1196304166666669,60.0,0.029416879545048437,0.40063142041057337
1.1200425,60.0,0.02941589291110636,0.3977797360744957
1.1204545833333335,60.0,0.02941486692468752,0.39476246306655227
1.1208666666666667,60.0,0.02941381961071837,0.39161490755125855
1.12127875,60.0,0.029412763768507547,0.3883624234295196
1.1216908333333335,60.0,0.029411698858886916,0.3850252499994578
1.1221029166666667,60.0,0.029410632268676146,0.38163973834124565
1.1225150000000002,60.0,0.02940958338755825,0.3782289385779394
1.1229270833333334,60.0,0.029408557740289398,0.37482375174504784
1.1233391666666668,60.0,0.029407557751939043,0.3714511466985561
1.12375125,60.0,0.029406596463882332,0.36813932154508744
1.1241633333333334,60.0,0.02940568295328504,0.3649182477318686
1.1245754166666668,60.0,0.029404822025516798,0.3618096431511753
1.1249875,60.0,0.029404023420743292,0.3588492004655732
1.1253995833333335,60.0,0.029403292200727238,0.3560472344972079
1.1258116666666667,60.0,0.02940263097892237,0.353441385133311
1.12622375,60.0,0.029402053416344595,0.3510491601466669
1.1266358333333335,60.0,0.029401558536108346,0.34888315925892244
1.1270479166666667,60.0,0.029401142889892144,0.3469754261077941
1.1274600000000001,60.0,0.029400830023752926,0.3453334096425307
1.1278720833333333,60.0,0.02940061172475328,0.34396544214226416
1.1282841666666668,60.0,0.029400474408607685,0.34290498578474926
1.1286962500000002,60.0,0.02940044672396151,0.34213281449198935
1.1291083333333334,60.0,0.029400521078685574,0.34167092724653625
1.1295204166666668,60.0,0.029400678555264584,0.3415292957103628
1.1299325,60.0,0.029400936504284266,0.34168425558221116
1.1303445833333334,60.0,0.02940129210073684,0.3421615854350016
1.1307566666666669,60.0,0.02940173323337959,0.3429351210267657
1.13116875,60.0,0.0294022587764737,0.3440075064065208
1.1315808333333335,60.0,0.029402864578098677,0.3453701778310736
1.1319929166666667,60.0,0.029403549224061475,0.3470038677553675
1.132405,60.0,0.02940430180649997,0.3488978425731839
1.1328170833333335,60.0,0.029405115686323265,0.35103880005123017
1.1332291666666667,60.0,0.02940598903599593,0.3534018851280786
1.1336412500000002,60.0,0.029406908643683154,0.3559710796969728
1.1340533333333334,60.0,0.029407870331210312,0.3587248851649577
1.1344654166666668,60.0,0.029408865420833957,0.3616333665346346
1.1348775,60.0,0.029409883376716153,0.3646824538164092
1.1352895833333334,60.0,0.02941092268683791,0.36783707702774715
1.1357016666666668,60.0,0.029411968303929444,0.37107554327015235
1.13611375,60.0,0.02941300656038023,0.37436585404790884
1.1365258333333335,60.0,0.029414041874686797,0.3776908304766487
1.1369379166666667,60.0,0.029415063483425194,0.38100951109467773
1.13735,60.0,0.029416045063970924,0.3843021860662928
1.1377620833333335,60.0,0.02941699436184772,0.3875461358633628
1.1381741666666667,60.0,0.02941791307666657,0.3906981526138419
1.1385862500000001,60.0,0.02941876822264853,0.3937538427115658
1.1389983333333333,60.0,0.02941956285936886,0.39667531615409585
1.1394104166666668,60.0,0.029420304980341414,0.3994348939923251
1.1398225000000002,60.0,0.029420969878618357,0.4020231234625213
1.1402345833333334,60.0,0.029421558099557547,0.40441014995969776
1.1406466666666668,60.0,0.029422070462019344,0.4065721477230833
1.14105875,60.0,0.029422494175240493,0.40850494784067465
1.1414708333333334,60.0,0.029422832427862027,0.4101748115227903
1.1418829166666669,60.0,0.02942307856252153,0.41158009740489365
1.142295,60.0,0.029423230905852214,0.41270996312051716
1.1427070833333335,60.0,0.02942329321598788,0.41353900704700963
1.1431191666666667,60.0,0.02942325784883336,0.41408298481851885
1.14353125,60.0,0.029423127719382797,0.4143182222849671
1.1439433333333335,60.0,0.029422904751725282,0.41425250287409926
1.1443554166666667,60.0,0.029422591962925498,0.41389075031347855
1.1447675000000002,60.0,0.029422192283561525,0.41322143585109183
1.1451795833333334,60.0,0.029421699916683124,0.41226436929709487
1.1455916666666668,60.0,0.029421131335474967,0.41102727221431284
1.14600375,60.0,0.029420495371307583,0.4095104234958436
1.1464158333333334,60.0,0.029419777507110296,0.4077367949542175
1.1468279166666668,60.0,0.02941899516728336,0.405722129961437
1.14724,60.0,0.029418168468809854,0.4034714752942242
1.1476520833333335,60.0,0.029417285555483823,0.40102365839357673
1.1480641666666667,60.0,0.02941635346453862,0.39838090093542994
1.14847625,60.0,0.0294153966206189,0.39557982178928497
1.1488883333333335,60.0,0.029414411680977144,0.3926316404202988
1.1493004166666667,60.0,0.029413400807014586,0.38957824881177966
1.1497125000000001,60.0,0.02941238777014319,0.3864316902894798
1.1501245833333333,60.0,0.029411372294210605,0.3832168712597122
1.1505366666666668,60.0,0.029410359939757345,0.37998410809804534
1.1509487500000002,60.0,0.02940936815371846,0.37672448007233744
1.1513608333333334,60.0,0.029408395571988037,0.3735018229895692
1.1517729166666668,60.0,0.029407456940943346,0.37031720765068893
1.152185,60.0,0.029406562356853325,0.36720505898871453
1.1525970833333334,60.0,0.02940570791168142,0.36419814590399974
1.1530091666666669,60.0,0.029404910402025704,0.3613083190547849
1.15342125,60.0,0.029404178706073862,0.35856854824747053
1.1538333333333335,60.0,0.02940351155678773,0.35599821770870665
1.1542454166666667,60.0,0.029402913894883205,0.3536147685365761
1.1546575000000001,60.0,0.029402393738037935,0.35144572980564887
1.1550695833333333,60.0,0.029401963277455808,0.34950500478040497
1.1554816666666667,60.0,0.02940161293678936,0.3477975210134444
1.1558937500000002,60.0,0.02940134203308417,0.34636551948984023
1.1563058333333334,60.0,0.029401173529646957,0.34518731366487126
1.1567179166666668,60.0,0.0294010939107081,0.3442958513887302
1.15713,60.0,0.02940109591407342,0.34369407212206293
1.1575420833333334,60.0,0.029401200368385942,0.34337575495670764
1.1579541666666668,60.0,0.0294013964111749,0.34335765685677777
1.15836625,60.0,0.029401673305467606,0.3436326668736245
1.1587783333333335,60.0,0.029402042368471704,0.344198889821601
1.1591904166666667,60.0,0.02940249751346888,0.34504752867450617
1.1596025,60.0,0.029403028133865017,0.3461830839205375
1.1600145833333335,60.0,0.029403636552851914,0.3475825548315563
1.1604266666666667,60.0,0.02940431486276307,0.3492395027299641
1.1608387500000001,60.0,0.02940505491125475,0.35114384989028974
1.1612508333333333,60.0,0.0294058586755997,0.35327284287833666
1.1616629166666668,60.0,0.02940670985692549,0.3556091284110983
1.1620750000000002,60.0,0.029407598529520504,0.3581422562540753
1.1624870833333334,60.0,0.029408533061716632,0.3608346772258008
1.1628991666666668,60.0,0.029409494892500453,0.36367437402792857
1.16331125,60.0,0.02941046844982114,0.36663941692730595
1.1637233333333334,60.0,0.029411458141955785,0.3696888857865308
1.1641354166666669,60.0,0.029412454235896397,0.3728180898429879
1.1645475,60.0,0.02941344377237777,0.37597714096004653
1.1649595833333335,60.0,0.02941441571373964,0.3791584473858327
1.1653716666666667,60.0,0.02941537093910914,0.38232736167424
1.1657837500000001,60.0,0.02941630210788804,0.3854476002873478
1.1661958333333333,60.0,0.029417184562512362,0.3885134712246707
1.1666079166666667,60.0,0.02941802719143585,0.39148123590232997
1.1670200000000002,60.0,0.029418826861867663,0.39433374930945553
1.1674320833333334,60.0,0.029419556443406287,0.39705012707360976
1.1678441666666668,60.0,0.029420224514788994,0.39960484287598536
1.16825625,60.0,0.029420829296974337,0.40196916506597796
1.1686683333333334,60.0,0.0294213526639998,0.4041468244167748
1.1690804166666668,60.0,0.029421799863241872,0.4060941320257714
1.1694925,60.0,0.02942216481809719,0.4078073857816163
1.1699045833333335,60.0,0.029422440404832866,0.4092796652117412
1.1703166666666667,60.0,0.029422635464465826,0.4104824288297125
1.17072875,60.0,0.02942274056809187,0.41142254107297566
1.1711408333333335,60.0,0.02942274833742344,0.4120806069862409
1.1715529166666667,60.0,0.029422672726904422,0.41246104081340923
1.1719650000000001,60.0,0.02942251342297948,0.41255047454460075
1.1723770833333333,60.0,0.029422257861672844,0.41236276056847504
1.1727891666666668,60.0,0.029421918299958705,0.41188825544389457
1.1732012500000002,60.0,0.029421504195667355,0.4111320358004959
1.1736133333333334,60.0,0.02942100511938803,0.4101100014949888
1.1740254166666668,60.0,0.029420428629929166,0.40882067513366566
1.1744375,60.0,0.029419787437519593,0.40727970654149664
1.1748495833333334,60.0,0.029419082950001056,0.40549903919909197
1.1752616666666669,60.0,0.029418315298900516,0.40349161236728426
1.17567375,60.0,0.029417494421069695,0.40127684659706847
1.1760858333333335,60.0,0.029416637162899755,0.3988746294902277
1.1764979166666667,60.0,0.029415738202677174,0.39629307215118653
1.1769100000000001,60.0,0.02941480252024807,0.39357637908262266
1.1773220833333333,60.0,0.029413854773172442,0.39072037635552503
1.1777341666666667,60.0,0.02941289015864031,0.38777060178195505
1.1781462500000002,60.0,0.029411916285098268,0.38474897784814643
1.1785583333333334,60.0,0.029410950769238983,0.38166129181033326
1.1789704166666668,60.0,0.029409988133888478,0.3785656234642542
1.1793825,60.0,0.029409048076437905,0.37546666153281233
1.1797945833333334,60.0,0.029408140156090983,0.3723900848027183
1.1802066666666668,60.0,0.029407254631379193,0.36938038402565854
1.18061875,60.0,0.02940641458440512,0.36644173847092215
1.1810308333333335,60.0,0.029405630097670356,0.3636091593501209
1.1814429166666667,60.0,0.029404890851953754,0.3609131035236775
1.181855,60.0,0.02940421207617041,0.3583590443290873
1.1822670833333335,60.0,0.029403608471308684,0.35598359859783363
1.1826791666666667,60.0,0.029403072408416452,0.3537985859128441
1.1830912500000001,60.0,0.029402607072145894,0.35182663208815923
1.1835033333333334,60.0,0.02940222789332316,0.35008015784193014
1.1839154166666668,60.0,0.0294019338685986,0.3485735572099947
1.1843275000000002,60.0,0.029401718519545574,0.3473253383288896
1.1847395833333334,60.0,0.029401589980418058,0.34633476284557463
1.1851516666666668,60.0,0.029401554440078713,0.3456215512495026
1.18556375,60.0,0.02940160539576711,0.34517983681744785
1.1859758333333335,60.0,0.029401738392985533,0.34501842981966807
1.1863879166666667,60.0,0.029401958902601336,0.34514077993918435
1.1868,60.0,0.0294022664489495,0.3455346271660595
1.1872120833333335,60.0,0.02940265074147037,0.346207735332957
1.1876241666666667,60.0,0.029403114772716926,0.34714634237632486
1.1880362500000001,60.0,0.029403652208578306,0.3483399828567198
1.1884483333333333,60.0,0.029404254581620142,0.34979197403315015
1.1888604166666668,60.0,0.029404929239924944,0.35147105133685264
1.1892725000000002,60.0,0.02940565637957561,0.35337265136973334
1.1896845833333334,60.0,0.029406430819444735,0.3554908389062316
1.1900966666666668,60.0,0.02940726446641411,0.35778275141961075
1.19050875,60.0,0.029408128569197646,0.3602542362941361
1.1909208333333334,60.0,0.029409017521635994,0.36287472275053706
1.1913329166666669,60.0,0.02940994382783578,0.3656126346381568
1.191745,60.0,0.029410880791043485,0.3684671094139749
1.1921570833333335,60.0,0.02941181836741594,0.37139460097421784
1.1925691666666667,60.0,0.02941276316159494,0.3743770730615626
1.19298125,60.0,0.029413702022104183,0.37739442700950016
1.1933933333333335,60.0,0.02941462051035603,0.38041366252036846
1.1938054166666667,60.0,0.029415513267304638,0.3834137469905475
1.1942175000000002,60.0,0.02941637985130167,0.3863687916748695
1.1946295833333334,60.0,0.029417209119811952,0.3892521607433564
1.1950416666666668,60.0,0.029417989685181854,0.39204158101422487
1.1954537500000002,60.0,0.029418719905427045,0.39471485010367874
1.1958658333333334,60.0,0.029419393674004153,0.3972454080732711
1.1962779166666668,60.0,0.029420003356605256,0.3996138720461009
1.19669,60.0,0.02942054476799923,0.4018038026287877
1.1971020833333335,60.0,0.02942101294830437,0.4037904625046709
1.1975141666666667,60.0,0.029421403214269483,0.4055613521370651
1.19792625,60.0,0.029421716228302253,0.407103357355123
1.1983383333333335,60.0,0.02942194558655327,0.40839310374204796
1.1987504166666667,60.0,0.02942208475242369,0.4094378256021622
1.1991625000000001,60.0,0.029422145647219188,0.41021337727865365
1.1995745833333333,60.0,0.029422121422856762,0.41071813190978496
1.1999866666666668,60.0,0.029421999383150786,0.41095345294785146
1.2003987500000002,60.0,0.02942180393453063,0.41091489381325996
1.2008108333333334,60.0,0.029421530916796612,0.4105968046063289
1.2012229166666668,60.0,0.029421162253472133,0.41001931349164733
1.201635,60.0,0.029420724963439778,0.40917010584986974
1.2020470833333334,60.0,0.029420221102976433,0.40806291831626257
1.2024591666666669,60.0,0.029419640240252426,0.40672369630620087
1.20287125,60.0,0.02941899805072711,0.40513094696568713
1.2032833333333335,60.0,0.02941829859100965,0.40333315840432643
1.2036954166666667,60.0,0.0294175468443213,0.40132284144085956
1.2041075,60.0,0.02941674936859781,0.3991238405219311
1.2045195833333335,60.0,0.029415910247891947,0.3967625981951118
1.2049316666666667,60.0,0.029415041206737824,0.3942422478718969
1.2053437500000002,60.0,0.029414147021771746,0.3915986331008469
1.2057558333333334,60.0,0.029413234549332846,0.388848610458063
1.2061679166666668,60.0,0.02941231281479578,0.3860135948175193
1.20658,60.0,0.029411387469834353,0.38311797518107454
1.2069920833333334,60.0,0.029410471001501265,0.3801897247811429
1.2074041666666668,60.0,0.029409566777913183,0.37724396058212395
1.20781625,60.0,0.029408679252192406,0.3743184587157347
1.2082283333333335,60.0,0.029407826197469226,0.37142497839188654
1.2086404166666667,60.0,0.02940700979634278,0.36859449589414023
1.2090525,60.0,0.029406225829183844,0.3658461495231957
1.2094645833333335,60.0,0.02940549443175822,0.3632107938238181
1.2098766666666667,60.0,0.02940482725780769,0.36070019036033285
1.2102887500000001,60.0,0.029404208232242546,0.35833750541409637
1.2107008333333333,60.0,0.0294036520737133,0.3561558256428518
1.2111129166666668,60.0,0.02940317805790992,0.35414771656504834
1.2115250000000002,60.0,0.029402769395659896,0.35235773244163643
1.2119370833333334,60.0,0.02940243493289058,0.3507858636311383
1.2123491666666668,60.0,0.02940218831511458,0.349440150787548
1.21276125,60.0,0.029402018385703572,0.34835203965114886
1.2131733333333334,60.0,0.029401932916702997,0.3475125908062642
1.2135854166666669,60.0,0.029401933571744695,0.3469325917901938
1.2139975,60.0,0.029402013620535107,0.34662799290066165
1.2144095833333335,60.0,0.029402181239036332,0.34658173841109663
1.2148216666666667,60.0,0.02940242923074285,0.3468107328253397
1.2152337500000001,60.0,0.029402753460894444,0.3473088058966845
1.2156458333333335,60.0,0.029403157423906985,0.3480560780717559
1.2160579166666667,60.0,0.029403633554948145,0.34907404889329297
1.2164700000000002,60.0,0.02940417763005902,0.35032419939167386
1.2168820833333334,60.0,0.02940478189529831,0.3518142174045698
1.2172941666666668,60.0,0.029405447763014205,0.35352852339626945
1.21770625,60.0,0.029406171850241435,0.3554385578048527
1.2181183333333334,60.0,0.029406932200995453,0.35754843657798707
1.2185304166666668,60.0,0.029407733528600245,0.35982352778345283
1.2189425,60.0,0.029408578934960284,0.36225329520460753
1.2193545833333335,60.0,0.02940944275513773,0.36480755009499427
1.2197666666666667,60.0,0.029410320861975914,0.36748015608682383
1.22017875,60.0,0.02941122072148188,0.3702305251490672
1.2205908333333335,60.0,0.02941212224004229,0.37304622387141867
1.2210029166666667,60.0,0.029413012789679584,0.3759043848815832
1.2214150000000001,60.0,0.02941389938861284,0.3787721787353673
1.2218270833333333,60.0,0.029414766891377453,0.38163390975852113
1.2222391666666668,60.0,0.029415602947833026,0.38446606195224614
1.2226512500000002,60.0,0.029416412194595416,0.38723897914730354
1.2230633333333334,60.0,0.029417179061864647,0.3899306675097509
1.2234754166666668,60.0,0.029417898389052215,0.3925345600149902
1.2238875,60.0,0.02941857183045249,0.39500058278939737
1.2242995833333334,60.0,0.02941918085603353,0.39733859949327016
1.2247116666666669,60.0,0.029419729094703494,0.3995092456231508
1.22512375,60.0,0.029420217550304828,0.4015000786624688
1.2255358333333335,60.0,0.029420628952324654,0.403303935523987
1.2259479166666667,60.0,0.029420964826337784,0.4048876223651025
1.2263600000000001,60.0,0.02942122735862703,0.40625638410550624
1.2267720833333335,60.0,0.029421413416359298,0.40738611343292
1.2271841666666667,60.0,0.029421515440477993,0.40827362981526827
1.2275962500000002,60.0,0.02942153127254686,0.4089091100945566
1.2280083333333334,60.0,0.029421475075078432,0.4092912311826056
1.2284204166666668,60.0,0.0294213360686952,0.40940343402537965
1.2288325,60.0,0.029421106947426185,0.4092698719021605
1.2292445833333334,60.0,0.02942081021258693,0.40886638799916064
1.2296566666666668,60.0,0.029420438612427983,0.40820665639607717
1.23006875,60.0,0.029419985981040023,0.4073059787095826
1.2304808333333335,60.0,0.02941947228529034,0.40615208294994265
1.2308929166666667,60.0,0.029418896218729167,0.4047727714665945
1.231305,60.0,0.029418256025171355,0.40317118229499566
1.2317170833333335,60.0,0.029417565651425847,0.4013618933938351
1.2321291666666667,60.0,0.02941682886999539,0.3993590598417512
1.2325412500000001,60.0,0.029416048192019706,0.39718816544467206
1.2329533333333333,60.0,0.02941523730427965,0.3948575530872854
1.2333654166666668,60.0,0.029414396676002368,0.39238916430555204
1.2337775000000002,60.0,0.029413529793220126,0.3898130089670774
1.2341895833333334,60.0,0.02941265896733819,0.38714099275594044
1.2346016666666668,60.0,0.02941178089606078,0.3843985198846896
1.23501375,60.0,0.02941089526164253,0.3816162781291193
1.2354258333333334,60.0,0.029410026139909853,0.37880591076563497
1.2358379166666669,60.0,0.029409175270648673,0.3759990410578975
1.23625,60.0,0.029408341975576322,0.37322419655947636
1.2366620833333335,60.0,0.02940753901819171,0.3704867013065419
1.2370741666666667,60.0,0.029406776343722872,0.36783185488431636
1.2374862500000001,60.0,0.02940605914867311,0.3652620311159686
1.2378983333333333,60.0,0.02940538451645975,0.36280958782963285
1.2383104166666667,60.0,0.029404766912354267,0.36049794805725066
1.2387225000000002,60.0,0.02940421661803809,0.3583245869737449
1.2391345833333334,60.0,0.029403720078476744,0.35633776810021656
1.2395466666666668,60.0,0.029403293442830353,0.3545310551713126
1.23995875,60.0,0.02940294653686692,0.3529238507482177
1.2403708333333334,60.0,0.029402665407582185,0.35153884630741533
1.2407829166666668,60.0,0.029402462778999047,0.350374901042024
1.241195,60.0,0.029402341070704805,0.3494447266593906
1.2416070833333335,60.0,0.029402293265761027,0.34876644637583853
1.2420191666666667,60.0,0.02940233062586641,0.3483285366580674
1.24243125,60.0,0.029402446449169416,0.34814312805634884
1.2428433333333335,60.0,0.02940263321669535,0.3482167796189173
1.2432554166666667,60.0,0.029402903658123244,0.3485364123746475
1.2436675000000001,60.0,0.029403250864844518,0.34911027637636655
1.2440795833333333,60.0,0.029403659981785454,0.34992352437979685
1.2444916666666668,60.0,0.029404139673841215,0.35098213119090704
1.2449037500000002,60.0,0.029404690354532227,0.3522603053016998
1.2453158333333334,60.0,0.029405292563197353,0.35376413244980504
1.2457279166666668,60.0,0.029405946401229337,0.3554728648796179
1.24614,60.0,0.029406655161158944,0.3573639751039473
1.2465520833333334,60.0,0.029407402914581597,0.3594448766505316
1.2469641666666669,60.0,0.029408183088729774,0.3616703820886459
1.24737625,60.0,0.029408993830356944,0.36404173035071724
1.2477883333333335,60.0,0.029409830512216947,0.36653032852625406
1.2482004166666667,60.0,0.029410679683814476,0.3691115801912864
1.2486125000000001,60.0,0.02941153140968406,0.3717758022143991
1.2490245833333333,60.0,0.029412391758635994,0.37448552734907126
1.2494366666666668,60.0,0.029413244454193188,0.3772229858487407
1.2498487500000002,60.0,0.029414077924829064,0.37997502974377545
1.2502608333333334,60.0,0.02941489717863219,0.3826957044141469
1.2506729166666668,60.0,0.029415684472938616,0.3853854586978729
1.251085,60.0,0.02941643767128298,0.3880094100128516
1.2514970833333334,60.0,0.029417156567292845,0.39053997834703663
1.2519091666666669,60.0,0.029417818615346977,0.3929740445574443
1.25232125,60.0,0.029418432196654017,0.3952764706238996
1.2527333333333335,60.0,0.029418997013994044,0.3974285421298286
1.2531454166666667,60.0,0.029419488534624616,0.39942355260836204
1.2535575,60.0,0.02941991544494836,0.4012361382579627
1.2539695833333335,60.0,0.02942028160049756,0.40284985704567094
1.2543816666666667,60.0,0.02942056901845479,0.40426306466658085
1.2547937500000002,60.0,0.029420778821883792,0.4054502118926247
1.2552058333333334,60.0,0.029420919848097873,0.4064122349862974
1.2556179166666668,60.0,0.029420983571286,0.40713824147952976
1.2560300000000002,60.0,0.0294209635961898,0.4076225782261391
1.2564420833333334,60.0,0.029420869387715005,0.4078615724926628
1.2568541666666668,60.0,0.029420702715369628,0.4078538157279508
1.25726625,60.0,0.029420458392805125,0.40760449225632556
1.2576783333333335,60.0,0.02942013910289845,0.4071069367315369
1.2580904166666669,60.0,0.029419751663519806,0.406375879948813
1.2585025,60.0,0.029419299575434342,0.4054088801388795
1.2589145833333335,60.0,0.029418781794253734,0.40422033554716486
1.2593266666666667,60.0,0.02941820528995067,0.402819622643341
1.2597387500000001,60.0,0.029417577228933286,0.4012116156201455
1.2601508333333333,60.0,0.02941689831178509,0.3994189739834234
1.2605629166666668,60.0,0.02941618110712153,0.39745153829858604
1.2609750000000002,60.0,0.029415425005855336,0.3953222638239492
1.2613870833333334,60.0,0.029414633295144495,0.39306056157707414
1.2617991666666668,60.0,0.029413829649720908,0.3906698882723741
1.26221125,60.0,0.029413003366166788,0.38817794689664553
1.2626233333333334,60.0,0.029412160250039676,0.3856161617640218
1.2630354166666669,60.0,0.029411328607986374,0.38298119668076336
1.2634475,60.0,0.029410495303959425,0.3803185510521315
1.2638595833333335,60.0,0.029409665284478668,0.37764323493851293
1.2642716666666667,60.0,0.029408864079498703,0.37496858262777877
1.26468375,60.0,0.029408087085150417,0.3723359074461723
1.2650958333333335,60.0,0.029407335179331955,0.36975099603318445
1.2655079166666667,60.0,0.029406623330772253,0.36724073683295083
1.2659200000000002,60.0,0.029405957895897044,0.3648336155871162
1.2663320833333334,60.0,0.029405340908087236,0.3625388834138522
1.2667441666666668,60.0,0.029404775869703945,0.36038299174221994
1.2671562500000002,60.0,0.02940427132335642,0.3583826422107264
1.2675683333333334,60.0,0.029403831796458318,0.3565513246628034
1.2679804166666668,60.0,0.029403458373442975,0.3549121042337611
1.2683925,60.0,0.0294031547229603,0.35346969329322664
1.2688045833333335,60.0,0.029402922634022766,0.3522421293206859
1.2692166666666667,60.0,0.02940276535959052,0.3512361184432328
1.26962875,60.0,0.02940268505820318,0.35046158248065895
1.2700408333333335,60.0,0.029402679151713906,0.3499261904584012
1.2704529166666667,60.0,0.02940274643815129,0.3496241506521327
1.2708650000000001,60.0,0.029402893245331622,0.3495754539552733
1.2712770833333333,60.0,0.02940311403257509,0.34975520708025937
1.2716891666666668,60.0,0.029403397643017304,0.3501865937007634
1.2721012500000002,60.0,0.02940375852201038,0.35084888239397705
1.2725133333333334,60.0,0.02940418988869043,0.3517333594991075
1.2729254166666668,60.0,0.029404669100692917,0.3528507874211561
1.2733375,60.0,0.02940521426914368,0.3541713998076833
1.2737495833333334,60.0,0.02940582048851782,0.3556913251807507
1.2741616666666669,60.0,0.029406462691640798,0.3574046229116059
1.27457375,60.0,0.0294071522737529,0.3592829780291484
1.2749858333333335,60.0,0.029407882963306712,0.3613192102187974
1.2753979166666667,60.0,0.02940864013389781,0.36350366502391945
1.27581,60.0,0.02940942434884299,0.365793421036396
1.2762220833333335,60.0,0.029410224397241624,0.36820124816350064
1.2766341666666667,60.0,0.029411036150793077,0.3706815252763895
1.2770462500000002,60.0,0.029411854350032986,0.3732254029188714
1.2774583333333334,60.0,0.02941266805556936,0.375814943535447
1.2778704166666668,60.0,0.02941347284362433,0.37841252550947907
1.2782825000000002,60.0,0.029414261945873703,0.38101869459291576
1.2786945833333334,60.0,0.0294150298812381,0.383591553673009
1.2791066666666668,60.0,0.029415767861284522,0.38612462955687266
1.27951875,60.0,0.029416468444408938,0.3885841983387052
1.2799308333333335,60.0,0.029417133173463977,0.39096217122240007
1.2803429166666667,60.0,0.029417751560033997,0.39322798877029724
1.280755,60.0,0.029418311111209624,0.3953683579606307
1.2811670833333335,60.0,0.02941881944533389,0.39736659751796743
1.2815791666666667,60.0,0.029419273185916993,0.3991975398673076
1.2819912500000001,60.0,0.029419652783962816,0.4008555886796918
1.2824033333333333,60.0,0.02941996436204751,0.40232344967234235
1.2828154166666668,60.0,0.029420217093731823,0.4035834365188256
1.2832275000000002,60.0,0.029420389793786913,0.4046292003660697
1.2836395833333334,60.0,0.029420484402259525,0.40546025482588227
1.2840516666666668,60.0,0.029420515054320535,0.4060485837138348
1.28446375,60.0,0.02942046558398493,0.40641356148077573
1.2848758333333334,60.0,0.029420341351815427,0.4065380026838103
1.2852879166666669,60.0,0.029420150267127694,0.40641966688809095
1.2857,60.0,0.029419882190873815,0.40607621304424646
1.2861120833333335,60.0,0.02941954938406344,0.4054917698856121
1.2865241666666667,60.0,0.02941915265466238,0.40468231691727147
1.2869362500000001,60.0,0.029418688483905622,0.40365777085844073
1.2873483333333335,60.0,0.029418171426611853,0.40241778676451345
1.2877604166666667,60.0,0.02941760102451899,0.4009814950428888
1.2881725000000002,60.0,0.029416978688999125,0.3993615592412899
1.2885845833333334,60.0,0.02941631352360033,0.39755925991062085
1.2889966666666668,60.0,0.029415612631754157,0.39561326794751345
1.28940875,60.0,0.029414882308204913,0.39351752245037713
1.2898208333333334,60.0,0.02941411956126517,0.39129900059268496
1.2902329166666668,60.0,0.029413339127139476,0.3889854616150539
1.290645,60.0,0.02941255485370126,0.38657352551308566
1.2910570833333335,60.0,0.0294117560904115,0.3841098944282
1.2914691666666667,60.0,0.029410955047644863,0.3815955782573926
1.29188125,60.0,0.029410171347278764,0.37906000938070716
1.2922933333333335,60.0,0.02940939831785969,0.37651980395810003
1.2927054166666667,60.0,0.029408639477024028,0.3740049764306988
1.2931175000000001,60.0,0.029407914374288295,0.3715245975012341
1.2935295833333333,60.0,0.029407221522488085,0.3691031982088456
1.2939416666666668,60.0,0.02940656081516731,0.3667688736193046
1.2943537500000002,60.0,0.02940594991975411,0.36452566820385723
1.2947658333333334,60.0,0.029405386356013478,0.3624060408853365
1.2951779166666668,60.0,0.029404872605714668,0.3604202616893781
1.29559,60.0,0.029404422829398334,0.35858619410095205
1.2960020833333334,60.0,0.029404029261706557,0.35691578844369
1.2964141666666669,60.0,0.029403699444643664,0.3554385096123366
1.29682625,60.0,0.029403445325349935,0.35414063125588474
1.2972383333333335,60.0,0.02940325348692285,0.35305715212280525
1.2976504166666667,60.0,0.029403131397946432,0.35218806079503073
1.2980625000000001,60.0,0.02940308879671355,0.35153145728643864
1.2984745833333335,60.0,0.02940311607543207,0.3511182944801251
1.2988866666666667,60.0,0.029403212754439387,0.3509168773052791
1.2992987500000002,60.0,0.029403380391169465,0.3509617602097791
1.2997108333333334,60.0,0.029403623505295774,0.3512334697037076
1.3001229166666668,60.0,0.029403933198315746,0.3517300826549632
1.300535,60.0,0.029404299617764702,0.35245959588697723
1.3009470833333334,60.0,0.029404736341598195,0.3534004306031218
1.3013591666666668,60.0,0.029405231919696132,0.35454954099516633
1.30177125,60.0,0.02940577180076534,0.3559074667550483
1.3021833333333335,60.0,0.029406368043026834,0.35744307215328003
1.3025954166666667,60.0,0.02940700971573756,0.35915482724040754
1.3030075,60.0,0.02940768322704431,0.3610306837151078
1.3034195833333335,60.0,0.029408393889523043,0.36304291250475046
1.3038316666666667,60.0,0.02940913198955617,0.3651843818927185
1.3042437500000001,60.0,0.029409887192530026,0.36743064939585013
1.3046558333333333,60.0,0.02941066018084434,0.36976744476716694
1.3050679166666668,60.0,0.029411439584885006,0.37216506154140455
1.3054800000000002,60.0,0.029412215616106317,0.37461950114083037
1.3058920833333334,60.0,0.029412993112189995,0.3770942496941175
1.3063041666666668,60.0,0.029413757552074805,0.3795711395767524
1.30671625,60.0,0.029414494575455558,0.38204446732803643
1.3071283333333334,60.0,0.029415215900226836,0.3844711751696903
1.3075404166666669,60.0,0.029415908729925104,0.38684713276276766
1.3079525,60.0,0.029416556424523413,0.38915031302433045
1.3083645833333335,60.0,0.029417166434388298,0.39135384858779915
1.3087766666666667,60.0,0.029417732870309764,0.39345157216071996
1.3091887500000001,60.0,0.029418246189128416,0.3954193044333825
1.3096008333333335,60.0,0.029418701784298812,0.3972378577985095
1.3100129166666667,60.0,0.029419099949830486,0.3989050754268774
1.3104250000000002,60.0,0.02941944075964749,0.4003914176473906
1.3108370833333334,60.0,0.02941970980170355,0.4016963225488103
1.3112491666666668,60.0,0.029419911459713705,0.4028092813293327
1.31166125,60.0,0.0294200525802501,0.40370521093577655
1.3120733333333334,60.0,0.02942011578459998,0.40440251516192327
1.3124854166666668,60.0,0.029420108804125256,0.4048751268402453
1.3128975,60.0,0.02942003705295661,0.40512242874753873
1.3133095833333335,60.0,0.02941988889137911,0.4051536749631935
1.3137216666666667,60.0,0.029419676622265276,0.4049554101270036
1.31413375,60.0,0.029419398233371544,0.4045341961971146
1.3145458333333335,60.0,0.029419049132826267,0.403898286910477
1.3149579166666667,60.0,0.029418646225656653,0.4030456024245543
1.3153700000000002,60.0,0.029418187061212263,0.4019834608306913
1.3157820833333334,60.0,0.029417665321514706,0.4007313420699183
1.3161941666666668,60.0,0.029417098573487923,0.39928655780689115
1.3166062500000002,60.0,0.029416493896968397,0.39766708207139345
1.3170183333333334,60.0,0.029415841734467617,0.3958887008278296
1.3174304166666668,60.0,0.02941515538859709,0.3939657517486825
1.3178425,60.0,0.029414449009599695,0.39190924136911104
1.3182545833333335,60.0,0.029413715735736666,0.38974514276221545
1.3186666666666669,60.0,0.02941296400108117,0.3874879686698921
1.31907875,60.0,0.029412207462529177,0.3851520916702703
1.3194908333333335,60.0,0.029411447878565044,0.38277256925334935
1.3199029166666667,60.0,0.029410690059144085,0.380350335167635
1.3203150000000001,60.0,0.02940994007941028,0.3779207034953561
1.3207270833333333,60.0,0.02940921068703263,0.3755006979473015
1.3211391666666668,60.0,0.029408504146954225,0.37310442645764275
1.3215512500000002,60.0,0.02940781997675036,0.3707641098028611
1.3219633333333334,60.0,0.02940717546868527,0.36848768880976196
1.3223754166666668,60.0,0.02940656942178132,0.36629571763334584
1.3227875,60.0,0.029406005203454943,0.36422139463514297
1.3231995833333334,60.0,0.02940549570864984,0.3622550221557184
1.3236116666666669,60.0,0.029405032072695438,0.36043602791517887
1.32402375,60.0,0.02940462696660918,0.35877252442695584
1.3244358333333335,60.0,0.029404290595849137,0.3572651954200499
1.3248479166666667,60.0,0.029404006058533407,0.35595040080486523
1.32526,60.0,0.029403787766329015,0.35481869804218263
1.3256720833333335,60.0,0.029403646199151905,0.3538822798941271
1.3260841666666667,60.0,0.02940356351893109,0.3531598609845811
1.3264962500000002,60.0,0.029403547834130562,0.35264576432757017
1.3269083333333334,60.0,0.02940360889538876,0.35234414298524813
1.3273204166666668,60.0,0.029403734978557538,0.35226639028553736
1.3277325000000002,60.0,0.029403923413953637,0.35240021846657593
1.3281445833333334,60.0,0.029404181650675494,0.3527565121125486
1.3285566666666668,60.0,0.02940450524505946,0.35332212769626664
1.32896875,60.0,0.029404884767292645,0.3540993631265171
1.3293808333333335,60.0,0.0294053219176705,0.35507681391732665
1.3297929166666669,60.0,0.029405814399102875,0.356247107747007
1.330205,60.0,0.029406356474663085,0.35760926445581315
1.3306170833333335,60.0,0.029406941764511193,0.359131748280018
1.3310291666666667,60.0,0.029407565323913254,0.3608275897750961
1.3314412500000001,60.0,0.02940822570510976,0.3626595868118918
1.3318533333333333,60.0,0.029408913925156575,0.36462697274074396
1.3322654166666668,60.0,0.02940962602413833,0.3667114476223589
1.3326775000000002,60.0,0.02941035478020977,0.36888185014621433
1.3330895833333334,60.0,0.029411091021280176,0.37114242583155166
1.3335016666666668,60.0,0.02941183928564618,0.3734548231277944
1.33391375,60.0,0.02941258276608012,0.37580462061095715
1.3343258333333334,60.0,0.02941331095661202,0.37818160095486253
1.3347379166666669,60.0,0.02941403792966232,0.38054709503906403
1.33515,60.0,0.02941474043599279,0.38289493066404623
1.3355620833333335,60.0,0.029415407547393902,0.38520758500627195
1.3359741666666667,60.0,0.02941605570741173,0.3874466431118614
1.33638625,60.0,0.029416664245695362,0.3896149358067414
1.3367983333333335,60.0,0.0294172228105772,0.3916833866726485
1.3372104166666667,60.0,0.02941774106359969,0.39363209481186845
1.3376225000000002,60.0,0.029418209084398864,0.3954547135673641
1.3380345833333334,60.0,0.029418619167786385,0.39712576724211823
1.3384466666666668,60.0,0.029418970897439257,0.3986377402464751
1.3388587500000002,60.0,0.02941926224574858,0.3999766724569366
1.3392708333333334,60.0,0.02941949141324209,0.40113269259318934
1.3396829166666668,60.0,0.029419654836828842,0.40209203399791676
1.340095,60.0,0.029419751360126575,0.4028542568324692
1.3405070833333335,60.0,0.029419780685818013,0.40340852440932196
1.3409191666666669,60.0,0.029419743815739193,0.40375231296154046
1.34133125,60.0,0.02941964112698607,0.40388476913588534
1.3417433333333335,60.0,0.029419470202029833,0.4038019688203189
1.3421554166666667,60.0,0.02941923509966628,0.40350977672841043
1.3425675000000001,60.0,0.02941894098683682,0.40300776453779247
1.3429795833333333,60.0,0.029418586190565983,0.4023032200312122
1.3433916666666668,60.0,0.02941816993429896,0.40139516573532336
1.3438037500000002,60.0,0.029417705950665726,0.400307807237015
1.3442158333333334,60.0,0.029417196578726847,0.39902602093507694
1.3446279166666668,60.0,0.02941663084647254,0.3975849935241028
1.34504,60.0,0.029416031666683225,0.3959825107465406
1.3454520833333334,60.0,0.029415405416568497,0.3942270979313461
1.3458641666666669,60.0,0.02941473591443116,0.39235619900039614
1.34627625,60.0,0.02941404718194486,0.39035689477503077
1.3466883333333335,60.0,0.029413346805010735,0.3882650200650403
1.3471004166666667,60.0,0.029412626021197322,0.3860919795680804
1.3475125000000001,60.0,0.029411902456524214,0.3838558342616437
1.3479245833333335,60.0,0.029411179112821408,0.3815727854489379
1.3483366666666667,60.0,0.029410458817971507,0.37927204963000144
1.3487487500000002,60.0,0.029409754297524456,0.37695560586481686
1.3491608333333334,60.0,0.029409064894302978,0.3746610435893785
1.3495729166666668,60.0,0.029408398156831626,0.372399225215001
1.3499850000000002,60.0,0.02940776308532493,0.37018233217164204
1.3503970833333334,60.0,0.02940716203850951,0.36804850644744314
1.3508091666666668,60.0,0.029406599359762864,0.3659902810888827
1.35122125,60.0,0.02940608013277913,0.3640508973463556
1.3516333333333335,60.0,0.02940561312828963,0.3622270960959073
1.3520454166666667,60.0,0.02940519771610951,0.3605437946526559
1.3524575,60.0,0.029404833494636913,0.35901362933907344
1.3528695833333335,60.0,0.02940453338771825,0.35764994357847874
1.3532816666666667,60.0,0.02940429776172441,0.35646352692808264
1.3536937500000001,60.0,0.02940411718943593,0.3554624448882581
1.3541058333333333,60.0,0.02940400273681364,0.35466054467986385
1.3545179166666668,60.0,0.029403962810392495,0.3540571060466109
1.3549300000000002,60.0,0.029403981384497763,0.35366173677646595
1.3553420833333334,60.0,0.02940406140140198,0.3534776222087554
1.3557541666666668,60.0,0.029404216173837087,0.3535004265749071
1.35616625,60.0,0.02940442923045074,0.3537304267924521
1.3565783333333334,60.0,0.029404699972468022,0.3541782396686739
1.3569904166666669,60.0,0.029405037496363792,0.35481259108058766
1.3574025,60.0,0.029405425065952027,0.35565399141986076
1.3578145833333335,60.0,0.029405866561818227,0.3566833913042524
1.3582266666666667,60.0,0.02940636166354075,0.35788230498360707
1.3586387500000001,60.0,0.0294068938923772,0.35926714925809927
1.3590508333333335,60.0,0.029407471060627223,0.36079293089283193
1.3594629166666667,60.0,0.029408085602721908,0.3624711727887968
1.3598750000000002,60.0,0.029408724250503795,0.3642804505697772
1.3602870833333334,60.0,0.029409390704179535,0.366198254551419
1.3606991666666668,60.0,0.029410078092829715,0.3682218438768875
1.3611112500000002,60.0,0.029410777434034748,0.3703223942513776
1.3615233333333334,60.0,0.029411481169820678,0.37248610827261414
1.3619354166666668,60.0,0.02941218840693846,0.37470287365382354
1.3623475,60.0,0.02941289690925702,0.37694021880514905
1.3627595833333335,60.0,0.02941358819327123,0.37918761159905723
1.3631716666666667,60.0,0.029414261529421507,0.38143217275518293
1.36358375,60.0,0.02941492274430507,0.383638662904831
1.3639958333333335,60.0,0.029415552370410852,0.385808788380032
1.3644079166666667,60.0,0.02941614461068174,0.3879086442508963
1.3648200000000001,60.0,0.029416707288169412,0.38993007630099763
1.3652320833333333,60.0,0.029417227247644645,0.39185094890124444
1.3656441666666668,60.0,0.02941769568223964,0.39366113907424866
1.3660562500000002,60.0,0.029418119041992895,0.3953414428140744
1.3664683333333334,60.0,0.029418488521068296,0.3968703730240064
1.3668804166666668,60.0,0.029418796706501438,0.3982570683088898
1.3672925,60.0,0.029419051418591188,0.39946095317851965
1.3677045833333334,60.0,0.029419241668109487,0.400494145397175
1.3681166666666669,60.0,0.02941936566161878,0.40133911129987065
1.36852875,60.0,0.029419434072208164,0.40198494647423955
1.3689408333333335,60.0,0.029419431531824577,0.402434677352504
1.3693529166666667,60.0,0.029419361892067532,0.4026820625256693
1.3697650000000001,60.0,0.02941923826439115,0.40271831806501435
1.3701770833333335,60.0,0.029419046852472805,0.40255367077200793
1.3705891666666667,60.0,0.029418791140751376,0.40218669789893663
1.3710012500000002,60.0,0.02941848143833703,0.4016131287319823
1.3714133333333334,60.0,0.02941811676176381,0.4008560688878578
1.3718254166666668,60.0,0.02941769823341336,0.39989721295028235
1.3722375,60.0,0.029417226234125484,0.398771449573768
1.3726495833333334,60.0,0.02941671505901518,0.39747131605694075
1.3730616666666668,60.0,0.029416164922198115,0.39600930026005293
1.37347375,60.0,0.029415569842397203,0.39441021476724836
1.3738858333333335,60.0,0.02941495056707295,0.3926728869135707
1.3742979166666667,60.0,0.029414307651327985,0.3908198742275536
1.37471,60.0,0.029413637298037056,0.3888707370114071
1.3751220833333335,60.0,0.0294129573071004,0.38683248376022067
1.3755341666666667,60.0,0.029412269610356593,0.38472684549514147
1.3759462500000001,60.0,0.029411574663557823,0.3825788121892574
1.3763583333333334,60.0,0.029410886185139373,0.3803936216604756
1.3767704166666668,60.0,0.029410205891014812,0.3781966716388799
1.3771825000000002,60.0,0.02940953605928615,0.3760080727071819
1.3775945833333334,60.0,0.029408891832527827,0.37384138591303395
1.3780066666666668,60.0,0.02940827156403856,0.37171351972809274
1.37841875,60.0,0.02940767385123349,0.36964985511348625
1.3788308333333334,60.0,0.029407119241462457,0.36765704077015754
1.3792429166666669,60.0,0.029406606234411787,0.36575465094583676
1.379655,60.0,0.029406126828138618,0.36396675151212515
1.3800670833333335,60.0,0.029405701083505962,0.36229342693820893
1.3804791666666667,60.0,0.029405330429790336,0.36075773838165515
1.3808912500000001,60.0,0.02940500771594804,0.3593740883835175
1.3813033333333335,60.0,0.02940474337667968,0.3581462008265479
1.3817154166666668,60.0,0.029404539733646543,0.3570918957806706
1.3821275000000002,60.0,0.029404398342507,0.35621798215641715
1.3825395833333334,60.0,0.02940431602097485,0.3555245870347143
1.3829516666666668,60.0,0.029404295385794296,0.3550352942000754
1.38336375,60.0,0.02940434417718859,0.3547326839771483
1.3837758333333334,60.0,0.02940444959494462,0.3546329245909524
1.3841879166666669,60.0,0.029404615110198117,0.3547394571667011
1.3846,60.0,0.029404847428452396,0.35503076827141733
1.3850120833333335,60.0,0.029405131653976076,0.35553490040584307
1.3854241666666667,60.0,0.029405472787397816,0.3562225809130174
1.38583625,60.0,0.029405869303040535,0.3570920071974157
1.3862483333333335,60.0,0.02940630806228323,0.3581525948635736
1.3866604166666667,60.0,0.029406798522120203,0.3593716459250163
1.3870725000000002,60.0,0.029407331386203158,0.3607545032248789
1.3874845833333334,60.0,0.029407892110159643,0.3622847170634314
1.3878966666666668,60.0,0.029408490515976486,0.3639469744390898
1.3883087500000002,60.0,0.02940912038438361,0.3657292312567282
1.3887208333333334,60.0,0.02940976292564768,0.36761634869485177
1.3891329166666668,60.0,0.0294104220311221,0.3695921060499644
1.389545,60.0,0.02941109940103183,0.37163313744685256
1.3899570833333335,60.0,0.02941177502820853,0.3737320624519214
1.3903691666666669,60.0,0.029412447141409122,0.37586682584442144
1.39078125,60.0,0.02941311860242576,0.3780105145353188
1.3911933333333335,60.0,0.029413774816408982,0.38016113699628384
1.3916054166666667,60.0,0.02941441113061686,0.38228719287752366
1.3920175000000001,60.0,0.029415025410472733,0.38437501063788465
1.3924295833333336,60.0,0.029415612383679263,0.38641569867790754
1.3928416666666668,60.0,0.029416166591970043,0.3883741288429043
1.3932537500000002,60.0,0.029416679289068496,0.39025463668696436
1.3936658333333334,60.0,0.029417152835098433,0.3920302215152205
1.3940779166666668,60.0,0.029417582409241298,0.39368549881048115
1.39449,60.0,0.029417958666324635,0.39521823678725454
1.3949020833333334,60.0,0.029418286738553,0.39660148306391246
1.3953141666666669,60.0,0.029418556857401284,0.39783111301175716
1.39572625,60.0,0.029418768793057014,0.3989073708508664
1.3961383333333335,60.0,0.029418929557049896,0.39979497446791207
1.3965504166666667,60.0,0.029419020731700857,0.40051453306086354
1.3969625,60.0,0.029419051390049585,0.40104806110730257
1.3973745833333335,60.0,0.02941903144742992,0.4013823237732146
1.3977866666666667,60.0,0.029418940555798398,0.4015378944997509
1.3981987500000002,60.0,0.02941878832191075,0.40148979322067996
1.3986108333333334,60.0,0.02941858673896388,0.4012524192612769
1.3990229166666668,60.0,0.029418322580593948,0.40082468026500717
1.3994350000000002,60.0,0.029418000277736455,0.4002116875803646
1.3998470833333334,60.0,0.0294176319885815,0.3994112801847953
1.4002591666666668,60.0,0.029417214753695405,0.3984400899167541
1.40067125,60.0,0.029416747924116162,0.39730095611389754
1.4010833333333335,60.0,0.02941624165643548,0.3960005151883204
1.4014954166666669,60.0,0.029415700347223614,0.394557503102633
1.4019075,60.0,0.029415124776113598,0.39297461265702
1.4023195833333335,60.0,0.02941452193730861,0.39127297729123484
1.4027316666666667,60.0,0.0294138954059429,0.3894618726268894
1.4031437500000001,60.0,0.029413252799237434,0.3875625976000307
1.4035558333333333,60.0,0.029412599207647806,0.3855803002530062
1.4039679166666668,60.0,0.029411937284267078,0.3835492399404257
1.4043800000000002,60.0,0.029411275656444445,0.38146891280364364
1.4047920833333334,60.0,0.029410617897709164,0.3793707305744552
1.4052041666666668,60.0,0.029409974039214734,0.3772683751587904
1.40561625,60.0,0.0294093447759906,0.3751716238827544
1.4060283333333334,60.0,0.029408731041690322,0.3731174032436517
1.4064404166666669,60.0,0.02940815327793005,0.3711031892272223
1.4068525,60.0,0.029407604370201082,0.36915412640776696
1.4072645833333335,60.0,0.029407081795151904,0.36729240447973505
1.4076766666666667,60.0,0.02940661147503235,0.36552162513347447
1.4080887500000001,60.0,0.029406183204027592,0.3638617924963767
1.4085008333333335,60.0,0.029405792363796594,0.36233536360119806
1.4089129166666667,60.0,0.029405461686652822,0.3609341236971864
1.4093250000000002,60.0,0.029405183976717722,0.3596895587119231
1.4097370833333334,60.0,0.02940495622782013,0.35860679681307916
1.4101491666666668,60.0,0.02940478893814071,0.35768139221724476
1.4105612500000002,60.0,0.029404680026901643,0.35694293143987255
1.4109733333333334,60.0,0.029404630297595914,0.35637674812381054
1.4113854166666668,60.0,0.029404640431981488,0.3560002024702531
1.4117975,60.0,0.029404709172181034,0.35581086398382655
1.4122095833333335,60.0,0.029404836850092833,0.3558086601399793
1.4126216666666669,60.0,0.029405023669348967,0.3559956691771369
1.41303375,60.0,0.029405266533840034,0.35636831404130137
1.4134458333333335,60.0,0.02940556061309443,0.3569259092061198
1.4138579166666667,60.0,0.029405907488979983,0.35765737004820375
1.4142700000000001,60.0,0.02940630494840043,0.3585640660545441
1.4146820833333333,60.0,0.02940674497092486,0.3596325247465637
1.4150941666666668,60.0,0.029407224334943246,0.3608579302126156
1.4155062500000002,60.0,0.02940774469961219,0.3622284380937314
1.4159183333333334,60.0,0.02940829929342131,0.3637331798551808
1.4163304166666668,60.0,0.02940887444659766,0.36535533136003423
1.4167425,60.0,0.029409477615505192,0.36709701004358986
1.4171545833333334,60.0,0.02941010598575713,0.3689182848867381
1.4175666666666669,60.0,0.0294107352512712,0.3708268161077464
1.41797875,60.0,0.029411375887839097,0.3727997276213303
1.4183908333333335,60.0,0.029412027359922658,0.3748031856464325
1.4188029166666667,60.0,0.029412665129297202,0.3768574496060341
1.4192150000000001,60.0,0.029413297506145124,0.3789018622826577
1.4196270833333335,60.0,0.029413919767835254,0.3809492533512146
1.4200391666666667,60.0,0.029414517202606,0.3829735371975424
1.4204512500000002,60.0,0.029415094916409736,0.3849508429808705
1.4208633333333334,60.0,0.029415642284436237,0.38687525928505456
1.4212754166666668,60.0,0.029416152678806713,0.3887231993143989
1.4216875000000002,60.0,0.029416629973086028,0.3904809193991168
1.4220995833333334,60.0,0.029417063993991053,0.392135425689357
1.4225116666666668,60.0,0.029417450144742476,0.3936740184105866
1.42292375,60.0,0.02941778938351989,0.3950737892816991
1.4233358333333335,60.0,0.02941807869421778,0.39634100246408827
1.423747916666667,60.0,0.029418313033127967,0.39744396347621114
1.42416,60.0,0.029418488740087963,0.3983939970836151
1.4245720833333335,60.0,0.02941861204051736,0.3991664269409398
1.4249841666666667,60.0,0.02941867846345884,0.3997650591672733
1.4253962500000001,60.0,0.029418679681438575,0.4001827076345655
1.4258083333333333,60.0,0.029418625667458138,0.40041539463537223
1.4262204166666668,60.0,0.029418519535936723,0.4004662499295603
1.4266325000000002,60.0,0.029418350171389756,0.400323823453765
1.4270445833333334,60.0,0.02941812304908391,0.4000100663163914
1.4274566666666668,60.0,0.029417851693524382,0.39950742962066055
1.42786875,60.0,0.02941752536195147,0.39883232302717037
1.4282808333333334,60.0,0.029417146015452884,0.39799362451083037
1.4286929166666669,60.0,0.029416730300210272,0.39698412709591957
1.429105,60.0,0.029416268799480685,0.3958278925071691
1.4295170833333335,60.0,0.02941576848087375,0.3945310446186658
1.4299291666666667,60.0,0.029415241722112507,0.39309149330793713
1.4303412500000001,60.0,0.029414678862860224,0.391540464976954
1.4307533333333335,60.0,0.029414094761075926,0.38987977838356125
1.4311654166666667,60.0,0.029413496468644867,0.3881182274207407
1.4315775000000002,60.0,0.029412875800470254,0.3862887194359253
1.4319895833333334,60.0,0.029412250241543828,0.3843831459297378
1.4324016666666668,60.0,0.029411624335263523,0.3824360210758753
1.4328137500000002,60.0,0.02941099494441173,0.3804568085177091
1.4332258333333334,60.0,0.0294103726127205,0.3784579267262963
1.4336379166666668,60.0,0.029409764375250943,0.3764647603629172
1.43405,60.0,0.029409175330934113,0.3744868872406795
1.4344620833333335,60.0,0.029408603539703128,0.3725432149710686
1.4348741666666667,60.0,0.029408057869888895,0.370652982400233
1.43528625,60.0,0.029407551128869207,0.3688270682434105
1.4356983333333335,60.0,0.029407075097073725,0.36707908571493747
1.4361104166666667,60.0,0.02940663438973546,0.36543730363691473
1.4365225000000001,60.0,0.029406244496984354,0.3638952416991603
1.4369345833333333,60.0,0.02940589955171802,0.3624822385682047
1.4373466666666668,60.0,0.029405599002371555,0.36120467864521505
1.4377587500000002,60.0,0.029405355402481077,0.36007024753847605
1.4381708333333334,60.0,0.02940516541819812,0.35909629276691174
1.4385829166666668,60.0,0.02940502671829592,0.3582834317595071
1.438995,60.0,0.029404949061128137,0.35764673394149293
1.4394070833333334,60.0,0.029404927348067936,0.3571778141678597
1.4398191666666669,60.0,0.029404958767938683,0.3569021655222806
1.44023125,60.0,0.029405054207728494,0.35679895308299614
1.4406433333333335,60.0,0.029405201184760116,0.35687916488394583
1.4410554166666667,60.0,0.029405398238356664,0.3571484745040183
1.4414675000000001,60.0,0.029405658630586393,0.3575855167326162
1.4418795833333335,60.0,0.02940596356675499,0.35820399587427326
1.4422916666666667,60.0,0.029406311698053446,0.3589897294766797
1.4427037500000002,60.0,0.02940671278071787,0.35993125018335703
1.4431158333333334,60.0,0.029407152903347736,0.36103173825481305
1.4435279166666668,60.0,0.029407627681380773,0.36227374325954625
1.4439400000000002,60.0,0.02940813611131786,0.3636432253406128
1.4443520833333334,60.0,0.029408676300333385,0.3651432144389519
1.4447641666666668,60.0,0.029409242172411584,0.36673857181264635
1.44517625,60.0,0.029409821474641017,0.36844032096362644
1.4455883333333335,60.0,0.02941042005972092,0.37021721917184003
1.4460004166666667,60.0,0.029411031547655165,0.3720543508649313
1.4464125,60.0,0.029411640220242796,0.3739516415627811
1.4468245833333335,60.0,0.02941225314276335,0.3758742715643119
1.4472366666666667,60.0,0.029412862480413374,0.3778170481586188
1.4476487500000002,60.0,0.029413455949185954,0.3797644127018146
1.4480608333333334,60.0,0.029414037911414746,0.3816922725655755
1.4484729166666668,60.0,0.029414599485692805,0.38359260952130547
1.4488850000000002,60.0,0.029415132635708423,0.38544852049130834
1.4492970833333334,60.0,0.029415641287914705,0.38724154797255345
1.4497091666666668,60.0,0.029416115538940208,0.3889579200489743
1.45012125,60.0,0.02941654640510827,0.39058705664008897
1.4505333333333335,60.0,0.029416943312146105,0.39211566956706595
1.4509454166666669,60.0,0.02941729713586129,0.3935202635478745
1.4513575,60.0,0.029417593940980882,0.39480730162593475
1.4517695833333335,60.0,0.029417847447114516,0.395950524932456
1.4521816666666667,60.0,0.029418053581533377,0.3969427565870059
1.4525937500000001,60.0,0.029418197231417417,0.3977887620729494
1.4530058333333336,60.0,0.029418289068412172,0.3984581945454364
1.4534179166666668,60.0,0.029418328833616694,0.39896489108803745
1.4538300000000002,60.0,0.029418309469590277,0.39929763309112754
1.4542420833333334,60.0,0.02941823501367013,0.39944877715078053
1.4546541666666668,60.0,0.02941810482202173,0.3994275041063057
1.45506625,60.0,0.029417924199618993,0.3992244468332587
1.4554783333333334,60.0,0.02941768921630697,0.398844991640862
1.4558904166666669,60.0,0.029417401202172642,0.3983014280604508
1.4563025,60.0,0.029417072325597395,0.39757958987021635
1.4567145833333335,60.0,0.029416694229491273,0.3967047994097196
1.4571266666666667,60.0,0.029416274080779244,0.3956774006310795
1.45753875,60.0,0.029415820693323005,0.3944980202391288
1.4579508333333335,60.0,0.02941532746014787,0.39319660262418415
1.4583629166666667,60.0,0.02941480840299823,0.39176404623370104
1.4587750000000002,60.0,0.029414266246822373,0.39022159237120907
1.4591870833333334,60.0,0.02941369520705225,0.3885879345263488
1.4595991666666668,60.0,0.029413114476631193,0.3868667796512914
1.4600112500000002,60.0,0.029412526813493885,0.3850776020412288
1.4604233333333334,60.0,0.029411923876265005,0.38323730688483165
1.4608354166666668,60.0,0.029411322842091248,0.3813609950881496
1.4612475,60.0,0.02941073294059317,0.37945988846542805
1.4616595833333335,60.0,0.029410145324784732,0.3775581357331062
1.4620716666666669,60.0,0.029409569949547562,0.3756658269596351
1.46248375,60.0,0.02940902070143374,0.37379738024689535
1.4628958333333335,60.0,0.029408490749322565,0.37197544641330127
1.4633079166666667,60.0,0.029407985854485903,0.37020912896429636
1.4637200000000001,60.0,0.029407516953133463,0.368509515992898
1.4641320833333336,60.0,0.029407082061021408,0.366900618715322
1.4645441666666668,60.0,0.02940668646435747,0.3653862183840554
1.4649562500000002,60.0,0.029406332331137788,0.36398059383705805
1.4653683333333334,60.0,0.02940602354722734,0.36270159273649966
1.4657804166666668,60.0,0.02940576521662289,0.36154638260794747
1.4661925,60.0,0.029405553331902857,0.36054075593988044
1.4666045833333334,60.0,0.029405394650442267,0.3596815210343563
1.4670166666666669,60.0,0.029405289672498836,0.3589775956701233
1.46742875,60.0,0.029405236173461025,0.35844187651786713
1.4678408333333335,60.0,0.029405242277843663,0.35807041081433044
1.4682529166666667,60.0,0.029405296899063755,0.3578675409514978
1.468665,60.0,0.029405403850001156,0.35784773379064433
1.4690770833333335,60.0,0.02940557371700414,0.3579855966259874
1.4694891666666667,60.0,0.029405785337949842,0.3583042083966186
1.4699012500000002,60.0,0.029406044683482655,0.3587951651747138
1.4703133333333334,60.0,0.029406361817750665,0.35943503627713996
1.4707254166666668,60.0,0.02940671594198773,0.36025238464500126
1.4711375000000002,60.0,0.02940710857683177,0.36120720130727724
1.4715495833333334,60.0,0.029407546832627914,0.3623128768747187
1.4719616666666668,60.0,0.029408017175929627,0.36355242805363686
1.47237375,60.0,0.029408513742758113,0.3649140576876013
1.4727858333333335,60.0,0.029409040192911816,0.3663896732291112
1.4731979166666669,60.0,0.029409589047637012,0.3679625379311277
1.47361,60.0,0.029410152239699033,0.36962758088238357
1.4740220833333335,60.0,0.02941072894023141,0.3713559816675613
1.4744341666666667,60.0,0.02941131240856187,0.373148393104194
1.4748462500000001,60.0,0.029411898216835614,0.37497716970661865
1.4752583333333336,60.0,0.029412483026426756,0.3768342188364801
1.4756704166666668,60.0,0.029413057469161428,0.37869842610451765
1.4760825000000002,60.0,0.02941361961600856,0.3805585245333575
1.4764945833333334,60.0,0.029414166246212608,0.38239055402305316
1.4769066666666668,60.0,0.029414690837280363,0.3841930470890889
1.47731875,60.0,0.0294151887913757,0.3859356474855231
1.4777308333333334,60.0,0.02941565367308533,0.3876132719913675
1.4781429166666669,60.0,0.029416090056131224,0.38921516419949437
1.478555,60.0,0.02941648828683207,0.3907108686050977
1.4789670833333335,60.0,0.029416837437221635,0.3921181017136364
1.4793791666666667,60.0,0.029417153095012374,0.3933947436917046
1.4797912500000001,60.0,0.02941742219615521,0.39454625242355024
1.4802033333333335,60.0,0.02941763226022844,0.3955696327995149
1.4806154166666667,60.0,0.029417802655376784,0.39643697825936625
1.4810275000000002,60.0,0.029417921820253393,0.39715887173019915
1.4814395833333334,60.0,0.02941798027176228,0.3977243812496859
1.4818516666666668,60.0,0.029417992448423587,0.3981207753963924
1.4822637500000002,60.0,0.029417951565938186,0.39835905702197216
1.4826758333333334,60.0,0.029417855582767872,0.39842975651385015
1.4830879166666668,60.0,0.029417710379042183,0.3983275048448527
1.4835,60.0,0.029417513117317367,0.39806732335746947
1.4839120833333335,60.0,0.029417267588901872,0.39763683880511347
1.4843241666666669,60.0,0.029416977419878507,0.39705183493442775
1.48473625,60.0,0.02941664239180855,0.3963075963238341
1.4851483333333335,60.0,0.02941626413985058,0.395417033629872
1.4855604166666667,60.0,0.029415850083121937,0.3943839680037018
1.4859725000000001,60.0,0.029415403303352586,0.3932165359069257
1.4863845833333333,60.0,0.029414922054735823,0.3919308511430914
1.4867966666666668,60.0,0.029414414544864362,0.39052174988357924
1.4872087500000002,60.0,0.029413887685593814,0.3890235367699361
1.4876208333333334,60.0,0.029413341932105132,0.38742631835762265
1.4880329166666668,60.0,0.029412778560488014,0.3857592451850031
1.488445,60.0,0.029412209789044824,0.38403188545959654
1.4888570833333334,60.0,0.02941164185856597,0.38225208018794726
1.4892691666666669,60.0,0.029411065887187116,0.3804479657506784
1.48968125,60.0,0.029410498308674413,0.3786277684327117
1.4900933333333335,60.0,0.029409950048306675,0.3768034442687636
1.4905054166666667,60.0,0.029409406794468566,0.3749985922647618
1.4909175000000001,60.0,0.029408885082963174,0.37322948242077436
1.4913295833333335,60.0,0.02940839474316924,0.37149424871212405
1.4917416666666667,60.0,0.02940792486565381,0.36983738507684266
1.4921537500000002,60.0,0.02940749108450587,0.36824099569846097
1.4925658333333334,60.0,0.02940709470074906,0.3667378801170747
1.4929779166666668,60.0,0.029406731763211978,0.3653412816299859
1.4933900000000002,60.0,0.029406416880947087,0.36404651008082517
1.4938020833333334,60.0,0.02940614536291224,0.36288354587301236
1.4942141666666668,60.0,0.02940591663672051,0.3618483016379196
1.49462625,60.0,0.029405740690325588,0.36095619641292187
1.4950383333333335,60.0,0.02940561522851073,0.36021108434727617
1.495450416666667,60.0,0.02940553825600499,0.3596233447208569
1.4958625,60.0,0.029405512337603162,0.35918714441708405
1.4962745833333335,60.0,0.02940554159266959,0.358922717035402
1.4966866666666667,60.0,0.02940562205414353,0.3588129979073792
1.4970987500000001,60.0,0.02940574819365688,0.35887233690402204
1.4975108333333333,60.0,0.02940592763330311,0.35909330542210377
1.4979229166666668,60.0,0.029406158262491773,0.3594719867663661
1.4983350000000002,60.0,0.029406428585623867,0.3600123185432186
1.4987470833333334,60.0,0.029406742050789487,0.36069970927088224
1.4991591666666668,60.0,0.02940710292531542,0.3615378591660491
1.49957125,60.0,0.029407498072946545,0.3625072492913663
1.4999833333333334,60.0,0.029407922880242708,0.3636177540535822
1.5003954166666669,60.0,0.029408386076381833,0.36484256657704195
1.5008075,60.0,0.029408873416088093,0.3661782369800362
1.5012195833333335,60.0,0.02940937978355071,0.3676236380295059
1.5016316666666667,60.0,0.029409912231050783,0.3691464101527516
1.5020437500000001,60.0,0.02941045296289691,0.3707527343783695
1.5024558333333335,60.0,0.029411003640437864,0.3724241189504766
1.5028679166666667,60.0,0.02941156598480481,0.3741336342887103
1.5032800000000002,60.0,0.029412120147352956,0.37588904437123133
1.5036920833333334,60.0,0.029412672708120334,0.3776608763093347
1.5041041666666668,60.0,0.029413221894829693,0.3794301009702215
1.5045162500000002,60.0,0.029413749873221613,0.3812017208067692
1.5049283333333334,60.0,0.029414261363906017,0.3829351541767414
1.5053404166666668,60.0,0.0294147545555619,0.38463625616496744
1.5057525,60.0,0.029415218644750697,0.3862834005982042
1.5061645833333335,60.0,0.02941565039475552,0.38785442261683584
1.506576666666667,60.0,0.029416048661238318,0.38935415055704875
1.50698875,60.0,0.029416414324538814,0.39075238122590905
1.5074008333333335,60.0,0.02941673575344552,0.39204710696561645
1.5078129166666667,60.0,0.029417010660245317,0.3932272131743185
1.5082250000000001,60.0,0.029417247566284367,0.39427590433786863
1.5086370833333334,60.0,0.029417434910537013,0.39519101593564426
1.5090491666666668,60.0,0.029417569170238113,0.3959650473151081
1.5094612500000002,60.0,0.029417658555131846,0.3965854143294385
1.5098733333333334,60.0,0.029417697143624785,0.3970513296152737
1.5102854166666668,60.0,0.029417681278464922,0.39736103229336295
1.5106975,60.0,0.029417618551583008,0.3975088866405011
1.5111095833333335,60.0,0.029417505485043387,0.39749407494670763
1.5115216666666669,60.0,0.02941733986023365,0.3973206729578982
1.51193375,60.0,0.02941713248516551,0.39699001367642306
1.5123458333333335,60.0,0.029416877385291848,0.39649665484036417
1.5127579166666667,60.0,0.029416574166029615,0.3958671875903846
1.5131700000000001,60.0,0.029416239546771326,0.3950799085504113
1.5135820833333336,60.0,0.029415863002385526,0.39415875534377914
1.5139941666666668,60.0,0.029415445724041384,0.3931162965952365
1.5144062500000002,60.0,0.02941500818511204,0.39193896685704255
1.5148183333333334,60.0,0.029414539859438107,0.3906635094361376
1.5152304166666668,60.0,0.029414043182678255,0.3892805824964635
1.5156425000000002,60.0,0.029413532476610046,0.38780921521611794
1.5160545833333334,60.0,0.029413006629321777,0.38626595487247195
1.5164666666666669,60.0,0.029412469789879627,0.38465394488793736
1.51687875,60.0,0.0294119242430142,0.38299301228499505
1.5172908333333335,60.0,0.02941137936662138,0.3812982324330943
1.5177029166666667,60.0,0.029410840609755823,0.3795754922739983
1.518115,60.0,0.029410303207105398,0.3778511285978803
1.5185270833333335,60.0,0.029409780658676474,0.37612955905596385
1.5189391666666667,60.0,0.029409277630668366,0.37442622556507915
1.5193512500000002,60.0,0.029408789433131268,0.372762925963338
1.5197633333333334,60.0,0.029408329435091057,0.37114555683965406
1.5201754166666668,60.0,0.029407898714314373,0.3695870222250035
1.5205875000000002,60.0,0.029407495802586794,0.36810826799911045
1.5209995833333334,60.0,0.029407132923253795,0.3667139587608284
1.5214116666666668,60.0,0.02940680734210236,0.36541616325193027
1.52182375,60.0,0.02940651846895988,0.3642345437526536
1.5222358333333335,60.0,0.02940627902362005,0.36316643067923077
1.5226479166666669,60.0,0.02940608567807498,0.36222969729737076
1.52306,60.0,0.029405931289287653,0.36143120050960365
1.5234720833333335,60.0,0.029405831235934758,0.36077884790850445
1.5238841666666667,60.0,0.029405784974998007,0.360268876875767
1.5242962500000001,60.0,0.029405778153453722,0.3599218722310589
1.5247083333333336,60.0,0.02940582503663764,0.35972872380247384
1.5251204166666668,60.0,0.029405925956032558,0.3596888122813835
1.5255325000000002,60.0,0.029406068503504443,0.35981898154458264
1.5259445833333334,60.0,0.029406259958857817,0.3600928097880054
1.5263566666666668,60.0,0.029406497700927955,0.3605294644353615
1.5267687500000002,60.0,0.029406777915044428,0.36111466061870173
1.5271808333333334,60.0,0.02940709930106182,0.3618399350761118
1.5275929166666669,60.0,0.02940745569261838,0.3627083713491227
1.528005,60.0,0.029407850846941138,0.3637037066565168
1.5284170833333335,60.0,0.029408275837887153,0.3648190923502065
1.5288291666666667,60.0,0.02940872550882344,0.36605307873065157
1.52924125,60.0,0.02940920427754478,0.3673782227990622
1.5296533333333335,60.0,0.0294096986172111,0.36879893457760005
1.5300654166666667,60.0,0.02941020988284955,0.3703005203357439
1.5304775000000002,60.0,0.029410735710660565,0.3718557595900594
1.5308895833333334,60.0,0.029411261190820184,0.3734754507257529
1.5313016666666668,60.0,0.0294117942976112,0.3751247219053458
1.5317137500000002,60.0,0.02941232905933929,0.3767980950024787
1.5321258333333334,60.0,0.029412848258015722,0.37848774479280234
1.5325379166666668,60.0,0.029413360475890854,0.38016672840783766
1.53295,60.0,0.029413864123494313,0.38183019649024713
1.5333620833333335,60.0,0.029414340607916607,0.3834619672121551
1.5337741666666669,60.0,0.02941479381676194,0.38505122769861916
1.53418625,60.0,0.02941522747822264,0.38657890114924837
1.5345983333333335,60.0,0.029415626079246474,0.3880385921135683
1.5350104166666667,60.0,0.029415988542621882,0.38941853418452665
1.5354225000000001,60.0,0.029416319997292745,0.3907012028530791
1.5358345833333336,60.0,0.029416609665516943,0.39188353419753963
1.5362466666666668,60.0,0.02941685621668893,0.3929543733220532
1.5366587500000002,60.0,0.02941706140219816,0.3938945723376418
1.5370708333333334,60.0,0.029417219276626515,0.3947152680670259
1.5374829166666668,60.0,0.029417332532611355,0.3953925409434292
1.537895,60.0,0.029417396812356816,0.3959240631990209
1.5383070833333334,60.0,0.0294174115395668,0.3963179792182027
1.5387191666666669,60.0,0.029417380933044125,0.3965454672230653
1.53913125,60.0,0.02941729995842083,0.39663576868752815
1.5395433333333335,60.0,0.02941717380474664,0.3965615183536737
1.5399554166666667,60.0,0.02941699964721544,0.3963347058845198
1.5403675000000001,60.0,0.0294167787466214,0.3959648212609849
1.5407795833333335,60.0,0.029416522995692976,0.39543643898770586
1.5411916666666667,60.0,0.02941621974609538,0.39477218053791274
1.5416037500000002,60.0,0.029415875841539565,0.39397022587707053
1.5420158333333334,60.0,0.02941550813055453,0.39303243910882374
1.5424279166666668,60.0,0.02941510100735838,0.39197665356772554
1.5428400000000002,60.0,0.02941466215608081,0.39081144940928214
1.5432520833333334,60.0,0.02941420818351179,0.3895312277544951
1.5436641666666668,60.0,0.029413729066256885,0.38817169320384787
1.54407625,60.0,0.029413229906430093,0.3867230119062154
1.5444883333333335,60.0,0.029412723753702442,0.38521052178012394
1.5449004166666669,60.0,0.029412208987324252,0.3836422380963778
1.5453125,60.0,0.029411687563722762,0.38203171588104684
1.5457245833333335,60.0,0.029411169190144706,0.3803960894086914
1.5461366666666667,60.0,0.029410655909741474,0.3787422222410551
1.5465487500000001,60.0,0.029410150882003015,0.37709880696478243
1.5469608333333336,60.0,0.029409661860703293,0.3754562423632839
1.5473729166666668,60.0,0.029409188204294126,0.3738545546832965
1.5477850000000002,60.0,0.029408735762441497,0.37228663945762086
1.5481970833333334,60.0,0.029408311950899466,0.370775603617734
1.5486091666666668,60.0,0.029407914891710053,0.36933184328185353
1.54902125,60.0,0.029407548795257265,0.36796302590344554
1.5494333333333334,60.0,0.029407218557112935,0.3666861276746576
1.5498454166666669,60.0,0.029406927855172002,0.3655082652984589
1.5502575,60.0,0.029406676963493993,0.3644380851918849
1.5506695833333335,60.0,0.02940646286331455,0.3634843743037596
1.5510816666666667,60.0,0.029406299131781694,0.3626616838282408
1.5514937500000001,60.0,0.029406182008619223,0.3619604406586487
1.5519058333333335,60.0,0.029406100683427812,0.361410086711859
1.5523179166666667,60.0,0.029406075570071643,0.3609925817394797
1.5527300000000002,60.0,0.029406098863923917,0.3607206199992358
1.5531420833333334,60.0,0.029406158635714812,0.36060668548373026
1.5535541666666668,60.0,0.029406272805271028,0.36062925777848004
1.5539662500000002,60.0,0.029406432534487492,0.3608077238849683
1.5543783333333334,60.0,0.029406630760819372,0.36113290114230706
1.5547904166666668,60.0,0.02940687562324594,0.36159856989774325
1.5552025,60.0,0.029407159072162816,0.362208120633206
1.5556145833333335,60.0,0.029407478947859125,0.36295367634290165
1.556026666666667,60.0,0.02940783671387978,0.36382231154798356
1.55643875,60.0,0.029408224540744158,0.36482034874361197
1.5568508333333335,60.0,0.02940863932642384,0.36592680503757885
1.5572629166666667,60.0,0.029409082233437404,0.36713964393488574
1.5576750000000001,60.0,0.029409546951205862,0.3684460167550952
1.5580870833333336,60.0,0.02941002534555786,0.36983408911921584
1.5584991666666668,60.0,0.029410518710583634,0.37129678715940045
1.5589112500000002,60.0,0.02941102415386364,0.37281253062190045
1.5593233333333334,60.0,0.029411531532355824,0.3743802089039799
1.5597354166666668,60.0,0.02941203797777702,0.375971287385321
1.5601475,60.0,0.029412543581617143,0.3775889106491208
1.5605595833333334,60.0,0.029413042799298583,0.3792049218177907
1.5609716666666669,60.0,0.029413524051608336,0.3808102229826819
1.56138375,60.0,0.029413990445614425,0.38239838082411765
1.5617958333333335,60.0,0.029414443883549975,0.3839394589799618
1.5622079166666667,60.0,0.029414864701403056,0.38543906913695
1.5626200000000001,60.0,0.029415258255336064,0.38687382902889556
1.5630320833333335,60.0,0.02941562948380373,0.38823004301668496
1.5634441666666667,60.0,0.029415958785119847,0.3895050696450018
1.5638562500000002,60.0,0.02941625334891781,0.3906879513389246
1.5642683333333334,60.0,0.029416513867294557,0.39175281525516004
1.5646804166666668,60.0,0.0294167262715299,0.39272048295531453
1.5650925000000002,60.0,0.02941690132842562,0.39355337759948283
1.5655045833333334,60.0,0.029417033252444203,0.3942613485824043
1.5659166666666668,60.0,0.029417113610655087,0.39484428318621595
1.56632875,60.0,0.02941715451288292,0.39527201476435614
1.5667408333333335,60.0,0.029417149593331453,0.39557507813788834
1.567152916666667,60.0,0.029417094628978686,0.3957224120707204
1.567565,60.0,0.029416996622630025,0.3957316144388531
1.5679770833333335,60.0,0.02941685636210236,0.39559503060598183
1.5683891666666667,60.0,0.029416671466524765,0.39531298665186587
1.5688012500000001,60.0,0.029416442288891825,0.39489433955157727
1.5692133333333333,60.0,0.02941617742834677,0.394337083085857
1.5696254166666668,60.0,0.029415876801944085,0.3936486385110187
1.5700375000000002,60.0,0.0294155362251339,0.39283276812121676
1.5704495833333334,60.0,0.02941516509433599,0.3918984506437272
1.5708616666666668,60.0,0.02941477001352962,0.39085242937560166
1.57127375,60.0,0.029414345792442956,0.38970136423324064
1.5716858333333334,60.0,0.029413896596573372,0.388457938948794
1.5720979166666669,60.0,0.02941343535292016,0.3871306735904019
1.57251,60.0,0.029412958266824052,0.38572561213532996
1.5729220833333335,60.0,0.029412466451699808,0.3842701825229285
1.5733341666666667,60.0,0.02941197478586596,0.3827548925076197
1.5737462500000001,60.0,0.029411478006132273,0.3812072341836209
1.5741583333333335,60.0,0.029410981153082362,0.3796432153069569
1.5745704166666668,60.0,0.029410498252442865,0.37805868327946357
1.5749825000000002,60.0,0.029410018609130853,0.37648784758892523
1.5753945833333334,60.0,0.02940955402975537,0.3749325479176655
1.5758066666666668,60.0,0.02940911578390951,0.3734027392338128
1.5762187500000002,60.0,0.029408690829470546,0.37192577963933726
1.5766308333333334,60.0,0.02940829325328417,0.3705014378241073
1.5770429166666668,60.0,0.02940793095604762,0.3691417156735936
1.577455,60.0,0.029407594914445303,0.36787113282314726
1.5778670833333335,60.0,0.02940729339286627,0.36668224779270564
1.578279166666667,60.0,0.029407032019729763,0.3656002875203489
1.57869125,60.0,0.029406810738754195,0.36462726067687123
1.5791033333333335,60.0,0.029406628532678402,0.36376697870413965
1.5795154166666667,60.0,0.02940648706951764,0.3630396061893891
1.5799275000000002,60.0,0.0294063950892491,0.3624378469679827
1.5803395833333334,60.0,0.02940634569993874,0.3619720240661513
1.5807516666666668,60.0,0.02940633680946594,0.3616487952836014
1.5811637500000002,60.0,0.029406378290852832,0.3614631536113424
1.5815758333333334,60.0,0.029406463292802883,0.3614215171664215
1.5819879166666668,60.0,0.02940658890946748,0.3615242336162733
1.5824,60.0,0.029406759956580163,0.36176487497291204
1.5828120833333335,60.0,0.029406971711421696,0.36214291887283934
1.5832241666666669,60.0,0.029407219686854977,0.3626603760571501
1.58363625,60.0,0.029407508232086765,0.3633036056666612
1.5840483333333335,60.0,0.029407830463299176,0.364070715515666
1.5844604166666667,60.0,0.029408179625904033,0.36495857331390963
1.5848725000000001,60.0,0.029408565033188446,0.36595526289540525
1.5852845833333336,60.0,0.029408973194729668,0.36705018182902155
1.5856966666666668,60.0,0.02940939670704749,0.3682468348843173
1.5861087500000002,60.0,0.029409849130482352,0.36951759187137795
1.5865208333333334,60.0,0.02941031339353526,0.3708630607653572
1.5869329166666668,60.0,0.029410781474725162,0.3722775924402658
1.5873450000000002,60.0,0.02941126486559676,0.37372987856953044
1.5877570833333334,60.0,0.029411749895155635,0.37522903648970773
1.5881691666666669,60.0,0.029412230212990612,0.37675085053961477
1.58858125,60.0,0.029412707388070683,0.3782815447938436
1.5889933333333335,60.0,0.02941317538414611,0.3798195181601188
1.589405416666667,60.0,0.02941363212688785,0.38133676448667475
1.5898175,60.0,0.029414068445905463,0.3828300304865938
1.5902295833333335,60.0,0.02941448499630567,0.3842905478902761
1.5906416666666667,60.0,0.02941488117688802,0.38568965381170134
1.5910537500000002,60.0,0.02941524488317135,0.3870370805918015
1.5914658333333334,60.0,0.029415580392629516,0.3883046701775152
1.5918779166666668,60.0,0.029415884728430024,0.38948604401618314
1.5922900000000002,60.0,0.0294161489812358,0.3905807875668972
1.5927020833333334,60.0,0.029416378992275043,0.39156365860402476
1.5931141666666668,60.0,0.029416568752439722,0.3924372243367145
1.59352625,60.0,0.029416712888638064,0.3931914629734064
1.5939383333333335,60.0,0.02941681985647418,0.3938201711314926
1.5943504166666669,60.0,0.029416882978798256,0.39431345827631
1.5947625,60.0,0.029416895685292592,0.39467582952492203
1.5951745833333335,60.0,0.029416869913404444,0.39489709483285873
1.5955866666666667,60.0,0.02941680377298299,0.3949772910079461
1.5959987500000001,60.0,0.029416685306805163,0.3949197498937772
1.5964108333333336,60.0,0.02941652851105452,0.39472424704552206
1.5968229166666668,60.0,0.02941633744072182,0.3943831240077118
1.5972350000000002,60.0,0.02941609886280433,0.39391940215968424
1.5976470833333334,60.0,0.029415826034194337,0.39332174486244836
1.5980591666666668,60.0,0.02941552237098844,0.3925938426576314
1.5984712500000002,60.0,0.029415182728274057,0.39176435157604406
1.5988833333333334,60.0,0.029414816561251386,0.3908054306266633
1.5992954166666669,60.0,0.029414423551283982,0.3897614812332335
1.5997075,60.0,0.02941400887278373,0.3886163567484715
1.6001195833333335,60.0,0.029413576361705263,0.38738603938522426
1.6005316666666667,60.0,0.029413125250306496,0.3860914199025744
1.60094375,60.0,0.029412666013579194,0.38472517384200894
1.6013558333333335,60.0,0.029412198061007876,0.3833147992088586
1.6017679166666667,60.0,0.029411724744776588,0.38186483190634385
1.6021800000000002,60.0,0.029411255428944363,0.38038338195359306
1.6025920833333334,60.0,0.029410785210505663,0.378892247335753
1.6030041666666668,60.0,0.02941032561599079,0.3774003590105453
1.6034162500000002,60.0,0.029409881922333337,0.3759107174073154
1.6038283333333334,60.0,0.029409444882603903,0.37445214727585546
1.6042404166666668,60.0,0.0294090312796679,0.37302383341464035
1.6046525,60.0,0.02940864590992103,0.3716398727082989
1.6050645833333335,60.0,0.029408277607541635,0.37031833206935677
1.6054766666666669,60.0,0.029407939100597788,0.36906071591455697
1.60588875,60.0,0.029407639033702557,0.36788292421922425
1.6063008333333335,60.0,0.029407367621335185,0.3667932253558643
1.6067129166666667,60.0,0.02940713027562797,0.36580558559337695
1.6071250000000001,60.0,0.029406937504417818,0.36491565697460104
1.6075370833333336,60.0,0.029406781575551922,0.3641462815148288
1.6079491666666668,60.0,0.029406664501023184,0.36349651373616065
1.6083612500000002,60.0,0.029406593910182317,0.3629687951496061
1.6087733333333334,60.0,0.029406563402815677,0.36257707526356797
1.6091854166666668,60.0,0.029406576395927322,0.36231679361208835
1.6095975000000002,60.0,0.029406633875787118,0.3621907394790184
1.6100095833333334,60.0,0.029406730435608472,0.36220773346539875
1.6104216666666669,60.0,0.029406871668612188,0.36235787502822914
1.61083375,60.0,0.02940705248906464,0.36264089833067265
1.6112458333333335,60.0,0.029407270450967,0.36306601217562384
1.6116579166666667,60.0,0.02940752665225643,0.3636070230624295
1.6120700000000001,60.0,0.029407815340301065,0.3642851022376464
1.6124820833333335,60.0,0.029408140388542118,0.36507279918816266
1.6128941666666667,60.0,0.0294084907999183,0.36596995998210974
1.6133062500000002,60.0,0.029408863999831628,0.3669809999234548
1.6137183333333334,60.0,0.02940926996752708,0.3680725394839984
1.6141304166666668,60.0,0.02940968885128127,0.36925828532568844
1.6145425000000002,60.0,0.029410119417718535,0.37051564871226034
1.6149545833333334,60.0,0.029410572528627204,0.37183542834090405
1.6153666666666668,60.0,0.029411028874853293,0.3732071616946098
1.61577875,60.0,0.029411485542800018,0.3746262624955415
1.6161908333333335,60.0,0.029411950224299724,0.37606135381912864
1.616602916666667,60.0,0.02941240946388044,0.37752396296975854
1.617015,60.0,0.02941285857407991,0.3789867890158803
1.6174270833333335,60.0,0.02941330055611483,0.38043771362056533
1.6178391666666667,60.0,0.0294137274710737,0.3818760811578366
1.6182512500000001,60.0,0.029414134829507204,0.3832734596224186
1.6186633333333336,60.0,0.029414523307962383,0.38463740413372793
1.6190754166666668,60.0,0.02941488582025726,0.38593662797947614
1.6194875000000002,60.0,0.02941521962615577,0.3871823096093133
1.6198995833333334,60.0,0.029415527329413726,0.38834238682453687
1.6203116666666668,60.0,0.029415799791141943,0.3894253095406186
1.62072375,60.0,0.02941603549568806,0.3904159291419778
1.6211358333333334,60.0,0.02941623789903381,0.39129852306129737
1.6215479166666669,60.0,0.029416401299636807,0.3920821901651644
1.62196,60.0,0.02941652391200265,0.39274337938145915
1.6223720833333335,60.0,0.029416604075931434,0.39328809896512784
1.6227841666666667,60.0,0.029416646054474586,0.3937097344556288
1.6231962500000001,60.0,0.02941664760547052,0.3939965367732406
1.6236083333333335,60.0,0.02941659964772924,0.39415724741126623
1.6240204166666667,60.0,0.029416516910935345,0.39418777363066415
1.6244325000000002,60.0,0.029416396478107943,0.39407519490690984
1.6248445833333334,60.0,0.029416225770237385,0.39384476996481543
1.6252566666666668,60.0,0.02941602462914985,0.39347382131258374
1.6256687500000002,60.0,0.02941578919537678,0.3929773044440889
1.6260808333333334,60.0,0.029415511109998273,0.3923682216990405
1.6264929166666668,60.0,0.02941520725172175,0.3916266546685888
1.626905,60.0,0.0294148733929517,0.39078612357046105
1.6273170833333335,60.0,0.02941450971216905,0.38983636762852536
1.627729166666667,60.0,0.029414126996791,0.3887916833300864
1.62814125,60.0,0.02941372175142278,0.3876609075656579
1.6285533333333335,60.0,0.029413298004845715,0.38645242929940055
1.6289654166666667,60.0,0.02941286506208725,0.38517728014538394
1.6293775000000001,60.0,0.029412422044144175,0.3838464226931707
1.6297895833333336,60.0,0.029411969813737882,0.3824732987813622
1.6302016666666668,60.0,0.02941151852141929,0.3810650624799422
1.6306137500000002,60.0,0.029411071364684162,0.3796381686139766
1.6310258333333334,60.0,0.029410626266690405,0.3782046379817775
1.6314379166666668,60.0,0.029410190688812413,0.3767748413133619
1.63185,60.0,0.029409771597706223,0.3753604591145593
1.6322620833333334,60.0,0.02940936823000811,0.37397844918324796
1.6326741666666669,60.0,0.02940898175612682,0.37263027517512193
1.63308625,60.0,0.02940862037615038,0.37134154908711636
1.6334983333333335,60.0,0.0294082891328192,0.37010885851611064
1.6339104166666667,60.0,0.02940798124756079,0.3689459161649677
1.6343225000000001,60.0,0.029407703826707817,0.36787455994801743
1.6347345833333335,60.0,0.029407468177844624,0.3668783140732742
1.6351466666666667,60.0,0.029407261043357016,0.3659925933692344
1.6355587500000002,60.0,0.029407090298216563,0.3652057725807353
1.6359708333333334,60.0,0.029406965284609708,0.3645273263449818
1.6363829166666668,60.0,0.02940687224318421,0.36397189435106775
1.6367950000000002,60.0,0.029406822833666083,0.36353479324076116
1.6372070833333334,60.0,0.029406817246055237,0.36321739191599195
1.6376191666666668,60.0,0.029406844468998918,0.3630347686818542
1.63803125,60.0,0.02940691829818542,0.36297507492140707
1.6384433333333335,60.0,0.0294070330908368,0.3630429295602139
1.638855416666667,60.0,0.029407179985689116,0.36324671833073874
1.6392675,60.0,0.029407368927898365,0.3635642011324545
1.6396795833333335,60.0,0.029407595420620113,0.3640166399841871
1.6400916666666667,60.0,0.02940785243134674,0.3645819482580038
1.6405037500000001,60.0,0.0294081409924873,0.36526464279359705
1.6409158333333336,60.0,0.029408461920293276,0.36605698245250695
1.6413279166666668,60.0,0.029408809636476508,0.36694986144247027
1.6417400000000002,60.0,0.029409176983145168,0.36794141353165066
1.6421520833333334,60.0,0.02940956752966408,0.36901832992080935
1.6425641666666668,60.0,0.02940997832701558,0.37017423046738096
1.64297625,60.0,0.02941039922039555,0.3713971607127306
1.6433883333333335,60.0,0.029410829280542786,0.3726809586579089
1.6438004166666669,60.0,0.029411270505661297,0.37401063930158235
1.6442125,60.0,0.029411713507134788,0.3753750248544823
1.6446245833333335,60.0,0.029412151684204517,0.37676546006860917
1.6450366666666667,60.0,0.029412590316219088,0.37816763214280313
1.6454487500000001,60.0,0.029413019430134166,0.37956641753540293
1.6458608333333336,60.0,0.029413433278434604,0.3809601921805622
1.6462729166666668,60.0,0.029413838035596784,0.3823226671576972
1.6466850000000002,60.0,0.029414219494531414,0.38365046073238823
1.6470970833333334,60.0,0.029414577306141144,0.38493888509834234
1.6475091666666668,60.0,0.029414918641521483,0.3861584956111932
1.6479212500000002,60.0,0.029415224230189184,0.38731684570933744
1.6483333333333334,60.0,0.02941549925323084,0.3883994380031788
1.6487454166666669,60.0,0.029415750596820646,0.38938683147543324
1.6491575,60.0,0.02941595934266136,0.390290066304371
1.6495695833333335,60.0,0.02941613201700803,0.39108653963593537
1.649981666666667,60.0,0.02941627256689528,0.39177022740381795
1.65039375,60.0,0.029416371393268293,0.3923524382880953
1.6508058333333335,60.0,0.029416429753588946,0.3928025714959863
1.6512179166666667,60.0,0.029416448587950412,0.3931420165864082
1.6516300000000002,60.0,0.029416430403726494,0.3933526092229306
1.6520420833333334,60.0,0.02941637123930199,0.3934349709974931
1.6524541666666668,60.0,0.029416269753775977,0.3934010612434434
1.6528662500000002,60.0,0.029416134586654492,0.3932321167624559
1.6532783333333334,60.0,0.02941596211848543,0.3929458519517386
1.6536904166666668,60.0,0.02941575084641752,0.39253815229506667
1.6541025,60.0,0.029415509280952875,0.39201229260289355
1.6545145833333335,60.0,0.029415235840269584,0.39137601604753813
1.6549266666666669,60.0,0.029414931004270357,0.3906306993199859
1.65533875,60.0,0.029414602308322775,0.3897871669236066
1.6557508333333335,60.0,0.029414249100792975,0.3888451401563437
1.6561629166666667,60.0,0.02941387179570131,0.38782262634472364
1.6565750000000001,60.0,0.0294134816864611,0.3867194847986099
1.6569870833333336,60.0,0.029413076038992004,0.3855431662120967
1.6573991666666668,60.0,0.029412652950933704,0.384316265816298
1.6578112500000002,60.0,0.029412231145674508,0.3830345691122415
1.6582233333333334,60.0,0.0294118036302033,0.3817122704981465
1.6586354166666668,60.0,0.029411367368547593,0.380371937810322
1.6590475000000002,60.0,0.029410944022547576,0.3790043551410631
1.6594595833333334,60.0,0.029410526464441134,0.37763910383573934
1.6598716666666669,60.0,0.029410112718207298,0.37628316343242013
1.66028375,60.0,0.02940971836521697,0.37493706774646585
1.6606958333333335,60.0,0.029409340561919572,0.37363062979738965
1.661107916666667,60.0,0.029408981858095526,0.3723602357127475
1.66152,60.0,0.02940864698672005,0.3711426807389581
1.6619320833333335,60.0,0.029408337051655273,0.36999088104037725
1.6623441666666667,60.0,0.029408059080195188,0.3689060723890247
1.6627562500000002,60.0,0.029407809157559008,0.36790601961521546
1.6631683333333334,60.0,0.029407592255912832,0.36699898355743665
1.6635804166666668,60.0,0.029407413642392934,0.3661812382735556
1.6639925000000002,60.0,0.02940726715716478,0.36547734404300425
1.6644045833333334,60.0,0.029407160993246504,0.3648781547759324
1.6648166666666668,60.0,0.029407093861127758,0.36439446233463835
1.66522875,60.0,0.029407061660840984,0.3640352770504245
1.6656408333333335,60.0,0.029407073305877593,0.36379109409611093
1.6660529166666669,60.0,0.029407123276065428,0.3636753401823582
1.666465,60.0,0.029407206629781826,0.3636806293814569
1.6668770833333335,60.0,0.029407332845560675,0.36381576707896457
1.6672891666666667,60.0,0.02940749766410869,0.3640626783145911
1.6677012500000001,60.0,0.02940768952409322,0.36443871680027323
1.6681133333333336,60.0,0.02940791847933803,0.36492686981363853
1.6685254166666668,60.0,0.02940818465873722,0.36552269110215274
1.6689375000000002,60.0,0.02940847104786862,0.3662325795184082
1.6693495833333334,60.0,0.02940878596482933,0.36703499276075846
1.6697616666666668,60.0,0.02940913061168618,0.36793250520585696
1.6701737500000002,60.0,0.029409489607864714,0.3689170593494589
1.6705858333333334,60.0,0.029409868922463247,0.36997928498740495
1.6709979166666669,60.0,0.029410264626063304,0.371102382210098
1.67141,60.0,0.029410668940990578,0.3722973064851672
1.6718220833333335,60.0,0.029411084543973297,0.3735278110212783
1.672234166666667,60.0,0.02941150226935974,0.37480750969232796
1.6726462500000001,60.0,0.029411921995886818,0.37611239796737816
1.6730583333333335,60.0,0.02941234100563212,0.37742949708110746
1.6734704166666667,60.0,0.029412751416092505,0.378764817831235
1.6738825000000002,60.0,0.029413155367200305,0.3800843950986254
1.6742945833333334,60.0,0.02941354475225215,0.3813953442867466
1.6747066666666668,60.0,0.0294139185191328,0.3826800932963686
1.6751187500000002,60.0,0.029414277215592737,0.38392318588696817
1.6755308333333334,60.0,0.02941460732309856,0.38512394814453466
1.6759429166666668,60.0,0.029414915636547724,0.3862691367212413
1.676355,60.0,0.029415202486417224,0.3873384144879167
1.6767670833333335,60.0,0.029415450738906158,0.388342462010566
1.6771791666666669,60.0,0.029415669360560025,0.38925754915763056
1.67759125,60.0,0.0294158611254445,0.3900774713135829
1.6780033333333335,60.0,0.02941601118588805,0.39080560951542487
1.6784154166666667,60.0,0.029416123717501255,0.39142018349288116
1.6788275000000001,60.0,0.029416205116163354,0.391930600389267
1.6792395833333336,60.0,0.029416245291007125,0.39232014583574754
1.6796516666666668,60.0,0.029416244226558565,0.39259800540541034
1.6800637500000002,60.0,0.029416210207983167,0.3927474101711248
1.6804758333333334,60.0,0.0294161354925692,0.3927789091527143
1.6808879166666668,60.0,0.02941602239359227,0.3926925386039336
1.6813000000000002,60.0,0.02941587680324532,0.39247465558587524
1.6817120833333334,60.0,0.029415692312281694,0.39214942334298253
1.6821241666666669,60.0,0.02941547669111367,0.39170186414184094
1.68253625,60.0,0.02941523133508466,0.3911432113154202
1.6829483333333335,60.0,0.029414952984383392,0.39048376255614464
1.6833604166666667,60.0,0.029414650394708503,0.3897172892966566
1.6837725000000001,60.0,0.029414323616176564,0.3888594760996002
1.6841845833333335,60.0,0.029413975748891905,0.3879212017062334
1.6845966666666667,60.0,0.029413608825320188,0.3868938686905079
1.6850087500000002,60.0,0.029413224056604,0.3858098533732704
1.6854208333333334,60.0,0.029412833783135497,0.384658235361423
1.6858329166666668,60.0,0.029412430949156937,0.38345407312916785
1.6862450000000002,60.0,0.029412017728232952,0.3822241418344725
1.6866570833333334,60.0,0.029411612721594708,0.38094493631545695
1.6870691666666668,60.0,0.029411204480185218,0.379662280860623
1.68748125,60.0,0.029410795843911007,0.37836456179105765
1.6878933333333335,60.0,0.029410404244771492,0.37706929826437846
1.688305416666667,60.0,0.02941002085662887,0.375788881851036
1.6887175,60.0,0.029409648345091754,0.37453188461056247
1.6891295833333335,60.0,0.02940929882043963,0.37330660063779264
1.6895416666666667,60.0,0.02940896841629938,0.3721259691977907
1.6899537500000001,60.0,0.029408659248365113,0.3710030088992175
1.6903658333333336,60.0,0.029408378846903963,0.36993344062686545
1.6907779166666668,60.0,0.029408125236381533,0.36894424187593006
1.6911900000000002,60.0,0.02940790050992055,0.3680281782530687
1.6916020833333334,60.0,0.02940771158229513,0.3672039090724767
1.6920141666666668,60.0,0.029407554301347737,0.3664679379541248
1.6924262500000002,60.0,0.029407429239900303,0.3658393134138656
1.6928383333333334,60.0,0.029407345248427932,0.36530837035606006
1.6932504166666669,60.0,0.029407296596172618,0.36489350381782126
1.6936625,60.0,0.02940728236433159,0.364592681171286
1.6940745833333335,60.0,0.029407307699002395,0.3644001999215508
1.6944866666666667,60.0,0.029407370712555236,0.3643389708025237
1.6948987500000001,60.0,0.029407470722189542,0.3643834192238619
1.6953108333333335,60.0,0.029407602230095028,0.36455559216265465
1.6957229166666667,60.0,0.02940777177911382,0.36484218815640534
1.6961350000000002,60.0,0.029407977896179775,0.3652378760924554
1.6965470833333334,60.0,0.02940820620612258,0.36575293036172457
1.6969591666666668,60.0,0.029408469611006217,0.366370038444532
1.6973712500000002,60.0,0.02940876372331782,0.3670847297501163
1.6977833333333334,60.0,0.029409072835114073,0.367901277326822
1.6981954166666668,60.0,0.02940940979741863,0.3687999043218479
1.6986075,60.0,0.029409767206809805,0.36977718742795856
1.6990195833333335,60.0,0.02941013442006966,0.37083320920333895
1.699431666666667,60.0,0.02941051985649373,0.3719406009765937
1.69984375,60.0,0.02941091308513621,0.3731067016790876
1.7002558333333335,60.0,0.029411309310524915,0.3743153882697821
1.7006679166666667,60.0,0.02941171344981563,0.37555203765132816
1.7010800000000001,60.0,0.029412115013656957,0.3768121440845098
1.7014920833333336,60.0,0.029412509383902732,0.37808313656083176
1.7019041666666668,60.0,0.029412900108560264,0.3793517426655391
1.7023162500000002,60.0,0.029413281506753045,0.38061140212039274
1.7027283333333334,60.0,0.029413644773022843,0.3818491897236493
1.7031404166666668,60.0,0.02941399254149965,0.38305337293235386
1.7035525,60.0,0.029414324145501637,0.3842185361911905
1.7039645833333334,60.0,0.029414630466837226,0.38533160653302845
1.7043766666666669,60.0,0.029414910787115906,0.38638521674700926
1.70478875,60.0,0.029415166334770912,0.38736871143481477
1.7052008333333335,60.0,0.029415393934187604,0.3882794382179489
1.7056129166666667,60.0,0.029415587148686854,0.3891021270674462
1.7060250000000001,60.0,0.029415747359077,0.38983944194504866
1.7064370833333335,60.0,0.0294158794558257,0.3904790554953207
1.7068491666666668,60.0,0.02941597203389943,0.391011418739499
1.7072612500000002,60.0,0.02941602658158984,0.39145282770441053
1.7076733333333334,60.0,0.029416052586936605,0.3917679550337531
1.7080854166666668,60.0,0.029416036197768135,0.3919830405981574
1.7084975000000002,60.0,0.0294159838424083,0.3920834322669557
1.7089095833333334,60.0,0.029415901568154178,0.3920602447350541
1.7093216666666669,60.0,0.029415776110592862,0.39193642478178786
1.70973375,60.0,0.029415621515089536,0.3916897482890494
1.7101458333333335,60.0,0.02941543722028599,0.3913315801884578
1.710557916666667,60.0,0.02941521355362021,0.39087214083531363
1.71097,60.0,0.029414966221168248,0.39030102044451237
1.7113820833333335,60.0,0.02941469415106159,0.38963187440356983
1.7117941666666667,60.0,0.029414391501044877,0.38887237817597253
1.7122062500000002,60.0,0.029414068743118332,0.38801695057080476
1.7126183333333336,60.0,0.029413729453879225,0.38708994452200873
1.7130304166666668,60.0,0.029413371445764672,0.386083707973608
1.7134425000000002,60.0,0.02941299805249548,0.3850157813209083
1.7138545833333334,60.0,0.029412616846374876,0.38389326959633147
1.7142666666666668,60.0,0.029412230246234617,0.3827230207271866
1.71467875,60.0,0.02941183621304838,0.3815213499989454
1.7150908333333335,60.0,0.02941144198260751,0.38029055096756564
1.7155029166666669,60.0,0.029411054084227815,0.3790487626378501
1.715915,60.0,0.029410670503080702,0.3778010688151508
1.7163270833333335,60.0,0.02941029407494907,0.3765622159643847
1.7167391666666667,60.0,0.029409933458834078,0.37534242891202035
1.7171512500000001,60.0,0.0294095883971167,0.3741455108131227
1.7175633333333336,60.0,0.029409258419550936,0.372993114571715
1.7179754166666668,60.0,0.0294089540245445,0.37188746520207555
1.7183875000000002,60.0,0.029408671379182395,0.37083237929009377
1.7187995833333334,60.0,0.029408411787922167,0.3698558055114993
1.7192116666666668,60.0,0.029408187827307263,0.368939347981855
1.7196237500000002,60.0,0.02940798802409745,0.36811099724364993
1.7200358333333334,60.0,0.029407817540401462,0.36737472425170636
1.7204479166666669,60.0,0.02940768954083936,0.3667195507053333
1.72086,60.0,0.029407587555779505,0.3661746616641962
1.7212720833333335,60.0,0.029407518821210964,0.36572802410709465
1.721684166666667,60.0,0.02940749381450705,0.3653856635326318
1.72209625,60.0,0.029407498057670234,0.365156775987512
1.7225083333333335,60.0,0.029407536751191937,0.3650352697116856
1.7229204166666667,60.0,0.029407613717122957,0.36502324219362337
1.7233325000000002,60.0,0.029407724210155507,0.3651292988880534
1.7237445833333336,60.0,0.029407867552947668,0.3653370278468158
1.7241566666666668,60.0,0.0294080409587769,0.3656592749906481
1.7245687500000002,60.0,0.029408248176547084,0.36608470584648073
1.7249808333333334,60.0,0.0294084839930066,0.3666105786403337
1.7253929166666668,60.0,0.029408743540932054,0.3672394693217692
1.725805,60.0,0.029409030598808384,0.3679547147770637
1.7262170833333335,60.0,0.0294093397829208,0.3687600950286742
1.7266291666666669,60.0,0.029409666706382637,0.3696444639770351
1.72704125,60.0,0.029410012704093547,0.3706031588688366
1.7274533333333335,60.0,0.02941037206392552,0.37162316474907486
1.7278654166666667,60.0,0.02941074020965085,0.3727026388628271
1.7282775000000001,60.0,0.029411119776516607,0.3738292502608125
1.7286895833333336,60.0,0.029411503104551286,0.37498977730585775
1.7291016666666668,60.0,0.029411883384902762,0.37618517362708886
1.7295137500000002,60.0,0.02941226815340565,0.3773926957312401
1.7299258333333334,60.0,0.0294126475274621,0.3786078744762187
1.7303379166666668,60.0,0.029413010606520785,0.37982470486334025
1.7307500000000002,60.0,0.029413371113486575,0.38102545985148195
1.7311620833333334,60.0,0.029413717512499254,0.382198299795071
1.7315741666666669,60.0,0.029414037747591614,0.38334666373436554
1.73198625,60.0,0.0294143458879839,0.38444272650446226
1.7323983333333335,60.0,0.029414631216681007,0.3854888194328704
1.732810416666667,60.0,0.029414886984010243,0.38647791412148597
1.7332225,60.0,0.02941511935444272,0.38738611820699914
1.7336345833333335,60.0,0.02941532107463204,0.3882275224895199
1.7340466666666667,60.0,0.029415493174257863,0.3889781619866705
1.7344587500000002,60.0,0.02941563305586773,0.3896379636519916
1.7348708333333334,60.0,0.029415737876741004,0.39020552268380443
1.7352829166666668,60.0,0.02941581191372074,0.3906670088789558
1.7356950000000002,60.0,0.029415848943169644,0.39102779694351414
1.7361070833333334,60.0,0.029415851631723167,0.3912839195940851
1.7365191666666668,60.0,0.029415821486153283,0.39142340555677535
1.73693125,60.0,0.029415753343909008,0.39146243746567894
1.7373433333333335,60.0,0.029415655049111415,0.39138795363637685
1.7377554166666669,60.0,0.029415523721023077,0.391202458719509
1.7381675,60.0,0.029415356211447332,0.39091896335694587
1.7385795833333335,60.0,0.029415163495015186,0.39052068038061266
1.7389916666666667,60.0,0.029414943077278922,0.39003238558190434
1.7394037500000001,60.0,0.029414689576153417,0.38943997762274063
1.7398158333333336,60.0,0.02941441528351337,0.3887651869087518
1.7402279166666668,60.0,0.02941412356569688,0.3879961456627172
1.7406400000000002,60.0,0.029413803870153604,0.38715363959785876
1.7410520833333334,60.0,0.02941346882948944,0.38624328383966294
1.7414641666666668,60.0,0.02941312609254396,0.38525611937789156
1.7418762500000002,60.0,0.02941276452114426,0.38422772866226135
1.7422883333333334,60.0,0.029412395971847864,0.3831405203324862
1.7427004166666669,60.0,0.029412026212714094,0.3820182140980245
1.7431125,60.0,0.02941164907064612,0.38086835606015707
1.7435245833333335,60.0,0.029411275669561997,0.37969600720304264
1.743936666666667,60.0,0.02941090646251972,0.37851003844417924
1.7443487500000001,60.0,0.0294105416969582,0.3773328647113499
1.7447608333333335,60.0,0.029410190821313895,0.37615419037333025
1.7451729166666667,60.0,0.029409850430485007,0.3750022704527211
1.7455850000000002,60.0,0.029409526128992416,0.3738785887660347
1.7459970833333334,60.0,0.029409221912916284,0.37278563396673065
1.7464091666666668,60.0,0.029408937083275116,0.3717561607209247
1.7468212500000002,60.0,0.02940867876289471,0.3707657823793778
1.7472333333333334,60.0,0.029408442413812262,0.3698529740708019
1.7476454166666668,60.0,0.029408234904519333,0.3690096912912379
1.7480575,60.0,0.029408062202411135,0.36824231938351826
1.7484695833333335,60.0,0.029407912595216933,0.36756973866551695
1.748881666666667,60.0,0.029407796981076997,0.36698373087001224
1.74929375,60.0,0.02940772135130169,0.3664961092473374
1.7497058333333335,60.0,0.02940767207477922,0.36611179544780703
1.7501179166666667,60.0,0.029407656618990738,0.3658328569272478
1.7505300000000001,60.0,0.02940768173365724,0.36565661733040905
1.7509420833333336,60.0,0.02940773655916833,0.3655923065002416
1.7513541666666668,60.0,0.029407822484512198,0.36563504564016774
1.7517662500000002,60.0,0.029407946273236937,0.3657854625691904
1.7521783333333334,60.0,0.029408099073430297,0.3660399681950057
1.7525904166666668,60.0,0.029408279581207255,0.3664031863125185
1.7530025000000002,60.0,0.029408493281629023,0.3668583406475083
1.7534145833333334,60.0,0.029408730079452675,0.3674156833208522
1.7538266666666669,60.0,0.029408991445794976,0.36806429446843314
1.75423875,60.0,0.029409279080434694,0.368788971848808
1.7546508333333335,60.0,0.029409581402584355,0.36960440298538155
1.755062916666667,60.0,0.029409903308901936,0.37048159291478816
1.7554750000000001,60.0,0.029410241986532484,0.37142769283098753
1.7558870833333335,60.0,0.029410589151343255,0.37242999382528175
1.7562991666666667,60.0,0.029410946364159012,0.37347624928445966
1.7567112500000002,60.0,0.029411308745167473,0.3745654509132232
1.7571233333333334,60.0,0.029411676577657246,0.3756842821689019
1.7575354166666668,60.0,0.029412042674655088,0.37682056799245006
1.7579475000000002,60.0,0.02941240116498361,0.37797199578464996
1.7583595833333334,60.0,0.02941276126895814,0.37912577083956056
1.7587716666666668,60.0,0.02941310942637869,0.38026462272823053
1.75918375,60.0,0.029413439123195283,0.38140201708144295
1.7595958333333335,60.0,0.029413763313639624,0.3824956850864444
1.760007916666667,60.0,0.02941406693505172,0.3835658004629803
1.76042,60.0,0.02941434543779509,0.38459141465156194
1.7608320833333335,60.0,0.029414608596630167,0.38555793707284003
1.7612441666666667,60.0,0.029414844735131382,0.38647191935724895
1.7616562500000001,60.0,0.029415051846944866,0.3873125059236906
1.7620683333333336,60.0,0.029415234455437846,0.38808037670580414
1.7624804166666668,60.0,0.02941538574926195,0.38876471075738295
1.7628925000000002,60.0,0.02941550425335302,0.38936545083030427
1.7633045833333334,60.0,0.02941559419326658,0.38986640320100935
1.7637166666666668,60.0,0.029415649582794346,0.3902767220617096
1.7641287500000002,60.0,0.0294156687947124,0.3905832222380323
1.7645408333333334,60.0,0.029415659877631478,0.39078731913953546
1.7649529166666669,60.0,0.02941561588595619,0.3908844260908612
1.765365,60.0,0.029415535114327006,0.3908790142402205
1.7657770833333335,60.0,0.029415426633875818,0.39076469738629094
1.7661891666666667,60.0,0.029415286567998127,0.3905466949877177
1.7666012500000001,60.0,0.029415114739513346,0.3902295426526529
1.7670133333333335,60.0,0.029414914231120082,0.38980315631388895
1.7674254166666667,60.0,0.02941468821674878,0.3892945424785415
1.7678375000000002,60.0,0.029414439823103555,0.3886819031433487
1.7682495833333334,60.0,0.02941416285669412,0.38799027656312246
1.7686616666666668,60.0,0.029413868696129837,0.3872203105316342
1.7690737500000002,60.0,0.02941356163933091,0.38636817659987255
1.7694858333333334,60.0,0.029413230528132946,0.38546286585321066
1.7698979166666668,60.0,0.029412891753066092,0.3844926733437163
1.77031,60.0,0.02941254712364764,0.38347067736998686
1.7707220833333335,60.0,0.0294121883493414,0.3824179523684661
1.771134166666667,60.0,0.029411831445154104,0.3813248097773054
1.77154625,60.0,0.029411474393118874,0.38021216430713667
1.7719583333333335,60.0,0.029411114870670888,0.3790916820808905
1.7723704166666667,60.0,0.029410766756881222,0.3779582355029792
1.7727825000000001,60.0,0.0294104253346424,0.37683935523302264
1.7731945833333336,60.0,0.029410091020412314,0.3757319817316354
1.7736066666666668,60.0,0.029409776075260265,0.3746479455935482
1.7740187500000002,60.0,0.029409477330803374,0.37359823556591426
1.7744308333333334,60.0,0.0294091934178079,0.37258919308259925
1.7748429166666668,60.0,0.029408933173794442,0.371631073351464
1.7752550000000002,60.0,0.02940869918001685,0.3707273564859418
1.7756670833333335,60.0,0.029408486752617504,0.36989129857604924
1.7760791666666669,60.0,0.029408300991755724,0.36912458403528736
1.77649125,60.0,0.029408147489591353,0.36843567478650757
1.7769033333333335,60.0,0.029408022264841207,0.3678335579784566
1.7773154166666667,60.0,0.0294079264668769,0.3673137834153323
1.7777275000000001,60.0,0.02940786295264635,0.366892387578124
1.7781395833333336,60.0,0.02940783461622991,0.36656634602920796
1.7785516666666668,60.0,0.029407836332337702,0.36633525697496366
1.7789637500000002,60.0,0.02940786796965309,0.36621336484242323
1.7793758333333334,60.0,0.029407938115788474,0.3661861494735374
1.7797879166666668,60.0,0.029408036040686446,0.36626279051482924
1.7802000000000002,60.0,0.029408162650419078,0.3664504305400213
1.7806120833333334,60.0,0.029408325348075186,0.36672275679024524
1.7810241666666669,60.0,0.029408510048374317,0.36710702017392716
1.78143625,60.0,0.029408723201905778,0.3675815819909184
1.7818483333333335,60.0,0.02940896649671253,0.3681420343668621
1.782260416666667,60.0,0.029409223638495702,0.36879954480555727
1.7826725,60.0,0.02940950620565368,0.3695278501534917
1.7830845833333335,60.0,0.029409810946304356,0.3703337859352576
1.7834966666666667,60.0,0.02941012311361084,0.3712101175428604
1.7839087500000002,60.0,0.029410452057189024,0.3721422645551959
1.7843208333333336,60.0,0.029410794281310514,0.3731263007641884
1.7847329166666668,60.0,0.029411139369820483,0.37415620356391627
1.7851450000000002,60.0,0.029411488728814637,0.3752161502267764
1.7855570833333334,60.0,0.029411842140046576,0.37630426208574963
1.7859691666666668,60.0,0.02941219356298918,0.3774059888460809
1.78638125,60.0,0.029412537631382046,0.37851229850411844
1.7867933333333335,60.0,0.029412875369116694,0.37961763695754397
1.7872054166666669,60.0,0.0294132050088784,0.38070840177837423
1.7876175,60.0,0.029413519203510624,0.38177725720408034
1.7880295833333335,60.0,0.0294138166848503,0.3828153465478638
1.7884416666666667,60.0,0.029414098382845488,0.3838144135611541
1.7888537500000001,60.0,0.029414359395266463,0.3847646622574137
1.7892658333333336,60.0,0.029414595680946787,0.38566238297296124
1.7896779166666668,60.0,0.02941480954433399,0.38649541280952604
1.7900900000000002,60.0,0.029414997186147103,0.38725884835080077
1.7905020833333334,60.0,0.02941515404643236,0.38794915370574773
1.7909141666666668,60.0,0.029415287006117685,0.38856036648994907
1.7913262500000002,60.0,0.029415386977755868,0.3890771249917029
1.7917383333333334,60.0,0.02941545234439836,0.3895180107312995
1.7921504166666669,60.0,0.02941549558019435,0.38985320124902667
1.7925625,60.0,0.029415500586983823,0.3900970854355878
1.7929745833333335,60.0,0.029415470715660565,0.39025078257692514
1.793386666666667,60.0,0.02941541935935729,0.39028945876166027
1.79379875,60.0,0.029415330224338388,0.3902452363191936
1.7942108333333335,60.0,0.029415208766085985,0.3900942320718975
1.7946229166666667,60.0,0.029415064710705537,0.3898459821982381
1.7950350000000002,60.0,0.029414889191318128,0.38950607744382765
1.7954470833333336,60.0,0.029414686221915315,0.38907072790821545
1.7958591666666668,60.0,0.029414459672579635,0.3885455429900884
1.7962712500000002,60.0,0.029414210619252364,0.387940847849922
1.7966833333333334,60.0,0.029413941241985125,0.3872485759955801
1.7970954166666668,60.0,0.02941365087774262,0.3864872077177568
1.7975075,60.0,0.02941334643945863,0.3856579550970281
1.7979195833333335,60.0,0.02941302887513258,0.38476236088617577
1.7983316666666669,60.0,0.029412698413230288,0.3838219024932432
1.79874375,60.0,0.029412361773085042,0.3828267429477174
1.7991558333333335,60.0,0.029412019354627287,0.38180108074948577
1.7995679166666667,60.0,0.029411673483539555,0.38074517976955546
1.7999800000000001,60.0,0.029411330577707905,0.37967081489074794
1.8003920833333336,60.0,0.02941099034644048,0.3785864538639615
1.8008041666666668,60.0,0.029410653634943194,0.3775008901222384
1.8012162500000002,60.0,0.029410330778993504,0.37643010771105223
1.8016283333333334,60.0,0.029410019749416795,0.37536798354757384
1.8020404166666668,60.0,0.029409716954794163,0.3743431713733254
1.8024525000000002,60.0,0.029409438164019627,0.3733493670120296
1.8028645833333334,60.0,0.029409180055968303,0.3723970123428512
1.8032766666666669,60.0,0.02940893438390076,0.3715060139348867
1.80368875,60.0,0.029408719894459864,0.370667381512085
1.8041008333333335,60.0,0.029408532390085895,0.36989387822886777
1.804512916666667,60.0,0.029408363907361932,0.3692038486279724
1.8049250000000001,60.0,0.029408229698775105,0.36858030649122564
1.8053370833333335,60.0,0.029408124020262164,0.36804757706132896
1.8057491666666667,60.0,0.029408046004189545,0.3676041910577881
1.8061612500000002,60.0,0.029408001792382465,0.3672427376572672
1.8065733333333336,60.0,0.02940798570124485,0.36698925794399573
1.8069854166666668,60.0,0.029408002669742618,0.36681907388165347
1.8073975000000002,60.0,0.02940805041124608,0.3667526607832295
1.8078095833333334,60.0,0.029408126885684928,0.36678227969552596
1.8082216666666668,60.0,0.029408235381854907,0.3669049100574128
1.80863375,60.0,0.029408370354534145,0.36712831875507845
1.8090458333333335,60.0,0.029408534511852272,0.36743958914946523
1.8094579166666669,60.0,0.029408725520714923,0.36784362821651695
1.80987,60.0,0.029408937252028224,0.36833291367660237
1.8102820833333335,60.0,0.0294091759064371,0.3689096888230042
1.8106941666666667,60.0,0.029409435795043456,0.3695565353203818
1.8111062500000001,60.0,0.029409708607502864,0.37028483156009856
1.8115183333333336,60.0,0.029410002087081652,0.371074389358294
1.8119304166666668,60.0,0.02941031248072733,0.3719275622604848
1.8123425000000002,60.0,0.029410627148504963,0.372832625822531
1.8127545833333334,60.0,0.029410952248530065,0.37378718695791663
1.8131666666666668,60.0,0.029411289381057543,0.3747746070136676
1.8135787500000002,60.0,0.02941162269256867,0.37579515302642025
1.8139908333333334,60.0,0.02941195651226159,0.37684225657733095
1.8144029166666669,60.0,0.0294122938484629,0.37788713362921583
1.814815,60.0,0.029412619587655557,0.3789531283019854
1.8152270833333335,60.0,0.029412939001828214,0.38000065639830277
1.815639166666667,60.0,0.02941325037809287,0.38103877816691406
1.8160512500000001,60.0,0.029413543323273734,0.38205542296524375
1.8164633333333335,60.0,0.029413824376756968,0.3830358106146325
1.8168754166666667,60.0,0.029414086543342956,0.3839779727537417
1.8172875000000002,60.0,0.029414325381777233,0.38487461425975755
1.8176995833333334,60.0,0.02941454547920873,0.3857112613197253
1.8181116666666668,60.0,0.02941473916175386,0.38648613848435687
1.8185237500000002,60.0,0.029414907314932584,0.38719554081511925
1.8189358333333334,60.0,0.02941504797255918,0.3878195885885852
1.8193479166666668,60.0,0.029415159316055373,0.38837691506452987
1.81976,60.0,0.02941524541717398,0.38883411748408303
1.8201720833333335,60.0,0.029415295744203408,0.3892099222475248
1.820584166666667,60.0,0.029415316529468598,0.3894953177502954
1.82099625,60.0,0.02941531333936487,0.38967705330210767
1.8214083333333335,60.0,0.029415272227954804,0.38977383558382434
1.8218204166666667,60.0,0.029415201299412257,0.38976716206326306
1.8222325000000001,60.0,0.029415107544975866,0.3896675259350081
1.8226445833333336,60.0,0.02941498039190461,0.38947410705867075
1.8230566666666668,60.0,0.029414823982496417,0.3891895554275883
1.8234687500000002,60.0,0.02941464709065373,0.38881199067477284
1.8238808333333334,60.0,0.029414443176023854,0.3883517322246267
1.8242929166666668,60.0,0.02941421403666133,0.38780975032548043
1.8247050000000002,60.0,0.02941396905416824,0.38718893927743436
1.8251170833333334,60.0,0.029413702422326694,0.3864954056184912
1.8255291666666669,60.0,0.02941341806526976,0.38573981736755414
1.82594125,60.0,0.029413124348817522,0.3849187871184025
1.8263533333333335,60.0,0.029412814429724612,0.3840472169067485
1.826765416666667,60.0,0.02941249596288762,0.3831335131212523
1.8271775000000001,60.0,0.029412175556280413,0.3821702154211772
1.8275895833333335,60.0,0.029411846353662046,0.38118956280016103
1.8280016666666667,60.0,0.029411517284973713,0.38017832957624004
1.8284137500000002,60.0,0.0294111922446222,0.37915325403786154
1.8288258333333334,60.0,0.029410870127994877,0.37812923953051186
1.8292379166666668,60.0,0.02941055550858344,0.3770978803029534
1.8296500000000002,60.0,0.029410248261117246,0.3760879660082075
1.8300620833333334,60.0,0.029409957812199485,0.37509309463738905
1.8304741666666668,60.0,0.029409681136475147,0.3741237409605111
1.83088625,60.0,0.029409415414762375,0.37319664584774437
1.8312983333333335,60.0,0.029409176991092634,0.37230982663209283
1.831710416666667,60.0,0.029408958198775762,0.37147057812645173
1.8321225,60.0,0.02940875611964913,0.3707011037117578
1.8325345833333335,60.0,0.02940858652720598,0.3699816151779287
1.8329466666666667,60.0,0.029408441092675635,0.3693447211895
1.8333587500000001,60.0,0.02940831902317741,0.3687827013794431
1.8337708333333336,60.0,0.029408230819009513,0.3682964616540713
1.8341829166666668,60.0,0.029408169592555038,0.36790527945284657
1.8345950000000002,60.0,0.029408136287978958,0.3675952448038508
1.8350070833333334,60.0,0.02940813659191508,0.3673855997066762
1.8354191666666668,60.0,0.029408164946091542,0.3672612344864566
1.8358312500000002,60.0,0.029408220440000087,0.36723989559190157
1.8362433333333334,60.0,0.02940830971366743,0.3673070285266589
1.8366554166666669,60.0,0.02940842595514319,0.3674690584104082
1.8370675,60.0,0.029408564800127716,0.3677284793909528
1.8374795833333335,60.0,0.0294087352086755,0.3680678161385834
1.837891666666667,60.0,0.02940892941855927,0.368500995168329
1.8383037500000001,60.0,0.02940914254434695,0.3690140948986071
1.8387158333333335,60.0,0.029409379383044974,0.36960269698930415
1.8391279166666668,60.0,0.029409635330418953,0.37026752400754703
1.8395400000000002,60.0,0.02940990799788063,0.3709962891877027
1.8399520833333334,60.0,0.029410192830175423,0.3717841714328422
1.8403641666666668,60.0,0.029410490531231043,0.3726325094408459
1.8407762500000002,60.0,0.029410801634453528,0.3735178418614873
1.8411883333333334,60.0,0.029411113193699944,0.37444877830062656
1.8416004166666669,60.0,0.029411430878620918,0.3754102415344873
1.8420125,60.0,0.02941175546781064,0.3763889934513317
1.8424245833333335,60.0,0.02941207080631071,0.37739073123372
1.842836666666667,60.0,0.029412386181610236,0.37839322991742425
1.84324875,60.0,0.029412697940176143,0.37939212880850487
1.8436608333333335,60.0,0.029412993874356957,0.38038853820398383
1.8440729166666667,60.0,0.029413284353080993,0.38135994085075525
1.8444850000000002,60.0,0.02941356020154195,0.3823061634768363
1.8448970833333336,60.0,0.029413814878139044,0.38322408709566885
1.8453091666666668,60.0,0.029414057630520015,0.38409331895760795
1.8457212500000002,60.0,0.029414279351688905,0.38492142473417174
1.8461333333333334,60.0,0.0294144742555727,0.38569150305015976
1.8465454166666668,60.0,0.02941464953125179,0.3864008411237376
1.8469575000000003,60.0,0.02941480157968015,0.387043131776106
1.8473695833333335,60.0,0.029414922868777522,0.3876142748165272
1.8477816666666669,60.0,0.0294150174823899,0.38810714607579866
1.84819375,60.0,0.02941508748685004,0.388516553380273
1.8486058333333335,60.0,0.029415125859505717,0.3888436198765668
1.8490179166666667,60.0,0.029415134102151692,0.38907980662217634
1.8494300000000001,60.0,0.029415115467969804,0.38922675099873055
1.8498420833333336,60.0,0.02941506767198968,0.3892827965688362
1.8502541666666668,60.0,0.029414990418781883,0.3892430769370256
1.8506662500000002,60.0,0.029414883685252916,0.3891160192847471
1.8510783333333334,60.0,0.029414753760176177,0.38889704544095166
1.8514904166666668,60.0,0.029414596602758827,0.38858591736036985
1.8519025000000002,60.0,0.029414411520264507,0.3881954721467041
1.8523145833333334,60.0,0.029414209662065833,0.38771699368817947
1.8527266666666669,60.0,0.029413982606320756,0.3871605659709633
1.85313875,60.0,0.029413735591455194,0.386538778693839
1.8535508333333335,60.0,0.029413477408692934,0.385835004647296
1.853962916666667,60.0,0.029413196964072033,0.3850809062441693
1.854375,60.0,0.029412906759739666,0.384269321637127
1.8547870833333335,60.0,0.029412612197339875,0.3834017426988418
1.8551991666666667,60.0,0.029412301042103326,0.38250516223618086
1.8556112500000002,60.0,0.02941198869534904,0.3815665446457225
1.8560233333333336,60.0,0.029411679181461977,0.38060504750240365
1.8564354166666668,60.0,0.029411362964651234,0.37963272682423727
1.8568475000000002,60.0,0.029411051816571443,0.37864419621319734
1.8572595833333334,60.0,0.029410749674411332,0.3776610004435567
1.8576716666666668,60.0,0.029410453259513577,0.37668648016955053
1.8580837500000003,60.0,0.02941016647721109,0.3757247664483022
1.8584958333333335,60.0,0.029409894388301713,0.3747937243628607
1.8589079166666669,60.0,0.0294096387144125,0.3738874964888331
1.85932,60.0,0.02940939808335735,0.37302589838202105
1.8597320833333335,60.0,0.029409176922148065,0.3722082537641084
1.8601441666666667,60.0,0.02940897850232369,0.3714424223195934
1.8605562500000001,60.0,0.029408802064586542,0.37073775201683506
1.8609683333333336,60.0,0.0294086486833261,0.37009226038461984
1.8613804166666668,60.0,0.02940852166719891,0.3695242326433428
1.8617925000000002,60.0,0.029408421570088484,0.36902144542853216
1.8622045833333334,60.0,0.029408346742822153,0.368604576624413
1.8626166666666668,60.0,0.029408302292196483,0.3682659520505111
1.8630287500000002,60.0,0.02940828522156666,0.3680100096208386
1.8634408333333334,60.0,0.02940829310107994,0.3678473575344512
1.8638529166666669,60.0,0.02940833597262066,0.3677683560030805
1.864265,60.0,0.029408403056203177,0.3677749325368877
1.8646770833333335,60.0,0.029408492747504174,0.36788134401483896
1.865089166666667,60.0,0.029408619144702237,0.36806391942008315
1.86550125,60.0,0.029408765093265607,0.36833763271731185
1.8659133333333335,60.0,0.029408931182740485,0.36870198577771973
1.8663254166666667,60.0,0.029409129292079984,0.36913136752706005
1.8667375000000002,60.0,0.02940934352841792,0.36965735122714144
1.8671495833333336,60.0,0.029409574931088114,0.3702427765892736
1.8675616666666668,60.0,0.02940982808795956,0.3709023380859668
1.8679737500000002,60.0,0.029410094568916467,0.3716251008919487
1.8683858333333334,60.0,0.029410373976694153,0.37240202778793513
1.8687979166666668,60.0,0.029410663811308847,0.3732325715779327
1.86921,60.0,0.029410961852227028,0.3741035403574033
1.8696220833333335,60.0,0.029411266674680553,0.3750114025851729
1.8700341666666669,60.0,0.029411572623732583,0.3759446366161462
1.87044625,60.0,0.02941188001140605,0.37690227413105537
1.8708583333333335,60.0,0.029412185212304532,0.37786315973655454
1.8712704166666667,60.0,0.029412484332658185,0.37883383825160666
1.8716825000000001,60.0,0.029412778138996187,0.37979373043280695
1.8720945833333336,60.0,0.02941306058495799,0.380740940658976
1.8725066666666668,60.0,0.02941332959028633,0.38166780140680145
1.8729187500000002,60.0,0.02941358712122544,0.38256218620527904
1.8733308333333334,60.0,0.029413827472674948,0.3834202757921188
1.8737429166666668,60.0,0.02941404518826842,0.3842337214612586
1.8741550000000002,60.0,0.029414247242271208,0.38500103139332154
1.8745670833333334,60.0,0.029414429053375726,0.38570125201797284
1.8749791666666669,60.0,0.029414579210484938,0.38635043878556724
1.87539125,60.0,0.02941471115701686,0.38692531137631936
1.8758033333333335,60.0,0.029414820369147117,0.3874264451264919
1.876215416666667,60.0,0.029414893756141793,0.3878592757725926
1.8766275000000001,60.0,0.029414946441645353,0.3882036558275701
1.8770395833333335,60.0,0.029414972950594857,0.3884683628141307
1.8774516666666667,60.0,0.02941496598573406,0.3886536182968491
1.8778637500000002,60.0,0.02941493642968607,0.3887458825428851
1.8782758333333336,60.0,0.029414877619984327,0.3887550511333353
1.8786879166666668,60.0,0.02941479110837361,0.388681648714219
1.8791000000000002,60.0,0.02941468153186376,0.3885139744011338
1.8795120833333334,60.0,0.02941454380296454,0.3882741547424369
1.8799241666666668,60.0,0.0294143837733301,0.3879429829229651
1.88033625,60.0,0.029414201263021092,0.3875361701588465
1.8807483333333335,60.0,0.029413997196342176,0.3870574298697782
1.881160416666667,60.0,0.029413775104567573,0.3864988482313092
1.8815725,60.0,0.029413532954905557,0.38588162440602314
1.8819845833333335,60.0,0.029413278176331388,0.38519498370730876
1.8823966666666667,60.0,0.029413010553378537,0.38445488825890395
1.8828087500000001,60.0,0.02941272731126344,0.3836622083400012
1.8832208333333336,60.0,0.029412439372177083,0.3828291139998363
1.8836329166666668,60.0,0.02941214719465098,0.38195068896159345
1.8840450000000002,60.0,0.029411845081914776,0.38105077599323384
1.8844570833333334,60.0,0.02941154418489978,0.38012424407268486
1.8848691666666668,60.0,0.02941124954470974,0.379183778629917
1.8852812500000002,60.0,0.029410952433514985,0.3782388916377308
1.8856933333333334,60.0,0.0294106617209719,0.3772951230157322
1.8861054166666669,60.0,0.029410386142096036,0.3763628246178625
1.8865175,60.0,0.029410116113917757,0.3754448285347075
1.8869295833333335,60.0,0.029409859491176554,0.3745645918987202
1.887341666666667,60.0,0.029409623581687576,0.37369916752934873
1.8877537500000001,60.0,0.029409399313974564,0.37289415460428676
1.8881658333333335,60.0,0.029409197288433733,0.3721263045040071
1.8885779166666667,60.0,0.029409018455314462,0.37141064330893764
1.8889900000000002,60.0,0.029408856737139295,0.37076696718820984
1.8894020833333336,60.0,0.029408723623574537,0.3701734537613153
1.8898141666666668,60.0,0.029408614756664366,0.3696626663620837
1.8902262500000002,60.0,0.029408529066651975,0.3692220899370252
1.8906383333333334,60.0,0.029408472513903307,0.36885686699204784
1.8910504166666668,60.0,0.0294084416980818,0.36857824938523104
1.8914625,60.0,0.029408439527064338,0.36837989708672764
1.8918745833333335,60.0,0.029408462214841658,0.36826389054421343
1.892286666666667,60.0,0.029408511305512718,0.36824095947951685
1.89269875,60.0,0.02940859216140301,0.3682919825360373
1.8931108333333335,60.0,0.029408692680446675,0.3684351332412134
1.8935229166666667,60.0,0.02940881741165849,0.36866073333542876
1.8939350000000001,60.0,0.029408972717054654,0.368959543424219
1.8943470833333336,60.0,0.029409144541016674,0.3693445990661991
1.8947591666666668,60.0,0.02940933573639532,0.3697973151857976
1.8951712500000002,60.0,0.029409551845387856,0.37032431611399114
1.8955833333333334,60.0,0.029409782061924176,0.37091431650363016
1.8959954166666668,60.0,0.029410025491312015,0.37156911227312256
1.8964075000000002,60.0,0.0294102868851803,0.37227609411409024
1.8968195833333334,60.0,0.029410557306617936,0.3730342765633899
1.8972316666666669,60.0,0.029410834538788278,0.37384128385499416
1.89764375,60.0,0.02941112333305787,0.3746778904128633
1.8980558333333335,60.0,0.029411412702569556,0.375550169544277
1.898467916666667,60.0,0.029411702960186824,0.37644738627467744
1.8988800000000001,60.0,0.029411998165695494,0.3773544920679476
1.8992920833333335,60.0,0.02941228507596332,0.37827519308030555
1.8997041666666667,60.0,0.029412566377711422,0.3791959214382595
1.9001162500000002,60.0,0.0294128446802451,0.3801031641427707
1.9005283333333334,60.0,0.02941310870371492,0.3810055336699239
1.9009404166666668,60.0,0.029413360468684348,0.3818773035780492
1.9013525000000002,60.0,0.029413598819755707,0.382720330428464
1.9017645833333334,60.0,0.029413820870940417,0.3835321303263988
1.9021766666666668,60.0,0.029414025267929467,0.384289930110278
1.90258875,60.0,0.029414204947793378,0.3850083990778528
1.9030008333333335,60.0,0.029414368387922198,0.38566306516649096
1.903412916666667,60.0,0.02941450909743612,0.38625607134202644
1.903825,60.0,0.02941461861747532,0.3867866772427215
1.9042370833333335,60.0,0.02941471061718596,0.3872415636271647
1.9046491666666667,60.0,0.029414775542678726,0.3876190602406511
1.9050612500000002,60.0,0.029414808890041926,0.38792411872283256
1.9054733333333336,60.0,0.029414821745128137,0.388140104976167
1.9058854166666668,60.0,0.02941480602659351,0.3882764387229712
1.9062975000000002,60.0,0.029414760983033555,0.3883319499673046
1.9067095833333334,60.0,0.02941469431292107,0.38829453407723785
1.9071216666666668,60.0,0.02941460016411342,0.38818181088829024
1.9075337500000002,60.0,0.02941447919838689,0.38798255233742096
1.9079458333333335,60.0,0.02941433931102009,0.38770533442261274
1.9083579166666669,60.0,0.029414175626040172,0.3873477338510573
1.90877,60.0,0.029413987207034968,0.3869203319481436
1.9091820833333335,60.0,0.02941378507624118,0.38641982547872095
1.909594166666667,60.0,0.02941356531875699,0.3858532678426846
1.9100062500000001,60.0,0.02941332472722003,0.3852304345365457
1.9104183333333336,60.0,0.02941307521053009,0.38454462417319846
1.9108304166666668,60.0,0.029412814641097133,0.38381456568811334
1.9112425000000002,60.0,0.029412542139418393,0.38304005450782547
1.9116545833333334,60.0,0.029412263786261852,0.3822243361504995
1.9120666666666668,60.0,0.029411980677478,0.38138205313373436
1.9124787500000002,60.0,0.029411697323928093,0.380514491815399
1.9128908333333334,60.0,0.029411410786278732,0.37962732029028057
1.9133029166666669,60.0,0.02941112673461035,0.378739403442958
1.913715,60.0,0.02941085255854388,0.37783865772792974
1.9141270833333335,60.0,0.029410579301236178,0.376950665691275
1.914539166666667,60.0,0.029410316859551883,0.3760766939198049
1.91495125,60.0,0.029410070684842835,0.3752143995541866
1.9153633333333335,60.0,0.029409830950702355,0.37438937689402413
1.9157754166666667,60.0,0.029409611008769376,0.37359199800402837
1.9161875000000002,60.0,0.029409410096769794,0.3728328584192691
1.9165995833333336,60.0,0.02940922160767247,0.37212963661853354
1.9170116666666668,60.0,0.029409060346284818,0.3714688389629865
1.9174237500000002,60.0,0.029408920313880562,0.37086988622979655
1.9178358333333334,60.0,0.029408797826490297,0.3703378964592839
1.9182479166666668,60.0,0.029408704917671523,0.3698660011319876
1.9186600000000003,60.0,0.029408637830532942,0.3694748818413207
1.9190720833333335,60.0,0.02940859140352889,0.369151487780157
1.9194841666666669,60.0,0.029408572855092442,0.36891305731816876
1.91989625,60.0,0.02940858383877375,0.36875078900337166
1.9203083333333335,60.0,0.029408616886117955,0.36867309038834734
1.920720416666667,60.0,0.02940867538568919,0.3686796519646167
1.9211325000000001,60.0,0.029408762111553712,0.3687617067056359
1.9215445833333336,60.0,0.029408871579571512,0.36893622830861156
1.9219566666666668,60.0,0.029409003787698104,0.3691806798191864
1.9223687500000002,60.0,0.029409158554141307,0.3695081845607524
1.9227808333333334,60.0,0.02940933525962725,0.36991035798060223
1.9231929166666668,60.0,0.029409531117943248,0.3703775514177669
1.9236050000000002,60.0,0.029409742037804335,0.3709200746035602
1.9240170833333334,60.0,0.029409972261577502,0.37151817339415394
1.9244291666666669,60.0,0.029410215333246413,0.37217215609337734
1.92484125,60.0,0.029410467252597224,0.37288381155439126
1.9252533333333335,60.0,0.029410734270168715,0.3736326313197912
1.925665416666667,60.0,0.029411003829109137,0.37442270076801765
1.9260775,60.0,0.02941127843837064,0.3752495552093874
1.9264895833333335,60.0,0.029411562409269856,0.3760887291431865
1.9269016666666667,60.0,0.02941183826500838,0.3769576937172903
1.9273137500000002,60.0,0.029412114571124418,0.3778315907183176
1.9277258333333336,60.0,0.02941239312837328,0.3787037563834353
1.9281379166666668,60.0,0.029412656498850043,0.37958026171412956
1.9285500000000002,60.0,0.029412913398590135,0.3804372604787887
1.9289620833333334,60.0,0.029413164437658127,0.3812789274808512
1.9293741666666668,60.0,0.0294133973200949,0.38209573711766437
1.9297862500000003,60.0,0.02941361592721417,0.3828777692636016
1.9301983333333335,60.0,0.02941382043229924,0.3836230577376341
1.9306104166666669,60.0,0.029414005979237424,0.3843254034029794
1.9310225,60.0,0.02941417042208768,0.3849752407832311
1.9314345833333335,60.0,0.02941431438727073,0.3855728376265039
1.9318466666666667,60.0,0.029414437490888456,0.3861076888806725
1.9322587500000001,60.0,0.029414535935364375,0.386580796037862
1.9326708333333336,60.0,0.0294146103897782,0.38698428176026406
1.9330829166666668,60.0,0.02941466040012319,0.3873152935226729
1.9334950000000002,60.0,0.029414685501605642,0.3875733445544175
1.9339070833333334,60.0,0.029414684777569085,0.38775002580128093
1.9343191666666668,60.0,0.0294146589929807,0.3878563228859825
1.9347312500000002,60.0,0.02941460853235917,0.3878710466423157
1.9351433333333334,60.0,0.02941453094356953,0.3878172418211879
1.9355554166666669,60.0,0.029414433296938054,0.3876767691249238
1.9359675,60.0,0.029414310916160265,0.3874587388051704
1.9363795833333335,60.0,0.02941416174704516,0.3871694487914398
1.936791666666667,60.0,0.029414000034650608,0.3867994765473685
1.9372037500000001,60.0,0.029413815156519044,0.3863611539580199
1.9376158333333335,60.0,0.02941360675003095,0.385858979547215
1.9380279166666667,60.0,0.029413392236117986,0.3852909387653643
1.9384400000000002,60.0,0.02941315892281547,0.38466151141490745
1.9388520833333336,60.0,0.029412908935354698,0.38399147752396323
1.9392641666666668,60.0,0.02941265646767434,0.3832580796705023
1.9396762500000002,60.0,0.029412392440268255,0.38249979587861394
1.9400883333333334,60.0,0.029412121363479864,0.3816997881809222
1.9405004166666668,60.0,0.02941184952054862,0.38087112988003446
1.9409125000000003,60.0,0.029411574917788074,0.3800321743527057
1.9413245833333335,60.0,0.0294113026614616,0.37917009013904746
1.9417366666666669,60.0,0.02941103339276304,0.3783128944975436
1.94214875,60.0,0.029410769657094066,0.37745189465481704
1.9425608333333335,60.0,0.029410514790307166,0.3766037710744211
1.9429729166666667,60.0,0.029410269280845103,0.37577261886998625
1.9433850000000001,60.0,0.029410036957517368,0.3749664508211303
1.9437970833333336,60.0,0.029409817783788428,0.37418747861679025
1.9442091666666668,60.0,0.02940961380809607,0.373449768936844
1.9446212500000002,60.0,0.029409429812122728,0.3727518023124539
1.9450333333333334,60.0,0.02940926344121149,0.37210317497823603
1.9454454166666668,60.0,0.02940911514963197,0.371508608655642
1.9458575000000002,60.0,0.029408991771769713,0.3709704914697858
1.9462695833333334,60.0,0.029408891783917434,0.3704964472073071
1.9466816666666669,60.0,0.029408809242802012,0.3700856099654116
1.94709375,60.0,0.029408755061047658,0.36975185365762797
1.9475058333333335,60.0,0.029408728872119975,0.36947695943195674
1.947917916666667,60.0,0.029408718226176928,0.3692899862384614
1.9483300000000001,60.0,0.029408737725390693,0.3691731051386668
1.9487420833333335,60.0,0.029408785131940063,0.369127870039002
1.9491541666666667,60.0,0.029408848502904344,0.3691730834054245
1.9495662500000002,60.0,0.029408941031918996,0.36928051887660107
1.9499783333333336,60.0,0.02940905640342999,0.36947272520112445
1.9503904166666668,60.0,0.029409189549577133,0.369739395148819
1.9508025000000002,60.0,0.02940934806963676,0.3700718925157957
1.9512145833333334,60.0,0.029409523245447596,0.37047965113559306
1.9516266666666668,60.0,0.029409715588040095,0.37095213396764837
1.95203875,60.0,0.029409927106239703,0.3714834334277295
1.9524508333333335,60.0,0.02941015072250823,0.3720791632475198
1.952862916666667,60.0,0.02941038757312587,0.37272096052219467
1.953275,60.0,0.029410634849442573,0.37341377534838277
1.9536870833333335,60.0,0.02941089104458949,0.37415170015467514
1.9540991666666667,60.0,0.029411154645616625,0.37491640287882
1.9545112500000001,60.0,0.029411418655974377,0.3757210177608172
1.9549233333333336,60.0,0.029411687826651763,0.3765377755122189
1.9553354166666668,60.0,0.029411958030529196,0.3773766975401924
1.9557475000000002,60.0,0.02941221989167767,0.37821862096441194
1.9561595833333334,60.0,0.029412479888571808,0.37906424232091196
1.9565716666666668,60.0,0.02941273603455008,0.37989914701237265
1.9569837500000002,60.0,0.029412977326126764,0.38072069320816
1.9573958333333334,60.0,0.029413207482507815,0.3815254978561577
1.9578079166666669,60.0,0.029413429918183163,0.38229263782553696
1.95822,60.0,0.02941363223618079,0.3830336357378684
1.9586320833333335,60.0,0.029413816665681894,0.3837301119949325
1.959044166666667,60.0,0.02941398869983787,0.38437958763502567
1.9594562500000001,60.0,0.02941413562854091,0.3849776202292839
1.9598683333333335,60.0,0.029414262395113085,0.3855233539374092
1.9602804166666667,60.0,0.029414371662851026,0.3859973977643998
1.9606925000000002,60.0,0.02941445168785668,0.3864197336224253
1.9611045833333336,60.0,0.029414512047191588,0.3867665341784253
1.9615166666666668,60.0,0.02941455042902966,0.38703951108631146
1.9619287500000002,60.0,0.02941455903825028,0.3872514899496157
1.9623408333333334,60.0,0.029414547896994124,0.38737395398887525
1.9627529166666668,60.0,0.02941451234125724,0.3874347377182175
1.963165,60.0,0.029414451404336912,0.38741227497557473
1.9635770833333335,60.0,0.029414368265798657,0.3873157249473188
1.963989166666667,60.0,0.02941426184337414,0.38714901627927384
1.96440125,60.0,0.029414137208483137,0.38690654527155377
1.9648133333333335,60.0,0.029413988548884388,0.3865938746682192
1.9652254166666667,60.0,0.02941381975956204,0.3862174721709315
1.9656375000000001,60.0,0.029413639513873793,0.3857713763205009
1.9660495833333336,60.0,0.029413438017862795,0.3852673243712174
1.9664616666666668,60.0,0.02941322024754473,0.38470987756643754
1.9668737500000002,60.0,0.02941299606516533,0.38409166818718377
1.9672858333333334,60.0,0.02941275724693544,0.3834338661348273
1.9676979166666668,60.0,0.02941250754082291,0.38273148535527135
1.9681100000000002,60.0,0.029412255774788138,0.38199105556317464
1.9685220833333335,60.0,0.029411996918063794,0.38122282724074075
1.9689341666666669,60.0,0.029411733650019554,0.3804298951985259
1.96934625,60.0,0.02941147426373946,0.3796193860352284
1.9697583333333335,60.0,0.02941121441501033,0.37879876166230003
1.970170416666667,60.0,0.02941095653730793,0.377977394154819
1.9705825000000001,60.0,0.029410710621621303,0.37715585907806914
1.9709945833333335,60.0,0.029410468863995707,0.3763464572860812
1.9714066666666668,60.0,0.029410235857097497,0.3755600831422072
1.9718187500000002,60.0,0.029410021911054643,0.3747897910952267
1.9722308333333336,60.0,0.02940981695057043,0.37405685359746904
1.9726429166666668,60.0,0.029409627247409816,0.37336217002654415
1.9730550000000002,60.0,0.029409459182150266,0.37270327892734195
1.9734670833333334,60.0,0.029409307512239205,0.3721052189344254
1.9738791666666669,60.0,0.029409176339040808,0.37155110905842936
1.97429125,60.0,0.029409065269076287,0.37105841430611197
1.9747033333333335,60.0,0.02940897820807005,0.3706355034787336
1.975115416666667,60.0,0.029408915423343018,0.37026575640296083
1.9755275,60.0,0.029408870203789197,0.3699799132899551
1.9759395833333335,60.0,0.029408853846131525,0.36975597466098764
1.9763516666666667,60.0,0.029408862239775718,0.369606532300141
1.9767637500000002,60.0,0.029408887792955078,0.3695389488317695
1.9771758333333336,60.0,0.02940894298945526,0.3695367520849353
1.9775879166666668,60.0,0.029409020014520393,0.36961345382000554
1.9780000000000002,60.0,0.02940911513023625,0.3697653111655487
1.9784120833333334,60.0,0.0294092366599781,0.3699843851010653
1.9788241666666668,60.0,0.029409376388817972,0.37027604149376137
1.9792362500000003,60.0,0.029409532537851266,0.3706351284841871
1.9796483333333335,60.0,0.02940971088709184,0.371053958195508
1.9800604166666669,60.0,0.029409903627047686,0.3715364316024083
1.9804725,60.0,0.02941010723239846,0.37207354713738244
1.9808845833333335,60.0,0.02941032890991871,0.37266232023949325
1.981296666666667,60.0,0.02941056092499085,0.37329467888083573
1.9817087500000001,60.0,0.02941079671741107,0.3739740925794712
1.9821208333333336,60.0,0.02941104449399565,0.37468513319761876
1.9825329166666668,60.0,0.02941129820100336,0.37542556868847843
1.9829450000000002,60.0,0.029411549948219522,0.3761961758813343
1.9833570833333334,60.0,0.02941180552072704,0.3769751024815916
1.9837691666666668,60.0,0.029412060374437703,0.3777737958818866
1.9841812500000002,60.0,0.029412310488949767,0.37857430815481996
1.9845933333333334,60.0,0.029412555337982815,0.3793688630250962
1.9850054166666669,60.0,0.029412791433303075,0.3801622388808455
1.9854175,60.0,0.029413021454694748,0.3809348721036721
1.9858295833333335,60.0,0.029413236746818887,0.3816856319558406
1.986241666666667,60.0,0.029413437735448935,0.3824162418297211
1.98665375,60.0,0.029413629278851133,0.3830990759798186
1.9870658333333335,60.0,0.029413798285513326,0.3837554468992701
1.9874779166666667,60.0,0.029413951153904522,0.38436034426442967
1.9878900000000002,60.0,0.029414088409299932,0.3849115856203479
1.9883020833333336,60.0,0.02941419833950236,0.38541556221690476
1.9887141666666668,60.0,0.029414292118924025,0.38585246210197566
1.9891262500000002,60.0,0.029414364759249082,0.38622902997206393
1.9895383333333334,60.0,0.02941440775088807,0.38653969985070985
1.9899504166666668,60.0,0.029414433887972852,0.3867793069312598
1.9903625000000003,60.0,0.029414437271698846,0.38694473831738074
1.9907745833333335,60.0,0.029414411425084806,0.3870439472210574
1.9911866666666669,60.0,0.0294143661603176,0.3870623548903575
1.99159875,60.0,0.02941430065254013,0.38701076378012395
1.9920108333333335,60.0,0.02941420880597287,0.38688512556885446
1.992422916666667,60.0,0.029414096027116393,0.38668801244790774
1.9928350000000001,60.0,0.029413966789305544,0.38642097817994386
1.9932470833333336,60.0,0.029413815536018892,0.3860868153366199
1.9936591666666668,60.0,0.02941364609127644,0.38569013951926534
1.9940712500000002,60.0,0.029413462416743006,0.38522843870244455
1.9944833333333334,60.0,0.029413263106282422,0.3847191272924616
1.9948954166666668,60.0,0.02941305124263661,0.3841485790780517
1.9953075000000002,60.0,0.02941282706323495,0.38353749421956373
1.9957195833333334,60.0,0.029412594939795037,0.38288385736486236
1.9961316666666669,60.0,0.029412356123486322,0.3821899670591116
1.99654375,60.0,0.029412109205092175,0.3814732393374436
1.9969558333333335,60.0,0.029411862302089684,0.38072578040172417
1.997367916666667,60.0,0.029411612693654395,0.379961211470733
1.9977800000000001,60.0,0.029411361857677537,0.3791896581642634
1.9981920833333335,60.0,0.02941111991410857,0.3784076990802789
1.9986041666666667,60.0,0.029410876881811286,0.37762605310222114
1.9990162500000002,60.0,0.029410640825420754,0.3768606291291753
1.9994283333333336,60.0,0.029410421467765978,0.3760949870434714
1.9998404166666668,60.0,0.029410203871244135,0.37536166312577346
2.0002525,60.0,0.029410000353206647,0.37465066637162664
2.0006645833333336,60.0,0.0294098176318869,0.3739636021302445
2.0010766666666666,60.0,0.029409643384228742,0.3733273308451027
2.00148875,60.0,0.029409487345625717,0.37272161478994176
2.0019008333333335,60.0,0.02940935358392836,0.3721695466307098
2.002312916666667,60.0,0.029409236370692895,0.3716683390529972
2.0027250000000003,60.0,0.02940913914386947,0.37122100685316284
2.0031370833333333,60.0,0.029409064851747494,0.37083716320686033
2.0035491666666667,60.0,0.029409012545018275,0.3705146888755901
2.00396125,60.0,0.02940898159579451,0.37025897661702084
2.0043733333333336,60.0,0.029408973793133838,0.370072058046334
2.004785416666667,60.0,0.029408988991472755,0.3699553742638015
2.0051975,60.0,0.029409026559327908,0.3699109935650132
2.0056095833333334,60.0,0.02940908681326379,0.36993812232203804
2.006021666666667,60.0,0.02940916834968407,0.37003547973344725
2.0064337500000002,60.0,0.029409271237114933,0.37020789914619856
2.0068458333333337,60.0,0.029409393865519013,0.3704422338009518
2.0072579166666666,60.0,0.02940953672501343,0.37075537526968955
2.00767,60.0,0.02940969720785084,0.3711180284789306
2.0080820833333335,60.0,0.02940987084733788,0.37155438742668256
2.008494166666667,60.0,0.029410064872222814,0.3720435537309108
2.0089062500000003,60.0,0.02941027054696902,0.3725795801741723
2.0093183333333333,60.0,0.02941048171924837,0.3731774808734427
2.0097304166666667,60.0,0.02941071147049293,0.37380319497039116
2.0101425,60.0,0.029410946070615035,0.37447557248564045
2.0105545833333336,60.0,0.02941118014046191,0.3751790471472821
2.010966666666667,60.0,0.029411426898058028,0.37590425322237636
2.01137875,60.0,0.029411672055150714,0.37664900971892057
2.0117908333333334,60.0,0.029411912898336102,0.37741309942630813
2.012202916666667,60.0,0.029412157167369783,0.3781728768203974
2.0126150000000003,60.0,0.02941239386811567,0.3789423778747078
2.0130270833333337,60.0,0.029412623988958678,0.3797007756213353
2.0134391666666667,60.0,0.02941284753053004,0.3804431212470863
2.01385125,60.0,0.029413058805254782,0.38117671527709995
2.0142633333333335,60.0,0.02941325961830787,0.38187247964913895
2.014675416666667,60.0,0.02941344653344357,0.3825501004318666
2.0150875000000004,60.0,0.0294136183353617,0.38318185938325844
2.0154995833333333,60.0,0.029413773368802368,0.38377976755608084
2.0159116666666668,60.0,0.029413910484035938,0.38432921443628937
2.01632375,60.0,0.029414030539140296,0.3848286090394389
2.0167358333333336,60.0,0.02941412901916683,0.38527610840135945
2.017147916666667,60.0,0.029414206083385894,0.3856623337952843
2.01756,60.0,0.02941426457384963,0.3859948323195615
2.0179720833333334,60.0,0.029414301039599713,0.3862555594037418
2.018384166666667,60.0,0.029414311844551427,0.386457017487374
2.0187962500000003,60.0,0.029414303704756343,0.38658951286255977
2.0192083333333337,60.0,0.029414276316667758,0.3866508598919276
2.0196204166666667,60.0,0.029414219959702496,0.38664674379514963
2.0200325,60.0,0.02941414587204144,0.38657335456244785
2.0204445833333335,60.0,0.029414055701662577,0.3864249463256002
2.020856666666667,60.0,0.029413937045681914,0.38621849277908327
2.02126875,60.0,0.029413803845700064,0.385941160862681
2.0216808333333334,60.0,0.029413655715280183,0.38559655873938853
2.022092916666667,60.0,0.02941348421858318,0.3852014392115792
2.022505,60.0,0.0294133030947438,0.3847383939154017
2.0229170833333336,60.0,0.02941310740146252,0.38422806810570237
2.0233291666666666,60.0,0.029412896380207873,0.3836687753723791
2.02374125,60.0,0.029412680355395446,0.38306049595110175
2.0241533333333335,60.0,0.029412453270035957,0.38241743436407455
2.024565416666667,60.0,0.029412219017129027,0.3817403812621003
2.0249775000000003,60.0,0.0294119827873348,0.38103255863403873
2.0253895833333333,60.0,0.029411743084373342,0.3803070337749721
2.0258016666666667,60.0,0.029411503506123607,0.37956406285776484
2.02621375,60.0,0.029411264348608707,0.37881094171721885
2.0266258333333336,60.0,0.029411030568239002,0.3780628631574176
2.027037916666667,60.0,0.029410803931623625,0.37730724081345635
2.02745,60.0,0.029410580386654967,0.37657452572901584
2.0278620833333334,60.0,0.02941036940799071,0.37585081319062247
2.028274166666667,60.0,0.029410172366924295,0.37515360131856096
2.0286862500000002,60.0,0.029409982914496376,0.3744856455039946
2.0290983333333337,60.0,0.029409809275845727,0.3738498682890061
2.0295104166666667,60.0,0.029409655721509997,0.37325698995347506
2.0299225,60.0,0.02940951523729597,0.3727035286820993
2.0303345833333335,60.0,0.029409391516372722,0.3722070061516616
2.030746666666667,60.0,0.02940929276375725,0.3717528042327929
2.0311587500000003,60.0,0.029409209765592612,0.3713617579633955
2.0315708333333333,60.0,0.029409146400207888,0.3710301494406656
2.0319829166666667,60.0,0.029409109866659223,0.3707546640548596
2.032395,60.0,0.029409088539054443,0.3705478709329481
2.0328070833333336,60.0,0.029409090813004815,0.3704071758096735
2.033219166666667,60.0,0.02940911861796008,0.3703258809079464
2.03363125,60.0,0.029409160798852623,0.3703212027844566
2.0340433333333334,60.0,0.029409227795294937,0.3703783775515076
2.034455416666667,60.0,0.029409317053400802,0.3704972754019822
2.0348675000000003,60.0,0.029409420957888552,0.3706949177279866
2.0352795833333337,60.0,0.02940954648399916,0.370940435463944
2.0356916666666667,60.0,0.029409689730668244,0.3712604928055644
2.03610375,60.0,0.029409849080493752,0.37163344917883334
2.0365158333333335,60.0,0.029410023080726055,0.3720606680640227
2.036927916666667,60.0,0.029410209278484842,0.3725489363961842
2.0373400000000004,60.0,0.02941041212888466,0.37307666902699493
2.0377520833333334,60.0,0.029410621839689427,0.3736534241812502
2.0381641666666668,60.0,0.029410837902920667,0.37427172217616017
2.03857625,60.0,0.029411067146768253,0.37491874666971226
2.0389883333333336,60.0,0.029411297499531846,0.3756009349467121
2.039400416666667,60.0,0.029411528473094785,0.3763042317518266
2.0398125,60.0,0.029411765565670104,0.3770224628989007
2.0402245833333335,60.0,0.029411999008504164,0.3777562974297123
2.040636666666667,60.0,0.029412227522603186,0.3784922245808036
2.0410487500000003,60.0,0.029412455102273853,0.37922820398454976
2.0414608333333333,60.0,0.029412673540038927,0.3799530416090696
2.0418729166666667,60.0,0.02941288135614423,0.38066883377185246
2.042285,60.0,0.0294130833314941,0.38136007204116307
2.0426970833333336,60.0,0.029413270198931193,0.3820248840535085
2.043109166666667,60.0,0.02941344065336343,0.38266279633805655
2.04352125,60.0,0.02941360265637515,0.3832553438203835
2.0439333333333334,60.0,0.029413743858416237,0.38381079003697227
2.044345416666667,60.0,0.029413864715086124,0.38432121244173817
2.0447575000000002,60.0,0.02941397382689921,0.38477183398439924
2.0451695833333337,60.0,0.029414059062161116,0.3851767403007236
2.0455816666666666,60.0,0.029414123405962892,0.3855195414136923
2.04599375,60.0,0.0294141694942636,0.3857990327825347
2.0464058333333335,60.0,0.029414193342721325,0.38602350162830185
2.046817916666667,60.0,0.0294141974748902,0.38617363962370316
2.0472300000000003,60.0,0.029414177204861603,0.3862650184817555
2.0476420833333333,60.0,0.02941413850122176,0.38629072573209466
2.0480541666666667,60.0,0.029414081381023104,0.3862433309843984
2.04846625,60.0,0.02941399831005208,0.3861404931471334
2.0488783333333336,60.0,0.029413900467894976,0.3859655098636536
2.049290416666667,60.0,0.029413785304905012,0.38573073048851997
2.0497025,60.0,0.02941364721822386,0.38543851268509655
2.0501145833333334,60.0,0.029413498253003722,0.38508361686871684
2.050526666666667,60.0,0.029413333158633214,0.38467538839933463
2.0509387500000003,60.0,0.029413150989619934,0.3842188241148095
2.0513508333333337,60.0,0.02941296201750002,0.38371072368357534
2.0517629166666667,60.0,0.029412760318637224,0.38315933307832717
2.052175,60.0,0.029412546886435225,0.38257256599471995
2.0525870833333335,60.0,0.029412331367129414,0.38194595976464624
2.052999166666667,60.0,0.02941210981273739,0.3812940593426956
2.0534112500000004,60.0,0.029411880029260682,0.3806173123653821
2.0538233333333333,60.0,0.029411653673188334,0.3799207071978846
2.0542354166666668,60.0,0.029411428969178182,0.3792112054291934
2.0546475,60.0,0.029411200659114595,0.3784977770352436
2.0550595833333336,60.0,0.029410980576093634,0.3777806217538568
2.055471666666667,60.0,0.02941076799673076,0.37706762806445676
2.05588375,60.0,0.02941055956882135,0.37637116594933545
2.0562958333333334,60.0,0.029410363059087997,0.37568471562775385
2.056707916666667,60.0,0.029410177408389738,0.37502779214193277
2.0571200000000003,60.0,0.029410005177043248,0.37439700561221184
2.0575320833333337,60.0,0.029409847246113993,0.37379783755315205
2.0579441666666667,60.0,0.029409702825672745,0.37324375564200735
2.05835625,60.0,0.02940957970503743,0.3727304055144216
2.0587683333333335,60.0,0.029409471334819387,0.3722625888469849
2.059180416666667,60.0,0.029409380925183665,0.3718574766352027
2.0595925000000004,60.0,0.029409315191302063,0.37149370515214775
2.0600045833333334,60.0,0.029409263645648952,0.37120233716706075
2.060416666666667,60.0,0.029409235692336874,0.37096768199229485
2.06082875,60.0,0.029409231242048386,0.3707898294509937
2.0612408333333336,60.0,0.029409240559412252,0.37069043725677264
2.0616529166666666,60.0,0.02940927619646254,0.370643310627821
2.062065,60.0,0.02940933359284007,0.3706700443775198
2.0624770833333335,60.0,0.029409403892489822,0.37075891078460227
2.062889166666667,60.0,0.02940949808571156,0.3709124734156728
2.0633012500000003,60.0,0.029409612987690643,0.37112692622979215
2.0637133333333333,60.0,0.029409739610113755,0.37140585714532454
2.0641254166666667,60.0,0.029409884312917446,0.3717383186412482
2.0645375,60.0,0.02941004722091563,0.3721266886198682
2.0649495833333336,60.0,0.02941022026203726,0.3725677682043706
2.065361666666667,60.0,0.029410405024074077,0.37305425866314623
2.06577375,60.0,0.029410603277147403,0.37358585146739753
2.0661858333333334,60.0,0.029410808409378264,0.37415288359636345
2.066597916666667,60.0,0.029411020596054254,0.3747595367353439
2.0670100000000002,60.0,0.02941123920249659,0.37538677979272733
2.0674220833333337,60.0,0.029411460425911803,0.37604884472357536
2.0678341666666666,60.0,0.0294116848274869,0.37671874028303054
2.06824625,60.0,0.029411907497328665,0.3774069470035148
2.0686583333333335,60.0,0.029412129145430597,0.3781060991358947
2.069070416666667,60.0,0.02941234792519857,0.3787956396199108
2.0694825000000003,60.0,0.02941255857620772,0.37949660910869093
2.0698945833333333,60.0,0.029412765732277128,0.38017458432989965
2.0703066666666667,60.0,0.029412961162620134,0.3808427149664659
2.07071875,60.0,0.02941314419559241,0.38149507281573264
2.0711308333333336,60.0,0.029413322190682243,0.382111016751113
2.071542916666667,60.0,0.029413479675377694,0.38270266190043956
2.071955,60.0,0.02941362169378665,0.3832593855168334
2.0723670833333334,60.0,0.029413755954990267,0.3837667404453848
2.072779166666667,60.0,0.02941386486333049,0.3842387737874058
2.0731912500000003,60.0,0.029413956042255524,0.3846563804488909
2.0736033333333337,60.0,0.02941403436505009,0.38501787346804206
2.0740154166666667,60.0,0.02941408775598506,0.38533258981369267
2.0744275,60.0,0.029414121385892448,0.3855786636536559
2.0748395833333335,60.0,0.029414137390022344,0.38577038019814935
2.075251666666667,60.0,0.02941413142449714,0.38589529305239817
2.0756637500000004,60.0,0.029414104478373358,0.38595864748706227
2.0760758333333333,60.0,0.029414058450872214,0.3859568022291946
2.0764879166666668,60.0,0.02941399250160405,0.3858896525344549
2.0769,60.0,0.029413906869438892,0.38576129266837766
2.0773120833333336,60.0,0.029413803918246557,0.38556546197586994
2.077724166666667,60.0,0.02941368262656293,0.38531656629361144
2.07813625,60.0,0.029413544949474277,0.3850012028683902
2.0785483333333334,60.0,0.029413393008204742,0.38463690926475436
2.078960416666667,60.0,0.029413226884154035,0.384216382618049
2.0793725000000003,60.0,0.029413048273031317,0.38375040036688063
2.0797845833333337,60.0,0.029412857864774166,0.3832380208115888
2.0801966666666667,60.0,0.029412660647812994,0.38269011969958006
2.08060875,60.0,0.02941245570598155,0.38210090835990707
2.0810208333333335,60.0,0.029412240374439968,0.3814882535699413
2.081432916666667,60.0,0.029412027348356205,0.38085146308151907
2.081845,60.0,0.029411811585737663,0.38018574959069296
2.0822570833333334,60.0,0.029411588115364116,0.37952292190393305
2.082669166666667,60.0,0.029411375038646315,0.37883602482581935
2.08308125,60.0,0.029411163338047434,0.37815625280595294
2.0834933333333336,60.0,0.029410950413910876,0.3774794037380633
2.0839054166666666,60.0,0.029410752112291477,0.3768060238876517
2.0843175,60.0,0.029410559209004674,0.376150774928442
2.0847295833333335,60.0,0.02941037394652635,0.37551705114143047
2.085141666666667,60.0,0.02941020453339198,0.3749024333778421
2.0855537500000003,60.0,0.02941004490205554,0.37432157715923003
2.0859658333333333,60.0,0.029409900139654627,0.3737760478354602
2.0863779166666667,60.0,0.029409772292529113,0.3732621836499208
2.08679,60.0,0.029409659094698677,0.3728032962730285
2.0872020833333336,60.0,0.029409563741435402,0.37237758751975236
2.087614166666667,60.0,0.029409486937500662,0.37201242417413033
2.08802625,60.0,0.029409429630229873,0.3716949323078055
2.0884383333333334,60.0,0.029409390185848264,0.3714343758873343
2.088850416666667,60.0,0.029409370258547715,0.37123441600149804
2.0892625000000002,60.0,0.029409372424141288,0.37108944538392685
2.0896745833333337,60.0,0.02940939299846773,0.37101143954920873
2.0900866666666666,60.0,0.029409431497836896,0.3709900434630115
2.09049875,60.0,0.02940949172739147,0.37103759390273855
2.0909108333333335,60.0,0.02940957227634636,0.3711403520549883
2.091322916666667,60.0,0.029409666030160226,0.3713084467242854
2.0917350000000003,60.0,0.029409779539246273,0.37153861825334283
2.0921470833333333,60.0,0.029409913866714724,0.3718203427428804
2.0925591666666667,60.0,0.029410055924790093,0.37216351204623943
2.09297125,60.0,0.029410214855406364,0.372558727539211
2.0933833333333336,60.0,0.02941039095768227,0.37299671721917066
2.093795416666667,60.0,0.02941057068721644,0.37348938438310064
2.0942075,60.0,0.029410764057217875,0.37401801030339454
2.0946195833333334,60.0,0.029410967160697427,0.37457768196826674
2.095031666666667,60.0,0.029411170455700106,0.3751816604262109
2.0954437500000003,60.0,0.029411383910467572,0.37579830241018686
2.0958558333333337,60.0,0.0294115985488877,0.3764428353962959
2.0962679166666667,60.0,0.02941181030527361,0.3771035131053053
2.09668,60.0,0.02941202617206086,0.37776568351071976
2.0970920833333335,60.0,0.029412236943941215,0.37844189507844894
2.097504166666667,60.0,0.029412442260291372,0.37910847386229346
2.0979162500000004,60.0,0.029412642406532154,0.37976986930645334
2.0983283333333334,60.0,0.02941283460479736,0.380419408692406
2.0987404166666668,60.0,0.02941301811623443,0.38104719854093333
2.0991525,60.0,0.029413187653241326,0.38165381604703924
2.0995645833333336,60.0,0.029413346958328958,0.38223200184544404
2.099976666666667,60.0,0.029413494547126783,0.3827722121004889
2.10038875,60.0,0.029413622552047977,0.3832812332958387
2.1008008333333335,60.0,0.029413736325897916,0.38374351708264437
2.101212916666667,60.0,0.02941383673556215,0.3841634947860204
2.1016250000000003,60.0,0.029413915317325276,0.3845327034216012
2.1020370833333337,60.0,0.02941397515724085,0.3848520374356277
2.1024491666666667,60.0,0.029414020771503364,0.3851189995383267
2.10286125,60.0,0.029414044162847968,0.38532363342383963
2.1032733333333336,60.0,0.029414046470408278,0.38548265985267316
2.103685416666667,60.0,0.02941403482824163,0.38556826549983914
2.1040975,60.0,0.02941399965512242,0.3856048899329907
2.1045095833333334,60.0,0.02941394521365387,0.3855809547895773
2.104921666666667,60.0,0.02941387794231688,0.38548817442873873
2.1053337500000002,60.0,0.029413785890345212,0.3853475141906055
2.1057458333333336,60.0,0.02941367916409604,0.38514197667693345
2.1061579166666666,60.0,0.029413560533106554,0.38487964860596896
2.10657,60.0,0.029413419751558197,0.38456751409973694
2.1069820833333335,60.0,0.029413268264682005,0.3841994302242103
2.107394166666667,60.0,0.02941310617544913,0.3837812928726036
2.1078062500000003,60.0,0.02941292909679265,0.3833250970688613
2.1082183333333333,60.0,0.02941274371672563,0.3828179675076509
2.1086304166666667,60.0,0.029412549727827874,0.38228070381537543
2.1090425,60.0,0.02941235052168224,0.3817082614701772
2.1094545833333336,60.0,0.02941214538451074,0.3811056524663329
2.109866666666667,60.0,0.029411934467455915,0.38048651288681085
2.11027875,60.0,0.029411727550578106,0.3798438967156311
2.1106908333333334,60.0,0.029411518170876713,0.3791908683180719
2.111102916666667,60.0,0.029411308030590683,0.378536198757519
2.1115150000000003,60.0,0.029411107490990067,0.37787415306776156
2.1119270833333337,60.0,0.029410909634825462,0.37722237918756246
2.1123391666666667,60.0,0.02941071737599657,0.3765808095282336
2.11275125,60.0,0.029410537869078313,0.37595284447491384
2.1131633333333335,60.0,0.029410366875711223,0.3753513643869476
2.113575416666667,60.0,0.02941020605655074,0.3747738280730269
2.1139875000000004,60.0,0.02941006232706992,0.3742304757524421
2.1143995833333333,60.0,0.029409931027637705,0.37371969423495494
2.1148116666666668,60.0,0.02940981239145582,0.37325637211387835
2.11522375,60.0,0.02940971622130232,0.37283143506811994
2.1156358333333336,60.0,0.02940963394635199,0.37245484030242426
2.116047916666667,60.0,0.029409565906021097,0.3721341196085875
2.11646,60.0,0.02940952369498988,0.37185815035492614
2.1168720833333334,60.0,0.02940949623694957,0.37164325118071145
2.117284166666667,60.0,0.029409484666022633,0.3714844131123861
2.1176962500000003,60.0,0.02940949769403355,0.37137802616925597
2.1181083333333337,60.0,0.02940952647344457,0.3713356892244313
2.1185204166666667,60.0,0.029409573658371983,0.3713511656305326
2.1189325,60.0,0.02940963940021096,0.371419408883721
2.1193445833333335,60.0,0.02940972213148195,0.371554679591565
2.119756666666667,60.0,0.0294098242743725,0.37173718556043345
2.1201687500000004,60.0,0.029409938147390024,0.37197982971283433
2.1205808333333334,60.0,0.029410069293126655,0.3722781788159832
2.120992916666667,60.0,0.02941021672476982,0.37261655350111
2.121405,60.0,0.029410371413389293,0.37301558838754056
2.1218170833333336,60.0,0.0294105414457362,0.3734498107733673
2.122229166666667,60.0,0.02941072197343876,0.37392687785892026
2.12264125,60.0,0.02941090635658993,0.3744455143905486
2.1230533333333335,60.0,0.02941110265042638,0.3749891279466774
2.123465416666667,60.0,0.02941130279307702,0.37556649928685004
2.1238775000000003,60.0,0.029411502833998696,0.37616718516149344
2.1242895833333333,60.0,0.02941171026936796,0.37678392819839385
2.1247016666666667,60.0,0.029411916214462354,0.3774155775862028
2.12511375,60.0,0.029412116576326752,0.37805630713772526
2.1255258333333336,60.0,0.029412318505954656,0.37869911368019177
2.125937916666667,60.0,0.02941251618178338,0.37933885267407286
2.12635,60.0,0.029412701530494266,0.37997094218820815
2.1267620833333334,60.0,0.02941288249724152,0.3805906677509388
2.127174166666667,60.0,0.029413056182019472,0.38118594657641586
2.1275862500000002,60.0,0.029413212937090146,0.38176550297640555
2.1279983333333337,60.0,0.029413360326722364,0.38230772039226013
2.1284104166666666,60.0,0.029413494677698503,0.3828168433589107
2.1288225,60.0,0.02941361167632789,0.3832948342434459
2.1292345833333335,60.0,0.029413714813727218,0.3837171729802595
2.129646666666667,60.0,0.02941379921076461,0.3841072843527543
2.1300587500000003,60.0,0.02941386800007525,0.38443778379002136
2.1304708333333333,60.0,0.029413918529130334,0.38471984322768943
2.1308829166666667,60.0,0.029413948173509778,0.384951488724848
2.131295,60.0,0.02941396350834404,0.38512118539786794
2.1317070833333336,60.0,0.029413956864415627,0.3852367843964865
2.132119166666667,60.0,0.029413931555173033,0.38529760917964134
2.13253125,60.0,0.029413892208495253,0.3852927699206536
2.1329433333333334,60.0,0.02941382861360343,0.3852379520601978
2.133355416666667,60.0,0.02941375127602479,0.3851233674816613
2.1337675000000003,60.0,0.029413660198139634,0.38494642072525104
2.1341795833333337,60.0,0.02941354551544048,0.384727908900856
2.1345916666666667,60.0,0.02941342108484751,0.38444410017616654
2.13500375,60.0,0.02941328533177305,0.3841193224713527
2.1354158333333335,60.0,0.029413130197820787,0.3837427768303941
2.135827916666667,60.0,0.029412966795731396,0.38332561190888814
2.1362400000000004,60.0,0.029412796550150444,0.38286645997666513
2.1366520833333333,60.0,0.02941261327777135,0.38237181663851727
2.1370641666666668,60.0,0.029412423426078978,0.38184714597148356
2.13747625,60.0,0.029412231293188446,0.3812882126177348
2.1378883333333336,60.0,0.029412032761111533,0.3807154228453813
2.138300416666667,60.0,0.029411831535817577,0.3801147442033904
2.1387125,60.0,0.029411631932943723,0.3795059150839273
2.1391245833333334,60.0,0.029411431485950153,0.37888420405852546
2.139536666666667,60.0,0.029411234486281336,0.3782616626359594
2.1399487500000003,60.0,0.02941104226828642,0.37763606663321025
2.1403608333333337,60.0,0.02941085441454515,0.3770215055944076
2.1407729166666667,60.0,0.0294106762024677,0.37641338873385494
2.141185,60.0,0.029410505225786043,0.37582354580419586
2.1415970833333335,60.0,0.029410345661767277,0.3752603313671245
2.142009166666667,60.0,0.02941019823194021,0.37471184822160664
2.1424212500000004,60.0,0.029410061121864048,0.3742093413319157
2.1428333333333334,60.0,0.029409943624320027,0.37373031894066316
2.143245416666667,60.0,0.029409837148266456,0.3732957506676144
2.1436575,60.0,0.029409744686811512,0.37290964591428594
2.1440695833333336,60.0,0.029409677418931645,0.3725593937972991
2.1444816666666666,60.0,0.029409620482457433,0.3722678110403611
2.14489375,60.0,0.029409580425991462,0.3720271495795154
2.1453058333333335,60.0,0.029409566390989832,0.3718357150544182
2.145717916666667,60.0,0.029409564254038695,0.37170566295827473
2.1461300000000003,60.0,0.029409580052108163,0.37163140772793646
2.1465420833333333,60.0,0.029409618905348635,0.37160941665134883
2.1469541666666667,60.0,0.029409671896759627,0.37165481082684215
2.14736625,60.0,0.029409742103875633,0.3717480068677126
2.1477783333333336,60.0,0.029409830988587862,0.37190232347146945
2.148190416666667,60.0,0.02940993451769256,0.37211128522221765
2.1486025,60.0,0.029410052823828473,0.37237023491438803
2.1490145833333334,60.0,0.029410186127628104,0.3726840274711609
2.149426666666667,60.0,0.02941033134006398,0.3730389479747859
2.1498387500000002,60.0,0.02941048754513184,0.37344440272489215
2.1502508333333337,60.0,0.029410655678193585,0.3738839904999649
2.1506629166666666,60.0,0.029410831246635145,0.3743656478383864
2.151075,60.0,0.029411013488145843,0.37487452719919845
2.1514870833333335,60.0,0.029411202320409006,0.37541367432557526
2.151899166666667,60.0,0.0294113954945016,0.3759764034538276
2.1523112500000003,60.0,0.029411591037605773,0.3765566908033261
2.1527233333333333,60.0,0.029411785004855428,0.3771509134545448
2.1531354166666667,60.0,0.02941198176005637,0.37775712979843207
2.1535475,60.0,0.029412176647152555,0.37836244810760034
2.1539595833333336,60.0,0.029412361391359245,0.3789721086462755
2.154371666666667,60.0,0.029412547261078094,0.3795785984299199
2.15478375,60.0,0.02941272646664714,0.38016158515691173
2.1551958333333334,60.0,0.029412889476904312,0.38075026459958894
2.155607916666667,60.0,0.02941305075280732,0.3812994450814873
2.1560200000000003,60.0,0.02941319942907831,0.3818344490371875
2.1564320833333337,60.0,0.02941333041018945,0.3823421524291375
2.1568441666666667,60.0,0.029413454499184827,0.3828054167364433
2.15725625,60.0,0.02941356081284595,0.3832455061380488
2.1576683333333335,60.0,0.029413650542825756,0.38363473581601165
2.158080416666667,60.0,0.029413727660872382,0.38398462521545385
2.1584925000000004,60.0,0.029413784902751094,0.3842855758775075
2.1589045833333333,60.0,0.029413825133012557,0.3845391024596505
2.1593166666666668,60.0,0.02941384944333541,0.38473824358941944
2.15972875,60.0,0.029413854902760463,0.3848877170088948
2.1601408333333336,60.0,0.0294138415482005,0.38497797551110674
2.160552916666667,60.0,0.029413811074548126,0.3850160910802424
2.160965,60.0,0.02941376441953213,0.38499668657356073
2.1613770833333334,60.0,0.02941369894496987,0.38492087340278697
2.161789166666667,60.0,0.029413615993898103,0.3847900949228899
2.1622012500000003,60.0,0.029413519634346377,0.3846036536530491
2.1626133333333337,60.0,0.02941340796253511,0.38436635344202713
2.1630254166666667,60.0,0.02941327934443668,0.3840748070817712
2.1634375,60.0,0.029413139604754997,0.38374093034334134
2.1638495833333335,60.0,0.02941299103798452,0.3833547267295615
2.164261666666667,60.0,0.02941282688889694,0.38293204400662756
2.16467375,60.0,0.02941265480087728,0.38247406869153777
2.1650858333333334,60.0,0.029412480532131555,0.3819738644247936
2.165497916666667,60.0,0.029412293266443082,0.3814542627854532
2.1659100000000002,60.0,0.029412103814724363,0.3809063062882057
2.1663220833333336,60.0,0.029411915783447904,0.3803349563885632
2.1667341666666666,60.0,0.029411719376889793,0.37975726650214686
2.16714625,60.0,0.02941152813548891,0.37916261166601456
2.1675583333333335,60.0,0.029411339847880958,0.3785622732176907
2.167970416666667,60.0,0.029411149172285364,0.3779700012869136
2.1683825000000003,60.0,0.02941096967642298,0.37737241609295263
2.1687945833333333,60.0,0.029410795428345606,0.3767902109453457
2.1692066666666667,60.0,0.029410625550134108,0.3762229773694327
2.16961875,60.0,0.02941046924059825,0.3756695605812702
2.1700308333333336,60.0,0.029410322353562293,0.3751471661496709
2.170442916666667,60.0,0.029410186896342377,0.37464664144024656
2.170855,60.0,0.02941006393909581,0.37418031187829215
2.1712670833333334,60.0,0.029409955838978437,0.37375090139289036
2.171679166666667,60.0,0.029409864208817103,0.3733583749060772
2.1720912500000003,60.0,0.029409784309868233,0.3730090446343459
2.1725033333333337,60.0,0.02940972260645765,0.3727057069930087
2.1729154166666667,60.0,0.029409680113125693,0.37244624197549536
2.1733275,60.0,0.029409650964228033,0.3722397016411487
2.1737395833333335,60.0,0.029409639150413402,0.3720831661767941
2.174151666666667,60.0,0.029409648394890003,0.3719768823364762
2.1745637500000004,60.0,0.02940967233219322,0.37192603803060215
2.1749758333333333,60.0,0.029409711639721833,0.3719287440677267
2.1753879166666668,60.0,0.02940977237665634,0.3719861285253491
2.1758,60.0,0.02940984636511663,0.3720934964902727
2.1762120833333336,60.0,0.029409934610495077,0.37226190973644824
2.176624166666667,60.0,0.029410043162490542,0.37247309863903394
2.17703625,60.0,0.02941016061945188,0.3727399452030216
2.1774483333333334,60.0,0.02941029125755424,0.3730576425556008
2.177860416666667,60.0,0.029410439797422125,0.373409851692437
2.1782725000000003,60.0,0.029410591703140216,0.3738157206449605
2.1786845833333337,60.0,0.029410754941261844,0.3742553901010365
2.1790966666666667,60.0,0.02941093085976848,0.3747256862593435
2.17950875,60.0,0.029411106705118307,0.3752348423855681
2.1799208333333335,60.0,0.029411289890456254,0.3757631799244527
2.180332916666667,60.0,0.029411478037562853,0.3763133333591342
2.1807450000000004,60.0,0.02941166590988571,0.37688793698277234
2.1811570833333334,60.0,0.029411854665962172,0.37746133986832897
2.181569166666667,60.0,0.0294120403690071,0.37805384814134385
2.18198125,60.0,0.029412225946585456,0.37864137268823056
2.1823933333333336,60.0,0.02941240585320158,0.3792255253991605
2.182805416666667,60.0,0.02941257637201763,0.37980737806141857
2.1832175,60.0,0.029412744379736514,0.3803678631666958
2.1836295833333335,60.0,0.02941290142463342,0.380915349104992
2.184041666666667,60.0,0.029413045523146417,0.3814413634960845
2.1844537500000003,60.0,0.02941318253660394,0.3819350937901338
2.1848658333333337,60.0,0.02941330468226008,0.3824022437191868
2.1852779166666667,60.0,0.029413411832882055,0.3828327311449976
2.18569,60.0,0.02941350790352759,0.38322431433529885
2.1861020833333336,60.0,0.029413586902025734,0.3835763212240186
2.186514166666667,60.0,0.029413647889431568,0.3838819041483898
2.18692625,60.0,0.02941369719798708,0.3841453526864339
2.1873383333333334,60.0,0.029413727835774228,0.384353183225155
2.187750416666667,60.0,0.029413737584168025,0.38452264667355557
2.1881625000000002,60.0,0.029413737500197445,0.3846317172814255
2.1885745833333337,60.0,0.029413717427261454,0.38469069197325556
2.1889866666666666,60.0,0.029413676309620437,0.3847066106023371
2.18939875,60.0,0.029413625927953786,0.38465555602554113
2.1898108333333335,60.0,0.029413556567850524,0.3845664526370417
2.190222916666667,60.0,0.02941346924447073,0.38441833421378685
2.1906350000000003,60.0,0.02941337111221223,0.3842200560862723
2.1910470833333333,60.0,0.029413257035209615,0.38397800161648804
2.1914591666666667,60.0,0.02941313083715046,0.3836849765568236
2.19187125,60.0,0.02941299202831797,0.383347460426889
2.1922833333333336,60.0,0.029412841765059018,0.3829724372058085
2.192695416666667,60.0,0.029412685451043162,0.3825538902556885
2.1931075,60.0,0.029412516676329395,0.3821034502432373
2.1935195833333334,60.0,0.02941234300182964,0.38162429843648477
2.193931666666667,60.0,0.02941216647032046,0.38110930256847764
2.1943437500000003,60.0,0.029411981082159585,0.3805832411539173
2.1947558333333337,60.0,0.029411797836905618,0.38003026535163886
2.1951679166666667,60.0,0.029411613572195974,0.3794656822292664
2.19558,60.0,0.029411426076748716,0.37889545019771176
2.1959920833333335,60.0,0.029411246426546626,0.37831567202178096
2.196404166666667,60.0,0.029411069231987687,0.3777410317818254
2.1968162500000004,60.0,0.029410893571662718,0.3771705978808369
2.1972283333333333,60.0,0.029410729988194356,0.37661186202479596
2.1976404166666668,60.0,0.029410574711591708,0.37606553298004375
2.1980525,60.0,0.029410424070959267,0.37554555989761895
2.1984645833333336,60.0,0.029410288283492764,0.37504659972927445
2.198876666666667,60.0,0.029410166996088984,0.37457675651239114
2.19928875,60.0,0.02941005292971617,0.37414396512204146
2.1997008333333334,60.0,0.029409955890969876,0.37374548163506754
2.200112916666667,60.0,0.029409876311145885,0.3733870347295986
2.2005250000000003,60.0,0.029409807501901038,0.3730757250093448
2.2009370833333337,60.0,0.0294097576843628,0.37280552040994763
2.2013491666666667,60.0,0.029409723904064444,0.3725831483575279
2.20176125,60.0,0.029409705483622005,0.3724169229107105
2.2021733333333335,60.0,0.02940970599862173,0.3722884108707189
2.202585416666667,60.0,0.029409720277418026,0.372224061274664
2.2029975000000004,60.0,0.02940975349324748,0.3722013142772861
2.2034095833333334,60.0,0.02940980241446059,0.37223367292796133
2.203821666666667,60.0,0.02940986501151432,0.3723196207373572
2.20423375,60.0,0.029409946768741944,0.3724499294375978
2.2046458333333336,60.0,0.029410039085687956,0.37263299083143275
2.205057916666667,60.0,0.02941014620712757,0.3728650185553945
2.20547,60.0,0.02941027009846056,0.37313825237855996
2.2058820833333335,60.0,0.029410398843224085,0.37345710167368457
2.206294166666667,60.0,0.02941054203094649,0.37382051609149
2.2067062500000003,60.0,0.029410698457218547,0.3742095674831541
2.2071183333333333,60.0,0.02941085526861644,0.37464928426841915
2.2075304166666667,60.0,0.029411022817361816,0.37510555157598197
2.2079425,60.0,0.029411199175505956,0.37559501501099735
2.2083545833333336,60.0,0.02941137387372288,0.37610849107704725
2.208766666666667,60.0,0.029411552599175227,0.3766354771787347
2.20917875,60.0,0.02941173552445145,0.37718436033270963
2.2095908333333334,60.0,0.029411914886567695,0.3777340466303694
2.210002916666667,60.0,0.029412091849772243,0.3783000119098789
2.2104150000000002,60.0,0.02941226839238442,0.37885607595679605
2.2108270833333337,60.0,0.029412437609852477,0.37941779793291097
2.2112391666666666,60.0,0.02941260056986823,0.37996602874746194
2.21165125,60.0,0.029412757691955133,0.38050017101927053
2.2120633333333335,60.0,0.02941290314860322,0.3810211790216767
2.212475416666667,60.0,0.029413040079871437,0.38151578172490264
2.2128875000000003,60.0,0.029413165544590007,0.3819836847927829
2.2132995833333333,60.0,0.02941327681351406,0.382424094900648
2.2137116666666667,60.0,0.029413376413702664,0.382824211585832
2.21412375,60.0,0.029413459854988906,0.3831893762355105
2.2145358333333336,60.0,0.029413530222196397,0.3835161502334504
2.214947916666667,60.0,0.029413583948146402,0.38378715032867683
2.21536,60.0,0.0294136186224516,0.38402780431955286
2.2157720833333334,60.0,0.029413643649134437,0.38420669869813345
2.216184166666667,60.0,0.02941364743344218,0.384340831609091
2.2165962500000003,60.0,0.029413631800975813,0.384430367501296
2.2170083333333337,60.0,0.029413608475185368,0.3844550633443001
2.2174204166666667,60.0,0.029413562856279017,0.3844424009655843
2.2178325,60.0,0.029413499837771924,0.38437197986613575
2.2182445833333335,60.0,0.02941342854911044,0.3842507211897725
2.218656666666667,60.0,0.029413337860695107,0.3840839266810933
2.2190687500000004,60.0,0.02941323284695805,0.38386780379880536
2.2194808333333333,60.0,0.029413118852331933,0.3836053336500268
2.2198929166666668,60.0,0.029412990185615648,0.3833026790859802
2.220305,60.0,0.02941285084278592,0.38295676535613793
2.2207170833333336,60.0,0.029412703731384868,0.3825745270445867
2.221129166666667,60.0,0.029412546738740566,0.38215976240154403
2.22154125,60.0,0.029412382732239745,0.3817125010843401
2.2219533333333334,60.0,0.029412214735687444,0.38124132341028466
2.222365416666667,60.0,0.029412041466593784,0.3807431179653905
2.2227775000000003,60.0,0.02941186432241329,0.3802332443983484
2.2231895833333337,60.0,0.02941168820301882,0.3797009321720021
2.2236016666666667,60.0,0.029411511451214508,0.3791660260581644
2.22401375,60.0,0.029411335282063543,0.378619279560108
2.2244258333333335,60.0,0.029411162615986367,0.3780726246098042
2.224837916666667,60.0,0.029410995230437775,0.37753275136847736
2.2252500000000004,60.0,0.029410834541195214,0.37699174965523846
2.2256620833333334,60.0,0.029410676762937696,0.37647028832706364
2.226074166666667,60.0,0.029410531518272477,0.3759603774942039
2.2264862500000002,60.0,0.029410397739562905,0.37547006998981886
2.2268983333333336,60.0,0.02941026722569816,0.3750073335186924
2.2273104166666666,60.0,0.029410155337321726,0.3745723315813039
2.2277225,60.0,0.029410057016961155,0.37416300661619295
2.2281345833333335,60.0,0.029409965284361406,0.37380189425711197
2.228546666666667,60.0,0.029409895254668878,0.3734683099552633
2.2289587500000003,60.0,0.029409838698440913,0.37318024735636784
2.2293708333333333,60.0,0.029409793799182488,0.37294187726668265
2.2297829166666667,60.0,0.02940977071511216,0.37273847619094463
2.230195,60.0,0.029409760338197536,0.372595428979241
2.2306070833333336,60.0,0.029409765350776114,0.3724929966850699
2.231019166666667,60.0,0.029409790133399755,0.372444342911639
2.23143125,60.0,0.02940982829163331,0.3724449623973351
2.2318433333333334,60.0,0.029409881520506533,0.3724979197681328
2.232255416666667,60.0,0.029409951567346854,0.37259806464305134
2.2326675000000002,60.0,0.02941003634125324,0.3727502396759522
2.2330795833333337,60.0,0.02941013320465457,0.3729476052935729
2.2334916666666667,60.0,0.02941024316905767,0.37319245908101045
2.23390375,60.0,0.02941036712094077,0.37348190297657025
2.2343158333333335,60.0,0.02941050076942756,0.373809175166994
2.234727916666667,60.0,0.029410642545941276,0.374178070202691
2.2351400000000003,60.0,0.029410794782899756,0.37457917478259006
2.2355520833333333,60.0,0.029410955477595927,0.3750131138217018
2.2359641666666668,60.0,0.02941111856355955,0.3754719468557598
2.23637625,60.0,0.02941128675307128,0.37595681738417275
2.2367883333333336,60.0,0.029411462117514678,0.37645754173420726
2.237200416666667,60.0,0.02941163402619076,0.37697352695543834
2.2376125,60.0,0.02941180618536409,0.3775047777734173
2.2380245833333334,60.0,0.029411982501393413,0.3780323654955144
2.238436666666667,60.0,0.029412149325534608,0.3785699508766152
2.2388487500000003,60.0,0.02941231460956816,0.379104933232512
2.2392608333333337,60.0,0.02941247796690622,0.3796240482468483
2.2396729166666667,60.0,0.02941262709565358,0.38014566083481033
2.240085,60.0,0.029412773955749063,0.38064176782828
2.2404970833333335,60.0,0.029412911962251004,0.3811203452271512
2.240909166666667,60.0,0.029413033764993147,0.3815843060213769
2.2413212500000004,60.0,0.029413149708533676,0.3820082599425325
2.2417333333333334,60.0,0.02941325258913183,0.38241269949562906
2.242145416666667,60.0,0.029413339262238374,0.38277912775891726
2.2425575,60.0,0.029413414298155586,0.3831070938157541
2.2429695833333336,60.0,0.02941347472229268,0.3834017083578521
2.243381666666667,60.0,0.029413520103012236,0.38364645489421323
2.24379375,60.0,0.02941354844156286,0.3838535327892621
2.2442058333333335,60.0,0.029413561917689738,0.3840126199276219
2.244617916666667,60.0,0.029413561895099784,0.3841236730686776
2.2450300000000003,60.0,0.029413542377842647,0.3841885267039279
2.2454420833333337,60.0,0.029413507895048735,0.3842031568936723
2.2458541666666667,60.0,0.02941346101470669,0.3841696354393063
2.24626625,60.0,0.02941339641483488,0.38408698780664774
2.2466783333333336,60.0,0.02941331641927101,0.3839567972269496
2.247090416666667,60.0,0.02941322599314104,0.3837783039313783
2.2475025,60.0,0.029413120739122268,0.3835534937753522
2.2479145833333334,60.0,0.02941300142305766,0.38328803070073925
2.248326666666667,60.0,0.029412875486489975,0.3829777582347302
2.2487387500000002,60.0,0.02941273610863827,0.382626623867246
2.2491508333333337,60.0,0.02941258669112862,0.3822481624083929
2.2495629166666666,60.0,0.029412435695460013,0.3818261731984495
2.249975,60.0,0.0294122725644329,0.38138320469167963
2.2503870833333335,60.0,0.029412104571838498,0.3809166405630217
2.250799166666667,60.0,0.029411939830177487,0.38041968598811127
2.2512112500000003,60.0,0.02941176595234369,0.3799201017549957
2.2516233333333333,60.0,0.029411592812586648,0.3794003390128264
2.2520354166666667,60.0,0.029411425420264085,0.37887341525911955
2.2524475,60.0,0.029411255087820786,0.37834969688451625
2.2528595833333336,60.0,0.02941109039864985,0.37782120320174734
2.253271666666667,60.0,0.029410931357053728,0.3773017082156903
2.25368375,60.0,0.02941077841739955,0.37679568050673995
2.2540958333333334,60.0,0.029410633935839068,0.3762951397416825
2.254507916666667,60.0,0.029410495486536715,0.3758243990858507
2.2549200000000003,60.0,0.02941037074064191,0.3753674053950786
2.2553320833333337,60.0,0.02941025612805196,0.374939966272099
2.2557441666666667,60.0,0.029410150390477757,0.374543241499498
2.25615625,60.0,0.02941006158574606,0.37417531331809756
2.2565683333333335,60.0,0.029409984695049688,0.3738466768210748
2.256980416666667,60.0,0.029409920086113032,0.3735548880948335
2.2573925000000004,60.0,0.029409873479778637,0.37330400657684326
2.2578045833333333,60.0,0.02940984006921864,0.373092397127851
2.2582166666666668,60.0,0.029409820320393756,0.37293183198239943
2.25862875,60.0,0.02940981974737409,0.3728087345699274
2.2590408333333336,60.0,0.029409832828699675,0.37273697836894293
2.259452916666667,60.0,0.029409858029559657,0.3727102912574788
2.259865,60.0,0.029409903874346922,0.37273074994770516
2.2602770833333334,60.0,0.02940996279495779,0.3727971117466231
2.260689166666667,60.0,0.029410030710390885,0.37291307914444655
2.2611012500000003,60.0,0.029410119624786926,0.3730722617533913
2.2615133333333337,60.0,0.0294102193825188,0.37327278656710783
2.2619254166666667,60.0,0.029410326457162062,0.37352746786225505
2.2623375,60.0,0.029410451035426527,0.3738083271019552
2.2627495833333335,60.0,0.02941058333416859,0.3741399599815861
2.263161666666667,60.0,0.029410723192602843,0.3745027421500795
2.2635737500000004,60.0,0.029410873405727418,0.37489610727743705
2.2639858333333334,60.0,0.02941102804607693,0.37532619201900097
2.264397916666667,60.0,0.029411190053237415,0.3757753066566997
2.26481,60.0,0.029411354514222908,0.3762485316842626
2.2652220833333336,60.0,0.029411520576222757,0.37674260992386854
2.265634166666667,60.0,0.029411691134761494,0.3772452532980554
2.26604625,60.0,0.02941185717284086,0.3777593740283492
2.2664583333333335,60.0,0.02941202340187712,0.3782812854228452
2.266870416666667,60.0,0.02941218802785798,0.37879347117543877
2.2672825000000003,60.0,0.02941234327167636,0.37931452112996095
2.2676945833333337,60.0,0.02941249734419154,0.379816691159677
2.2681066666666667,60.0,0.029412643279644827,0.38030759521292706
2.26851875,60.0,0.029412776593831846,0.3807870702526841
2.2689308333333336,60.0,0.029412905572613966,0.3812360826330143
2.269342916666667,60.0,0.02941302331445367,0.3816686617365236
2.269755,60.0,0.029413124783939707,0.38206593182041726
2.2701670833333334,60.0,0.029413217859640097,0.3824362902452649
2.270579166666667,60.0,0.029413299736639913,0.38276672140536405
2.2709912500000002,60.0,0.02941336189360918,0.38306413785353294
2.2714033333333337,60.0,0.029413412663415864,0.3833205634706384
2.2718154166666666,60.0,0.02941345191753727,0.38353011583453056
2.2722275,60.0,0.02941347063896039,0.3837051720647868
2.2726395833333335,60.0,0.029413476972169686,0.38382848302422773
2.273051666666667,60.0,0.029413469744275243,0.38390832982389017
2.2734637500000003,60.0,0.029413443982907985,0.38394542892236416
2.2738758333333333,60.0,0.029413406424616366,0.38393209113719684
2.2742879166666667,60.0,0.029413353194729163,0.38387423852099006
2.2747,60.0,0.029413285273888357,0.38377764194846004
2.2751120833333336,60.0,0.02941320624733666,0.38362329287168007
2.275524166666667,60.0,0.029413111608889094,0.38344110829389516
2.27593625,60.0,0.029413007251415595,0.38320656593753555
2.2763483333333334,60.0,0.029412891080227804,0.38293460507387933
2.276760416666667,60.0,0.02941276323779405,0.3826316852156945
2.2771725000000003,60.0,0.029412630416004684,0.38228035642717756
2.2775845833333337,60.0,0.029412484625864016,0.38190959761198645
2.2779966666666667,60.0,0.029412333711854807,0.38150215730036147
2.27840875,60.0,0.029412181863499063,0.38106946127303026
2.2788208333333335,60.0,0.029412018142968965,0.38061513974035255
2.279232916666667,60.0,0.02941185482575728,0.3801437992103249
2.2796450000000004,60.0,0.029411694422142674,0.37965175343593344
2.2800570833333333,60.0,0.029411526842148036,0.3791573012772216
2.2804691666666668,60.0,0.029411362892301465,0.3786500460029509
2.28088125,60.0,0.02941120512873032,0.37814162908394044
2.2812933333333336,60.0,0.029411047138782474,0.3776395334112485
2.281705416666667,60.0,0.029410894849598662,0.3771381084172584
2.2821175,60.0,0.029410752060803732,0.3766537033217741
2.2825295833333334,60.0,0.02941061476891789,0.3761763126444977
2.282941666666667,60.0,0.02941048592855196,0.3757290628674477
2.2833537500000003,60.0,0.029410370065742764,0.3752925329236843
2.2837658333333337,60.0,0.029410262392017175,0.37489360533431554
2.2841779166666667,60.0,0.029410167477594052,0.3745194030960048
2.28459,60.0,0.02941008729871999,0.37417661776947386
2.2850020833333335,60.0,0.029410017252250897,0.37387971703381456
2.285414166666667,60.0,0.02940996342870442,0.3736100771230842
2.2858262500000004,60.0,0.02940992390811458,0.3733905092728824
2.2862383333333334,60.0,0.02940989816785618,0.373210336818115
2.286650416666667,60.0,0.02940988837642247,0.3730732526236221
2.2870625,60.0,0.029409891338652183,0.37298477117071693
2.2874745833333336,60.0,0.029409912790859076,0.3729405765947553
2.287886666666667,60.0,0.02940994694374145,0.3729380393916145
2.28829875,60.0,0.02940999172725294,0.37298927294274953
2.2887108333333335,60.0,0.029410057941179277,0.3730789121666614
2.289122916666667,60.0,0.02941013309766328,0.37321174788150885
2.2895350000000003,60.0,0.02941021718450133,0.3733957540684985
2.2899470833333333,60.0,0.02941032150674805,0.37360812561465834
2.2903591666666667,60.0,0.029410431690353473,0.37386989463574277
2.29077125,60.0,0.029410550106871557,0.37416595049241375
2.2911833333333336,60.0,0.029410683361516535,0.3744915144264503
2.291595416666667,60.0,0.029410820512214077,0.37485588509636275
2.2920075,60.0,0.029410964422993496,0.3752454519758081
2.2924195833333334,60.0,0.02941111670126774,0.37565972997123104
2.292831666666667,60.0,0.029411271033202565,0.3760995287077539
2.2932437500000002,60.0,0.02941142842295599,0.37655465448640674
2.2936558333333337,60.0,0.02941158965528469,0.37702632883462794
2.2940679166666667,60.0,0.02941174976476356,0.3775100293112846
2.29448,60.0,0.029411908001761453,0.3779980870601343
2.2948920833333335,60.0,0.029412066746669182,0.37849288634466993
2.295304166666667,60.0,0.02941222086754192,0.37898197415370727
2.2957162500000003,60.0,0.029412368506432255,0.379472947550625
2.2961283333333333,60.0,0.029412512241740674,0.3799474592107702
2.2965404166666668,60.0,0.02941264854785286,0.38041462917242264
2.2969525,60.0,0.029412775991097227,0.38086300767478215
2.2973645833333336,60.0,0.029412892900481834,0.38128749729122263
2.297776666666667,60.0,0.029413000759065788,0.3816967273393619
2.29818875,60.0,0.029413099297420066,0.38206493067564146
2.2986008333333334,60.0,0.029413179887824898,0.3824131222000395
2.299012916666667,60.0,0.02941325174865898,0.38272293140675223
2.2994250000000003,60.0,0.029413312626500147,0.3829918353134145
2.2998370833333337,60.0,0.029413351675380856,0.3832288519663637
2.3002491666666667,60.0,0.029413382659559603,0.38341911991036987
2.30066125,60.0,0.02941339946313856,0.38356401800422
2.3010733333333335,60.0,0.0294133955745304,0.38367384270626453
2.301485416666667,60.0,0.029413383353169037,0.3837283839441857
2.3018975000000004,60.0,0.0294133545896818,0.3837406131218064
2.3023095833333334,60.0,0.02941330844740524,0.3837131858314889
2.3027216666666668,60.0,0.02941325397738568,0.38362918360013093
2.30313375,60.0,0.029413183078565847,0.3835132481801465
2.3035458333333336,60.0,0.029413097990313653,0.38334535865475583
2.303957916666667,60.0,0.029413004740707783,0.3831400399968267
2.30437,60.0,0.029412898766715122,0.3828955914276426
2.3047820833333335,60.0,0.029412781331835607,0.3826120165312839
2.305194166666667,60.0,0.029412655804390484,0.3822959699178418
2.3056062500000003,60.0,0.029412523477042343,0.38194547496741965
2.3060183333333337,60.0,0.029412382609765562,0.3815685446788538
2.3064304166666667,60.0,0.02941223511604312,0.3811651191231304
2.3068425,60.0,0.029412085412824873,0.3807387990694547
2.3072545833333336,60.0,0.029411931978246802,0.3802955971706023
2.307666666666667,60.0,0.029411774704120992,0.37983468771423645
2.3080787500000004,60.0,0.029411617560613664,0.379366630126978
2.3084908333333334,60.0,0.029411463524150066,0.3788890158933523
2.308902916666667,60.0,0.029411308213629757,0.3784054424584625
2.3093150000000002,60.0,0.029411155406601552,0.3779303851326083
2.3097270833333337,60.0,0.02941101196950654,0.3774495212880061
2.3101391666666666,60.0,0.029410869264981068,0.3769842169533411
2.31055125,60.0,0.02941073346069307,0.3765306820276822
2.3109633333333335,60.0,0.0294106106471399,0.3760848657202422
2.311375416666667,60.0,0.02941048986856456,0.3756685891642616
2.3117875000000003,60.0,0.02941038238773644,0.3752697325872178
2.3121995833333333,60.0,0.02941028887183864,0.3748933318625002
2.3126116666666667,60.0,0.02941019916071522,0.3745543556052087
2.31302375,60.0,0.029410127754118876,0.3742402993269933
2.3134358333333336,60.0,0.02941006998097647,0.3739621598776813
2.313847916666667,60.0,0.029410020043610704,0.3737267671693416
2.31426,60.0,0.029409988400480785,0.37352114610242737
2.3146720833333334,60.0,0.0294099708546385,0.37336514664049403
2.315084166666667,60.0,0.02940996562612987,0.37324756867825254
2.3154962500000003,60.0,0.029409975345176278,0.37317388418304026
2.3159083333333337,60.0,0.029409999745416162,0.37314666286922993
2.3163204166666667,60.0,0.029410039092746094,0.37316060307445637
2.3167325,60.0,0.029410090046643744,0.37322247452929425
2.3171445833333335,60.0,0.029410154494956913,0.3733265021232867
2.317556666666667,60.0,0.029410234330339128,0.37347393988540567
2.3179687500000004,60.0,0.02941032333634632,0.3736619438107124
2.3183808333333333,60.0,0.029410423191655936,0.3738924052734104
2.3187929166666668,60.0,0.029410536187758053,0.3741584229701942
2.319205,60.0,0.02941065671855128,0.37446056979798337
2.3196170833333336,60.0,0.029410784381382917,0.37479687319531746
2.320029166666667,60.0,0.029410922122751544,0.3751604965284489
2.32044125,60.0,0.029411064341116983,0.3755524900622119
2.3208533333333334,60.0,0.029411209302130915,0.3759678015399601
2.321265416666667,60.0,0.02941136282930989,0.37640188698206883
2.3216775000000003,60.0,0.029411514663788503,0.3768481834442606
2.3220895833333337,60.0,0.029411665714621175,0.37731533546579393
2.3225016666666667,60.0,0.02941182374926278,0.37777938847030973
2.32291375,60.0,0.029411973458037945,0.37825293275197813
2.3233258333333335,60.0,0.02941211996028959,0.37872962297861906
2.323737916666667,60.0,0.029412269249505688,0.3791908493629093
2.3241500000000004,60.0,0.02941240659,0.3796580345149949
2.3245620833333334,60.0,0.029412538459942805,0.3801045902815728
2.324974166666667,60.0,0.029412666369720227,0.38053632090114414
2.32538625,60.0,0.02941278228568206,0.3809555405739887
2.3257983333333336,60.0,0.02941289019539856,0.38134638742356075
2.326210416666667,60.0,0.029412986916471456,0.38171479869339286
2.3266225,60.0,0.029413073295434296,0.3820588580032517
2.3270345833333335,60.0,0.02941314873458385,0.3823630664817874
2.327446666666667,60.0,0.029413208532649733,0.38264626510945204
2.3278587500000003,60.0,0.02941325866169467,0.3828848100061646
2.3282708333333337,60.0,0.029413294868732922,0.3830884593946471
2.3286829166666667,60.0,0.029413314962486874,0.38325746080291817
2.329095,60.0,0.029413324527887655,0.3833774229188619
2.3295070833333336,60.0,0.029413318668488262,0.3834652364366456
2.329919166666667,60.0,0.029413297445467942,0.38350280660080727
2.33033125,60.0,0.029413265789389766,0.3835032380605881
2.3307433333333334,60.0,0.02941321908180072,0.38345552184842074
2.331155416666667,60.0,0.029413156910408723,0.38337111170595
2.3315675000000002,60.0,0.029413086805073197,0.38324043415161646
2.3319795833333337,60.0,0.0294130033584215,0.3830685596813197
2.3323916666666666,60.0,0.029412904289088354,0.38286125315486946
2.33280375,60.0,0.029412800971046992,0.3826118931751149
2.3332158333333335,60.0,0.02941268726171876,0.3823279824326521
2.333627916666667,60.0,0.029412559131603955,0.38201201262537815
2.3340400000000003,60.0,0.029412430297830274,0.3816648223162913
2.3344520833333333,60.0,0.02941229399667356,0.3812847740340668
2.3348641666666667,60.0,0.02941214806996116,0.38089358868077927
2.33527625,60.0,0.029412003493253323,0.3804637200609608
2.3356883333333336,60.0,0.029411853735592294,0.38003133511310916
2.336100416666667,60.0,0.029411702435839522,0.37957998864291503
2.3365125,60.0,0.0294115527808071,0.37911508412529693
2.3369245833333334,60.0,0.029411401619979224,0.37865675534154225
2.337336666666667,60.0,0.02941125597051407,0.3781826201703561
2.3377487500000003,60.0,0.029411112214547164,0.37772310369399337
2.3381608333333337,60.0,0.029410972907359223,0.3772655790069451
2.3385729166666667,60.0,0.029410842539182733,0.37681750499069633
2.338985,60.0,0.02941071539225157,0.37638766021978526
2.3393970833333335,60.0,0.029410599263553654,0.37597303774574825
2.339809166666667,60.0,0.02941049308329875,0.37557953210605133
2.3402212500000004,60.0,0.02941039228885411,0.37521339919789876
2.3406333333333333,60.0,0.02941030728461821,0.3748723280773866
2.3410454166666668,60.0,0.029410233323692244,0.3745594411662267
2.3414575,60.0,0.029410166721710745,0.37428476801346267
2.3418695833333336,60.0,0.02941011741549614,0.37403890477606183
2.342281666666667,60.0,0.02941008197490741,0.3738328886295158
2.34269375,60.0,0.02941005463685315,0.3736628547955322
2.3431058333333334,60.0,0.02941004360018591,0.37353524045913905
2.343517916666667,60.0,0.02941004932179185,0.3734429109978992
2.3439300000000003,60.0,0.02941006292973279,0.3733971806422117
2.3443420833333337,60.0,0.02941009187040306,0.3733900453641769
2.3447541666666667,60.0,0.029410137150401673,0.3734205667305529
2.34516625,60.0,0.029410190187785987,0.37350162723782065
2.3455783333333335,60.0,0.02941025834456289,0.3736129007015921
2.345990416666667,60.0,0.029410338868203472,0.3737699507692868
2.3464025000000004,60.0,0.02941042735011013,0.3739638518901997
2.3468145833333334,60.0,0.029410529609452476,0.3741937020559705
2.347226666666667,60.0,0.029410639529863798,0.37445871053266117
2.34763875,60.0,0.029410757432446054,0.37476019953057166
2.3480508333333336,60.0,0.029410885081083294,0.3750843789019097
2.348462916666667,60.0,0.029411016725654937,0.37544520125438774
2.348875,60.0,0.029411156176773753,0.37582685050171355
2.3492870833333335,60.0,0.029411298213160603,0.3762263990268955
2.349699166666667,60.0,0.02941144236289631,0.3766559600350178
2.3501112500000003,60.0,0.029411593184356172,0.3770841400161263
2.3505233333333337,60.0,0.029411738319180283,0.37753806607549106
2.3509354166666667,60.0,0.029411884506189208,0.37799148446601055
2.3513475,60.0,0.029412033952564386,0.3784472163703035
2.3517595833333336,60.0,0.029412172657130996,0.37890640344593873
2.352171666666667,60.0,0.0294123093157115,0.3793581996939114
2.35258375,60.0,0.02941244459803525,0.37979989231333705
2.3529958333333334,60.0,0.029412567841882415,0.3802315639434278
2.353407916666667,60.0,0.029412684064904826,0.38064568675843163
2.3538200000000002,60.0,0.029412794929628224,0.3810368024362549
2.3542320833333337,60.0,0.029412893034795627,0.38141147414738086
2.3546441666666666,60.0,0.029412980261846706,0.38175160296233906
2.35505625,60.0,0.02941305936502372,0.38206944443800933
2.3554683333333335,60.0,0.02941312388347642,0.3823486972104263
2.355880416666667,60.0,0.029413176068510676,0.382601806215882
2.3562925000000003,60.0,0.029413218420750203,0.38281072290565116
2.3567045833333333,60.0,0.0294132441032243,0.38298700402864355
2.3571166666666667,60.0,0.02941325781673674,0.38312484738462205
2.35752875,60.0,0.029413260249442023,0.38321576976569105
2.3579408333333336,60.0,0.029413246140455804,0.3832782024734673
2.358352916666667,60.0,0.029413220640295522,0.3832872095309728
2.358765,60.0,0.029413181968448287,0.38326302043145155
2.3591770833333334,60.0,0.029413130976064107,0.38319908874800135
2.359589166666667,60.0,0.029413068226013805,0.3830884253880917
2.3600012500000003,60.0,0.029412990831324346,0.38294843191105843
2.3604133333333337,60.0,0.029412907553764793,0.38276501248818134
2.3608254166666667,60.0,0.02941281213588279,0.3825443244676704
2.3612375,60.0,0.02941270271486256,0.3822983519160595
2.3616495833333335,60.0,0.029412592549113544,0.3820108461532398
2.362061666666667,60.0,0.029412471254623887,0.38169635715349015
2.3624737500000004,60.0,0.02941233943450857,0.3813612502493892
2.3628858333333334,60.0,0.02941220953963429,0.38098933468125756
2.3632979166666668,60.0,0.029412070943889795,0.380607514161627
2.36371,60.0,0.02941192750881213,0.38020143158433867
2.3641220833333336,60.0,0.02941178681577535,0.3797782574693498
2.364534166666667,60.0,0.029411641493258752,0.37934971824861097
2.36494625,60.0,0.02941149671022748,0.37890699607698736
2.3653583333333335,60.0,0.02941135588938716,0.37846321263755917
2.365770416666667,60.0,0.029411215664908917,0.37801661130320435
2.3661825000000003,60.0,0.029411078671985443,0.37757472152677696
2.3665945833333337,60.0,0.029410949490569563,0.37713904670843673
2.3670066666666667,60.0,0.029410825222674682,0.37671303995578975
2.36741875,60.0,0.02941070598798322,0.37630367397894887
2.3678308333333336,60.0,0.02941059834050664,0.37590885295456944
2.368242916666667,60.0,0.029410498980108744,0.37553810709652
2.3686550000000004,60.0,0.0294104080533099,0.3751922724370002
2.3690670833333334,60.0,0.02941032900317735,0.37486930924604217
2.369479166666667,60.0,0.029410261627522596,0.37458367524286323
2.3698912500000002,60.0,0.02941020701207051,0.37432499813247255
2.3703033333333337,60.0,0.029410162066460077,0.3741028924085017
2.370715416666667,60.0,0.029410131592316834,0.3739229731297886
2.3711275,60.0,0.029410117179739,0.3737696244094863
2.3715395833333335,60.0,0.02941010964240764,0.3736691026053697
2.371951666666667,60.0,0.02941011896148778,0.3736013898951794
2.3723637500000003,60.0,0.029410144277827226,0.3735733456139593
2.3727758333333333,60.0,0.02941017500009489,0.37359261260629895
2.3731879166666667,60.0,0.029410224075738615,0.3736462098452864
2.3736,60.0,0.029410285273732545,0.3737408171589045
2.3740120833333336,60.0,0.02941035256446387,0.37387828367368064
2.374424166666667,60.0,0.02941043721826952,0.3740477385074021
2.37483625,60.0,0.029410529457157546,0.37425348253977586
2.3752483333333334,60.0,0.02941062809862091,0.3744994673309631
2.375660416666667,60.0,0.029410740616050493,0.37476725355658086
2.3760725000000003,60.0,0.029410858203961943,0.37507271078732146
2.3764845833333337,60.0,0.029410980399574016,0.37540054526827643
2.3768966666666667,60.0,0.029411111101256,0.3757528339376226
2.37730875,60.0,0.029411246116964815,0.37612844304616644
2.3777208333333335,60.0,0.02941138285378067,0.3765196423696657
2.378132916666667,60.0,0.029411521890676695,0.376926736210498
2.3785450000000004,60.0,0.029411664084653573,0.3773458430708833
2.3789570833333333,60.0,0.029411805021491162,0.3777725509332436
2.3793691666666668,60.0,0.029411943399772073,0.37820496799349185
2.37978125,60.0,0.029412081124742306,0.3786373235429154
2.3801933333333336,60.0,0.02941221576662768,0.37906912641858764
2.380605416666667,60.0,0.02941234431338564,0.37949328565217993
2.3810175,60.0,0.029412466437275388,0.3799107677734476
2.3814295833333334,60.0,0.029412585323718585,0.38031437182210925
2.381841666666667,60.0,0.02941269369333123,0.38069825781299377
2.3822537500000003,60.0,0.029412792044217085,0.3810726719359008
2.3826658333333337,60.0,0.029412886247359504,0.38141267360839065
2.3830779166666667,60.0,0.02941296483995435,0.3817354485365581
2.38349,60.0,0.029413033628250426,0.3820301729863551
2.3839020833333335,60.0,0.02941309550882699,0.3822858365300679
2.384314166666667,60.0,0.029413138016862135,0.38252007272158006
2.3847262500000004,60.0,0.02941317222297007,0.3827120161179049
2.3851383333333334,60.0,0.029413196803237188,0.382865972826237
2.385550416666667,60.0,0.029413200928437352,0.38298791454485875
2.3859625,60.0,0.029413197183186565,0.3830663981571072
2.3863745833333336,60.0,0.029413181956323774,0.38310242967083025
2.386786666666667,60.0,0.029413149076082497,0.3831070028135208
2.38719875,60.0,0.029413106768965497,0.383059327590306
2.3876108333333335,60.0,0.029413052689094527,0.38298210027174356
2.388022916666667,60.0,0.02941298621257398,0.38286144817541634
2.3884350000000003,60.0,0.02941290832676347,0.3827005974272313
2.3888470833333337,60.0,0.029412820269780288,0.38251056554821344
2.3892591666666667,60.0,0.029412724485533906,0.38227685431498737
2.38967125,60.0,0.029412617939747223,0.3820198111659299
2.3900833333333336,60.0,0.029412503403368213,0.38172661851008705
2.390495416666667,60.0,0.029412384525438404,0.38140824408217794
2.3909075000000004,60.0,0.02941225816528054,0.3810662216421604
2.3913195833333334,60.0,0.029412126405495002,0.3807005529471078
2.391731666666667,60.0,0.02941199329832083,0.3803203308057725
2.3921437500000002,60.0,0.029411856552729685,0.37991906241650913
2.3925558333333337,60.0,0.029411717253577885,0.3795124375738749
2.3929679166666666,60.0,0.029411580930362887,0.37909391839430256
2.39338,60.0,0.029411443650442612,0.37866931427662137
2.3937920833333335,60.0,0.029411306179326392,0.3782485933948686
2.394204166666667,60.0,0.029411178008976274,0.37782424904997475
2.3946162500000003,60.0,0.02941104972403085,0.37740537103912447
2.3950283333333333,60.0,0.029410924375353028,0.3770041004307883
2.3954404166666667,60.0,0.029410813516335836,0.37660089122713314
2.3958525,60.0,0.029410703404112292,0.37622318198684324
2.3962645833333336,60.0,0.02941060071274952,0.37586331863952427
2.396676666666667,60.0,0.02941051341038876,0.3755149305089295
2.39708875,60.0,0.029410430391131788,0.37520528008258064
2.3975008333333334,60.0,0.02941035868419946,0.37490837654222553
2.397912916666667,60.0,0.02941030002316214,0.3746479342957491
2.3983250000000003,60.0,0.029410250916120425,0.37441762668715645
2.3987370833333337,60.0,0.029410215216223466,0.37421814799372866
2.3991491666666667,60.0,0.029410190111858952,0.3740549664463928
2.39956125,60.0,0.029410178470657026,0.3739287169621004
2.3999733333333335,60.0,0.02941018048213063,0.3738370793915868
2.400385416666667,60.0,0.029410192210075667,0.3737876681537351
2.4007975000000004,60.0,0.029410218986485083,0.373775087934557
2.4012095833333333,60.0,0.029410257492353143,0.3737988484439847
2.4016216666666668,60.0,0.02941030594129626,0.37386891121619614
2.40203375,60.0,0.029410369144141697,0.3739686273246639
2.4024458333333336,60.0,0.029410441442762093,0.37411363847453133
2.402857916666667,60.0,0.029410522581893295,0.37428902157300065
2.40327,60.0,0.029410616948821543,0.374504135450888
2.4036820833333334,60.0,0.029410718798840874,0.37474753776855546
2.404094166666667,60.0,0.029410825285450685,0.37502605316729565
2.4045062500000003,60.0,0.02941094351165942,0.3753314222070265
2.4049183333333337,60.0,0.02941106761188554,0.3756574521515917
2.4053304166666667,60.0,0.029411190810241163,0.3760168445584518
2.4057425,60.0,0.02941132396556085,0.3763843574121849
2.4061545833333335,60.0,0.02941145998033516,0.3767751055769295
2.406566666666667,60.0,0.02941159133840686,0.3771761525700304
2.4069787500000004,60.0,0.029411729332378123,0.3775876464776853
2.4073908333333334,60.0,0.02941186540301176,0.37800094933391376
2.407802916666667,60.0,0.02941199627825331,0.3784249091797975
2.408215,60.0,0.029412128663844,0.3788362858277541
2.4086270833333336,60.0,0.029412253827686457,0.37925061098619384
2.409039166666667,60.0,0.02941237491610669,0.3796569250947786
2.40945125,60.0,0.0294124911192332,0.38004260919569494
2.4098633333333335,60.0,0.029412597501510807,0.38042741513858375
2.410275416666667,60.0,0.029412699062322196,0.3807799426682898
2.4106875000000003,60.0,0.029412789767286972,0.3811220403686484
2.4110995833333337,60.0,0.029412871450112912,0.3814379919879644
2.4115116666666667,60.0,0.029412944976735383,0.3817239971641614
2.41192375,60.0,0.029413003818783666,0.3819887940906165
2.4123358333333336,60.0,0.029413055065070918,0.3822185080619444
2.412747916666667,60.0,0.029413095179542686,0.38241805409709323
2.41316,60.0,0.029413118655321056,0.3825848777264322
2.4135720833333334,60.0,0.029413134593981226,0.3827167236418215
2.413984166666667,60.0,0.029413139142531613,0.3828097369859328
2.4143962500000002,60.0,0.02941312620444788,0.3828725596421418
2.4148083333333337,60.0,0.02941310466057291,0.3828919114952986
2.4152204166666666,60.0,0.02941307359260061,0.38287707513077074
2.4156325,60.0,0.029413025586862526,0.3828238595018805
2.4160445833333335,60.0,0.029412968132390516,0.38273502156801353
2.416456666666667,60.0,0.02941290336937953,0.3826076296474804
2.4168687500000003,60.0,0.029412823379057238,0.38244542544083954
2.4172808333333333,60.0,0.029412735425834034,0.3822526433621208
2.4176929166666667,60.0,0.029412641352792555,0.3820181871641495
2.418105,60.0,0.029412534465831936,0.3817656081630772
2.4185170833333336,60.0,0.029412423750741514,0.3814736796083933
2.418929166666667,60.0,0.029412306872582995,0.38115903658174016
2.41934125,60.0,0.029412181548630574,0.3808253585742171
2.4197533333333334,60.0,0.02941205596910608,0.3804628174978824
2.420165416666667,60.0,0.029411925133968855,0.38008958844850954
2.4205775000000003,60.0,0.029411792196329934,0.37970036527779744
2.4209895833333337,60.0,0.029411659722863855,0.3792956423630879
2.4214016666666667,60.0,0.029411525535021178,0.37889227339210846
2.42181375,60.0,0.02941139595454339,0.3784785687350831
2.4222258333333335,60.0,0.029411265812179066,0.3780636912934033
2.422637916666667,60.0,0.02941113891049452,0.37766245501559664
2.4230500000000004,60.0,0.02941102228786669,0.37725231355301825
2.4234620833333334,60.0,0.029410904818789746,0.3768688230066439
2.4238741666666668,60.0,0.029410795145079622,0.376489169745582
2.42428625,60.0,0.029410698665037604,0.37612759296271026
2.4246983333333336,60.0,0.029410604116223937,0.37579179185247397
2.425110416666667,60.0,0.029410519969519495,0.3754714898371308
2.4255225,60.0,0.029410449582316204,0.3751831710858598
2.4259345833333334,60.0,0.029410385635086817,0.37491584074278833
2.426346666666667,60.0,0.0294103326689896,0.374685938000738
2.4267587500000003,60.0,0.029410294126791695,0.37447974338373097
2.4271708333333337,60.0,0.02941026446290688,0.3743127494035016
2.4275829166666667,60.0,0.029410246217458455,0.37417694664707507
2.427995,60.0,0.029410243185591777,0.37407572267928507
2.4284070833333335,60.0,0.029410248727906884,0.3740122901826682
2.428819166666667,60.0,0.02941026649352738,0.3739854994042776
2.4292312500000004,60.0,0.02941029914144785,0.3739913527541655
2.4296433333333334,60.0,0.029410339336874248,0.3740375759717652
2.430055416666667,60.0,0.02941039163453743,0.37411873902087733
2.4304675000000002,60.0,0.029410456679764985,0.374231221498486
2.4308795833333336,60.0,0.029410529278388955,0.37438593945654725
2.431291666666667,60.0,0.029410612490170653,0.3745640729438893
2.43170375,60.0,0.029410703629192115,0.3747803706907416
2.4321158333333335,60.0,0.02941080420025535,0.3750268821959722
2.432527916666667,60.0,0.029410912422403748,0.3752942893661588
2.4329400000000003,60.0,0.029411022415622778,0.37559704121588733
2.4333520833333337,60.0,0.02941114378932411,0.375916295452372
2.4337641666666667,60.0,0.029411268088651975,0.37625655081162324
2.43417625,60.0,0.029411390367866448,0.37662172556478424
2.4345883333333336,60.0,0.029411522661432897,0.3769925840811338
2.435000416666667,60.0,0.029411652815702974,0.3773800115048049
2.4354125,60.0,0.029411779867272714,0.3777793010698712
2.4358245833333334,60.0,0.0294119121213145,0.37817582419013673
2.436236666666667,60.0,0.029412038421254158,0.37858153209704787
2.4366487500000003,60.0,0.029412160641500644,0.37898243470392085
2.4370608333333337,60.0,0.029412282624982283,0.37937656341145537
2.4374729166666667,60.0,0.02941239613627004,0.3797660551788682
2.437885,60.0,0.029412503118769643,0.38014063878547816
2.4382970833333335,60.0,0.02941260585601805,0.3804998089931123
2.438709166666667,60.0,0.029412698812760454,0.38084176408169956
2.4391212500000004,60.0,0.02941278115882683,0.3811618283077545
2.4395333333333333,60.0,0.029412857366894925,0.38145737943623775
2.4399454166666668,60.0,0.0294129227700553,0.3817259511903587
2.4403575,60.0,0.029412974666525125,0.38196633395397844
2.4407695833333336,60.0,0.02941301854775336,0.3821748856254923
2.441181666666667,60.0,0.02941305051232348,0.38235144729997517
2.44159375,60.0,0.029413070037867514,0.3824947207582196
2.4420058333333334,60.0,0.02941307766759612,0.3825997727336517
2.442417916666667,60.0,0.029413073673890486,0.3826739499309572
2.4428300000000003,60.0,0.029413060170924803,0.3827085836696492
2.4432420833333337,60.0,0.029413031117711177,0.3827058659604627
2.4436541666666667,60.0,0.02941299229748085,0.38267395719696357
2.44406625,60.0,0.029412946151377507,0.382595085868712
2.4444783333333335,60.0,0.029412883224461714,0.3824926164380744
2.444890416666667,60.0,0.02941281367254726,0.3823519844541475
2.4453025000000004,60.0,0.029412737400264316,0.3821735391209142
2.4457145833333334,60.0,0.02941264563206508,0.3819752609722816
2.446126666666667,60.0,0.029412551670348362,0.3817385863023439
2.44653875,60.0,0.029412450119499417,0.3814767474631104
2.4469508333333336,60.0,0.029412336966317378,0.38119522944926476
2.447362916666667,60.0,0.029412225128394115,0.3808823037348297
2.447775,60.0,0.029412106278979867,0.38055472645789684
2.4481870833333335,60.0,0.02941198078177353,0.3802110858170562
2.448599166666667,60.0,0.02941185750574952,0.37984494104601346
2.4490112500000003,60.0,0.029411731551217044,0.3794761935375173
2.4494233333333337,60.0,0.02941160299056706,0.37909030108701924
2.4498354166666667,60.0,0.02941147666669317,0.3787046689569785
2.4502475,60.0,0.029411353299164396,0.3783125915200641
2.4506595833333336,60.0,0.029411230900997107,0.37792186215627255
2.451071666666667,60.0,0.029411111837943756,0.3775361429980086
2.4514837500000004,60.0,0.02941099940615405,0.37715477723848745
2.4518958333333334,60.0,0.02941089214114766,0.3767875841112149
2.452307916666667,60.0,0.029410790462247254,0.3764289774481287
2.4527200000000002,60.0,0.029410696634340174,0.37609064640644146
2.4531320833333337,60.0,0.02941061256208427,0.3757706569703817
2.453544166666667,60.0,0.02941053634912144,0.37547105041104684
2.45395625,60.0,0.02941046820321951,0.3752002525004777
2.4543683333333335,60.0,0.029410414100448905,0.3749535745232847
2.454780416666667,60.0,0.029410368006970482,0.37473421438037935
2.4551925000000003,60.0,0.02941033176281524,0.3745563134158241
2.4556045833333333,60.0,0.029410312100323733,0.37439683236663457
2.4560166666666667,60.0,0.029410298107465323,0.37428270193376634
2.45642875,60.0,0.02941029748304813,0.374202462023168
2.4568408333333336,60.0,0.029410313307597684,0.3741489618470182
2.457252916666667,60.0,0.029410332683813004,0.37414670510547876
2.457665,60.0,0.029410367308940116,0.37416702310693234
2.4580770833333334,60.0,0.029410416443569978,0.374229632550486
2.458489166666667,60.0,0.029410468911310043,0.37432753476735803
2.4589012500000003,60.0,0.029410535314651504,0.37445798289846627
2.4593133333333337,60.0,0.0294106128920918,0.3746198883317857
2.4597254166666667,60.0,0.02941069538501606,0.37481734251844
2.4601375,60.0,0.029410787871490384,0.37503919541556213
2.4605495833333335,60.0,0.02941088751042939,0.3752918284088658
2.460961666666667,60.0,0.02941099386564731,0.3755699384142927
2.4613737500000004,60.0,0.029411104878953934,0.37586567417027156
2.4617858333333333,60.0,0.029411219963597107,0.3761897216892526
2.4621979166666668,60.0,0.029411340782777493,0.37652269819139594
2.46261,60.0,0.02941146233004855,0.37687726173545494
2.4630220833333336,60.0,0.029411585259883036,0.37723900412508565
2.463434166666667,60.0,0.02941171023416842,0.37761115305499204
2.46384625,60.0,0.029411833841847472,0.37798993491060795
2.4642583333333334,60.0,0.029411955261071245,0.3783692207325761
2.464670416666667,60.0,0.029412075887143542,0.37875252102876716
2.4650825000000003,60.0,0.029412192227116177,0.3791246703555073
2.4654945833333337,60.0,0.02941230217513938,0.37950081537554464
2.4659066666666667,60.0,0.029412411043299044,0.37985935314103675
2.46631875,60.0,0.029412511108357426,0.380207944435397
2.4667308333333335,60.0,0.02941260101314167,0.3805452552418384
2.467142916666667,60.0,0.029412690422798773,0.38085846812737456
2.4675550000000004,60.0,0.02941276650239677,0.3811544104343286
2.4679670833333334,60.0,0.029412830478478917,0.38143074447529723
2.468379166666667,60.0,0.029412892763563243,0.38167382818692147
2.46879125,60.0,0.029412939048601976,0.3818945896778697
2.4692033333333336,60.0,0.02941297367676267,0.3820894599123316
2.469615416666667,60.0,0.02941300256957458,0.3822414183936205
2.4700275,60.0,0.0294130159270446,0.3823754238777501
2.4704395833333335,60.0,0.0294130191444063,0.3824640377306583
2.470851666666667,60.0,0.029413011713244005,0.38252288066912077
2.4712637500000003,60.0,0.029412991630489747,0.38254889085309884
2.4716758333333337,60.0,0.029412962255246772,0.38253320795913826
2.4720879166666667,60.0,0.029412920010142413,0.38248732469932434
2.4725,60.0,0.02941286825201865,0.3824049914965135
2.4729120833333336,60.0,0.029412807203735566,0.38228668565641605
2.473324166666667,60.0,0.02941273448417293,0.3821380604336141
2.4737362500000004,60.0,0.02941265524625522,0.38195675423770853
2.4741483333333334,60.0,0.02941256685255417,0.38174106161930843
2.474560416666667,60.0,0.029412469404538566,0.38150712058385583
2.4749725000000002,60.0,0.029412368766309413,0.38123516051198675
2.4753845833333337,60.0,0.02941226067221906,0.3809496749843245
2.4757966666666666,60.0,0.02941214566473251,0.38063673431268524
2.47620875,60.0,0.029412030736778776,0.3803093346305311
2.4766208333333335,60.0,0.029411912616228476,0.37996562242466814
2.477032916666667,60.0,0.029411788190529184,0.3796071687009557
2.4774450000000003,60.0,0.029411667648169965,0.3792472746299457
2.4778570833333333,60.0,0.029411548605134837,0.37886718661949614
2.4782691666666667,60.0,0.029411424102388426,0.3785022129798466
2.47868125,60.0,0.029411307667618396,0.3781220685278393
2.4790933333333336,60.0,0.0294111949593245,0.37775099258742423
2.479505416666667,60.0,0.0294110808200426,0.3773900770509247
2.4799175,60.0,0.029410977423148736,0.3770298453860902
2.4803295833333334,60.0,0.02941087802058793,0.37668791819311637
2.480741666666667,60.0,0.029410783486034323,0.37635999930957054
2.4811537500000003,60.0,0.029410700242977598,0.3760445634767262
2.4815658333333337,60.0,0.029410621840297465,0.3757547442135087
2.4819779166666667,60.0,0.029410553596339747,0.3754855971396813
2.48239,60.0,0.029410495621247684,0.3752348051306649
2.4828020833333335,60.0,0.029410445406537936,0.3750211582565129
2.483214166666667,60.0,0.02941040783860581,0.3748233996535636
2.4836262500000004,60.0,0.02941037858158249,0.37466419391977324
2.4840383333333333,60.0,0.029410361314953788,0.37453316922016905
2.4844504166666668,60.0,0.02941035666388504,0.37442960720526053
2.4848625,60.0,0.02941035850205866,0.37436766123888915
2.4852745833333336,60.0,0.02941037523359553,0.3743313313959306
2.485686666666667,60.0,0.029410403760728492,0.37433389610582224
2.48609875,60.0,0.02941043768698538,0.37436768263547865
2.4865108333333334,60.0,0.029410485875396648,0.3744378636806912
2.486922916666667,60.0,0.02941054583028493,0.3745385051082939
2.4873350000000003,60.0,0.029410610222300012,0.3746745098203823
2.4877470833333337,60.0,0.02941068558577056,0.3748417213061533
2.4881591666666667,60.0,0.02941077246644907,0.375035789211779
2.48857125,60.0,0.02941086225685855,0.3752630665442598
2.4889833333333335,60.0,0.029410959798760863,0.37551534023920796
2.489395416666667,60.0,0.02941106675873674,0.37578912044687607
2.4898075000000004,60.0,0.029411174062422944,0.376088741919914
2.4902195833333334,60.0,0.02941128734260589,0.3764074940522285
2.490631666666667,60.0,0.02941140610621803,0.3767369589474165
2.4910437500000002,60.0,0.02941152195472572,0.3770903920889122
2.4914558333333336,60.0,0.029411642800688698,0.3774437063920236
2.491867916666667,60.0,0.02941176360745268,0.3778091913525313
2.49228,60.0,0.029411880100849858,0.3781821136704447
2.4926920833333335,60.0,0.029411998458796603,0.37854696402121
2.493104166666667,60.0,0.02941211163737189,0.37891881833403745
2.4935162500000003,60.0,0.029412221678285333,0.3792791704981573
2.4939283333333337,60.0,0.029412326853578995,0.3796320507614972
2.4943404166666667,60.0,0.02941242460463322,0.37997656636124644
2.4947525,60.0,0.02941252019161226,0.3803033270473904
2.4951645833333336,60.0,0.029412604121506022,0.3806118911461445
2.495576666666667,60.0,0.029412679789613733,0.3809085495586089
2.49598875,60.0,0.02941275268405319,0.38117289580734676
2.4964008333333334,60.0,0.029412810473366652,0.38142183917262285
2.496812916666667,60.0,0.0294128588791805,0.38164261238778013
2.4972250000000003,60.0,0.02941290255375181,0.38183166499048193
2.4976370833333337,60.0,0.02941293090549634,0.38200021860240957
2.4980491666666667,60.0,0.029412949036715534,0.3821312006645108
2.49846125,60.0,0.029412960056628946,0.38223556674625336
2.4988733333333335,60.0,0.029412957100323215,0.3823051090179683
2.499285416666667,60.0,0.029412943369286036,0.382346356415103
2.4996975000000003,60.0,0.02941292205086709,0.3823504188125648
2.5001095833333333,60.0,0.029412887553718393,0.3823249032292766
