time_s,airspeed_mps,tip_bending_m,tip_twist_deg
0.0,60.0,0.0,0.0
0.00041208333333333337,60.0,1.146951186560731e-6,0.00031864247150032224
0.0008241666666666667,60.0,5.35074755254321e-6,0.0023759594528072444
0.0012362500000000002,60.0,1.324195044951787e-5,0.009359286712273618
0.0016483333333333335,60.0,2.4958318785374665e-5,0.024665757251963346
0.002060416666666667,60.0,4.09156006333873e-5,0.05110234356015676
0.0024725000000000003,60.0,6.146929161858147e-5,0.09122060410258588
0.0028845833333333336,60.0,8.705704456332146e-5,0.14741774213615308
0.003296666666666667,60.0,0.00011839746849923946,0.22202798184812447
0.0037087500000000002,60.0,0.00015670148327036462,0.31676559650536845
0.004120833333333334,60.0,0.00020271404810804348,0.4320492723644787
0.004532916666666667,60.0,0.0002549230737698751,0.5656610553453347
0.004945000000000001,60.0,0.0003103032539345308,0.7130774985540138
0.0053570833333333335,60.0,0.0003677276722285444,0.8684888805895105
0.005769166666666667,60.0,0.000428372617661827,1.0269535651669284
0.00618125,60.0,0.0004933617607877598,1.1858706501245053
0.006593333333333334,60.0,0.0005637060282771853,1.342607289662445
0.007005416666666668,60.0,0.000640806875882376,1.4941899432170422
0.0074175000000000005,60.0,0.0007258399847028946,1.639093037042253
0.007829583333333334,60.0,0.0008202065430245535,1.7770788809720208
0.008241666666666668,60.0,0.000926016066752736,1.909304386812547
0.00865375,60.0,0.0010455594805598,2.0383765149492197
0.009065833333333334,60.0,0.0011805858387120326,2.1670005935231402
0.009477916666666667,60.0,0.0013319196735300672,2.296676507208743
0.009890000000000001,60.0,0.001499932808729764,2.4268324687055842
0.010302083333333335,60.0,0.0016850890946828638,2.555902322054916
0.010714166666666667,60.0,0.0018881543535188676,2.6825181407574714
0.01112625,60.0,0.0021103986293505637,2.8051885909633865
0.011538333333333334,60.0,0.0023530392249198487,2.920958182367544
0.011950416666666668,60.0,0.002616032886385751,3.025050964292297
0.0123625,60.0,0.0028981716041371866,3.112982046605469
0.012774583333333334,60.0,0.003199327545511002,3.1819611020540353
0.013186666666666668,60.0,0.0035219141873407234,3.2308404670669586
0.013598750000000001,60.0,0.0038689533939228436,3.2601122263674056
0.014010833333333335,60.0,0.004241998616265512,3.2717846610410546
0.014422916666666667,60.0,0.004641841939981306,3.267733268571723
0.014835000000000001,60.0,0.005069183941582293,3.2493422964728667
0.015247083333333335,60.0,0.0055239177365596906,3.2189381294217263
0.01565916666666667,60.0,0.006005660865616512,3.1799410068409673
0.016071250000000002,60.0,0.006514627216838841,3.1353530056235135
0.016483333333333336,60.0,0.00705045084969292,3.0866644006325354
0.01689541666666667,60.0,0.007611807002370094,3.0334719497082587
0.0173075,60.0,0.00819757126628552,2.974004619778516
0.017719583333333334,60.0,0.008807034659412573,2.9068219705500002
0.018131666666666667,60.0,0.009440148632111263,2.830366605325043
0.01854375,60.0,0.010097803190688526,2.743300219366339
0.018955833333333335,60.0,0.010781105900444447,2.644968511998906
0.01936791666666667,60.0,0.01149050162114838,2.534024451565984
0.019780000000000002,60.0,0.012225353759943576,2.409704124570391
0.020192083333333336,60.0,0.012985201468528678,2.2737197589476783
0.02060416666666667,60.0,0.013771530177285801,2.130035170560635
0.02101625,60.0,0.014586629299466521,1.9826956501073358
0.021428333333333334,60.0,0.015431117774168697,1.8349673043483643
0.021840416666666668,60.0,0.016303848529464454,1.6892825523593704
0.0222525,60.0,0.017203484197688045,1.5480320907101108
0.022664583333333335,60.0,0.01812882347280104,1.4136035728994634
0.02307666666666667,60.0,0.019078217745480144,1.2878922248656994
0.023488750000000003,60.0,0.020050420139525748,1.1718626128038145
0.023900833333333336,60.0,0.021045019923917028,1.0646626464864042
0.02431291666666667,60.0,0.022061078043115502,0.964375229417796
0.024725,60.0,0.023097185679813795,0.8686595124799933
0.025137083333333334,60.0,0.02415278834429264,0.7763505510141129
0.025549166666666668,60.0,0.025227880211450587,0.6875716977009698
0.02596125,60.0,0.026322324340320384,0.6025707859520445
0.026373333333333335,60.0,0.027436005630842336,0.5216053802479961
0.02678541666666667,60.0,0.028568014597512792,0.4460276933232694
0.027197500000000003,60.0,0.029715847534637393,0.37839344288523097
0.027609583333333337,60.0,0.030876678511463286,0.3217765892443323
0.02802166666666667,60.0,0.03204883373702336,0.2797325155475127
0.02843375,60.0,0.03323160490142418,0.25512367768105854
0.028845833333333334,60.0,0.034423693109735955,0.24853014334275256
0.029257916666666668,60.0,0.03562208587633614,0.25868715328256525
0.029670000000000002,60.0,0.036823559571086475,0.2841069898042214
0.030082083333333336,60.0,0.03802623472101448,0.3232008269541221
0.03049416666666667,60.0,0.03922868528432816,0.37432928591140635
0.030906250000000003,60.0,0.04042970106535301,0.43378805204492016
0.03131833333333334,60.0,0.04162912665908456,0.49702561299633924
0.03173041666666667,60.0,0.04282725833440933,0.5612827323571447
0.032142500000000004,60.0,0.04402373491839003,0.6252221077377491
0.03255458333333334,60.0,0.045217999156753334,0.6891984288771976
0.03296666666666667,60.0,0.04641019006792741,0.754808595585741
0.033378750000000006,60.0,0.047600384120473606,0.8241633885266312
0.03379083333333334,60.0,0.04878792125171465,0.8987779482436794
0.034202916666666666,60.0,0.04997182907404111,0.9792354109047614
0.034615,60.0,0.051150352712213146,1.065611476521702
0.035027083333333334,60.0,0.05232105666728137,1.157724855000888
0.03543916666666667,60.0,0.05348276569139805,1.2538943388699602
0.03585125,60.0,0.054636023085558955,1.3505733769132684
0.036263333333333335,60.0,0.05578136069029805,1.4433257932040424
0.03667541666666667,60.0,0.05691829625966122,1.5284260849359008
0.0370875,60.0,0.05804601856818595,1.6043524270736065
0.037499583333333336,60.0,0.05916451228927913,1.6713180776935581
0.03791166666666667,60.0,0.060274644074322696,1.7312472984076896
0.038323750000000004,60.0,0.061377210663614054,1.7866143857158663
0.03873583333333334,60.0,0.06247274259969704,1.8395220649051072
0.03914791666666667,60.0,0.06356201955314736,1.8915563580016503
0.039560000000000005,60.0,0.06464518150699573,1.9442003402787298
0.03997208333333334,60.0,0.06572105176548153,1.9985395841308102
0.04038416666666667,60.0,0.06678861388105137,2.0529334152367653
0.040796250000000006,60.0,0.06784749077308942,2.1037577543663253
0.04120833333333334,60.0,0.06889703304091149,2.146764822327562
0.04162041666666667,60.0,0.06993660851027125,2.178598610811634
0.0420325,60.0,0.07096592995471457,2.1979892457780994
0.042444583333333334,60.0,0.07198481094591992,2.2055448595717637
0.04285666666666667,60.0,0.07299389391306604,2.2032742163366463
0.04326875,60.0,0.07399562017541,2.1939679751984036
0.043680833333333335,60.0,0.07499316351998932,2.1797687471513405
0.04409291666666667,60.0,0.07598824484448181,2.1623596430646463
0.044505,60.0,0.07698137646234599,2.143546417378469
0.04491708333333334,60.0,0.07797345169120688,2.1235849344128956
0.04532916666666667,60.0,0.07896564553060692,2.100997483577956
0.045741250000000004,60.0,0.0799589184874725,2.0727384281638304
0.04615333333333334,60.0,0.0809540302319581,2.03534142534666
0.04656541666666667,60.0,0.08195165987405485,1.9863113486451485
0.046977500000000005,60.0,0.08295249904799905,1.9250094073127237
0.04738958333333334,60.0,0.08395670979244496,1.8525483829484835
0.04780166666666667,60.0,0.08496412168285032,1.7709562974212778
0.04821375000000001,60.0,0.08597559300069144,1.6825535202888269
0.04862583333333334,60.0,0.08699280706799811,1.589947036508254
0.04903791666666667,60.0,0.08801697971680489,1.4966638149812488
0.04945,60.0,0.08904911527267693,1.4057941985616824
0.049862083333333335,60.0,0.09009027768758689,1.318501650319564
0.05027416666666667,60.0,0.09114112226064683,1.2334124544834464
0.05068625,60.0,0.09220272100342859,1.1482846089656047
0.051098333333333336,60.0,0.09327683894792795,1.0612916878284095
0.05151041666666667,60.0,0.09436396390393081,0.9712697610883362
0.0519225,60.0,0.0954625963317787,0.8776770874928602
0.05233458333333334,60.0,0.09657106908110179,0.7810974039959984
0.05274666666666667,60.0,0.09768868239636419,0.6830561813077668
0.053158750000000005,60.0,0.09881506157249595,0.5854897658437267
0.05357083333333334,60.0,0.0999497543171437,0.4918955698192195
0.05398291666666667,60.0,0.1010927717819646,0.40650899426376663
0.054395000000000006,60.0,0.10224432030229048,0.3323864518720056
0.05480708333333334,60.0,0.10340404561631454,0.27036257927547047
0.05521916666666667,60.0,0.10457135249795547,0.21953220043439392
0.05563125000000001,60.0,0.10574607464481141,0.17863614532112737
0.05604333333333334,60.0,0.10692883472395151,0.1466199017759488
0.056455416666666675,60.0,0.10812031232320031,0.12145590543677816
0.0568675,60.0,0.10932011327614177,0.10097359672083146
0.057279583333333335,60.0,0.1105274449032912,0.08425441307541925
0.05769166666666667,60.0,0.11174183200361794,0.07151500475515142
0.05810375,60.0,0.11296278250785402,0.06498455313279457
0.058515833333333336,60.0,0.11419014063315008,0.06790111366374509
0.05892791666666667,60.0,0.11542357470162116,0.08261740851388082
0.059340000000000004,60.0,0.11666107752635829,0.10990973071601431
0.05975208333333334,60.0,0.11789982855874354,0.14970908162660193
0.06016416666666667,60.0,0.11913834833290377,0.20161334496961558
0.060576250000000005,60.0,0.12037627347922211,0.2638842680708034
0.06098833333333334,60.0,0.12161290334922947,0.33359299713708934
0.06140041666666667,60.0,0.12284748793442127,0.4069910973172445
0.061812500000000006,60.0,0.12407973909530176,0.4806435661235954
0.06222458333333334,60.0,0.12530903365626772,0.5528420492271446
0.06263666666666667,60.0,0.12653416334332007,0.6238730879359445
0.06304875,60.0,0.1277539596335317,0.6951919213154076
0.06346083333333334,60.0,0.12896759737402236,0.767882660092083
0.06387291666666667,60.0,0.13017432118532937,0.8424222923100757
0.06428500000000001,60.0,0.1313727967899383,0.9194539454982328
0.06469708333333334,60.0,0.1325609764765057,0.9992111233364375
0.06510916666666668,60.0,0.13373683091008456,1.080453239995002
0.06552125,60.0,0.13489880485672545,1.1599763519990887
0.06593333333333334,60.0,0.13604578744105014,1.23389825327247
0.06634541666666667,60.0,0.13717703832067898,1.3000324517253798
0.06675750000000001,60.0,0.1382917013165921,1.357354327238688
0.06716958333333334,60.0,0.1393884068292511,1.4055332005168713
0.06758166666666668,60.0,0.14046636876500027,1.4456164837888235
0.06799375,60.0,0.14152654365853012,1.4790968300796026
0.06840583333333333,60.0,0.14257032184892,1.5079986815710877
0.06881791666666667,60.0,0.14359824107511945,1.5350749920612967
0.06923,60.0,0.14461083849996256,1.5622999811426257
0.06964208333333334,60.0,0.14560853837915266,1.589876163394582
0.07005416666666667,60.0,0.1465905274089899,1.6162029487224194
0.07046625000000001,60.0,0.14755560154092484,1.6391264777683692
0.07087833333333333,60.0,0.1485034031515228,1.657724748648793
0.07129041666666668,60.0,0.14943404565440455,1.6721169987139168
0.0717025,60.0,0.150347488849497,1.6826478025856069
0.07211458333333334,60.0,0.15124339988312208,1.6895933619842667
0.07252666666666667,60.0,0.15212153918382632,1.6947753178488358
0.07293875000000001,60.0,0.1529824378384792,1.7012953217526048
0.07335083333333334,60.0,0.15382727874858168,1.7120078468614455
0.07376291666666668,60.0,0.15465724365895162,1.7286225621908884
0.074175,60.0,0.1554730207108965,1.7510445813838498
0.07458708333333335,60.0,0.15627458218561205,1.7780833000953615
0.07499916666666667,60.0,0.15706179301041687,1.8084341014066407
0.07541125,60.0,0.1578352911150269,1.8409988988038124
0.07582333333333334,60.0,0.1585962838410062,1.8740812562694733
0.07623541666666667,60.0,0.15934535472452235,1.905773567590085
0.07664750000000001,60.0,0.16008220927249098,1.9355478079380821
0.07705958333333333,60.0,0.1608068760790844,1.9645798976297695
0.07747166666666667,60.0,0.1615194592067457,1.9943394803019006
0.07788375,60.0,0.1622192018557233,2.0260261553197925
0.07829583333333334,60.0,0.16290594113676207,2.0599293141220363
0.07870791666666667,60.0,0.16358093017573755,2.0953471448903342
0.07912000000000001,60.0,0.16424547209325202,2.131529694896461
0.07953208333333334,60.0,0.1649005176612766,2.167177800624171
0.07994416666666668,60.0,0.16554705843759207,2.200002548640218
0.08035625,60.0,0.16618624067154944,2.227172983741752
0.08076833333333334,60.0,0.16681965683075275,2.2460832758750215
0.08118041666666667,60.0,0.16744914424701593,2.255952210705434
0.08159250000000001,60.0,0.16807604912406485,2.2580087696777356
0.08200458333333334,60.0,0.16870084033795135,2.252999934151222
0.08241666666666668,60.0,0.1693236079238837,2.2412387614244644
0.08282875,60.0,0.16994494940982713,2.2239056311492753
0.08324083333333333,60.0,0.17056605615900408,2.2026926642681257
0.08365291666666667,60.0,0.17118803959938161,2.1782741601748623
0.084065,60.0,0.17181122879079697,2.149756075256762
0.08447708333333334,60.0,0.17243549643245332,2.1155406054781807
0.08488916666666667,60.0,0.1730611551057256,2.0735524061455446
0.08530125000000001,60.0,0.17368845374281855,2.022610926261712
0.08571333333333334,60.0,0.17431735284535663,1.962904603600002
0.08612541666666668,60.0,0.17494879506842162,1.8951720457422632
0.0865375,60.0,0.1755844575141421,1.8201466243807705
0.08694958333333334,60.0,0.17622518387596053,1.7395077056759847
0.08736166666666667,60.0,0.17687099493329242,1.6562104107253697
0.08777375000000001,60.0,0.17752194130920232,1.5729347772261781
0.08818583333333334,60.0,0.17817800878360937,1.4911772885969095
0.08859791666666668,60.0,0.17883882949591892,1.411448378559282
0.08901,60.0,0.1795037831172641,1.333488359356178
0.08942208333333335,60.0,0.18017161830649753,1.2565133564454247
0.08983416666666667,60.0,0.1808405156665641,1.1799742653164118
0.09024625000000001,60.0,0.18150930125340775,1.1034082745037632
0.09065833333333334,60.0,0.18217770594790408,1.0265879922637169
0.09107041666666667,60.0,0.1828457017847473,0.9497577372699547
0.09148250000000001,60.0,0.18351324904643018,0.8745331149596614
0.09189458333333334,60.0,0.1841799545972783,0.8040630120941825
0.09230666666666668,60.0,0.1848453296630199,0.7402669580668925
0.09271875,60.0,0.1855091975615362,0.6841352538128701
0.09313083333333334,60.0,0.18617103109895497,0.6365289419001179
0.09354291666666667,60.0,0.18683023420317654,0.5977655913995695
0.09395500000000001,60.0,0.18748698679321366,0.5672648622311605
0.09436708333333334,60.0,0.1881413239358227,0.5439822491955966
0.09477916666666668,60.0,0.1887920526693279,0.5264574172789095
0.09519125,60.0,0.18943741574954606,0.5127977614020117
0.09560333333333335,60.0,0.19007629536729112,0.502035843861034
0.09601541666666667,60.0,0.19070794692274157,0.4947631103630294
0.09642750000000001,60.0,0.1913313472036807,0.4921602361347955
0.09683958333333334,60.0,0.19194553484989726,0.4946262789152911
0.09725166666666668,60.0,0.1925493993095064,0.5023258934890452
0.09766375000000001,60.0,0.19314181716972004,0.515774266422202
0.09807583333333333,60.0,0.1937227004299365,0.5356172838465837
0.09848791666666667,60.0,0.1942924211302515,0.5610581013480246
0.0989,60.0,0.19485074193284946,0.5900707853980502
0.09931208333333334,60.0,0.19539695812603933,0.6204190217948691
0.09972416666666667,60.0,0.19593010303209368,0.6502429041507498
0.10013625000000001,60.0,0.19644919616198597,0.6787766308917503
0.10054833333333334,60.0,0.19695327196847157,0.7053305294350947
0.10096041666666668,60.0,0.19744118667135874,0.7293190056245258
0.1013725,60.0,0.19791219258768022,0.7505762747680469
0.10178458333333334,60.0,0.19836617097499104,0.7701038019149449
0.10219666666666667,60.0,0.19880262942674493,0.7894996819382958
0.10260875000000001,60.0,0.1992201251941285,0.8092074302924709
0.10302083333333334,60.0,0.19961751141155779,0.8286025930374705
0.10343291666666668,60.0,0.19999476780714992,0.8474330713163761
0.103845,60.0,0.20035185321765545,0.8652053870776509
0.10425708333333335,60.0,0.20068847117677868,0.8809568635855667
0.10466916666666667,60.0,0.20100469940963572,0.8941813267075553
0.10508125000000001,60.0,0.20130055815044165,0.9043596754053185
0.10549333333333334,60.0,0.20157626431700773,0.9113295148301912
0.10590541666666667,60.0,0.20183281101701409,0.9157544548079067
0.10631750000000001,60.0,0.20207117696707458,0.9195759767260012
0.10672958333333334,60.0,0.20229148579622433,0.9247770253151
0.10714166666666668,60.0,0.20249330291080866,0.9324186375117878
0.10755375,60.0,0.2026763182847821,0.9429970314666524
0.10796583333333334,60.0,0.202840262146617,0.9574012594033103
0.10837791666666667,60.0,0.20298481723570033,0.9766635403744593
0.10879000000000001,60.0,0.20311011141986438,1.0004972674253434
0.10920208333333334,60.0,0.20321668241911087,1.027855887379765
0.10961416666666668,60.0,0.2033051457492201,1.0578560257066065
0.11002625,60.0,0.20337575552665088,1.0903639191620844
0.11043833333333335,60.0,0.20342838018133252,1.125803039702404
0.11085041666666667,60.0,0.2034636970471323,1.1647832679203158
0.11126250000000001,60.0,0.20348309083152522,1.207760818389817
0.11167458333333334,60.0,0.20348729172726684,1.2554155085918988
0.11208666666666668,60.0,0.20347674388157524,1.3090370943892238
0.11249875000000001,60.0,0.20345206371625993,1.369321626338602
0.11291083333333335,60.0,0.2034135631536663,1.4361105697858154
0.11332291666666668,60.0,0.20336165408601423,1.5082387432349575
0.113735,60.0,0.20329710524814956,1.5844988619171518
0.11414708333333334,60.0,0.20322024535159683,1.6635245814603408
0.11455916666666667,60.0,0.20313068643147733,1.7436978959824652
0.11497125000000001,60.0,0.203028296733285,1.823950471407335
0.11538333333333334,60.0,0.20291364796312478,1.9032160897793515
0.11579541666666668,60.0,0.20278733974368943,1.980580460436432
0.1162075,60.0,0.20265032494186067,2.0561787641264533
0.11661958333333335,60.0,0.20250448885023695,2.1310644335041142
0.11703166666666667,60.0,0.20235174923428856,2.205974005877206
0.11744375000000001,60.0,0.20219335897828766,2.2805188266775214
0.11785583333333334,60.0,0.20203008885908325,2.3534116632678295
0.11826791666666668,60.0,0.20186275686888516,2.4240467071004663
0.11868000000000001,60.0,0.2016927870104805,2.4918466553443084
0.11909208333333335,60.0,0.2015215538695746,2.5550634031798367
0.11950416666666668,60.0,0.20134957848636978,2.611741266545902
0.11991625000000002,60.0,0.2011772187825515,2.6607527638263946
0.12032833333333334,60.0,0.2010052255151864,2.7018727654129746
0.12074041666666667,60.0,0.20083441403348254,2.7355808186498436
0.12115250000000001,60.0,0.20066570124476285,2.7630140060218897
0.12156458333333334,60.0,0.20050018285707288,2.78471629256968
0.12197666666666668,60.0,0.20033847604008473,2.8012112669016087
0.12238875,60.0,0.20018072062325915,2.813706497707628
0.12280083333333335,60.0,0.20002765083585722,2.8229369699213733
0.12321291666666667,60.0,0.199880333216181,2.8283123223916142
0.12362500000000001,60.0,0.19973934186041636,2.8288495020019937
0.12403708333333334,60.0,0.1996055375714556,2.823785905966567
0.12444916666666668,60.0,0.1994801452268705,2.8127239820541483
0.12486125000000001,60.0,0.199363586557343,2.79548112856984
0.12527333333333335,60.0,0.19925537831572435,2.772517907719845
0.1256854166666667,60.0,0.19915482476693594,2.744932325353907
0.1260975,60.0,0.19906166287678798,2.7134422976646633
0.12650958333333334,60.0,0.19897597828007832,2.6796338639692197
0.12692166666666668,60.0,0.19889750336213688,2.6453313578984297
0.12733375000000002,60.0,0.19882552810749618,2.6115335162778366
0.12774583333333334,60.0,0.19875937984598407,2.5783272272482147
0.12815791666666668,60.0,0.19869889013615885,2.544994230097011
0.12857000000000002,60.0,0.1986441296472186,2.511118072165852
0.12898208333333333,60.0,0.1985949976141217,2.476477888431687
0.12939416666666667,60.0,0.19855147300036127,2.4404865959707864
0.12980625,60.0,0.19851318236601515,2.4026632321774475
0.13021833333333335,60.0,0.19847941244867146,2.363010704768974
0.13063041666666667,60.0,0.1984501408760374,2.322110278122013
0.1310425,60.0,0.19842542504440913,2.2813985647235886
0.13145458333333335,60.0,0.19840477430247236,2.2425874119954425
0.1318666666666667,60.0,0.19838796576985288,2.206232286063402
0.13227875,60.0,0.19837469169338715,2.1719331117668492
0.13269083333333334,60.0,0.1983636545171077,2.1396381632047596
0.13310291666666668,60.0,0.19835304836444714,2.109175132687438
0.13351500000000002,60.0,0.198341670658339,2.079430543810503
0.13392708333333334,60.0,0.1983290564103404,2.049027538843506
0.13433916666666668,60.0,0.19831466216761665,2.0168973639591483
0.13475125000000002,60.0,0.19829774624238258,1.9827292650254786
0.13516333333333336,60.0,0.19827761778220435,1.9467580292815123
0.13557541666666667,60.0,0.19825382372221156,1.9094513752887183
0.1359875,60.0,0.1982263180551568,1.8715671068574637
0.13639958333333335,60.0,0.19819482850581585,1.8335585645776091
0.13681166666666666,60.0,0.19815872409015128,1.7958927944476508
0.13722375,60.0,0.19811729671477607,1.7593891404855238
0.13763583333333335,60.0,0.1980693377598692,1.7238547799861716
0.1380479166666667,60.0,0.19801356565876305,1.688146145014025
0.13846,60.0,0.19794918111932486,1.6513092593893308
0.13887208333333334,60.0,0.19787534792406697,1.6126531767523296
0.13928416666666668,60.0,0.1977911294100871,1.5718694709029828
0.13969625000000002,60.0,0.19769595293482448,1.5290833494176115
0.14010833333333333,60.0,0.19758928272494347,1.4846998129029125
0.14052041666666668,60.0,0.19746988379544328,1.439251627556794
0.14093250000000002,60.0,0.19733672263301974,1.3934821399243118
0.14134458333333336,60.0,0.1971902119193073,1.3488568205290266
0.14175666666666667,60.0,0.19703100338018464,1.3069280397560057
0.14216875,60.0,0.19685901971276917,1.2679471347435216
0.14258083333333335,60.0,0.1966741577666014,1.2314758834141812
0.1429929166666667,60.0,0.1964763536885361,1.1976075208421597
0.143405,60.0,0.19626563073826922,1.1662947435898796
0.14381708333333335,60.0,0.19604209913821824,1.1372999540510078
0.14422916666666669,60.0,0.19580544389212,1.1102089411022757
0.14464125,60.0,0.1955552064705446,1.0848262406743814
0.14505333333333334,60.0,0.19529096922839717,1.0617755255372048
0.14546541666666668,60.0,0.19501232068655497,1.0424437150225239
0.14587750000000002,60.0,0.19471925828641348,1.0278722377037037
0.14628958333333333,60.0,0.19441209366163126,1.0186177569428052
0.14670166666666667,60.0,0.19409119418221354,1.0152297151289966
0.14711375000000002,60.0,0.19375694868951188,1.0178923264274697
0.14752583333333336,60.0,0.19340982802211815,1.0267144950579186
0.14793791666666667,60.0,0.19305004829612474,1.0411506583360746
0.14835,60.0,0.19267723719186425,1.060003290685329
0.14876208333333335,60.0,0.19229168271922065,1.0822000577859783
0.1491741666666667,60.0,0.19189473558305217,1.1072354599855974
0.14958625,60.0,0.19148705604860225,1.1349355844799034
0.14999833333333334,60.0,0.19106850706174894,1.1654492924273263
0.15041041666666669,60.0,0.1906392598798285,1.1989207522266025
0.1508225,60.0,0.19019955842072286,1.235537746544681
0.15123458333333334,60.0,0.18974954513419545,1.2755838996372117
0.15164666666666668,60.0,0.18928948288834707,1.3192656371408056
0.15205875000000002,60.0,0.1888195726068445,1.3666353366639235
0.15247083333333333,60.0,0.18833988890026013,1.4165757349753634
0.15288291666666667,60.0,0.18785070701122816,1.4673846946813733
0.15329500000000001,60.0,0.18735279412936812,1.5179971493051756
0.15370708333333336,60.0,0.18684723490995078,1.5680424917314464
0.15411916666666667,60.0,0.18633527655739102,1.616810452174561
0.15453125,60.0,0.18581820598887477,1.6636108049161982
0.15494333333333335,60.0,0.18529708178173201,1.7085378854833713
0.1553554166666667,60.0,0.18477281411873436,1.7521087247979081
0.1557675,60.0,0.18424596476341112,1.795166601184576
0.15617958333333334,60.0,0.1837169025121121,1.8384573486270226
0.15659166666666668,60.0,0.18318682711024853,1.8820977436421555
0.15700375000000003,60.0,0.18265714213239992,1.9256531800131322
0.15741583333333334,60.0,0.18212816483116834,1.9686239245069397
0.15782791666666668,60.0,0.1815999034946482,2.010609452763046
0.15824000000000002,60.0,0.1810729682845612,2.0510876504823825
0.15865208333333333,60.0,0.18054813490944166,2.088731387625653
0.15906416666666667,60.0,0.1800259845511452,2.1233166509978814
0.15947625,60.0,0.1795073163693726,2.155636052513153
0.15988833333333335,60.0,0.17899313052709193,2.186156477472694
0.16030041666666667,60.0,0.17848412570028283,2.2160270326622573
0.1607125,60.0,0.177981141491295,2.2461321589041354
0.16112458333333335,60.0,0.17748532862990635,2.2769516453121144
0.1615366666666667,60.0,0.1769974664212037,2.308907285958539
0.16194875,60.0,0.17651816525280659,2.3422640334540556
0.16236083333333334,60.0,0.1760478454249226,2.3767960924535907
0.16277291666666668,60.0,0.17558623835935236,2.411406620650158
0.16318500000000002,60.0,0.17513284311145408,2.444978532954233
0.16359708333333334,60.0,0.17468720407277027,2.4769661729667054
0.16400916666666668,60.0,0.17424924989413165,2.507478551008669
0.16442125000000002,60.0,0.17381967947404936,2.5367485391117497
0.16483333333333336,60.0,0.17339888343083107,2.5652561783394177
0.16524541666666667,60.0,0.17298643158438984,2.593464344876125
0.1656575,60.0,0.17258218271526893,2.622013966108581
0.16606958333333335,60.0,0.1721866920158406,2.6512946953703436
0.16648166666666667,60.0,0.17180040823277415,2.6814676489196883
0.16689375,60.0,0.17142332552756123,2.7121781546962644
0.16730583333333335,60.0,0.17105559434547926,2.7420909484211684
0.1677179166666667,60.0,0.1706973952904397,2.770002846414467
0.16813,60.0,0.17034841374191417,2.7951529429219346
0.16854208333333334,60.0,0.1700084723639055,2.8172822263429556
0.16895416666666668,60.0,0.1696775914440898,2.835650357311797
0.16936625000000002,60.0,0.16935534175014225,2.8497607872737896
0.16977833333333334,60.0,0.16904119390951988,2.8601920604775595
0.17019041666666668,60.0,0.168734600142402,2.8676552124307406
0.17060250000000002,60.0,0.16843465402499894,2.8725461836186494
0.17101458333333336,60.0,0.16814049958577573,2.875131119904756
0.17142666666666667,60.0,0.16785178111069535,2.8748777514095143
0.17183875,60.0,0.16756867362678696,2.8710765583637907
0.17225083333333335,60.0,0.16729145654875394,2.8636015826181813
0.1726629166666667,60.0,0.16701978063001785,2.8518008020160854
0.173075,60.0,0.1667527699958478,2.8348551494205827
0.17348708333333335,60.0,0.16648993746679835,2.811928759498375
0.1738991666666667,60.0,0.16623126562862567,2.7832331431936783
0.17431125,60.0,0.1659762533367765,2.7499437380530933
0.17472333333333334,60.0,0.1657239725639175,2.7129069585638454
0.17513541666666668,60.0,0.165473895627952,2.6726687998961527
0.17554750000000002,60.0,0.1652253061410043,2.6300912194185866
0.17595958333333334,60.0,0.164977060082201,2.5858641306763803
0.17637166666666668,60.0,0.16472856269899144,2.5403336970093995
0.17678375000000002,60.0,0.16447943420737557,2.4938745840487844
0.17719583333333336,60.0,0.1642289223051535,2.4461870002078747
0.17760791666666667,60.0,0.16397636621483605,2.3967601501202647
0.17802,60.0,0.16372130382231084,2.3453212044983824
0.17843208333333335,60.0,0.1634633213151571,2.2926383824466816
0.1788441666666667,60.0,0.16320226656069092,2.2396340416562923
0.17925625,60.0,0.1629385990300636,2.1869392337282485
0.17966833333333335,60.0,0.16267301501496292,2.135627298858666
0.1800804166666667,60.0,0.16240552355464175,2.0868726867912724
0.18049250000000003,60.0,0.16213556406374738,2.0416897434658257
0.18090458333333334,60.0,0.16186262421410746,2.0005911104177634
0.18131666666666668,60.0,0.16158644477926784,1.9637097516987305
0.18172875000000002,60.0,0.1613069345612997,1.9304195815831977
0.18214083333333334,60.0,0.16102359382962106,1.9001510890478375
0.18255291666666668,60.0,0.16073589249264425,1.8728516469572059
0.18296500000000002,60.0,0.16044396436705372,1.8481765729748674
0.18337708333333336,60.0,0.16014770905371198,1.8258259718505832
0.18378916666666667,60.0,0.15984690587660685,1.8058539509334501
0.18420125,60.0,0.15954215285220646,1.7886180804152232
0.18461333333333335,60.0,0.15923401833187223,1.7747983482548493
0.1850254166666667,60.0,0.1589225583146379,1.7651037791114896
0.1854375,60.0,0.15860791334367932,1.7593042762081181
0.18584958333333335,60.0,0.15829028522470123,1.7567823446897257
0.1862616666666667,60.0,0.1579697155884102,1.756908315895102
0.18667375000000003,60.0,0.1576463990951101,1.758958018494559
0.18708583333333334,60.0,0.15732094589324724,1.76205893695393
0.18749791666666668,60.0,0.15699357070726402,1.7652769830348558
0.18791000000000002,60.0,0.15666356765191533,1.7677624747931497
0.18832208333333336,60.0,0.1563303355333932,1.7689069209487616
0.18873416666666668,60.0,0.15599390288194317,1.769051642469434
0.18914625000000002,60.0,0.15565456159719063,1.768750213540871
0.18955833333333336,60.0,0.15531265625605487,1.7683547910300608
0.18997041666666667,60.0,0.15496841876255646,1.7677524333248142
0.1903825,60.0,0.15462232607942347,1.766937245050252
0.19079458333333335,60.0,0.15427518958619135,1.7661923856772526
0.1912066666666667,60.0,0.1539275174204654,1.765070838265142
0.19161875,60.0,0.15357979409864553,1.7628517128037189
0.19203083333333335,60.0,0.15323289839444457,1.7589016943160825
0.19244291666666669,60.0,0.15288735788423155,1.7527906123932615
0.19285500000000003,60.0,0.15254315339241165,1.7447887737383672
0.19326708333333334,60.0,0.1522004851069478,1.735505111894597
0.19367916666666668,60.0,0.15185976728715783,1.7255445816614852
0.19409125000000002,60.0,0.15152116129881518,1.7157523265748287
0.19450333333333336,60.0,0.15118511758337652,1.7066745668096046
0.19491541666666667,60.0,0.15085245989058568,1.6994313120732205
0.19532750000000002,60.0,0.15052320632583555,1.694839324459708
0.19573958333333336,60.0,0.1501968739783095,1.6925497090994708
0.19615166666666667,60.0,0.14987372706084942,1.6922646707467213
0.19656375,60.0,0.14955450909192006,1.6938059766555442
0.19697583333333335,60.0,0.1492398585335005,1.696996181409896
0.1973879166666667,60.0,0.1489303223546009,1.7019326546849267
0.1978,60.0,0.14862637905727372,1.708928982220899
0.19821208333333334,60.0,0.1483284866703103,1.7182006495563444
0.19862416666666668,60.0,0.14803693535762036,1.7301723953586843
0.19903625000000003,60.0,0.1477517626210151,1.745755741872962
0.19944833333333334,60.0,0.14747307047343813,1.7659800163397044
0.19986041666666668,60.0,0.1472009004242676,1.7908000067946592
0.20027250000000002,60.0,0.14693483636861732,1.8197168720396564
0.20068458333333336,60.0,0.14667427481873252,1.8523235880300808
0.20109666666666667,60.0,0.14641902890873923,1.8879987347408853
0.20150875000000001,60.0,0.1461692680152711,1.926095771643171
0.20192083333333335,60.0,0.14592505476113896,1.9657504376779762
0.2023329166666667,60.0,0.14568669460850914,2.0062647619707197
0.202745,60.0,0.14545466365604764,2.047176296339988
0.20315708333333335,60.0,0.14522864457363274,2.0884006575815977
0.2035691666666667,60.0,0.1450083205138762,2.1303049434637757
0.20398125,60.0,0.14479439131982103,2.172951617710186
0.20439333333333334,60.0,0.14458739417881586,2.2161026400848396
0.20480541666666668,60.0,0.14438728192816555,2.259459132089428
0.20521750000000002,60.0,0.14419407368102385,2.3024477396220746
0.20562958333333334,60.0,0.14400764665890367,2.3445137144799015
0.20604166666666668,60.0,0.14382761468680125,2.384666376776179
0.20645375000000002,60.0,0.14365347847810703,2.4215228705588987
0.20686583333333336,60.0,0.14348482443608834,2.454340201755267
0.20727791666666667,60.0,0.14332148536140576,2.4827585927880893
0.20769,60.0,0.1431632132897456,2.5067445898498537
0.20810208333333335,60.0,0.14300960169350155,2.526595279651123
0.2085141666666667,60.0,0.14286045306657497,2.5423291265352916
0.20892625,60.0,0.14271597172985956,2.5542706817628638
0.20933833333333335,60.0,0.14257654931430028,2.5629964176408495
0.2097504166666667,60.0,0.14244233157100472,2.5687583433816914
0.21016250000000003,60.0,0.14231333141711056,2.571757642236058
0.21057458333333334,60.0,0.1421892873960966,2.5713613508193327
0.21098666666666668,60.0,0.1420692855658466,2.5668992177035355
0.21139875000000002,60.0,0.14195281150760966,2.5585401797567546
0.21181083333333334,60.0,0.1418400970271135,2.5464197634206527
0.21222291666666668,60.0,0.14173083462541,2.5307743833703493
0.21263500000000002,60.0,0.1416242511053782,2.5119995280054264
0.21304708333333336,60.0,0.14151998796837598,2.4909437431147436
0.21345916666666667,60.0,0.14141776952656895,2.4686007508265644
0.21387125,60.0,0.14131705194559385,2.4457780269652245
0.21428333333333335,60.0,0.1412175742509055,2.423339924029401
0.2146954166666667,60.0,0.1411195102924124,2.401605715949821
0.2151075,60.0,0.14102292503834896,2.38047598405543
0.21551958333333335,60.0,0.14092775722003187,2.359796006583463
0.2159316666666667,60.0,0.1408340685568531,2.339783613924957
0.21634375000000003,60.0,0.140742031014552,2.320321921913964
0.21675583333333334,60.0,0.14065203211216198,2.3010968034513453
0.21716791666666668,60.0,0.14056435268648532,2.282305114370749
0.21758000000000002,60.0,0.14047886399825446,2.2645178393033185
0.21799208333333336,60.0,0.14039533324956252,2.2482030823248804
0.21840416666666668,60.0,0.14031330387985377,2.233766616052852
0.21881625000000002,60.0,0.14023222693853168,2.2214939759093966
0.21922833333333336,60.0,0.1401522436793712,2.2112682352349764
0.21964041666666667,60.0,0.14007381711021794,2.2028302900096266
0.2200525,60.0,0.13999685065030734,2.195632872008496
0.22046458333333335,60.0,0.1399211477289792,2.1892086875465337
0.2208766666666667,60.0,0.13984699291678038,2.1826629791195584
0.22128875,60.0,0.13977461378504008,2.175130797342315
0.22170083333333335,60.0,0.13970393156553224,2.1663159243565
0.2221129166666667,60.0,0.13963527479343252,2.15622187311546
0.22252500000000003,60.0,0.13956925801901748,2.1448757035913353
0.22293708333333334,60.0,0.13950588304650793,2.1323966135991834
0.22334916666666668,60.0,0.13944490653702724,2.1189828616345943
0.22376125000000002,60.0,0.13938639270113012,2.104423156368708
0.22417333333333336,60.0,0.13933034040437056,2.0886832717933683
0.22458541666666668,60.0,0.13927669724045064,2.0716229111161093
0.22499750000000002,60.0,0.13922532665980505,2.0527086206848937
0.22540958333333336,60.0,0.13917571003486592,2.031235678418509
0.2258216666666667,60.0,0.13912739433229324,2.006679560994033
0.22623375,60.0,0.13908022641548012,1.9787810502800292
0.22664583333333335,60.0,0.13903432228353912,1.9480906655615475
0.2270579166666667,60.0,0.13899038005947878,1.9150498684091741
0.22747,60.0,0.1389490115023338,1.8799715199371283
0.22788208333333335,60.0,0.13891021458432784,1.8436608160881625
0.2282941666666667,60.0,0.13887418815976824,1.8068407917348277
0.22870625000000003,60.0,0.1388413755619874,1.7703822449262183
0.22911833333333334,60.0,0.13881180484634434,1.7344480456839113
0.22953041666666668,60.0,0.1387853149619744,1.69911787155578
0.22994250000000002,60.0,0.13876211104003217,1.6645939420365872
0.23035458333333336,60.0,0.13874240003350824,1.6307085283344571
0.23076666666666668,60.0,0.138725734831489,1.5977034270317907
0.23117875000000002,60.0,0.13871173888561292,1.5661976004836013
0.23159083333333336,60.0,0.1387006499481652,1.5363835400252621
0.2320029166666667,60.0,0.13869255714510392,1.5086737701416622
0.232415,60.0,0.13868745410614278,1.4841989710658827
0.23282708333333335,60.0,0.1386854599351665,1.463823796992798
0.2332391666666667,60.0,0.13868640359169926,1.4481932627894532
0.23365125,60.0,0.13869020357650239,1.4373538193966233
0.23406333333333335,60.0,0.13869717746957191,1.431276074208784
0.2344754166666667,60.0,0.13870774787406495,1.4300222383810042
0.23488750000000003,60.0,0.13872227311475613,1.4332507415526148
0.23529958333333334,60.0,0.1387406660580809,1.4406606104344537
0.23571166666666668,60.0,0.13876240524396755,1.4517804434969175
0.23612375000000002,60.0,0.13878714478831686,1.4662267784585066
0.23653583333333336,60.0,0.13881468423346713,1.4837606367608982
0.23694791666666667,60.0,0.1388445338308332,1.5047812868383412
0.23736000000000002,60.0,0.13887627371537908,1.5295301102187546
0.23777208333333336,60.0,0.13890998531398355,1.5576005432128854
0.2381841666666667,60.0,0.13894553091461473,1.5886395121989185
0.23859625,60.0,0.138982324246167,1.6225815850698333
0.23900833333333335,60.0,0.13902035651705943,1.6588416955727932
0.2394204166666667,60.0,0.13906006385109454,1.6964700345808572
0.23983250000000003,60.0,0.13910148593219873,1.7346980202959887
0.24024458333333334,60.0,0.13914453743048427,1.7725202338253503
0.24065666666666669,60.0,0.13918920979378405,1.8093840605311646
0.24106875000000003,60.0,0.1392353516820167,1.8447851149818866
0.24148083333333334,60.0,0.1392829052878761,1.8787685555392701
0.24189291666666668,60.0,0.13933213985877793,1.9112969458994988
0.24230500000000002,60.0,0.13938325626814504,1.9420455182214271
0.24271708333333336,60.0,0.13943598656556913,1.9713131144327651
0.24312916666666667,60.0,0.13948983186509745,1.9990469682437912
0.24354125000000001,60.0,0.13954437693456956,2.0250353717870824
0.24395333333333336,60.0,0.13959936825875605,2.049009835642596
0.2443654166666667,60.0,0.13965469816425669,2.0702797435844387
0.2447775,60.0,0.13971026568995026,2.08852949110014
0.24518958333333335,60.0,0.13976616460669353,2.1039712106968578
0.2456016666666667,60.0,0.13982281546148126,2.1163233392885785
0.24601375000000003,60.0,0.13988025365818793,2.1258729116589397
0.24642583333333334,60.0,0.13993820735481077,2.1331512679087608
0.24683791666666668,60.0,0.13999707134652672,2.138668937365702
0.24725000000000003,60.0,0.14005727924145955,2.1430925854407863
0.24766208333333337,60.0,0.140118515727691,2.147078441559923
0.24807416666666668,60.0,0.14018044721252998,2.1510564707104827
0.24848625000000002,60.0,0.14024286688280807,2.154910358678357
0.24889833333333336,60.0,0.1403053896703392,2.158667644526949
0.24931041666666667,60.0,0.14036791238644994,2.162366115157873
0.24972250000000001,60.0,0.14043063586424043,2.166098143043472
0.2501345833333333,60.0,0.14049352685760988,2.1697589044592225
0.2505466666666667,60.0,0.1405562212547729,2.1733817723348974
0.25095875,60.0,0.1406185065934112,2.1772730464546113
0.2513708333333334,60.0,0.14068062238305942,2.1817339588530285
0.2517829166666667,60.0,0.1407428846450968,2.1871793944171367
0.252195,60.0,0.14080562300046456,2.194093249586965
0.25260708333333337,60.0,0.1408693213052062,2.202603662425978
0.2530191666666667,60.0,0.14093439083540532,2.2123099713966248
0.25343125,60.0,0.1410011458405885,2.2229505285667748
0.25384333333333337,60.0,0.14106959330544153,2.2342016017371344
0.2542554166666667,60.0,0.14113959131156548,2.2456216023556115
0.25466750000000005,60.0,0.1412115255630013,2.2563316760744656
0.25507958333333336,60.0,0.14128558714281633,2.265739079264462
0.2554916666666667,60.0,0.1413613138326204,2.2739011428722833
0.25590375000000004,60.0,0.14143863786757108,2.280464815711508
0.25631583333333335,60.0,0.1415178147328722,2.285314823595383
0.25672791666666667,60.0,0.1415989551851038,2.28857669966018
0.25714000000000004,60.0,0.14168247065522602,2.2900822387361592
0.25755208333333335,60.0,0.1417689419957519,2.2894497426075
0.25796416666666666,60.0,0.1418584963573246,2.2866353820826504
0.25837625000000003,60.0,0.14195095713649866,2.281323704128569
0.25878833333333334,60.0,0.14204650652602618,2.272717192347389
0.2592004166666667,60.0,0.14214551500464592,2.260343089237896
0.2596125,60.0,0.14224806512121368,2.2438681947089245
0.26002458333333334,60.0,0.14235424803264768,2.223360178119622
0.2604366666666667,60.0,0.142464195690883,2.1990421751546054
0.26084875,60.0,0.14257775103324014,2.1709582318462
0.26126083333333333,60.0,0.1426945802804012,2.139426582440885
0.2616729166666667,60.0,0.14281429852089508,2.1049906022702483
0.262085,60.0,0.14293675745786683,2.0681038374070715
0.2624970833333334,60.0,0.1430621114232515,2.029263690511468
0.2629091666666667,60.0,0.14319018394159802,1.9886174045515794
0.26332125,60.0,0.14332057701093973,1.9461454934437987
0.2637333333333334,60.0,0.14345338896861623,1.9020541301945002
0.2641454166666667,60.0,0.14358900727039636,1.856585699287344
0.2645575,60.0,0.1437275999466194,1.8102678575366953
0.26496958333333337,60.0,0.14386936985586005,1.7634978524989382
0.2653816666666667,60.0,0.14401456156515738,1.7165991245136185
0.26579375,60.0,0.144162847727454,1.6704181890307335
0.26620583333333336,60.0,0.14431374883886264,1.6259774858796718
0.2666179166666667,60.0,0.14446738661831557,1.5837759270643648
0.26703000000000005,60.0,0.14462377615407876,1.5444362449934657
0.26744208333333336,60.0,0.14478250740351878,1.5083082977607098
0.26785416666666667,60.0,0.14494344780673193,1.4755920008547387
0.26826625000000004,60.0,0.14510647820032335,1.4464310335191481
0.26867833333333335,60.0,0.14527114557638796,1.4207908582200521
0.26909041666666667,60.0,0.14543708504869488,1.3987784057256887
0.26950250000000003,60.0,0.14560416550871091,1.3802404600164906
0.26991458333333335,60.0,0.14577247891385378,1.3651426746866935
0.2703266666666667,60.0,0.14594213028947872,1.3538849676996731
0.27073875000000003,60.0,0.14611286396463388,1.3468913594581675
0.27115083333333334,60.0,0.1462844287766667,1.34409988017792
0.2715629166666667,60.0,0.14645691324706747,1.3453739855613343
0.271975,60.0,0.14663029708696215,1.3508230555039544
0.27238708333333334,60.0,0.14680426325903795,1.360254745093629
0.2727991666666667,60.0,0.14697842125871421,1.3730194895255143
0.27321125,60.0,0.14715227641842465,1.3886515410022728
0.27362333333333333,60.0,0.14732500682052294,1.4064221260604575
0.2740354166666667,60.0,0.14749593635371966,1.4255643119621748
0.2744475,60.0,0.14766509712719952,1.44586157407383
0.2748595833333334,60.0,0.1478323789014136,1.4670070104890645
0.2752716666666667,60.0,0.14799730336373165,1.488861542918975
0.27568375,60.0,0.1481599131595392,1.5111010768419173
0.2760958333333334,60.0,0.14832021630870687,1.5334756890092738
0.2765079166666667,60.0,0.14847778722448204,1.5561502034604529
0.27692,60.0,0.14863259363104783,1.5787698069191896
0.27733208333333337,60.0,0.1487848723053738,1.6009141894428767
0.2777441666666667,60.0,0.14893465046699372,1.6223762117722282
0.27815625000000005,60.0,0.14908175044113728,1.6424818707473428
0.27856833333333336,60.0,0.14922584803525507,1.6609933165688986
0.2789804166666667,60.0,0.14936681805219953,1.6778774820889424
0.27939250000000004,60.0,0.14950470452237286,1.6930410711754464
0.27980458333333336,60.0,0.1496393549122181,1.706717541989925
0.28021666666666667,60.0,0.14977050248112417,1.7189649688812016
0.28062875000000004,60.0,0.14989795975988435,1.7302854016281257
0.28104083333333335,60.0,0.15002157642976838,1.7412217806001709
0.28145291666666666,60.0,0.15014113576715718,1.751956103311232
0.28186500000000003,60.0,0.15025677027810228,1.7626473613819458
0.28227708333333335,60.0,0.15036906563775074,1.773389395188873
0.2826891666666667,60.0,0.15047820227635728,1.7843198766305264
0.28310125,60.0,0.15058412539155167,1.795627221411425
0.28351333333333334,60.0,0.15068715185097983,1.8073617356112595
0.2839254166666667,60.0,0.15078729373229943,1.8195114665585173
0.2843375,60.0,0.15088424595172112,1.8323681840141313
0.28474958333333333,60.0,0.1509781841969958,1.8463622613877513
0.2851616666666667,60.0,0.15106945739001504,1.8618904136562293
0.28557375,60.0,0.15115792433724964,1.8793077445501825
0.2859858333333334,60.0,0.15124326973701482,1.8988556629231192
0.2863979166666667,60.0,0.151325555031343,1.9203626501912383
0.28681,60.0,0.1514049949841279,1.9437237574991495
0.2872220833333334,60.0,0.15148175635497646,1.9690560276702163
0.2876341666666667,60.0,0.1515560533710862,1.9958012940074104
0.28804625,60.0,0.15162802662955624,2.0234997451239916
0.28845833333333337,60.0,0.15169791552638504,2.0517507355809173
0.2888704166666667,60.0,0.15176611720203462,2.0803261943292286
0.2892825,60.0,0.1518329872383652,2.1090750820923083
0.28969458333333337,60.0,0.15189919106042457,2.137880965453116
0.2901066666666667,60.0,0.1519654571944566,2.1666030647830508
0.29051875000000005,60.0,0.15203191562489804,2.1949194705025232
0.29093083333333336,60.0,0.15209866901278285,2.222525492467955
0.2913429166666667,60.0,0.1521660428892676,2.2491087504430154
0.29175500000000004,60.0,0.152234005880879,2.274307961418117
0.29216708333333336,60.0,0.1523025393068963,2.29720210126926
0.29257916666666667,60.0,0.1523721332082067,2.3172403761553193
0.29299125000000004,60.0,0.1524432406999566,2.334032092418926
0.29340333333333335,60.0,0.15251581390086613,2.34717894690383
0.2938154166666667,60.0,0.15258993640091514,2.3564620031676355
0.29422750000000003,60.0,0.15266625462552774,2.36168996521165
0.29463958333333334,60.0,0.1527452541807355,2.362928344374442
0.2950516666666667,60.0,0.15282710060404384,2.3602925530292564
0.29546375,60.0,0.15291213103863113,2.3538970393789946
0.29587583333333334,60.0,0.15300053888648077,2.343875299644373
0.2962879166666667,60.0,0.153092317492046,2.330292674329516
0.2967,60.0,0.15318762037324923,2.3127395562928044
0.29711208333333333,60.0,0.15328654004442413,2.2913569559112386
0.2975241666666667,60.0,0.15338918377190858,2.266405616870779
0.29793625,60.0,0.1534955829653685,2.237848979362923
0.2983483333333334,60.0,0.1536053132924563,2.205810695981762
0.2987604166666667,60.0,0.15371808543171409,2.1707021628825043
0.2991725,60.0,0.15383389511855533,2.132958045267558
0.2995845833333334,60.0,0.15395254389193033,2.0932962852618755
0.2999966666666667,60.0,0.15407409852563136,2.0524949997208366
0.30040875,60.0,0.15419898244375918,2.010886841637895
0.30082083333333337,60.0,0.15432723683314314,1.968956367993984
0.3012329166666667,60.0,0.15445855542190878,1.9270275599133546
0.301645,60.0,0.15459300984043067,1.8856114752541817
0.30205708333333336,60.0,0.15473097529193625,1.8448632006420884
0.3024691666666667,60.0,0.15487228848540416,1.8048609665135806
0.30288125000000005,60.0,0.15501652936903182,1.7659315567967944
0.30329333333333336,60.0,0.15516362570429612,1.7282940355621326
0.30370541666666667,60.0,0.15531330659282305,1.692496058173636
0.30411750000000004,60.0,0.15546513239851897,1.6589237665954601
0.30452958333333335,60.0,0.15561897394371654,1.627843086881781
0.30494166666666667,60.0,0.15577471833924292,1.5996013430301839
0.30535375000000003,60.0,0.15593213517057317,1.574545394866286
0.30576583333333335,60.0,0.15609091794107802,1.5526721518099782
0.3061779166666667,60.0,0.15625064183296894,1.5339224596068097
0.30659000000000003,60.0,0.15641100299781235,1.5181417632911811
0.30700208333333334,60.0,0.156571851041246,1.504953545374501
0.3074141666666667,60.0,0.1567330616067528,1.4940910698127605
0.30782625,60.0,0.1568945890158595,1.4854771246154272
0.30823833333333334,60.0,0.15705635435984253,1.4791294183124348
0.3086504166666667,60.0,0.1572178809291628,1.4745407254350327
0.3090625,60.0,0.157378466089034,1.4718189277177995
0.30947458333333333,60.0,0.1575379195288155,1.4709202537441715
0.3098866666666667,60.0,0.15769607802076474,1.4716234570563957
0.31029875,60.0,0.15785208368394835,1.4739250289518233
0.3107108333333334,60.0,0.1580052934739955,1.4772887059220114
0.3111229166666667,60.0,0.15815548813883126,1.4814390291708466
0.311535,60.0,0.15830216069510003,1.485944833625245
0.3119470833333334,60.0,0.15844491541612118,1.4903585435580746
0.3123591666666667,60.0,0.15858373101468964,1.4946318748943483
0.31277125,60.0,0.1587185451441357,1.4984879193002736
0.31318333333333337,60.0,0.158849122132759,1.5016457078190353
0.3135954166666667,60.0,0.15897518465130098,1.5043654643993696
0.31400750000000005,60.0,0.15909657901620233,1.5067338760429134
0.31441958333333336,60.0,0.15921316948216713,1.5089370567531968
0.3148316666666667,60.0,0.1593248795224529,1.5111002907250288
0.31524375000000004,60.0,0.15943178412036704,1.5132454049914794
0.31565583333333336,60.0,0.15953376026237878,1.5155952927119578
0.31606791666666667,60.0,0.15963049600095272,1.5179359007318092
0.31648000000000004,60.0,0.15972162617045108,1.5204618579894995
0.31689208333333335,60.0,0.15980683248441557,1.5233218488764861
0.31730416666666666,60.0,0.15988623763488374,1.5264020359997843
0.31771625000000003,60.0,0.15995988293395436,1.5298708827931602
0.31812833333333335,60.0,0.16002735628171977,1.534361351952385
0.3185404166666667,60.0,0.16008875858689836,1.5401865516871989
0.3189525,60.0,0.16014451504897287,1.5475697191298354
0.31936458333333334,60.0,0.16019459945907885,1.5568941071212121
0.3197766666666667,60.0,0.16023915396191704,1.5684670876130948
0.32018875,60.0,0.16027862365073817,1.5824995205054329
0.32060083333333333,60.0,0.1603131164098149,1.599016023279178
0.3210129166666667,60.0,0.1603424575405842,1.6180076484567527
0.321425,60.0,0.160366576964779,1.6391809002244877
0.3218370833333334,60.0,0.16038553096146227,1.662535508365148
0.3222491666666667,60.0,0.1603993522613703,1.6880350891158293
0.32266125,60.0,0.16040821912130362,1.7156314487680717
0.3230733333333334,60.0,0.1604124255154043,1.7453606090375964
0.3234854166666667,60.0,0.16041198306458593,1.7770259013192404
0.3238975,60.0,0.16040685189881698,1.8105353485288864
0.3243095833333334,60.0,0.16039727169537912,1.8458454577939385
0.3247216666666667,60.0,0.16038364633786903,1.8827341254846024
0.32513375,60.0,0.16036652193512052,1.9207742914169692
0.32554583333333337,60.0,0.1603462543382281,1.9594596260802186
0.3259579166666667,60.0,0.16032301681479874,1.9982780417177595
0.32637000000000005,60.0,0.16029743614562988,2.036884293637936
0.32678208333333336,60.0,0.16027016680022757,2.07471208983349
0.3271941666666667,60.0,0.16024139876592844,2.111358968499636
0.32760625000000004,60.0,0.16021148476037644,2.1466320552439377
0.32801833333333336,60.0,0.16018100047048017,2.1800617166100684
0.32843041666666667,60.0,0.16015012339664297,2.2115748910186603
0.32884250000000004,60.0,0.16011879356410458,2.2410547538650487
0.32925458333333335,60.0,0.1600873442777892,2.2681217572354253
0.3296666666666667,60.0,0.16005625491837425,2.2924570091045973
0.33007875000000003,60.0,0.16002583567147094,2.3138405449809234
0.33049083333333334,60.0,0.15999666122158962,2.3320965754017133
0.3309029166666667,60.0,0.15996924324151007,2.3469347367878974
0.331315,60.0,0.15994365082816003,2.3580150225285146
0.33172708333333334,60.0,0.15992016398312503,2.3652751878970597
0.3321391666666667,60.0,0.15989929927748223,2.368881743866963
0.33255125,60.0,0.15988148624251752,2.368782291215973
0.33296333333333333,60.0,0.15986704920643585,2.3652449749978275
0.3333754166666667,60.0,0.15985602814081076,2.3587634286264425
0.3337875,60.0,0.15984850249838464,2.3493572068362534
0.3341995833333334,60.0,0.1598447692969565,2.337138973062335
0.3346116666666667,60.0,0.15984487426766653,2.322531282223413
0.33502375,60.0,0.1598486563616868,2.305684233480139
0.3354358333333334,60.0,0.15985613567346693,2.2866717807084727
0.3358479166666667,60.0,0.15986745577117026,2.2655863971357975
0.33626,60.0,0.15988245692607708,2.242582088974837
0.33667208333333337,60.0,0.1599008809418857,2.218034194427368
0.3370841666666667,60.0,0.15992307052418797,2.192176414344449
0.33749625000000005,60.0,0.15994940442918681,2.1655085094917497
0.33790833333333337,60.0,0.15997987269157343,2.138442490549346
0.3383204166666667,60.0,0.16001472913704964,2.1111797678174544
0.33873250000000005,60.0,0.16005401565963118,2.0841534960852495
0.33914458333333336,60.0,0.16009732657168252,2.0577619878562317
0.3395566666666667,60.0,0.16014463659064854,2.0319985191505436
0.33996875000000004,60.0,0.16019605790955374,2.0068831736364627
0.34038083333333335,60.0,0.1602513779844744,1.9824102435674928
0.34079291666666667,60.0,0.16031026298658213,1.958712879669894
0.34120500000000004,60.0,0.16037239805689996,1.9357648904527158
0.34161708333333335,60.0,0.16043761473353768,1.9135396178320723
0.3420291666666667,60.0,0.16050577342847921,1.8921473050103714
0.34244125000000003,60.0,0.16057655404291557,1.8715728844978003
0.34285333333333334,60.0,0.16064966395676797,1.8520988594279577
0.3432654166666667,60.0,0.16072500382303798,1.833679414725415
0.3436775,60.0,0.16080242915908627,1.8163821979397041
0.34408958333333334,60.0,0.16088146625937255,1.8001006909443473
0.3445016666666667,60.0,0.16096175085880748,1.784472038757692
0.34491375,60.0,0.16104338714012584,1.7695488630316718
0.3453258333333334,60.0,0.16112618786640648,1.7551320756211308
0.3457379166666667,60.0,0.16120955958325905,1.7409121017723272
0.34615,60.0,0.16129310182227652,1.7267409404298986
0.3465620833333334,60.0,0.1613762347965582,1.7123450664217084
0.3469741666666667,60.0,0.1614581784726577,1.6978889978136995
0.34738625,60.0,0.1615386207514142,1.683534674513324
0.3477983333333334,60.0,0.16161737599694428,1.6690004326580294
0.3482104166666667,60.0,0.1616938640142066,1.6545549983876489
0.3486225,60.0,0.16176753280187917,1.6402284651026366
0.34903458333333337,60.0,0.16183822220647068,1.625866371886774
0.3494466666666667,60.0,0.1619057862975741,1.6116369753085915
0.34985875000000005,60.0,0.16196987478227187,1.5975015772177144
0.35027083333333336,60.0,0.16203024497787313,1.5833202862574272
0.3506829166666667,60.0,0.16208674533433218,1.5691809266006957
0.35109500000000005,60.0,0.1621392159617605,1.555250507156853
0.35150708333333336,60.0,0.16218743391536355,1.541762773297446
0.35191916666666667,60.0,0.16223097539198808,1.5289056812733026
0.35233125000000004,60.0,0.1622697044322003,1.5169054997234142
0.35274333333333335,60.0,0.1623037864329674,1.5062596936616568
0.3531554166666667,60.0,0.16233290434296266,1.4970850718849735
0.35356750000000003,60.0,0.16235660748061523,1.4896639229643935
0.35397958333333335,60.0,0.16237475802145196,1.4842497434606112
0.3543916666666667,60.0,0.16238707055650736,1.480820737788524
0.35480375000000003,60.0,0.16239337141551685,1.4793991947226008
0.35521583333333334,60.0,0.16239390289300074,1.4801123432276886
0.3556279166666667,60.0,0.16238884055202313,1.4832339335358753
0.35604,60.0,0.16237803359436348,1.488706543479661
0.35645208333333334,60.0,0.16236144074364653,1.4966305607778605
0.3568641666666667,60.0,0.1623394392047028,1.5071619150227145
0.35727625,60.0,0.16231213275167927,1.520424066732486
0.3576883333333334,60.0,0.16227928353969429,1.5365764483434308
0.3581004166666667,60.0,0.1622410500175922,1.5555164319483472
0.3585125,60.0,0.16219754833602773,1.5770918424083755
0.3589245833333334,60.0,0.16214861365030028,1.6011562874828404
0.3593366666666667,60.0,0.16209422827193978,1.6274095157857478
0.35974875,60.0,0.1620343968810868,1.6555214404777772
0.3601608333333334,60.0,0.1619693833575795,1.685429055985384
0.3605729166666667,60.0,0.16189956937771932,1.716511769919669
0.36098500000000006,60.0,0.16182490657277146,1.7486010677814026
0.36139708333333337,60.0,0.16174547426808036,1.7816168320765473
0.3618091666666667,60.0,0.16166167689310143,1.8151535153817622
0.36222125000000005,60.0,0.16157382884849228,1.849160567308738
0.36263333333333336,60.0,0.16148237902330162,1.8833434176735313
0.3630454166666667,60.0,0.16138795605594417,1.9173969878348822
0.36345750000000004,60.0,0.1612909538468069,1.95104463395985
0.36386958333333336,60.0,0.16119149483650352,1.9840168964535394
0.36428166666666667,60.0,0.16108994346089875,2.0159161883326044
0.36469375000000004,60.0,0.16098687967711206,2.0463890679779757
0.36510583333333335,60.0,0.16088240980196575,2.0750739138133785
0.3655179166666667,60.0,0.16077660593836995,2.1018778896348445
0.36593000000000003,60.0,0.16067005919289878,2.126701316227525
0.36634208333333335,60.0,0.16056313137739187,2.1494249226423903
0.3667541666666667,60.0,0.16045593062006955,2.1700573766847797
0.36716625,60.0,0.1603488818718478,2.1885248191024433
0.36757833333333334,60.0,0.16024258110546225,2.204974635812943
0.3679904166666667,60.0,0.16013759233853608,2.2194956732364837
0.3684025,60.0,0.1600343029437728,2.232026903695797
0.3688145833333334,60.0,0.15993290072055738,2.2423374312737736
0.3692266666666667,60.0,0.15983363589899297,2.2507004697694457
0.36963875,60.0,0.15973691832944067,2.2569759616851233
0.3700508333333334,60.0,0.1596431283455363,2.261156234619215
0.3704629166666667,60.0,0.1595525300031214,2.263658661599771
0.370875,60.0,0.1594653936770618,2.2644698030638657
0.3712870833333334,60.0,0.15938180346862638,2.263730519962104
0.3716991666666667,60.0,0.15930164422445336,2.2617502228494906
0.37211125,60.0,0.15922516192347003,2.2588178595045454
0.3725233333333334,60.0,0.15915263050083525,2.2550150442211896
0.3729354166666667,60.0,0.15908385298073713,2.2504668950472353
0.37334750000000005,60.0,0.15901895972502936,2.2452152880183602
0.37375958333333337,60.0,0.15895843929476694,2.2393430559969327
0.3741716666666667,60.0,0.15890232704275548,2.232813438939535
0.37458375000000005,60.0,0.15885058530831547,2.2256950421805075
0.37499583333333336,60.0,0.15880355170979502,2.2180363429411134
0.3754079166666667,60.0,0.15876157510829902,2.2098089770283673
0.37582000000000004,60.0,0.15872469682270599,2.20113729641073
0.37623208333333336,60.0,0.15869274038049438,2.192145499228301
0.3766441666666667,60.0,0.15866558866964645,2.183028574023639
0.37705625000000004,60.0,0.1586431513284818,2.1735222485933843
0.37746833333333335,60.0,0.15862537809216676,2.1637137901305654
0.3778804166666667,60.0,0.15861229232007057,2.1536628656143417
0.37829250000000003,60.0,0.15860370659023587,2.1431515124807685
0.37870458333333334,60.0,0.15859938545321017,2.1321013871479013
0.3791166666666667,60.0,0.15859914203775805,2.1202146286045087
0.37952875,60.0,0.1586026737879819,2.1074811696016056
0.37994083333333334,60.0,0.15860993840381118,2.093768840553044
0.3803529166666667,60.0,0.15862087869957633,2.0789941433156027
0.380765,60.0,0.1586350621986601,2.0633514664731956
0.3811770833333334,60.0,0.15865242400651997,2.046830980814528
0.3815891666666667,60.0,0.15867299235409213,2.0292222983792776
0.38200125,60.0,0.15869620376635693,2.0108235281197295
0.3824133333333334,60.0,0.15872162440084053,1.9916504767556305
0.3828254166666667,60.0,0.1587491866737415,1.9715412556675558
0.3832375,60.0,0.158778547141911,1.9506584279763308
0.3836495833333334,60.0,0.1588089968679925,1.928735672441118
0.3840616666666667,60.0,0.1588399012025091,1.9059150648925287
0.38447375,60.0,0.15887090183738467,1.882332023904293
0.38488583333333337,60.0,0.15890162620485404,1.8580126064673903
0.3852979166666667,60.0,0.15893177351820326,1.8331903443733382
0.38571000000000005,60.0,0.1589611696380416,1.808107389270535
0.38612208333333337,60.0,0.15898942474956196,1.7830369365190943
0.3865341666666667,60.0,0.15901620209797757,1.7582830638578808
0.38694625000000005,60.0,0.15904129184417715,1.734120497980013
0.38735833333333336,60.0,0.15906440719868767,1.710731161000711
0.3877704166666667,60.0,0.15908539815077144,1.6882770543029972
0.38818250000000004,60.0,0.15910404146694046,1.6669116828847512
0.38859458333333335,60.0,0.15911997800206526,1.6469742755798806
0.3890066666666667,60.0,0.1591330917227387,1.628474615191133
0.38941875000000004,60.0,0.15914318000466157,1.611584692624718
0.38983083333333335,60.0,0.15914973789440964,1.596549645779897
0.3902429166666667,60.0,0.1591525251384744,1.583635423983998
0.39065500000000003,60.0,0.15915164627365086,1.573009666970958
0.39106708333333334,60.0,0.15914686697303576,1.56484646140618
0.3914791666666667,60.0,0.1591376405642453,1.559433085532193
0.39189125,60.0,0.15912392270223308,1.5566809890343731
0.39230333333333334,60.0,0.15910590649946746,1.5565328485951961
0.3927154166666667,60.0,0.15908351170947488,1.5591743151336999
0.3931275,60.0,0.1590568420956887,1.5644870318976238
0.3935395833333334,60.0,0.15902598755968683,1.5721779928627766
0.3939516666666667,60.0,0.15899074429897678,1.5821831172904346
0.39436375,60.0,0.1589510680737908,1.5942771443782204
0.3947758333333334,60.0,0.15890697088589512,1.6085183460182497
0.3951879166666667,60.0,0.158858393156907,1.6246470906539383
0.3956,60.0,0.15880534077471609,1.6424419555920575
0.3960120833333334,60.0,0.15874775138552016,1.661964445344557
0.3964241666666667,60.0,0.15868563112417025,1.6827501702986911
0.39683625000000006,60.0,0.15861907541556522,1.7046712408697573
0.39724833333333337,60.0,0.1585480659713994,1.7275324192994614
0.3976604166666667,60.0,0.1584726185812861,1.7508723724770676
0.39807250000000005,60.0,0.15839299971657553,1.7743982407609518
0.39848458333333336,60.0,0.15830962233251117,1.7978576620763558
0.3988966666666667,60.0,0.15822254827536206,1.8210236911035729
0.39930875000000005,60.0,0.1581317306827769,1.843679574154212
0.39972083333333336,60.0,0.1580377404716891,1.8656597425918657
0.40013291666666667,60.0,0.1579411377319878,1.8868638142955254
0.40054500000000004,60.0,0.157842014276761,1.9072615504739046
0.40095708333333335,60.0,0.15774071943131424,1.9268076178139741
0.4013691666666667,60.0,0.1576375900334159,1.9454135163948005
0.40178125000000003,60.0,0.1575325991467047,1.9630252103635486
0.40219333333333335,60.0,0.15742598315430667,1.979487667694524
0.4026054166666667,60.0,0.15731811694787856,1.9947052513856796
0.40301750000000003,60.0,0.15720923248710036,2.0087575858120372
0.40342958333333334,60.0,0.15709964325334208,2.0216254537647558
0.4038416666666667,60.0,0.15698971800885322,2.0333042867619575
0.40425375,60.0,0.1568798373567083,2.0438828729337115
0.4046658333333334,60.0,0.15677035249683968,2.0534698851350126
0.4050779166666667,60.0,0.15666156995225194,2.0623590525498137
0.40549,60.0,0.15655390130996844,2.0707068709990053
0.4059020833333334,60.0,0.15644782717721273,2.0785376473347537
0.4063141666666667,60.0,0.1563436704543293,2.0860534870038587
0.40672625,60.0,0.15624146276019982,2.093326810970113
0.4071383333333334,60.0,0.15614134856165396,2.1003661430940506
0.4075504166666667,60.0,0.15604389334331056,2.1072330125544565
0.4079625,60.0,0.15594936274640764,2.1139023290174115
0.4083745833333334,60.0,0.155857635723111,2.1204403764611515
0.4087866666666667,60.0,0.15576893776991177,2.126827640973674
0.40919875000000006,60.0,0.15568347340675523,2.133067221059376
0.40961083333333337,60.0,0.15560116242805985,2.139330563807513
0.4100229166666667,60.0,0.1555222294480172,2.145582364240748
0.41043500000000005,60.0,0.1554470785489897,2.151784191556158
0.41084708333333336,60.0,0.15537587616046436,2.1579232078054256
0.4112591666666667,60.0,0.15530877755574374,2.1640685706007217
0.41167125000000004,60.0,0.1552461018291307,2.1699218354564227
0.41208333333333336,60.0,0.15518800996775806,2.175362348266445
0.4124954166666667,60.0,0.15513445416997051,2.1803188344267554
0.41290750000000004,60.0,0.15508557749154714,2.1844159977979953
0.41331958333333335,60.0,0.15504153835744078,2.1875819400987124
0.4137316666666667,60.0,0.15500229928486348,2.1898060913549267
0.41414375000000003,60.0,0.15496775197142218,2.190860413215805
0.41455583333333335,60.0,0.1549376477607026,2.1905799569471065
0.4149679166666667,60.0,0.154912017419905,2.188992202810936
0.41538,60.0,0.15489110991024752,2.1860268158304748
0.41579208333333334,60.0,0.1548746793308127,2.181650809242627
0.4162041666666667,60.0,0.15486242864091337,2.1756208978350084
0.41661625,60.0,0.15485440139902895,2.167934464690709
0.4170283333333334,60.0,0.15485046211655593,2.15847589711459
0.4174404166666667,60.0,0.1548503434415208,2.147050914025069
0.4178525,60.0,0.15485401496451529,2.133849233923302
0.4182645833333334,60.0,0.15486150603411775,2.118813160674687
0.4186766666666667,60.0,0.1548725382946326,2.1019394781413308
0.41908875,60.0,0.15488673924474633,2.083436215836724
0.4195008333333334,60.0,0.15490397812859336,2.0634436245651604
0.4199129166666667,60.0,0.15492386287909152,2.0421444126886166
0.42032500000000006,60.0,0.1549458087280577,2.019859208248972
0.4207370833333334,60.0,0.15496965867625925,1.9965618917777939
0.4211491666666667,60.0,0.15499514728830452,1.9725571742213297
0.42156125000000005,60.0,0.15502171305367662,1.9480525529500685
0.42197333333333337,60.0,0.15504899479891102,1.9231879446539166
0.4223854166666667,60.0,0.15507673134872607,1.898239444642384
0.42279750000000005,60.0,0.15510481028018325,1.873341405955107
0.42320958333333336,60.0,0.15513314054743588,1.8488062075031695
0.4236216666666667,60.0,0.15516128743955668,1.8249221037916212
0.42403375000000004,60.0,0.15518893536565742,1.8020726894382548
0.42444583333333336,60.0,0.15521602645911314,1.780457253294297
0.4248579166666667,60.0,0.15524226849077072,1.760279267379496
0.42527000000000004,60.0,0.15526732431275908,1.7418818349220884
0.42568208333333335,60.0,0.15529113384106805,1.7254387791305086
0.4260941666666667,60.0,0.15531356700257934,1.711043389465766
0.42650625000000003,60.0,0.15533419241438723,1.6988553144222331
0.42691833333333334,60.0,0.15535268892821152,1.6887898184027739
0.4273304166666667,60.0,0.1553689608455308,1.6808989709778883
0.4277425,60.0,0.15538269262838925,1.6752898214169494
0.4281545833333334,60.0,0.15539361029556797,1.6718182260048609
0.4285666666666667,60.0,0.1554018561089963,1.670658995297227
0.42897875,60.0,0.1554073505011147,1.671623831886004
0.4293908333333334,60.0,0.1554097552170764,1.67471407881425
0.4298029166666667,60.0,0.15540910186717852,1.679864123740305
0.430215,60.0,0.15540555948288387,1.686834920024073
0.4306270833333334,60.0,0.15539911222676722,1.6957073058922791
0.4310391666666667,60.0,0.1553896278565489,1.7059473116345083
0.43145125,60.0,0.15537690901069542,1.7173201742173099
0.4318633333333334,60.0,0.15536085845542832,1.7297615824515622
0.4322754166666667,60.0,0.15534146411248714,1.7428757304529534
0.43268750000000006,60.0,0.1553186147001245,1.7563479735944492
0.43309958333333337,60.0,0.15529221702408424,1.7701488113246506
0.4335116666666667,60.0,0.15526240386332654,1.7839759952073473
0.43392375000000005,60.0,0.15522924958698694,1.7976461473191947
0.43433583333333337,60.0,0.1551925687012646,1.8111623471362248
0.4347479166666667,60.0,0.1551524375289528,1.8242785137867639
0.43516000000000005,60.0,0.1551091449027912,1.8368702088418545
0.43557208333333336,60.0,0.1550626900125836,1.8487281149927632
0.43598416666666673,60.0,0.15501327731938333,1.859894099488944
0.43639625000000004,60.0,0.15496136569205637,1.8701906709255944
0.43680833333333335,60.0,0.15490698001377087,1.8795335759357754
0.4372204166666667,60.0,0.15485012988659316,1.88790119488071
0.43763250000000004,60.0,0.1547912164811642,1.8953375589429913
0.43804458333333335,60.0,0.15473057492285933,1.9019391612026113
0.4384566666666667,60.0,0.15466826803456046,1.9077401418786466
0.43886875000000003,60.0,0.15460430134856115,1.9130174002621527
0.43928083333333334,60.0,0.15453888959003592,1.91778944964219
0.4396929166666667,60.0,0.1544722769486534,1.922168853035132
0.440105,60.0,0.15440463686926187,1.9262961787292896
0.4405170833333334,60.0,0.1543362986171363,1.9303793111968355
0.4409291666666667,60.0,0.15426757307669256,1.9344759244810257
0.44134125,60.0,0.15419879434266537,1.9386576873747996
0.4417533333333334,60.0,0.15413029350561566,1.9429317727558466
0.4421654166666667,60.0,0.1540621456599754,1.9475612227864607
0.4425775,60.0,0.1539946758150882,1.9526413481174905
0.4429895833333334,60.0,0.15392834061853805,1.95817167614669
0.4434016666666667,60.0,0.15386322033516486,1.964398642468974
0.44381375000000006,60.0,0.15379959827097464,1.9713199682330738
0.4442258333333334,60.0,0.15373782912057013,1.97898268878672
0.4446379166666667,60.0,0.15367782569154606,1.987428742564946
0.44505000000000006,60.0,0.15361967380837024,1.9966398083374683
0.44546208333333337,60.0,0.15356379480899116,2.0063860466932635
0.4458741666666667,60.0,0.1535103502369576,2.0166775089571356
0.44628625000000005,60.0,0.15345924274936926,2.027314559341923
0.44669833333333336,60.0,0.1534105930537796,2.0381126318859946
0.4471104166666667,60.0,0.15336474492636767,2.0490767013518965
0.44752250000000005,60.0,0.15332186987063906,2.059866241023375
0.44793458333333336,60.0,0.15328211148183915,2.0704371159537582
0.4483466666666667,60.0,0.15324580091684975,2.0807086774531984
0.44875875000000004,60.0,0.15321313874057935,2.090521352018746
0.44917083333333335,60.0,0.1531842099502901,2.0996519762258834
0.4495829166666667,60.0,0.1531590596102422,2.1079696931947116
0.44999500000000003,60.0,0.15313761991481317,2.115213278736508
0.45040708333333335,60.0,0.15311998782991207,2.121175634959176
0.4508191666666667,60.0,0.15310628278221244,2.125727168936632
0.45123125000000003,60.0,0.1530963868961241,2.1286432805981272
0.4516433333333334,60.0,0.1530902684513102,2.129886451531463
0.4520554166666667,60.0,0.15308794054431593,2.1291176144176314
0.4524675,60.0,0.15308919548437308,2.1264607718134387
0.4528795833333334,60.0,0.1530939995028365,2.122045165459756
0.4532916666666667,60.0,0.15310256207611012,2.1156219845719684
0.45370375,60.0,0.1531147276102342,2.1073585015522744
0.4541158333333334,60.0,0.15313014310461995,2.097396571828829
0.4545279166666667,60.0,0.15314886438648062,2.085684765353765
0.45494,60.0,0.15317097182888334,2.072338252214544
0.4553520833333334,60.0,0.153196155388617,2.057489702760317
0.4557641666666667,60.0,0.15322423809992056,2.041250581598609
0.45617625000000006,60.0,0.15325518807895985,2.0238097820969223
0.4565883333333334,60.0,0.1532886709455809,2.005205207522163
0.4570004166666667,60.0,0.15332430230306449,1.985840947470481
0.45741250000000006,60.0,0.15336177178111318,1.9659369231202721
0.45782458333333337,60.0,0.15340076293439303,1.9456638005802152
0.4582366666666667,60.0,0.15344112384405967,1.9253843282010992
0.45864875000000005,60.0,0.15348266348994202,1.905356857981198
0.45906083333333336,60.0,0.15352508169550966,1.8858872148246744
0.45947291666666673,60.0,0.15356818448842252,1.8670980954097287
0.45988500000000004,60.0,0.15361176075605612,1.8493013311810225
0.46029708333333336,60.0,0.15365559085917693,1.832613611524507
0.4607091666666667,60.0,0.15369957329430836,1.8171241123184334
0.46112125000000004,60.0,0.15374362786469514,1.8031346463371076
0.46153333333333335,60.0,0.15378744183204737,1.7907363916083407
0.4619454166666667,60.0,0.15383061934974604,1.7799588611147974
0.46235750000000003,60.0,0.1538731786945472,1.7710558590487742
0.46276958333333335,60.0,0.15391506591666654,1.7639426674322374
0.4631816666666667,60.0,0.15395578783812477,1.758835209031419
0.46359375,60.0,0.1539952199480186,1.7557437573339707
0.4640058333333334,60.0,0.15403338676432013,1.7544081446863802
0.4644179166666667,60.0,0.1540698580653608,1.7549704148865817
0.46483,60.0,0.15410437705154384,1.7571326188854095
0.4652420833333334,60.0,0.15413692884887856,1.7607588532840384
0.4656541666666667,60.0,0.15416743550456694,1.76578055990976
0.46606625,60.0,0.15419592012658181,1.771876788381698
0.4664783333333334,60.0,0.15422233383734515,1.7789681919162363
0.4668904166666667,60.0,0.15424656300406178,1.7868619991301626
0.4673025,60.0,0.15426854498732964,1.795273692378112
0.4677145833333334,60.0,0.15428820386114633,1.804229512628267
0.4681266666666667,60.0,0.15430550579710098,1.8134744849108655
0.46853875000000006,60.0,0.15432039849959855,1.8226954528956911
0.4689508333333334,60.0,0.15433277479450583,1.8318409173218069
0.4693629166666667,60.0,0.15434243638149794,1.8406578663599795
0.46977500000000005,60.0,0.15434926151070252,1.848994568524285
0.47018708333333337,60.0,0.1543534301959543,1.856639559011314
0.4705991666666667,60.0,0.1543549269567978,1.863445381614772
0.47101125000000005,60.0,0.1543535266209397,1.8694001078118907
0.47142333333333336,60.0,0.15434944506448017,1.8744561358185088
0.47183541666666673,60.0,0.1543428905943507,1.878538071265847
0.47224750000000004,60.0,0.15433367266634876,1.8817522795833985
0.47265958333333336,60.0,0.15432186596401545,1.884164788855151
0.4730716666666667,60.0,0.1543078511104357,1.8857386938335832
0.47348375000000004,60.0,0.1542918029942618,1.8866617254552305
0.47389583333333335,60.0,0.1542737942101,1.8871101029563744
0.4743079166666667,60.0,0.1542539907521057,1.8869996389527417
0.47472000000000003,60.0,0.15423246576562846,1.886450739045203
0.47513208333333334,60.0,0.15420924968601857,1.8857016373512556
0.4755441666666667,60.0,0.15418454474334345,1.884774226274687
0.47595625,60.0,0.15415853170009156,1.883831623254938
0.4763683333333334,60.0,0.15413129304576453,1.8831325561316965
0.4767804166666667,60.0,0.1541029786905404,1.8827735292624388
0.4771925,60.0,0.15407373128811297,1.8828932021379352
0.4776045833333334,60.0,0.15404382223198856,1.8837001016010166
0.4780166666666667,60.0,0.154013652576358,1.8853296200262293
0.47842875,60.0,0.1539833392650925,1.8878874383001696
0.4788408333333334,60.0,0.15395300490881028,1.8913351443712114
0.4792529166666667,60.0,0.15392307839707156,1.895724162704608
0.47966500000000006,60.0,0.15389374608788833,1.9011316457533882
0.4800770833333334,60.0,0.1538649388098522,1.9073987890026751
0.4804891666666667,60.0,0.1538369170276566,1.914577455079685
0.48090125000000006,60.0,0.15381009778528548,1.9225946231601498
0.48131333333333337,60.0,0.15378456290145046,1.9313266558599225
0.4817254166666667,60.0,0.15376027784179866,1.940819486300451
0.48213750000000005,60.0,0.15373742865524997,1.9508743326303375
0.48254958333333337,60.0,0.15371613428562647,1.9613606859666555
0.4829616666666667,60.0,0.1536963896061446,1.9721513126233108
0.48337375000000005,60.0,0.15367846957747208,1.9830702088703125
0.48378583333333336,60.0,0.153662600832817,1.9937963311953233
0.48419791666666673,60.0,0.15364875143822448,2.0043082002104873
0.48461000000000004,60.0,0.15363711814124448,2.014275703446541
0.48502208333333335,60.0,0.15362793172877284,2.023427873263278
0.4854341666666667,60.0,0.15362131734888126,2.0317645262895514
0.48584625000000004,60.0,0.15361746254444805,2.038943430917859
0.48625833333333335,60.0,0.15361633059750446,2.0449597933033727
0.4866704166666667,60.0,0.15361793082993352,2.0497151210255713
0.48708250000000003,60.0,0.15362245043811226,2.052969823990809
0.4874945833333334,60.0,0.1536297295275031,2.0547107440233274
0.4879066666666667,60.0,0.15363959396881857,2.054908732791994
0.48831875,60.0,0.15365224835803595,2.053410496846466
0.4887308333333334,60.0,0.1536678089089596,2.050303022609163
0.4891429166666667,60.0,0.15368606671771265,2.0454587394737676
0.489555,60.0,0.15370684342674448,2.0388805369317287
0.4899670833333334,60.0,0.15373022989263108,2.0307241633226742
0.4903791666666667,60.0,0.15375619123317125,2.020996213992517
0.49079125,60.0,0.15378455732735527,2.009963219859206
0.4912033333333334,60.0,0.15381544421621368,1.9976185980570709
0.4916154166666667,60.0,0.15384880300396467,1.984272731388305
0.49202750000000006,60.0,0.15388431240645584,1.9701670210132507
0.4924395833333334,60.0,0.1539219483672427,1.9553971368536656
0.4928516666666667,60.0,0.15396167807900427,1.9402163055258876
0.49326375000000006,60.0,0.15400321438824743,1.924890262354497
0.49367583333333337,60.0,0.1540463210843772,1.909504516871979
0.4940879166666667,60.0,0.15409077184928374,1.8942738909689953
0.49450000000000005,60.0,0.15413635925461022,1.8794565849088252
0.49491208333333336,60.0,0.15418288408338449,1.8652518783419878
0.49532416666666673,60.0,0.15423005042516974,1.8517384609591079
0.49573625000000004,60.0,0.15427768519112814,1.8391805849162235
0.49614833333333336,60.0,0.1543258473775158,1.827920399249487
0.4965604166666667,60.0,0.15437445594087001,1.8178352079929914
0.49697250000000004,60.0,0.15442310822362904,1.8093053444735014
0.49738458333333335,60.0,0.1544716251138504,1.802330108482686
0.4977966666666667,60.0,0.15452007733350662,1.796824867404591
0.49820875000000003,60.0,0.15456822498881492,1.7930201553658054
0.49862083333333335,60.0,0.1546158525524786,1.7907545377944414
0.4990329166666667,60.0,0.1546629803196954,1.790056477229291
0.49944500000000003,60.0,0.15470934881922557,1.7908034178028358
0.4998570833333334,60.0,0.15475464065663738,1.7928667980949042
0.5002691666666667,60.0,0.15479884915162734,1.7962432629818124
0.5006812500000001,60.0,0.1548418888212513,1.800818140765917
0.5010933333333334,60.0,0.15488347329530508,1.8063578354602396
0.5015054166666667,60.0,0.15492343958663307,1.8128382240129335
0.5019175,60.0,0.15496179763222642,1.8200374375741926
0.5023295833333333,60.0,0.15499846519740187,1.8277268051305784
0.5027416666666668,60.0,0.15503327243987186,1.8358358598117588
0.5031537500000001,60.0,0.1550662197450707,1.8440065120127
0.5035658333333334,60.0,0.15509737805539975,1.8522050006220097
0.5039779166666667,60.0,0.15512676311012483,1.8601314928768913
0.50439,60.0,0.15515428398302142,1.8676127077108695
0.5048020833333334,60.0,0.1551796680981371,1.8746003177993693
0.5052141666666667,60.0,0.15520287709873334,1.8809202969974352
0.50562625,60.0,0.1552240623085795,1.8864630658789496
0.5060383333333334,60.0,0.15524301428452508,1.8911969507362052
0.5064504166666667,60.0,0.15525962645004884,1.8951071959727963
0.5068625,60.0,0.15527405749317186,1.8980989889241793
0.5072745833333334,60.0,0.15528613841301253,1.900260851393724
0.5076866666666667,60.0,0.15529578291063736,1.901493030648396
0.50809875,60.0,0.15530324314630334,1.9018541450329065
0.5085108333333334,60.0,0.15530854012267348,1.9014100820182605
0.5089229166666667,60.0,0.15531158967919093,1.900271497645175
0.5093350000000001,60.0,0.1553125535835643,1.8984669559709908
0.5097470833333334,60.0,0.15531164719639406,1.896191447925411
0.5101591666666667,60.0,0.15530890731975347,1.893602518680056
0.51057125,60.0,0.15530433858875967,1.8907450171065125
0.5109833333333333,60.0,0.15529820672954622,1.8880066996159521
0.5113954166666667,60.0,0.15529072562039056,1.8853997900951531
0.5118075000000001,60.0,0.1552818591233282,1.8830951741950304
0.5122195833333334,60.0,0.15527163352198786,1.8812175567722835
0.5126316666666667,60.0,0.1552600798629924,1.8799015263798855
0.51304375,60.0,0.15524737991769796,1.8792291711744569
0.5134558333333333,60.0,0.15523383003135113,1.8792792376020768
0.5138679166666668,60.0,0.15521944466646434,1.8801341590006384
0.5142800000000001,60.0,0.15520437521660557,1.8819186360520317
0.5146920833333334,60.0,0.15518896322781564,1.884556449117064
0.5151041666666667,60.0,0.15517327401310546,1.8881280503707376
0.51551625,60.0,0.1551574670591629,1.892798466768272
0.5159283333333333,60.0,0.15514191163919508,1.8983423847367262
0.5163404166666667,60.0,0.15512671141033882,1.9047689923481892
0.5167525000000001,60.0,0.15511187430404916,1.9120336929830808
0.5171645833333334,60.0,0.1550976754657636,1.9200458986265843
0.5175766666666667,60.0,0.15508434032621096,1.9285716098794703
0.51798875,60.0,0.15507178127030938,1.9374928083638887
0.5184008333333334,60.0,0.15506009712554067,1.9466639373642058
0.5188129166666667,60.0,0.15504963087286916,1.9558780151696438
0.519225,60.0,0.15504040166876973,1.9650173330712204
0.5196370833333334,60.0,0.15503232783526424,1.9738264661748977
0.5200491666666667,60.0,0.15502552030793268,1.9822603650129607
0.52046125,60.0,0.15502010748818992,1.9900556045754227
0.5208733333333334,60.0,0.15501631222870849,1.9970611631839075
0.5212854166666667,60.0,0.1550142901185341,2.003261339393441
0.5216975,60.0,0.155014047888269,2.0084090574384392
0.5221095833333333,60.0,0.1550157155547359,2.012332084463943
0.5225216666666667,60.0,0.15501940970234035,2.0150067061329975
0.5229337500000001,60.0,0.15502511421399892,2.016245082982314
0.5233458333333334,60.0,0.15503284931811584,2.0160059940558317
0.5237579166666667,60.0,0.15504269538304088,2.0143204947922575
0.52417,60.0,0.15505460364617274,2.0110404828817257
0.5245820833333333,60.0,0.15506841934642673,2.0063495463814394
0.5249941666666668,60.0,0.1550842399497179,2.000189830762307
0.5254062500000001,60.0,0.1551021100006878,1.9926696381431968
0.5258183333333334,60.0,0.15512174983315252,1.9839877817219038
0.5262304166666667,60.0,0.1551432350862214,1.974142872205461
0.5266425,60.0,0.15516677177616725,1.963338204034743
0.5270545833333333,60.0,0.15519206678303388,1.9516394851652172
0.5274666666666668,60.0,0.1552189355642952,1.9392987057800903
0.5278787500000001,60.0,0.15524748894144758,1.926444778621246
0.5282908333333334,60.0,0.15527769166074618,1.9132140870251835
0.5287029166666667,60.0,0.15530948775996603,1.8998684017310965
0.529115,60.0,0.1553427721103751,1.8866067563435698
0.5295270833333334,60.0,0.15537734429502548,1.8736655227700603
0.5299391666666667,60.0,0.15541309352473806,1.8611842051445915
0.53035125,60.0,0.1554498530485107,1.8493757645842737
0.5307633333333334,60.0,0.15548740315847764,1.838485153726712
0.5311754166666667,60.0,0.15552559214200457,1.8285478037637501
0.5315875,60.0,0.15556427627256048,1.8197123429491846
0.5319995833333334,60.0,0.15560327307706354,1.8121813519017502
0.5324116666666667,60.0,0.1556423910833849,1.8058832313128663
0.53282375,60.0,0.1556815937735077,1.8009555969540372
0.5332358333333334,60.0,0.15572079189239516,1.7973817060749344
0.5336479166666667,60.0,0.15575971672017236,1.7952208551562454
0.5340600000000001,60.0,0.15579840588369911,1.7945245468024371
0.5344720833333334,60.0,0.15583689216288496,1.795139661735922
0.5348841666666667,60.0,0.15587473695378115,1.797070671376547
0.53529625,60.0,0.15591176942763776,1.800344875820165
0.5357083333333333,60.0,0.15594814401154428,1.8046453324056622
0.5361204166666667,60.0,0.1559836991993681,1.8099996303864228
0.5365325000000001,60.0,0.15601820269335925,1.8163200475948476
0.5369445833333334,60.0,0.156051553019661,1.8231938053474595
0.5373566666666667,60.0,0.15608361172243335,1.8306247859030023
0.53776875,60.0,0.1561142333796443,1.8384019396397386
0.5381808333333333,60.0,0.15614332754675064,1.8463440853381465
0.5385929166666668,60.0,0.15617083571439278,1.8542821607234423
0.5390050000000001,60.0,0.1561966870833387,1.8620505135000385
0.5394170833333334,60.0,0.1562208698593579,1.8695926172479176
0.5398291666666667,60.0,0.15624335871556835,1.8767141467875186
0.54024125,60.0,0.15626408070399714,1.8833024278017214
0.5406533333333334,60.0,0.15628310187525923,1.8893207478856038
0.5410654166666667,60.0,0.1563003667229531,1.894617353670707
0.5414775000000001,60.0,0.1563157392787325,1.8991084849762745
0.5418895833333334,60.0,0.15632934781172972,1.902798859329184
0.5423016666666667,60.0,0.15634109963322648,1.9055973404856041
0.54271375,60.0,0.1563506942800955,1.907541033733338
0.5431258333333334,60.0,0.15635821682777146,1.9086235670696803
0.5435379166666667,60.0,0.15636387131641635,1.9089260058918724
0.54395,60.0,0.15636757459476167,1.9085182458628174
0.5443620833333334,60.0,0.15636918577395884,1.9075574857231232
0.5447741666666667,60.0,0.15636883137716598,1.9061362950545149
0.5451862500000001,60.0,0.15636663075535973,1.9042721595923795
0.5455983333333334,60.0,0.1563625069714098,1.902224136520889
0.5460104166666667,60.0,0.15635660791429865,1.9001033330676453
0.5464225,60.0,0.15634913739690523,1.8979294994783444
0.5468345833333333,60.0,0.15634007375865305,1.895982796744644
0.5472466666666667,60.0,0.15632957406345382,1.8942818985104504
0.5476587500000001,60.0,0.15631777680981868,1.892913399939709
0.5480708333333334,60.0,0.15630467792987132,1.8921687481982228
0.5484829166666667,60.0,0.15629046096728857,1.891966496180857
0.548895,60.0,0.1562751867803698,1.8925271910906345
0.5493070833333333,60.0,0.15625889975362214,1.8939183249548457
0.5497191666666668,60.0,0.1562418275181247,1.8960898733191254
0.5501312500000001,60.0,0.15622395966389424,1.89921068037988
0.5505433333333334,60.0,0.15620531808577293,1.9031862040602734
0.5509554166666667,60.0,0.15618627836185658,1.908005902077237
0.5513675,60.0,0.15616711503584607,1.913633031819696
0.5517795833333333,60.0,0.15614782784981643,1.9200086726344823
0.5521916666666667,60.0,0.15612848937930052,1.9270051647304942
0.5526037500000001,60.0,0.15610941836171427,1.9345316456710158
0.5530158333333334,60.0,0.1560907835801301,1.9425091851911023
0.5534279166666667,60.0,0.1560725496843845,1.9507795224853155
0.55384,60.0,0.15605496519328327,1.9592187484726669
0.5542520833333334,60.0,0.15603824927615884,1.9676477981461993
0.5546641666666667,60.0,0.15602232948077022,1.9760304324264026
0.55507625,60.0,0.15600733379274612,1.9840846826999423
0.5554883333333334,60.0,0.15599342010639702,1.9916124230808998
0.5559004166666667,60.0,0.15598054773344255,1.998554426257754
0.5563125000000001,60.0,0.15596882879709503,2.0047235740904474
0.5567245833333334,60.0,0.1559583898024682,2.0098354320039857
0.5571366666666667,60.0,0.15594925936101128,2.0139590740284317
0.55754875,60.0,0.15594153328477217,2.0169032141023995
0.5579608333333334,60.0,0.1559352362176664,2.0184640826402855
0.5583729166666667,60.0,0.15593045753751983,2.0188251768201764
0.5587850000000001,60.0,0.15592744769113456,2.0177843074591433
0.5591970833333334,60.0,0.15592625970194116,2.015392088908376
0.5596091666666667,60.0,0.15592671662918228,2.0116441434535184
0.56002125,60.0,0.1559288248174005,2.006554186392504
0.5604333333333333,60.0,0.15593275794610098,2.0001430711986865
0.5608454166666668,60.0,0.15593839157044778,1.9924821364112433
0.5612575000000001,60.0,0.15594556119898745,1.9836899382438862
0.5616695833333334,60.0,0.1559544266186835,1.9738240189197322
0.5620816666666667,60.0,0.15596495800451982,1.9630393622264906
0.56249375,60.0,0.15597692830673035,1.951445778394197
0.5629058333333333,60.0,0.15599039008020799,1.939299096656013
0.5633179166666668,60.0,0.15600536152265507,1.9267250299819487
0.5637300000000001,60.0,0.1560216950939828,1.9139318009025876
0.5641420833333334,60.0,0.15603937617818014,1.9010647835971266
0.5645541666666667,60.0,0.15605841929628267,1.8883965616134588
0.56496625,60.0,0.15607872214892837,1.8760200690194373
0.5653783333333334,60.0,0.15610012257574454,1.8641575423437686
0.5657904166666667,60.0,0.15612257520284437,1.852925834895077
0.5662025,60.0,0.15614608012115933,1.84242146460172
0.5666145833333334,60.0,0.1561704991579162,1.832922964215676
0.5670266666666667,60.0,0.1561956534781242,1.8243870115985596
0.56743875,60.0,0.15622127797458818,1.816992580381251
0.5678508333333334,60.0,0.1562472345742452,1.8108417638504675
0.5682629166666667,60.0,0.15627356715642512,1.8058993237746512
0.568675,60.0,0.15629998065432466,1.802283829895494
0.5690870833333334,60.0,0.1563262842773722,1.8000646583996616
0.5694991666666667,60.0,0.1563526352407107,1.7990486738636688
0.5699112500000001,60.0,0.15637880716889996,1.7993678254127563
0.5703233333333334,60.0,0.15640454551390062,1.8008633197828574
0.5707354166666667,60.0,0.15642992219102925,1.8033571249384195
0.5711475,60.0,0.15645483596316673,1.8069964123419358
0.5715595833333333,60.0,0.15647909151144118,1.811400189021795
0.5719716666666668,60.0,0.1565026216489024,1.8165652129016812
0.5723837500000001,60.0,0.15652537040960002,1.8223884146670115
0.5727958333333334,60.0,0.1565471538962488,1.8286362528755935
0.5732079166666667,60.0,0.15656776996756175,1.8352470575576905
0.57362,60.0,0.1565872575163961,1.8420682980902157
0.5740320833333333,60.0,0.1566055790600533,1.848941532054842
0.5744441666666668,60.0,0.15662248846441662,1.8557073250082594
0.5748562500000001,60.0,0.15663789528687636,1.862242535169785
0.5752683333333334,60.0,0.15665172473464944,1.8684205322048641
0.5756804166666667,60.0,0.15666394625645444,1.874167327446733
0.5760925,60.0,0.15667463062465276,1.8792522266109022
0.5765045833333334,60.0,0.15668363686701475,1.8837815869136953
0.5769166666666667,60.0,0.15669096107679414,1.88764975173487
0.5773287500000001,60.0,0.15669677261837603,1.8907972870416965
0.5777408333333334,60.0,0.15670090038165635,1.8932680903096533
0.5781529166666667,60.0,0.1567032121065365,1.895071702569209
0.578565,60.0,0.15670386053471894,1.8963149272882711
0.5789770833333334,60.0,0.15670281758804674,1.896845516437512
0.5793891666666667,60.0,0.156699923161471,1.896977161125396
0.57980125,60.0,0.1566952324668236,1.8966630024536348
0.5802133333333334,60.0,0.15668880977490224,1.8959279530033564
0.5806254166666667,60.0,0.15668052002021748,1.8950098072471366
0.5810375000000001,60.0,0.15667039958355355,1.8938925837285925
0.5814495833333334,60.0,0.15665868903614105,1.8927937140763547
0.5818616666666667,60.0,0.15664537342150242,1.8918338169656608
0.58227375,60.0,0.1566303714084225,1.8910554849608703
0.5826858333333333,60.0,0.15661384012779286,1.890693449203898
0.5830979166666667,60.0,0.1565959061749064,1.8908081630333033
0.5835100000000001,60.0,0.15657667169310852,1.891431145807598
0.5839220833333334,60.0,0.1565562640726128,1.892852564662012
0.5843341666666667,60.0,0.15653472962937165,1.8949181324013111
0.58474625,60.0,0.15651221433568913,1.8977567448253487
0.5851583333333333,60.0,0.1564888516458796,1.9014211752052832
0.5855704166666668,60.0,0.15646460240530155,1.9058489436254733
0.5859825000000001,60.0,0.1564395442707843,1.9110775199769723
0.5863945833333334,60.0,0.15641391176802164,1.9170753112059036
0.5868066666666667,60.0,0.15638781979309807,1.9237523071887839
0.58721875,60.0,0.15636127291294805,1.9310830439292233
0.5876308333333334,60.0,0.1563344744228472,1.9390475123939872
0.5880429166666667,60.0,0.15630767910615775,1.9474070585861067
0.5884550000000001,60.0,0.1562808779072179,1.956173899413818
0.5888670833333334,60.0,0.1562542779150674,1.9651674380075452
0.5892791666666667,60.0,0.15622824403383015,1.9742132642485568
0.58969125,60.0,0.15620269539657614,1.9831921768642577
0.5901033333333334,60.0,0.15617765717659463,1.991942615844464
0.5905154166666667,60.0,0.15615344237907353,2.000284114627876
0.5909275,60.0,0.15613011568854526,2.008064754019723
0.5913395833333334,60.0,0.15610773271037467,2.015142188847599
0.5917516666666667,60.0,0.15608641552784663,2.0214034807360255
0.5921637500000001,60.0,0.15606620948979827,2.026794384775163
0.5925758333333334,60.0,0.15604722305291754,2.0310269264777716
0.5929879166666667,60.0,0.1560294641950086,2.034142821317059
0.5934,60.0,0.15601292697937716,2.0360670519152713
0.5938120833333334,60.0,0.15599775579310254,2.036653951625083
0.5942241666666667,60.0,0.1559840631934649,2.035925399270487
0.5946362500000001,60.0,0.15597190377099704,2.03382260855236
0.5950483333333334,60.0,0.1559612477204275,2.0303705711422158
0.5954604166666667,60.0,0.15595219573313052,2.0255710298740435
0.5958725,60.0,0.1559448851172444,2.019481824285908
0.5962845833333333,60.0,0.15593917593846573,2.0122010286780974
0.5966966666666668,60.0,0.1559351450214504,2.0038292976459133
0.5971087500000001,60.0,0.15593291924560154,1.9944261651354154
0.5975208333333334,60.0,0.15593221020279385,1.9841586919781349
0.5979329166666667,60.0,0.15593296833453124,1.9732258403351008
0.598345,60.0,0.15593538070083818,1.9616459019138328
0.5987570833333333,60.0,0.15593931788912066,1.949625644420755
0.5991691666666668,60.0,0.15594464778655887,1.9374138404222743
0.5995812500000001,60.0,0.1559514156681022,1.9250578771989666
0.5999933333333334,60.0,0.15595960280058985,1.9126937722942303
0.6004054166666667,60.0,0.15596908640824833,1.9006351889072188
0.6008175,60.0,0.1559797809136054,1.8889154072619752
0.6012295833333334,60.0,0.15599168509866082,1.8776857070623287
0.6016416666666667,60.0,0.15600476871312716,1.8671890693070774
0.60205375,60.0,0.15601898904957015,1.8574562078603918
0.6024658333333334,60.0,0.15603422702404815,1.8486625590597487
0.6028779166666667,60.0,0.1560503088057331,1.8408787348404545
0.60329,60.0,0.15606722047230864,1.834112629171921
0.6037020833333334,60.0,0.1560848546492155,1.8285042788723338
0.6041141666666667,60.0,0.1561029597042713,1.823992999259855
0.60452625,60.0,0.1561215050306325,1.8205849806727652
0.6049383333333334,60.0,0.15614037336090347,1.818347599170557
0.6053504166666667,60.0,0.15615925585216803,1.817074359265235
0.6057625000000001,60.0,0.1561781174824575,1.8168911443913383
0.6061745833333334,60.0,0.15619701255937773,1.817649639359616
0.6065866666666667,60.0,0.15621574821583592,1.8192173048519107
0.60699875,60.0,0.15623412542880138,1.8216862837532488
0.6074108333333333,60.0,0.1562521799825407,1.8247774087844006
0.6078229166666668,60.0,0.15626984957351345,1.8283719809990076
0.6082350000000001,60.0,0.15628684158302694,1.8324850579930756
0.6086470833333334,60.0,0.15630309612809248,1.836853314578331
0.6090591666666667,60.0,0.15631865733028388,1.841385183435223
0.60947125,60.0,0.15633332976786432,1.845985827898643
0.6098833333333333,60.0,0.1563469961795092,1.8504644975378806
0.6102954166666668,60.0,0.15635957472360595,1.854805142069774
0.6107075000000001,60.0,0.15637088609145042,1.8588224867036551
0.6111195833333334,60.0,0.15638094199473437,1.862539569883678
0.6115316666666667,60.0,0.1563896652171841,1.865803801215014
0.61194375,60.0,0.15639688331117427,1.868604429046293
0.6123558333333334,60.0,0.15640266912507575,1.8709548659757116
0.6127679166666667,60.0,0.15640694769427316,1.872735128026729
0.6131800000000001,60.0,0.15640958224450002,1.8740833558999765
0.6135920833333334,60.0,0.15641071254972327,1.8748725928673773
0.6140041666666667,60.0,0.15641038394572562,1.8751972412307307
0.61441625,60.0,0.15640846355938864,1.8751918913964023
0.6148283333333334,60.0,0.1564049066580667,1.8747921445232887
0.6152404166666667,60.0,0.15639980753680166,1.8741254960777762
0.6156525,60.0,0.15639313534140023,1.8733428598756767
0.6160645833333334,60.0,0.15638468478099085,1.872451300445487
0.6164766666666667,60.0,0.15637457482949088,1.8716626207466713
0.6168887500000001,60.0,0.15636298415510028,1.870996289244547
0.6173008333333334,60.0,0.15634972796820637,1.8706354032430423
0.6177129166666667,60.0,0.15633482811320398,1.8706791554830355
0.618125,60.0,0.15631843520987337,1.8710871570616632
0.6185370833333333,60.0,0.15630051841912873,1.8721406921369514
0.6189491666666667,60.0,0.1562812036130234,1.8738254247548245
0.6193612500000001,60.0,0.1562605919663769,1.8761311466185233
0.6197733333333334,60.0,0.1562386956209853,1.8792555544231146
0.6201854166666667,60.0,0.1562156727335307,1.8831755138213164
0.6205975,60.0,0.15619159395145443,1.8878317997193936
0.6210095833333333,60.0,0.15616652369357445,1.8933894883727855
0.6214216666666668,60.0,0.1561406598186744,1.8997431234041937
0.6218337500000001,60.0,0.15611409850687924,1.9068241440610367
0.6222458333333334,60.0,0.1560868260737352,1.9146661309924795
0.6226579166666667,60.0,0.15605893517915106,1.9231144267722102
0.62307,60.0,0.1560306495992898,1.932103720685727
0.6234820833333334,60.0,0.156001980545861,1.9414884189988317
0.6238941666666667,60.0,0.15597293158388534,1.9511980389668728
0.6243062500000001,60.0,0.15594387566997356,1.9610539757579226
0.6247183333333334,60.0,0.15591498047454164,1.970957525748581
0.6251304166666667,60.0,0.15588616800289518,1.9807523057938026
0.6255425,60.0,0.15585765417718556,1.990300808358135
0.6259545833333334,60.0,0.1558296738708254,1.999492693450268
0.6263666666666667,60.0,0.1558022898826776,2.0081092131382827
0.62677875,60.0,0.15577561030261056,2.016132979856749
0.6271908333333334,60.0,0.15574978330851988,2.0233138096768575
0.6276029166666667,60.0,0.15572489371711334,2.0296169484421487
0.6280150000000001,60.0,0.15570097677354333,2.0348995786706503
0.6284270833333334,60.0,0.15567814928536297,2.0390271242407465
0.6288391666666667,60.0,0.15565651555755658,2.041970155689342
0.62925125,60.0,0.15563610406436576,2.043676565184001
0.6296633333333334,60.0,0.15561700361970562,2.0441085498196085
0.6300754166666667,60.0,0.1555992108989176,2.043200611556432
0.6304875000000001,60.0,0.15558276005652513,2.0410617898837935
0.6308995833333334,60.0,0.15556783365990476,2.037597031997498
0.6313116666666667,60.0,0.15555436306386555,2.032986637065129
0.63172375,60.0,0.15554237009924188,2.0272236973376097
0.6321358333333333,60.0,0.1555321529522967,2.020375362745993
0.6325479166666668,60.0,0.15552361964279682,2.0125851576776275
0.6329600000000001,60.0,0.15551659194222386,2.003916001602762
0.6333720833333334,60.0,0.1555112432061637,1.9945037061400326
0.6337841666666667,60.0,0.15550761161927165,1.984482625970027
0.63419625,60.0,0.15550555751543962,1.9740064477978798
0.6346083333333333,60.0,0.15550505136542164,1.9631392368028142
0.6350204166666668,60.0,0.15550611645384285,1.952169307917793
0.6354325000000001,60.0,0.15550869027908854,1.941155077792365
0.6358445833333334,60.0,0.15551266323462506,1.9302389554438861
0.6362566666666667,60.0,0.15551807404613405,1.9196005583849285
0.63666875,60.0,0.1555249242730754,1.9093799352097365
0.6370808333333334,60.0,0.15553306764816532,1.8996030959297634
0.6374929166666667,60.0,0.15554249668387227,1.8904892724242623
0.637905,60.0,0.15555317285713086,1.8820437664573146
0.6383170833333334,60.0,0.15556497579233095,1.8743492012598997
0.6387291666666667,60.0,0.15557791716237376,1.867506426469984
0.6391412500000001,60.0,0.15559187717320086,1.8614403906631207
0.6395533333333334,60.0,0.15560676338249815,1.85641528919837
0.6399654166666667,60.0,0.15562263358709616,1.852194836034805
0.6403775,60.0,0.1556392065459644,1.8488424345943728
0.6407895833333334,60.0,0.15565623856670885,1.8464532836059513
0.6412016666666667,60.0,0.155673827098016,1.8448004689119124
0.6416137500000001,60.0,0.15569184992299048,1.8439235152816358
0.6420258333333334,60.0,0.15571003011484477,1.843759250473747
0.6424379166666667,60.0,0.15572830700001233,1.844148252412213
0.64285,60.0,0.15574667407439713,1.8450539001909931
0.6432620833333333,60.0,0.15576494491496962,1.8463676573152048
0.6436741666666668,60.0,0.15578297437201966,1.847941740117321
0.6440862500000001,60.0,0.1558008040871319,1.849798705162869
0.6444983333333334,60.0,0.15581829924016768,1.851681218942399
0.6449104166666667,60.0,0.15583525034725343,1.8536339957132864
0.6453225,60.0,0.15585164665405452,1.855525630873497
0.6457345833333333,60.0,0.15586737092234898,1.8572238365457827
0.6461466666666668,60.0,0.15588225832920885,1.8587548280087676
0.6465587500000001,60.0,0.15589626751174382,1.8599580639232405
0.6469708333333334,60.0,0.15590928913794683,1.8608845047447302
0.6473829166666667,60.0,0.15592125648403363,1.8613859687336496
0.647795,60.0,0.1559320876435863,1.8615342991547303
0.6482070833333334,60.0,0.15594158048590614,1.8612925237597444
0.6486191666666667,60.0,0.15594969103429637,1.8606337783219424
0.6490312500000001,60.0,0.15595650015392598,1.8596931468731044
0.6494433333333334,60.0,0.15596195860655404,1.8584073833446249
0.6498554166666667,60.0,0.15596590272587582,1.8569108126661533
0.6502675,60.0,0.1559683700676709,1.8553149980680685
0.6506795833333334,60.0,0.1559694958521934,1.8535933815525167
0.6510916666666667,60.0,0.1559691012431995,1.8518740719270257
0.65150375,60.0,0.15596714662173908,1.85034988746147
0.6519158333333334,60.0,0.1559638226621441,1.8489343741067084
0.6523279166666667,60.0,0.1559589616484633,1.8478717522792114
0.6527400000000001,60.0,0.15595248148436028,1.8471761512292282
0.6531520833333334,60.0,0.1559445359167733,1.8469335932666622
0.6535641666666667,60.0,0.15593505175115496,1.8473158318699359
0.65397625,60.0,0.15592401346845164,1.848255427507748
0.6543883333333333,60.0,0.15591153452978596,1.8499825187300143
0.6548004166666668,60.0,0.15589766085267293,1.8524998353738684
0.6552125000000001,60.0,0.155882439019308,1.8557813389957107
0.6556245833333334,60.0,0.15586586922049492,1.8599199418553878
0.6560366666666667,60.0,0.155848000826896,1.8649563716856585
0.65644875,60.0,0.15582900140681716,1.8707662788209605
0.6568608333333333,60.0,0.15580899291555844,1.8774269903655139
0.6572729166666668,60.0,0.15578802220498883,1.8848257820151633
0.6576850000000001,60.0,0.1557661043984403,1.8929200077563682
0.6580970833333334,60.0,0.15574340057457928,1.901669963209523
0.6585091666666667,60.0,0.15572009652845328,1.9109036618479565
0.65892125,60.0,0.1556961105709575,1.9206032399900534
0.6593333333333334,60.0,0.1556715489643168,1.9306387443210904
0.6597454166666668,60.0,0.15564668714670468,1.9408372799493534
0.6601575000000001,60.0,0.1556214603092514,1.9511104971498368
0.6605695833333334,60.0,0.1555959286826869,1.9613876502235639
0.6609816666666667,60.0,0.15557039436506717,1.9713816641291328
0.66139375,60.0,0.1555449035815237,1.98103306550458
0.6618058333333334,60.0,0.15551952334034488,1.990271145243476
0.6622179166666667,60.0,0.15549452151630952,1.9988711533574088
0.66263,60.0,0.15547001590678136,2.00672232803547
0.6630420833333334,60.0,0.15544601913577744,2.01378640458342
0.6634541666666667,60.0,0.15542263274482132,2.019909088332685
0.6638662500000001,60.0,0.15540002442827647,2.025009106593543
0.6642783333333334,60.0,0.15537832380469246,2.0290980396492255
0.6646904166666667,60.0,0.1553575915447967,2.0320236911021516
0.6651025,60.0,0.1553378634599036,2.0338672524361003
0.6655145833333334,60.0,0.15531918214251555,2.034514706946599
0.6659266666666667,60.0,0.15530168895618862,2.0340000983127626
0.6663387500000001,60.0,0.15528545622919068,2.0323785601474076
0.6667508333333334,60.0,0.1552704013036936,2.0296052439128864
0.6671629166666667,60.0,0.15525665864231677,2.0258249980493677
0.667575,60.0,0.15524438450112296,2.02103482832236
0.6679870833333333,60.0,0.1552334682577698,2.0153279466994802
0.6683991666666668,60.0,0.1552239714130211,2.008875586506354
0.6688112500000001,60.0,0.1552160729954079,2.0017099917346686
0.6692233333333334,60.0,0.15520972955636328,1.9939583355204726
0.6696354166666667,60.0,0.15520490934779135,1.9857977527518156
0.6700475,60.0,0.15520172323317083,1.9773319163939735
0.6704595833333334,60.0,0.15520016305277223,1.9685915732792132
0.6708716666666668,60.0,0.155200039236571,1.959815500644416
0.6712837500000001,60.0,0.1552013771051929,1.951089520763972
0.6716958333333334,60.0,0.15520431554230543,1.9424154800073075
0.6721079166666667,60.0,0.15520871203488906,1.9340459275441604
0.67252,60.0,0.15521448994318565,1.9260165500084
0.6729320833333334,60.0,0.15522167851343252,1.918350409337158
0.6733441666666667,60.0,0.1552301867099207,1.911255754312309
0.6737562500000001,60.0,0.15524004687511903,1.9046728358235294
0.6741683333333334,60.0,0.1552512042762922,1.8986958654038295
0.6745804166666667,60.0,0.15526349722317698,1.8934160070667456
0.6749925000000001,60.0,0.15527701627259805,1.8887107275841766
0.6754045833333334,60.0,0.15529170717601418,1.8847100939079717
0.6758166666666667,60.0,0.15530735422783334,1.8813585923507132
0.67622875,60.0,0.15532396416207747,1.8785272166337545
0.6766408333333334,60.0,0.15534150798351967,1.876320999022989
0.6770529166666667,60.0,0.1553598189251627,1.8746134736102165
0.6774650000000001,60.0,0.15537875929573,1.8733304505409398
0.6778770833333334,60.0,0.1553982819042969,1.8724611347299478
0.6782891666666667,60.0,0.15541825844327406,1.8718291452147968
0.67870125,60.0,0.15543842022867727,1.871517241623378
0.6791133333333333,60.0,0.15545878768446086,1.8713111514835474
0.6795254166666668,60.0,0.15547941334393148,1.8711685757278436
0.6799375000000001,60.0,0.15549998864425182,1.8710842542701906
0.6803495833333334,60.0,0.1555204051195349,1.8708812291732826
0.6807616666666667,60.0,0.15554070685026214,1.870545338369625
0.68117375,60.0,0.1555607164810383,1.87000330511641
0.6815858333333333,60.0,0.15558033240603783,1.869253351002371
0.6819979166666668,60.0,0.1555994712714691,1.868149676637256
0.6824100000000001,60.0,0.15561798513509487,1.8667742212765224
0.6828220833333334,60.0,0.15563584351574872,1.865117054203389
0.6832341666666667,60.0,0.1556529327592138,1.8630812393037988
0.68364625,60.0,0.15566906428037303,1.8607901667131317
0.6840583333333334,60.0,0.15568421770101404,1.858272747696137
0.6844704166666667,60.0,0.15569836972643195,1.8554459869694981
0.6848825000000001,60.0,0.15571135724614174,1.852508104889084
0.6852945833333334,60.0,0.15572309998135636,1.849483141607601
0.6857066666666667,60.0,0.15573362472784924,1.8463219076214168
0.68611875,60.0,0.1557428212870173,1.843288652006557
0.6865308333333334,60.0,0.15575058635502687,1.8403123605180614
0.6869429166666667,60.0,0.15575707965830787,1.8375681477627825
0.687355,60.0,0.1557623122390314,1.8351596602006885
0.6877670833333334,60.0,0.15576605452370673,1.8331166874440579
0.6881791666666667,60.0,0.1557683566584121,1.831583752545098
0.6885912500000001,60.0,0.1557693401358186,1.8306404122653273
0.6890033333333334,60.0,0.1557688845160517,1.830295533179143
0.6894154166666667,60.0,0.15576693448684528,1.8307443397881367
0.6898275,60.0,0.15576356247333759,1.8319155513813452
0.6902395833333334,60.0,0.1557587777652372,1.8338615871097763
0.6906516666666668,60.0,0.15575256478075444,1.8367354106773668
0.6910637500000001,60.0,0.15574495299145363,1.8403558176304975
0.6914758333333334,60.0,0.1557359771427156,1.8448721474623058
0.6918879166666667,60.0,0.15572569711294487,1.8502300525721966
0.6923,60.0,0.15571421676285033,1.8563646363406845
0.6927120833333333,60.0,0.15570155572462077,1.8632848840994638
0.6931241666666668,60.0,0.1556877323125683,1.8708988130257125
0.6935362500000001,60.0,0.1556729168780778,1.879144824835955
0.6939483333333334,60.0,0.155657138638531,1.8879312484410529
0.6943604166666667,60.0,0.15564042523589444,1.89718275499551
0.6947725,60.0,0.15562305858561387,1.9067356072389225
0.6951845833333334,60.0,0.15560502958350966,1.9165365867137274
0.6955966666666668,60.0,0.155586229200099,1.9264232751920214
0.6960087500000001,60.0,0.15556692830002547,1.936264894047229
0.6964208333333334,60.0,0.15554726185934295,1.9459514119442778
0.6968329166666667,60.0,0.15552717471524052,1.9553904983189054
0.697245,60.0,0.1555067875666962,1.9643817477588212
0.6976570833333334,60.0,0.15548629430897737,1.9729126413516265
0.6980691666666667,60.0,0.15546581363228568,1.9808755596906773
0.69848125,60.0,0.15544537179378884,1.9880362561630158
0.6988933333333334,60.0,0.15542511713977405,1.9945304688508754
0.6993054166666667,60.0,0.15540523640741533,2.0001081229183093
0.6997175000000001,60.0,0.15538576432583198,2.0047920927639287
0.7001295833333334,60.0,0.15536684232864967,2.008543790045606
0.7005416666666667,60.0,0.15534856653797943,2.0112665375112333
0.70095375,60.0,0.15533093211956944,2.0130499340400134
0.7013658333333334,60.0,0.1553141136155643,2.0137949744260064
0.7017779166666667,60.0,0.1552981722672019,2.013580058293236
0.7021900000000001,60.0,0.15528313083241538,2.012466421551727
0.7026020833333334,60.0,0.15526918167119091,2.0104726176866654
0.7030141666666667,60.0,0.1552562611521512,2.007595370372703
0.70342625,60.0,0.15524432046479866,2.0040560574034854
0.7038383333333333,60.0,0.15523361801001814,1.9998019901879192
0.7042504166666668,60.0,0.15522419343986024,1.9949559936001835
0.7046625000000001,60.0,0.15521593709523396,1.9896565458740254
0.7050745833333334,60.0,0.15520897304233192,1.9839379973161717
0.7054866666666667,60.0,0.15520346284024547,1.9779275899537103
0.70589875,60.0,0.15519934660543153,1.9717262153639332
0.7063108333333334,60.0,0.1551965618518096,1.965452851825056
0.7067229166666668,60.0,0.15519524210680807,1.9591261123146062
0.7071350000000001,60.0,0.15519539616124242,1.9529648062487017
0.7075470833333334,60.0,0.15519692612960642,1.9468944557411076
0.7079591666666667,60.0,0.15519987107265448,1.941136618786677
0.70837125,60.0,0.15520419828077764,1.935665808799866
0.7087833333333334,60.0,0.15520982876293016,1.9304970417309721
0.7091954166666667,60.0,0.1552168058510284,1.9257884268658152
0.7096075000000001,60.0,0.15522511566744546,1.9214449379418057
0.7100195833333334,60.0,0.155234706134585,1.9175320858482348
0.7104316666666667,60.0,0.15524555923650354,1.9140863821316774
0.7108437500000001,60.0,0.15525757742484425,1.911004549947717
0.7112558333333334,60.0,0.15527071332247747,1.9083352497345838
0.7116679166666667,60.0,0.1552850304949749,1.9060859775524424
0.71208,60.0,0.15530045076839,1.9040889174309068
0.7124920833333334,60.0,0.1553167866929761,1.9024513752941703
0.7129041666666667,60.0,0.15533405688107652,1.9010296137207627
0.7133162500000001,60.0,0.15535229581344046,1.8997688291425698
0.7137283333333334,60.0,0.15537124056952215,1.8986210810209005
0.7141404166666667,60.0,0.15539074832100386,1.897514869092838
0.7145525,60.0,0.1554109131189141,1.8964223212526574
0.7149645833333333,60.0,0.15543155123121044,1.8951695379842766
0.7153766666666668,60.0,0.15545245054697693,1.8938340269996674
0.7157887500000001,60.0,0.15547363541782377,1.8922721760864918
0.7162008333333334,60.0,0.15549496839824567,1.890483763790805
0.7166129166666667,60.0,0.1555163047119614,1.8884158036682548
0.717025,60.0,0.15553765340938183,1.8860460677400293
0.7174370833333333,60.0,0.15555890646167966,1.8834025850791656
0.7178491666666668,60.0,0.1555799340690011,1.8804177482188045
0.7182612500000001,60.0,0.155600629841903,1.8771186744437216
0.7186733333333334,60.0,0.15562087451233034,1.873553497886229
0.7190854166666667,60.0,0.15564062735851564,1.8697247439005593
0.7194975,60.0,0.15565980497559376,1.865612573883211
0.7199095833333334,60.0,0.15567826625661582,1.8614118570635039
0.7203216666666667,60.0,0.1556958994736032,1.8570325175488385
0.7207337500000001,60.0,0.15571266633201367,1.8526247506492592
0.7211458333333334,60.0,0.15572854774631295,1.848280613360655
0.7215579166666667,60.0,0.15574332525117254,1.8439618244125942
0.7219700000000001,60.0,0.1557569234458489,1.8399639221065596
0.7223820833333334,60.0,0.15576950801481185,1.8361601982470337
0.7227941666666667,60.0,0.15578089590673944,1.8327294730724606
0.72320625,60.0,0.15579094413648065,1.8298458220019322
0.7236183333333334,60.0,0.15579981822113215,1.8273986996289504
0.7240304166666667,60.0,0.15580743264428132,1.825561624551985
0.7244425000000001,60.0,0.15581370584307713,1.8244742524049042
0.7248545833333334,60.0,0.15581874309667754,1.8240359274713838
0.7252666666666667,60.0,0.15582249679829935,1.8244063179992156
0.72567875,60.0,0.15582487694943428,1.825594581191637
0.7260908333333334,60.0,0.1558258847499599,1.8275731229152266
0.7265029166666668,60.0,0.15582556428583808,1.8304500090839906
0.7269150000000001,60.0,0.1558239313101384,1.834103035813586
0.7273270833333334,60.0,0.15582096465041873,1.8386208044458323
0.7277391666666667,60.0,0.15581668988740913,1.8438945794613408
0.72815125,60.0,0.1558111383932629,1.8498966681988267
0.7285633333333333,60.0,0.1558043851672515,1.8565944788708715
0.7289754166666668,60.0,0.1557964827418311,1.8638575608808723
0.7293875000000001,60.0,0.15578737598019565,1.8716432444650355
0.7297995833333334,60.0,0.15577720664255063,1.8798782669515346
0.7302116666666667,60.0,0.15576615565199203,1.8883930574049472
0.73062375,60.0,0.1557541321953133,1.8971561540218516
0.7310358333333334,60.0,0.15574117817103633,1.9060469799014066
0.7314479166666668,60.0,0.15572751618896122,1.9149358536950396
0.7318600000000001,60.0,0.15571316986696696,1.9237150877556715
0.7322720833333334,60.0,0.15569813439030647,1.9322817531059917
0.7326841666666667,60.0,0.15568257423359333,1.940607323590382
0.73309625,60.0,0.1556665743823724,1.9484158667187004
0.7335083333333334,60.0,0.15565008401336441,1.9557826786423458
0.7339204166666667,60.0,0.15563324140887352,1.9625863711127214
0.7343325,60.0,0.15561626679676738,1.9686490116402788
0.7347445833333334,60.0,0.1555991550539469,1.974082557346218
0.7351566666666667,60.0,0.15558198640446264,1.9787384490806745
0.7355687500000001,60.0,0.15556495036476983,1.982593196905513
0.7359808333333334,60.0,0.15554809604366576,1.9856725501831491
0.7363929166666667,60.0,0.15553153693936186,1.9879270937065905
0.736805,60.0,0.15551536417960773,1.989392887699474
0.7372170833333334,60.0,0.15549959528335455,1.9901109411789988
0.7376291666666668,60.0,0.155484419842041,1.990037819150016
0.7380412500000001,60.0,0.15546993201084364,1.9892862331099463
0.7384533333333334,60.0,0.15545604640798225,1.9878997566516896
0.7388654166666667,60.0,0.15544288635897532,1.985895201769934
0.7392775,60.0,0.15543061961544713,1.9833629040028418
0.7396895833333333,60.0,0.15541922341455516,1.9804140373121786
0.7401016666666668,60.0,0.15540871300341202,1.9770759099783122
0.7405137500000001,60.0,0.15539921012381405,1.9734514949561823
0.7409258333333334,60.0,0.15539077038380827,1.9696247703530603
0.7413379166666667,60.0,0.15538333600246237,1.9656652664477128
0.74175,60.0,0.15537702288523025,1.961682922227405
0.7421620833333334,60.0,0.15537200428621487,1.9576776641069003
0.7425741666666668,60.0,0.15536815966705664,1.953784812338525
0.7429862500000001,60.0,0.15536549264044794,1.9500693781434253
0.7433983333333334,60.0,0.1553641794094986,1.9464615111907637
0.7438104166666667,60.0,0.1553641221778444,1.9431352611982082
0.7442225,60.0,0.15536527496058028,1.9400827845387725
0.7446345833333334,60.0,0.1553677134635947,1.9372243313836677
0.7450466666666667,60.0,0.15537137602602458,1.9347313251136127
0.7454587500000001,60.0,0.1553762978797941,1.9325100789310532
0.7458708333333334,60.0,0.15538245735893896,1.930512457423306
0.7462829166666667,60.0,0.1553897212402396,1.928847638111791
0.7466950000000001,60.0,0.15539816456788189,1.927364464934214
0.7471070833333334,60.0,0.1554078242115291,1.9260705073488436
0.7475191666666667,60.0,0.15541856530042344,1.9249503866119837
0.74793125,60.0,0.15543034447593476,1.923912732502974
0.7483433333333334,60.0,0.15544319164630413,1.9229197720261482
0.7487554166666667,60.0,0.15545703352344353,1.9219047196981491
0.7491675000000001,60.0,0.15547173439741346,1.9208403970355188
0.7495795833333334,60.0,0.1554873344108855,1.9196449577221808
0.7499916666666667,60.0,0.1555038279410885,1.9182847286479698
0.75040375,60.0,0.15552095498291443,1.916705970364192
0.7508158333333333,60.0,0.15553867718383035,1.9148859644432878
0.7512279166666668,60.0,0.15555703443004443,1.9127242787405536
0.7516400000000001,60.0,0.15557579339104596,1.9102741231916707
0.7520520833333334,60.0,0.15559483585386485,1.9074667074240934
0.7524641666666667,60.0,0.1556141754232168,1.9042861069837425
0.75287625,60.0,0.15563371677954269,1.900743059530273
0.7532883333333334,60.0,0.15565332671777007,1.8968353472884072
0.7537004166666668,60.0,0.1556729142879153,1.8926443840386191
0.7541125000000001,60.0,0.15569241072503182,1.8880594601755947
0.7545245833333334,60.0,0.15571174673242083,1.883297872894536
0.7549366666666667,60.0,0.155730863295943,1.8782924991413994
0.75534875,60.0,0.15574962258342098,1.8731121839371954
0.7557608333333334,60.0,0.1557678883814487,1.86791953584463
0.7561729166666668,60.0,0.1557856743342533,1.8626500036887395
0.7565850000000001,60.0,0.1558028574747216,1.857464606940282
0.7569970833333334,60.0,0.1558192629536426,1.8524602009593365
0.7574091666666667,60.0,0.15583497391634035,1.8476199264207154
0.7578212500000001,60.0,0.1558498867221944,1.8431305114509204
0.7582333333333334,60.0,0.1558637698691404,1.8390549089297217
0.7586454166666667,60.0,0.15587670525847505,1.8353338674280346
0.7590575,60.0,0.15588868647427018,1.8322840685621777
0.7594695833333334,60.0,0.15589952947536106,1.8297529321232822
0.7598816666666667,60.0,0.15590923971200174,1.8278934777318845
0.7602937500000001,60.0,0.1559178929197884,1.8268145634711666
0.7607058333333334,60.0,0.15592543750131663,1.8264159118829302
0.7611179166666667,60.0,0.15593176333230968,1.8268461522409039
0.76153,60.0,0.15593689049452292,1.8280634765134418
0.7619420833333334,60.0,0.15594088373241735,1.830065915017197
0.7623541666666668,60.0,0.15594366485749867,1.832883363086273
0.7627662500000001,60.0,0.15594522345950826,1.836432769041298
0.7631783333333334,60.0,0.15594557704244003,1.840706344624291
0.7635904166666667,60.0,0.15594466682614297,1.845698884594577
0.7640025,60.0,0.1559425754174625,1.8512489435742683
0.7644145833333333,60.0,0.1559393177896617,1.8573953524867963
0.7648266666666668,60.0,0.15593484255258594,1.8640070608894992
0.7652387500000001,60.0,0.15592930911571892,1.871025059439926
0.7656508333333334,60.0,0.15592272006988242,1.8783338020828397
0.7660629166666667,60.0,0.1559149852293496,1.8858546943135668
0.766475,60.0,0.1559063150782234,1.8935364736430302
0.7668870833333334,60.0,0.15589677418522857,1.9011384705424574
0.7672991666666668,60.0,0.15588626454069218,1.90876755197848
0.7677112500000001,60.0,0.1558749529423955,1.9161644385923282
0.7681233333333334,60.0,0.155862985160134,1.92329884708959
0.7685354166666667,60.0,0.15585031017916698,1.9301423722232112
0.7689475,60.0,0.15583693479485672,1.936512949024087
0.7693595833333334,60.0,0.1558230229752681,1.9424470672404404
0.7697716666666667,60.0,0.15580868093014308,1.9478296922976908
0.7701837500000001,60.0,0.15579387044331275,1.9526331020348764
0.7705958333333334,60.0,0.15577869059120872,1.9568344642659576
0.7710079166666667,60.0,0.1557632766998164,1.9604165112089922
0.7714200000000001,60.0,0.15574764751248735,1.9632966091980235
0.7718320833333334,60.0,0.1557319399567306,1.9655994864433715
0.7722441666666667,60.0,0.1557162606397376,1.9672294002716155
0.77265625,60.0,0.15570064732804728,1.9682419149589645
0.7730683333333334,60.0,0.15568525220912277,1.9687418556411953
0.7734804166666668,60.0,0.1556701171975167,1.9686203394813575
0.7738925000000001,60.0,0.15565526117191575,1.9680685418400072
0.7743045833333334,60.0,0.15564086008747888,1.9670888443917742
0.7747166666666667,60.0,0.15562696737848825,1.9657292067666023
0.77512875,60.0,0.15561356153747186,1.9640449900518455
0.7755408333333333,60.0,0.15560078137810776,1.9621876550230797
0.7759529166666668,60.0,0.15558875316361617,1.9600945830715946
0.7763650000000001,60.0,0.15557739944816745,1.9579003923654055
0.7767770833333334,60.0,0.15556673264556717,1.9556992905712918
0.7771891666666667,60.0,0.15555699540588333,1.953445991842389
0.77760125,60.0,0.15554818171799592,1.951293841170138
0.7780133333333334,60.0,0.15554019547015852,1.9492178927375508
0.7784254166666668,60.0,0.1555332265272913,1.9473082849626013
0.7788375000000001,60.0,0.15552731725845956,1.945578096770025
0.7792495833333334,60.0,0.15552242156125828,1.9440389605948172
0.7796616666666667,60.0,0.15551864978516117,1.9426894364298186
0.78007375,60.0,0.15551600191538417,1.9416330013114382
0.7804858333333334,60.0,0.15551447429274037,1.9407143148191228
0.7808979166666667,60.0,0.1555140880442287,1.9400190966635866
0.7813100000000001,60.0,0.15551479758943004,1.9395232359393266
0.7817220833333334,60.0,0.1555166209290492,1.939103159021245
0.7821341666666667,60.0,0.15551956258494123,1.9388436037823833
0.7825462500000001,60.0,0.15552360044688712,1.9386157662112007
0.7829583333333334,60.0,0.15552870751568965,1.938409182219106
0.7833704166666667,60.0,0.1555348756954546,1.9381747166441767
0.7837825,60.0,0.1555421309040961,1.9378472757412204
0.7841945833333334,60.0,0.15555034154042346,1.9373619099971318
0.7846066666666667,60.0,0.1555594678721997,1.9367541141940678
0.7850187500000001,60.0,0.1555696609115703,1.9358459080673687
0.7854308333333334,60.0,0.15558075354224393,1.934661373153836
0.7858429166666667,60.0,0.15559257335413212,1.9332102447196766
0.786255,60.0,0.15560526656403442,1.9313438392165054
0.7866670833333334,60.0,0.15561873237730506,1.9291049222365217
0.7870791666666668,60.0,0.1556327835297836,1.9264691498119086
0.7874912500000001,60.0,0.1556474545247485,1.923440844596376
0.7879033333333334,60.0,0.15566266178914656,1.9199387514293156
0.7883154166666667,60.0,0.15567826202538715,1.9161003813676072
0.7887275,60.0,0.15569419133128687,1.911843284295221
0.7891395833333334,60.0,0.1557103746772684,1.9072082891915028
0.7895516666666668,60.0,0.15572673650081653,1.902326233118161
0.7899637500000001,60.0,0.15574320239696132,1.8971005645076084
0.7903758333333334,60.0,0.15575970242203635,1.8917074846613975
0.7907879166666667,60.0,0.15577615888162616,1.886174234471115
0.7912,60.0,0.15579248924912506,1.8805131682140044
0.7916120833333334,60.0,0.1558086245442794,1.8748902594632264
0.7920241666666668,60.0,0.15582443508558216,1.8693119248576258
0.7924362500000001,60.0,0.15583987320712392,1.863873833185879
0.7928483333333334,60.0,0.15585496070463772,1.8587176897661086
0.7932604166666667,60.0,0.15586948744941706,1.8537894321513813
0.7936725000000001,60.0,0.1558833315861552,1.8493128161171961
0.7940845833333334,60.0,0.15589660291127197,1.8453170824526057
0.7944966666666667,60.0,0.15590917140414098,1.8417232282247273
0.79490875,60.0,0.15592086313653228,1.838858967697591
0.7953208333333334,60.0,0.15593174338294782,1.8365619198364544
0.7957329166666667,60.0,0.15594178711144943,1.8349111799802498
0.7961450000000001,60.0,0.15595085034442013,1.8340286493416202
0.7965570833333334,60.0,0.155958920201831,1.8338313940110167
0.7969691666666667,60.0,0.15596605219019358,1.834381103819787
0.79738125,60.0,0.1559721785485814,1.835661300775689
0.7977933333333334,60.0,0.1559772528900564,1.8376902083899693
0.7982054166666668,60.0,0.15598134155328813,1.840401265118626
0.7986175000000001,60.0,0.15598437339133028,1.8437769838532165
0.7990295833333334,60.0,0.15598630869708888,1.8477871571419258
0.7994416666666667,60.0,0.15598719647347462,1.8523447868110445
0.79985375,60.0,0.15598697001683906,1.8574148339073677
0.8002658333333333,60.0,0.15598568611605776,1.862910686674971
0.8006779166666668,60.0,0.1559833910838642,1.8687130050701113
0.8010900000000001,60.0,0.15597995780544788,1.874855180710537
0.8015020833333334,60.0,0.15597547459265254,1.8811265784905042
0.8019141666666667,60.0,0.15597007408630872,1.8874882156831372
0.80232625,60.0,0.15596367948555015,1.8939150931755138
0.8027383333333334,60.0,0.15595630212855457,1.9002266542273394
0.8031504166666668,60.0,0.1559480649417167,1.906425089390201
0.8035625000000001,60.0,0.1559390353801688,1.9123985297378772
0.8039745833333334,60.0,0.15592915807640395,1.9180703134365262
0.8043866666666667,60.0,0.15591848770351613,1.9234311871076075
0.8047987500000001,60.0,0.1559072241632347,1.928361734629358
0.8052108333333334,60.0,0.1558953069916251,1.9328396225240718
0.8056229166666667,60.0,0.15588274470298738,1.9369167223274504
0.8060350000000001,60.0,0.15586974187111244,1.9403896818283515
0.8064470833333334,60.0,0.1558562368560131,1.9434062701105121
0.8068591666666667,60.0,0.15584225806749563,1.945930080549072
0.8072712500000001,60.0,0.1558279868880982,1.947866107829742
0.8076833333333334,60.0,0.1558134252978841,1.9493915174626304
0.8080954166666667,60.0,0.15579867122012214,1.9504305860394682
0.8085075,60.0,0.15578381886781895,1.9510114555587577
0.8089195833333334,60.0,0.15576886169412527,1.9512435917365074
0.8093316666666668,60.0,0.15575396619475812,1.9511355417226506
0.8097437500000001,60.0,0.15573924499156525,1.9506881215862468
0.8101558333333334,60.0,0.1557246701488259,1.9500544724121478
0.8105679166666667,60.0,0.15571031986625208,1.9492210588228192
0.81098,60.0,0.155696346347376,1.948239016440007
0.8113920833333333,60.0,0.1556827892108707,1.9472019826299025
0.8118041666666668,60.0,0.15566960586647596,1.9461440141839779
0.8122162500000001,60.0,0.15565693052699917,1.945101656870237
0.8126283333333334,60.0,0.1556449153235568,1.9441406356063118
0.8130404166666667,60.0,0.15563347722777054,1.943292511057986
0.8134525,60.0,0.1556226664502304,1.942592251467955
0.8138645833333334,60.0,0.15561265768038987,1.9420517016458116
0.8142766666666668,60.0,0.15560338676604385,1.9416791850021236
0.8146887500000001,60.0,0.15559487566966862,1.9415301055234613
0.8151008333333334,60.0,0.15558729433614094,1.9415503468438902
0.8155129166666667,60.0,0.15558064099655475,1.941727824539956
0.815925,60.0,0.1555748972875393,1.9421076670352673
0.8163370833333334,60.0,0.1555701264201889,1.942621675277681
0.8167491666666667,60.0,0.15556635694391377,1.943201858595399
0.8171612500000001,60.0,0.15556360542007383,1.9439073099657616
0.8175733333333334,60.0,0.1555618857492427,1.9446162797037425
0.8179854166666667,60.0,0.15556115845344312,1.945291544572106
0.8183975000000001,60.0,0.1555614132976957,1.945957015970009
0.8188095833333334,60.0,0.15556271968939261,1.9464296369807261
0.8192216666666667,60.0,0.15556502289141524,1.9467821556913392
0.81963375,60.0,0.15556821397619858,1.9468908627506933
0.8200458333333334,60.0,0.15557241171352024,1.9467173481320352
0.8204579166666668,60.0,0.15557763085056858,1.9462514824364174
0.8208700000000001,60.0,0.15558367618417562,1.9454053259085755
0.8212820833333334,60.0,0.15559060229441055,1.9441783889009094
0.8216941666666667,60.0,0.1555984536694915,1.9425076811361441
0.82210625,60.0,0.1556070575274389,1.9404531488792793
0.8225183333333334,60.0,0.15561641358333342,1.9378851741166543
0.8229304166666668,60.0,0.15562655814628593,1.9349083122856487
0.8233425000000001,60.0,0.1556373750047692,1.9314983369900387
0.8237545833333334,60.0,0.15564875044966056,1.9276052035588582
0.8241666666666667,60.0,0.15566065254789402,1.9233713027985722
0.82457875,60.0,0.1556730788525479,1.918732389476901
0.8249908333333335,60.0,0.15568588642103487,1.9137545595250265
0.8254029166666668,60.0,0.15569897538281807,1.9085322841085521
0.8258150000000001,60.0,0.15571235100933697,1.90306364969292
0.8262270833333334,60.0,0.15572588637702575,1.897435736047808
0.8266391666666667,60.0,0.15573954388648978,1.8917820066877364
0.82705125,60.0,0.15575326844188425,1.8860132499362097
0.8274633333333334,60.0,0.15576689564176405,1.8804194872872426
0.8278754166666668,60.0,0.1557805023406229,1.87492571625596
0.8282875000000001,60.0,0.15579401301289558,1.869614774271319
0.8286995833333334,60.0,0.15580718096851667,1.8646982430953967
0.8291116666666667,60.0,0.15582008047018236,1.860042293532061
0.8295237500000001,60.0,0.1558326751451172,1.8558708625421438
0.8299358333333334,60.0,0.15584475890142133,1.8521908539009182
0.8303479166666667,60.0,0.15585635565598416,1.8490360134799577
0.83076,60.0,0.15586745531409457,1.8464802708246648
0.8311720833333334,60.0,0.15587791231533088,1.8445592991551665
0.8315841666666667,60.0,0.1558876415122892,1.843267347299709
0.8319962500000001,60.0,0.15589667390177478,1.8426832821305499
0.8324083333333334,60.0,0.15590500608555055,1.8427319088548557
0.8328204166666667,60.0,0.15591248000152239,1.8434833035391265
0.8332325,60.0,0.15591910005803092,1.8448851105318798
0.8336445833333334,60.0,0.15592493364239404,1.8468922850976888
0.8340566666666668,60.0,0.15592986801481648,1.8495345834780192
0.8344687500000001,60.0,0.15593390521952064,1.8526749678222076
0.8348808333333334,60.0,0.15593705432759242,1.856364949991546
0.8352929166666667,60.0,0.1559392631328661,1.860442221567698
0.835705,60.0,0.15594059370726338,1.8649363706836952
0.8361170833333335,60.0,0.15594099426804559,1.8697169456932334
0.8365291666666668,60.0,0.1559403783263014,1.8746964575938196
0.8369412500000001,60.0,0.15593884123190654,1.879897917664803
0.8373533333333334,60.0,0.1559364090499834,1.885128940969147
0.8377654166666667,60.0,0.15593300355207315,1.890362010078827
0.8381775,60.0,0.15592868574139063,1.8955818044850825
0.8385895833333334,60.0,0.15592354757099483,1.9006398950849803
0.8390016666666668,60.0,0.15591751355499026,1.905468711160134
0.8394137500000001,60.0,0.15591058492229143,1.9101358657161114
0.8398258333333334,60.0,0.1559029483688277,1.9144148095483207
0.8402379166666667,60.0,0.15589458740053505,1.9184104930356036
0.8406500000000001,60.0,0.1558854146921816,1.9220319451032333
0.8410620833333334,60.0,0.15587561141250741,1.9252256602966167
0.8414741666666667,60.0,0.15586524532365087,1.9280876264518563
0.8418862500000001,60.0,0.15585424406671836,1.9304578582472351
0.8422983333333334,60.0,0.1558427082860569,1.9324701932008859
0.8427104166666667,60.0,0.1558307103265816,1.9340988615962338
0.8431225000000001,60.0,0.1558182788147152,1.9353198568161902
0.8435345833333334,60.0,0.15580548650577042,1.9362113677540607
0.8439466666666667,60.0,0.1557923403810544,1.9368098500846174
0.84435875,60.0,0.1557789066926834,1.9370910565787558
0.8447708333333334,60.0,0.15576530061435365,1.9371790929030928
0.8451829166666668,60.0,0.15575157968656336,1.9370844698989154
0.8455950000000001,60.0,0.15573779287378975,1.9368198725656869
0.8460070833333334,60.0,0.1557240091528098,1.9365477443562131
0.8464191666666667,60.0,0.1557103433389157,1.9361550481128467
0.84683125,60.0,0.15569680751304393,1.9358358052642795
0.8472433333333333,60.0,0.15568342674765492,1.9355560576066981
0.8476554166666668,60.0,0.15567040908258467,1.9353656318978778
0.8480675000000001,60.0,0.15565773460122234,1.93528561556921
0.8484795833333334,60.0,0.15564533170720415,1.9353837837545644
0.8488916666666667,60.0,0.15563345938029874,1.9356618571941515
0.84930375,60.0,0.1556221393449208,1.9360588424176095
0.8497158333333334,60.0,0.15561126021347457,1.9367327255138165
0.8501279166666668,60.0,0.15560100930255655,1.9375316499589732
0.8505400000000001,60.0,0.1555914502430431,1.9385250871496826
0.8509520833333334,60.0,0.15558256325621328,1.9397006485215555
0.8513641666666667,60.0,0.15557441103064407,1.9409839520262426
0.85177625,60.0,0.15556701276561163,1.9423770838592498
0.8521883333333334,60.0,0.15556044101053335,1.9438582128916337
0.8526004166666667,60.0,0.15555473673413361,1.9453279207450447
0.8530125000000001,60.0,0.15554991290004402,1.9468077671466915
0.8534245833333334,60.0,0.15554599579527978,1.9482015021581074
0.8538366666666667,60.0,0.15554297177526547,1.9494693224296962
0.8542487500000001,60.0,0.15554088492817736,1.9505765930902963
0.8546608333333334,60.0,0.15553970528062658,1.9514177590087152
0.8550729166666667,60.0,0.1555394060177631,1.952043970873297
0.855485,60.0,0.15554008582358475,1.9522968635690738
0.8558970833333334,60.0,0.1555416369274094,1.9522014727287254
0.8563091666666668,60.0,0.1555439954825136,1.9517164080792067
0.8567212500000001,60.0,0.15554731516223083,1.9508106571646846
0.8571333333333334,60.0,0.15555149707774027,1.9494120898131415
0.8575454166666667,60.0,0.15555640950385757,1.9475707682936028
0.8579575,60.0,0.15556215664873405,1.9452944477310226
0.8583695833333334,60.0,0.15556874048309888,1.9424593787672453
0.8587816666666668,60.0,0.15557601656009545,1.9392235425116076
0.8591937500000001,60.0,0.15558393827169065,1.935556937272815
0.8596058333333334,60.0,0.1555925497156846,1.9314242148353353
0.8600179166666667,60.0,0.1556017755387417,1.9269500420190304
0.86043,60.0,0.15561151885797067,1.9221733004414168
0.8608420833333335,60.0,0.15562178874955004,1.9170531595919336
0.8612541666666668,60.0,0.1556324737411206,1.9117913852765782
0.8616662500000001,60.0,0.15564348716305737,1.906322381067977
0.8620783333333334,60.0,0.1556548404510513,1.9007613884453647
0.8624904166666667,60.0,0.15566640017449138,1.89525466489593
0.8629025,60.0,0.15567813021251772,1.8896986900059976
0.8633145833333334,60.0,0.15569002798124637,1.8843486527392084
0.8637266666666668,60.0,0.15570192872351205,1.8791868309575943
0.8641387500000001,60.0,0.15571381902213294,1.8742543236538183
0.8645508333333334,60.0,0.15572571608591476,1.8697205554126974
0.8649629166666667,60.0,0.15573746517612103,1.865521361908426
0.8653750000000001,60.0,0.15574898065257417,1.8618221796155183
0.8657870833333334,60.0,0.15576029392780455,1.858617744312284
0.8661991666666667,60.0,0.15577136057058022,1.855921461897395
0.86661125,60.0,0.15578200310460028,1.8538336805773388
0.8670233333333334,60.0,0.15579216884047442,1.8523321689996044
0.8674354166666667,60.0,0.15580194847585896,1.8514041046073986
0.8678475000000001,60.0,0.15581120541750382,1.8511221347150304
0.8682595833333334,60.0,0.15581981929705557,1.8514295055989163
0.8686716666666667,60.0,0.1558278799905618,1.8523038717102491
0.86908375,60.0,0.15583527386545096,1.8537482152065898
0.8694958333333334,60.0,0.15584192017006487,1.8557218111348899
0.8699079166666668,60.0,0.15584790788178401,1.8581625003793718
0.8703200000000001,60.0,0.15585314126755595,1.8610375719427688
0.8707320833333334,60.0,0.15585759533395185,1.8643224077356062
0.8711441666666667,60.0,0.15586131796748834,1.8678840296016757
0.87155625,60.0,0.15586420928072084,1.8717257923898065
0.8719683333333335,60.0,0.15586630330029158,1.8757903299788972
0.8723804166666668,60.0,0.1558676300143752,1.8799190473210894
0.8727925000000001,60.0,0.15586808149256057,1.8841465067459158
0.8732045833333334,60.0,0.15586768468031367,1.8884053096524516
0.8736166666666667,60.0,0.15586650868657562,1.8925126359598476
0.87402875,60.0,0.15586451565932075,1.896584238790804
0.8744408333333334,60.0,0.15586163310359513,1.900455176297016
0.8748529166666668,60.0,0.15585792757670894,1.9040807802833164
0.8752650000000001,60.0,0.15585353215571102,1.9075178749053436
0.8756770833333334,60.0,0.15584834691244584,1.9105982038345437
0.8760891666666667,60.0,0.15584235269954416,1.9134411153644864
0.8765012500000001,60.0,0.15583572866534096,1.915937022273704
0.8769133333333334,60.0,0.15582841649990598,1.918063736352555
0.8773254166666667,60.0,0.15582040330615474,1.9199438613039843
0.8777375000000001,60.0,0.15581185112033197,1.9214658801692177
0.8781495833333334,60.0,0.155802736913169,1.9226517431624144
0.8785616666666667,60.0,0.1557930675931182,1.9236542606188554
0.8789737500000001,60.0,0.1557829362349569,1.924329089446611
0.8793858333333334,60.0,0.15577236504001396,1.924816331482375
0.8797979166666667,60.0,0.1557613972651815,1.9251607584188983
0.88021,60.0,0.1557500784215829,1.9253164224859634
0.8806220833333334,60.0,0.1557384539041309,1.9254359682046611
0.8810341666666668,60.0,0.15572657767018863,1.9254758981880191
0.8814462500000001,60.0,0.15571454757755615,1.9255300291446888
0.8818583333333334,60.0,0.15570240264063714,1.9256091809222458
0.8822704166666667,60.0,0.1556901131773444,1.925787447121285
0.8826825,60.0,0.15567786663789163,1.9260508070940823
0.8830945833333333,60.0,0.15566577556216205,1.9264734680215279
0.8835066666666668,60.0,0.15565371971672,1.9270741592170342
0.8839187500000001,60.0,0.1556418275740691,1.9278309853428222
0.8843308333333334,60.0,0.15563025449368859,1.9288043905546495
0.8847429166666667,60.0,0.15561893140003855,1.929990812710506
0.885155,60.0,0.15560793013943652,1.9313336832650358
0.8855670833333334,60.0,0.1555973744308173,1.9329072764751412
0.8859791666666668,60.0,0.15558727354405164,1.9346416977527396
0.8863912500000001,60.0,0.15557763710950012,1.9364850735874612
0.8868033333333334,60.0,0.1555685355302956,1.9385089511046247
0.8872154166666667,60.0,0.15556006566539152,1.9405465870053629
0.8876275000000001,60.0,0.15555219673516807,1.942652121776991
0.8880395833333334,60.0,0.1555449602847211,1.9447606477706962
0.8884516666666668,60.0,0.15553848239366264,1.9467718031283765
0.8888637500000001,60.0,0.15553272901792503,1.9487196979045385
0.8892758333333334,60.0,0.15552774040374412,1.9504861432184195
0.8896879166666667,60.0,0.1555235669224046,1.9520411135873075
0.8901000000000001,60.0,0.15552014446678075,1.9533480290923317
0.8905120833333334,60.0,0.15551760504179432,1.9543593101390664
0.8909241666666667,60.0,0.15551595388619413,1.9549846065244199
0.89133625,60.0,0.1555150216528873,1.955269568813273
0.8917483333333334,60.0,0.1555149312329186,1.9551084456783823
0.8921604166666668,60.0,0.1555157343815955,1.9544776432116597
0.8925725000000001,60.0,0.15551728054890993,1.9534230861669495
0.8929845833333334,60.0,0.15551960857389538,1.9518702065287707
0.8933966666666667,60.0,0.15552277673645423,1.9498183740924762
0.89380875,60.0,0.1555266952521655,1.9473201486911382
0.8942208333333334,60.0,0.15553131239157475,1.944355599795188
0.8946329166666668,60.0,0.15553666457757456,1.940910280758164
0.8950450000000001,60.0,0.15554274310229477,1.9371340380729212
0.8954570833333334,60.0,0.15554943034996857,1.932901137959922
0.8958691666666667,60.0,0.15555671632424944,1.9283969378029795
0.89628125,60.0,0.15556465096742764,1.9236275188450205
0.8966933333333335,60.0,0.155573097372293,1.9185650117967015
0.8971054166666668,60.0,0.15558199638523612,1.9134617345753668
0.8975175000000001,60.0,0.1555913626423576,1.9081632071400267
0.8979295833333334,60.0,0.1556010956432745,1.9028845176302775
0.8983416666666667,60.0,0.15561118519073483,1.8976726445380256
0.89875375,60.0,0.15562156278696743,1.8925297522475022
0.8991658333333334,60.0,0.15563208165157172,1.8875682982128505
0.8995779166666668,60.0,0.15564279001038298,1.8828967061471154
0.8999900000000001,60.0,0.1556536661626304,1.8784624471308966
0.9004020833333334,60.0,0.15566454374120994,1.8744064799765747
0.9008141666666667,60.0,0.1556754201061338,1.8707984824872432
0.9012262500000001,60.0,0.15568631776240993,1.867568727939024
0.9016383333333334,60.0,0.1556971009995816,1.8648819594128736
0.9020504166666667,60.0,0.15570767713722009,1.8626606603524
0.9024625000000001,60.0,0.15571809946548434,1.8610052621899376
0.9028745833333334,60.0,0.15572829748291406,1.8598547181300475
0.9032866666666668,60.0,0.15573810283988654,1.8592595225378252
0.9036987500000001,60.0,0.15574757740192433,1.8591929130309868
0.9041108333333334,60.0,0.1557567091425883,1.8596330233183778
0.9045229166666667,60.0,0.15576531464722715,1.860565253567523
0.904935,60.0,0.15577341213888823,1.8619471261694458
0.9053470833333334,60.0,0.1557810107685478,1.863754603643642
0.9057591666666668,60.0,0.15578802848192222,1.8659294338268728
0.9061712500000001,60.0,0.15579445465772138,1.8684180367959098
0.9065833333333334,60.0,0.15580022329622106,1.871188122802135
0.9069954166666667,60.0,0.1558053214436067,1.8741854809343963
0.9074075,60.0,0.15580977997349932,1.8772809611439512
0.9078195833333335,60.0,0.15581355181524814,1.8805684417628394
0.9082316666666668,60.0,0.15581660721491478,1.8838180650740746
0.9086437500000001,60.0,0.1558189317363143,1.8870973639411222
0.9090558333333334,60.0,0.15582056764176827,1.8903501771242706
0.9094679166666667,60.0,0.15582146422470655,1.8933950619634072
0.90988,60.0,0.15582153964782253,1.8964165587768222
0.9102920833333334,60.0,0.15582093598978727,1.8991775798699844
0.9107041666666668,60.0,0.1558196100684916,1.901713678454388
0.9111162500000001,60.0,0.15581744058309746,1.9040834759881622
0.9115283333333334,60.0,0.15581461587986303,1.9061518630912435
0.9119404166666667,60.0,0.15581112373458644,1.9079448699187622
0.9123525000000001,60.0,0.15580683565452197,1.9095512491176327
0.9127645833333334,60.0,0.15580190505686853,1.910832019504685
0.9131766666666667,60.0,0.15579638465288337,1.9119082225131514
0.9135887500000001,60.0,0.1557902232084029,1.9127937563072297
0.9140008333333334,60.0,0.1557834654067008,1.9134213752816323
0.9144129166666667,60.0,0.15577614638847798,1.9139609992430893
0.9148250000000001,60.0,0.15576832713380456,1.9143132386959163
0.9152370833333334,60.0,0.15576003812577782,1.9146138193782543
0.9156491666666667,60.0,0.1557512965324439,1.9148431972627502
0.91606125,60.0,0.15574215390198315,1.9150570426319395
0.9164733333333334,60.0,0.15573263862811698,1.9153265241867425
0.9168854166666668,60.0,0.15572282440699167,1.9156040719600929
0.9172975000000001,60.0,0.1557127228074621,1.9160334818914864
0.9177095833333334,60.0,0.15570235061628662,1.9165555573763766
0.9181216666666667,60.0,0.15569186431254856,1.9172716049738012
0.91853375,60.0,0.15568126300674923,1.9181273607058567
0.9189458333333335,60.0,0.15567053136098347,1.9192126865624697
0.9193579166666668,60.0,0.1556598610979118,1.920525755409684
0.9197700000000001,60.0,0.15564926758666806,1.922000323845026
0.9201820833333334,60.0,0.15563869171882752,1.9237231325856388
0.9205941666666667,60.0,0.15562831227875054,1.9256789842168833
0.92100625,60.0,0.15561821793996783,1.9277512956441683
0.9214183333333335,60.0,0.1556083311652059,1.9300297141670741
0.9218304166666668,60.0,0.15559871887167193,1.9324774393494597
0.9222425000000001,60.0,0.15558951420107114,1.934937355084598
0.9226545833333334,60.0,0.15558072406142076,1.9375385966172094
0.9230666666666667,60.0,0.15557235201057074,1.9401177879743914
0.9234787500000001,60.0,0.155564487501636,1.9426781991463267
0.9238908333333334,60.0,0.15555715947977877,1.9451697422848835
0.9243029166666668,60.0,0.1555503793803065,1.947521050023567
0.9247150000000001,60.0,0.15554422680516455,1.9496918953823081
0.9251270833333334,60.0,0.1555386928898965,1.9516523610996241
0.9255391666666667,60.0,0.15553380644359452,1.9533278948464707
0.9259512500000001,60.0,0.1555296722853024,1.9546653555170945
0.9263633333333334,60.0,0.1555262299537594,1.9556842046580853
0.9267754166666667,60.0,0.15552348723531517,1.9562690634169573
0.9271875,60.0,0.15552154443580296,1.9564458139037846
0.9275995833333334,60.0,0.15552033142676347,1.9561704448131805
0.9280116666666668,60.0,0.1555198178001722,1.955429308181524
0.9284237500000001,60.0,0.1555200863379483,1.9542141390572956
0.9288358333333334,60.0,0.15552113012405763,1.9525296471134954
0.9292479166666667,60.0,0.15552284557901794,1.9503584134130025
0.92966,60.0,0.15552523013806652,1.9477689060811005
0.9300720833333334,60.0,0.15552839384415998,1.9447235159118716
0.9304841666666668,60.0,0.15553224661907925,1.9412611916113207
0.9308962500000001,60.0,0.1555366787241335,1.9375023967625218
0.9313083333333334,60.0,0.15554181008051096,1.933350870975544
0.9317204166666667,60.0,0.1555475718627391,1.9289664963290651
0.9321325,60.0,0.15555385104061298,1.9243824699419194
0.9325445833333335,60.0,0.15556073048049168,1.9195954444760168
0.9329566666666668,60.0,0.15556811211403074,1.9147453073815868
0.9333687500000001,60.0,0.15557594845097328,1.9098758836220693
0.9337808333333334,60.0,0.15558427922039203,1.9049779449414435
0.9341929166666667,60.0,0.1555929603136653,1.9002290516093887
0.934605,60.0,0.15560197519884167,1.8956200625637531
0.9350170833333334,60.0,0.1556113295133942,1.8911744421949666
0.9354291666666668,60.0,0.1556208962836572,1.8870516573792637
0.9358412500000001,60.0,0.1556306508849932,1.8832039795616007
0.9362533333333334,60.0,0.15564059403279365,1.879708828364701
0.9366654166666667,60.0,0.15565065379592072,1.8766176401940626
0.9370775000000001,60.0,0.15566072421953622,1.8739338713023073
0.9374895833333334,60.0,0.15567079590244207,1.8717157997436351
0.9379016666666667,60.0,0.15568092484789095,1.869917473609072
0.9383137500000001,60.0,0.15569094811109327,1.868619975792605
0.9387258333333334,60.0,0.15570077430372375,1.867784507703721
0.9391379166666668,60.0,0.15571051010728856,1.8673851346840158
0.9395500000000001,60.0,0.1557200291042481,1.8674358501675103
0.9399620833333334,60.0,0.15572920883546676,1.8679011771869214
0.9403741666666667,60.0,0.15573811780471886,1.8687661854471804
0.94078625,60.0,0.1557466858713042,1.8699536550831164
0.9411983333333334,60.0,0.15575482457962767,1.8714677348602475
0.9416104166666668,60.0,0.15576254567444647,1.8732741161729616
0.9420225000000001,60.0,0.15576978894737856,1.8752401792900997
0.9424345833333334,60.0,0.15577650475137597,1.8774337553706009
0.9428466666666667,60.0,0.15578269566149883,1.8797425193617383
0.94325875,60.0,0.15578832375799845,1.8820790966894685
0.9436708333333335,60.0,0.15579334937580808,1.8845205238638791
0.9440829166666668,60.0,0.15579779289284973,1.886884808759066
0.9444950000000001,60.0,0.15580162405408715,1.889200742229482
0.9449070833333334,60.0,0.1558047575289554,1.891467266309315
0.9453191666666667,60.0,0.15580727006741524,1.8935307853533685
0.94573125,60.0,0.1558091874748476,1.8954902967951808
0.9461433333333334,60.0,0.15581035766545326,1.8972861463336752
0.9465554166666668,60.0,0.1558108249983874,1.8988199003938198
0.9469675000000001,60.0,0.1558106906841249,1.9002454188880455
0.9473795833333334,60.0,0.15580984289783864,1.9014024703771208
0.9477916666666667,60.0,0.15580826299767875,1.9023730763306288
0.9482037500000001,60.0,0.1558060638392714,1.9032110016207442
0.9486158333333334,60.0,0.1558032323631213,1.9037951886860935
0.9490279166666667,60.0,0.15579972969702474,1.9043162239329037
0.9494400000000001,60.0,0.15579560623075958,1.904661915573666
0.9498520833333334,60.0,0.15579091646579227,1.9049397295209336
0.9502641666666667,60.0,0.15578564144642032,1.905159592329759
0.9506762500000001,60.0,0.155779806517048,1.9053488394805544
0.9510883333333334,60.0,0.1557735012449493,1.9055672429800115
0.9515004166666667,60.0,0.15576670496730466,1.9058150446848836
0.9519125,60.0,0.155759445875936,1.9061743997302178
0.9523245833333334,60.0,0.15575180660542154,1.9066284444778419
0.9527366666666668,60.0,0.15574375055340536,1.907246115871982
0.9531487500000001,60.0,0.15573537675230567,1.9080363400746025
0.9535608333333334,60.0,0.1557267631921763,1.9090149772504788
0.9539729166666667,60.0,0.15571780062204005,1.9102117678170734
0.954385,60.0,0.15570863591805836,1.9116581777821482
0.9547970833333335,60.0,0.15569939538785696,1.9132716446146187
0.9552091666666668,60.0,0.15568996473723795,1.915183605403731
0.9556212500000001,60.0,0.1556804508606896,1.9172865297772699
0.9560333333333334,60.0,0.15567099836481077,1.9195782188081723
0.9564454166666667,60.0,0.15566158274815073,1.922108232681964
0.9568575,60.0,0.15565222337503115,1.9247568698883162
0.9572695833333335,60.0,0.15564300783341656,1.927554363040263
0.9576816666666668,60.0,0.1556340182657642,1.9304548693431525
0.9580937500000001,60.0,0.15562524098737862,1.9333861522123907
0.9585058333333334,60.0,0.15561671584256467,1.9363402867290234
0.9589179166666667,60.0,0.15560857324111435,1.939268568386182
0.9593300000000001,60.0,0.15560077369458586,1.9420598188930664
0.9597420833333334,60.0,0.15559333848173026,1.944786508074203
0.9601541666666668,60.0,0.15558639281297332,1.9472713390601275
0.9605662500000001,60.0,0.15557990204263017,1.9495233977522386
0.9609783333333334,60.0,0.1555739268922774,1.9515590673444672
0.9613904166666667,60.0,0.1555685235159875,1.9531991965999007
0.9618025000000001,60.0,0.15556363344079,1.9545266521657474
0.9622145833333334,60.0,0.15555936753957153,1.955464829816877
0.9626266666666667,60.0,0.15555577289702435,1.9559744685312412
0.96303875,60.0,0.15555275855971823,1.9560341385750848
0.9634508333333334,60.0,0.15555039015762273,1.955691985521288
0.9638629166666668,60.0,0.1555487578535812,1.9548456833991723
0.9642750000000001,60.0,0.15554778258927665,1.9535511416642277
0.9646870833333334,60.0,0.15554740686494814,1.9518365697663296
0.9650991666666667,60.0,0.1555477355805311,1.9496423146222563
0.96551125,60.0,0.1555487641014256,1.9470810731703203
0.9659233333333334,60.0,0.15555037433112404,1.9441021667653267
0.9663354166666668,60.0,0.15555263842711986,1.9408009791983192
0.9667475000000001,60.0,0.15555558166977268,1.9371848674507446
0.9671595833333334,60.0,0.1555590818664944,1.9333119080344603
0.9675716666666667,60.0,0.15556316491909145,1.9292200735142477
0.96798375,60.0,0.15556786050599047,1.9249935041357438
0.9683958333333335,60.0,0.1555730924625066,1.9206439253981982
0.9688079166666668,60.0,0.15557884174792502,1.9162406992092667
0.9692200000000001,60.0,0.15558508553202596,1.9119074479370861
0.9696320833333334,60.0,0.1555917860181471,1.9075485501383798
0.9700441666666667,60.0,0.15559893153180315,1.9033964428627574
0.9704562500000001,60.0,0.155606473313092,1.8993662256641075
0.9708683333333334,60.0,0.15561435114957237,1.895560997904689
0.9712804166666668,60.0,0.15562254254361793,1.8920482965023668
0.9716925000000001,60.0,0.15563104966240632,1.8888013000928097
0.9721045833333334,60.0,0.1556397752443628,1.8858918844835697
0.9725166666666667,60.0,0.15564861807051192,1.8833514777670943
0.9729287500000001,60.0,0.15565766494224803,1.8811817680573277
0.9733408333333334,60.0,0.1556668581119315,1.8793674324238194
0.9737529166666667,60.0,0.15567602469784506,1.877992316341783
0.9741650000000001,60.0,0.1556852546602441,1.8769669714801602
0.9745770833333334,60.0,0.15569452596134445,1.8763344421079293
0.9749891666666668,60.0,0.1557036536989737,1.8760568688295571
0.9754012500000001,60.0,0.15571269349747732,1.876153070374522
0.9758133333333334,60.0,0.15572164742473962,1.876502801309446
0.9762254166666667,60.0,0.15573037040054538,1.8772054440159127
0.9766375,60.0,0.15573885437977467,1.878128894549952
0.9770495833333334,60.0,0.1557470800136522,1.8792260529636295
0.9774616666666668,60.0,0.15575499098863185,1.8805900308978183
0.9778737500000001,60.0,0.15576255576264908,1.8819728155925919
0.9782858333333334,60.0,0.15576971344284826,1.883519955454048
0.9786979166666667,60.0,0.15577645658290087,1.8850995291121981
0.97911,60.0,0.15578275664827596,1.8866531681403034
0.9795220833333335,60.0,0.15578857338193347,1.8882348872813495
0.9799341666666668,60.0,0.15579387471336248,1.889707807138245
0.9803462500000001,60.0,0.15579860528537448,1.891101317796774
0.9807583333333334,60.0,0.15580283588678004,1.892434411142745
0.9811704166666667,60.0,0.15580652716906532,1.8935379096930607
0.9815825,60.0,0.15580955227928198,1.8945740896612393
0.9819945833333334,60.0,0.1558120285422805,1.8954717637811356
0.9824066666666668,60.0,0.15581394488148553,1.8961026455015655
0.9828187500000001,60.0,0.1558151559795211,1.8967181461394975
0.9832308333333334,60.0,0.15581576858942872,1.8971126444710362
0.9836429166666667,60.0,0.15581581358963478,1.8973771453322508
0.9840550000000001,60.0,0.15581517447571044,1.897568899432311
0.9844670833333334,60.0,0.15581389327598233,1.8976476370085409
0.9848791666666667,60.0,0.15581204023300904,1.8976758421347433
0.9852912500000001,60.0,0.15580958493466163,1.897662611740747
0.9857033333333334,60.0,0.1558065045328773,1.8976752213023926
0.9861154166666668,60.0,0.15580286889720246,1.8977002789226336
0.9865275000000001,60.0,0.15579871072561904,1.8978163648213893
0.9869395833333334,60.0,0.15579400285272016,1.898017050401746
0.9873516666666667,60.0,0.15578880160841982,1.898358818146074
0.98776375,60.0,0.15578311768084502,1.8988625391299578
0.9881758333333334,60.0,0.1557769716707898,1.8995596040161513
0.9885879166666668,60.0,0.15577046810600603,1.9004519117231884
0.9890000000000001,60.0,0.15576356471501285,1.9015783349594804
0.9894120833333334,60.0,0.15575626568193104,1.902963448751922
0.9898241666666667,60.0,0.15574870768790433,1.904540708098132
0.99023625,60.0,0.1557408744350216,1.9064344965126552
0.9906483333333335,60.0,0.15573275489877325,1.9085009243221323
0.9910604166666668,60.0,0.15572446100989573,1.910844948906171
0.9914725000000001,60.0,0.15571605246844325,1.9133937955796316
0.9918845833333334,60.0,0.15570750002479894,1.9160945502116866
0.9922966666666667,60.0,0.15569885164246536,1.9190277179378843
0.99270875,60.0,0.15569026016227064,1.922029547467351
0.9931208333333335,60.0,0.15568169865415935,1.9251303471404408
0.9935329166666668,60.0,0.15567314301910354,1.9283274732042925
0.9939450000000001,60.0,0.15566477362774195,1.931481229075536
0.9943570833333334,60.0,0.15565659779541977,1.934600652051201
0.9947691666666667,60.0,0.15564856167947178,1.937686958012475
0.9951812500000001,60.0,0.15564080093715021,1.9405543176818942
0.9955933333333334,60.0,0.15563333620596118,1.9433077100784746
0.9960054166666668,60.0,0.1556261744804829,1.945831689626892
0.9964175000000001,60.0,0.15561941773377508,1.9480364012290945
0.9968295833333334,60.0,0.1556130254968733,1.950000622377859
0.9972416666666667,60.0,0.15560703272829923,1.9516011989186202
0.9976537500000001,60.0,0.15560154996499853,1.952802144669925
0.9980658333333334,60.0,0.15559653395845252,1.9536519022490586
0.9984779166666667,60.0,0.1555919971571981,1.9540781876758255
0.9988900000000001,60.0,0.1555880305769442,1.9540523161194525
0.9993020833333334,60.0,0.1555846332609305,1.953636132006531
0.9997141666666668,60.0,0.15558177433543624,1.9527646177640519
1.00012625,60.0,0.15557949096587678,1.9514932455326692
1.0005383333333333,60.0,0.15557785573119556,1.9497995452862467
1.0009504166666667,60.0,0.15557680389863568,1.9477320733554713
1.0013625000000002,60.0,0.15557628612673735,1.9453115222885837
1.0017745833333334,60.0,0.15557643587306175,1.942576894436993
1.0021866666666668,60.0,0.15557719547424714,1.9395194568683436
1.00259875,60.0,0.1555784450409567,1.9362538358937236
1.0030108333333334,60.0,0.15558030911957163,1.932798700240021
1.0034229166666668,60.0,0.15558277544428953,1.9291196347731114
1.003835,60.0,0.15558574622509216,1.9254315062983878
1.0042470833333335,60.0,0.15558927219607765,1.9216295703002342
1.0046591666666667,60.0,0.1555933125369012,1.9178241882452016
1.00507125,60.0,0.15559782716373635,1.9141111172994876
1.0054833333333335,60.0,0.15560285017966521,1.910435888881646
1.0058954166666667,60.0,0.15560831129525043,1.9069293029015857
1.0063075000000001,60.0,0.15561417456678098,1.9036019115367293
1.0067195833333333,60.0,0.1556204583794449,1.9004653200190886
1.0071316666666668,60.0,0.15562711529464202,1.8975989092466254
1.0075437500000002,60.0,0.1556340662726353,1.8949877437306832
1.0079558333333334,60.0,0.15564131209413778,1.8926729073803674
1.0083679166666668,60.0,0.15564886971546518,1.8906541975738238
1.00878,60.0,0.1556566010276429,1.8889620030238778
1.0091920833333334,60.0,0.15566448376579017,1.8875802016302197
1.0096041666666669,60.0,0.15567259471656564,1.8864906432806368
1.01001625,60.0,0.1556807843250492,1.885741738323337
1.0104283333333335,60.0,0.1556889810057247,1.8852395417686905
1.0108404166666667,60.0,0.1556972743930651,1.8850281328664233
1.0112525,60.0,0.15570559226806283,1.8850793049973282
1.0116645833333333,60.0,0.15571382870074987,1.885290555820816
1.0120766666666667,60.0,0.1557219801999735,1.8857560495105985
1.0124887500000002,60.0,0.15573003910335298,1.8863413047281676
1.0129008333333334,60.0,0.15573793666447536,1.8870173562889203
1.0133129166666668,60.0,0.15574561488462993,1.8878545561708115
1.013725,60.0,0.15575308175930122,1.888673070382952
1.0141370833333334,60.0,0.15576026687695588,1.8895236741708181
1.0145491666666668,60.0,0.15576712576277674,1.8904177697481221
1.01496125,60.0,0.15577367949905246,1.8911749945028256
1.0153733333333335,60.0,0.15577981713325467,1.8919527042929152
1.0157854166666667,60.0,0.15578554368979397,1.8926142066491327
1.0161975,60.0,0.15579089912329663,1.8931257819998346
1.0166095833333335,60.0,0.15579572831326755,1.8936193274389388
1.0170216666666667,60.0,0.15580007638003598,1.8939025276554122
1.0174337500000001,60.0,0.1558040042717088,1.8940904900239495
1.0178458333333333,60.0,0.15580734521652598,1.8941801588110803
1.0182579166666668,60.0,0.1558101306643254,1.8941185184895892
1.0186700000000002,60.0,0.15581244770067953,1.893978921255754
1.0190820833333334,60.0,0.15581420413315095,1.8937590333326981
1.0194941666666668,60.0,0.15581534883972362,1.8934634977254392
1.01990625,60.0,0.15581592428618776,1.8931434826303666
1.0203183333333334,60.0,0.15581596565932443,1.892812824154471
1.0207304166666666,60.0,0.1558154141303795,1.8924832913154463
1.0211425,60.0,0.15581425634288404,1.8922446043866026
1.0215545833333335,60.0,0.15581257698627737,1.8920354267739867
1.0219666666666667,60.0,0.1558103394724532,1.8919822468869152
1.0223787500000001,60.0,0.15580752740777534,1.8920433589404306
1.0227908333333333,60.0,0.15580423057346826,1.8922911050798321
1.0232029166666667,60.0,0.15580041232434172,1.8927121965307514
1.0236150000000002,60.0,0.15579609228525657,1.8933675544404578
1.0240270833333334,60.0,0.15579135827140217,1.8942695653313197
1.0244391666666668,60.0,0.15578614969777005,1.8953640320501408
1.02485125,60.0,0.1557805284420338,1.896792645575784
1.0252633333333334,60.0,0.1557745820318643,1.8984266776064742
1.0256754166666668,60.0,0.15576822596346915,1.900316486969167
1.0260875,60.0,0.15576153909258977,1.9024936137323638
1.0264995833333335,60.0,0.15575464201912181,1.9048808665744066
1.0269116666666667,60.0,0.15574746214108504,1.9074549195064363
1.02732375,60.0,0.1557400031391887,1.9102915409142907
1.0277358333333335,60.0,0.15573240322430904,1.9132184898285163
1.0281479166666667,60.0,0.15572469946812986,1.9163033935576834
1.0285600000000001,60.0,0.15571684422323462,1.9195052162767057
1.0289720833333333,60.0,0.15570891900875963,1.922696018649352
1.0293841666666668,60.0,0.1557010343815506,1.9259768404285325
1.0297962500000002,60.0,0.15569314910676382,1.9291562935341402
1.0302083333333334,60.0,0.15568530157105234,1.9322911060221133
1.0306204166666668,60.0,0.15567760481665868,1.9353144565480012
1.0310325,60.0,0.1556700349231321,1.9381349425534946
1.0314445833333334,60.0,0.1556626333514774,1.9407748358003665
1.0318566666666666,60.0,0.15565547710805352,1.9431764347196663
1.03226875,60.0,0.15564855457587504,1.9452595270600588
1.0326808333333335,60.0,0.1556419211550574,1.9470609874949847
1.0330929166666667,60.0,0.15563561544221405,1.948518057646497
1.0335050000000001,60.0,0.15562963759900697,1.9495857975459636
1.0339170833333333,60.0,0.15562404767375734,1.9503208561328225
1.0343291666666667,60.0,0.15561889016443115,1.9506329385743424
1.0347412500000002,60.0,0.15561414845773475,1.9505690836499188
1.0351533333333334,60.0,0.1556098084902324,1.950104496238593
1.0355654166666668,60.0,0.1556059874892353,1.9492941927197578
1.0359775,60.0,0.15560271224260938,1.9480563256618644
1.0363895833333334,60.0,0.15559985439448423,1.9465242859116063
1.0368016666666668,60.0,0.15559753582192412,1.9446673696783883
1.03721375,60.0,0.1555958274335633,1.9424524009732735
1.0376258333333335,60.0,0.1555945725064287,1.9400811086052103
1.0380379166666667,60.0,0.15559385274684218,1.9373945471386473
1.03845,60.0,0.15559372285992956,1.934569465360846
1.0388620833333335,60.0,0.1555940798381224,1.9316115630565631
1.0392741666666667,60.0,0.15559496476135418,1.9285223983333644
1.0396862500000001,60.0,0.1555963850458855,1.9254104762054927
1.0400983333333333,60.0,0.15559830339995728,1.922268519783475
1.0405104166666668,60.0,0.15560072305802566,1.919166851214705
1.0409225,60.0,0.15560361503520764,1.9161176593048492
1.0413345833333334,60.0,0.15560699365989178,1.9132004083397265
1.0417466666666668,60.0,0.1556108361509169,1.9103903810874105
1.04215875,60.0,0.1556151006172534,1.9077885092790858
1.0425708333333334,60.0,0.15561978249732888,1.9053278529746738
1.0429829166666666,60.0,0.15562482577268327,1.9031352506302985
1.043395,60.0,0.15563027271005841,1.9011457373325094
1.0438070833333335,60.0,0.15563608962274797,1.8993855955639747
1.0442191666666667,60.0,0.15564213061005264,1.8979040179920956
1.0446312500000001,60.0,0.15564848856437566,1.8966466194046092
1.0450433333333333,60.0,0.15565515652694725,1.895636607155775
1.0454554166666667,60.0,0.15566195072071226,1.8948258932913198
1.0458675000000002,60.0,0.1556689307922953,1.8943052566604177
1.0462795833333334,60.0,0.15567612318327806,1.8938896878623757
1.0466916666666668,60.0,0.15568338351225602,1.8936943340063044
1.04710375,60.0,0.1556907088096935,1.8936766676431709
1.0475158333333334,60.0,0.15569812352462914,1.8937167837877453
1.0479279166666668,60.0,0.15570554142385643,1.893901718948078
1.04834,60.0,0.15571290947417263,1.894157957622709
1.0487520833333335,60.0,0.15572023919404943,1.8944126022738323
1.0491641666666667,60.0,0.15572749698263152,1.8947325475096028
1.04957625,60.0,0.15573460275902803,1.8950170784532987
1.0499883333333335,60.0,0.1557415351378692,1.8952354879023112
1.0504004166666667,60.0,0.15574826906461797,1.895469710303633
1.0508125000000001,60.0,0.15575475545717557,1.8955396648264284
1.0512245833333334,60.0,0.1557609993994433,1.8955857080715248
1.0516366666666668,60.0,0.15576693481875098,1.8955034872839873
1.05204875,60.0,0.1557724871844011,1.8953060742295975
1.0524608333333334,60.0,0.15577772382302474,1.8950330369685435
1.0528729166666668,60.0,0.15578259525317192,1.8946202768167517
1.053285,60.0,0.15578698646098404,1.8941294534956064
1.0536970833333335,60.0,0.15579096418037236,1.8935630233258474
1.0541091666666667,60.0,0.15579453966384063,1.8929130919255523
1.05452125,60.0,0.15579761246824508,1.8922084492600582
1.0549333333333335,60.0,0.15580017769503482,1.8915239382026547
1.0553454166666667,60.0,0.15580229511707344,1.890774576872929
1.0557575000000001,60.0,0.15580391031457014,1.8901009925175336
1.0561695833333333,60.0,0.15580495314842865,1.8894672417256209
1.0565816666666668,60.0,0.15580551979890178,1.888910339591087
1.0569937500000002,60.0,0.1558055985056833,1.8884845711398008
1.0574058333333334,60.0,0.15580507924565265,1.8881819324772915
1.0578179166666668,60.0,0.15580405821022286,1.8880747075486493
1.05823,60.0,0.15580255608697507,1.8881241321234998
1.0586420833333334,60.0,0.15580051022949154,1.8884408587345853
1.0590541666666669,60.0,0.15579800739529182,1.88894955929576
1.05946625,60.0,0.15579501382023636,1.88971265763359
1.0598783333333335,60.0,0.15579152472636773,1.8907864881270304
1.0602904166666667,60.0,0.15578765856967927,1.8920400165651194
1.0607025,60.0,0.15578334914867434,1.89361962518732
1.0611145833333335,60.0,0.15577860207058575,1.8954605869976102
1.0615266666666667,60.0,0.15577352612804243,1.8975013803266172
1.0619387500000002,60.0,0.15576811393569595,1.8998247399151194
1.0623508333333334,60.0,0.1557623613642342,1.9023537324765705
1.0627629166666668,60.0,0.15575629629371887,1.9050426365051099
1.063175,60.0,0.15575000599180286,1.9079533108893432
1.0635870833333334,60.0,0.1557434927662366,1.9109174612240323
1.0639991666666668,60.0,0.1557367116714583,1.9140393610540753
1.06441125,60.0,0.15572982367713367,1.9172076057591985
1.0648233333333335,60.0,0.15572283256258537,1.9203269827685312
1.0652354166666667,60.0,0.1557156496688611,1.9235197938172508
1.0656475,60.0,0.15570845689210241,1.926571629433938
1.0660595833333335,60.0,0.15570128777284364,1.929525536365541
1.0664716666666667,60.0,0.15569407873248078,1.932370864702843
1.0668837500000001,60.0,0.1556869438598678,1.934988416983417
1.0672958333333333,60.0,0.15567990387394956,1.9374021495548055
1.0677079166666668,60.0,0.1556729680595447,1.9395752399279351
1.0681200000000002,60.0,0.15566621577209436,1.9414477564662926
1.0685320833333334,60.0,0.15565963565070814,1.9430327368869584
1.0689441666666668,60.0,0.1556532541047346,1.944292593195907
1.06935625,60.0,0.15564715171813237,1.945214317112865
1.0697683333333334,60.0,0.15564133972768313,1.9457873740487512
1.0701804166666669,60.0,0.15563579812579792,1.9460240224104943
1.0705925,60.0,0.1556305792333787,1.945910605043366
1.0710045833333335,60.0,0.15562576649664764,1.9454409424877765
1.0714166666666667,60.0,0.1556213069062896,1.9446933351487206
1.07182875,60.0,0.15561720906141702,1.943586654686478
1.0722408333333333,60.0,0.15561359983194756,1.9422406446998934
1.0726529166666667,60.0,0.15561041245640575,1.9406216130526668
1.0730650000000002,60.0,0.15560761410659135,1.9387638924930983
1.0734770833333334,60.0,0.15560533581757546,1.9367443822408297
1.0738891666666668,60.0,0.15560355772252196,1.9345407956810305
1.07430125,60.0,0.15560220545112946,1.9322065122854226
1.0747133333333334,60.0,0.15560133132635923,1.929824802690192
1.0751254166666668,60.0,0.15560097280701138,1.9273494661958968
1.0755375,60.0,0.15560108066303263,1.9248659204281717
1.0759495833333335,60.0,0.1556016409639646,1.9224390482295788
1.0763616666666667,60.0,0.15560268835806715,1.9200088793350538
1.07677375,60.0,0.15560419884533414,1.9177079064546856
1.0771858333333335,60.0,0.15560615566662742,1.9154939155434554
1.0775979166666667,60.0,0.15560858189930638,1.9134153626210137
1.0780100000000001,60.0,0.155611410508034,1.9114950903601615
1.0784220833333333,60.0,0.15561464356180613,1.9097423212525733
1.0788341666666668,60.0,0.15561834037998884,1.9081487770933065
1.0792462500000002,60.0,0.15562237699604414,1.9067597937851384
1.0796583333333334,60.0,0.15562675059085754,1.9055568531513472
1.0800704166666668,60.0,0.15563154404431437,1.904498689449682
1.0804825,60.0,0.1556366060676309,1.9036611156178782
1.0808945833333334,60.0,0.15564192204157942,1.902967382398546
1.0813066666666669,60.0,0.15564758206149187,1.9024017197552894
1.08171875,60.0,0.15565346402820862,1.9020140645297976
1.0821308333333335,60.0,0.1556595069217857,1.9017040430278143
1.0825429166666667,60.0,0.15566574450883403,1.901486148774647
1.0829550000000001,60.0,0.15567215666898815,1.9013680307263703
1.0833670833333333,60.0,0.1556786766984772,1.901241408165852
1.0837791666666667,60.0,0.1556852411990377,1.901181086641658
1.0841912500000002,60.0,0.15569190040889205,1.9011056038778602
1.0846033333333334,60.0,0.15569860356890017,1.9009652134272477
1.0850154166666668,60.0,0.15570524927882912,1.9008502439643635
1.0854275,60.0,0.1557118893410619,1.900618060185808
1.0858395833333334,60.0,0.15571844826099612,1.9003086629772574
1.0862516666666668,60.0,0.15572486846011133,1.8999567322630884
1.08666375,60.0,0.15573120579443545,1.8994623574244902
1.0870758333333335,60.0,0.15573732855087025,1.8988635224611428
1.0874879166666667,60.0,0.15574322092764015,1.8982219241457523
1.0879,60.0,0.15574894244925772,1.897406556828223
1.0883120833333335,60.0,0.15575434066369073,1.8965390706517387
1.0887241666666667,60.0,0.15575942751354555,1.895611242725808
1.0891362500000001,60.0,0.15576426000329105,1.894559580413816
1.0895483333333333,60.0,0.1557687144250366,1.89352808543211
1.0899604166666668,60.0,0.15577275823160988,1.8924171247473156
1.0903725000000002,60.0,0.1557764446264785,1.8913443967553198
1.0907845833333334,60.0,0.15577976056058507,1.8902749303192201
1.0911966666666668,60.0,0.155782609684731,1.8892570041194552
1.09160875,60.0,0.15578500222427386,1.8883560749993622
1.0920208333333334,60.0,0.15578701686760713,1.8875078092751805
1.0924329166666669,60.0,0.15578855380576098,1.8868556153374947
1.092845,60.0,0.15578958420844743,1.8863155894126518
1.0932570833333335,60.0,0.15579018815818027,1.8860016027587723
1.0936691666666667,60.0,0.15579030643591762,1.885872569060671
1.0940812500000001,60.0,0.1557899374006071,1.8859694670410458
1.0944933333333333,60.0,0.15578912428354857,1.8863306705277219
1.0949054166666667,60.0,0.155787824609702,1.8869307014884797
1.0953175000000002,60.0,0.15578606800226721,1.8877756175431852
1.0957295833333334,60.0,0.1557838836327934,1.8889404454457477
1.0961416666666668,60.0,0.15578125277357618,1.8903082956624233
1.09655375,60.0,0.15577820485772087,1.8919523797156819
1.0969658333333334,60.0,0.15577478225426988,1.8939039124409094
1.0973779166666668,60.0,0.15577097590769304,1.8959578858522812
1.09779,60.0,0.15576676795765107,1.898355517483642
1.0982020833333335,60.0,0.15576225672208213,1.9008656299593443
1.0986141666666667,60.0,0.15575747540755105,1.9035145786273264
1.09902625,60.0,0.15575232469985165,1.906369282415314
1.0994383333333335,60.0,0.1557469205605294,1.9092416289931673
1.0998504166666667,60.0,0.15574136132543015,1.9121924514649595
1.1002625000000001,60.0,0.15573551744959227,1.9152000934224245
1.1006745833333333,60.0,0.15572947099397166,1.9181350185955648
1.1010866666666668,60.0,0.15572333389435544,1.921047670694136
1.1014987500000002,60.0,0.15571704229774924,1.9238795773315756
1.1019108333333334,60.0,0.15571065296895592,1.9265382496237935
1.1023229166666668,60.0,0.15570422611532694,1.9290954987505153
1.102735,60.0,0.1556977610889822,1.9314058559515583
1.1031470833333334,60.0,0.15569130812309662,1.933536722794669
1.1035591666666666,60.0,0.15568489273111305,1.9353966969242669
1.10397125,60.0,0.1556785514879631,1.9370010004975522
1.1043833333333335,60.0,0.15567231944990748,1.9383358369239623
1.1047954166666667,60.0,0.1556662072589581,1.93935651268378
1.1052075000000001,60.0,0.15566026088842702,1.9401081027939777
1.1056195833333333,60.0,0.15565448436347917,1.9405234530179725
1.1060316666666667,60.0,0.15564893282132122,1.9406989328563098
1.1064437500000002,60.0,0.1556436566442943,1.9405207780140021
1.1068558333333334,60.0,0.15563857676196963,1.940110669933605
1.1072679166666668,60.0,0.15563380430279908,1.939447263190296
1.10768,60.0,0.1556294190022425,1.9384978987931973
1.1080920833333334,60.0,0.155625273105178,1.9373662616372185
1.1085041666666668,60.0,0.15562147337660653,1.9360594090987426
1.10891625,60.0,0.15561812695082733,1.9345482059415064
1.1093283333333335,60.0,0.15561511571088868,1.932918296918782
1.1097404166666667,60.0,0.15561248824658827,1.9312350861472496
1.1101525,60.0,0.15561031120682486,1.9293990253953182
1.1105645833333335,60.0,0.15560854345676495,1.9275928320878717
1.1109766666666667,60.0,0.15560719069952583,1.9257531168769952
1.1113887500000001,60.0,0.1556062726821679,1.9239084860886666
1.1118008333333333,60.0,0.15560580548571828,1.9221513093210596
1.1122129166666668,60.0,0.15560575603633015,1.9204235933296179
1.1126250000000002,60.0,0.15560612329113654,1.9187987311072505
1.1130370833333334,60.0,0.15560693889249286,1.9172701558633256
1.1134491666666668,60.0,0.15560815634001063,1.9158766603046924
1.11386125,60.0,0.15560980149611325,1.9145713198743355
1.1142733333333334,60.0,0.15561186930651194,1.9134575983920297
1.1146854166666667,60.0,0.15561428532681282,1.9124216758606163
1.1150975,60.0,0.1556171266824774,1.9115570163721167
1.1155095833333335,60.0,0.15562036407782473,1.9108145707581645
1.1159216666666667,60.0,0.15562388436322674,1.910163753473213
1.1163337500000001,60.0,0.15562776612053866,1.90966814799875
1.1167458333333333,60.0,0.15563201581036626,1.9092238162569577
1.1171579166666668,60.0,0.15563652708222792,1.9088670314947422
1.1175700000000002,60.0,0.15564128383894574,1.9085759682550307
1.1179820833333334,60.0,0.15564632850556204,1.908329343428828
1.1183941666666668,60.0,0.15565161497652538,1.9080479745815857
1.11880625,60.0,0.15565703977367565,1.9078454194970098
1.1192183333333334,60.0,0.15566266354836542,1.9075531636941543
1.1196304166666669,60.0,0.15566847217425228,1.9072302783733703
1.1200425,60.0,0.15567432690298452,1.9068986596914583
1.1204545833333335,60.0,0.1556802911476931,1.9064100951002385
1.1208666666666667,60.0,0.15568634727614492,1.905898677540003
1.12127875,60.0,0.15569238721424397,1.9052785840525626
1.1216908333333335,60.0,0.1556984583764125,1.9045156167784552
1.1221029166666667,60.0,0.15570449967355623,1.9036938612287424
1.1225150000000002,60.0,0.1557104483709668,1.902755773800665
1.1229270833333334,60.0,0.1557163515969622,1.901669873463339
1.1233391666666668,60.0,0.15572211420345872,1.9005570860154561
1.12375125,60.0,0.15572768600157946,1.8993067417709804
1.1241633333333334,60.0,0.15573311581732774,1.8980160786024258
1.1245754166666668,60.0,0.1557383480540916,1.8966623998544683
1.1249875,60.0,0.15574331485439724,1.8952720696329324
1.1253995833333335,60.0,0.15574799692124153,1.8939049834408488
1.1258116666666667,60.0,0.1557524290387509,1.8925024945906297
1.12622375,60.0,0.15575656574138821,1.8911874755154012
1.1266358333333335,60.0,0.1557603045346009,1.8899133318175076
1.1270479166666667,60.0,0.15576373684600553,1.8887506172692983
1.1274600000000001,60.0,0.15576684563444507,1.887697745502206
1.1278720833333333,60.0,0.15576949196412554,1.8867926182205923
1.1282841666666668,60.0,0.15577177925102528,1.886082800847643
1.1286962500000002,60.0,0.15577371331633816,1.885534294442913
1.1291083333333334,60.0,0.1557751740761433,1.8852133883088307
1.1295204166666668,60.0,0.15577623734390497,1.8851573746762427
1.1299325,60.0,0.1557769009905875,1.8852819910166894
1.1303445833333334,60.0,0.15577710587641172,1.8857050904931734
1.1307566666666669,60.0,0.15577690713451503,1.886400665367074
1.13116875,60.0,0.15577627683754205,1.8872760215488456
1.1315808333333335,60.0,0.15577520854729632,1.8885125604271236
1.1319929166666667,60.0,0.1557737646302226,1.8899224328727846
1.132405,60.0,0.1557719234007448,1.8915647882489433
1.1328170833333335,60.0,0.15576966220683847,1.8935097750653496
1.1332291666666667,60.0,0.15576702720620697,1.895539473186029
1.1336412500000002,60.0,0.15576407344752266,1.8978375359314084
1.1340533333333334,60.0,0.15576076687580623,1.900255094118671
1.1344654166666668,60.0,0.1557570879677421,1.9027692948745223
1.1348775,60.0,0.15575316012912505,1.9054328865766224
1.1352895833333334,60.0,0.15574896252400058,1.908099013368442
1.1357016666666668,60.0,0.15574442911755473,1.9108088649554746
1.13611375,60.0,0.15573970294747413,1.9135306394037266
1.1365258333333335,60.0,0.15573479018406972,1.916166945085635
1.1369379166666667,60.0,0.15572962804153964,1.918748421534606
1.13735,60.0,0.15572431055761451,1.9212339101939686
1.1377620833333335,60.0,0.1557188791576833,1.9235507173727249
1.1381741666666667,60.0,0.15571331506216107,1.9257199944396288
1.1385862500000001,60.0,0.15570764485852034,1.9277057576596082
1.1389983333333333,60.0,0.1557019331689796,1.929473495871294
1.1394104166666668,60.0,0.1556962036586884,1.93101656310848
1.1398225000000002,60.0,0.15569045570631154,1.9323310301781524
1.1402345833333334,60.0,0.15568475136475535,1.9333857651536477
1.1406466666666668,60.0,0.15567908793503174,1.9341993139845668
1.14105875,60.0,0.1556734861329166,1.9347593886075622
1.1414708333333334,60.0,0.15566805188164856,1.9350623712391752
1.1418829166666669,60.0,0.15566271177729152,1.9351326298550438
1.142295,60.0,0.1556574893322904,1.9349860579983957
1.1427070833333335,60.0,0.155652533741381,1.934597300855314
1.1431191666666667,60.0,0.15564774538367065,1.934032934212109
1.14353125,60.0,0.15564313908906569,1.9333118379521834
1.1439433333333335,60.0,0.1556388504437891,1.9323822977210037
1.1443554166666667,60.0,0.15563482241258297,1.9313971206519585
1.1447675000000002,60.0,0.15563105086691853,1.9302579062604226
1.1451795833333334,60.0,0.15562760231025613,1.9290594630543307
1.1455916666666668,60.0,0.15562450151176802,1.9278223695041365
1.14600375,60.0,0.1556217348970802,1.9265299059362786
1.1464158333333334,60.0,0.1556192824191671,1.9252644624370394
1.1468279166666668,60.0,0.15561724139443103,1.9240107193045353
1.14724,60.0,0.15561559622438736,1.9227759292053002
1.1476520833333335,60.0,0.15561427510424283,1.9216308525577037
1.1480641666666667,60.0,0.15561337742613296,1.920550242779685
1.14847625,60.0,0.15561287136570587,1.919515785837514
1.1488883333333335,60.0,0.15561272551758812,1.9186397194806943
1.1493004166666667,60.0,0.15561301815682896,1.9178054293137599
1.1497125000000001,60.0,0.1556136652223853,1.9170855746469937
1.1501245833333333,60.0,0.15561467320914865,1.916483733962988
1.1505366666666668,60.0,0.15561612695305396,1.91595123458154
1.1509487500000002,60.0,0.15561791387885357,1.9154949226501221
1.1513608333333334,60.0,0.1556200303573006,1.915147513995777
1.1517729166666668,60.0,0.15562256556404874,1.9148318591864866
1.152185,60.0,0.15562542721710296,1.9145537127249221
1.1525970833333334,60.0,0.1556285729269889,1.9143487275121165
1.1530091666666669,60.0,0.15563205935745789,1.91410649316464
1.15342125,60.0,0.1556358633122935,1.9138820469110502
1.1538333333333335,60.0,0.15563990454966806,1.913639130775155
1.1542454166666667,60.0,0.1556441844981269,1.9133344372748313
1.1546575000000001,60.0,0.15564875337856135,1.912988046557813
1.1550695833333333,60.0,0.15565351605041744,1.9125617970756972
1.1554816666666667,60.0,0.15565841354135945,1.9120272099391966
1.1558937500000002,60.0,0.15566351212872395,1.9114406133812074
1.1563058333333334,60.0,0.1556687513396978,1.9106887307410436
1.1567179166666668,60.0,0.15567406887249852,1.9098448739255909
1.15713,60.0,0.15567949283536917,1.9089216381590295
1.1575420833333334,60.0,0.15568496457973113,1.9077939114334352
1.1579541666666668,60.0,0.15569045822055086,1.9066478018847641
1.15836625,60.0,0.15569598290052442,1.9053412685434739
1.1587783333333335,60.0,0.155701462872279,1.9039386560114868
1.1591904166666667,60.0,0.1557068773437272,1.9024944395802135
1.1596025,60.0,0.15571224519340116,1.9009434712707372
1.1600145833333335,60.0,0.15571750237823373,1.8993724565868466
1.1604266666666667,60.0,0.15572258549748133,1.8977658560032444
1.1608387500000001,60.0,0.15572752652345676,1.896170169843523
1.1612508333333333,60.0,0.1557323170560635,1.8945816428920086
1.1616629166666668,60.0,0.15573683833324017,1.8930587465854722
1.1620750000000002,60.0,0.15574112227804612,1.8916131188759733
1.1624870833333334,60.0,0.15574522758109605,1.8902549506848163
1.1628991666666668,60.0,0.15574899311946971,1.8890310841723381
1.16331125,60.0,0.15575243071287717,1.8879820057075385
1.1637233333333334,60.0,0.1557556334320291,1.8870588654147356
1.1641354166666669,60.0,0.15575847890982786,1.8863707094514923
1.1645475,60.0,0.15576096462705324,1.8858983924958503
1.1649595833333335,60.0,0.15576312763806546,1.8855861726276097
1.1653716666666667,60.0,0.15576491873038975,1.8856203848180793
1.1657837500000001,60.0,0.15576635313518483,1.8857860213477189
1.1661958333333333,60.0,0.15576740593360072,1.8862738220667057
1.1666079166666667,60.0,0.1557680754798295,1.8869932344101505
1.1670200000000002,60.0,0.1557683780202961,1.8879200213344594
1.1674320833333334,60.0,0.15576828920285518,1.8891487052033102
1.1678441666666668,60.0,0.15576783474133787,1.8905319572751482
1.16825625,60.0,0.15576698606963746,1.8921584692021958
1.1686683333333334,60.0,0.15576576717048068,1.893983010137186
1.1690804166666668,60.0,0.15576423754506508,1.8959354609339845
1.1694925,60.0,0.1557623028585623,1.8980434682943006
1.1699045833333335,60.0,0.1557600378133962,1.9003154529112731
1.1703166666666667,60.0,0.15575752567563728,1.9025689589525225
1.17072875,60.0,0.1557546216072803,1.904971884080111
1.1711408333333335,60.0,0.15575141891029234,1.9073726312746637
1.1715529166666667,60.0,0.15574802563708975,1.909728285909792
1.1719650000000001,60.0,0.1557443246648883,1.9121122153812566
1.1723770833333333,60.0,0.1557403612032123,1.9143904385028834
1.1727891666666668,60.0,0.15573621959360953,1.9165951055625245
1.1732012500000002,60.0,0.15573187812283523,1.9186745747595704
1.1736133333333334,60.0,0.1557273408518727,1.9206304136834091
1.1740254166666668,60.0,0.15572264502935793,1.9224029670004872
1.1744375,60.0,0.15571783438631803,1.9240240490011333
1.1748495833333334,60.0,0.15571290535885304,1.9254370207827494
1.1752616666666669,60.0,0.15570788401575428,1.9266643873798892
1.17567375,60.0,0.15570281791485113,1.9276718442016894
1.1760858333333335,60.0,0.15569769664678348,1.928488011043711
1.1764979166666667,60.0,0.15569257560954056,1.929085064763455
1.1769100000000001,60.0,0.15568749146173944,1.92948388602009
1.1773220833333333,60.0,0.15568241028189422,1.9297044834408457
1.1777341666666667,60.0,0.15567741175499458,1.9297082848252536
1.1781462500000002,60.0,0.15567252882186836,1.9295979025195216
1.1785583333333334,60.0,0.15566770080002348,1.9292688814537649
1.1789704166666668,60.0,0.15566301418930817,1.9288662599817628
1.1793825,60.0,0.1556585381386303,1.928321363418877
1.1797945833333334,60.0,0.15565419948867848,1.927658147815913
1.1802066666666668,60.0,0.15565002390120006,1.926984139579296
1.18061875,60.0,0.15564611832243821,1.9262046293960295
1.1810308333333335,60.0,0.15564246011988764,1.9254089410852941
1.1814429166666667,60.0,0.15563900069832465,1.9246262700014964
1.181855,60.0,0.1556358347151055,1.9238300798021206
1.1822670833333335,60.0,0.15563299973185216,1.9230491411532422
1.1826791666666667,60.0,0.1556304206748548,1.9223620214377706
1.1830912500000001,60.0,0.15562816341638108,1.9216558731155433
1.1835033333333334,60.0,0.1556262679342787,1.921064457419239
1.1839154166666668,60.0,0.15562466994965182,1.9205436137614231
1.1843275000000002,60.0,0.1556234367568615,1.9200418466181455
1.1847395833333334,60.0,0.15562257066155483,1.9196906086430199
1.1851516666666668,60.0,0.15562201858863975,1.9193507097843219
1.18556375,60.0,0.15562185060139938,1.919111174840354
1.1859758333333335,60.0,0.15562203830441992,1.9189056361943784
1.1863879166666667,60.0,0.155622539690707,1.9187869054292928
1.1868,60.0,0.15562342668428164,1.9186698989256938
1.1872120833333335,60.0,0.15562467370078586,1.9185917594621478
1.1876241666666667,60.0,0.15562622758634284,1.9185400265825883
1.1880362500000001,60.0,0.15562810760428086,1.9184403296904797
1.1884483333333333,60.0,0.15563034181509647,1.9183702766640187
1.1888604166666668,60.0,0.15563290185015047,1.918202155441211
1.1892725000000002,60.0,0.15563569808929692,1.9180142944953633
1.1896845833333334,60.0,0.15563880481702894,1.9177570392494898
1.1900966666666668,60.0,0.1556422400015379,1.917367425836954
1.19050875,60.0,0.1556458453729971,1.9169215135413664
1.1909208333333334,60.0,0.15564969468498854,1.9163649342790503
1.1913329166666669,60.0,0.15565381366759112,1.9156293380217293
1.191745,60.0,0.15565805956639162,1.9148516030732805
1.1921570833333335,60.0,0.15566249406891766,1.913893463746147
1.1925691666666667,60.0,0.15566710298907135,1.9128014172199825
1.19298125,60.0,0.15567178995907419,1.9116387283398502
1.1933933333333335,60.0,0.15567660025982522,1.9102878458000065
1.1938054166666667,60.0,0.15568148633507195,1.90888000046819
1.1942175000000002,60.0,0.15568640551297594,1.907353230408021
1.1946295833333334,60.0,0.15569138022685794,1.9057491631179382
1.1950416666666668,60.0,0.15569635672460136,1.9040769842410534
1.1954537500000002,60.0,0.15570129146603112,1.9023775352433536
1.1958658333333334,60.0,0.15570618028013164,1.9006415803839232
1.1962779166666668,60.0,0.15571103066411787,1.8989139955370213
1.19669,60.0,0.15571577414505197,1.897218935746804
1.1971020833333335,60.0,0.155720346993847,1.8955719408074543
1.1975141666666667,60.0,0.1557248273877283,1.8940051809335134
1.19792625,60.0,0.1557291639207863,1.892544308873181
1.1983383333333335,60.0,0.1557332363457803,1.8912009131835503
1.1987504166666667,60.0,0.1557371299545821,1.890010392864217
1.1991625000000001,60.0,0.15574083517282414,1.8890071433596545
1.1995745833333333,60.0,0.15574424406573403,1.888134778414788
1.1999866666666668,60.0,0.15574739620539527,1.8875391599648828
1.2003987500000002,60.0,0.15575029957404846,1.8871133608255848
1.2008108333333334,60.0,0.15575289336565185,1.8868919243423328
1.2012229166666668,60.0,0.15575516797828032,1.886975669282207
1.201635,60.0,0.1557571561615209,1.887213513949784
1.2020470833333334,60.0,0.15575882896497123,1.8877194737698124
1.2024591666666669,60.0,0.1557601518417856,1.888472182478975
1.20287125,60.0,0.15576116254882388,1.8893844405568392
1.2032833333333335,60.0,0.15576182577658448,1.8905594752625048
1.2036954166666667,60.0,0.15576213443944464,1.8919062595289469
1.2041075,60.0,0.15576214683913933,1.8933892123307956
1.2045195833333335,60.0,0.15576178954592118,1.8950875201548116
1.2049316666666667,60.0,0.15576106567681738,1.8968684666130924
1.2053437500000002,60.0,0.15576008458025845,1.8987497956008865
1.2057558333333334,60.0,0.15575876267136368,1.9007572795862027
1.2061679166666668,60.0,0.15575707126097685,1.902760635647616
1.20658,60.0,0.15575513370803484,1.9048250309272845
1.2069920833333334,60.0,0.1557529191751809,1.9068839527952148
1.2074041666666668,60.0,0.15575038422086412,1.908895858800007
1.20781625,60.0,0.15574759697813229,1.9108861025360981
1.2082283333333335,60.0,0.15574458348404446,1.912773356579338
1.2086404166666667,60.0,0.155741322974117,1.9145707700938472
1.2090525,60.0,0.15573782065385475,1.9162657804966718
1.2094645833333335,60.0,0.15573414858148582,1.9178101694089056
1.2098766666666667,60.0,0.15573031101786858,1.9192159960953978
1.2102887500000001,60.0,0.15572625822043012,1.9204665091393605
1.2107008333333333,60.0,0.15572208475591381,1.9215623472325232
1.2111129166666668,60.0,0.155717806461476,1.9224700364105876
1.2115250000000002,60.0,0.15571338103539115,1.9232273738716443
1.2119370833333334,60.0,0.1557089081326355,1.9238361441089429
1.2123491666666668,60.0,0.15570436378142197,1.9242313416406152
1.21276125,60.0,0.1556997475970205,1.9245416843629775
1.2131733333333334,60.0,0.15569518153466158,1.9246792821357492
1.2135854166666669,60.0,0.15569059130368818,1.9246588026399432
1.2139975,60.0,0.15568597957000901,1.9246022739631712
1.2144095833333335,60.0,0.15568149081806443,1.9243829558860808
1.2148216666666667,60.0,0.1556770652814885,1.9240943759586602
1.2152337500000001,60.0,0.1556726829069323,1.9237956780297634
1.2156458333333335,60.0,0.15566844302400193,1.923386293120738
1.2160579166666667,60.0,0.15566435229987954,1.9229857293433736
1.2164700000000002,60.0,0.1556603923896331,1.9225976069101358
1.2168820833333334,60.0,0.15565658820916953,1.9221484822230073
1.2172941666666668,60.0,0.1556530164858988,1.9218141914886318
1.21770625,60.0,0.1556496539426308,1.921425254749087
1.2181183333333334,60.0,0.15564646342919378,1.9211291986616632
1.2185304166666668,60.0,0.1556435598666306,1.9208945206502204
1.2189425,60.0,0.1556409288792271,1.9206602628682765
1.2193545833333335,60.0,0.1556385244085489,1.9205499916303952
1.2197666666666667,60.0,0.15563643293765417,1.9204665035374933
1.22017875,60.0,0.15563463822288476,1.9204462564610112
1.2205908333333335,60.0,0.1556331338500352,1.9204775521365463
1.2210029166666667,60.0,0.1556319669516607,1.920579710950817
1.2214150000000001,60.0,0.15563109567102326,1.920673906258983
1.2218270833333333,60.0,0.15563053014410866,1.9208259927632099
1.2222391666666668,60.0,0.15563032281923356,1.9209902984273597
1.2226512500000002,60.0,0.1556304375391637,1.9211186941465357
1.2230633333333334,60.0,0.1556308331084514,1.9212603425360237
1.2234754166666668,60.0,0.1556315615494331,1.921364043133824
1.2238875,60.0,0.1556326476798188,1.9213835341964636
1.2242995833333334,60.0,0.15563399516615997,1.921375646198436
1.2247116666666669,60.0,0.15563563514372983,1.9212797064697198
1.22512375,60.0,0.1556376385817557,1.9210438443938986
1.2255358333333335,60.0,0.15563987715949715,1.9207722656627346
1.2259479166666667,60.0,0.15564235518430095,1.9203195322025222
1.2263600000000001,60.0,0.1556451599647252,1.9197646787163656
1.2267720833333335,60.0,0.1556481851619608,1.9190827117694407
1.2271841666666667,60.0,0.15565140666829158,1.9182424507634281
1.2275962500000002,60.0,0.15565486882352775,1.9172778839043165
1.2280083333333334,60.0,0.15565852252846393,1.9161758870806258
1.2284204166666668,60.0,0.15566234535985915,1.914937997755954
1.2288325,60.0,0.15566631307415216,1.9135787812968745
1.2292445833333334,60.0,0.15567041109973648,1.9121190409838382
1.2296566666666668,60.0,0.1556746305004218,1.910537994860104
1.23006875,60.0,0.15567893670377728,1.9089112743983025
1.2304808333333335,60.0,0.15568331832508345,1.9071828098225379
1.2308929166666667,60.0,0.15568772617908386,1.9054417917622073
1.231305,60.0,0.15569216164127184,1.9036714115543039
1.2317170833333335,60.0,0.15569664318355259,1.901895950859945
1.2321291666666667,60.0,0.15570106157252017,1.9001521627601017
1.2325412500000001,60.0,0.155705430520163,1.898467896724636
1.2329533333333333,60.0,0.1557098038633271,1.8968529160313807
1.2333654166666668,60.0,0.15571403540086692,1.8952971809856882
1.2337775000000002,60.0,0.1557181330415371,1.8939521185028019
1.2341895833333334,60.0,0.15572218548465097,1.8926458681700966
1.2346016666666668,60.0,0.15572604876500729,1.8915481007201314
1.23501375,60.0,0.15572970510572653,1.8906590976443978
1.2354258333333334,60.0,0.1557332343874288,1.8898712377293523
1.2358379166666669,60.0,0.15573655351764187,1.8893655860506078
1.23625,60.0,0.1557396287649654,1.889031130993845
1.2366620833333335,60.0,0.15574247761011675,1.8889006207569543
1.2370741666666667,60.0,0.15574509017929958,1.8890011755300193
1.2374862500000001,60.0,0.155747451058642,1.8893215153475962
1.2378983333333333,60.0,0.15574953074945222,1.889799001165549
1.2383104166666667,60.0,0.15575133968655572,1.8905497245722314
1.2387225000000002,60.0,0.15575286170876226,1.891413232572486
1.2391345833333334,60.0,0.15575408879350874,1.8924860930964023
1.2395466666666668,60.0,0.15575504692124165,1.8937320270374762
1.23995875,60.0,0.15575567437460447,1.8950451191820743
1.2403708333333334,60.0,0.15575599586435823,1.8965675438845222
1.2407829166666668,60.0,0.15575606091909153,1.898103493426108
1.241195,60.0,0.15575577424937062,1.8997417884189889
1.2416070833333335,60.0,0.1557551811949539,1.9014435272044177
1.2420191666666667,60.0,0.1557543555418778,1.9031339826241889
1.24243125,60.0,0.15575320108444152,1.9048381297011532
1.2428433333333335,60.0,0.1557517369558022,1.9065420315908879
1.2432554166666667,60.0,0.15575005448345722,1.9081643228019707
1.2436675000000001,60.0,0.15574811101174674,1.909753360273182
1.2440795833333333,60.0,0.1557458669376719,1.9112513508519648
1.2444916666666668,60.0,0.15574339811022034,1.9126504473660166
1.2449037500000002,60.0,0.15574074655382003,1.9139576300515373
1.2453158333333334,60.0,0.15573784280520991,1.9151122928764537
1.2457279166666668,60.0,0.15573472691404328,1.9162002020372677
1.24614,60.0,0.15573146685145206,1.9170766407985766
1.2465520833333334,60.0,0.155728004492,1.9179057554521308
1.2469641666666669,60.0,0.15572439851562556,1.9185453154625591
1.24737625,60.0,0.15572067973332945,1.9190595296239943
1.2477883333333335,60.0,0.15571680009292901,1.919512454130015
1.2482004166666667,60.0,0.1557128462718133,1.9197671469906488
1.2486125000000001,60.0,0.15570882329195676,1.9199761533206783
1.2490245833333333,60.0,0.15570470100251751,1.9200989020050494
1.2494366666666668,60.0,0.15570056155536127,1.9200999054155867
1.2498487500000002,60.0,0.1556964182124195,1.9200837156640869
1.2502608333333334,60.0,0.15569225003491197,1.9200123391567234
1.2506729166666668,60.0,0.15568809327426944,1.9198724422186697
1.251085,60.0,0.15568400377657013,1.9197899039010862
1.2514970833333334,60.0,0.15567998320791554,1.9196215531968286
1.2519091666666669,60.0,0.1556759847621157,1.9195188595485018
1.25232125,60.0,0.15567210675672824,1.919447259135849
1.2527333333333335,60.0,0.155668404155424,1.9193390006453603
1.2531454166666667,60.0,0.1556647623612295,1.9193656918575488
1.2535575,60.0,0.1556612720550758,1.9193792600449224
1.2539695833333335,60.0,0.15565801637836793,1.9194570565091649
1.2543816666666667,60.0,0.1556548948340083,1.9196104012638484
1.2547937500000002,60.0,0.15565197992048743,1.9198039367915058
1.2552058333333334,60.0,0.15564931817985772,1.9200430634105816
1.2556179166666668,60.0,0.15564684847049218,1.9203462501955146
1.2560300000000002,60.0,0.15564464022657834,1.92068478273762
1.2564420833333334,60.0,0.1556427037800676,1.9210283118236713
1.2568541666666668,60.0,0.15564100470855863,1.9214415238107936
1.25726625,60.0,0.15563960246861147,1.921809867767582
1.2576783333333335,60.0,0.15563849248352685,1.9221992347662373
1.2580904166666669,60.0,0.15563764511483127,1.922559620788999
1.2585025,60.0,0.15563709297494852,1.92287890432707
1.2589145833333335,60.0,0.1556368554673823,1.923137379352705
1.2593266666666667,60.0,0.155636899662735,1.9233417530667007
1.2597387500000001,60.0,0.155637203041636,1.9234427488398267
1.2601508333333333,60.0,0.15563783002626166,1.9234559915279894
1.2605629166666668,60.0,0.1556387731297406,1.9233643072292905
1.2609750000000002,60.0,0.1556399308135087,1.92311340015147
1.2613870833333334,60.0,0.15564137270788078,1.9227929238688037
1.2617991666666668,60.0,0.15564314354345682,1.9222733504980756
1.26221125,60.0,0.1556451165580906,1.9216370381191061
1.2626233333333334,60.0,0.1556473259463206,1.9208716221043767
1.2630354166666669,60.0,0.15564981557220442,1.919933248530405
1.2634475,60.0,0.1556524942005376,1.9188677346625438
1.2638595833333335,60.0,0.15565536999762,1.917674414385844
1.2642716666666667,60.0,0.15565845863487862,1.9163506330078017
1.26468375,60.0,0.15566171081948216,1.9149072961140914
1.2650958333333335,60.0,0.15566511132867056,1.9133874411016267
1.2655079166666667,60.0,0.1556686613923679,1.911761590070845
1.2659200000000002,60.0,0.15567232626522465,1.9100901454593233
1.2663320833333334,60.0,0.15567607633798564,1.9083698838751808
1.2667441666666668,60.0,0.15567993301237582,1.906625356677475
1.2671562500000002,60.0,0.15568384285000575,1.9048754140544764
1.2675683333333334,60.0,0.15568776154049926,1.903176602910289
1.2679804166666668,60.0,0.15569175969215468,1.9014750758986427
1.2683925,60.0,0.15569575993150928,1.8998842913101246
1.2688045833333335,60.0,0.15569967849675614,1.8983697451808519
1.2692166666666667,60.0,0.15570361685982098,1.896942709900477
1.26962875,60.0,0.1557075236776143,1.8956775542844015
1.2700408333333335,60.0,0.15571130144303397,1.894536025377157
1.2704529166666667,60.0,0.15571500063729493,1.8935525006096727
1.2708650000000001,60.0,0.15571861135486798,1.8927615324012619
1.2712770833333333,60.0,0.15572208260919077,1.8921260002037803
1.2716891666666668,60.0,0.15572538600797523,1.8916812256320061
1.2721012500000002,60.0,0.15572854390312055,1.8914687281205003
1.2725133333333334,60.0,0.15573154870147565,1.8913658913292284
1.2729254166666668,60.0,0.15573431706826815,1.891531882974835
1.2733375,60.0,0.1557368981859661,1.8918544499157193
1.2737495833333334,60.0,0.15573929092937988,1.892302993628714
1.2741616666666669,60.0,0.15574140637312706,1.8930150658046454
1.27457375,60.0,0.1557433181048763,1.8937883951445298
1.2749858333333335,60.0,0.15574499139416167,1.894727759177871
1.2753979166666667,60.0,0.1557463697086515,1.8958266495701817
1.27581,60.0,0.15574754890740725,1.8969497326236484
1.2762220833333335,60.0,0.15574844411493463,1.898216091933935
1.2766341666666667,60.0,0.15574902097040094,1.8995249852399123
1.2770462500000002,60.0,0.1557493964591212,1.9008535244023237
1.2774583333333334,60.0,0.15574949752445008,1.9022359699575144
1.2778704166666668,60.0,0.15574927495876145,1.9035865503677247
1.2782825000000002,60.0,0.15574881246645572,1.9049465397287737
1.2786945833333334,60.0,0.15574810872284725,1.9062502914542414
1.2791066666666668,60.0,0.15574712032781263,1.9075021748729595
1.27951875,60.0,0.15574586185923592,1.908714937652599
1.2799308333333335,60.0,0.1557443884285079,1.9098131716042823
1.2803429166666667,60.0,0.15574268530002855,1.9108503008157747
1.280755,60.0,0.15574070737563625,1.9117837200334418
1.2811670833333335,60.0,0.15573853712771407,1.9126158201490326
1.2815791666666667,60.0,0.15573618235263662,1.913353189660046
1.2819912500000001,60.0,0.15573358315959068,1.913971979846541
1.2824033333333333,60.0,0.15573082273947317,1.9145186769648779
1.2828154166666668,60.0,0.1557279091134756,1.9149528572120902
1.2832275000000002,60.0,0.1557248082308432,1.9152818942227527
1.2836395833333334,60.0,0.15572158704420314,1.9155905017528494
1.2840516666666668,60.0,0.1557182335148726,1.9157648163097232
1.28446375,60.0,0.15571474258252135,1.9159067941975172
1.2848758333333334,60.0,0.15571119523128965,1.9160498458459445
1.2852879166666669,60.0,0.15570757031992738,1.916063524513919
1.2857,60.0,0.15570384045360014,1.9161575242099849
1.2861120833333335,60.0,0.1557000949582314,1.9162012828499448
1.2865241666666667,60.0,0.1556963597322462,1.916221497996788
1.2869362500000001,60.0,0.1556925771331341,1.9163402998836314
1.2873483333333335,60.0,0.15568879642861783,1.916411306616374
1.2877604166666667,60.0,0.15568510330325103,1.9165626169484722
1.2881725000000002,60.0,0.15568143720732486,1.9167516980184782
1.2885845833333334,60.0,0.15567779529263384,1.9169912023642934
1.2889966666666668,60.0,0.155674293121123,1.9172733309164594
1.28940875,60.0,0.155670890687785,1.9176419939669156
1.2898208333333334,60.0,0.15566756278502622,1.9180291709023136
1.2902329166666668,60.0,0.1556644097481644,1.918498796898706
1.290645,60.0,0.1556614142169308,1.9190048301126401
1.2910570833333335,60.0,0.15565856417579374,1.919540110560889
1.2914691666666667,60.0,0.15565590796290796,1.9201319498120408
1.29188125,60.0,0.15565344225855848,1.9207126909264702
1.2922933333333335,60.0,0.1556511956114578,1.9213240821174582
1.2927054166666667,60.0,0.15564917196372877,1.9219156686051377
1.2931175000000001,60.0,0.1556473741724662,1.9224990263797794
1.2935295833333333,60.0,0.15564581650475476,1.9230199598091176
1.2939416666666668,60.0,0.15564450286975887,1.9235362411050383
1.2943537500000002,60.0,0.1556434792226942,1.92393297493472
1.2947658333333334,60.0,0.15564268518006094,1.924273648505999
1.2951779166666668,60.0,0.15564212795835508,1.9245427327954265
1.29559,60.0,0.15564191044192704,1.92464587642162
1.2960020833333334,60.0,0.15564191539444375,1.9246711277371626
1.2964141666666669,60.0,0.155642136697651,1.9245666689133774
1.29682625,60.0,0.1556427059643601,1.9242965939454162
1.2972383333333335,60.0,0.15564350023946716,1.9238904275937623
1.2976504166666667,60.0,0.15564450418984108,1.9233791750751792
1.2980625000000001,60.0,0.1556458175801542,1.922645179422384
1.2984745833333335,60.0,0.15564735515965464,1.9218345252420455
1.2988866666666667,60.0,0.1556491011263679,1.9208568775259256
1.2992987500000002,60.0,0.1556510788564653,1.9197314244081696
1.2997108333333334,60.0,0.15565327133918383,1.9185190264579834
1.3001229166666668,60.0,0.15565567010456685,1.917158669712662
1.300535,60.0,0.1556582313154618,1.91572775294995
1.3009470833333334,60.0,0.15566097200850648,1.914200739573937
1.3013591666666668,60.0,0.15566387474041848,1.9126196053042575
1.30177125,60.0,0.1556669024241716,1.9109811749141077
1.3021833333333335,60.0,0.1556700794246112,1.9093408642701089
1.3025954166666667,60.0,0.15567333898019364,1.9076673639234059
1.3030075,60.0,0.1556766802573452,1.9060388143660387
1.3034195833333335,60.0,0.15568014703571414,1.904438192366055
1.3038316666666667,60.0,0.15568362689156098,1.902881575240216
1.3042437500000001,60.0,0.15568712659237632,1.9014335312572084
1.3046558333333333,60.0,0.1556907139345014,1.9000630502621192
1.3050679166666668,60.0,0.15569427940016842,1.8988024861674206
1.3054800000000002,60.0,0.1556977977385326,1.8976788384084897
1.3058920833333334,60.0,0.15570133794163604,1.8967179103875251
1.3063041666666668,60.0,0.15570483444444808,1.8958410456978179
1.30671625,60.0,0.1557082210327907,1.8952109983826728
1.3071283333333334,60.0,0.15571154724682898,1.894690394066705
1.3075404166666669,60.0,0.15571481268460952,1.8943217219938682
1.3079525,60.0,0.15571793191592154,1.8942070226457965
1.3083645833333335,60.0,0.15572091031430133,1.8941380345902208
1.3087766666666667,60.0,0.15572378537024822,1.8943274384781639
1.3091887500000001,60.0,0.15572648710544235,1.8946265167463225
1.3096008333333335,60.0,0.155729011899152,1.8950530519205624
1.3100129166666667,60.0,0.15573138213511425,1.8956446474351738
1.3104250000000002,60.0,0.15573353411498597,1.8963386975055414
1.3108370833333334,60.0,0.15573549663507427,1.897111374373645
1.3112491666666668,60.0,0.1557372733319555,1.8980061779685258
1.31166125,60.0,0.1557387916941075,1.8989423077454057
1.3120733333333334,60.0,0.15574009697620572,1.8999283467540617
1.3124854166666668,60.0,0.15574120479789758,1.9009759792135086
1.3128975,60.0,0.1557420496132544,1.9019860414133185
1.3133095833333335,60.0,0.1557426430474101,1.903061968680652
1.3137216666666667,60.0,0.1557430219558823,1.9040581350650787
1.31413375,60.0,0.15574316219687523,1.9050665849184116
1.3145458333333335,60.0,0.1557430199627893,1.9060106976530666
1.3149579166666667,60.0,0.15574264697801274,1.9069070343416015
1.3153700000000002,60.0,0.15574208609083226,1.9077468308851113
1.3157820833333334,60.0,0.15574123446483495,1.9084862271886707
1.3161941666666668,60.0,0.15574013457440056,1.9092130547660286
1.3166062500000002,60.0,0.15573888507624256,1.909787754394486
1.3170183333333334,60.0,0.15573737036749677,1.910333096045995
1.3174304166666668,60.0,0.15573562643157557,1.9108086675424205
1.3178425,60.0,0.15573373626149772,1.9111657064299634
1.3182545833333335,60.0,0.1557316125239523,1.9115024561520697
1.3186666666666669,60.0,0.15572931707160514,1.9117815040917314
1.31907875,60.0,0.15572687535580257,1.9119478372312904
1.3194908333333335,60.0,0.1557242318196836,1.9121724410656769
1.3199029166666667,60.0,0.15572147262723562,1.912290861097171
1.3203150000000001,60.0,0.15571859283244496,1.912405405503485
1.3207270833333333,60.0,0.15571556386239313,1.9125673520972646
1.3211391666666668,60.0,0.1557124412716408,1.9126502377402168
1.3215512500000002,60.0,0.15570923794284952,1.9128246485128855
1.3219633333333334,60.0,0.1557059642487957,1.9129886748730491
1.3223754166666668,60.0,0.15570260696285892,1.913187622148328
1.3227875,60.0,0.1556992219416473,1.9134571322866387
1.3231995833333334,60.0,0.15569585679637848,1.9137594374178115
1.3236116666666669,60.0,0.15569242074384526,1.9141058281433687
1.32402375,60.0,0.1556889988970693,1.9145563933037941
1.3244358333333335,60.0,0.1556856735258634,1.9150256432824964
1.3248479166666667,60.0,0.15568232999572645,1.9155540062970462
1.32526,60.0,0.15567903451639611,1.9161902680490948
1.3256720833333335,60.0,0.15567586959381646,1.9168099973958388
1.3260841666666667,60.0,0.15567276613470618,1.9175213819847488
1.3264962500000002,60.0,0.15566975973984135,1.9182539411851751
1.3269083333333334,60.0,0.15566689564068206,1.9190090585628303
1.3273204166666668,60.0,0.1556641621783545,1.9197838230478177
1.3277325000000002,60.0,0.15566157994834667,1.9205523077140367
1.3281445833333334,60.0,0.15565917000837431,1.9213218542802413
1.3285566666666668,60.0,0.15565693605670483,1.922030914472526
1.32896875,60.0,0.15565487506675235,1.9227447544376344
1.3293808333333335,60.0,0.15565303754524737,1.923347223402247
1.3297929166666669,60.0,0.15565141215960937,1.923909292122855
1.330205,60.0,0.15564996621839194,1.924387379551883
1.3306170833333335,60.0,0.1556487894806238,1.9247276565492637
1.3310291666666667,60.0,0.15564784963949976,1.9249951476691314
1.3314412500000001,60.0,0.15564708556189197,1.925126544072567
1.3318533333333333,60.0,0.1556466004567404,1.9251045777041111
1.3322654166666668,60.0,0.15564638030302227,1.9249801641533204
1.3326775000000002,60.0,0.15564634448506823,1.9246895497934413
1.3330895833333334,60.0,0.15564655424739557,1.9242470680324781
1.3335016666666668,60.0,0.15564703467820268,1.9237010526589997
1.33391375,60.0,0.1556477304447001,1.9229489795734054
1.3343258333333334,60.0,0.15564862857370781,1.9221136582978418
1.3347379166666669,60.0,0.15564976731873945,1.9211369962205769
1.33515,60.0,0.1556511439575585,1.9200054854571893
1.3355620833333335,60.0,0.15565269273943086,1.9188180499391267
1.3359741666666667,60.0,0.1556544452869492,1.9175066313089777
1.33638625,60.0,0.15565641245193165,1.916105154758715
1.3367983333333335,60.0,0.15565851693430088,1.914675834620224
1.3372104166666667,60.0,0.15566080711789618,1.9131795352162257
1.3376225000000002,60.0,0.15566326879760833,1.9116463489288302
1.3380345833333334,60.0,0.15566582130727652,1.9101445448251118
1.3384466666666668,60.0,0.15566854358780702,1.908621323040118
1.3388587500000002,60.0,0.155671382039392,1.9071348720156076
1.3392708333333334,60.0,0.15567425759221176,1.905713867157288
1.3396829166666668,60.0,0.15567727609603774,1.9043555955819391
1.340095,60.0,0.15568036806016985,1.903044436161272
1.3405070833333335,60.0,0.1556834537127477,1.9018990494956078
1.3409191666666669,60.0,0.1556866155180487,1.900805017922368
1.34133125,60.0,0.15568982209843465,1.8998499418560442
1.3417433333333335,60.0,0.1556930075651625,1.8990546537879438
1.3421554166666667,60.0,0.15569617629577454,1.8983413082455352
1.3425675000000001,60.0,0.15569934532829305,1.8978306421509201
1.3429795833333333,60.0,0.15570249694385235,1.8974195468974213
1.3433916666666668,60.0,0.15570555306848302,1.897159089895843
1.3438037500000002,60.0,0.1557085482554927,1.8970732169072664
1.3442158333333334,60.0,0.1557115037388348,1.8970671328577837
1.3446279166666668,60.0,0.15571431195958257,1.897218718528747
1.34504,60.0,0.1557170259854945,1.897512959335848
1.3454520833333334,60.0,0.15571964836085386,1.8978457938693032
1.3458641666666669,60.0,0.155722086938418,1.8983426850976777
1.34627625,60.0,0.1557244104303336,1.8988927191691503
1.3466883333333335,60.0,0.15572658002270479,1.8994949833901624
1.3471004166666667,60.0,0.15572854425287674,1.9001881071613294
1.3475125000000001,60.0,0.15573037237231446,1.9008867038588912
1.3479245833333335,60.0,0.15573201085250074,1.901629778622313
1.3483366666666667,60.0,0.15573341966683085,1.9023674393254921
1.3487487500000002,60.0,0.15573465486726434,1.9031225791270732
1.3491608333333334,60.0,0.15573570544904697,1.903837463019396
1.3495729166666668,60.0,0.15573651261848226,1.9045314204881414
1.3499850000000002,60.0,0.15573708713835496,1.9052134165310834
1.3503970833333334,60.0,0.15573749654553304,1.905804752275726
1.3508091666666668,60.0,0.15573767718362522,1.9063746992656405
1.35122125,60.0,0.15573758030037455,1.9069003323895781
1.3516333333333335,60.0,0.15573731629416004,1.9073188557456568
1.3520454166666667,60.0,0.1557368429566421,1.9077346869280492
1.3524575,60.0,0.15573610668146215,1.9080689067110312
1.3528695833333335,60.0,0.15573519567341407,1.9083271702689475
1.3532816666666667,60.0,0.15573408367259747,1.9085982735750684
1.3536937500000001,60.0,0.15573275016584223,1.908755989082967
1.3541058333333333,60.0,0.155731238601279,1.9089268513102347
1.3545179166666668,60.0,0.15572953865946992,1.9090699202095371
1.3549300000000002,60.0,0.15572766620192313,1.9091550062427578
1.3553420833333334,60.0,0.15572562558875772,1.9092958038607093
1.3557541666666668,60.0,0.15572342751674212,1.9093969571578433
1.35616625,60.0,0.15572108701970483,1.909515109285946
1.3565783333333334,60.0,0.15571860076767988,1.9097004472222567
1.3569904166666669,60.0,0.1557160218960649,1.9098703230515968
1.3574025,60.0,0.15571331019631457,1.9100981084580628
1.3578145833333335,60.0,0.15571047504713492,1.910429247938154
1.3582266666666667,60.0,0.15570762962770548,1.910726452715452
1.3586387500000001,60.0,0.15570468037415366,1.911159117967619
1.3590508333333335,60.0,0.15570162504765123,1.9116505418822418
1.3594629166666667,60.0,0.1556986122263463,1.9121503514304727
1.3598750000000002,60.0,0.1556955605779015,1.9127985157051515
1.3602870833333334,60.0,0.15569245020136227,1.9134414372041602
1.3606991666666668,60.0,0.15568940154651906,1.9141885543099604
1.3611112500000002,60.0,0.1556863718464749,1.914952911922044
1.3615233333333334,60.0,0.15568335208908932,1.9157924002355866
1.3619354166666668,60.0,0.15568040407835965,1.9166470628173744
1.3623475,60.0,0.15567752490761597,1.9175227646909874
1.3627595833333335,60.0,0.1556747303453706,1.9184298071283987
1.3631716666666667,60.0,0.1556720216140124,1.9193076434506313
1.36358375,60.0,0.1556694271140393,1.920190297684186
1.3639958333333335,60.0,0.15566697150071365,1.9210247857104394
1.3644079166666667,60.0,0.15566463154107799,1.9218257628453175
1.3648200000000001,60.0,0.15566245621004338,1.9225472680827953
1.3652320833333333,60.0,0.1556604374057282,1.9232208249404916
1.3656441666666668,60.0,0.15565856793103158,1.9237653002044393
1.3660562500000002,60.0,0.15565692756891372,1.9242603622194925
1.3664683333333334,60.0,0.15565544471118983,1.9245896751020213
1.3668804166666668,60.0,0.1556541197065041,1.924830060415821
1.3672925,60.0,0.1556530719181632,1.9249572262471202
1.3677045833333334,60.0,0.15565220828422813,1.924881593487124
1.3681166666666669,60.0,0.1556515052078081,1.924757624750889
1.36852875,60.0,0.15565107080109208,1.9244298580869719
1.3689408333333335,60.0,0.155650849746732,1.9239725882602468
1.3693529166666667,60.0,0.15565080250147711,1.9234098474508776
1.3697650000000001,60.0,0.15565098554017656,1.922684158520892
1.3701770833333335,60.0,0.15565140211623296,1.9218337400331849
1.3705891666666667,60.0,0.15565200537351961,1.9209087602617525
1.3710012500000002,60.0,0.1556527947254362,1.9198257016429494
1.3714133333333334,60.0,0.15565381783510437,1.918695320604145
1.3718254166666668,60.0,0.15565502464682784,1.9174810643473403
1.3722375,60.0,0.1556563896590514,1.9161852022718713
1.3726495833333334,60.0,0.15565796536384058,1.914878966759924
1.3730616666666668,60.0,0.15565969178929107,1.9135212330316451
1.37347375,60.0,0.1556615715121596,1.9121724133096711
1.3738858333333335,60.0,0.1556636316128566,1.9108023331597765
1.3742979166666667,60.0,0.15566578554829488,1.9095047024522254
1.37471,60.0,0.15566807437587687,1.908190464023775
1.3751220833333335,60.0,0.15567051676040478,1.9069747253647928
1.3755341666666667,60.0,0.15567302670581273,1.905820768402277
1.3759462500000001,60.0,0.15567561618018003,1.9047152278833335
1.3763583333333334,60.0,0.15567830410278347,1.903774831766658
1.3767704166666668,60.0,0.15568106677542384,1.902851392455189
1.3771825000000002,60.0,0.1556838477764047,1.902106176519385
1.3775945833333334,60.0,0.1556866618678303,1.9014568047333194
1.3780066666666668,60.0,0.15568955678465907,1.900898150615828
1.37841875,60.0,0.1556924153488055,1.9005006935790798
1.3788308333333334,60.0,0.15569524802541046,1.9002050197879785
1.3792429166666669,60.0,0.1556981401714968,1.9000037074788583
1.379655,60.0,0.15570095491633265,1.8999450466931356
1.3800670833333335,60.0,0.1557037016474731,1.8999805898839943
1.3804791666666667,60.0,0.1557064523452522,1.900078033746674
1.3808912500000001,60.0,0.1557090949610332,1.9003282366008962
1.3813033333333335,60.0,0.15571165565259554,1.9005791043409994
1.3817154166666668,60.0,0.15571414558717145,1.9009487869915556
1.3821275000000002,60.0,0.1557164911341112,1.9013429980434413
1.3825395833333334,60.0,0.1557187452889286,1.9017824330038833
1.3829516666666668,60.0,0.1557208819636167,1.9022538950036412
1.38336375,60.0,0.15572284945354947,1.9027221571276902
1.3837758333333334,60.0,0.15572467467061502,1.903225728318025
1.3841879166666669,60.0,0.15572635398915266,1.9036765188719353
1.3846,60.0,0.1557278725592409,1.904153783204749
1.3850120833333335,60.0,0.1557291905903977,1.9045709624196474
1.3854241666666667,60.0,0.15573033409894085,1.9049771651108838
1.38583625,60.0,0.1557313363826326,1.9053370793517674
1.3862483333333335,60.0,0.15573209742448202,1.9056503139597953
1.3866604166666667,60.0,0.1557326562408909,1.9059274204183578
1.3870725000000002,60.0,0.1557330832887714,1.9061700319617312
1.3874845833333334,60.0,0.1557332605238366,1.9063306017366901
1.3878966666666668,60.0,0.1557332154227895,1.906496475290186
1.3883087500000002,60.0,0.15573303269592484,1.9066185628523218
1.3887208333333334,60.0,0.15573262461149662,1.9066534123412933
1.3891329166666668,60.0,0.15573199588637626,1.9067659034663111
1.389545,60.0,0.15573120693655962,1.906770411841704
1.3899570833333335,60.0,0.15573022122605432,1.9068102676151553
1.3903691666666669,60.0,0.15572905074216792,1.9068741648413017
1.39078125,60.0,0.1557277144412232,1.9068978259698819
1.3911933333333335,60.0,0.15572619778357888,1.9069897079295715
1.3916054166666667,60.0,0.1557245167984473,1.9071139330238902
1.3920175000000001,60.0,0.15572269907085168,1.9072307021285486
1.3924295833333336,60.0,0.155720741143036,1.9074664348778472
1.3928416666666668,60.0,0.15571861832470957,1.9077153374086702
1.3932537500000002,60.0,0.15571639889753383,1.9080149582873718
1.3936658333333334,60.0,0.15571409231968636,1.9084450132674875
1.3940779166666668,60.0,0.15571162990375034,1.9088627241398513
1.39449,60.0,0.15570910418929831,1.9094209344152464
1.3949020833333334,60.0,0.15570654177027035,1.910021337514632
1.3953141666666669,60.0,0.1557038629742287,1.9106768851865064
1.39572625,60.0,0.15570114283510272,1.9114445194446397
1.3961383333333335,60.0,0.15569842932157377,1.9122267315222548
1.3965504166666667,60.0,0.1556956704024772,1.9130839822306596
1.3969625,60.0,0.15569288551581525,1.913987010936517
1.3973745833333335,60.0,0.1556901261463911,1.9149164436827821
1.3977866666666667,60.0,0.155687410231571,1.9158652927300655
1.3981987500000002,60.0,0.1556847001874798,1.916829913499042
1.3986108333333334,60.0,0.15568203059413754,1.917790823383851
1.3990229166666668,60.0,0.15567945950525056,1.9187240152823235
1.3994350000000002,60.0,0.15567692805110975,1.9196279891731323
1.3998470833333334,60.0,0.15567449253053475,1.9205065479509154
1.4002591666666668,60.0,0.15567218544476003,1.9212822354151395
1.40067125,60.0,0.15566993575743587,1.9220249539828447
1.4010833333333335,60.0,0.15566784878369266,1.9226808386499519
1.4014954166666669,60.0,0.15566591339618208,1.9231827719411234
1.4019075,60.0,0.15566405316463336,1.923671085777879
1.4023195833333335,60.0,0.15566239928552994,1.9239641694408238
1.4027316666666667,60.0,0.15566091796304427,1.9241541392391497
1.4031437500000001,60.0,0.15565954774088445,1.9242588744158013
1.4035558333333333,60.0,0.15565838949304325,1.9241627818215767
1.4039679166666668,60.0,0.15565742576612546,1.9239942288788803
1.4043800000000002,60.0,0.15565662244061784,1.92366633440259
1.4047920833333334,60.0,0.15565599582550715,1.923211860414707
1.4052041666666668,60.0,0.15565557872709748,1.9226589437920234
1.40561625,60.0,0.15565537699599774,1.921960964751266
1.4060283333333334,60.0,0.15565531748186578,1.921173625917338
1.4064404166666669,60.0,0.15565545386031562,1.9203048658189759
1.4068525,60.0,0.15565582514387954,1.9193194092624901
1.4072645833333335,60.0,0.15565633394667167,1.9182834693155821
1.4076766666666667,60.0,0.15565703194472055,1.9172053295498548
1.4080887500000001,60.0,0.15565794034824387,1.916052656472648
1.4085008333333335,60.0,0.15565897778657498,1.914887697745626
1.4089129166666667,60.0,0.15566020635985972,1.9137371864863055
1.4093250000000002,60.0,0.15566160532282047,1.9125428056320866
1.4097370833333334,60.0,0.15566311464597915,1.9113978387480162
1.4101491666666668,60.0,0.1556647990657271,1.9103030358896607
1.4105612500000002,60.0,0.15566662600904146,1.9091960972679225
1.4109733333333334,60.0,0.15566854142116682,1.908211377989804
1.4113854166666668,60.0,0.15567058960516453,1.9072654478002669
1.4117975,60.0,0.1556727663531734,1.9063822435986768
1.4122095833333335,60.0,0.15567500445601096,1.9056139414933282
1.4126216666666669,60.0,0.1556773108942465,1.9049297754817809
1.41303375,60.0,0.15567973683243574,1.9043054705882894
1.4134458333333335,60.0,0.1556822123667529,1.9038352481056544
1.4138579166666667,60.0,0.15568468569637572,1.9034135060640327
1.4142700000000001,60.0,0.15568723729159795,1.9031013419128469
1.4146820833333333,60.0,0.15568983299076977,1.9029048294540096
1.4150941666666668,60.0,0.15569239334386797,1.902744550701881
1.4155062500000002,60.0,0.15569497389730033,1.9027239837240668
1.4159183333333334,60.0,0.15569756285279338,1.9027305553189808
1.4163304166666668,60.0,0.15570010194457512,1.9028206021352656
1.4167425,60.0,0.15570261371379202,1.902970614097656
1.4171545833333334,60.0,0.15570508267075794,1.9031512112144895
1.4175666666666669,60.0,0.15570748112307334,1.903372040518017
1.41797875,60.0,0.15570981363825487,1.903623154134432
1.4183908333333335,60.0,0.15571206647972577,1.90387856124791
1.4188029166666667,60.0,0.1557142203659187,1.9041384180932752
1.4192150000000001,60.0,0.155716264412915,1.904410237775251
1.4196270833333335,60.0,0.15571821179782902,1.9046465369033014
1.4200391666666667,60.0,0.15572002479862398,1.9048741681157866
1.4204512500000002,60.0,0.1557216768606216,1.9050836572287386
1.4208633333333334,60.0,0.15572324283124203,1.905255137634705
1.4212754166666668,60.0,0.15572464273633638,1.9053702459666941
1.4216875000000002,60.0,0.15572582429615572,1.905508787775872
1.4220995833333334,60.0,0.1557269205215785,1.9055486711907235
1.4225116666666668,60.0,0.1557278457389346,1.9055732318648824
1.42292375,60.0,0.15572853287111016,1.9056067684666043
1.4233358333333335,60.0,0.1557290983117421,1.9055472896224166
1.423747916666667,60.0,0.15572948735826359,1.905503268621349
1.42416,60.0,0.155729662485766,1.9054623397502832
1.4245720833333335,60.0,0.15572967497118795,1.9053590402319653
1.4249841666666667,60.0,0.15572950173386685,1.9053054565765315
1.4253962500000001,60.0,0.1557291523389839,1.9052571061736214
1.4258083333333333,60.0,0.15572861866627172,1.9051751855462382
1.4262204166666668,60.0,0.1557279077417409,1.9052114330954584
1.4266325000000002,60.0,0.1557270452805176,1.9051944799959635
1.4270445833333334,60.0,0.15572599045740607,1.905268003578352
1.4274566666666668,60.0,0.15572479084679314,1.9054189400525139
1.42786875,60.0,0.15572344547486228,1.9055434304467704
1.4282808333333334,60.0,0.15572192074335486,1.905845285846417
1.4286929166666669,60.0,0.155720305282718,1.9061362049026342
1.429105,60.0,0.1557185384631791,1.9065230205996606
1.4295170833333335,60.0,0.15571660854498415,1.9070196363921792
1.4299291666666667,60.0,0.15571464143689817,1.9075459598413327
1.4303412500000001,60.0,0.15571255418228244,1.9081722286752323
1.4307533333333335,60.0,0.1557103248548489,1.9088750560947096
1.4311654166666667,60.0,0.1557080707692714,1.9096339737005443
1.4315775000000002,60.0,0.15570575646647322,1.9104471608359466
1.4319895833333334,60.0,0.15570334698677976,1.9113376209741773
1.4324016666666668,60.0,0.15570090493231076,1.9122432000150242
1.4328137500000002,60.0,0.1556984599761909,1.9132049456898856
1.4332258333333334,60.0,0.15569598007586546,1.9141657896095325
1.4336379166666668,60.0,0.15569347741166392,1.9151729646475868
1.43405,60.0,0.15569101490476372,1.9161232273297348
1.4344620833333335,60.0,0.15568856316650795,1.91711418105184
1.4348741666666667,60.0,0.15568611968697468,1.918041493829
1.43528625,60.0,0.15568374996809828,1.9189075842682068
1.4356983333333335,60.0,0.15568142524881265,1.9197897116138485
1.4361104166666667,60.0,0.1556791565119926,1.9205010447905928
1.4365225000000001,60.0,0.15567699193784895,1.9212174182274713
1.4369345833333333,60.0,0.1556748906059919,1.921803869479747
1.4373466666666668,60.0,0.15567288671896146,1.9222809462017247
1.4377587500000002,60.0,0.15567102876607472,1.922683151683179
1.4381708333333334,60.0,0.15566926558726202,1.9229490597561285
1.4385829166666668,60.0,0.15566761042703237,1.9230936445824518
1.438995,60.0,0.15566611974380165,1.923150554811499
1.4394070833333334,60.0,0.15566478530438488,1.923049712082642
1.4398191666666669,60.0,0.15566356183396726,1.9228418606379352
1.44023125,60.0,0.15566249285426362,1.92255621364302
1.4406433333333335,60.0,0.15566163642162983,1.92208119969337
1.4410554166666667,60.0,0.15566090504209942,1.9215835615047472
1.4414675000000001,60.0,0.15566031550891618,1.9209422632511488
1.4418795833333335,60.0,0.15565995634192922,1.9202233894906036
1.4422916666666667,60.0,0.15565973639401628,1.9194355112401242
1.4427037500000002,60.0,0.15565965488179548,1.9185907326871297
1.4431158333333334,60.0,0.15565979782057918,1.9176697201506336
1.4435279166666668,60.0,0.15566008539090637,1.916737518716169
1.4439400000000002,60.0,0.15566052034963263,1.9157810374161581
1.4443520833333334,60.0,0.15566115285443471,1.914777120909384
1.4447641666666668,60.0,0.15566191537538746,1.9138316653182128
1.44517625,60.0,0.15566284185921547,1.9128543683055432
1.4455883333333335,60.0,0.15566394065092273,1.9119200352261465
1.4460004166666667,60.0,0.15566514820678948,1.9110297294327911
1.4464125,60.0,0.1556665013084098,1.9101767681207673
1.4468245833333335,60.0,0.15566800092972638,1.9093734644714389
1.4472366666666667,60.0,0.15566961665647838,1.9086558096348318
1.4476487500000002,60.0,0.15567132934047534,1.9079785142948351
1.4480608333333334,60.0,0.15567314448304248,1.907391315542625
1.4484729166666668,60.0,0.15567509964121995,1.906893536115613
1.4488850000000002,60.0,0.1556771049511005,1.9064177128253994
1.4492970833333334,60.0,0.155679158416921,1.9060978904154802
1.4497091666666668,60.0,0.15568135028795368,1.9057851451494028
1.45012125,60.0,0.15568355853649382,1.9055607580692056
1.4505333333333335,60.0,0.1556857776432263,1.905427594897934
1.4509454166666669,60.0,0.15568810121767993,1.9053167293570445
1.4513575,60.0,0.15569041962153518,1.9052721660231753
1.4517695833333335,60.0,0.15569272495395092,1.9052794430291788
1.4521816666666667,60.0,0.1556950711826645,1.9053190044695372
1.4525937500000001,60.0,0.1556973965680264,1.9053641976655402
1.4530058333333336,60.0,0.15569969756862678,1.90547884223949
1.4534179166666668,60.0,0.1557019769150033,1.9055440219418354
1.4538300000000002,60.0,0.15570420556957454,1.9056609816899195
1.4542420833333334,60.0,0.15570638215899368,1.905747501348772
1.4546541666666668,60.0,0.15570850335392136,1.9058216174593468
1.45506625,60.0,0.15571055396939104,1.9058906128722637
1.4554783333333334,60.0,0.15571249446176325,1.9059205952275962
1.4558904166666669,60.0,0.15571435958198682,1.9059413407945403
1.4563025,60.0,0.15571615203827144,1.9058981419814935
1.4567145833333335,60.0,0.15571777795656824,1.9058789687909814
1.4571266666666667,60.0,0.15571929704689136,1.90576353693806
1.45753875,60.0,0.15572073275387355,1.9056717223553195
1.4579508333333335,60.0,0.1557219853459781,1.9055327084255769
1.4583629166666667,60.0,0.1557230946912694,1.9053506904135458
1.4587750000000002,60.0,0.15572409574838025,1.9052082201935416
1.4591870833333334,60.0,0.15572492683622932,1.9049878542974954
1.4595991666666668,60.0,0.1557255773286846,1.9048006975341645
1.4600112500000002,60.0,0.1557260882530239,1.9046346953773028
1.4604233333333334,60.0,0.15572645779898148,1.9044191732512616
1.4608354166666668,60.0,0.15572662884203994,1.9042825969355854
1.4612475,60.0,0.1557266332218187,1.9041693930720343
1.4616595833333335,60.0,0.1557265078455427,1.9040319376962744
1.4620716666666669,60.0,0.15572618678165462,1.9040429141463704
1.46248375,60.0,0.15572570775748895,1.9040180317991353
1.4628958333333335,60.0,0.1557250959729015,1.9040954493481803
1.4633079166666667,60.0,0.1557242881747784,1.904255395388914
1.4637200000000001,60.0,0.15572335901384693,1.9044458054889877
1.4641320833333336,60.0,0.15572230515880495,1.904746251905249
1.4645441666666668,60.0,0.1557210526900209,1.9051158001590087
1.4649562500000002,60.0,0.15571970456543727,1.9055600556304508
1.4653683333333334,60.0,0.15571825855640545,1.9060845013058598
1.4657804166666668,60.0,0.1557166406606067,1.9066878703672767
1.4661925,60.0,0.1557149353604463,1.907366084634602
1.4666045833333334,60.0,0.15571315804823002,1.9081073030702944
1.4670166666666669,60.0,0.15571126283821138,1.9089029980237886
1.46742875,60.0,0.15570927890256914,1.909778141800653
1.4678408333333335,60.0,0.15570724502019528,1.9106605239192764
1.4682529166666667,60.0,0.15570516697616946,1.911605301112942
1.468665,60.0,0.15570300449951416,1.91256014004982
1.4690770833333335,60.0,0.15570080429517116,1.9135202719935303
1.4694891666666667,60.0,0.1556986234412815,1.9145032047987587
1.4699012500000002,60.0,0.1556963886097192,1.9154181038835154
1.4703133333333334,60.0,0.15569413938919263,1.9163766301765381
1.4707254166666668,60.0,0.15569194134079167,1.9172415638638396
1.4711375000000002,60.0,0.15568972584844465,1.9180536577066263
1.4715495833333334,60.0,0.15568754386059366,1.91886391641234
1.4719616666666668,60.0,0.15568542958743156,1.919517785998852
1.47237375,60.0,0.1556833167862026,1.9201429673609447
1.4727858333333335,60.0,0.15568129047351112,1.920686785714916
1.4731979166666669,60.0,0.15567935882738734,1.9210743879115237
1.47361,60.0,0.15567745465325464,1.9214244001388276
1.4740220833333335,60.0,0.1556756622125304,1.9216459579552982
1.4744341666666667,60.0,0.15567399161166418,1.921730826248404
1.4748462500000001,60.0,0.15567239406336048,1.9217607608401819
1.4752583333333336,60.0,0.15567090331422534,1.9216499722335165
1.4756704166666668,60.0,0.1556695638856367,1.9214340005233295
1.4760825000000002,60.0,0.15566835139137616,1.9211504322056046
1.4764945833333334,60.0,0.15566722752728182,1.9207417104874336
1.4769066666666668,60.0,0.1556662691227994,1.9202685999987887
1.47731875,60.0,0.15566548359578047,1.9197209327701603
1.4777308333333334,60.0,0.1556647898535696,1.9190901964406446
1.4781429166666669,60.0,0.15566425714349932,1.9184300749684833
1.478555,60.0,0.1556639081261528,1.9177069606399113
1.4789670833333335,60.0,0.15566367714030435,1.9169489907795243
1.4793791666666667,60.0,0.15566360293677506,1.916190035502627
1.4797912500000001,60.0,0.15566368976410705,1.915394791918183
1.4802033333333335,60.0,0.15566391524363402,1.9146165711054324
1.4806154166666667,60.0,0.15566429761882233,1.9138464118600538
1.4810275000000002,60.0,0.15566482846095198,1.9130956741521097
1.4814395833333334,60.0,0.1556654966198659,1.9123725874965611
1.4818516666666668,60.0,0.15566629873886012,1.9116970600333185
1.4822637500000002,60.0,0.15566725508041876,1.9110632099056895
1.4826758333333334,60.0,0.15566833567346158,1.910458287184698
1.4830879166666668,60.0,0.15566950853971173,1.9099588037813608
1.4835,60.0,0.1556708479512297,1.9094583501669444
1.4839120833333335,60.0,0.15567229303136937,1.9090463192867508
1.4843241666666669,60.0,0.15567378146795355,1.9087044308074392
1.48473625,60.0,0.15567543261998415,1.908388622341807
1.4851483333333335,60.0,0.1556771757178447,1.9081333294136134
1.4855604166666667,60.0,0.15567893304346553,1.90796648787784
1.4859725000000001,60.0,0.1556808109033419,1.9077855520656444
1.4863845833333333,60.0,0.15568276244487866,1.907686204526048
1.4867966666666668,60.0,0.15568473125606536,1.9076199100007478
1.4872087500000002,60.0,0.15568675423686967,1.9075450143120978
1.4876208333333334,60.0,0.15568881805058335,1.9075421998913213
1.4880329166666668,60.0,0.15569090691168216,1.907499136286894
1.488445,60.0,0.15569300278594694,1.9075023091092724
1.4888570833333334,60.0,0.1556951023371256,1.9074768142385692
1.4892691666666669,60.0,0.155697207420034,1.90745514645223
1.48968125,60.0,0.15569928054360424,1.9074140534802189
1.4900933333333335,60.0,0.15570133569305383,1.9073542052519241
1.4905054166666667,60.0,0.1557033623751952,1.9072719527249193
1.4909175000000001,60.0,0.15570531269222204,1.907149492567548
1.4913295833333335,60.0,0.1557072401360861,1.9070314036854652
1.4917416666666667,60.0,0.15570909932277502,1.9068330480673876
1.4921537500000002,60.0,0.15571083543307818,1.9066481945002374
1.4925658333333334,60.0,0.15571254389915817,1.906424806368764
1.4929779166666668,60.0,0.15571415986322842,1.9061480129506252
1.4933900000000002,60.0,0.15571561272451334,1.9058859093252472
1.4938020833333334,60.0,0.15571700879646977,1.9056063388469493
1.4942141666666668,60.0,0.15571830707892073,1.905260051821958
1.49462625,60.0,0.15571942745793574,1.904997147804215
1.4950383333333335,60.0,0.15572043828460852,1.9046717348571631
1.495450416666667,60.0,0.1557213433746692,1.9043621176851857
1.4958625,60.0,0.15572208943880197,1.904133146160173
1.4962745833333335,60.0,0.15572268329904884,1.9038400081773648
1.4966866666666667,60.0,0.15572315012264232,1.903663951029937
1.4970987500000001,60.0,0.15572347255737895,1.9034994003248866
1.4975108333333333,60.0,0.15572362624361918,1.9033701913118386
1.4979229166666668,60.0,0.15572364582110718,1.9033450162288663
1.4983350000000002,60.0,0.1557235207786255,1.9033495530447893
1.4987470833333334,60.0,0.15572322731625787,1.90343107760763
1.4991591666666668,60.0,0.15572281216806355,1.9036115785521364
1.49957125,60.0,0.15572224703057444,1.9038359646655536
1.4999833333333334,60.0,0.1557215196915568,1.904163683524339
1.5003954166666669,60.0,0.15572069690904358,1.9045742466027153
1.5008075,60.0,0.1557197301956975,1.9050320741298055
1.5012195833333335,60.0,0.1557186087695596,1.9056191909979252
1.5016316666666667,60.0,0.15571740688666108,1.9062207785213379
1.5020437500000001,60.0,0.15571609750673515,1.9069348868911196
1.5024558333333335,60.0,0.15571464821719794,1.9076813084787956
1.5028679166666667,60.0,0.155713106383479,1.908487293918949
1.5032800000000002,60.0,0.15571151867091368,1.909354146970985
1.5036920833333334,60.0,0.1557098255241056,1.910198169318795
1.5041041666666668,60.0,0.1557080249007317,1.9111542397568149
1.5045162500000002,60.0,0.15570622114342858,1.9120238514033379
1.5049283333333334,60.0,0.15570435087467563,1.9129583910336816
1.5053404166666668,60.0,0.15570239367460798,1.9138702148552837
1.5057525,60.0,0.1557004573428468,1.914724762169283
1.5061645833333335,60.0,0.15569848110023873,1.9155855049429236
1.506576666666667,60.0,0.15569646637675646,1.916389799568868
1.50698875,60.0,0.15569448840241693,1.9171107153451934
1.5074008333333335,60.0,0.15569248922422843,1.917805228639677
1.5078129166666667,60.0,0.155690505332335,1.9184200408920404
1.5082250000000001,60.0,0.15568857334142117,1.9189052151428683
1.5086370833333334,60.0,0.15568664647590771,1.9194005424739726
1.5090491666666668,60.0,0.1556847695501253,1.9197035137151774
1.5094612500000002,60.0,0.155682959521511,1.9199803773496775
1.5098733333333334,60.0,0.15568120433125132,1.9201570193970736
1.5102854166666668,60.0,0.15567950659061147,1.9201912634754812
1.5106975,60.0,0.15567788394787443,1.9202093863840046
1.5111095833333335,60.0,0.15567638722133,1.9200809543131632
1.5115216666666669,60.0,0.1556749525229191,1.9198764208442556
1.51193375,60.0,0.1556735843558249,1.9196307753601545
1.5123458333333335,60.0,0.15567239179504047,1.9192741745811264
1.5127579166666667,60.0,0.15567128429833652,1.918848071805564
1.5131700000000001,60.0,0.15567024808981184,1.9184250657436746
1.5135820833333336,60.0,0.1556693968733061,1.9178759761252586
1.5139941666666668,60.0,0.1556686559711981,1.9173512449952559
1.5144062500000002,60.0,0.1556680087640098,1.9167718092356782
1.5148183333333334,60.0,0.1556675321548957,1.9161802642346824
1.5152304166666668,60.0,0.15566718099691443,1.915580870743501
1.5156425000000002,60.0,0.15566694760624683,1.9149822958440703
1.5160545833333334,60.0,0.15566686973605268,1.9144025899441215
1.5164666666666669,60.0,0.15566691956223086,1.913814549596581
1.51687875,60.0,0.15566709771751455,1.9132962424100677
1.5172908333333335,60.0,0.1556674236918541,1.912754907283444
1.5177029166666667,60.0,0.15566787678048455,1.9122918954246522
1.518115,60.0,0.1556684452338317,1.9118538975305968
1.5185270833333335,60.0,0.15566915483912785,1.9114450203096829
1.5189391666666667,60.0,0.155670005673566,1.9111032567164017
1.5193512500000002,60.0,0.1556709397313889,1.9107909310024156
1.5197633333333334,60.0,0.15567198342540858,1.910519014756237
1.5201754166666668,60.0,0.15567318511213188,1.9103029317935067
1.5205875000000002,60.0,0.15567445349790124,1.9101121854842456
1.5209995833333334,60.0,0.15567579170917484,1.9099450393872839
1.5214116666666668,60.0,0.15567727126585965,1.9098522006969463
1.52182375,60.0,0.15567881785235316,1.9097129243884763
1.5222358333333335,60.0,0.1556804054721346,1.9096515529350113
1.5226479166666669,60.0,0.15568208777830092,1.909582862592709
1.52306,60.0,0.1556838377160824,1.9094895491517334
1.5234720833333335,60.0,0.15568560938969933,1.9094465117707313
1.5238841666666667,60.0,0.15568742551195178,1.9093535159924668
1.5242962500000001,60.0,0.15568929680535287,1.9092685816653703
1.5247083333333336,60.0,0.1556911702175183,1.9091499481498866
1.5251204166666668,60.0,0.1556930502369147,1.909038045696397
1.5255325000000002,60.0,0.15569496132341262,1.9088522849503944
1.5259445833333334,60.0,0.15569684215627427,1.9086808751638737
1.5263566666666668,60.0,0.15569871347928826,1.9084697328765743
1.5267687500000002,60.0,0.15570059129235903,1.9081843641260163
1.5271808333333334,60.0,0.1557023831271731,1.907939331643834
1.5275929166666669,60.0,0.15570415230241202,1.907609611295858
1.528005,60.0,0.15570591366480177,1.9072560773142742
1.5284170833333335,60.0,0.15570755220462312,1.9069192888082471
1.5288291666666667,60.0,0.15570913579460766,1.9065208457262401
1.52924125,60.0,0.1557106826835255,1.9061184983656139
1.5296533333333335,60.0,0.15571211096872284,1.9057466150944278
1.5300654166666667,60.0,0.15571344292322287,1.9053061769051223
1.5304775000000002,60.0,0.15571469045530562,1.9049508433487758
1.5308895833333334,60.0,0.155715845752786,1.904562134616943
1.5313016666666668,60.0,0.15571686943182733,1.9041916889035335
1.5317137500000002,60.0,0.15571776415845856,1.9039234270314134
1.5321258333333334,60.0,0.1557185873017268,1.903597887720134
1.5325379166666668,60.0,0.15571925189575705,1.9033913297914489
1.53295,60.0,0.15571976829001574,1.903233055039153
1.5333620833333335,60.0,0.15572021018073862,1.903096736604794
1.5337741666666669,60.0,0.155720482555488,1.903069513709533
1.53418625,60.0,0.15572061645218618,1.9031103832771565
1.5345983333333335,60.0,0.15572065283088668,1.903191787599516
1.5350104166666667,60.0,0.1557205108181489,1.9034000411558953
1.5354225000000001,60.0,0.15572025663120606,1.9036541664527646
1.5358345833333336,60.0,0.1557199013254139,1.9039961221189403
1.5362466666666668,60.0,0.15571936549192678,1.9044163141243486
1.5366587500000002,60.0,0.15571872513270146,1.904915395429504
1.5370708333333334,60.0,0.1557179955050695,1.9054745624358147
1.5374829166666668,60.0,0.1557171161024276,1.9060932957533827
1.537895,60.0,0.15571611723484607,1.9067994505891253
1.5383070833333334,60.0,0.1557150403547766,1.9075113265099062
1.5387191666666669,60.0,0.1557138687320479,1.9082953756560415
1.53913125,60.0,0.15571256698301852,1.9091109312309613
1.5395433333333335,60.0,0.15571119648828305,1.9099256158377556
1.5399554166666667,60.0,0.155709778689463,1.9107739411953757
1.5403675000000001,60.0,0.1557082449549143,1.9116220661808299
1.5407795833333335,60.0,0.1557066509897636,1.9124349896901016
1.5411916666666667,60.0,0.15570504151535342,1.9132718019388326
1.5416037500000002,60.0,0.15570335478124311,1.9140377402201367
1.5420158333333334,60.0,0.15570162003192908,1.914773533804729
1.5424279166666668,60.0,0.15569988107604624,1.915500178601767
1.5428400000000002,60.0,0.15569810671630627,1.916092740235355
1.5432520833333334,60.0,0.15569631931147748,1.9167001763099967
1.5436641666666668,60.0,0.15569454023160104,1.9172036373776102
1.54407625,60.0,0.15569275087508447,1.9176043017500983
1.5444883333333335,60.0,0.1556909754388371,1.9180051567580714
1.5449004166666669,60.0,0.1556892428619228,1.918248367184465
1.5453125,60.0,0.15568752512693423,1.918440930254492
1.5457245833333335,60.0,0.15568582319417715,1.9185926031158538
1.5461366666666667,60.0,0.15568420440333008,1.9185889784668726
1.5465487500000001,60.0,0.1556826416169111,1.918571725318161
1.5469608333333336,60.0,0.15568108894736282,1.9184767936162352
1.5473729166666668,60.0,0.15567964475978505,1.9182794713906803
1.5477850000000002,60.0,0.15567829954362236,1.9180644665431634
1.5481970833333334,60.0,0.15567697060971467,1.9177807926026609
1.5486091666666668,60.0,0.1556757642790128,1.9174478156766621
1.54902125,60.0,0.15567468208159116,1.9170834991159909
1.5494333333333334,60.0,0.15567364734259853,1.9166937519198057
1.5498454166666669,60.0,0.1556727312138105,1.9162775549698738
1.5502575,60.0,0.15567193936125884,1.915847529954144
1.5506695833333335,60.0,0.15567124800261045,1.9154237686861626
1.5510816666666667,60.0,0.1556706726846843,1.914986720365308
1.5514937500000001,60.0,0.15567020801288925,1.9145727207465602
1.5519058333333335,60.0,0.15566987599984655,1.9141693783535774
1.5523179166666667,60.0,0.15566965956139672,1.9137802757949955
1.5527300000000002,60.0,0.1556695582263632,1.9134310734484967
1.5531420833333334,60.0,0.1556695959682735,1.9130998643147015
1.5535541666666668,60.0,0.155669728095339,1.912790903114889
1.5539662500000002,60.0,0.15567000304693052,1.9125519786635645
1.5543783333333334,60.0,0.1556704160736109,1.9122918351888591
1.5547904166666668,60.0,0.1556708860911018,1.912100187349633
1.5552025,60.0,0.15567151995867864,1.9119543722654375
1.5556145833333335,60.0,0.15567228496532623,1.9117593103225852
1.556026666666667,60.0,0.15567308418057285,1.9116950212772248
1.55643875,60.0,0.15567404038148042,1.9115637535929122
1.5568508333333335,60.0,0.15567511461147265,1.9114805289857162
1.5572629166666667,60.0,0.15567622188201455,1.911419441545667
1.5576750000000001,60.0,0.15567744342577297,1.9113351336638364
1.5580870833333336,60.0,0.1556787670429544,1.9112670944743657
1.5584991666666668,60.0,0.1556801466376872,1.9111834275502442
1.5589112500000002,60.0,0.1556815837439478,1.9111003074559514
1.5593233333333334,60.0,0.15568309161153682,1.9109698410553553
1.5597354166666668,60.0,0.15568466777638768,1.9108597642425142
1.5601475,60.0,0.1556862627569282,1.910679968801839
1.5605595833333334,60.0,0.1556879026302495,1.9104955904894012
1.5609716666666669,60.0,0.15568958554058998,1.9102774425435032
1.56138375,60.0,0.15569126332117883,1.9100120216612204
1.5617958333333335,60.0,0.1556929771762939,1.9097179000767655
1.5622079166666667,60.0,0.15569469275150913,1.9094062362232898
1.5626200000000001,60.0,0.1556963729941889,1.9090270757884111
1.5630320833333335,60.0,0.15569807692919657,1.9086476802850245
1.5634441666666667,60.0,0.155699755386071,1.9082422660548806
1.5638562500000002,60.0,0.1557013679143916,1.9077725845193245
1.5642683333333334,60.0,0.15570297365071062,1.9073609528676776
1.5646804166666668,60.0,0.15570454261088368,1.906859795611851
1.5650925000000002,60.0,0.15570602006526577,1.9064031808076498
1.5655045833333334,60.0,0.15570744147875967,1.9059503859106883
1.5659166666666668,60.0,0.15570883208066122,1.9054743755473762
1.56632875,60.0,0.15571012176240992,1.9050478234762684
1.5667408333333335,60.0,0.15571129514558096,1.9046534562648147
1.567152916666667,60.0,0.15571243271913668,1.9042553463084386
1.567565,60.0,0.15571347080519513,1.9039413625962072
1.5679770833333335,60.0,0.15571436223027135,1.9036674672596323
1.5683891666666667,60.0,0.1557151933156094,1.903415747926978
1.5688012500000001,60.0,0.15571591467366808,1.9032887439126038
1.5692133333333333,60.0,0.1557164953440929,1.9031671891545205
1.5696254166666668,60.0,0.1557169947292365,1.9031559352837386
1.5700375000000002,60.0,0.15571736250477083,1.9032049931444053
1.5704495833333334,60.0,0.155717598670931,1.903326258234933
1.5708616666666668,60.0,0.1557177470960729,1.903535013043835
1.57127375,60.0,0.15571775645717212,1.9038006373334622
1.5716858333333334,60.0,0.15571763797742505,1.9041673454920183
1.5720979166666669,60.0,0.1557174247100737,1.9045690350474378
1.57251,60.0,0.15571708630018563,1.9050731973712232
1.5729220833333335,60.0,0.15571662374594986,1.9056063767202454
1.5733341666666667,60.0,0.15571605311451928,1.9062163098366176
1.5737462500000001,60.0,0.15571539899684875,1.9068647129578953
1.5741583333333335,60.0,0.15571462763709468,1.9075446930036242
1.5745704166666668,60.0,0.15571371967669737,1.908267143937795
1.5749825000000002,60.0,0.15571277757561566,1.9090117709477994
1.5753945833333334,60.0,0.15571174016791528,1.9097479553385341
1.5758066666666668,60.0,0.15571055474161283,1.910500668563624
1.5762187500000002,60.0,0.15570935871931957,1.911275526834444
1.5766308333333334,60.0,0.15570809215407877,1.9119461061867933
1.5770429166666668,60.0,0.1557067087056079,1.9127072182349376
1.577455,60.0,0.15570531692600925,1.9133465281700641
1.5778670833333335,60.0,0.15570386428377592,1.9139640257888246
1.578279166666667,60.0,0.155702347845602,1.9145838223074718
1.57869125,60.0,0.15570082781207303,1.9150644270784105
1.5791033333333335,60.0,0.15569926107888493,1.9155617099510502
1.5795154166666667,60.0,0.15569767304915694,1.9159621175856174
1.5799275000000002,60.0,0.15569608611902314,1.916288474846008
1.5803395833333334,60.0,0.15569448568835448,1.9165753196278035
1.5807516666666668,60.0,0.1556928870727862,1.9167845874961016
1.5811637500000002,60.0,0.1556912994061806,1.9169023884518863
1.5815758333333334,60.0,0.1556897482809303,1.917015781775246
1.5819879166666668,60.0,0.15568820217928078,1.9169962773545128
1.5824,60.0,0.1556866702893328,1.9169754131136616
1.5828120833333335,60.0,0.15568523316780433,1.9168875410151793
1.5832241666666669,60.0,0.15568381281045818,1.9167200263503892
1.58363625,60.0,0.15568240793642082,1.9165765386520237
1.5840483333333335,60.0,0.1556811260474128,1.916330809648173
1.5844604166666667,60.0,0.15567989548727104,1.916109532181635
1.5848725000000001,60.0,0.15567870063454284,1.9158306738077984
1.5852845833333336,60.0,0.15567761342614342,1.9155690742853073
1.5856966666666668,60.0,0.15567661664438553,1.9152750273333603
1.5861087500000002,60.0,0.15567568864759304,1.9149861277006617
1.5865208333333334,60.0,0.15567485079284366,1.9147238703831542
1.5869329166666668,60.0,0.15567413200484148,1.91443481508186
1.5873450000000002,60.0,0.15567349751232,1.9141850223082253
1.5877570833333334,60.0,0.15567295401277173,1.913963646026636
1.5881691666666669,60.0,0.15567254750874968,1.9137217098750403
1.58858125,60.0,0.15567222466736325,1.913548583940527
1.5889933333333335,60.0,0.15567200765977746,1.913389417428539
1.589405416666667,60.0,0.1556719353859055,1.9132109415699798
1.5898175,60.0,0.15567192851503653,1.9131370155834302
1.5902295833333335,60.0,0.1556720427924759,1.913010831599675
1.5906416666666667,60.0,0.15567231072576276,1.91293624925163
1.5910537500000002,60.0,0.15567263115291805,1.9128922941293176
1.5914658333333334,60.0,0.15567306486204321,1.9128232858512981
1.5918779166666668,60.0,0.15567364664752054,1.9128010236337507
1.5922900000000002,60.0,0.1556742994507621,1.9127532781734033
1.5927020833333334,60.0,0.15567503734566834,1.9127211455854198
1.5931141666666668,60.0,0.1556758870879285,1.912676127340423
1.59352625,60.0,0.15567683976385718,1.9126221533262735
1.5939383333333335,60.0,0.15567785760561817,1.9125340346963335
1.5943504166666669,60.0,0.15567894068176266,1.9124618687956036
1.5947625,60.0,0.15568013899769415,1.9123228979635067
1.5951745833333335,60.0,0.1556813830243447,1.912163663253369
1.5955866666666667,60.0,0.15568266125329075,1.9120062367214081
1.5959987500000001,60.0,0.15568404669243982,1.911754369918382
1.5964108333333336,60.0,0.15568545241708437,1.9115099718508077
1.5968229166666668,60.0,0.15568687939064593,1.9112185977551641
1.5972350000000002,60.0,0.15568838449861344,1.9108759465941427
1.5976470833333334,60.0,0.1556898777365653,1.9105028189263957
1.5980591666666668,60.0,0.15569139138337154,1.9101188582949749
1.5984712500000002,60.0,0.15569295518747583,1.9096633460183954
1.5988833333333334,60.0,0.1556944707124796,1.9092057415858914
1.5992954166666669,60.0,0.15569599176397642,1.9087473449879362
1.5997075,60.0,0.1556975427722236,1.908210311267504
1.6001195833333335,60.0,0.1556990287646231,1.907734615914362
1.6005316666666667,60.0,0.15570048231692338,1.9072138386219868
1.60094375,60.0,0.15570192940278155,1.9067002046782666
1.6013558333333335,60.0,0.15570333144015702,1.9062219562115355
1.6017679166666667,60.0,0.15570466160803167,1.9057382451106601
1.6021800000000002,60.0,0.15570593422595058,1.905294858409816
1.6025920833333334,60.0,0.15570718200877393,1.9048926172956875
1.6030041666666668,60.0,0.15570832918781197,1.90450926463841
1.6034162500000002,60.0,0.1557093847659229,1.9042030497769993
1.6038283333333334,60.0,0.155710413237282,1.9039382552539819
1.6042404166666668,60.0,0.1557113246867051,1.9037187797261779
1.6046525,60.0,0.15571212976086263,1.903598516331109
1.6050645833333335,60.0,0.15571288216580534,1.9035126879218334
1.6054766666666669,60.0,0.1557135133648607,1.9035108728023475
1.60588875,60.0,0.15571404396446756,1.9035854462343202
1.6063008333333335,60.0,0.15571449005219562,1.9037236793332326
1.6067129166666667,60.0,0.1557148128336028,1.9039274937203563
1.6071250000000001,60.0,0.15571503807618312,1.9042219030232475
1.6075370833333336,60.0,0.15571516965501564,1.9045537212779082
1.6079491666666668,60.0,0.1557151831909191,1.9049636805751051
1.6083612500000002,60.0,0.1557150750903602,1.9054285758527225
1.6087733333333334,60.0,0.15571488824375251,1.9059432658483155
1.6091854166666668,60.0,0.15571461198441638,1.9064819275750622
1.6095975000000002,60.0,0.1557141814383967,1.9070931069883106
1.6100095833333334,60.0,0.15571368200235092,1.9077114344423343
1.6104216666666669,60.0,0.15571312458803688,1.9083175469210905
1.61083375,60.0,0.15571240767111338,1.9090201134874365
1.6112458333333335,60.0,0.15571162831978344,1.9096301843637307
1.6116579166666667,60.0,0.1557108028754193,1.9102877748249667
1.6120700000000001,60.0,0.15570984461028567,1.910946599542162
1.6124820833333335,60.0,0.15570882799911626,1.911516880028622
1.6128941666666667,60.0,0.15570775931290656,1.9121385046417725
1.6133062500000002,60.0,0.15570661241947636,1.9126753742208544
1.6137183333333334,60.0,0.15570541109070019,1.9131679478317705
1.6141304166666668,60.0,0.15570414943918104,1.9136704637831168
1.6145425000000002,60.0,0.15570286056846014,1.914048907991423
1.6149545833333334,60.0,0.15570152367780435,1.9144257726824252
1.6153666666666668,60.0,0.15570014428311757,1.9147575063522437
1.61577875,60.0,0.15569876135936364,1.9149671300316262
1.6161908333333335,60.0,0.15569733240966732,1.9152148133248803
1.616602916666667,60.0,0.1556959093406457,1.915340941790098
1.617015,60.0,0.1556945015281471,1.9154308274447658
1.6174270833333335,60.0,0.15569303760890832,1.91550490256738
1.6178391666666667,60.0,0.1556916218058787,1.915491032991199
1.6182512500000001,60.0,0.15569025003258993,1.915458697056548
1.6186633333333336,60.0,0.15568882727499886,1.915396427106065
1.6190754166666668,60.0,0.15568747231236843,1.9152922262954228
1.6194875000000002,60.0,0.15568618336381562,1.9151658508633151
1.6198995833333334,60.0,0.15568487536436149,1.9150252930191698
1.6203116666666668,60.0,0.15568363533638907,1.9148753947930788
1.62072375,60.0,0.15568247415450945,1.9147043165354705
1.6211358333333334,60.0,0.15568134772424583,1.914542430520617
1.6215479166666669,60.0,0.15568027973671464,1.9143932394160956
1.62196,60.0,0.15567929237649633,1.9142180234642612
1.6223720833333335,60.0,0.15567839062622535,1.9140978042020984
1.6227841666666667,60.0,0.15567754762030772,1.9139628347130409
1.6231962500000001,60.0,0.1556767860598516,1.913838661156092
1.6236083333333335,60.0,0.15567613290523732,1.9137811513864114
1.6240204166666667,60.0,0.15567554859352353,1.9136702385473876
1.6244325000000002,60.0,0.1556750659409367,1.9136430565811147
1.6248445833333334,60.0,0.1556746905613424,1.9136092422734843
1.6252566666666668,60.0,0.15567437836619466,1.9135731686564879
1.6256687500000002,60.0,0.1556741942107062,1.9135946032862865
1.6260808333333334,60.0,0.15567412176372103,1.9135934593011372
1.6264929166666668,60.0,0.1556741016513131,1.913604259843323
1.626905,60.0,0.15567421292025585,1.9136437626363119
1.6273170833333335,60.0,0.15567444432244804,1.9136551651216593
1.627729166666667,60.0,0.15567472950578534,1.9136556353280418
1.62814125,60.0,0.15567512332087713,1.9137010501063099
1.6285533333333335,60.0,0.15567564270622747,1.9136446645583876
1.6289654166666667,60.0,0.15567623298430416,1.913643020521424
1.6293775000000001,60.0,0.15567688797750848,1.913589096070732
1.6297895833333336,60.0,0.15567766420116436,1.9134848728877156
1.6302016666666668,60.0,0.1556785305892718,1.9133899857595695
1.6306137500000002,60.0,0.155679421967879,1.9132293735849366
1.6310258333333334,60.0,0.15568041946843716,1.9130399852192015
1.6314379166666668,60.0,0.15568150133602932,1.9128066070135297
1.63185,60.0,0.15568259917072974,1.912555860347887
1.6322620833333334,60.0,0.1556837859190389,1.9122141252648124
1.6326741666666669,60.0,0.1556850155520524,1.9118977674968034
1.63308625,60.0,0.15568626439597197,1.9114915652373154
1.6334983333333335,60.0,0.1556875872236101,1.9110699079457278
1.6339104166666667,60.0,0.15568891710689137,1.9106321273247382
1.6343225000000001,60.0,0.15569025757801444,1.9101358116797449
1.6347345833333335,60.0,0.15569164092461318,1.9096476254536272
1.6351466666666667,60.0,0.15569302105375074,1.9091284456913016
1.6355587500000002,60.0,0.1556943973271774,1.9086037513175669
1.6359708333333334,60.0,0.1556957646955895,1.9080702696381913
1.6363829166666668,60.0,0.15569713975075394,1.9075724887048104
1.6367950000000002,60.0,0.15569849446289286,1.9070226946904518
1.6372070833333334,60.0,0.15569977778147914,1.9065712570103162
1.6376191666666668,60.0,0.1557010842573883,1.906091916229514
1.63803125,60.0,0.155702353543561,1.9056470363327065
1.6384433333333335,60.0,0.15570350738609925,1.9052862895422333
1.638855416666667,60.0,0.1557046769785498,1.9049226481147068
1.6392675,60.0,0.15570579512824415,1.9046298918295568
1.6396795833333335,60.0,0.1557067933525731,1.9044059919425858
1.6400916666666667,60.0,0.15570777193634477,1.9042230714009838
1.6405037500000001,60.0,0.15570867372964706,1.9041051013795733
1.6409158333333336,60.0,0.15570947798198645,1.904071520083478
1.6413279166666668,60.0,0.15571023012069254,1.9040746568003297
1.6417400000000002,60.0,0.15571088279622808,1.9041693513138767
1.6421520833333334,60.0,0.15571144844300383,1.9043113382056558
1.6425641666666668,60.0,0.15571193802005975,1.904529593235221
1.64297625,60.0,0.15571233082513183,1.9047903029881559
1.6433883333333335,60.0,0.15571262790906137,1.905124352876343
1.6438004166666669,60.0,0.1557128293734251,1.9055056070545924
1.6442125,60.0,0.15571295682370312,1.9059031960674528
1.6446245833333335,60.0,0.15571297459440347,1.906407240130084
1.6450366666666667,60.0,0.1557128777193013,1.9068499459745702
1.6454487500000001,60.0,0.15571273392141805,1.907408404657349
1.6458608333333336,60.0,0.15571248098672688,1.907932930252811
1.6462729166666668,60.0,0.15571209694583882,1.90845497752312
1.6466850000000002,60.0,0.15571168055482645,1.9090566774881321
1.6470970833333334,60.0,0.15571117688929237,1.9095503758391308
1.6475091666666668,60.0,0.15571054259030817,1.9101090878988591
1.6479212500000002,60.0,0.15570986237236137,1.9106390769330157
1.6483333333333334,60.0,0.15570912088943129,1.9111027080147494
1.6487454166666669,60.0,0.15570827993354158,1.9115834569032928
1.6491575,60.0,0.15570737454609465,1.912032888460383
1.6495695833333335,60.0,0.15570642503413146,1.9123843334341557
1.649981666666667,60.0,0.1557054060913546,1.9127824637426505
1.65039375,60.0,0.1557043254608792,1.91307799921069
1.6508058333333335,60.0,0.15570321932312986,1.9133284272972433
1.6512179166666667,60.0,0.15570205625434033,1.9135994333332762
1.6516300000000002,60.0,0.15570084976648343,1.913734964129609
1.6520420833333334,60.0,0.15569964463686545,1.913910559268988
1.6524541666666668,60.0,0.15569838459174928,1.9139960037066701
1.6528662500000002,60.0,0.15569710061343942,1.9140696237393078
1.6532783333333334,60.0,0.15569585068957026,1.9141016561263058
1.6536904166666668,60.0,0.15569455314189723,1.9141009306191887
1.6541025,60.0,0.15569324652656058,1.9140940386162948
1.6545145833333335,60.0,0.15569199721288565,1.9140418257522163
1.6549266666666669,60.0,0.1556907297970483,1.9139943492963327
1.65533875,60.0,0.15568946238227158,1.9139294038658816
1.6557508333333335,60.0,0.15568824603224501,1.913861039355503
1.6561629166666667,60.0,0.15568706531775234,1.9137864751122589
1.6565750000000001,60.0,0.15568590617357733,1.9137253299564454
1.6569870833333336,60.0,0.15568477227130872,1.9136562631054044
1.6573991666666668,60.0,0.15568372204792968,1.913627936762081
1.6578112500000002,60.0,0.15568271748210463,1.913557747820547
1.6582233333333334,60.0,0.1556817297676614,1.9135710541826705
1.6586354166666668,60.0,0.15568085711148777,1.913553197017398
1.6590475000000002,60.0,0.1556800346441081,1.9135490189394737
1.6594595833333334,60.0,0.1556792510493954,1.9136152925884244
1.6598716666666669,60.0,0.15567859799498884,1.913630971214822
1.66028375,60.0,0.15567798369681954,1.9136943096980938
1.6606958333333335,60.0,0.1556774445749508,1.9137885866888802
1.661107916666667,60.0,0.15567703839824623,1.9138446829820432
1.66152,60.0,0.15567666659878257,1.9139339174241397
1.6619320833333335,60.0,0.1556763924332739,1.9140501965257857
1.6623441666666667,60.0,0.15567624651127554,1.9140942149369018
1.6627562500000002,60.0,0.15567615026975817,1.914201333495326
1.6631683333333334,60.0,0.15567614305821778,1.9142678887731965
1.6635804166666668,60.0,0.155676250258856,1.9142933064739223
1.6639925000000002,60.0,0.15567644853389567,1.9143542764987747
1.6644045833333334,60.0,0.15567671426913976,1.9143297568544049
1.6648166666666668,60.0,0.15567706223137603,1.9143178022022969
1.66522875,60.0,0.1556775380306289,1.914255565383769
1.6656408333333335,60.0,0.1556780683710506,1.9141490795868512
1.6660529166666669,60.0,0.15567865324656152,1.9140215740346511
1.666465,60.0,0.1556793693205799,1.9138433660909626
1.6668770833333335,60.0,0.155680131678348,1.9136146880129128
1.6672891666666667,60.0,0.15568094206113298,1.9133596990762836
1.6677012500000001,60.0,0.15568185531803141,1.913058719942989
1.6681133333333336,60.0,0.15568280701456347,1.9127007973308068
1.6685254166666668,60.0,0.1556838066264534,1.912331727014799
1.6689375000000002,60.0,0.1556848752810336,1.9119116816566253
1.6693495833333334,60.0,0.15568597376842458,1.9114538703110087
1.6697616666666668,60.0,0.15568710644340908,1.910992105223583
1.6701737500000002,60.0,0.15568828701115758,1.9104938149325819
1.6705858333333334,60.0,0.15568948483507497,1.9099675002903111
1.6709979166666669,60.0,0.1556906834611916,1.909471889789429
1.67141,60.0,0.15569192215578176,1.9089357373490041
1.6718220833333335,60.0,0.15569317747543815,1.9084028434496614
1.672234166666667,60.0,0.15569438672625463,1.9079327754894866
1.6726462500000001,60.0,0.15569561693035827,1.9074067617904285
1.6730583333333335,60.0,0.15569687047754419,1.9069580965157666
1.6734704166666667,60.0,0.15569804928675518,1.906531094205229
1.6738825000000002,60.0,0.15569921548406943,1.9061187490436797
1.6742945833333334,60.0,0.15570039520134096,1.9057790940271278
1.6747066666666668,60.0,0.15570149856206406,1.9054645072705438
1.6751187500000002,60.0,0.1557025604872225,1.9052132370201535
1.6755308333333334,60.0,0.15570360339489808,1.9050130725348409
1.6759429166666668,60.0,0.1557045802163134,1.9048665642913507
1.676355,60.0,0.15570550006756126,1.9047889456367226
1.6767670833333335,60.0,0.1557063632403033,1.9047578814756148
1.6771791666666669,60.0,0.15570717024956696,1.9047976456808715
1.67759125,60.0,0.15570790519279293,1.9048880143324953
1.6780033333333335,60.0,0.15570856013400508,1.9050335264380447
1.6784154166666667,60.0,0.1557091615602919,1.9052481766999485
1.6788275000000001,60.0,0.15570966810395073,1.9054739405769276
1.6792395833333336,60.0,0.1557101012096515,1.905801744676439
1.6796516666666668,60.0,0.1557104796409776,1.9061112091473165
1.6800637500000002,60.0,0.15571072770430067,1.9064856603825024
1.6804758333333334,60.0,0.15571091758548491,1.906905238773149
1.6808879166666668,60.0,0.15571106328308632,1.9072903190122732
1.6813000000000002,60.0,0.15571105328995494,1.9077462904802185
1.6817120833333334,60.0,0.1557109858704435,1.9082025428225247
1.6821241666666669,60.0,0.1557108838814887,1.9086138340938754
1.68253625,60.0,0.1557106341382816,1.9090900513119642
1.6829483333333335,60.0,0.15571032013594308,1.9095226930687517
1.6833604166666667,60.0,0.15570995851691702,1.9099108282004866
1.6837725000000001,60.0,0.1557094913216799,1.9103632038597667
1.6841845833333335,60.0,0.1557089529673153,1.9106953483371987
1.6845966666666667,60.0,0.15570834695753025,1.9110674278679451
1.6850087500000002,60.0,0.15570768351635658,1.9113971024020306
1.6854208333333334,60.0,0.15570694205324723,1.911653553494176
1.6858329166666668,60.0,0.15570612923068708,1.9119457543789367
1.6862450000000002,60.0,0.15570529017680138,1.9121427876613732
1.6866570833333334,60.0,0.15570437474474663,1.9123346852968208
1.6870691666666668,60.0,0.15570341029770918,1.9124981777720165
1.68748125,60.0,0.15570242745422563,1.9126140407260332
1.6878933333333335,60.0,0.15570136832984507,1.9127087011876074
1.688305416666667,60.0,0.15570030016950479,1.9127891058165987
1.6887175,60.0,0.1556992212724026,1.91282074914389
1.6891295833333335,60.0,0.15569806926092555,1.9128622689179196
1.6895416666666667,60.0,0.15569693084807956,1.9128694290368466
1.6899537500000001,60.0,0.1556958037956665,1.912874480184029
1.6903658333333336,60.0,0.15569462822734698,1.9128676115179901
1.6907779166666668,60.0,0.15569345653560057,1.9128654303074761
1.6911900000000002,60.0,0.15569232304681666,1.9128619895121604
1.6916020833333334,60.0,0.15569118498482404,1.9128492259698293
1.6920141666666668,60.0,0.155690034540131,1.9128785853585748
1.6924262500000002,60.0,0.155688940080335,1.9128820368106574
1.6928383333333334,60.0,0.15568788205647294,1.9129151100771191
1.6932504166666669,60.0,0.15568680932804696,1.9129773816682403
1.6936625,60.0,0.1556858045345497,1.9130268095050456
1.6940745833333335,60.0,0.1556848613527919,1.9131074761116655
1.6944866666666667,60.0,0.1556839230043017,1.9132228130840068
1.6948987500000001,60.0,0.15568306309699192,1.913308212545796
1.6953108333333335,60.0,0.15568226252562456,1.9134498557950876
1.6957229166666667,60.0,0.15568150029731695,1.9135965256604341
1.6961350000000002,60.0,0.15568082911805953,1.913704517844399
1.6965470833333334,60.0,0.15568021302248203,1.913905677741661
1.6969591666666668,60.0,0.15567965575585446,1.9140147946899118
1.6973712500000002,60.0,0.15567919322652268,1.914181311145625
1.6977833333333334,60.0,0.155678805088115,1.9143365293777077
1.6981954166666668,60.0,0.1556784813324083,1.914428882708835
1.6986075,60.0,0.15567823370621653,1.91458520524741
1.6990195833333335,60.0,0.15567809213819295,1.9146495642284798
1.699431666666667,60.0,0.15567802667245312,1.9147218339516048
1.69984375,60.0,0.15567800433141712,1.9147656248517053
1.7002558333333335,60.0,0.1556781070168953,1.9147712651110536
1.7006679166666667,60.0,0.15567830031202576,1.9147202760694702
1.7010800000000001,60.0,0.15567851173656905,1.9146738024341052
1.7014920833333336,60.0,0.15567884995340914,1.9145478303992824
1.7019041666666668,60.0,0.15567928466401648,1.9143861811642597
1.7023162500000002,60.0,0.15567973200198362,1.9142047271568325
1.7027283333333334,60.0,0.15568028885755256,1.913948488793209
1.7031404166666668,60.0,0.1556809274922329,1.9136731413513497
1.7035525,60.0,0.15568159405935503,1.9133407170835197
1.7039645833333334,60.0,0.15568234972399458,1.9129957994988755
1.7043766666666669,60.0,0.15568315539643618,1.9125712403314232
1.70478875,60.0,0.1556840022929453,1.9121778169412202
1.7052008333333335,60.0,0.15568491948978017,1.9116981960105526
1.7056129166666667,60.0,0.15568586645471133,1.9112321865576647
1.7060250000000001,60.0,0.15568684776955755,1.9107578516357544
1.7064370833333335,60.0,0.15568786720780622,1.9102278685231115
1.7068491666666668,60.0,0.1556889243004412,1.9097625544457624
1.7072612500000002,60.0,0.15568999948407647,1.9092378386593454
1.7076733333333334,60.0,0.15569106567853763,1.9087583535211965
1.7080854166666668,60.0,0.15569218008866062,1.9082933703251477
1.7084975000000002,60.0,0.15569330209050028,1.9078333394454408
1.7089095833333334,60.0,0.155694373723339,1.9074070524590447
1.7093216666666669,60.0,0.15569548929363466,1.9070439696561632
1.70973375,60.0,0.15569660522864656,1.9066570978939381
1.7101458333333335,60.0,0.15569764756118984,1.906375444760436
1.710557916666667,60.0,0.15569870637871858,1.9061102529247649
1.71097,60.0,0.1556997558838891,1.9058817980937066
1.7113820833333335,60.0,0.15570073838823842,1.9057381258450588
1.7117941666666667,60.0,0.15570169463161807,1.9056154688784122
1.7122062500000002,60.0,0.1557026249926705,1.9055676978844065
1.7126183333333336,60.0,0.15570350425187268,1.9055463595264321
1.7130304166666668,60.0,0.15570432384427382,1.905617455036266
1.7134425000000002,60.0,0.15570510548897692,1.9056832402178419
1.7138545833333334,60.0,0.1557058272586264,1.9058389846134247
1.7142666666666668,60.0,0.15570647554161846,1.9060307074296055
1.71467875,60.0,0.15570709310157216,1.9062212981323672
1.7150908333333335,60.0,0.15570762076773778,1.9065106322442642
1.7155029166666669,60.0,0.1557080664093492,1.9067768620048255
1.715915,60.0,0.15570849148550928,1.9070818287974363
1.7163270833333335,60.0,0.1557088105711682,1.907421866918223
1.7167391666666667,60.0,0.15570904066939217,1.9077540470408656
1.7171512500000001,60.0,0.1557092440581465,1.9080937324050218
1.7175633333333336,60.0,0.15570935018367277,1.908464847991547
1.7179754166666668,60.0,0.1557093613351189,1.9087811074778416
1.7183875000000002,60.0,0.15570932098485848,1.9091449209869888
1.7187995833333334,60.0,0.15570921466481752,1.9094666889074592
1.7192116666666668,60.0,0.15570901731077652,1.9097497669589056
1.7196237500000002,60.0,0.15570873234348123,1.9100907200672115
1.7200358333333334,60.0,0.1557084143473137,1.9103133795336742
1.7204479166666669,60.0,0.1557080190886696,1.9105780170541868
1.72086,60.0,0.15570751637990132,1.9108075374267213
1.7212720833333335,60.0,0.15570699617929507,1.9109824656535492
1.721684166666667,60.0,0.15570640523796125,1.9111590063482544
1.72209625,60.0,0.15570572287314288,1.911311752026623
1.7225083333333335,60.0,0.1557050305289213,1.9114175296958729
1.7229204166666667,60.0,0.15570425913190367,1.9115165757166312
1.7233325000000002,60.0,0.1557034250868795,1.9116136062907372
1.7237445833333336,60.0,0.15570259408609904,1.9116457177675261
1.7241566666666668,60.0,0.1557016847407304,1.911720098364228
1.7245687500000002,60.0,0.15570073278700375,1.9117430605776862
1.7249808333333334,60.0,0.15569979304277232,1.9117847151223504
1.7253929166666668,60.0,0.15569879652206087,1.9118006518844701
1.725805,60.0,0.15569776608703664,1.9118448684861804
1.7262170833333335,60.0,0.15569674949105683,1.9118729050972136
1.7266291666666669,60.0,0.1556957190417172,1.9119007954640386
1.72704125,60.0,0.15569466087930284,1.911981095514037
1.7274533333333335,60.0,0.15569360503400473,1.9120103434761828
1.7278654166666667,60.0,0.15569258265268593,1.912116449548153
1.7282775000000001,60.0,0.15569155308055718,1.9121977628042162
1.7286895833333336,60.0,0.15569050745172883,1.9123020003067484
1.7291016666666668,60.0,0.15568952721605392,1.9124528086642938
1.7295137500000002,60.0,0.15568856650913807,1.9125757819877771
1.7299258333333334,60.0,0.15568759534479415,1.9127376863561634
1.7303379166666668,60.0,0.15568670009753993,1.91294244904543
1.7307500000000002,60.0,0.1556858340845529,1.9130816590361117
1.7311620833333334,60.0,0.15568498863588992,1.913317605296614
1.7315741666666669,60.0,0.15568422434040316,1.913513589781906
1.73198625,60.0,0.1556834933546066,1.913688409010834
1.7323983333333335,60.0,0.15568280662908332,1.9139423635958102
1.732810416666667,60.0,0.15568220585514927,1.9140995053348098
1.7332225,60.0,0.15568165156204147,1.9142966769320018
1.7336345833333335,60.0,0.15568114708744704,1.9144903538231763
1.7340466666666667,60.0,0.15568073274809185,1.9146157023910013
1.7344587500000002,60.0,0.1556803915903693,1.9147573244124216
1.7348708333333334,60.0,0.15568008936837915,1.9148715072660958
1.7352829166666668,60.0,0.15567987187663748,1.9149217870041932
1.7356950000000002,60.0,0.15567976302137118,1.9149718259298867
1.7361070833333334,60.0,0.15567968098096369,1.9149681115953083
1.7365191666666668,60.0,0.15567966781600973,1.9149226667174035
1.73693125,60.0,0.1556797813091231,1.9148450839709628
1.7373433333333335,60.0,0.15567992934341066,1.9147112637827797
1.7377554166666669,60.0,0.1556801357869541,1.914554565816471
1.7381675,60.0,0.15568044758665028,1.9143268158622686
1.7385795833333335,60.0,0.15568081183026145,1.9140906164935187
1.7389916666666667,60.0,0.15568123765562233,1.9137850653570332
1.7394037500000001,60.0,0.15568173421953393,1.9134597660661858
1.7398158333333336,60.0,0.15568229240360967,1.9131071702154667
1.7402279166666668,60.0,0.15568290866732226,1.9126893932778715
1.7406400000000002,60.0,0.15568356932455732,1.9123032178987875
1.7410520833333334,60.0,0.15568429895808575,1.9118423750062472
1.7414641666666668,60.0,0.15568506136780924,1.911389103018804
1.7418762500000002,60.0,0.15568586154903252,1.910951852786196
1.7422883333333334,60.0,0.15568673382021403,1.910448450620036
1.7427004166666669,60.0,0.1556875951244119,1.9100111736674932
1.7431125,60.0,0.15568850053876376,1.9095552788663184
1.7435245833333335,60.0,0.15568947412280174,1.9090910034068018
1.743936666666667,60.0,0.1556904001648899,1.9086907295768147
1.7443487500000001,60.0,0.15569136137937237,1.9082895982927646
1.7447608333333335,60.0,0.15569238343049918,1.907904756484644
1.7451729166666667,60.0,0.1556933514850754,1.9075868225294585
1.7455850000000002,60.0,0.15569432510548248,1.9072855878844666
1.7459970833333334,60.0,0.15569533184199008,1.9070163725495524
1.7464091666666668,60.0,0.15569630497825945,1.9068145688072533
1.7468212500000002,60.0,0.15569725948542792,1.9066404994447648
1.7472333333333334,60.0,0.15569820401563605,1.9065035213145285
1.7476454166666668,60.0,0.1556991330556204,1.906443298184721
1.7480575,60.0,0.1557000249163649,1.906388654554053
1.7484695833333335,60.0,0.15570087701696514,1.9064016986301664
1.748881666666667,60.0,0.1557017175776261,1.906462835317562
1.74929375,60.0,0.15570250245048842,1.9065287576542362
1.7497058333333335,60.0,0.1557032382536154,1.9066690758578488
1.7501179166666667,60.0,0.15570395355251293,1.9068241105911305
1.7505300000000001,60.0,0.1557045920713913,1.9069969421845032
1.7509420833333336,60.0,0.15570518462055258,1.9072132055773425
1.7513541666666668,60.0,0.15570574860820857,1.9074494089141953
1.7517662500000002,60.0,0.1557062119485658,1.9076607309660252
1.7521783333333334,60.0,0.15570662961958456,1.9079524632232394
1.7525904166666668,60.0,0.1557070225907399,1.9081814916361464
1.7530025000000002,60.0,0.1557073048554335,1.9084381464774631
1.7534145833333334,60.0,0.15570751984418366,1.9087226856515713
1.7538266666666669,60.0,0.15570771389618274,1.9089314528734929
1.75423875,60.0,0.1557078167030609,1.9091930792474197
1.7546508333333335,60.0,0.1557078279718481,1.9094167425704538
1.755062916666667,60.0,0.15570780469538337,1.9096114429859645
1.7554750000000001,60.0,0.15570771819103285,1.909810747350871
1.7558870833333335,60.0,0.15570753416611804,1.9099903963688967
1.7562991666666667,60.0,0.15570729820413598,1.9101203840440226
1.7567112500000002,60.0,0.15570702031699674,1.9102798264612268
1.7571233333333334,60.0,0.15570664845768914,1.9103751738230434
1.7575354166666668,60.0,0.15570622205721654,1.9104766962885043
1.7579475000000002,60.0,0.15570575891953442,1.910564856130769
1.7583595833333334,60.0,0.1557052098841191,1.9106149521336129
1.7587716666666668,60.0,0.15570462212658,1.9106889661161903
1.75918375,60.0,0.1557039907206763,1.9107136875271862
1.7595958333333335,60.0,0.1557032863800117,1.9107741277196157
1.760007916666667,60.0,0.15570256124254697,1.9107939137214915
1.76042,60.0,0.1557017977503994,1.9108420464280529
1.7608320833333335,60.0,0.15570097620763895,1.910881743697258
1.7612441666666667,60.0,0.15570012766518254,1.9109222788421696
1.7616562500000001,60.0,0.15569926946580145,1.9109934436994038
1.7620683333333336,60.0,0.1556983833454206,1.9110526261991967
1.7624804166666668,60.0,0.15569744445742195,1.9111325247113797
1.7628925000000002,60.0,0.1556965214383253,1.9112578527685853
1.7633045833333334,60.0,0.155695610727894,1.9113435369107739
1.7637166666666668,60.0,0.15569463282544702,1.9114926161500339
1.7641287500000002,60.0,0.15569368785540602,1.9116745928346919
1.7645408333333334,60.0,0.15569278101214704,1.911788660245414
1.7649529166666669,60.0,0.15569181734948867,1.9120386170330588
1.765365,60.0,0.15569089982941006,1.912218905511216
1.7657770833333335,60.0,0.1556900225615173,1.9124205186174914
1.7661891666666667,60.0,0.15568912224594283,1.9127004592606023
1.7666012500000001,60.0,0.15568827803257926,1.9128893678003562
1.7670133333333335,60.0,0.15568746332848077,1.913162552259008
1.7674254166666667,60.0,0.15568666793395367,1.9134082884096595
1.7678375000000002,60.0,0.15568593470083245,1.9136292852828785
1.7682495833333334,60.0,0.1556852295163863,1.9138863027295134
1.7686616666666668,60.0,0.15568456936079772,1.9141020331401908
1.7690737500000002,60.0,0.1556839650722884,1.9142933821824617
1.7694858333333334,60.0,0.1556834180855684,1.9145102201175779
1.7698979166666668,60.0,0.1556829273604922,1.9146416837225775
1.77031,60.0,0.15568246744293837,1.9147874405302807
1.7707220833333335,60.0,0.15568209957534018,1.9149012086145543
1.771134166666667,60.0,0.15568180351037766,1.9149358056574044
1.77154625,60.0,0.15568151722255036,1.9149995442067607
1.7719583333333335,60.0,0.15568133536880996,1.9149623853844828
1.7723704166666667,60.0,0.15568123977972792,1.9149287680690519
1.7727825000000001,60.0,0.15568115292038992,1.9148175456882168
1.7731945833333336,60.0,0.1556811590628484,1.914701621988233
1.7736066666666668,60.0,0.15568125726671123,1.9145149163724051
1.7740187500000002,60.0,0.15568137943364094,1.9142885087512809
1.7744308333333334,60.0,0.1556815734693296,1.9140666342890627
1.7748429166666668,60.0,0.15568185311136684,1.9137378565921002
1.7752550000000002,60.0,0.1556821769625547,1.9134474433736872
1.7756670833333335,60.0,0.15568255475801923,1.913085202405216
1.7760791666666669,60.0,0.15568300212292072,1.9127129086129435
1.77649125,60.0,0.15568349870322948,1.912317190541682
1.7769033333333335,60.0,0.15568404026644764,1.9119247329608313
1.7773154166666667,60.0,0.15568464835733198,1.9114843727817685
1.7777275000000001,60.0,0.1556852873262371,1.9110813753213536
1.7781395833333336,60.0,0.15568595500009014,1.9106638533132398
1.7785516666666668,60.0,0.15568669688998404,1.9102277405253603
1.7789637500000002,60.0,0.15568745628320574,1.909858353823168
1.7793758333333334,60.0,0.155688219006469,1.9094453960394993
1.7797879166666668,60.0,0.1556890488559599,1.909099684269121
1.7802000000000002,60.0,0.1556898979336077,1.908751818623752
1.7806120833333334,60.0,0.15569072965963776,1.9084439031605465
1.7810241666666669,60.0,0.15569160104763846,1.9081657130726815
1.78143625,60.0,0.15569249661419574,1.9079274813638298
1.7818483333333335,60.0,0.15569337024354776,1.9077043692525542
1.782260416666667,60.0,0.15569424304415128,1.9075533798991122
1.7826725,60.0,0.15569513964311935,1.9074151525044372
1.7830845833333335,60.0,0.15569602270699287,1.9073065931977755
1.7834966666666667,60.0,0.15569686226367474,1.9072790100048365
1.7839087500000002,60.0,0.15569771757179507,1.907236638228462
1.7843208333333336,60.0,0.15569856152801792,1.9072538061936515
1.7847329166666668,60.0,0.15569934198873048,1.9073107387848507
1.7851450000000002,60.0,0.15570013030409666,1.9073808054255377
1.7855570833333334,60.0,0.15570088298617593,1.90746572008959
1.7859691666666668,60.0,0.15570156915057998,1.9076224245414104
1.78638125,60.0,0.15570226817968827,1.907733927305386
1.7867933333333335,60.0,0.15570289856722633,1.9078942970445867
1.7872054166666669,60.0,0.1557034599406451,1.9080890425176127
1.7876175,60.0,0.15570403185924808,1.908218909861734
1.7880295833333335,60.0,0.1557045217086694,1.908432062020506
1.7884416666666667,60.0,0.1557049419673659,1.9085926902720387
1.7888537500000001,60.0,0.15570534458458785,1.9087623268758722
1.7892658333333336,60.0,0.155705680725641,1.9089384675617678
1.7896779166666668,60.0,0.1557059490167055,1.9090857761307647
1.7900900000000002,60.0,0.15570615689028183,1.9092311601612764
1.7905020833333334,60.0,0.15570632736615683,1.909373490620016
1.7909141666666668,60.0,0.15570643333074694,1.9094745646214
1.7913262500000002,60.0,0.15570644025294264,1.9095858848659408
1.7917383333333334,60.0,0.15570643030502415,1.909687310405628
1.7921504166666669,60.0,0.15570636465637056,1.9097263356911425
1.7925625,60.0,0.1557061873981056,1.9098288381601394
1.7929745833333335,60.0,0.15570599492574977,1.9098487046620047
1.793386666666667,60.0,0.15570574340853263,1.9098949325368244
1.79379875,60.0,0.1557054009734832,1.9099385016941994
1.7942108333333335,60.0,0.1557050415857017,1.9099423729418845
1.7946229166666667,60.0,0.1557046111607922,1.9099914008937948
1.7950350000000002,60.0,0.15570411516896507,1.9099908027325443
1.7954470833333336,60.0,0.15570360166771238,1.9100426268850292
1.7958591666666668,60.0,0.1557030253054426,1.9100543848335603
1.7962712500000002,60.0,0.1557023904582441,1.9101087627916866
1.7966833333333334,60.0,0.155701737259482,1.9101710680136412
1.7970954166666668,60.0,0.15570105319146915,1.9102140137521466
1.7975075,60.0,0.15570030809858293,1.9103242646348382
1.7979195833333335,60.0,0.15569954102028027,1.9104241147126273
1.7983316666666669,60.0,0.1556987812318314,1.9105189498426307
1.79874375,60.0,0.15569796318486867,1.9107012478243501
1.7991558333333335,60.0,0.1556971172662937,1.9108357519556618
1.7995679166666667,60.0,0.15569630727899675,1.911013745478526
1.7999800000000001,60.0,0.15569546074927845,1.9112489049782162
1.8003920833333336,60.0,0.1556945864736043,1.9114189835528017
1.8008041666666668,60.0,0.1556937485038391,1.9116961285901786
1.8012162500000002,60.0,0.155692907843075,1.911925155627297
1.8016283333333334,60.0,0.15569205749609197,1.9121740240133145
1.8020404166666668,60.0,0.1556912320791206,1.91247089066034
1.8024525000000002,60.0,0.15569042662392074,1.9127121204857251
1.8028645833333334,60.0,0.15568963503548994,1.9129917207946685
1.8032766666666669,60.0,0.1556888675576514,1.9132755904117695
1.80368875,60.0,0.15568813706454288,1.9135029157115657
1.8041008333333335,60.0,0.15568742884337433,1.9137736011074062
1.804512916666667,60.0,0.15568675415215022,1.9140026756320663
1.8049250000000001,60.0,0.15568614299747233,1.9141888725632392
1.8053370833333335,60.0,0.1556855439206358,1.9144044495880226
1.8057491666666667,60.0,0.15568498938689354,1.9145419151429017
1.8061612500000002,60.0,0.1556845271850937,1.9146703478069362
1.8065733333333336,60.0,0.15568406383956718,1.9147657103792546
1.8069854166666668,60.0,0.1556836518971043,1.914823805378136
1.8073975000000002,60.0,0.15568335252599283,1.91483284070668
1.8078095833333334,60.0,0.15568305584242967,1.914816519907125
1.8082216666666668,60.0,0.15568280555148412,1.914762153850976
1.80863375,60.0,0.15568266456843352,1.9146479960065013
1.8090458333333335,60.0,0.15568255132846995,1.9145207468878727
1.8094579166666669,60.0,0.15568248593781617,1.914341003566751
1.80987,60.0,0.1556824988608883,1.9141253941088532
1.8102820833333335,60.0,0.15568256486999235,1.9138874804161012
1.8106941666666667,60.0,0.1556826907078453,1.913609892597625
1.8111062500000001,60.0,0.15568285965817402,1.9133020643785155
1.8115183333333336,60.0,0.15568309961147916,1.9129972828906592
1.8119304166666668,60.0,0.15568339614894844,1.912633716907
1.8123425000000002,60.0,0.15568372164991562,1.9122905339696155
1.8127545833333334,60.0,0.15568413086399496,1.9119331923014764
1.8131666666666668,60.0,0.15568456836203143,1.9115424774181127
1.8135787500000002,60.0,0.1556850389640497,1.9111970530197109
1.8139908333333334,60.0,0.15568559813717742,1.9108260764566063
1.8144029166666669,60.0,0.15568615214207443,1.9104589615798
1.814815,60.0,0.15568674626903267,1.9101456008345898
1.8152270833333335,60.0,0.1556874251736604,1.9098015644292141
1.815639166666667,60.0,0.15568808078427326,1.9095025047808112
1.8160512500000001,60.0,0.15568876504502122,1.90924361932934
1.8164633333333335,60.0,0.15568951900769507,1.9089706346563808
1.8168754166666667,60.0,0.15569026360889524,1.9087590722813648
1.8172875000000002,60.0,0.1556910093001226,1.908576946617626
1.8176995833333334,60.0,0.15569179208055967,1.9083998540975056
1.8181116666666668,60.0,0.15569259361248142,1.9082831447785589
1.8185237500000002,60.0,0.15569337326024857,1.9081852564275694
1.8189358333333334,60.0,0.1556941565092294,1.9081135609456779
1.8193479166666668,60.0,0.15569496846040815,1.9080771769972078
1.81976,60.0,0.1556957457709251,1.9080753049819668
1.8201720833333335,60.0,0.15569651168796658,1.9080737455239938
1.820584166666667,60.0,0.1556972924189346,1.9081262448567002
1.82099625,60.0,0.1556980260570389,1.9081790938655403
1.8214083333333335,60.0,0.1556987486753924,1.9082420361291388
1.8218204166666667,60.0,0.15569946337935195,1.9083477036275545
1.8222325000000001,60.0,0.1557001220943481,1.9084290898601852
1.8226445833333336,60.0,0.15570076887414408,1.908536006934334
1.8230566666666668,60.0,0.15570138970399708,1.908652295322988
1.8234687500000002,60.0,0.15570195277944918,1.9087489212186848
1.8238808333333334,60.0,0.15570248153060923,1.908851955702413
1.8242929166666668,60.0,0.1557029846997982,1.908978798348133
1.8247050000000002,60.0,0.15570344140953327,1.9090278536324234
1.8251170833333334,60.0,0.15570382078956996,1.909152758516267
1.8255291666666669,60.0,0.155704178894521,1.9092179452758324
1.82594125,60.0,0.15570451124859133,1.9092520824126615
1.8263533333333335,60.0,0.15570473397599635,1.9093558470148917
1.826765416666667,60.0,0.15570492819102325,1.909349274623676
1.8271775000000001,60.0,0.15570510833483064,1.909406398865645
1.8275895833333335,60.0,0.15570517560081354,1.9094157005962555
1.8280016666666667,60.0,0.15570520537114954,1.909429954966625
1.8284137500000002,60.0,0.15570521206546775,1.909431992857962
1.8288258333333334,60.0,0.15570511926690744,1.9094295753099393
1.8292379166666668,60.0,0.15570499152800787,1.9094332716381848
1.8296500000000002,60.0,0.15570482114577958,1.909417153859694
1.8300620833333334,60.0,0.15570457209452138,1.909428100419687
1.8304741666666668,60.0,0.15570429276384298,1.9094253833346906
1.83088625,60.0,0.15570395759756134,1.9094378275265478
1.8312983333333335,60.0,0.15570356263610458,1.9094633335246045
1.831710416666667,60.0,0.1557031341806234,1.9095010387668139
1.8321225,60.0,0.15570265932910418,1.909539368207976
1.8325345833333335,60.0,0.155702143128078,1.9096362230930444
1.8329466666666667,60.0,0.15570157227969392,1.90968756231163
1.8333587500000001,60.0,0.15570097947604433,1.90982880732958
1.8337708333333336,60.0,0.1557003750900135,1.9099474403587315
1.8341829166666668,60.0,0.15569968863340589,1.9100789554875413
1.8345950000000002,60.0,0.15569900020274893,1.9102958462406616
1.8350070833333334,60.0,0.15569832959178215,1.9104481157091628
1.8354191666666668,60.0,0.15569757419331853,1.91067512771601
1.8358312500000002,60.0,0.15569682297499485,1.9109277751046094
1.8362433333333334,60.0,0.15569610043849544,1.9111420505893995
1.8366554166666669,60.0,0.15569531942607845,1.911419955002726
1.8370675,60.0,0.155694547269882,1.9117083589364645
1.8374795833333335,60.0,0.15569379872747918,1.911947746350491
1.837891666666667,60.0,0.15569302929872414,1.912269393657917
1.8383037500000001,60.0,0.15569227414390943,1.912537827112288
1.8387158333333335,60.0,0.1556915343677705,1.9128005613975518
1.8391279166666668,60.0,0.15569080803533353,1.9131078446320127
1.8395400000000002,60.0,0.15569009837129802,1.9133277061974343
1.8399520833333334,60.0,0.15568941397809435,1.913599179708802
1.8403641666666668,60.0,0.15568876014203,1.9138056980829325
1.8407762500000002,60.0,0.15568811442052394,1.9140142014806636
1.8411883333333334,60.0,0.15568752778866685,1.9141828549214763
1.8416004166666669,60.0,0.15568697652927138,1.9143251555624856
1.8420125,60.0,0.15568642139045327,1.914444626452786
1.8424245833333335,60.0,0.15568595177076863,1.9145100659170304
1.842836666666667,60.0,0.15568552742262035,1.914567490115686
1.84324875,60.0,0.15568510278613173,1.9145553469589813
1.8436608333333335,60.0,0.1556847552183084,1.914544637127739
1.8440729166666667,60.0,0.15568446802004335,1.9144617235645682
1.8444850000000002,60.0,0.15568420595380414,1.9143662848647054
1.8448970833333336,60.0,0.15568399185586704,1.9142268003492826
1.8453091666666668,60.0,0.15568384885731493,1.914064782503245
1.8457212500000002,60.0,0.15568375980796723,1.9138506746704407
1.8461333333333334,60.0,0.15568368910203292,1.9136338749643698
1.8465454166666668,60.0,0.15568369722042036,1.9133970898691257
1.8469575000000003,60.0,0.1556837721542859,1.913081554708241
1.8473695833333335,60.0,0.155683853153911,1.9128533730325177
1.8477816666666669,60.0,0.1556840192441148,1.9125076638468996
1.84819375,60.0,0.15568423832938483,1.9122093306379577
1.8486058333333335,60.0,0.15568446802249722,1.911918344306258
1.8490179166666667,60.0,0.1556847913125742,1.9115743999540802
1.8494300000000001,60.0,0.15568514046090848,1.9112780941304788
1.8498420833333336,60.0,0.1556855042171156,1.9109905091198318
1.8502541666666668,60.0,0.15568596349666822,1.9106735045248353
1.8506662500000002,60.0,0.15568643567071963,1.910414836417923
1.8510783333333334,60.0,0.1556869205425981,1.9101630457607037
1.8514904166666668,60.0,0.1556874754100247,1.9098978299232072
1.8519025000000002,60.0,0.15568805504406935,1.9097191843600902
1.8523145833333334,60.0,0.15568864999032267,1.909490412292648
1.8527266666666669,60.0,0.15568926748387002,1.909348528057907
1.85313875,60.0,0.15568992696917763,1.909196274638084
1.8535508333333335,60.0,0.15569060567185647,1.909074542614841
1.853962916666667,60.0,0.15569126380598772,1.9089903052539046
1.854375,60.0,0.1556919692644858,1.908918231649406
1.8547870833333335,60.0,0.15569269610881525,1.9088716483947838
1.8551991666666667,60.0,0.15569337783166842,1.908840249381551
1.8556112500000002,60.0,0.1556940974799115,1.908853091641541
1.8560233333333336,60.0,0.15569482939663196,1.908836741352231
1.8564354166666668,60.0,0.1556955122540685,1.9088782345677069
1.8568475000000002,60.0,0.1556962223019217,1.9089150389037666
1.8572595833333334,60.0,0.15569691821244844,1.9089406524791013
1.8576716666666668,60.0,0.15569757100235748,1.9090082404173083
1.8580837500000003,60.0,0.15569824413746003,1.909059189107057
1.8584958333333335,60.0,0.15569888002064533,1.9090903053930752
1.8589079166666669,60.0,0.15569947026786018,1.9091716307729472
1.85932,60.0,0.15570006501469974,1.9092022523871066
1.8597320833333335,60.0,0.1557006269890947,1.9092283073357605
1.8601441666666667,60.0,0.15570113476847247,1.9092996608935036
1.8605562500000001,60.0,0.15570161327647922,1.9092832055883986
1.8609683333333336,60.0,0.15570207875333936,1.9093232206511863
1.8613804166666668,60.0,0.15570248525291308,1.9093225983388613
1.8617925000000002,60.0,0.15570282762900398,1.9093123071373648
1.8622045833333334,60.0,0.1557031702120605,1.9093083986615014
1.8626166666666668,60.0,0.15570345678722636,1.9092767621108717
1.8630287500000002,60.0,0.1557036585207836,1.9092579769330875
1.8634408333333334,60.0,0.1557038556053273,1.909214432535616
1.8638529166666669,60.0,0.15570400141246996,1.909187148989344
1.864265,60.0,0.15570406727170005,1.9091385709099853
1.8646770833333335,60.0,0.15570410753795366,1.9091089770940777
1.865089166666667,60.0,0.15570409675392502,1.909075888625958
1.86550125,60.0,0.15570402828837088,1.909039712782642
1.8659133333333335,60.0,0.1557039135792593,1.9090343433863948
1.8663254166666667,60.0,0.1557037501902808,1.9090213377557592
1.8667375000000002,60.0,0.1557035390815594,1.9090238909887152
1.8671495833333336,60.0,0.15570327440656312,1.90906022241537
1.8675616666666668,60.0,0.1557029834152559,1.9090965108353628
1.8679737500000002,60.0,0.155702631062494,1.9091414291998028
1.8683858333333334,60.0,0.15570222190003163,1.9092668914796398
1.8687979166666668,60.0,0.15570182386302153,1.9093228941296874
1.86921,60.0,0.15570134580329137,1.9094772167013208
1.8696220833333335,60.0,0.15570081470583105,1.909641261787645
1.8700341666666669,60.0,0.1557003197158546,1.9097708182116886
1.87044625,60.0,0.15569974345262494,1.9100090368993756
1.8708583333333335,60.0,0.15569912628853297,1.910204117605352
1.8712704166666667,60.0,0.1556985399831933,1.910426257338162
1.8716825000000001,60.0,0.1556978994389005,1.9107017839902192
1.8720945833333336,60.0,0.15569723493138918,1.91093901166226
1.8725066666666668,60.0,0.15569657370704615,1.9112197402260203
1.8729187500000002,60.0,0.1556958996362434,1.9115129914541444
1.8733308333333334,60.0,0.15569522129583105,1.911767443464598
1.8737429166666668,60.0,0.155694521556558,1.9120791774240313
1.8741550000000002,60.0,0.15569384087390026,1.9123462164115053
1.8745670833333334,60.0,0.15569316865031613,1.9126123923877176
1.8749791666666669,60.0,0.15569247578998432,1.9128879872655464
1.87539125,60.0,0.15569182610058707,1.9131247208725233
1.8758033333333335,60.0,0.15569117461534576,1.913349312796555
1.876215416666667,60.0,0.1556905224927468,1.9135671317275438
1.8766275000000001,60.0,0.15568993735772607,1.9137371376550782
1.8770395833333335,60.0,0.15568933476050612,1.913894162388852
1.8774516666666667,60.0,0.15568875139105315,1.9140256933411663
1.8778637500000002,60.0,0.1556882497760892,1.9141084491702682
1.8782758333333336,60.0,0.15568773393331028,1.9141807834113642
1.8786879166666668,60.0,0.15568724238186493,1.914197776621415
1.8791000000000002,60.0,0.15568683448095447,1.9142114008902944
1.8795120833333334,60.0,0.1556864374626232,1.914148299166548
1.8799241666666668,60.0,0.15568606067101215,1.9141008814198208
1.88033625,60.0,0.1556857534332119,1.9139986949829793
1.8807483333333335,60.0,0.15568549350476957,1.9138439542684562
1.881160416666667,60.0,0.15568525307875833,1.9137303309576748
1.8815725,60.0,0.15568505815507153,1.913512200339304
1.8819845833333335,60.0,0.1556849360436599,1.913325470034145
1.8823966666666667,60.0,0.15568484087757886,1.9131193239936437
1.8828087500000001,60.0,0.1556847802601448,1.9128538753299138
1.8832208333333336,60.0,0.155684793381292,1.9126367852031536
1.8836329166666668,60.0,0.15568483491058957,1.9123774305221006
1.8840450000000002,60.0,0.155684917189178,1.9120987691813771
1.8844570833333334,60.0,0.15568506861873957,1.9118809451009742
1.8848691666666668,60.0,0.15568523903360298,1.9115902106921683
1.8852812500000002,60.0,0.15568545673508924,1.91135811055705
1.8856933333333334,60.0,0.15568574094923382,1.911130699482144
1.8861054166666669,60.0,0.15568603739262227,1.910875407132722
1.8865175,60.0,0.15568637484769776,1.9106908207895905
1.8869295833333335,60.0,0.15568677106890744,1.9104850215476115
1.887341666666667,60.0,0.15568719290769983,1.9102958079916048
1.8877537500000001,60.0,0.155687628764321,1.9101547996113806
1.8881658333333335,60.0,0.15568811219548384,1.9100079861750936
1.8885779166666667,60.0,0.15568864844184535,1.9098780184883914
1.8889900000000002,60.0,0.15568916338341693,1.9097928917517486
1.8894020833333336,60.0,0.15568971093474415,1.9097067869160893
1.8898141666666668,60.0,0.15569032868179605,1.9096343598346848
1.8902262500000002,60.0,0.15569090881119788,1.909599387604105
1.8906383333333334,60.0,0.15569150663374176,1.909564104711439
1.8910504166666668,60.0,0.15569216206385245,1.9095401749953511
1.8914625,60.0,0.15569277929228087,1.909535863320093
1.8918745833333335,60.0,0.15569341559692962,1.9095444049553691
1.892286666666667,60.0,0.1556940746846971,1.9095306737424322
1.89269875,60.0,0.15569469908077926,1.90956888840814
1.8931108333333335,60.0,0.1556953460649275,1.909559916429237
1.8935229166666667,60.0,0.15569598221369232,1.9095788223639243
1.8939350000000001,60.0,0.15569659259839572,1.909602349917803
1.8943470833333336,60.0,0.1556972082869546,1.9095767326719237
1.8947591666666668,60.0,0.1556977981028859,1.9096141246762495
1.8951712500000002,60.0,0.15569837731280556,1.9095751269533474
1.8955833333333334,60.0,0.1556989215730425,1.9095733772337111
1.8959954166666668,60.0,0.15569944330046753,1.9095519343926148
1.8964075000000002,60.0,0.15569997105856206,1.9095069606519677
1.8968195833333334,60.0,0.15570041595457923,1.9094694271325596
1.8972316666666669,60.0,0.15570084621295854,1.9094238476667242
1.89764375,60.0,0.15570129278304284,1.909358551948815
1.8980558333333335,60.0,0.15570163239815643,1.909287881437094
1.898467916666667,60.0,0.15570195229936015,1.9092408993839078
1.8988800000000001,60.0,0.1557022767725224,1.9091413988760315
1.8992920833333335,60.0,0.15570250994281779,1.909087027399351
1.8997041666666667,60.0,0.15570271120776935,1.9090094879797488
1.9001162500000002,60.0,0.15570289036000615,1.9089468137627175
1.9005283333333334,60.0,0.15570300623349376,1.9088726086909509
1.9009404166666668,60.0,0.1557030801965242,1.9088449037950552
1.9013525000000002,60.0,0.15570311399565326,1.9087832918083532
1.9017645833333334,60.0,0.15570310111841162,1.9087605791642714
1.9021766666666668,60.0,0.1557030383202785,1.9087739186212689
1.90258875,60.0,0.15570293602186341,1.9087397494974463
1.9030008333333335,60.0,0.15570279485710342,1.9088110441122086
1.903412916666667,60.0,0.15570259089563968,1.908834693050451
1.903825,60.0,0.15570236479755223,1.908910308614205
1.9042370833333335,60.0,0.15570210328183676,1.9090144151442479
1.9046491666666667,60.0,0.1557017653485403,1.9091249764247782
1.9050612500000002,60.0,0.15570142363616574,1.9092621297928418
1.9054733333333336,60.0,0.15570105694399003,1.9094444801341677
1.9058854166666668,60.0,0.1557006123098649,1.9096029495370153
1.9062975000000002,60.0,0.155700158306147,1.9098286571165723
1.9067095833333334,60.0,0.15569969811460105,1.910054975035658
1.9071216666666668,60.0,0.15569918357676296,1.910260454110416
1.9075337500000002,60.0,0.15569863824420713,1.9105636887104505
1.9079458333333335,60.0,0.15569809808883994,1.9107855989214992
1.9083579166666669,60.0,0.15569753825751412,1.9110647759910446
1.90877,60.0,0.1556969346790418,1.9113589699148463
1.9091820833333335,60.0,0.15569634108073405,1.911603961898031
1.909594166666667,60.0,0.15569575202937866,1.9118897677501097
1.9100062500000001,60.0,0.15569512095099358,1.9121598194699225
1.9104183333333336,60.0,0.15569451037812165,1.9123976603230506
1.9108304166666668,60.0,0.1556939122710657,1.9126490410873085
1.9112425000000002,60.0,0.15569327964919816,1.9128755506484156
1.9116545833333334,60.0,0.15569268755017449,1.9130665108386518
1.9120666666666668,60.0,0.15569210355538496,1.9132659479871923
1.9124787500000002,60.0,0.15569149434245735,1.9134046601880952
1.9128908333333334,60.0,0.15569094831772637,1.9135597799548745
1.9133029166666669,60.0,0.15569040761975025,1.9136359657785476
1.913715,60.0,0.15568985191364124,1.9137320538806886
1.9141270833333335,60.0,0.15568936121780688,1.9137764825868193
1.914539166666667,60.0,0.15568889045831588,1.9137687603273283
1.91495125,60.0,0.15568842828728557,1.9137976329555366
1.9153633333333335,60.0,0.15568800115195972,1.9137113400175934
1.9157754166666667,60.0,0.15568761580131846,1.913679535708509
1.9161875000000002,60.0,0.1556872732805499,1.9135694392463134
1.9165995833333336,60.0,0.1556869292373316,1.9134455237589296
1.9170116666666668,60.0,0.15568664396268303,1.9133356784617128
1.9174237500000002,60.0,0.1556864242738341,1.9131492195344622
1.9178358333333334,60.0,0.15568618614188603,1.9129917887390373
1.9182479166666668,60.0,0.1556860193073412,1.9128196430168685
1.9186600000000003,60.0,0.15568591592629014,1.912603081133117
1.9190720833333335,60.0,0.155685799734561,1.912413776841797
1.9194841666666669,60.0,0.15568576223459582,1.9122330730936408
1.91989625,60.0,0.1556857696882179,1.9119783870053058
1.9203083333333335,60.0,0.1556857825626137,1.9118376032057867
1.920720416666667,60.0,0.15568587642664203,1.9116042079909292
1.9211325000000001,60.0,0.1556859963414519,1.9114177033299096
1.9215445833333336,60.0,0.15568613450107688,1.9112706189981388
1.9219566666666668,60.0,0.15568634398079426,1.9110658294589924
1.9223687500000002,60.0,0.15568658454617296,1.91093947360339
1.9227808333333334,60.0,0.1556868462920762,1.9107907983541095
1.9231929166666668,60.0,0.15568714502921802,1.9106701721859587
1.9236050000000002,60.0,0.15568750118309824,1.9105543522791486
1.9240170833333334,60.0,0.1556878782566677,1.9104726180676068
1.9244291666666669,60.0,0.15568825440093134,1.9103813500771063
1.92484125,60.0,0.15568870334465876,1.9103235230077693
1.9252533333333335,60.0,0.1556891737137737,1.910268862388432
1.925665416666667,60.0,0.15568962687311802,1.9102258922639186
1.9260775,60.0,0.1556901418726038,1.910196294409412
1.9264895833333335,60.0,0.15569067609489723,1.910175943826182
1.9269016666666667,60.0,0.15569119711349122,1.9101482867913357
1.9273137500000002,60.0,0.15569175241944846,1.9101471205292149
1.9277258333333336,60.0,0.1556923229165099,1.910133174653627
1.9281379166666668,60.0,0.1556928913073364,1.910107064856409
1.9285500000000002,60.0,0.1556934645095313,1.910124403499809
1.9289620833333334,60.0,0.15569404805032971,1.9100750465438467
1.9293741666666668,60.0,0.1556946280836345,1.91007246606537
1.9297862500000003,60.0,0.15569519680749913,1.9100459677212311
1.9301983333333335,60.0,0.15569578044460697,1.9099931543096393
1.9306104166666669,60.0,0.15569633624379808,1.9099634740017999
1.9310225,60.0,0.15569686963632218,1.9099088999022287
1.9314345833333335,60.0,0.15569743303373587,1.9098365903913213
1.9318466666666667,60.0,0.1556979440392347,1.9097687481329448
1.9322587500000001,60.0,0.15569841530429046,1.909701940403561
1.9326708333333336,60.0,0.1556989245942526,1.9095885496258211
1.9330829166666668,60.0,0.15569937474517914,1.9095165992231615
1.9334950000000002,60.0,0.1556997724106417,1.9094109490812543
1.9339070833333334,60.0,0.15570019253268555,1.9093023361354617
1.9343191666666668,60.0,0.15570055981611663,1.9092106871121084
1.9347312500000002,60.0,0.15570087719200842,1.9091005324894064
1.9351433333333334,60.0,0.15570118163619176,1.9090055910403032
1.9355554166666669,60.0,0.15570144915099227,1.9089132634685064
1.9359675,60.0,0.1557016748590949,1.9088306201605953
1.9363795833333335,60.0,0.15570185256211375,1.9087488352383115
1.936791666666667,60.0,0.15570200454115155,1.9087049822047266
1.9372037500000001,60.0,0.15570212264264097,1.9086448281715556
1.9376158333333335,60.0,0.15570217597663175,1.908618238315398
1.9380279166666667,60.0,0.15570221018883262,1.9086303817949186
1.9384400000000002,60.0,0.15570220329104859,1.9086094572144414
1.9388520833333336,60.0,0.15570213000831237,1.9086707601378066
1.9392641666666668,60.0,0.15570205774886473,1.9087237780225714
1.9396762500000002,60.0,0.1557019216904454,1.9087830455458001
1.9400883333333334,60.0,0.15570172241583785,1.9089160623777077
1.9405004166666668,60.0,0.15570154665466954,1.9090285854307139
1.9409125000000003,60.0,0.15570129565706756,1.9091600152035686
1.9413245833333335,60.0,0.15570098570198518,1.9093704938524794
1.9417366666666669,60.0,0.15570069942594594,1.9095205136129332
1.94214875,60.0,0.15570035260284698,1.9097391024211667
1.9425608333333335,60.0,0.15569995568042438,1.9099819040276431
1.9429729166666667,60.0,0.155699561618849,1.910178685818903
1.9433850000000001,60.0,0.15569913941155092,1.9104559578824458
1.9437970833333336,60.0,0.15569867881688773,1.9106967023382473
1.9442091666666668,60.0,0.1556981930801876,1.9109410377867735
1.9446212500000002,60.0,0.15569771363066826,1.9112223819322505
1.9450333333333334,60.0,0.15569720836914924,1.9114541788525115
1.9454454166666668,60.0,0.15569666643369365,1.9117100811887195
1.9458575000000002,60.0,0.15569614743535368,1.9119611827720535
1.9462695833333334,60.0,0.1556956074525979,1.9121647915385858
1.9466816666666669,60.0,0.1556950478554043,1.912403916266577
1.94709375,60.0,0.15569451471070264,1.9125795192855475
1.9475058333333335,60.0,0.15569395810282713,1.9127674684155216
1.947917916666667,60.0,0.15569340385514013,1.9129186412468375
1.9483300000000001,60.0,0.15569288295794068,1.9130463344474065
1.9487420833333335,60.0,0.1556923428843656,1.913166021545272
1.9491541666666667,60.0,0.15569181118661057,1.9132273507313904
1.9495662500000002,60.0,0.15569131608087627,1.9133110258762218
1.9499783333333336,60.0,0.15569082890364588,1.9133194090861814
1.9503904166666668,60.0,0.1556903411667723,1.9133317147641145
1.9508025000000002,60.0,0.15568988530689093,1.913331064954143
1.9512145833333334,60.0,0.15568947854457574,1.9132628326920533
1.9516266666666668,60.0,0.15568905362574129,1.9132130202920283
1.95203875,60.0,0.1556886577845727,1.9131519260078491
1.9524508333333335,60.0,0.15568834140929025,1.9130061495259785
1.952862916666667,60.0,0.15568800184554796,1.9129355582320207
1.953275,60.0,0.15568769282214545,1.9127946764244295
1.9536870833333335,60.0,0.15568746187490293,1.912633191969846
1.9540991666666667,60.0,0.1556872239269223,1.9125355241187616
1.9545112500000001,60.0,0.15568702599537465,1.912338759438596
1.9549233333333336,60.0,0.15568688385544294,1.912214501603425
1.9553354166666668,60.0,0.15568675264839119,1.9120596030663746
1.9557475000000002,60.0,0.1556866735481996,1.9118947948862646
1.9561595833333334,60.0,0.15568663310079073,1.911768593977531
1.9565716666666668,60.0,0.15568661545753393,1.9116216798319199
1.9569837500000002,60.0,0.15568664535788135,1.9114842715400902
1.9573958333333334,60.0,0.15568671120586883,1.9113794147069223
1.9578079166666669,60.0,0.15568681768116624,1.9112560581978315
1.95822,60.0,0.15568694686994144,1.9111551473139798
1.9586320833333335,60.0,0.15568711485741266,1.911082207798676
1.959044166666667,60.0,0.15568734455866895,1.9109872717467344
1.9594562500000001,60.0,0.15568756680616058,1.910928159202136
1.9598683333333335,60.0,0.1556878271524165,1.9108795676597594
1.9602804166666667,60.0,0.1556881670674567,1.9108248827907157
1.9606925000000002,60.0,0.15568848020873702,1.9107821495245465
1.9611045833333336,60.0,0.15568882146969684,1.9107710060346819
1.9615166666666668,60.0,0.15568924266682369,1.9107261349504658
1.9619287500000002,60.0,0.15568964124621462,1.9107050864360082
1.9623408333333334,60.0,0.15569005741620212,1.9107059720803028
1.9627529166666668,60.0,0.1556905291528947,1.9106572878127324
1.963165,60.0,0.1556909936718899,1.9106548862901447
1.9635770833333335,60.0,0.15569147337258596,1.9106281648653638
1.963989166666667,60.0,0.1556919776653224,1.9105905450119116
1.96440125,60.0,0.15569248144490958,1.9105581017686244
1.9648133333333335,60.0,0.15569299650846982,1.9105251231705098
1.9652254166666667,60.0,0.155693519124199,1.9104512161345124
1.9656375000000001,60.0,0.15569404441827547,1.910409542919492
1.9660495833333336,60.0,0.15569456119402947,1.91033620592711
1.9664616666666668,60.0,0.15569508084403902,1.9102357592897279
1.9668737500000002,60.0,0.15569560955046277,1.9101812549581976
1.9672858333333334,60.0,0.15569609914021942,1.9100427854878257
1.9676979166666668,60.0,0.15569659246573272,1.9099664968919592
1.9681100000000002,60.0,0.1556971012116145,1.9098369048738826
1.9685220833333335,60.0,0.15569754597635838,1.9097143588176442
1.9689341666666669,60.0,0.15569798736162738,1.9096040229148714
1.96934625,60.0,0.15569844311266676,1.9094640841634474
1.9697583333333335,60.0,0.15569883865208486,1.9093450968699117
1.970170416666667,60.0,0.1556992075167714,1.9092158140915858
1.9705825000000001,60.0,0.15569957658788428,1.9091130359689408
1.9709945833333335,60.0,0.15569991289049312,1.908968289721054
1.9714066666666668,60.0,0.1557001969125288,1.9089031178480753
1.9718187500000002,60.0,0.15570046285094266,1.9087876993959718
1.9722308333333336,60.0,0.15570071575505307,1.9087116238436155
1.9726429166666668,60.0,0.15570090212293441,1.9086626368063526
1.9730550000000002,60.0,0.1557010676717009,1.9086112956585972
1.9734670833333334,60.0,0.15570121793019126,1.9085785371105297
1.9738791666666669,60.0,0.15570129296774154,1.9085922505457464
1.97429125,60.0,0.15570136032563453,1.9086042586385217
1.9747033333333335,60.0,0.15570139870386637,1.9086231419527686
1.975115416666667,60.0,0.1557013591899216,1.9087324822907583
1.9755275,60.0,0.15570132582063922,1.9087680883472395
1.9759395833333335,60.0,0.15570125231763718,1.9089071978490735
1.9763516666666667,60.0,0.15570110716910704,1.9090335224354642
1.9767637500000002,60.0,0.15570096401376338,1.909164329961353
1.9771758333333336,60.0,0.15570078603757603,1.9093579720946923
1.9775879166666668,60.0,0.15570055591688697,1.9095243690546073
1.9780000000000002,60.0,0.155700298518557,1.9097261184476
1.9784120833333334,60.0,0.1557000227411208,1.909953542648043
1.9788241666666668,60.0,0.1556997271781489,1.9101515018476871
1.9792362500000003,60.0,0.1556993696017124,1.910393280616289
1.9796483333333335,60.0,0.15569900589194208,1.9106366154989138
1.9800604166666669,60.0,0.15569865036923225,1.9108368707834462
1.9804725,60.0,0.15569821969426265,1.911107714063479
1.9808845833333335,60.0,0.15569779359969416,1.9113064964298352
1.981296666666667,60.0,0.15569737872890044,1.9115374698365801
1.9817087500000001,60.0,0.15569690003136635,1.9117465661298034
1.9821208333333336,60.0,0.15569643741835126,1.9119374062718801
1.9825329166666668,60.0,0.15569597688924042,1.912130051229665
1.9829450000000002,60.0,0.15569547270163384,1.9122733848830027
1.9833570833333334,60.0,0.15569499370021936,1.9124531251810155
1.9837691666666668,60.0,0.1556945129406976,1.9125412623135898
1.9841812500000002,60.0,0.15569400269894684,1.912673207763652
1.9845933333333334,60.0,0.15569352291337876,1.9127568227537277
1.9850054166666669,60.0,0.15569305068912037,1.912795103463953
1.9854175,60.0,0.15569256020106728,1.9128668872248544
1.9858295833333335,60.0,0.1556920895084856,1.91287214479057
1.986241666666667,60.0,0.15569164766324553,1.9128624893104602
1.98665375,60.0,0.15569120753337257,1.9128656958979722
1.9870658333333335,60.0,0.15569076141247448,1.9128143352395617
1.9874779166666667,60.0,0.155690362324408,1.9127533278057975
1.9878900000000002,60.0,0.15568999138908837,1.9127183993175907
1.9883020833333336,60.0,0.15568960028658121,1.9125950776064191
1.9887141666666668,60.0,0.15568925784966037,1.9125436437271057
1.9891262500000002,60.0,0.15568895941665348,1.912434346051266
1.9895383333333334,60.0,0.15568864894477108,1.9123124127035673
1.9899504166666668,60.0,0.15568838124917167,1.9122489077057978
1.9903625000000003,60.0,0.15568815999660307,1.9120984561705117
1.9907745833333335,60.0,0.15568794375809594,1.9120187334753058
1.9911866666666669,60.0,0.15568776622366925,1.9119111669188948
1.99159875,60.0,0.1556876303057599,1.9118039347722562
1.9920108333333335,60.0,0.15568751401337894,1.9117134757674794
1.992422916666667,60.0,0.15568743269039037,1.9116387284939806
1.9928350000000001,60.0,0.1556873962166841,1.9115360959558396
1.9932470833333336,60.0,0.15568738081408445,1.9114851123430687
1.9936591666666668,60.0,0.1556873907425264,1.9114191315402684
1.9940712500000002,60.0,0.15568746449316967,1.9113526524901217
1.9944833333333334,60.0,0.1556875527325826,1.9113241821992981
1.9948954166666668,60.0,0.1556876462580929,1.9112736455086627
1.9953075000000002,60.0,0.15568782484474494,1.9112523403180233
1.9957195833333334,60.0,0.1556880174244126,1.9112120318850823
1.9961316666666669,60.0,0.15568819891101993,1.911212721740349
1.99654375,60.0,0.15568846422831698,1.9111756930168895
1.9969558333333335,60.0,0.1556887448065866,1.9111677265245723
1.997367916666667,60.0,0.15568902339133267,1.9111578370810993
1.9977800000000001,60.0,0.15568935616961507,1.9111258437016752
1.9981920833333335,60.0,0.1556897065936803,1.9111209128988493
1.9986041666666667,60.0,0.15569007633812393,1.9110877720620274
1.9990162500000002,60.0,0.15569045946900817,1.9110519255524576
1.9994283333333336,60.0,0.15569086706939964,1.9110291288203525
1.9998404166666668,60.0,0.15569130309073037,1.9109666020071432
