time_s,airspeed_mps,tip_bending_m,tip_twist_deg
0.0,65.0,0.0,0.0
0.0003803846153846154,65.0,1.8853421253811945e-6,0.00048169768304659325
0.0007607692307692308,65.0,8.743116565716802e-6,0.0035412672364129047
0.0011411538461538462,65.0,2.151808121507321e-5,0.014169069655979357
0.0015215384615384615,65.0,4.041908349411881e-5,0.03775760532642685
0.0019019230769230769,65.0,6.615308970350832e-5,0.07875612456125691
0.0022823076923076924,65.0,9.929852149215653e-5,0.14123104395504563
0.0026626923076923078,65.0,0.00014047133420915525,0.2289651554329944
0.003043076923076923,65.0,0.0001904820440159903,0.3458551922076035
0.0034234615384615384,65.0,0.0002510344659219253,0.495283273037722
0.0038038461538461537,65.0,0.00032447185707788545,0.6798123676298807
0.004184230769230769,65.0,0.00041089990085356595,0.8988341874401621
0.004564615384615385,65.0,0.0005062823338467947,1.1480767246655497
0.004945,65.0,0.0006065312536659865,1.4197816158957326
0.0053253846153846155,65.0,0.0007114674514529808,1.7043556466997651
0.00570576923076923,65.0,0.00082254139240655,1.9954819725444826
0.006086153846153846,65.0,0.0009409621527960988,2.2891371641966622
0.006466538461538462,65.0,0.0010686802315817356,2.580203760425441
0.006846923076923077,65.0,0.0012077299068820133,2.8641136494690937
0.007227307692307693,65.0,0.0013597456279225211,3.1378694980504718
0.0076076923076923075,65.0,0.00152692362232316,3.3998675115245875
0.007988076923076922,65.0,0.001712463343685838,3.6509649427933843
0.008368461538461538,65.0,0.0019202453940442624,3.89420118468314
0.008748846153846154,65.0,0.002153617645648738,4.134057716533577
0.00912923076923077,65.0,0.0024146263092972332,4.373861980692922
0.009509615384615385,65.0,0.0027044969911837837,4.613916997498392
0.00989,65.0,0.0030240131837927027,4.8523510488542145
0.010270384615384615,65.0,0.003373890855307771,5.087111651635884
0.010650769230769231,65.0,0.003755674351828902,5.317351514399158
0.011031153846153847,65.0,0.004171986626278252,5.54106553118789
0.01141153846153846,65.0,0.004624743968011037,5.753174118262643
0.011791923076923077,65.0,0.00511289803326686,5.947028595812002
0.012172307692307692,65.0,0.005634046280216714,6.117030942843676
0.012552692307692308,65.0,0.0061886479551253645,6.258915837646322
0.012933076923076924,65.0,0.006780364183957239,6.370639593391869
0.013313461538461538,65.0,0.007412750918873018,6.453462052591522
0.013693846153846154,65.0,0.008088353265716778,6.51009318485764
0.01407423076923077,65.0,0.008809796497390932,6.542304381660102
0.014454615384615385,65.0,0.009578439777168112,6.551677677061591
0.014835,65.0,0.01039395244112951,6.541384740387841
0.015215384615384615,65.0,0.0112565315072258,6.515646799911365
0.01559576923076923,65.0,0.012166653127571217,6.48001662379243
0.015976153846153845,65.0,0.013123807265207845,6.438427341828799
0.01635653846153846,65.0,0.014126875312864117,6.391295622817054
0.016736923076923076,65.0,0.015174154779757488,6.3381227213941145
0.017117307692307692,65.0,0.016263648801691444,6.2770103502668375
0.017497692307692308,65.0,0.017393835758387193,6.205516721730919
0.017878076923076924,65.0,0.01856430439090077,6.1222386182571915
0.01825846153846154,65.0,0.019776695180101975,6.0261822540883205
0.018638846153846155,65.0,0.02103350673443735,5.9139353926124985
0.01901923076923077,65.0,0.022335138811958068,5.781399728637925
0.019399615384615383,65.0,0.023679933054797087,5.62690893182837
0.01978,65.0,0.02506745987107699,5.452087006373306
0.020160384615384615,65.0,0.02650037329400566,5.260659157018783
0.02054076923076923,65.0,0.02798200551434609,5.055902392887828
0.020921153846153846,65.0,0.029513826184715524,4.841147002103325
0.021301538461538462,65.0,0.031096438607953792,4.6189013442288305
0.021681923076923078,65.0,0.03273003818857673,4.392229355317726
0.022062307692307694,65.0,0.0344129475130122,4.165924215242038
0.02244269230769231,65.0,0.036142540116093164,3.9452445392504183
0.02282307692307692,65.0,0.03791741852636248,3.733145004029566
0.023203461538461537,65.0,0.039736566031079175,3.5290666672075863
0.023583846153846153,65.0,0.04159814366107544,3.3307991693591616
0.02396423076923077,65.0,0.043500655761432694,3.136886512522028
0.024344615384615385,65.0,0.04544296830054868,2.946948856815904
0.024725,65.0,0.04742337184233695,2.759134610807593
0.025105384615384616,65.0,0.04944067868672935,2.5697916753926973
0.025485769230769232,65.0,0.051495074415597676,2.3759226123380612
0.025866153846153848,65.0,0.05358737117170151,2.177441334976834
0.02624653846153846,65.0,0.05571723801481861,1.9751459307066104
0.026626923076923076,65.0,0.057881173476663855,1.7724218020458575
0.02700730769230769,65.0,0.06007414654444096,1.5747317697019432
0.027387692307692307,65.0,0.06229312012572314,1.3869429985287949
0.027768076923076923,65.0,0.06453655264906341,1.2142481605907642
0.02814846153846154,65.0,0.066801811804713,1.0614000664752037
0.028528846153846155,65.0,0.06908506858132774,0.9339615905832646
0.02890923076923077,65.0,0.07138264001122013,0.8377047117211608
0.029289615384615386,65.0,0.07369041848627231,0.775539309862691
0.02967,65.0,0.07600311961946056,0.7455301277297324
0.030050384615384614,65.0,0.07831642921116465,0.7428765518560805
0.03043076923076923,65.0,0.08062830934445951,0.7619967646045283
0.030811153846153846,65.0,0.0829373000742138,0.797523089234265
0.03119153846153846,65.0,0.08524202604292963,0.844386933243123
0.031571923076923074,65.0,0.08754192461956595,0.8979556994574676
0.03195230769230769,65.0,0.08983627910140098,0.9550516035217504
0.032332692307692305,65.0,0.09212368759465112,1.0133319141093957
0.03271307692307692,65.0,0.09440372055133661,1.0734571476942905
0.03309346153846154,65.0,0.09667742806983125,1.1388743231022842
0.03347384615384615,65.0,0.0989450852404328,1.2136092509545797
0.03385423076923077,65.0,0.10120443791363895,1.299888335930155
0.034234615384615384,65.0,0.10345138732363676,1.3965859642265392
0.034615,65.0,0.10568240137824088,1.5006807461143943
0.034995384615384616,65.0,0.10789657235540824,1.6062171982282112
0.03537576923076923,65.0,0.11009404842985593,1.7066628477930064
0.03575615384615385,65.0,0.11227381958488375,1.7963000136248797
0.03613653846153846,65.0,0.11443514447874527,1.869876946533942
0.03651692307692308,65.0,0.1165780377443499,1.9236503807684024
0.036897307692307695,65.0,0.11870169964237276,1.9562012719742214
0.03727769230769231,65.0,0.12080555785947308,1.969644911446848
0.037658076923076926,65.0,0.12289092993931758,1.9704690385788501
0.03803846153846154,65.0,0.12496002612105374,1.9663978618699562
0.03841884615384615,65.0,0.12701423780120924,1.9622609773451598
0.038799230769230766,65.0,0.1290540235673615,1.9606556461072286
0.03917961538461538,65.0,0.13107928670147923,1.96117773971945
0.03956,65.0,0.13308853888401795,1.9617690111755972
0.039940384615384614,65.0,0.13507950377338446,1.960512428535665
0.04032076923076923,65.0,0.1370513732947311,1.9555182530795376
0.040701153846153845,65.0,0.1390040034148833,1.9448377744927035
0.04108153846153846,65.0,0.1409355987504003,1.9271564229075768
0.04146192307692308,65.0,0.14284327342816233,1.9031352326794244
0.04184230769230769,65.0,0.1447250844856395,1.8758715037776534
0.04222269230769231,65.0,0.14658153553609304,1.851801034571356
0.042603076923076924,65.0,0.14841540352789576,1.8379241370913886
0.04298346153846154,65.0,0.15022921457578098,1.8388543369431891
0.043363846153846156,65.0,0.15202435920886978,1.8560406742854962
0.04374423076923077,65.0,0.15380268969534336,1.8900114340993437
0.04412461538461539,65.0,0.15556586777593712,1.9406903207570396
0.044505,65.0,0.15731414215156714,2.0056026112418195
0.04488538461538462,65.0,0.1590479790244866,2.0793319882576373
0.04526576923076923,65.0,0.16076917573075988,2.1560516922124244
0.04564615384615384,65.0,0.1624795751802487,2.2327633663514943
0.04602653846153846,65.0,0.16418046205009768,2.308811872020682
0.046406923076923075,65.0,0.16587317533343973,2.3856052878870413
0.04678730769230769,65.0,0.16755859868164022,2.465162940418879
0.047167692307692306,65.0,0.16923657819802682,2.548789493052632
0.04754807692307692,65.0,0.170907809849261,2.6375064351031408
0.04792846153846154,65.0,0.17257515665328937,2.7331266996882735
0.048308846153846154,65.0,0.17424119677666444,2.8370458778778613
0.04868923076923077,65.0,0.1759065604833002,2.9482789234008657
0.049069615384615385,65.0,0.17757158164406198,3.0621708342445815
0.04945,65.0,0.17923792222986157,3.1720617848022132
0.04983038461538462,65.0,0.18090881445552304,3.27326341039322
0.05021076923076923,65.0,0.18258782736028098,3.3619611135169842
0.05059115384615385,65.0,0.18427717175538075,3.4354163964639897
0.050971538461538464,65.0,0.1859778783639454,3.4931520754334775
0.05135192307692308,65.0,0.1876905552911144,3.5352716470495578
0.051732307692307695,65.0,0.18941474632096938,3.562985164154764
0.05211269230769231,65.0,0.19114900595682024,3.579855698246638
0.05249307692307692,65.0,0.1928926329728698,3.5907966974440257
0.052873461538461536,65.0,0.1946459449382751,3.5978508346368
0.05325384615384615,65.0,0.1964086727013364,3.5997987264373217
0.05363423076923077,65.0,0.19818020673962516,3.5950220839355045
0.05401461538461538,65.0,0.19996039921677597,3.5816856909770176
0.054395,65.0,0.20174822864323277,3.5571614547404726
0.054775384615384615,65.0,0.2035422250442435,3.518203992839986
0.05515576923076923,65.0,0.2053428770899742,3.462179564910059
0.055536153846153846,65.0,0.2071518911563215,3.3879364806756955
0.05591653846153846,65.0,0.2089695927800186,3.295472323776175
0.05629692307692308,65.0,0.21079508480589745,3.1868714740355233
0.056677307692307693,65.0,0.21262809886927103,3.0669952177801005
0.05705769230769231,65.0,0.21446958273420347,2.9410189031805896
0.057438076923076925,65.0,0.21632078216532977,2.8131508972570525
0.05781846153846154,65.0,0.2181821729824637,2.6861469677364522
0.05819884615384616,65.0,0.22005314289956232,2.561142261380738
0.05857923076923077,65.0,0.22193218132933995,2.438976617582972
0.05895961538461539,65.0,0.22381735432981267,2.319036978014682
0.05934,65.0,0.22570620931509056,2.199075540297335
0.05972038461538461,65.0,0.22759587354522612,2.0767981671004296
0.06010076923076923,65.0,0.22948475165281731,1.949905200198351
0.060481153846153844,65.0,0.2313727208375471,1.8182780889872991
0.06086153846153846,65.0,0.233259536039826,1.685593388251571
0.061241923076923076,65.0,0.2351450749247572,1.555280832681411
0.06162230769230769,65.0,0.23702898156856367,1.4289595568598688
0.06200269230769231,65.0,0.23890953639937304,1.3086614556297391
0.06238307692307692,65.0,0.2407853240856931,1.1990789174647785
0.06276346153846153,65.0,0.24265638239742035,1.1042807230038272
0.06314384615384615,65.0,0.24452233217034913,1.0250508118448134
0.06352423076923076,65.0,0.2463806234291726,0.9605982302536965
0.06390461538461538,65.0,0.2482277045424818,0.9088877817714941
0.064285,65.0,0.2500611552610557,0.8674618113101804
0.06466538461538461,65.0,0.2518792219826569,0.8341018586898239
0.06504576923076923,65.0,0.2536800631205804,0.8076813392309122
0.06542615384615384,65.0,0.25546191252448636,0.7876426954018949
0.06580653846153846,65.0,0.25722235709270247,0.7731305264592695
0.06618692307692307,65.0,0.2589590471992781,0.7639223419991497
0.06656730769230769,65.0,0.260670251336922,0.7611148239253029
0.0669476923076923,65.0,0.26235389520135666,0.7657911652565454
0.06732807692307692,65.0,0.26400862586669965,0.7789346349593261
0.06770846153846154,65.0,0.26563445893239307,0.801035063606941
0.06808884615384615,65.0,0.2672320885058459,0.8307095475952726
0.06846923076923077,65.0,0.26880243074773646,0.8664618745071903
0.06884961538461538,65.0,0.27034601820823373,0.9074037092378008
0.06923,65.0,0.2718630264691249,0.9520909352486424
0.06961038461538462,65.0,0.27335270625224567,0.9979970627322663
0.06999076923076923,65.0,0.27481448951978227,1.0416849352372213
0.07037115384615385,65.0,0.2762496453326775,1.0801827930988108
0.07075153846153846,65.0,0.27765854600244066,1.1133099870815681
0.07113192307692308,65.0,0.27904003370233166,1.1415714738686853
0.0715123076923077,65.0,0.28039385143438916,1.1641467337733995
0.07189269230769231,65.0,0.28172059266624894,1.1806186886053032
0.07227307692307693,65.0,0.2830215170073787,1.1914680418339232
0.07265346153846154,65.0,0.28429777090355596,1.197525722437703
0.07303384615384616,65.0,0.28555017139538474,1.1993308038722785
0.07341423076923077,65.0,0.28677978183275754,1.1976704642643194
0.07379461538461539,65.0,0.28798696375429333,1.1926565363897352
0.074175,65.0,0.28917201590163183,1.1831524250267424
0.07455538461538462,65.0,0.2903351711344638,1.1685250761404002
0.07493576923076924,65.0,0.2914764876612728,1.1492577794084677
0.07531615384615385,65.0,0.29259721357890156,1.1253268100754268
0.07569653846153847,65.0,0.29369846833533264,1.09586781914937
0.07607692307692308,65.0,0.2947808633800136,1.0609052442960811
0.0764573076923077,65.0,0.29584476070927024,1.0208447208900133
0.0768376923076923,65.0,0.29688908185496554,0.9761759694897575
0.07721807692307692,65.0,0.2979127898898453,0.9287511477604401
0.07759846153846153,65.0,0.29891571065448885,0.8813323374779899
0.07797884615384615,65.0,0.29989777576895216,0.8348009444359878
0.07835923076923076,65.0,0.30085817117928215,0.7889192747444148
0.07873961538461538,65.0,0.30179504423336406,0.745736921276388
0.07912,65.0,0.3027080493469755,0.7073022468446997
0.07950038461538461,65.0,0.3035976510764541,0.6743814915526284
0.07988076923076923,65.0,0.3044635511026481,0.6469820931861312
0.08026115384615384,65.0,0.30530623903491755,0.624982901789325
0.08064153846153846,65.0,0.30612589760000786,0.6086056592827513
0.08102192307692307,65.0,0.3069223105014028,0.5979624779133584
0.08140230769230769,65.0,0.3076956527511638,0.5929104837455167
0.0817826923076923,65.0,0.30844560482105826,0.5932728879043139
0.08216307692307692,65.0,0.30917193280975197,0.5988335036725209
0.08254346153846154,65.0,0.3098745701347685,0.6091651517530837
0.08292384615384615,65.0,0.31055444332711973,0.6252618222250124
0.08330423076923077,65.0,0.31121321376196437,0.6485926109009299
0.08368461538461539,65.0,0.31185127766222837,0.6798033816187172
0.084065,65.0,0.3124689029239722,0.7186162934183353
0.08444538461538462,65.0,0.3130659991525934,0.7647360499000321
0.08482576923076923,65.0,0.3136422996268898,0.8183111649904252
0.08520615384615385,65.0,0.31419910138731544,0.879060436421481
0.08558653846153846,65.0,0.31473741034779806,0.9465664758402529
0.08596692307692308,65.0,0.31525745390537774,1.0202010710161693
0.0863473076923077,65.0,0.31575956203149996,1.098419006086048
0.08672769230769231,65.0,0.31624485353754794,1.1782363824287982
0.08710807692307693,65.0,0.3167154582269949,1.258473771325178
0.08748846153846154,65.0,0.3171727131166114,1.3395487491834843
0.08786884615384616,65.0,0.31761792538950595,1.4202186270174513
0.08824923076923077,65.0,0.3180525335110928,1.4984678680303007
0.08862961538461539,65.0,0.3184770240628952,1.5742168378908543
0.08901,65.0,0.318892113037479,1.6483924637645646
0.08939038461538462,65.0,0.31929781909544386,1.7210874732947439
0.08977076923076924,65.0,0.3196935406806907,1.7924107430632814
0.09015115384615385,65.0,0.3200795369121402,1.8620080362835656
0.09053153846153845,65.0,0.32045639646136914,1.9293145048324911
0.09091192307692307,65.0,0.3208248327866064,1.9935397745415813
0.09129230769230769,65.0,0.32118474329960484,2.053892435838536
0.0916726923076923,65.0,0.32153538939817494,2.109844462854349
0.09205307692307692,65.0,0.3218760932454196,2.160571922478662
0.09243346153846153,65.0,0.32220617917428107,2.2045135627641876
0.09281384615384615,65.0,0.32252618986699627,2.2401568037124227
0.09319423076923077,65.0,0.32283647139879873,2.2673175689615173
0.09357461538461538,65.0,0.323136229636434,2.2864776588923803
0.093955,65.0,0.323425597664981,2.298654416010203
0.09433538461538461,65.0,0.32370555136067625,2.3044078292152963
0.09471576923076923,65.0,0.3239769144583092,2.304615406653204
0.09509615384615384,65.0,0.3242399390788236,2.300834622980645
0.09547653846153846,65.0,0.3244948863208966,2.294037909317657
0.09585692307692308,65.0,0.3247422103400388,2.2857987051326214
0.09623730769230769,65.0,0.32498139265041104,2.276793498473371
0.09661769230769231,65.0,0.32521181148306694,2.266066534511113
0.09699807692307692,65.0,0.32543269837428523,2.2526984048802867
0.09737846153846154,65.0,0.3256430060511513,2.2372697184493773
0.09775884615384615,65.0,0.3258430140913302,2.220503089949481
0.09813923076923077,65.0,0.32603363119517925,2.2021125879420618
0.09851961538461539,65.0,0.32621575424887045,2.182104617193723
0.0989,65.0,0.326389818271199,2.1608021604580325
0.09928038461538462,65.0,0.3265556932780608,2.138893575504898
0.09966076923076923,65.0,0.3267136355859009,2.117571273397873
0.10004115384615385,65.0,0.32686415315848627,2.098599264774998
0.10042153846153846,65.0,0.3270083071909496,2.083401993744467
0.10080192307692308,65.0,0.32714649859633266,2.0731303100582674
0.1011823076923077,65.0,0.32727793800322086,2.0683373186714467
0.10156269230769231,65.0,0.3274029005402634,2.069034815050499
0.10194307692307693,65.0,0.3275219423018384,2.075575510328631
0.10232346153846154,65.0,0.3276347653649102,2.0880662655253506
0.10270384615384616,65.0,0.32774074391200586,2.1055779468204605
0.10308423076923078,65.0,0.3278392570068299,2.1263287418481265
0.10346461538461539,65.0,0.3279299501722144,2.14988471444578
0.103845,65.0,0.3280117141017593,2.1766519096333488
0.10422538461538462,65.0,0.32808347877700894,2.206393865459565
0.10460576923076922,65.0,0.3281443381475213,2.238431959965299
0.10498615384615384,65.0,0.32819302151660856,2.2723834486755985
0.10536653846153846,65.0,0.32822988067990844,2.3079262239131166
0.10574692307692307,65.0,0.3282558345831783,2.3455618303906984
0.10612730769230769,65.0,0.3282713004408214,2.3860388230812606
0.1065076923076923,65.0,0.32827642050056177,2.4292883174202684
0.10688807692307692,65.0,0.32827050270562286,2.474788313947214
0.10726846153846153,65.0,0.32825337488495043,2.5215689580904397
0.10764884615384615,65.0,0.32822516939486074,2.5691065012991894
0.10802923076923077,65.0,0.3281858295318259,2.6165116586504094
0.10840961538461538,65.0,0.32813504377406444,2.6626960263445647
0.10879,65.0,0.3280717772980769,2.706728772751987
0.10917038461538461,65.0,0.3279962896008383,2.747318633750485
0.10955076923076923,65.0,0.3279091662418474,2.7834243558785956
0.10993115384615385,65.0,0.3278099434011882,2.814830840960989
0.11031153846153846,65.0,0.3276989548689559,2.8417270217487043
0.11069192307692308,65.0,0.3275767449646339,2.864041894150295
0.11107230769230769,65.0,0.3274437727425331,2.88174934166445
0.11145269230769231,65.0,0.3273003231915987,2.8944079726617518
0.11183307692307692,65.0,0.32714642809307315,2.9021178851498823
0.11221346153846154,65.0,0.32698253317354864,2.9062624761329134
0.11259384615384616,65.0,0.3268087411173761,2.9075270975141927
0.11297423076923077,65.0,0.3266262152688335,2.9057324398298983
0.11335461538461539,65.0,0.32643674771565195,2.900761527958149
0.113735,65.0,0.32624070178953146,2.8926488548242024
0.11411538461538462,65.0,0.3260381880664759,2.8813131349550902
0.11449576923076923,65.0,0.3258289132753101,2.866877282181156
0.11487615384615385,65.0,0.32561254035273673,2.8494503866128165
0.11525653846153847,65.0,0.3253892293000012,2.8286314793996716
0.11563692307692308,65.0,0.3251584034386753,2.8046444219100737
0.1160173076923077,65.0,0.324919376585576,2.778533810329026
0.11639769230769231,65.0,0.3246716251351575,2.7512484180798924
0.11677807692307693,65.0,0.3244151496134759,2.7234014898408616
0.11715846153846154,65.0,0.32415017997359213,2.695704875485861
0.11753884615384616,65.0,0.32387589312202497,2.6691195780469066
0.11791923076923078,65.0,0.32359219511775034,2.6444914667479065
0.11829961538461538,65.0,0.3232994441943262,2.622670744066886
0.11868,65.0,0.3229972112013941,2.6051803285526582
0.11906038461538461,65.0,0.3226851586750841,2.5928310697100625
0.11944076923076923,65.0,0.32236250198554595,2.5846911226480915
0.11982115384615384,65.0,0.32202836553751363,2.580173331221963
0.12020153846153846,65.0,0.32168238482390693,2.579495829518664
0.12058192307692307,65.0,0.32132503391911105,2.582731672114302
0.12096230769230769,65.0,0.32095721364080804,2.5898766976001006
0.1213426923076923,65.0,0.3205784570174551,2.600521330214759
0.12172307692307692,65.0,0.3201881010776115,2.614088546582131
0.12210346153846154,65.0,0.31978599132648305,2.6310599821290617
0.12248384615384615,65.0,0.31937185842277616,2.651994335854916
0.12286423076923077,65.0,0.31894601378146725,2.677102700643105
0.12324461538461538,65.0,0.31850840363839955,2.706303692759135
0.123625,65.0,0.31805888516584496,2.7395824926661465
0.12400538461538461,65.0,0.3175982243873242,2.77686714181718
0.12438576923076923,65.0,0.31712756019156757,2.8182126867600292
0.12476615384615385,65.0,0.31664792525036095,2.8636696056506508
0.12514653846153848,65.0,0.3161597816523286,2.9121304726223363
0.12552692307692306,65.0,0.3156643581026661,2.962318825712377
0.12590730769230768,65.0,0.3151633369429523,3.0127750168379586
0.1262876923076923,65.0,0.31465737894722023,3.0619523843867933
0.1266680769230769,65.0,0.31414726437111695,3.1090514995307506
0.12704846153846153,65.0,0.31363353802554506,3.1537417552576246
0.12742884615384614,65.0,0.31311630177753863,3.195424471201986
0.12780923076923076,65.0,0.3125964434995882,3.2336254061882723
0.12818961538461537,65.0,0.3120755785704729,3.268276680523685
0.12857,65.0,0.3115551479708175,3.300037721735123
0.1289503846153846,65.0,0.31103517903389244,3.3295810621605195
0.12933076923076922,65.0,0.31051539886725815,3.3563915636231356
0.12971115384615384,65.0,0.3099961269231675,3.3801149054756885
0.13009153846153845,65.0,0.3094772230389016,3.400275755933266
0.13047192307692307,65.0,0.3089587382051722,3.416216659765095
0.13085230769230768,65.0,0.3084405465790844,3.4278309486965717
0.1312326923076923,65.0,0.3079224004513601,3.434642055286438
0.13161307692307692,65.0,0.30740498307273867,3.435002186138859
0.13199346153846153,65.0,0.30688875121517134,3.427580293188954
0.13237384615384615,65.0,0.30637373615093355,3.412489316222697
0.13275423076923076,65.0,0.30585995919518716,3.3905158933253285
0.13313461538461538,65.0,0.30534787444869205,3.3623617033593707
0.133515,65.0,0.3048381394130071,3.3291108610578046
0.1338953846153846,65.0,0.3043302152278038,3.292267448334138
0.13427576923076923,65.0,0.30382347193860676,3.2527562542636015
0.13465615384615384,65.0,0.30331721846449217,3.2111384554832463
0.13503653846153846,65.0,0.302810136986685,3.1677972368614746
0.13541692307692307,65.0,0.3023023524811727,3.1235227755851573
0.1357973076923077,65.0,0.3017946375432968,3.078557353804677
0.1361776923076923,65.0,0.30128690688677306,3.031722903674977
0.13655807692307692,65.0,0.3007785966730193,2.9825381368072574
0.13693846153846154,65.0,0.30026927338495124,2.9317141479219653
0.13731884615384615,65.0,0.29975939242958605,2.879805231487797
0.13769923076923077,65.0,0.29924903783548074,2.8264083754134655
0.13807961538461538,65.0,0.29873820150732766,2.771591871599815
0.13846,65.0,0.29822755819424207,2.716534520530021
0.13884038461538462,65.0,0.29771755878370293,2.6629424409520586
0.13922076923076923,65.0,0.2972093704393817,2.61251504316381
0.13960115384615385,65.0,0.29670383266799116,2.5663976548486307
0.13998153846153846,65.0,0.29620054869670187,2.5256768883271765
0.14036192307692308,65.0,0.29569966172645845,2.490126721057688
0.1407423076923077,65.0,0.2952014131355846,2.4595205035002166
0.1411226923076923,65.0,0.2947056624485872,2.4337553825071097
0.14150307692307693,65.0,0.29421172419343167,2.4121904170402355
0.14188346153846154,65.0,0.2937183189190268,2.393929451991835
0.14226384615384616,65.0,0.29322445142352194,2.3779375679750725
0.14264423076923077,65.0,0.29272900523290635,2.363964825026855
0.1430246153846154,65.0,0.29223209442894105,2.3519519090539256
0.143405,65.0,0.2917348257862612,2.3423475288982063
0.14378538461538462,65.0,0.29123672864612915,2.335566997462486
0.14416576923076924,65.0,0.2907371929273182,2.331716224877946
0.14454615384615385,65.0,0.29023614158112,2.3307370219753945
0.14492653846153847,65.0,0.2897333040388809,2.3329948047289983
0.14530692307692308,65.0,0.2892283170460556,2.3390001947559655
0.1456873076923077,65.0,0.2887203315388074,2.348926418835472
0.14606769230769232,65.0,0.2882088897916447,2.3619813581326774
0.14644807692307693,65.0,0.28769373958584576,2.376267834844874
0.14682846153846155,65.0,0.28717433105268597,2.390662031705398
0.14720884615384616,65.0,0.28665014331617406,2.4040546528932967
0.14758923076923078,65.0,0.28611991899894107,2.4156433475193704
0.1479696153846154,65.0,0.2855829531128759,2.4248993074583436
0.14835,65.0,0.2850394423376139,2.4310813100261814
0.14873038461538463,65.0,0.28448878942103206,2.433902577945289
0.14911076923076924,65.0,0.28393055938952905,2.4341116578321835
0.14949115384615386,65.0,0.2833644277493301,2.4323511697864495
0.14987153846153847,65.0,0.28278979637482965,2.4286823117610967
0.1502519230769231,65.0,0.28220698062714117,2.423261790977659
0.1506323076923077,65.0,0.2816172390856802,2.416556910557693
0.15101269230769232,65.0,0.2810220236205713,2.409107615628454
0.15139307692307694,65.0,0.28042155867132457,2.4005467417611213
0.15177346153846155,65.0,0.27981570157595864,2.3908849164343904
0.15215384615384617,65.0,0.2792053090387123,2.3799591375019746
0.15253423076923078,65.0,0.2785903656331175,2.3668318242503754
0.1529146153846154,65.0,0.27797024058905473,2.3504513476890154
0.153295,65.0,0.2773450091320723,2.330651295327768
0.1536753846153846,65.0,0.2767148129116797,2.3090220304485762
0.15405576923076922,65.0,0.2760800835585655,2.2863571565840157
0.15443615384615383,65.0,0.2754409843276855,2.262905500394851
0.15481653846153845,65.0,0.27479711091269077,2.2396119102533567
0.15519692307692307,65.0,0.274148336330736,2.2180743404133
0.15557730769230768,65.0,0.2734948057210062,2.1997828885221145
0.1559576923076923,65.0,0.2728370071121631,2.1852842888345214
0.1563380769230769,65.0,0.27217498499559867,2.174780483939069
0.15671846153846153,65.0,0.2715082891786718,2.168778116372981
0.15709884615384614,65.0,0.27083663294236193,2.167440850386847
0.15747923076923076,65.0,0.2701594880215871,2.169880508150913
0.15785961538461538,65.0,0.26947714280667834,2.1763871044162997
0.15824,65.0,0.2687908272976896,2.1868703359191306
0.1586203846153846,65.0,0.268100818405326,2.2002350739508723
0.15900076923076922,65.0,0.2674065521465466,2.2164892092661677
0.15938115384615384,65.0,0.2667078258641307,2.236432237419832
0.15976153846153845,65.0,0.26600478948654466,2.2611830067980723
0.16014192307692307,65.0,0.26529691281050555,2.291563659591411
0.1605223076923077,65.0,0.26458320862096324,2.3281961928248665
0.1609026923076923,65.0,0.2638637862801597,2.371294546556679
0.16128307692307692,65.0,0.26313921842458277,2.420972688818242
0.16166346153846153,65.0,0.2624098380410244,2.4770356090342016
0.16204384615384615,65.0,0.26167620662124225,2.5390247475256347
0.16242423076923077,65.0,0.2609385852320311,2.605805531851378
0.16280461538461538,65.0,0.2601974012375857,2.675829946761566
0.163185,65.0,0.25945402752360774,2.747899488440031
0.1635653846153846,65.0,0.25870995946888925,2.8211199711679344
0.16394576923076923,65.0,0.2579662275504352,2.895119806235795
0.16432615384615384,65.0,0.25722362748209143,2.9690422067239726
0.16470653846153846,65.0,0.25648291072245005,3.042651085377185
0.16508692307692308,65.0,0.25574501402166117,3.1159901035341284
0.1654673076923077,65.0,0.25501160643344717,3.189699154467137
0.1658476923076923,65.0,0.2542847207156309,3.265018966698226
0.16622807692307692,65.0,0.2535651827284134,3.3420218986916996
0.16660846153846154,65.0,0.2528530600153695,3.419989681306671
0.16698884615384615,65.0,0.25214907479717436,3.4980346275518204
0.16736923076923077,65.0,0.2514537071475228,3.574251414070029
0.16774961538461539,65.0,0.25076659676891605,3.6475071274928426
0.16813,65.0,0.2500877126885796,3.717266807139302
0.16851038461538462,65.0,0.24941806599435262,3.7814852029784953
0.16889076923076923,65.0,0.2487588333417092,3.8395762779769806
0.16927115384615385,65.0,0.24811077628672618,3.891943643583581
0.16965153846153846,65.0,0.24747464872537925,3.9385056070581896
0.17003192307692308,65.0,0.24685091697316808,3.979999668588135
0.1704123076923077,65.0,0.2462400323868924,4.017715911619288
0.1707926923076923,65.0,0.24564294643739296,4.052644536046265
0.17117307692307693,65.0,0.24506013676311908,4.08509446289453
0.17155346153846154,65.0,0.24449127900652257,4.115466746726278
0.17193384615384616,65.0,0.24393570638397327,4.143923503145502
0.17231423076923078,65.0,0.2433925249210988,4.169964422527282
0.1726946153846154,65.0,0.24286123472883855,4.192439281636516
0.173075,65.0,0.24234203797247772,4.210086088017857
0.17345538461538462,65.0,0.24183514160678624,4.22206746767257
0.17383576923076924,65.0,0.2413399230302058,4.228306953869136
0.17421615384615385,65.0,0.24085580821275374,4.229500922502305
0.17459653846153847,65.0,0.24038322685491523,4.2268389042332535
0.17497692307692309,65.0,0.23992208352205813,4.221319306985233
0.1753573076923077,65.0,0.23947166866324504,4.213629138147294
0.17573769230769232,65.0,0.23903238973424074,4.205457310408639
0.17611807692307693,65.0,0.23860554535364745,4.198188641398079
0.17649846153846155,65.0,0.2381921760589236,4.19226030017044
0.17687884615384616,65.0,0.23779268062597134,4.187932245172388
0.17725923076923078,65.0,0.2374071912053892,4.1840773671814055
0.1776396153846154,65.0,0.23703578129869876,4.180011615060973
0.17802,65.0,0.23667837836782651,4.175943029008126
0.17840038461538463,65.0,0.23633533906275345,4.170807454635327
0.17878076923076924,65.0,0.23600676720027833,4.163722527712082
0.17916115384615386,65.0,0.23569170005085985,4.155265799542151
0.17954153846153847,65.0,0.23538935475902745,4.145745046021174
0.1799219230769231,65.0,0.23509925423725594,4.135564343319993
0.1803023076923077,65.0,0.23482127554623755,4.126475360410586
0.18068269230769232,65.0,0.2345560879881984,4.11982605409186
0.1810630769230769,65.0,0.23430373629338216,4.115959410426684
0.18144346153846153,65.0,0.23406361832047154,4.114944515351585
0.18182384615384614,65.0,0.2338356540952187,4.116091639786404
0.18220423076923076,65.0,0.23361979476303593,4.118465296496057
0.18258461538461537,65.0,0.23341518040368303,4.121381243157962
0.182965,65.0,0.23322055614530335,4.123765076184545
0.1833453846153846,65.0,0.23303578470824285,4.124658842716552
0.18372576923076922,65.0,0.23286126996929815,4.122826311237548
0.18410615384615384,65.0,0.23269633177981935,4.118240008925396
0.18448653846153845,65.0,0.23254019383714433,4.111970730823677
0.18486692307692307,65.0,0.23239201285196912,4.10422742905413
0.18524730769230768,65.0,0.2322504049019796,4.094566837343873
0.1856276923076923,65.0,0.23211461305341607,4.0836643507569095
0.18600807692307691,65.0,0.23198418681165844,4.072586378832142
0.18638846153846153,65.0,0.23185832345096333,4.061240203028937
0.18676884615384615,65.0,0.23173585603823985,4.0494426488449236
0.18714923076923076,65.0,0.23161565257467567,4.035925268606851
0.18752961538461538,65.0,0.23149753824423303,4.019216887116086
0.18791,65.0,0.231381845463288,3.9990554813743286
0.1882903846153846,65.0,0.23126900562214964,3.9746943197058267
0.18867076923076923,65.0,0.23115944232587274,3.9450789076210966
0.18905115384615384,65.0,0.23105310496903916,3.9109681788046653
0.18943153846153846,65.0,0.23095048572294358,3.8732836248676823
0.18981192307692307,65.0,0.2308520072931319,3.8317645739602337
0.1901923076923077,65.0,0.23075679620375172,3.787442822090684
0.1905726923076923,65.0,0.23066464241236254,3.7416498419304807
0.19095307692307692,65.0,0.23057636767647807,3.6951162656991
0.19133346153846154,65.0,0.23049238596409807,3.648431827820271
0.19171384615384615,65.0,0.23041254750956516,3.601671293427857
0.19209423076923077,65.0,0.23033635461295027,3.5542026876308284
0.19247461538461538,65.0,0.23026345152837538,3.5060328372987977
0.192855,65.0,0.23019349769303402,3.4571844320484866
0.19323538461538461,65.0,0.23012634757949751,3.4072385307039923
0.19361576923076923,65.0,0.23006251793079685,3.35542328005258
0.19399615384615385,65.0,0.23000190018333738,3.301583684155277
0.19437653846153846,65.0,0.229943969608217,3.247483788075874
0.19475692307692308,65.0,0.2298890167708886,3.194576585537754
0.1951373076923077,65.0,0.22983748597574946,3.1432233305659567
0.1955176923076923,65.0,0.22978994609882825,3.0944329399555754
0.19589807692307692,65.0,0.22974678203929,3.0496797488359717
0.19627846153846154,65.0,0.22970770007991542,3.009176854651673
0.19665884615384616,65.0,0.22967247177131195,2.973036601001198
0.19703923076923077,65.0,0.22964071267006037,2.9411408173800986
0.1974196153846154,65.0,0.22961139841661712,2.912446052893748
0.1978,65.0,0.22958309747592606,2.8866935787930688
0.19818038461538462,65.0,0.22955505646006763,2.863291954345212
0.19856076923076924,65.0,0.2295278189672947,2.8413435709457593
0.19894115384615385,65.0,0.22950149129077985,2.8209391781954105
0.19932153846153847,65.0,0.22947550435593778,2.8028528571718057
0.19970192307692308,65.0,0.22944997881957563,2.7868875095311316
0.2000823076923077,65.0,0.22942495288450684,2.772957759863374
0.20046269230769231,65.0,0.22940050879268978,2.762469944551364
0.20084307692307693,65.0,0.22937762346844928,2.755934213095526
0.20122346153846155,65.0,0.22935713373622837,2.7537302315045586
0.20160384615384616,65.0,0.22933919606911662,2.7553058629767913
0.20198423076923078,65.0,0.22932382255795017,2.759156222472452
0.2023646153846154,65.0,0.22931160079320673,2.7644653682768934
0.202745,65.0,0.22930350520939,2.770664977518896
0.20312538461538462,65.0,0.22930000411135293,2.7769667333966863
0.20350576923076924,65.0,0.22930134455204224,2.782402215994907
0.20388615384615386,65.0,0.2293078195084622,2.785959214200577
0.20426653846153847,65.0,0.2293195778164829,2.78784147324825
0.2046469230769231,65.0,0.22933678688192774,2.7892168373823436
0.2050273076923077,65.0,0.2293589972445336,2.789410493452292
0.20540769230769232,65.0,0.2293856589872271,2.7887243487671625
0.20578807692307693,65.0,0.22941763716422273,2.7882934713471914
0.20616846153846155,65.0,0.2294561509545443,2.787999557032134
0.20654884615384617,65.0,0.22950152270999347,2.7876418147403927
0.20692923076923078,65.0,0.22955383333116172,2.7870275010633883
0.2073096153846154,65.0,0.22961332007518886,2.785539813083118
0.20769,65.0,0.22967990591087042,2.7818684647869802
0.20807038461538463,65.0,0.22975341479692293,2.7755334200856123
0.20845076923076925,65.0,0.22983420141633895,2.7658375392656898
0.20883115384615383,65.0,0.2299222631604605,2.752567353276044
0.20921153846153845,65.0,0.23001662023611177,2.7367793641686746
0.20959192307692306,65.0,0.23011657935413182,2.7193688018178097
0.20997230769230768,65.0,0.2302220885147969,2.7002759101865172
0.2103526923076923,65.0,0.23033278107391103,2.680427243198782
0.2107330769230769,65.0,0.2304480434856141,2.6608689876233167
0.21111346153846153,65.0,0.230567385649013,2.6420813421518483
0.21149384615384614,65.0,0.2306903642518258,2.6246050242161116
0.21187423076923076,65.0,0.23081656990632235,2.607858816338398
0.21225461538461537,65.0,0.23094530126711468,2.5914913301135285
0.212635,65.0,0.23107561215290048,2.5753106887431976
0.2130153846153846,65.0,0.23120730509309895,2.559220416044702
0.21339576923076922,65.0,0.2313411988991673,2.5432118278527276
0.21377615384615384,65.0,0.23147810045858636,2.526799556557847
0.21415653846153845,65.0,0.23161817321278072,2.5104118401387736
0.21453692307692307,65.0,0.23176141126345812,2.4954989823536846
0.21491730769230769,65.0,0.23190800145718785,2.4826593622465754
0.2152976923076923,65.0,0.2320578111131191,2.4723925688038637
0.21567807692307692,65.0,0.2322107650929071,2.4665178538954446
0.21605846153846153,65.0,0.2323672629248941,2.4649832001388066
0.21643884615384615,65.0,0.23252695548595637,2.467099732819252
0.21681923076923076,65.0,0.2326889473620908,2.473220912458669
0.21719961538461538,65.0,0.23285320864121956,2.483047675877172
0.21758,65.0,0.23302002933016053,2.4957996936294315
0.2179603846153846,65.0,0.23318926324064032,2.510946763741097
0.21834076923076923,65.0,0.23336078264738014,2.5283192902578793
0.21872115384615384,65.0,0.23353475856125858,2.547135551022612
0.21910153846153846,65.0,0.23371158685947824,2.567663050692124
0.21948192307692307,65.0,0.23389128296967052,2.5905971304788853
0.2198623076923077,65.0,0.23407337166570016,2.6157964438434735
0.2202426923076923,65.0,0.23425751287718602,2.6433732634312435
0.22062307692307692,65.0,0.23444381872916453,2.6738203499957414
0.22100346153846154,65.0,0.23463299680427094,2.7074923961878516
0.22138384615384615,65.0,0.23482527227042058,2.7442197190198017
0.22176423076923077,65.0,0.23501984836059453,2.7835379012848778
0.22214461538461538,65.0,0.2352160432327339,2.823997909413966
0.222525,65.0,0.23541310808462296,2.8645571324628416
0.22290538461538462,65.0,0.23561004524123055,2.9045375436878564
0.22328576923076923,65.0,0.235806428621874,2.9434625199636395
0.22366615384615385,65.0,0.23600191903912887,2.980921729361018
0.22404653846153846,65.0,0.2361957870830118,3.0162319353443774
0.22442692307692308,65.0,0.2363873819055069,3.0498636099367666
0.2248073076923077,65.0,0.23657686906509934,3.081836488801092
0.2251876923076923,65.0,0.2367648882592166,3.1119272126216693
0.22556807692307693,65.0,0.23695128622649098,3.141009582576751
0.22594846153846154,65.0,0.23713617844713292,3.169495988095773
0.22632884615384616,65.0,0.2373204177227053,3.1965737276821793
0.22670923076923077,65.0,0.23750419010814508,3.222286145079184
0.2270896153846154,65.0,0.23768739517039328,3.24654937270094
0.22747,65.0,0.237869769608766,3.2685532341255388
0.22785038461538462,65.0,0.23805101057870046,3.28755757367557
0.22823076923076924,65.0,0.23823179058660307,3.3034776969986854
0.22861115384615385,65.0,0.23841283071291142,3.315954971578668
0.22899153846153847,65.0,0.23859424850189784,3.324790017547164
0.22937192307692308,65.0,0.23877602417488483,3.3312211378072156
0.2297523076923077,65.0,0.23895801358040952,3.335930004172348
0.23013269230769232,65.0,0.2391403065949352,3.339059582431918
0.23051307692307693,65.0,0.239322968699532,3.3411377952408756
0.23089346153846155,65.0,0.2395063678376747,3.342943371648505
0.23127384615384616,65.0,0.23969119025392427,3.3448822168689913
0.23165423076923078,65.0,0.23987724534506719,3.3470123644902747
0.2320346153846154,65.0,0.24006475496753218,3.3494913083008804
0.232415,65.0,0.24025478232421293,3.351985688113363
0.23279538461538463,65.0,0.24044753989392478,3.354155968913082
0.23317576923076924,65.0,0.24064292855435745,3.356018206093714
0.23355615384615386,65.0,0.2408412553631383,3.3576484017670682
0.23393653846153847,65.0,0.24104288743579733,3.3588922642565944
0.2343169230769231,65.0,0.24124770990374306,3.360310656676368
0.2346973076923077,65.0,0.24145479273394121,3.362480364143324
0.23507769230769232,65.0,0.24166354375096344,3.36547073089606
0.23545807692307694,65.0,0.24187382471114735,3.3701833321985992
0.23583846153846155,65.0,0.2420857001378702,3.3775729481625625
0.23621884615384617,65.0,0.2422996343138279,3.387319881752995
0.23659923076923076,65.0,0.24251530489334755,3.3988450662379677
0.23697961538461537,65.0,0.24273228128225055,3.412133461239765
0.23736,65.0,0.24295064850037784,3.426610642762417
0.2377403846153846,65.0,0.24317014968110873,3.441421311220505
0.23812076923076922,65.0,0.2433910742379338,3.4566596863159114
0.23850115384615383,65.0,0.2436140372369271,3.47176138939926
0.23888153846153845,65.0,0.24383914594459638,3.4857298751536785
0.23926192307692307,65.0,0.24406667367562246,3.498906820514987
0.23964230769230768,65.0,0.24429719018339058,3.511928241621153
0.2400226923076923,65.0,0.2445314852301915,3.524501927332658
0.2404030769230769,65.0,0.24476978924350293,3.5364961537918824
0.24078346153846153,65.0,0.24501179467478565,3.5485418155983846
0.24116384615384615,65.0,0.2452581752229643,3.5605390903356136
0.24154423076923076,65.0,0.24550942096833395,3.5718784573088147
0.24192461538461538,65.0,0.24576498824101026,3.582401061070139
0.242305,65.0,0.2460244851330149,3.5911576069479794
0.2426853846153846,65.0,0.24628775147664125,3.596953443960658
0.24306576923076922,65.0,0.24655514641487436,3.5994211794630915
0.24344615384615384,65.0,0.2468274401049911,3.5981754981523646
0.24382653846153846,65.0,0.24710515455282162,3.593053544767277
0.24420692307692307,65.0,0.24738857916547233,3.584218142541643
0.2445873076923077,65.0,0.24767763440124174,3.5720061113992756
0.2449676923076923,65.0,0.24797238754945813,3.5562139554182894
0.24534807692307692,65.0,0.24827304602581868,3.5371814521796594
0.24572846153846153,65.0,0.24857949207045613,3.5157401981085923
0.24610884615384615,65.0,0.24889186698785204,3.4921536837168263
0.24648923076923077,65.0,0.2492098119053856,3.466148027556678
0.24686961538461538,65.0,0.24953260470118957,3.437804935480387
0.24725,65.0,0.24986027186216733,3.406901490778948
0.2476303846153846,65.0,0.2501923392318874,3.3727674533616456
0.24801076923076923,65.0,0.25052769710884143,3.3356312372918047
0.24839115384615384,65.0,0.250865664156049,3.295420821098194
0.24877153846153846,65.0,0.25120603880424164,3.251678718518297
0.24915192307692308,65.0,0.25154847194908975,3.2046763234371616
0.2495323076923077,65.0,0.25189186561376486,3.1557298162030634
0.2499126923076923,65.0,0.2522354166071796,3.105375843847829
0.25029307692307695,65.0,0.2525790963651974,3.053745866037945
0.25067346153846154,65.0,0.2529228925424074,3.0021706790139957
0.2510538461538461,65.0,0.25326714042314924,2.9511112175089345
0.25143423076923077,65.0,0.2536120481895948,2.900391945145691
0.25181461538461536,65.0,0.2539571480111467,2.850554861358454
0.252195,65.0,0.2543021007945858,2.8020080054406216
0.2525753846153846,65.0,0.25464658104504273,2.754144783033335
0.25295576923076923,65.0,0.25499021435044283,2.7071291591110738
0.2533361538461538,65.0,0.25533277822778305,2.660997640095536
0.25371653846153847,65.0,0.25567396998000536,2.6154935934776002
0.25409692307692305,65.0,0.2560134372694957,2.5710902453621727
0.2544773076923077,65.0,0.25635098654464666,2.528352605199928
0.2548576923076923,65.0,0.2566867971510045,2.4875804928725773
0.25523807692307693,65.0,0.257020710158323,2.4490381608754657
0.2556184615384615,65.0,0.25735209009895654,2.413373094033333
0.25599884615384616,65.0,0.2576811378536258,2.381214999382579
0.25637923076923075,65.0,0.2580084280479192,2.352659973597666
0.2567596153846154,65.0,0.25833366943885283,2.3274746106066546
0.25714,65.0,0.2586562648854556,2.3054581491908883
0.2575203846153846,65.0,0.25897598171322156,2.2857602436950786
0.2579007692307692,65.0,0.2592930268595473,2.268286628357328
0.25828115384615385,65.0,0.25960759752777784,2.2533592453418514
0.25866153846153844,65.0,0.2599197431658784,2.2400634011596234
0.2590419230769231,65.0,0.26022941687704354,2.2279948267287697
0.2594223076923077,65.0,0.2605359577853675,2.217458240001781
0.2598026923076923,65.0,0.2608386550248197,2.2085477308863912
0.2601830769230769,65.0,0.26113708043192513,2.2006601456685537
0.26056346153846155,65.0,0.26143065903778867,2.1941782225565953
0.26094384615384614,65.0,0.2617188723212604,2.1896487193935164
0.2613242307692308,65.0,0.2620012590439819,2.1861791766622827
0.26170461538461537,65.0,0.2622774362781583,2.183811958853302
0.262085,65.0,0.26254730168723217,2.182567212158347
0.2624653846153846,65.0,0.26281079575896604,2.1815343534915455
0.26284576923076924,65.0,0.26306753823105783,2.18027920755043
0.26322615384615383,65.0,0.2633170664995802,2.1787024913497643
0.2636065384615385,65.0,0.26355973527348303,2.175703745512934
0.26398692307692306,65.0,0.26379604306452326,2.171278926829288
0.2643673076923077,65.0,0.26402545205247757,2.166012200266106
0.2647476923076923,65.0,0.26424756998315707,2.1596688112469837
0.26512807692307694,65.0,0.2644625761667249,2.1522427907571657
0.2655084615384615,65.0,0.2646706301731161,2.143536797292285
0.26588884615384617,65.0,0.2648720569894302,2.134399585125582
0.26626923076923076,65.0,0.26506713518549835,2.1251904444468788
0.2666496153846154,65.0,0.26525588869801897,2.1157113857762675
0.26703,65.0,0.26543793918044833,2.106155996576312
0.26741038461538463,65.0,0.26561304064504965,2.0964093586362686
0.2677907692307692,65.0,0.2657814341452637,2.0864960839136226
0.26817115384615386,65.0,0.26594306079260577,2.0764159354448983
0.26855153846153845,65.0,0.26609795082397597,2.0659902012978137
0.2689319230769231,65.0,0.26624655748972187,2.0549427388189145
0.2693123076923077,65.0,0.266389244195528,2.0439859024357845
0.2696926923076923,65.0,0.2665266277658335,2.0334211674732963
0.2700730769230769,65.0,0.2666590599319903,2.0230328416266232
0.27045346153846156,65.0,0.2667864140519246,2.0135998613876787
0.27083384615384615,65.0,0.2669090294306224,2.0065436626224726
0.2712142307692308,65.0,0.26702743507559024,2.001431806806185
0.2715946153846154,65.0,0.2671417777325566,1.9981714247396953
0.271975,65.0,0.26725145011478607,1.997800461608716
0.2723553846153846,65.0,0.2673559313356258,2.000085359221175
0.27273576923076925,65.0,0.2674554460898611,2.0049826296232496
0.27311615384615384,65.0,0.2675498325536177,2.01267704687069
0.2734965384615385,65.0,0.2676390277408062,2.0227105457266017
0.2738769230769231,65.0,0.2677233046134604,2.0347553076385196
0.2742573076923077,65.0,0.2678022726995284,2.0491686544897814
0.2746376923076923,65.0,0.26787563965270916,2.06574146869728
0.27501807692307695,65.0,0.26794340561507635,2.0842954547254795
0.27539846153846154,65.0,0.26800565736340254,2.1050913005381298
0.2757788461538462,65.0,0.2680626347188096,2.12828283582767
0.27615923076923077,65.0,0.26811432608857044,2.1542709169347223
0.2765396153846154,65.0,0.26816130070741234,2.182871827609314
0.27692,65.0,0.2682042072831711,2.214226812331616
0.27730038461538464,65.0,0.2682431672051842,2.2482167576550123
0.27768076923076923,65.0,0.26827843435112153,2.284084258604083
0.2780611538461539,65.0,0.2683098179789415,2.3214704655379665
0.27844153846153846,65.0,0.2683375609184469,2.3601928674747117
0.27882192307692305,65.0,0.26836245348318327,2.399670975950829
0.2792023076923077,65.0,0.2683842738183285,2.43939907800434
0.2795826923076923,65.0,0.2684026772954557,2.479344731852543
0.2799630769230769,65.0,0.2684178829354793,2.518551588024948
0.2803434615384615,65.0,0.2684304104981222,2.556899748459428
0.28072384615384616,65.0,0.2684408869688328,2.595088801413707
0.28110423076923075,65.0,0.26844975166082824,2.6327284467071435
0.2814846153846154,65.0,0.2684578106934057,2.6695547151436014
0.281865,65.0,0.26846539043156203,2.7060681148213317
0.2822453846153846,65.0,0.2684723815461735,2.7419737958584736
0.2826257692307692,65.0,0.26847953905030053,2.7766032838752275
0.28300615384615385,65.0,0.2684871324479067,2.810456730895289
0.28338653846153844,65.0,0.2684950851303701,2.8428002249732254
0.2837669230769231,65.0,0.26850382670662853,2.8726896338998174
0.28414730769230767,65.0,0.2685135846309913,2.9003945483412554
0.2845276923076923,65.0,0.2685247191233785,2.925862242854206
0.2849080769230769,65.0,0.2685371225643329,2.9489341474596333
0.28528846153846155,65.0,0.26855020119547357,2.9695336124128704
0.28566884615384613,65.0,0.26856388034849404,2.987776687074246
0.2860492307692308,65.0,0.2685781243164263,3.0041143269432813
0.28642961538461537,65.0,0.2685930190496346,3.0188134854969118
0.28681,65.0,0.2686081606544914,3.0318127846871015
0.2871903846153846,65.0,0.2686227243629255,3.0438234557820607
0.28757076923076924,65.0,0.26863699710035394,3.0548789858435392
0.28795115384615383,65.0,0.2686511144082467,3.0648689563377265
0.2883315384615385,65.0,0.2686649549356199,3.07395456240325
0.28871192307692306,65.0,0.2686789758959678,3.081886784182692
0.2890923076923077,65.0,0.268693165855056,3.088674440929145
0.2894726923076923,65.0,0.26870730924026587,3.0947331848608317
0.28985307692307694,65.0,0.26872118770917797,3.099699712075959
0.2902334615384615,65.0,0.26873479133528005,3.103319988171046
0.29061384615384617,65.0,0.26874820935908883,3.106749215813774
0.29099423076923076,65.0,0.26876093546083996,3.1104019904640356
0.2913746153846154,65.0,0.26877316975975396,3.1141266524320783
0.291755,65.0,0.26878544982827274,3.1185833170965034
0.29213538461538463,65.0,0.26879752047070404,3.1240144329703434
0.2925157692307692,65.0,0.26880932265937607,3.1301422808836015
0.29289615384615386,65.0,0.26882064103131015,3.137599377259109
0.29327653846153845,65.0,0.268831453090366,3.146360210255925
0.2936569230769231,65.0,0.2688423718211022,3.155678489341795
0.2940373076923077,65.0,0.2688534333472694,3.1659340987605953
0.2944176923076923,65.0,0.26886450424222147,3.1769805249423593
0.2947980769230769,65.0,0.26887559761145197,3.188171796219555
0.29517846153846156,65.0,0.268887073371252,3.1995538211042716
0.29555884615384614,65.0,0.2688995473793842,3.211416154835438
0.2959392307692308,65.0,0.2689130692872668,3.223866199560974
0.2963196153846154,65.0,0.26892800327392385,3.2369398989764853
0.2967,65.0,0.2689445716870226,3.2504985475775414
0.2970803846153846,65.0,0.2689621282974647,3.2649416790412524
0.29746076923076925,65.0,0.26898060302404825,3.280476144088646
0.29784115384615384,65.0,0.26899990346811803,3.29626252495493
0.2982215384615385,65.0,0.26901932527283107,3.312065499896535
0.29860192307692307,65.0,0.26903856985495106,3.3277542622424545
0.2989823076923077,65.0,0.26905766899390565,3.3427259934344025
0.2993626923076923,65.0,0.26907678016087977,3.3570964978529583
0.29974307692307695,65.0,0.2690955432957404,3.3703079127556137
0.30012346153846153,65.0,0.2691133960606153,3.381593053792628
0.3005038461538462,65.0,0.2691303165220814,3.391271418842608
0.30088423076923076,65.0,0.2691462577953495,3.3992476405123218
0.3012646153846154,65.0,0.269161451105148,3.4052112455774632
0.301645,65.0,0.26917588752427024,3.4095995163196013
0.30202538461538464,65.0,0.26918899404224034,3.412623003254632
0.30240576923076923,65.0,0.26920082687228,3.4138640420775674
0.30278615384615387,65.0,0.2692115728353607,3.41348485068652
0.30316653846153846,65.0,0.2692211581640503,3.411797921611913
0.3035469230769231,65.0,0.2692296507693972,3.408162895786481
0.3039273076923077,65.0,0.269236992625733,3.4024513061471175
0.30430769230769233,65.0,0.2692430349137513,3.3947703872093213
0.3046880769230769,65.0,0.2692473546366948,3.384467879813941
0.30506846153846157,65.0,0.2692498014235663,3.3716981937242316
0.30544884615384615,65.0,0.2692505801382561,3.3567303735411302
0.3058292307692308,65.0,0.26924930366838057,3.3395806904497443
0.3062096153846154,65.0,0.269246110737749,3.320473189383277
0.30659,65.0,0.269241895326716,3.2996792338327134
0.3069703846153846,65.0,0.2692370182652368,3.2775076067461946
0.3073507692307692,65.0,0.2692314546935909,3.2546671064938852
0.30773115384615385,65.0,0.26922526673451774,3.2312069780126675
0.30811153846153844,65.0,0.2692187570132158,3.2074513770562416
0.3084919230769231,65.0,0.2692122565136822,3.1838130775917177
0.30887230769230767,65.0,0.2692059185905934,3.159766984935351
0.3092526923076923,65.0,0.269199679308395,3.135812594838627
0.3096330769230769,65.0,0.269193166531238,3.1120279206407253
0.31001346153846154,65.0,0.2691863462595312,3.0879905723598764
0.31039384615384613,65.0,0.2691794095911083,3.063866262853504
0.3107742307692308,65.0,0.2691720986523427,3.040023352329685
0.31115461538461536,65.0,0.269164410916018,3.016652521290951
0.311535,65.0,0.26915639297005817,2.9940844104178876
0.3119153846153846,65.0,0.2691476195988235,2.9727429595569452
0.31229576923076924,65.0,0.2691378340376566,2.952456856120905
0.3126761538461538,65.0,0.2691270194206057,2.933653225527748
0.31305653846153847,65.0,0.2691150279268698,2.916650049521527
0.31343692307692306,65.0,0.2691014940789913,2.9010190496002
0.3138173076923077,65.0,0.26908664816820294,2.886826594848822
0.3141976923076923,65.0,0.2690711976149118,2.8746026587825524
0.31457807692307693,65.0,0.2690549746443784,2.863544077550796
0.3149584615384615,65.0,0.2690375071773194,2.8531359882325367
0.31533884615384616,65.0,0.2690187948096629,2.8434699171401214
0.31571923076923075,65.0,0.2689988564334661,2.8344010363794463
0.3160996153846154,65.0,0.2689777375688053,2.8259588868868417
0.31648,65.0,0.26895531675948126,2.8178370875885452
0.3168603846153846,65.0,0.2689313353946185,2.809991210249726
0.3172407692307692,65.0,0.26890564805789935,2.8027355201903204
0.31762115384615386,65.0,0.2688782923707957,2.7961102233481143
0.31800153846153845,65.0,0.26884958379478924,2.789799371765838
0.3183819230769231,65.0,0.26881954707372696,2.7837907476964854
0.3187623076923077,65.0,0.2687883652191765,2.7777033436556517
0.3191426923076923,65.0,0.26875643418382944,2.771351741188728
0.3195230769230769,65.0,0.26872360530914363,2.764785736102552
0.31990346153846155,65.0,0.26869006022573316,2.7572117115501418
0.32028384615384614,65.0,0.2686561334891057,2.74859393950881
0.3206642307692308,65.0,0.2686216796664166,2.738885714612913
0.3210446153846154,65.0,0.2685868298508349,2.727706956306904
0.321425,65.0,0.2685521385354705,2.7149956467255323
0.3218053846153846,65.0,0.2685181749307871,2.701066851177142
0.32218576923076925,65.0,0.2684847199999699,2.686101002141878
0.32256615384615384,65.0,0.26845118174564886,2.670105317568351
0.3229465384615385,65.0,0.26841772977446043,2.653418249334076
0.32332692307692307,65.0,0.26838424291571106,2.6357492140064918
0.3237073076923077,65.0,0.26835036933625583,2.6173545883834084
0.3240876923076923,65.0,0.2683160512356646,2.5985621425898677
0.32446807692307694,65.0,0.26828073906921246,2.5789578400138002
0.32484846153846153,65.0,0.268244158087818,2.558125186754489
0.3252288461538462,65.0,0.268206375665087,2.5365016572922494
0.32560923076923076,65.0,0.2681672710969962,2.514257617598498
0.3259896153846154,65.0,0.2681268272966306,2.4911535966198195
0.32637,65.0,0.26808494576450004,2.4677375776016124
0.32675038461538464,65.0,0.26804160542952987,2.44402509282806
0.3271307692307692,65.0,0.267996591357561,2.4204275437731995
0.32751115384615387,65.0,0.2679495658531516,2.397236632905931
0.32789153846153846,65.0,0.2679005516268881,2.3747287723269657
0.3282719230769231,65.0,0.2678489884541067,2.353466020810515
0.3286523076923077,65.0,0.26779462573741686,2.3335179741457432
0.32903269230769233,65.0,0.2677380911459535,2.315014281360104
0.3294130769230769,65.0,0.2676791104366429,2.2980923181272392
0.32979346153846156,65.0,0.26761711384259124,2.282716332542576
0.33017384615384615,65.0,0.26755182519878307,2.2687477129432274
0.3305542307692308,65.0,0.26748315365070136,2.256419340194121
0.3309346153846154,65.0,0.2674113011451486,2.2454881272246245
0.331315,65.0,0.2673360406386757,2.236217512393298
0.3316953846153846,65.0,0.26725746881795726,2.228819573930416
0.33207576923076926,65.0,0.26717583065319406,2.2233589633479642
0.33245615384615385,65.0,0.26709103914146,2.220119075206986
0.3328365384615385,65.0,0.2670036815076218,2.219343157361996
0.3332169230769231,65.0,0.26691404996031826,2.2209689373887533
0.3335973076923077,65.0,0.2668221398657696,2.224843056803999
0.3339776923076923,65.0,0.2667284052032072,2.2314335337692333
0.3343580769230769,65.0,0.2666327492398433,2.2405544256289422
0.33473846153846154,65.0,0.26653510447292805,2.251775936146505
0.33511884615384613,65.0,0.26643545132051244,2.264880410609613
0.33549923076923077,65.0,0.2663333906893421,2.2796041288228075
0.33587961538461536,65.0,0.2662287929363132,2.295573605018668
0.33626,65.0,0.2661216940950649,2.312734778779445
0.3366403846153846,65.0,0.2660125841163445,2.3310339838288336
0.33702076923076923,65.0,0.26590141649953336,2.350050772117745
0.3374011538461538,65.0,0.26578740412403684,2.3699390521878794
0.33778153846153847,65.0,0.2656707858355394,2.39076412019813
0.33816192307692305,65.0,0.26555177694045395,2.4123975548143632
0.3385423076923077,65.0,0.2654300870671557,2.434559059975204
0.3389226923076923,65.0,0.26530591122478436,2.4573417328803133
0.33930307692307693,65.0,0.2651791764264995,2.4806162878685165
0.3396834615384615,65.0,0.26504983029202106,2.5038564191906616
0.34006384615384616,65.0,0.26491795584584116,2.5268657019653165
0.34044423076923075,65.0,0.2647835107789671,2.5495457267631156
0.3408246153846154,65.0,0.2646467126529685,2.5718146722878314
0.341205,65.0,0.26450728707535476,2.5931264881143403
0.3415853846153846,65.0,0.2643651496159555,2.6134125640593204
0.3419657692307692,65.0,0.26422046315864006,2.632624776317427
0.34234615384615386,65.0,0.2640728233412706,2.65093407796886
0.34272653846153844,65.0,0.2639222622964087,2.668743193684884
0.3431069230769231,65.0,0.26376865225860646,2.685591567352971
0.3434873076923077,65.0,0.26361183723533105,2.70177578878568
0.3438676923076923,65.0,0.26345269112512526,2.717792913622961
0.3442480769230769,65.0,0.2632916909891953,2.733662947495227
0.34462846153846155,65.0,0.2631287137659715,2.7490836273097
0.34500884615384614,65.0,0.2629638393660651,2.7641093912080765
0.3453892307692308,65.0,0.26279743075120937,2.778986273815168
0.34576961538461537,65.0,0.26263005360226843,2.793488504921117
0.34615,65.0,0.2624617197450672,2.8076043033134157
0.3465303846153846,65.0,0.26229265462507073,2.821652177381373
0.34691076923076924,65.0,0.26212338016911835,2.8357015286186997
0.34729115384615383,65.0,0.2619537991795864,2.8497538352313843
0.3476715384615385,65.0,0.26178420864991153,2.8643068293265284
0.34805192307692306,65.0,0.26161496163258874,2.879361999177033
0.3484323076923077,65.0,0.26144599509346655,2.8951723867254953
0.3488126923076923,65.0,0.2612774816359393,2.912309342486063
0.34919307692307694,65.0,0.2611094718087356,2.9308718245191514
0.3495734615384615,65.0,0.26094205195884806,2.9505397476339605
0.34995384615384617,65.0,0.2607752571898145,2.971373459954634
0.35033423076923076,65.0,0.2606088527580602,2.99353534593235
0.3507146153846154,65.0,0.260442968420403,3.016751338870467
0.351095,65.0,0.2602778648971783,3.0407763553308667
0.35147538461538463,65.0,0.26011409113749534,3.0656857902820316
0.3518557692307692,65.0,0.259952148791633,3.091417219403235
0.35223615384615387,65.0,0.2597916162569376,3.1179119893373555
0.35261653846153845,65.0,0.25963249231183844,3.145436084134047
0.3529969230769231,65.0,0.2594752666694214,3.17366043667358
0.3533773076923077,65.0,0.25931983369007555,3.202668896239681
0.35375769230769233,65.0,0.2591660776804739,3.2326299269248007
0.3541380769230769,65.0,0.2590141276905105,3.2632805582847193
0.35451846153846156,65.0,0.2588640599668593,3.294477201034118
0.35489884615384615,65.0,0.2587157989888241,3.3259724278607155
0.3552792307692308,65.0,0.2585694073681322,3.357730821831441
0.3556596153846154,65.0,0.25842519120630886,3.3891119701711285
0.35604,65.0,0.25828312075736565,3.4195875007126233
0.3564203846153846,65.0,0.2581432730320596,3.449206690677081
0.35680076923076925,65.0,0.2580061499736657,3.477699971604739
0.35718115384615384,65.0,0.2578719172997849,3.5045895754783762
0.3575615384615385,65.0,0.2577406867610396,3.5300731260515565
0.3579419230769231,65.0,0.25761264142355633,3.55409425054716
0.3583223076923077,65.0,0.25748800032596486,3.5762539939743645
0.3587026923076923,65.0,0.2573674423045617,3.5968881504281134
0.35908307692307695,65.0,0.2572516006864384,3.6162138686625394
0.35946346153846154,65.0,0.2571405572739327,3.6336178132256123
0.3598438461538462,65.0,0.257034046387407,3.648962341759126
0.36022423076923077,65.0,0.2569321441300266,3.6623656978554404
0.3606046153846154,65.0,0.2568351400472115,3.673468174676492
0.360985,65.0,0.2567427706210987,3.6820195778638625
0.36136538461538464,65.0,0.25665481353717745,3.6880868426961024
0.36174576923076923,65.0,0.2565714790432207,3.6913887256397495
0.3621261538461538,65.0,0.25649271817197383,3.691761588750996
0.36250653846153846,65.0,0.2564183673386407,3.6896838555307223
0.36288692307692305,65.0,0.25634857470941674,3.685159701358811
0.3632673076923077,65.0,0.2562834514489939,3.678257444734589
0.3636476923076923,65.0,0.25622280300482525,3.669561180702997
0.3640280769230769,65.0,0.25616660191619833,3.6591170103083748
0.3644084615384615,65.0,0.25611507610065254,3.6471012624043198
0.36478884615384616,65.0,0.2560680075460126,3.6336621471504205
0.36516923076923075,65.0,0.25602498048534433,3.618840276832596
0.3655496153846154,65.0,0.25598574275734876,3.6027697805533454
0.36593,65.0,0.2559501750915256,3.5852142139455183
0.3663103846153846,65.0,0.2559184503133805,3.5664515477055256
0.3666907692307692,65.0,0.25589050640796723,3.5467187214210294
0.36707115384615385,65.0,0.2558658385646761,3.525836414847805
0.36745153846153844,65.0,0.25584399186348056,3.504195967382947
0.3678319230769231,65.0,0.2558248222914732,3.4822939345401047
0.36821230769230767,65.0,0.2558082832354716,3.4596730519083785
0.3685926923076923,65.0,0.25579399788959734,3.436913014584098
0.3689730769230769,65.0,0.2557817911131414,3.414805963678944
0.36935346153846155,65.0,0.25577199821255187,3.3930198081418976
0.36973384615384614,65.0,0.25576450016737223,3.3716490360777547
0.3701142307692308,65.0,0.25575920935706803,3.350977919826374
0.37049461538461537,65.0,0.255756492543401,3.331017529487175
0.370875,65.0,0.2557562834707845,3.311343967092358
0.3712553846153846,65.0,0.2557584595705787,3.292275176703955
0.37163576923076924,65.0,0.2557631662617105,3.273669788391176
0.37201615384615383,65.0,0.2557705630572178,3.2552244241374138
0.3723965384615385,65.0,0.2557804183389029,3.2373902319900028
0.37277692307692306,65.0,0.2557922075201193,3.2199819348068304
0.3731573076923077,65.0,0.2558059540331453,3.2029118475902
0.3735376923076923,65.0,0.2558217635084526,3.1864743285399797
0.37391807692307694,65.0,0.25583963985294084,3.1707766493503367
0.3742984615384615,65.0,0.25585964637579495,3.1555589063887304
0.37467884615384617,65.0,0.2558812307093524,3.1408441726653016
0.37505923076923076,65.0,0.2559041291104664,3.1264204901908808
0.3754396153846154,65.0,0.2559285253889715,3.112447140308048
0.37582,65.0,0.255954038608243,3.098454079217086
0.37620038461538463,65.0,0.2559804635192963,3.0840648308371015
0.3765807692307692,65.0,0.2560078059995818,3.069416363284921
0.37696115384615386,65.0,0.25603606463334366,3.0540345451242557
0.37734153846153845,65.0,0.2560652019744763,3.037982699284411
0.3777219230769231,65.0,0.2560949015484047,3.0215207374295887
0.3781023076923077,65.0,0.2561252252051419,3.004181663189603
0.3784826923076923,65.0,0.25615593492365024,2.985906620919247
0.3788630769230769,65.0,0.25618647730512006,2.967464266526684
0.37924346153846156,65.0,0.25621702530838003,2.94848839598982
0.37962384615384615,65.0,0.25624735118669806,2.928516122191649
0.3800042307692308,65.0,0.25627675143061307,2.908126508048223
0.3803846153846154,65.0,0.25630493187471354,2.8871536577701282
0.380765,65.0,0.2563317285343874,2.8650798626448983
0.3811453846153846,65.0,0.256357362503736,2.8421881261950017
0.38152576923076925,65.0,0.25638190124026,2.8186739771915086
0.38190615384615384,65.0,0.2564051155358787,2.7940788732496835
0.3822865384615385,65.0,0.2564270193311201,2.768788851704011
0.38266692307692307,65.0,0.2564474811271493,2.742808947404407
0.3830473076923077,65.0,0.25646673633788875,2.716105702541443
0.3834276923076923,65.0,0.2564848668935969,2.6892872551332903
0.38380807692307695,65.0,0.256501602940642,2.662541416714145
0.38418846153846153,65.0,0.2565174144727019,2.636077363485638
0.3845688461538462,65.0,0.256532425010053,2.609926678466598
0.38494923076923077,65.0,0.2565464098591367,2.5844582468636204
0.3853296153846154,65.0,0.2565596035325733,2.5598150322427204
0.38571,65.0,0.2565718641379988,2.5360071864344973
0.38609038461538464,65.0,0.2565829966723214,2.512903097092216
0.38647076923076923,65.0,0.25659294900983787,2.490776430655466
0.3868511538461539,65.0,0.2566017894621858,2.469845022431849
0.38723153846153846,65.0,0.25660964362115635,2.449713995944517
0.3876119230769231,65.0,0.25661587857043827,2.431123302215008
0.3879923076923077,65.0,0.25662043706844323,2.4139591207640034
0.38837269230769234,65.0,0.25662389043500267,2.398080603295582
0.3887530769230769,65.0,0.25662620136338676,2.38421223736515
0.38913346153846157,65.0,0.25662756628919,2.372451488717149
0.38951384615384615,65.0,0.25662797363858003,2.3624562179410913
0.38989423076923074,65.0,0.25662715698508765,2.3547704552605886
0.3902746153846154,65.0,0.25662529730974226,2.349594362921134
0.390655,65.0,0.2566222106745486,2.3460550241695004
0.3910353846153846,65.0,0.2566176487441771,2.344476506936887
0.3914157692307692,65.0,0.25661157985906635,2.344910206541326
0.39179615384615385,65.0,0.25660394670824105,2.346894593243881
0.39217653846153844,65.0,0.2565948198177872,2.3502715399800853
0.3925569230769231,65.0,0.25658390119451235,2.355245816168485
0.39293730769230767,65.0,0.2565711526008196,2.3614667837043144
0.3933176923076923,65.0,0.2565566867917273,2.3688886696955183
0.3936980769230769,65.0,0.25654008702206144,2.3776609438120975
0.39407846153846154,65.0,0.25652165217800343,2.387625279401767
0.39445884615384613,65.0,0.2565017799382288,2.3987297537967716
0.3948392307692308,65.0,0.25648017928242783,2.410750237923935
0.39521961538461536,65.0,0.25645680729601095,2.4236689701212795
0.3956,65.0,0.25643189796698584,2.4373427584310035
0.3959803846153846,65.0,0.2564059920014016,2.4514699188960534
0.39636076923076924,65.0,0.2563794069383409,2.4658889425432533
0.3967411538461538,65.0,0.25635203084070496,2.4804995536723986
0.39712153846153847,65.0,0.2563241392368505,2.494713168043133
0.39750192307692306,65.0,0.2562957416443858,2.5086525606225782
0.3978823076923077,65.0,0.2562667609436549,2.5225582646387017
0.3982626923076923,65.0,0.25623742174868425,2.53566602870411
0.39864307692307693,65.0,0.25620748607856514,2.548459968928139
0.3990234615384615,65.0,0.25617709285673557,2.561201623966536
0.39940384615384616,65.0,0.25614658988007716,2.5733425854222602
0.39978423076923075,65.0,0.25611588539262825,2.5851489680534723
0.4001646153846154,65.0,0.25608509822349906,2.5970451605047566
0.400545,65.0,0.25605428702192523,2.6083960776248247
0.40092538461538463,65.0,0.256023418031074,2.61922705490595
0.4013057692307692,65.0,0.25599253094535784,2.6300219299954115
0.40168615384615386,65.0,0.25596180298291216,2.6402224863661075
0.40206653846153845,65.0,0.25593153421841613,2.6499792546902374
0.4024469230769231,65.0,0.25590135521293583,2.659530876490017
0.4028273076923077,65.0,0.25587095011687866,2.668704593932818
0.4032076923076923,65.0,0.25584078962841467,2.677528732943781
0.4035880769230769,65.0,0.25581098126236207,2.6862861645545615
0.40396846153846155,65.0,0.2557813463203335,2.695469462872841
0.40434884615384614,65.0,0.25575181401997715,2.70497541939359
0.4047292307692308,65.0,0.25572221335989836,2.7149189693511095
0.4051096153846154,65.0,0.2556924162274674,2.7255053026446134
0.40549,65.0,0.2556622116590143,2.736900007408887
0.4058703846153846,65.0,0.25563149479264646,2.748998683407752
0.40625076923076925,65.0,0.2556002103382955,2.761754184580723
0.40663115384615384,65.0,0.25556837497633517,2.7753517130480447
0.4070115384615385,65.0,0.25553633297661543,2.789674594685447
0.40739192307692307,65.0,0.2555041556113564,2.8046577145213787
0.4077723076923077,65.0,0.2554718227161215,2.820625150821009
0.4081526923076923,65.0,0.25543962876676096,2.83735057514423
0.40853307692307694,65.0,0.25540756667885245,2.854740506162748
0.40891346153846153,65.0,0.25537576551875685,2.8735912021180847
0.4092938461538462,65.0,0.2553447258673931,2.8932898819684243
0.40967423076923076,65.0,0.2553144640658118,2.9137983419041467
0.4100546153846154,65.0,0.25528469299455525,2.9358590752510114
0.410435,65.0,0.25525549317345864,2.9589114303518875
0.41081538461538464,65.0,0.2552273379662982,2.982661235074402
0.4111957692307692,65.0,0.255200357017628,3.007419651648308
0.41157615384615387,65.0,0.25517438165103223,3.032681402609319
0.41195653846153846,65.0,0.25514956890364265,3.0582361325978233
0.4123369230769231,65.0,0.2551260084512021,3.0841280886396403
0.4127173076923077,65.0,0.25510363235853506,3.1100588541942225
0.41309769230769233,65.0,0.25508247981990617,3.1357966409135556
0.4134780769230769,65.0,0.25506263794042283,3.1612453232255078
0.41385846153846156,65.0,0.25504425471853576,3.186640508738921
0.41423884615384615,65.0,0.2550275457802581,3.211688845478584
0.4146192307692308,65.0,0.2550127851245333,3.2361935423370527
0.4149996153846154,65.0,0.2550000568337387,3.260317658924635
0.41538,65.0,0.25498924240318893,3.283907333222726
0.4157603846153846,65.0,0.2549803574112385,3.306659144240567
0.41614076923076926,65.0,0.25497328244054035,3.328354309708368
0.41652115384615385,65.0,0.2549679854515296,3.3491185500574296
0.4169015384615385,65.0,0.25496463884003345,3.368598059470765
0.4172819230769231,65.0,0.25496287295514236,3.386390774356932
0.41766230769230767,65.0,0.2549622443261673,3.402576345823111
0.4180426923076923,65.0,0.2549628938011037,3.417081863032328
0.4184230769230769,65.0,0.2549651229464621,3.4296394022697316
0.41880346153846154,65.0,0.25496881684386763,3.4407630586754885
0.41918384615384613,65.0,0.254973782433316,3.4502480699711087
0.4195642307692308,65.0,0.2549802948588767,3.457807860064807
0.41994461538461536,65.0,0.2549884300349023,3.4641425507269896
0.420325,65.0,0.25499799994728245,3.4691154600401135
0.4207053846153846,65.0,0.2550091869543945,3.472358512282707
0.42108576923076924,65.0,0.25502209397811704,3.4743341723992747
0.4214661538461538,65.0,0.25503677563663163,3.474989650323222
0.42184653846153847,65.0,0.2550535583985799,3.4741057129803945
0.42222692307692306,65.0,0.2550725895678391,3.471964084462816
0.4226073076923077,65.0,0.2550938972201143,3.4686176351301703
0.4229876923076923,65.0,0.25511736905957827,3.4639536525381476
0.42336807692307693,65.0,0.25514294204415827,3.4580828560943475
0.4237484615384615,65.0,0.2551707531962118,3.4513164774469938
0.42412884615384616,65.0,0.25520082795198,3.443825886248564
0.42450923076923075,65.0,0.2552333310993869,3.4356423940585574
0.4248896153846154,65.0,0.25526806499943866,3.427105675843766
0.42527,65.0,0.2553047509011549,3.418402641476405
0.4256503846153846,65.0,0.2553439470449644,3.4094456199748913
0.4260307692307692,65.0,0.25538586978238387,3.400279530550866
0.42641115384615386,65.0,0.2554302673171174,3.391219382395291
0.42679153846153844,65.0,0.25547732778107135,3.382174284509943
0.4271719230769231,65.0,0.25552715642661605,3.372933249470734
0.4275523076923077,65.0,0.25557969217068205,3.3637345489017423
0.4279326923076923,65.0,0.25563473237631973,3.3545677894146997
0.4283130769230769,65.0,0.25569217769115704,3.3453132822373344
0.42869346153846155,65.0,0.25575211460468844,3.336092196776059
0.42907384615384614,65.0,0.2558142888497896,3.3272142872724655
0.4294542307692308,65.0,0.25587879743571795,3.318258437032293
0.42983461538461537,65.0,0.255945683406163,3.3095377172224545
0.430215,65.0,0.2560144646693034,3.3012473455323987
0.4305953846153846,65.0,0.25608500569460335,3.292847380339299
0.43097576923076925,65.0,0.25615711653852113,3.284684813789296
0.43135615384615383,65.0,0.2562306904793203,3.276547712464951
0.4317365384615385,65.0,0.2563058932138468,3.268131246878144
0.43211692307692307,65.0,0.25638244875274274,3.2593295936861058
0.4324973076923077,65.0,0.2564601738816395,3.250167099602253
0.4328776923076923,65.0,0.25653910541111696,3.240413730346248
0.43325807692307694,65.0,0.2566194506337479,3.229848910026697
0.43363846153846153,65.0,0.2567014754309551,3.218665217125601
0.43401884615384617,65.0,0.25678478888995315,3.2068048703639835
0.43439923076923076,65.0,0.2568694872932744,3.1941143157644363
0.4347796153846154,65.0,0.2569559043153874,3.1805600231471596
0.43516,65.0,0.25704352648153744,3.1664329181053037
0.43554038461538463,65.0,0.2571322661484905,3.15133152020521
0.4359207692307692,65.0,0.25722217962706595,3.13525235805555
0.43630115384615387,65.0,0.2573130336429498,3.118257525699507
0.43668153846153845,65.0,0.2574049203089494,3.1002677544459707
0.4370619230769231,65.0,0.25749785792623264,3.0811098090594973
0.4374423076923077,65.0,0.2575918628992332,3.060831537582564
0.43782269230769233,65.0,0.25768669743798234,3.0393898296071975
0.4382030769230769,65.0,0.25778205254444675,3.0165665861851734
0.43858346153846156,65.0,0.25787819434085096,2.9926731894274643
0.43896384615384615,65.0,0.25797505228737216,2.9679144476340515
0.4393442307692308,65.0,0.25807257585507815,2.942270011856333
0.4397246153846154,65.0,0.25817078283889533,2.915790836718529
0.440105,65.0,0.2582691907134406,2.888895876680796
0.4404853846153846,65.0,0.25836800183808223,2.861568460388796
0.44086576923076926,65.0,0.2584673531243158,2.8338867522684037
0.44124615384615384,65.0,0.2585667663914159,2.8061142088744755
0.4416265384615385,65.0,0.2586660711227244,2.7781540629802066
0.4420069230769231,65.0,0.2587650941366218,2.7501953149531597
0.4423873076923077,65.0,0.2588636764842408,2.722318924509984
0.4427676923076923,65.0,0.25896136432677325,2.694619799516743
0.44314807692307695,65.0,0.2590576721131226,2.6670223204057435
0.44352846153846154,65.0,0.2591527512331063,2.639914850447101
0.4439088461538462,65.0,0.25924628111077314,2.613422297888791
0.44428923076923077,65.0,0.259338077204133,2.5875145282546255
0.4446696153846154,65.0,0.25942852646307824,2.56252151154756
0.44505,65.0,0.2595172646916143,2.538726260829487
0.4454303846153846,65.0,0.25960402985973136,2.5163382172483835
0.44581076923076923,65.0,0.2596888486435986,2.4950213977588866
0.4461911538461538,65.0,0.25977165600873964,2.4752320184066363
0.44657153846153846,65.0,0.25985262389498515,2.4569882565693675
0.44695192307692305,65.0,0.25993154499502796,2.4400776857642406
0.4473323076923077,65.0,0.26000823054022104,2.4247593876933378
0.4477126923076923,65.0,0.26008269622594715,2.410784785987902
0.4480930769230769,65.0,0.26015490733247626,2.39819674210326
0.4484734615384615,65.0,0.26022505485492115,2.38704965868964
0.44885384615384616,65.0,0.2602928667520718,2.37737973600032
0.44923423076923075,65.0,0.26035814461345175,2.36905565713908
0.4496146153846154,65.0,0.26042126949910915,2.362157429616856
0.449995,65.0,0.2604820024518904,2.356678388363207
0.4503753846153846,65.0,0.2605401097008863,2.352681019263122
0.4507557692307692,65.0,0.2605957428673882,2.349932951562705
0.45113615384615385,65.0,0.260648917779303,2.3484077833926533
0.45151653846153844,65.0,0.26069977474806005,2.348288809780702
0.4518969230769231,65.0,0.26074838845865356,2.349083942158824
0.4522773076923077,65.0,0.26079501697909474,2.350843071304099
0.4526576923076923,65.0,0.26083959512758925,2.3532829713640027
0.4530380769230769,65.0,0.26088166661048945,2.3563342617852223
0.45341846153846155,65.0,0.26092149492623873,2.3599243805722834
0.45379884615384614,65.0,0.2609591637062012,2.3639560980037535
0.4541792307692308,65.0,0.2609943681823046,2.368256021161533
0.45455961538461537,65.0,0.2610271411004602,2.3727854070558556
0.45494,65.0,0.26105723940041275,2.377709876642447
0.4553203846153846,65.0,0.26108457057541556,2.382851596708922
0.45570076923076924,65.0,0.26110932138298326,2.388014752333785
0.45608115384615383,65.0,0.2611313057253239,2.3933829043323738
0.4564615384615385,65.0,0.261150373526603,2.3989819027496386
0.45684192307692306,65.0,0.2611665408663081,2.4043907182917503
0.4572223076923077,65.0,0.26117996529309134,2.409883521256492
0.4576026923076923,65.0,0.261190549682367,2.415358378445176
0.45798307692307694,65.0,0.2611980329905158,2.4205875458134236
0.4583634615384615,65.0,0.2612026867691036,2.4257301914950236
0.45874384615384617,65.0,0.26120463295418384,2.430666602950739
0.45912423076923076,65.0,0.26120383763870103,2.4355607844076346
0.4595046153846154,65.0,0.26120069048999883,2.4405743109584592
0.459885,65.0,0.26119531606701935,2.4457276964737615
0.46026538461538463,65.0,0.26118745276975625,2.451069651224559
0.4606457692307692,65.0,0.2611770490445902,2.4568453594720125
0.46102615384615386,65.0,0.2611643305846673,2.4629783196093555
0.46140653846153845,65.0,0.26114947407973116,2.4697047591129144
0.4617869230769231,65.0,0.26113233338747827,2.4770662311095437
0.4621673076923077,65.0,0.2611129464279013,2.484955394977338
0.4625476923076923,65.0,0.2610915166281192,2.4936333200106224
0.4629280769230769,65.0,0.261068121123747,2.5029673863627075
0.46330846153846156,65.0,0.26104306095247387,2.513050235118745
0.46368884615384615,65.0,0.26101642277239706,2.524000950000397
0.4640692307692308,65.0,0.26098821026658137,2.53583768601098
0.4644496153846154,65.0,0.26095880153265755,2.5485769724196383
0.46483,65.0,0.26092839598913914,2.5623482493311727
0.4652103846153846,65.0,0.2608968968631473,2.5773649711217583
0.46559076923076925,65.0,0.26086433587211916,2.5934342138701885
0.46597115384615384,65.0,0.2608309551950096,2.610848171788539
0.4663515384615385,65.0,0.2607968402990557,2.629534818772447
0.46673192307692307,65.0,0.2607619992300431,2.649258922651095
0.4671123076923077,65.0,0.2607267373727705,2.670229472923406
0.4674926923076923,65.0,0.2606910350488956,2.6923734306170655
0.46787307692307695,65.0,0.26065448978431954,2.7152539360328216
0.46825346153846154,65.0,0.2606171627756017,2.7389870500196762
0.4686338461538462,65.0,0.2605793163806755,2.7635584958661172
0.46901423076923077,65.0,0.26054095485082474,2.788568704112598
0.4693946153846154,65.0,0.2605019364690943,2.8142246011475622
0.469775,65.0,0.2604624036455626,2.8402458439518945
0.47015538461538464,65.0,0.2604226466064246,2.866592819426875
0.47053576923076923,65.0,0.2603826949275752,2.8933621704255437
0.4709161538461539,65.0,0.26034276425834757,2.9201840214371986
0.47129653846153846,65.0,0.2603029662397235,2.947060223110036
0.4716769230769231,65.0,0.26026327590552895,2.9740500583801297
0.4720573076923077,65.0,0.26022406531372766,3.0007998144830155
0.47243769230769234,65.0,0.2601853813546422,3.0272204851608753
0.4728180769230769,65.0,0.26014699815036824,3.0530295334921504
0.4731984615384615,65.0,0.2601090886253961,3.078102545252427
0.47357884615384616,65.0,0.26007179495196286,3.102391352674452
0.47395923076923074,65.0,0.260035185295423,3.1256980381557233
0.4743396153846154,65.0,0.2599994391633908,3.1479298171261125
0.47472,65.0,0.2599648201379224,3.1690033771919803
0.4751003846153846,65.0,0.25993133671666036,3.18909016499786
0.4754807692307692,65.0,0.25989869781998576,3.2078325516515074
0.47586115384615385,65.0,0.2598672779037651,3.2253826856420154
0.47624153846153844,65.0,0.25983745296011695,3.2419021536624064
0.4766219230769231,65.0,0.2598090343091617,3.2570063291674622
0.47700230769230767,65.0,0.2597821845335905,3.2709965365289753
0.4773826923076923,65.0,0.25975711422471415,3.283863746706287
0.4777630769230769,65.0,0.25973395380031866,3.2952606952373773
0.47814346153846154,65.0,0.2597128372829065,3.305472911168764
0.47852384615384613,65.0,0.2596936567744207,3.3146080425056863
0.4789042307692308,65.0,0.25967648847237157,3.3222158021164407
0.47928461538461536,65.0,0.2596613163785397,3.3286953347299857
0.479665,65.0,0.2596480922384948,3.3341635705116666
0.4800453846153846,65.0,0.2596368720767408,3.338536761580599
0.48042576923076924,65.0,0.2596272220658984,3.342104644511972
0.4808061538461538,65.0,0.25961915344195763,3.3448345427676256
0.48118653846153847,65.0,0.2596128499783596,3.34676951205272
0.48156692307692306,65.0,0.2596080388443079,3.348279113249324
0.4819473076923077,65.0,0.25960499856508035,3.3493028821581747
0.4823276923076923,65.0,0.2596037721592243,3.349792489986744
0.48270807692307693,65.0,0.2596039838946876,3.3499619296384675
0.4830884615384615,65.0,0.25960562830585154,3.3497604007035706
0.48346884615384617,65.0,0.2596088161315513,3.349212213278859
0.48384923076923075,65.0,0.25961372092287327,3.3484342427878686
0.4842296153846154,65.0,0.25962009878690806,3.3473569444426388
0.48461,65.0,0.2596278170211915,3.3460950662819617
0.48499038461538463,65.0,0.25963730203377416,3.3448240092459627
0.4853707692307692,65.0,0.25964835396990976,3.343344607662886
0.48575115384615386,65.0,0.25966085278892403,3.341837128890172
0.48613153846153845,65.0,0.25967495259236356,3.340599921606007
0.4865119230769231,65.0,0.2596903869717553,3.339210846077838
0.4868923076923077,65.0,0.2597073077297328,3.3378687328863905
0.4872726923076923,65.0,0.2597257361018674,3.336683504541645
0.4876530769230769,65.0,0.25974545198855076,3.33523503003417
0.48803346153846155,65.0,0.25976649291042303,3.333605079699833
0.48841384615384614,65.0,0.2597887980876225,3.3319183431199497
0.4887942307692308,65.0,0.25981259375397,3.329787226287232
0.4891746153846154,65.0,0.2598379840756642,3.3271485395332334
0.489555,65.0,0.2598649880781838,3.3243694618381383
0.4899353846153846,65.0,0.25989386849835333,3.320915535589385
0.49031576923076925,65.0,0.2599242022123472,3.31692219918898
0.49069615384615384,65.0,0.25995592761281794,3.3125128114845075
0.4910765384615385,65.0,0.25998951822696553,3.307344387778187
0.49145692307692307,65.0,0.2600245638034404,3.301609866541813
0.4918373076923077,65.0,0.2600608748131479,3.2951982820968135
0.4922176923076923,65.0,0.26009856251923635,3.2879932035929635
0.49259807692307694,65.0,0.2601375222752517,3.279969498391622
0.49297846153846153,65.0,0.2601777064549492,3.2710623459837436
0.4933588461538462,65.0,0.26021874327378103,3.2609756497398426
0.49373923076923076,65.0,0.26026061323078936,3.24990465026591
0.4941196153846154,65.0,0.26030330555384446,3.2376586708846653
0.4945,65.0,0.2603465341300087,3.2242153711915646
0.49488038461538464,65.0,0.2603904416742469,3.209789276277996
0.4952607692307692,65.0,0.26043476719038716,3.1940902969697875
0.49564115384615387,65.0,0.26047927391674075,3.1773769101892944
0.49602153846153846,65.0,0.26052419056237003,3.159752465141505
0.4964019230769231,65.0,0.2605693642590269,3.1411494119906007
0.4967823076923077,65.0,0.26061488989073645,3.1215847908353425
0.49716269230769233,65.0,0.2606608219374818,3.1015523256040867
0.4975430769230769,65.0,0.26070681805956825,3.0806329134623383
0.49792346153846156,65.0,0.26075275025733363,3.058853246499677
0.49830384615384615,65.0,0.2607984865701704,3.0367599754454857
0.4986842307692308,65.0,0.2608441575865459,3.014000969440071
0.4990646153846154,65.0,0.2608895639812912,2.9905957929303306
0.49944500000000003,65.0,0.26093428270990865,2.9669321650277873
0.4998253846153846,65.0,0.2609787240596613,2.9429445313856073
0.5002057692307692,65.0,0.261022901197776,2.9186811233652574
0.5005861538461539,65.0,0.2610664505777473,2.8946285108271756
0.5009665384615385,65.0,0.2611095513696182,2.870607471240915
0.5013469230769231,65.0,0.26115217362052134,2.8467891762652107
0.5017273076923077,65.0,0.2611943121196071,2.8235215750556093
0.5021076923076923,65.0,0.2612360747022637,2.800720264096134
0.502488076923077,65.0,0.26127736421850695,2.7785528132737576
0.5028684615384615,65.0,0.26131818000780693,2.7570539921570667
0.5032488461538461,65.0,0.2613583420887921,2.736267496505899
0.5036292307692307,65.0,0.2613979268032691,2.7163030202391654
0.5040096153846154,65.0,0.261437080199872,2.6971886791684123
0.50439,65.0,0.2614755937446725,2.6787640322572353
0.5047703846153846,65.0,0.26151352000575884,2.6614300192966778
0.5051507692307692,65.0,0.2615505881249375,2.6449792150081315
0.5055311538461539,65.0,0.2615864639574881,2.6293268993606937
0.5059115384615385,65.0,0.261621357583948,2.6148671655176243
0.5062919230769231,65.0,0.2616551310615203,2.601290513048817
0.5066723076923076,65.0,0.2616874712307719,2.588759194900045
0.5070526923076923,65.0,0.26171838758683136,2.5773983758936927
0.5074330769230769,65.0,0.2617480309709622,2.5669931315093635
0.5078134615384615,65.0,0.2617764076608122,2.5572914520125924
0.5081938461538461,65.0,0.26180318839165295,2.548665042445248
0.5085742307692308,65.0,0.26182842197744255,2.540933229813694
0.5089546153846154,65.0,0.26185224136697477,2.5335152625097552
0.509335,65.0,0.2618743975291484,2.526926300926757
0.5097153846153846,65.0,0.2618949885126233,2.5209483151165335
0.5100957692307693,65.0,0.2619139767812835,2.5152615416217214
0.5104761538461539,65.0,0.2619310857676029,2.510003397878296
0.5108565384615384,65.0,0.261946335490658,2.5052086938542573
0.511236923076923,65.0,0.26195977016881666,2.500560686221809
0.5116173076923077,65.0,0.26197144781733467,2.496325644817136
0.5119976923076923,65.0,0.2619813538605622,2.492358962145511
0.5123780769230769,65.0,0.26198937127420135,2.488434091238034
0.5127584615384615,65.0,0.2619954249520184,2.4848666026664734
0.5131388461538462,65.0,0.2619994702272125,2.4812254322555174
0.5135192307692308,65.0,0.26200167646430894,2.4777374868688384
0.5138996153846154,65.0,0.2620020645831461,2.474169780390334
0.51428,65.0,0.2620004439685531,2.4704202272291447
0.5146603846153847,65.0,0.26199708469285465,2.4668462195951557
0.5150407692307692,65.0,0.26199227428650645,2.463186266474162
0.5154211538461538,65.0,0.26198587527284484,2.4593708945679733
0.5158015384615384,65.0,0.2619777632291508,2.4557749522232504
0.5161819230769231,65.0,0.26196808726023996,2.4522596111384516
0.5165623076923077,65.0,0.261956934641791,2.448791909963367
0.5169426923076923,65.0,0.26194410511176947,2.445719433937408
0.5173230769230769,65.0,0.2619296445961845,2.4429684676617636
0.5177034615384616,65.0,0.26191356655395837,2.4404964454138938
0.5180838461538462,65.0,0.26189554632616535,2.4384548575606773
0.5184642307692308,65.0,0.2618756115255444,2.437069380616815
0.5188446153846153,65.0,0.26185393405305574,2.43597738101344
0.519225,65.0,0.26183045231330987,2.435484115732355
0.5196053846153846,65.0,0.2618051459695981,2.4358839641362127
0.5199857692307692,65.0,0.26177791556207103,2.436672517551783
0.5203661538461538,65.0,0.2617487006157437,2.438248669871275
0.5207465384615385,65.0,0.261717571872483,2.440854701445762
0.5211269230769231,65.0,0.26168459057474003,2.4443068669545895
0.5215073076923077,65.0,0.2616497084767429,2.4487146377810083
0.5218876923076923,65.0,0.2616127949707274,2.454326386273585
0.522268076923077,65.0,0.26157417096825863,2.4610355267150763
0.5226484615384616,65.0,0.2615339785667516,2.468961908750727
0.5230288461538461,65.0,0.2614918750895004,2.478044133935467
0.5234092307692307,65.0,0.26144791168492587,2.4883220246866915
0.5237896153846154,65.0,0.26140221419778487,2.4998735722627865
0.52417,65.0,0.2613547415954778,2.5123610769930025
0.5245503846153846,65.0,0.26130549077368764,2.526060501055393
0.5249307692307692,65.0,0.26125451460300836,2.5408757685996615
0.5253111538461539,65.0,0.26120193254407664,2.5564946569066866
0.5256915384615385,65.0,0.26114761630882943,2.573229078094867
0.5260719230769231,65.0,0.2610917264855912,2.5908867975830883
0.5264523076923077,65.0,0.26103474149209605,2.6092855926404477
0.5268326923076924,65.0,0.26097661348907986,2.6286416397139756
0.527213076923077,65.0,0.26091744038357284,2.6489487101476366
0.5275934615384615,65.0,0.2608574116496912,2.6697602197042993
0.5279738461538461,65.0,0.2607964913979016,2.691209947648529
0.5283542307692308,65.0,0.26073496683965147,2.71333456796411
0.5287346153846154,65.0,0.2606728660018599,2.7357323585768487
0.529115,65.0,0.26061012214214524,2.7583223881123446
0.5294953846153846,65.0,0.26054695601386746,2.781221825554779
0.5298757692307692,65.0,0.2604835330149507,2.804140841859495
0.5302561538461539,65.0,0.2604199663375026,2.8268385905112763
0.5306365384615385,65.0,0.2603560411722059,2.849555453554677
0.531016923076923,65.0,0.26029174828239243,2.8719710551258393
0.5313973076923076,65.0,0.26022744429610195,2.8939517103480847
0.5317776923076923,65.0,0.2601629498201155,2.915712958653561
0.5321580769230769,65.0,0.26009830623405605,2.9370892047495416
0.5325384615384615,65.0,0.2600337943447308,2.9578860056195895
0.5329188461538461,65.0,0.25996922531875943,2.9781874210186974
0.5332992307692308,65.0,0.25990468667354283,2.9979844998091076
0.5336796153846154,65.0,0.259840382825651,3.017221424806698
0.53406,65.0,0.25977651748508784,3.0356192496354613
0.5344403846153846,65.0,0.2597131401191818,3.053319056338401
0.5348207692307693,65.0,0.2596500435575057,3.0704613396092184
0.5352011538461539,65.0,0.2595874848261658,3.086642904798927
0.5355815384615384,65.0,0.2595254588850861,3.102121383987519
0.535961923076923,65.0,0.25946383681799473,3.116949197008512
0.5363423076923077,65.0,0.2594028626203303,3.130962691037113
0.5367226923076923,65.0,0.25934233370890386,3.144335837337047
0.5371030769230769,65.0,0.2592824373792864,3.157232669059515
0.5374834615384615,65.0,0.25922357981257305,3.1694668116587486
0.5378638461538462,65.0,0.2591654690727854,3.1811946097836468
0.5382442307692308,65.0,0.25910817856717266,3.192622780274243
0.5386246153846154,65.0,0.2590519115156252,3.203552220772913
0.539005,65.0,0.2589967620740789,3.2139879274194265
0.5393853846153847,65.0,0.25894290600853637,3.2241554208818903
0.5397657692307692,65.0,0.25889032710042853,3.2341284383516333
0.5401461538461538,65.0,0.258839334400341,3.243558525578682
0.5405265384615384,65.0,0.25878991629147047,3.2527930401715457
0.5409069230769231,65.0,0.2587419791748828,3.2618775143465495
0.5412873076923077,65.0,0.2586960638510609,3.270701179160665
0.5416676923076923,65.0,0.2586521777168213,3.2794336990973365
0.5420480769230769,65.0,0.2586101607983489,3.2881786843775016
0.5424284615384616,65.0,0.2585701692141642,3.29680288194741
0.5428088461538462,65.0,0.258532145586631,3.3052895517324856
0.5431892307692308,65.0,0.25849619675418206,3.3138610562805146
0.5435696153846153,65.0,0.258462224324363,3.3223629666580936
0.54395,65.0,0.25843013114768204,3.330578165440729
0.5443303846153846,65.0,0.25840015143845146,3.3386928965647202
0.5447107692307692,65.0,0.2583722500549687,3.3467206440495767
0.5450911538461538,65.0,0.258346631153871,3.354328942465706
0.5454715384615385,65.0,0.2583232184555254,3.3615649405157995
0.5458519230769231,65.0,0.25830173309965276,3.3685592494711267
0.5462323076923077,65.0,0.25828257947004013,3.375029113020251
0.5466126923076923,65.0,0.25826567799364336,3.3809556654623583
0.546993076923077,65.0,0.2582508498285435,3.3864824456065152
0.5473734615384616,65.0,0.258238365589504,3.3914335686073316
0.5477538461538461,65.0,0.2582280403936334,3.39566355689835
0.5481342307692307,65.0,0.25821976204367825,3.3993507785878143
0.5485146153846154,65.0,0.25821356907270954,3.4021867396612144
0.548895,65.0,0.2582095363620128,3.4041088866239733
0.5492753846153846,65.0,0.2582077348800541,3.4051494391949224
0.5496557692307692,65.0,0.25820775503645216,3.405178734701533
0.5500361538461539,65.0,0.2582096936105757,3.4041164456792816
0.5504165384615385,65.0,0.25821373485390664,3.4017458823451294
0.5507969230769231,65.0,0.25821953500908107,3.39836189063886
0.5511773076923077,65.0,0.25822719571395697,3.3936662665312483
0.5515576923076924,65.0,0.25823674085060677,3.387588998298774
0.551938076923077,65.0,0.2582481790441852,3.380481691239968
0.5523184615384615,65.0,0.25826178042927284,3.372150138440384
0.5526988461538461,65.0,0.2582774398439521,3.362504535865139
0.5530792307692308,65.0,0.25829505993883345,3.3517838959049886
0.5534596153846154,65.0,0.2583146180034909,3.340045995562719
0.55384,65.0,0.2583361303686725,3.32696903114519
0.5542203846153846,65.0,0.2583596470868507,3.312932596995242
0.5546007692307693,65.0,0.25838490238750544,3.297854358186309
0.5549811538461539,65.0,0.2584119571959231,3.281703342396659
0.5553615384615385,65.0,0.25844077735018506,3.264512958781418
0.555741923076923,65.0,0.2584709370561016,3.24649718591838
0.5561223076923077,65.0,0.25850266009076533,3.2277340909483394
0.5565026923076923,65.0,0.2585359999680107,3.208035354594163
0.5568830769230769,65.0,0.258570582068864,3.1879593849961134
0.5572634615384615,65.0,0.25860635267000975,3.167307135951061
0.5576438461538461,65.0,0.2586432881184627,3.146218054283614
0.5580242307692308,65.0,0.2586813610803181,3.124922726834541
0.5584046153846154,65.0,0.25872035672942606,3.1034678609689683
0.558785,65.0,0.2587600654516945,3.0819016032879762
0.5591653846153846,65.0,0.2588006224719668,3.0603064912850693
0.5595457692307693,65.0,0.2588419343986464,3.038793750288018
0.5599261538461539,65.0,0.2588839161918911,3.0175067986778927
0.5603065384615384,65.0,0.25892651642765213,2.99632825462089
0.560686923076923,65.0,0.2589693620937463,2.9753960456080764
0.5610673076923077,65.0,0.25901240137295434,2.954916945457342
0.5614476923076923,65.0,0.2590556162959351,2.934589181164265
0.5618280769230769,65.0,0.25909877583255075,2.9148876753428294
0.5622084615384615,65.0,0.2591417948400337,2.895810725565978
0.5625888461538462,65.0,0.2591845927995498,2.877048232595231
0.5629692307692308,65.0,0.2592270595654095,2.858983201132662
0.5633496153846154,65.0,0.2592690314863474,2.8416919115938692
0.56373,65.0,0.2593106242124213,2.824864909072276
0.5641103846153847,65.0,0.2593519593852949,2.808613942794136
0.5644907692307692,65.0,0.2593926876973065,2.793194863363487
0.5648711538461538,65.0,0.25943279786776074,2.7781973414949217
0.5652515384615384,65.0,0.2594725425572123,2.7637624763212107
0.5656319230769231,65.0,0.25951171354887925,2.74985935686137
0.5660123076923077,65.0,0.2595501323634887,2.7364227259559053
0.5663926923076923,65.0,0.259587856838778,2.7233988380439125
0.5667730769230769,65.0,0.2596249418516777,2.7108069105713426
0.5671534615384616,65.0,0.25966137366362185,2.698689313321207
0.5675338461538462,65.0,0.2596970765865119,2.686799145723479
0.5679142307692308,65.0,0.25973197604364834,2.6753885631737098
0.5682946153846153,65.0,0.2597658585747555,2.66427226473457
0.568675,65.0,0.2597986869854377,2.6533971558933116
0.5690553846153846,65.0,0.25983050460600626,2.642725136517588
0.5694357692307692,65.0,0.25986113806801076,2.632164660689012
0.5698161538461538,65.0,0.2598905640067894,2.621899246050904
0.5701965384615385,65.0,0.2599187830146968,2.6115893939433534
0.5705769230769231,65.0,0.25994564706431283,2.601293155090103
0.5709573076923077,65.0,0.259971142924484,2.5911524787635076
0.5713376923076923,65.0,0.2599954151392612,2.5810300335262433
0.571718076923077,65.0,0.2600183977055803,2.570793849137395
0.5720984615384616,65.0,0.2600397955380241,2.5608606067696753
0.5724788461538461,65.0,0.260059667265694,2.550854978933553
0.5728592307692307,65.0,0.26007818696225365,2.540919367215656
0.5732396153846154,65.0,0.2600949779684646,2.5314293366052736
0.57362,65.0,0.260109864772806,2.521854690272313
0.5740003846153846,65.0,0.26012301201194105,2.512526993479829
0.5743807692307692,65.0,0.2601343495046019,2.503615449982505
0.5747611538461539,65.0,0.2601438646724906,2.4949693881042734
0.5751415384615385,65.0,0.2601514808243498,2.486522299441384
0.5755219230769231,65.0,0.26015711607917164,2.4785514624690506
0.5759023076923077,65.0,0.26016073194975664,2.471018358512764
0.5762826923076924,65.0,0.26016229119658046,2.4639218762651853
0.576663076923077,65.0,0.26016195786248375,2.4574332208121414
0.5770434615384615,65.0,0.2601596861643417,2.4516000508181452
0.5774238461538461,65.0,0.26015547246503246,2.446461299333466
0.5778042307692308,65.0,0.26014950190531877,2.442154551804361
0.5781846153846154,65.0,0.2601416511785651,2.4387347182401093
0.578565,65.0,0.2601320758072172,2.436208920168209
0.5789453846153846,65.0,0.26012098521073945,2.4347774666513256
0.5793257692307693,65.0,0.26010816429663036,2.434260384817121
0.5797061538461539,65.0,0.2600936275716067,2.4349059217582343
0.5800865384615385,65.0,0.26007749811393044,2.436648184459018
0.580466923076923,65.0,0.26005986809801435,2.439291398043972
0.5808473076923077,65.0,0.260040544209359,2.4432364716744774
0.5812276923076923,65.0,0.260019374273243,2.4482061153918604
0.5816080769230769,65.0,0.2599967928258435,2.454104776097269
0.5819884615384615,65.0,0.2599727769143171,2.461289069421439
0.5823688461538462,65.0,0.25994721520708725,2.469576527992557
0.5827492307692308,65.0,0.2599203988874816,2.4787746617789153
0.5831296153846154,65.0,0.25989215788808095,2.489252259168526
0.58351,65.0,0.2598624958235217,2.5006569939398764
0.5838903846153847,65.0,0.25983164955082794,2.51293774778771
0.5842707692307693,65.0,0.25979955237955354,2.526320630926217
0.5846511538461538,65.0,0.2597663206978636,2.5404993990126887
0.5850315384615384,65.0,0.25973193482568196,2.5553558625381982
0.585411923076923,65.0,0.2596964083851788,2.5709929622475403
0.5857923076923077,65.0,0.2596598663304292,2.5872488897056707
0.5861726923076923,65.0,0.25962222786975625,2.6038671607707062
0.5865530769230769,65.0,0.2595836965616407,2.621003222446984
0.5869334615384615,65.0,0.2595441155711678,2.6385100575912297
0.5873138461538462,65.0,0.259503373488405,2.65618147026687
0.5876942307692308,65.0,0.25946192290889986,2.6741762380541823
0.5880746153846154,65.0,0.25941956869054844,2.692208357626757
0.588455,65.0,0.25937615013690885,2.710382761735676
0.5888353846153846,65.0,0.25933198086541565,2.728607784302927
0.5892157692307692,65.0,0.2592871840841156,2.7466668543282635
0.5895961538461538,65.0,0.2592419458858157,2.764663821704706
0.5899765384615384,65.0,0.2591962442169941,2.7825702467675875
0.5903569230769231,65.0,0.2591502019711396,2.800118709709592
0.5907373076923077,65.0,0.2591040056969465,2.8173818454959005
0.5911176923076923,65.0,0.2590574492971516,2.834451670470133
0.5914980769230769,65.0,0.25901088304966835,2.8509888502003013
0.5918784615384616,65.0,0.2589644297710301,2.867225065431729
0.5922588461538462,65.0,0.25891788541928706,2.8831829357403698
0.5926392307692308,65.0,0.25887157858168125,2.898562499683283
0.5930196153846153,65.0,0.258825449502059,2.9137218288306888
0.5934,65.0,0.25877954094111477,2.9286516944096443
0.5937803846153846,65.0,0.2587341161082439,2.943030794300423
0.5941607692307692,65.0,0.2586890007179329,2.957271427058
0.5945411538461538,65.0,0.25864429002661005,2.971289482966534
0.5949215384615385,65.0,0.2586001058415024,2.984912964527742
0.5953019230769231,65.0,0.25855654556605767,2.998412626441504
0.5956823076923077,65.0,0.25851369394257107,3.0116881435259053
0.5960626923076923,65.0,0.2584712599659853,3.02463942074358
0.596443076923077,65.0,0.25842961057332503,3.0375371231860546
0.5968234615384616,65.0,0.2583890434667444,3.05034735471499
0.5972038461538461,65.0,0.25834924902236445,3.062927383993045
0.5975842307692307,65.0,0.2583104684234486,3.0756110636489282
0.5979646153846154,65.0,0.25827273483472313,3.088219970697025
0.598345,65.0,0.25823587204911524,3.100837123290639
0.5987253846153846,65.0,0.25819998839340824,3.1135480031952567
0.5991057692307692,65.0,0.2581650893817654,3.126241075441985
0.5994861538461539,65.0,0.2581312779463798,3.1390449454628153
0.5998665384615385,65.0,0.25809843750833156,3.1519480456045614
0.6002469230769231,65.0,0.25806655558890285,3.164836158474648
0.6006273076923077,65.0,0.25803591068128673,3.177621729967406
0.6010076923076924,65.0,0.258006342668263,3.1905942968984653
0.6013880769230769,65.0,0.25797798180710746,3.203375315502192
0.6017684615384615,65.0,0.25795095967861825,3.2160261336830436
0.6021488461538461,65.0,0.25792506340887367,3.228673606805356
0.6025292307692308,65.0,0.2579007066752707,3.2410679208798823
0.6029096153846154,65.0,0.25787794553700144,3.2533134345604178
0.60329,65.0,0.2578565133899737,3.2654410338102524
0.6036703846153846,65.0,0.2578366328118634,3.277123498026592
0.6040507692307693,65.0,0.25781845575285145,3.288521836406774
0.6044311538461539,65.0,0.25780212155083154,3.2996788133405817
0.6048115384615385,65.0,0.2577875495447074,3.310215962187488
0.605191923076923,65.0,0.25777470930079954,3.32028609465851
0.6055723076923077,65.0,0.25776381452977676,3.3298236057795254
0.6059526923076923,65.0,0.257754608101831,3.3385203313488034
0.6063330769230769,65.0,0.2577471200111518,3.3465303261334345
0.6067134615384615,65.0,0.25774164380438674,3.3537704124008045
0.6070938461538462,65.0,0.2577379582368098,3.3599607592487226
0.6074742307692308,65.0,0.2577360981729382,3.3653338263391928
0.6078546153846154,65.0,0.257736204040047,3.369803098284357
0.608235,65.0,0.2577382720559818,3.373114426269452
0.6086153846153847,65.0,0.25774236250829874,3.3755719536870723
0.6089957692307693,65.0,0.2577483805964305,3.376927811250079
0.6093761538461538,65.0,0.2577563608329748,3.3772278739603014
0.6097565384615384,65.0,0.2577663007683312,3.3765352610663797
0.6101369230769231,65.0,0.2577782034627899,3.3746870468633143
0.6105173076923077,65.0,0.257792090644,3.371727915881664
0.6108976923076923,65.0,0.2578076288929805,3.367706954601347
0.6112780769230769,65.0,0.25782483928873534,3.3626166517719187
0.6116584615384616,65.0,0.25784397441509704,3.356303120186567
0.6120388461538462,65.0,0.2578647754272859,3.3490835108465102
0.6124192307692308,65.0,0.2578871346420145,3.3408105196829285
0.6127996153846154,65.0,0.257911121837961,3.33149834069832
0.61318,65.0,0.2579365875320684,3.3213995188269263
0.6135603846153846,65.0,0.25796341872335543,3.3103665887952562
0.6139407692307692,65.0,0.25799160709018,3.298562730772658
0.6143211538461538,65.0,0.258021287238598,3.286149643692806
0.6147015384615384,65.0,0.258052315285791,3.273030602662055
0.6150819230769231,65.0,0.25808456325873186,3.2592610015016414
0.6154623076923077,65.0,0.2581182779683306,3.2452246560577915
0.6158426923076923,65.0,0.258153381659017,3.2304891457107003
0.6162230769230769,65.0,0.2581897161554358,3.2154285258716047
0.6166034615384616,65.0,0.25822732116021935,3.2001612970053004
0.6169838461538462,65.0,0.2582661217263587,3.184407446220581
0.6173642307692307,65.0,0.25830609801722165,3.1686219538329192
0.6177446153846153,65.0,0.25834726743061687,3.152663497767457
0.618125,65.0,0.2583894652195173,3.136622554099517
0.6185053846153846,65.0,0.2584324941404019,3.1205332805012223
0.6188857692307692,65.0,0.2584764493075219,3.10455572546799
0.6192661538461538,65.0,0.2585214781064375,3.0886095718372752
0.6196465384615385,65.0,0.25856732440726543,3.0728335793475985
0.6200269230769231,65.0,0.25861392092369206,3.057240902270487
0.6204073076923077,65.0,0.25866139321723686,3.0417904091628394
0.6207876923076923,65.0,0.25870950817821464,3.0265108256341824
0.621168076923077,65.0,0.2587581700755264,3.011430618149531
0.6215484615384615,65.0,0.25880747759600264,2.9965340273449446
0.6219288461538461,65.0,0.25885738854740736,2.98176765069228
0.6223092307692307,65.0,0.25890771026755227,2.96726753934787
0.6226896153846154,65.0,0.2589583784802928,2.952799916691636
0.62307,65.0,0.2590095218724664,2.9386174570936223
0.6234503846153846,65.0,0.2590609522503965,2.9245935032518817
0.6238307692307692,65.0,0.25911241579239785,2.9105926835820375
0.6242111538461539,65.0,0.25916392483597955,2.8968672239540028
0.6245915384615385,65.0,0.2592153696069132,2.8831250940781095
0.6249719230769231,65.0,0.25926666650778457,2.86945632420862
0.6253523076923077,65.0,0.2593177485931726,2.8559336676806257
0.6257326923076924,65.0,0.2593683677512647,2.842283188824812
0.6261130769230769,65.0,0.25941847451636835,2.8285576859278825
0.6264934615384615,65.0,0.25946812868485797,2.8149712666647284
0.6268738461538461,65.0,0.2595173517737946,2.80109658294742
0.6272542307692308,65.0,0.25956598892571303,2.787139438306004
0.6276346153846154,65.0,0.2596139271713618,2.7731919032323926
0.628015,65.0,0.25966133031451094,2.759034802642878
0.6283953846153846,65.0,0.25970794768822547,2.7448189257492595
0.6287757692307693,65.0,0.25975364718689503,2.730477287793841
0.6291561538461539,65.0,0.2597986980061952,2.7161205364275096
0.6295365384615385,65.0,0.2598428639967079,2.7016821879231876
0.629916923076923,65.0,0.25988598531223894,2.687248856770888
0.6302973076923077,65.0,0.2599282119463827,2.672804760599081
0.6306776923076923,65.0,0.2599694810133103,2.6583351425165076
0.6310580769230769,65.0,0.26000968918788053,2.6439635883615002
0.6314384615384615,65.0,0.2600486205319615,2.629636385507606
0.6318188461538462,65.0,0.26008633755883465,2.615482408086903
0.6321992307692308,65.0,0.26012293071185716,2.601392993299417
0.6325796153846154,65.0,0.26015816080175985,2.5876487406301774
0.63296,65.0,0.26019212069137015,2.574150461276478
0.6333403846153847,65.0,0.26022467684841677,2.561015546682966
0.6337207692307693,65.0,0.2602557211609226,2.54828043459602
0.6341011538461538,65.0,0.2602855559153464,2.5360779228041137
0.6344815384615384,65.0,0.2603139958014791,2.524549346608959
0.6348619230769231,65.0,0.2603409192139364,2.513486604817461
0.6352423076923077,65.0,0.2603664188986443,2.5032975054659357
0.6356226923076923,65.0,0.26039033646668214,2.4937604026080438
0.6360030769230769,65.0,0.26041259978229403,2.4849706992885023
0.6363834615384616,65.0,0.26043310340434267,2.47714446014219
0.6367638461538462,65.0,0.2604519166723291,2.4700844455577933
0.6371442307692308,65.0,0.26046897798787816,2.463827607007113
0.6375246153846154,65.0,0.2604839840293609,2.458672500163903
0.637905,65.0,0.2604972614589194,2.4544419484721445
0.6382853846153846,65.0,0.2605087645566212,2.451102163653016
0.6386657692307692,65.0,0.2605181267219654,2.448843787730076
0.6390461538461538,65.0,0.2605255746548559,2.4476038979243993
0.6394265384615385,65.0,0.26053108555048127,2.44741176305336
0.6398069230769231,65.0,0.26053468116254663,2.448178487997143
0.6401873076923077,65.0,0.2605364357136579,2.45004207919413
0.6405676923076923,65.0,0.2605361730924048,2.452902838669618
0.6409480769230769,65.0,0.2605340554078495,2.456661039148376
0.6413284615384616,65.0,0.26053009288491624,2.4613784529908935
0.6417088461538462,65.0,0.2605243359419485,2.466991159499439
0.6420892307692307,65.0,0.2605169566293322,2.4733773807376034
0.6424696153846153,65.0,0.26050770004408647,2.480582248762846
0.64285,65.0,0.26049675741510725,2.488570811972937
0.6432303846153846,65.0,0.26048419497906017,2.497125682077742
0.6436107692307692,65.0,0.2604697455594168,2.5063784734431853
0.6439911538461538,65.0,0.2604537415983612,2.516247530920494
0.6443715384615385,65.0,0.26043617848393114,2.5266442533184885
0.6447519230769231,65.0,0.2604169546469202,2.5374528668355527
0.6451323076923077,65.0,0.2603962754199023,2.5487844156233583
0.6455126923076923,65.0,0.2603742352859056,2.560501315964563
0.645893076923077,65.0,0.26035096055889706,2.5724340050400514
0.6462734615384615,65.0,0.2603262345584806,2.584740636646559
0.6466538461538461,65.0,0.2603001695196953,2.597228240076868
0.6470342307692307,65.0,0.26027315237570303,2.609820632409471
0.6474146153846154,65.0,0.2602449170042445,2.6225796920165907
0.647795,65.0,0.26021555790535633,2.6354424385920474
0.6481753846153846,65.0,0.2601852207719794,2.648320618146171
0.6485557692307692,65.0,0.2601537057921334,2.6611958376712512
0.6489361538461539,65.0,0.26012130472430894,2.674209738670519
0.6493165384615385,65.0,0.2600880057376445,2.6871691709645043
0.6496969230769231,65.0,0.2600537270961432,2.7001198839321368
0.6500773076923076,65.0,0.26001861546459787,2.7131435189851247
0.6504576923076923,65.0,0.25998256679144816,2.7261998571796933
0.6508380769230769,65.0,0.25994570079910867,2.7391723264341548
0.6512184615384615,65.0,0.2599079877572645,2.7521453748402114
0.6515988461538461,65.0,0.25986947430907453,2.765257714354161
0.6519792307692308,65.0,0.2598304200883886,2.778271396074855
0.6523596153846154,65.0,0.25979061985569357,2.791276276059454
0.65274,65.0,0.2597503011754308,2.804504378573165
0.6531203846153846,65.0,0.259709801818697,2.81769773708659
0.6535007692307693,65.0,0.2596688092538767,2.8309356076872465
0.6538811538461539,65.0,0.25962742623401436,2.844442044391991
0.6542615384615384,65.0,0.2595858881150121,2.857993055371289
0.654641923076923,65.0,0.2595442524418646,2.8717477580101956
0.6550223076923077,65.0,0.25950257382258146,2.8857653392859457
0.6554026923076923,65.0,0.2594607602827083,2.8999616795321086
0.6557830769230769,65.0,0.25941904127070087,2.91434083249329
0.6561634615384615,65.0,0.2593774504888361,2.9289670887068477
0.6565438461538462,65.0,0.25933599384297845,2.9438624696245186
0.6569242307692308,65.0,0.2592949750479931,2.958896477314976
0.6573046153846154,65.0,0.25925427239163934,2.974093206601994
0.657685,65.0,0.2592139758038651,2.989562941185107
0.6580653846153847,65.0,0.25917431469004715,3.0051813538705376
0.6584457692307693,65.0,0.25913516435662126,3.0208347636819366
0.6588261538461538,65.0,0.25909672996674143,3.0367422300031306
0.6592065384615384,65.0,0.2590591375335996,3.0526975790538837
0.6595869230769231,65.0,0.25902236475861606,3.0687109113163817
0.6599673076923077,65.0,0.2589865739955733,3.084754259465738
0.6603476923076923,65.0,0.2589518347888906,3.1008608933820194
0.6607280769230769,65.0,0.25891831192410514,3.1168817516719223
0.6611084615384616,65.0,0.25888584191870256,3.132665835168522
0.6614888461538462,65.0,0.2588543199522589,3.14849707323765
0.6618692307692308,65.0,0.2588241393697992,3.1638982010870054
0.6622496153846154,65.0,0.25879521246446885,3.178909383101745
0.66263,65.0,0.2587673690505008,3.1937412310689854
0.6630103846153846,65.0,0.25874079581582965,3.208036917528111
0.6633907692307692,65.0,0.258715497627297,3.2216492574566895
0.6637711538461538,65.0,0.25869148255407903,3.234896189893646
0.6641515384615385,65.0,0.25866885137532586,3.2474586601525854
0.6645319230769231,65.0,0.2586476719977504,3.25928575939913
0.6649123076923077,65.0,0.25862795083371715,3.2705142912592158
0.6652926923076923,65.0,0.2586096530630985,3.280884268803615
0.665673076923077,65.0,0.2585929217633299,3.2904923626263547
0.6660534615384616,65.0,0.25857773326813044,3.299242115291384
0.6664338461538462,65.0,0.25856404574017566,3.307107514091427
0.6668142307692307,65.0,0.2585520416337219,3.3140594325768973
0.6671946153846154,65.0,0.2585416199437225,3.3200002393994055
0.667575,65.0,0.2585328144118786,3.325028004402429
0.6679553846153846,65.0,0.2585258302612569,3.3291018765299687
0.6683357692307692,65.0,0.2585205255381969,3.332076747373087
0.6687161538461538,65.0,0.2585167524377237,3.3340794728619128
0.6690965384615385,65.0,0.25851460898405965,3.3352308284712793
0.6694769230769231,65.0,0.25851426474458783,3.3353020794045034
0.6698573076923077,65.0,0.2585156408059386,3.33445741247346
0.6702376923076923,65.0,0.25851858348692247,3.3328016685452604
0.670618076923077,65.0,0.25852327386268303,3.330283559539869
0.6709984615384615,65.0,0.25852974696695985,3.3268073148086637
0.6713788461538461,65.0,0.2585378900319165,3.3226905348291877
0.6717592307692307,65.0,0.25854783520588287,3.3178522819704193
0.6721396153846154,65.0,0.25855958268986945,3.3120693827078123
0.67252,65.0,0.25857303425673106,3.305880997775976
0.6729003846153846,65.0,0.2585881569811108,3.299048789580968
0.6732807692307692,65.0,0.25860496890548795,3.29144626767521
0.6736611538461539,65.0,0.25862339505470705,3.2834853628004237
0.6740415384615385,65.0,0.25864331582214317,3.2751115512339557
0.6744219230769231,65.0,0.2586647816516813,3.2661234495492146
0.6748023076923076,65.0,0.25868768105677414,3.2569055530897835
0.6751826923076923,65.0,0.25871198185973593,3.2474274045308706
0.6755630769230769,65.0,0.2587377739855808,3.237527469399246
0.6759434615384615,65.0,0.2587647884974656,3.2275707934020414
0.6763238461538461,65.0,0.25879287869784495,3.2172245360982026
0.6767042307692308,65.0,0.2588221947331681,3.206831861490616
0.6770846153846154,65.0,0.2588527219194458,3.196232523851112
0.677465,65.0,0.258884305439498,3.1854170412244702
0.6778453846153846,65.0,0.25891681715658155,3.1746199819615826
0.6782257692307693,65.0,0.25895037997347187,3.163555269855333
0.6786061538461539,65.0,0.2589849709419521,3.1524195449391588
0.6789865384615384,65.0,0.2590203546635738,3.1412231008271525
0.679366923076923,65.0,0.25905668938738496,3.1299489419062834
0.6797473076923077,65.0,0.2590939068392918,3.118434622679511
0.6801276923076923,65.0,0.2591317630616616,3.1069782503825674
0.6805080769230769,65.0,0.2591703359953896,3.0954105865734816
0.6808884615384615,65.0,0.2592095457076629,3.0835645236997253
0.6812688461538462,65.0,0.2592492836731577,3.071703742790476
0.6816492307692308,65.0,0.2592894961479617,3.0597619570511085
0.6820296153846154,65.0,0.2593301323073107,3.047415984873831
0.68241,65.0,0.2593712443870827,3.0349520619780352
0.6827903846153847,65.0,0.25941275212976345,3.0224524093520873
0.6831707692307692,65.0,0.25945466164959896,3.009409545132907
0.6835511538461538,65.0,0.2594968499335837,2.9962693055866394
0.6839315384615384,65.0,0.2595390995433309,2.982925786340432
0.6843119230769231,65.0,0.2595817180242125,2.9691562551093984
0.6846923076923077,65.0,0.2596245889764114,2.955216394971147
0.6850726923076923,65.0,0.2596673942528887,2.941060151491987
0.6854530769230769,65.0,0.2597103240370355,2.926566652689559
0.6858334615384616,65.0,0.2597532657993789,2.9118438827174917
0.6862138461538462,65.0,0.25979611497924143,2.896908690868327
0.6865942307692308,65.0,0.25983881708481976,2.8816949334165347
0.6869746153846154,65.0,0.2598812645350231,2.8663440791308283
0.687355,65.0,0.25992349191963726,2.8506506458711405
0.6877353846153846,65.0,0.2599652002987147,2.8348974610244895
0.6881157692307692,65.0,0.26000637163302986,2.818993971039589
0.6884961538461538,65.0,0.260047112774493,2.8028400196571552
0.6888765384615385,65.0,0.2600870518251832,2.786688232116971
0.6892569230769231,65.0,0.2601262613249653,2.7705576806187038
0.6896373076923077,65.0,0.26016477658120923,2.7543532089549694
0.6900176923076923,65.0,0.2602024286877365,2.7382251066751677
0.690398076923077,65.0,0.26023936002443926,2.7224200770189793
0.6907784615384616,65.0,0.2602753376715162,2.706566558009802
0.6911588461538462,65.0,0.260310248347076,2.691055778057825
0.6915392307692307,65.0,0.26034414527976957,2.676016673473687
0.6919196153846154,65.0,0.2603769687816695,2.661037318407649
0.6923,65.0,0.2604087574304056,2.6465913618883543
0.6926803846153846,65.0,0.2604392137641729,2.632712757456815
0.6930607692307692,65.0,0.2604683923546944,2.6192013574868147
0.6934411538461539,65.0,0.260496473024492,2.6061598348178237
0.6938215384615385,65.0,0.2605230670644487,2.593935711994357
0.6942019230769231,65.0,0.26054830141733687,2.5821975399119985
0.6945823076923077,65.0,0.2605722878293045,2.5711270008608995
0.6949626923076924,65.0,0.26059472895338054,2.5609092813180863
0.695343076923077,65.0,0.26061575421032823,2.551322832232291
0.6957234615384615,65.0,0.26063533364200925,2.5426159971285074
0.6961038461538461,65.0,0.260653467537052,2.5347138151556776
0.6964842307692307,65.0,0.26067014431243596,2.5276080116129025
0.6968646153846154,65.0,0.26068520826286223,2.5213592160685505
0.697245,65.0,0.26069897097839567,2.5159607005113505
0.6976253846153846,65.0,0.26071132849735285,2.5113488191035285
0.6980057692307692,65.0,0.26072214663797705,2.5076930229408654
0.6983861538461539,65.0,0.26073159051915673,2.5046962592174244
0.6987665384615385,65.0,0.26073935881964605,2.5024807388523094
0.699146923076923,65.0,0.26074559734899005,2.501242941787732
0.6995273076923076,65.0,0.26075045717342504,2.5005506699722586
0.6999076923076923,65.0,0.2607535877616935,2.500601104771212
0.7002880769230769,65.0,0.26075511830695375,2.5014966468238113
0.7006684615384615,65.0,0.2607550949057291,2.5029507502586545
0.7010488461538461,65.0,0.26075346445454317,2.5049789031946688
0.7014292307692308,65.0,0.2607502327694291,2.507791960436886
0.7018096153846154,65.0,0.2607453131292534,2.5110261166288095
0.70219,65.0,0.26073893970802686,2.5147365086775606
0.7025703846153846,65.0,0.26073092695300815,2.5190880689035335
0.7029507692307693,65.0,0.2607212001400269,2.523763549713837
0.7033311538461539,65.0,0.2607101051362536,2.528738822921752
0.7037115384615384,65.0,0.26069739250663954,2.534241004661331
0.704091923076923,65.0,0.26068303493159795,2.5400233887811456
0.7044723076923077,65.0,0.26066724881058395,2.5459628218312527
0.7048526923076923,65.0,0.260649976442079,2.552356111028996
0.7052330769230769,65.0,0.2606313403569379,2.558936276997132
0.7056134615384615,65.0,0.2606112296232821,2.56575688568975
0.7059938461538462,65.0,0.26058959522520986,2.572838502854307
0.7063742307692308,65.0,0.2605666020351916,2.580083699130157
0.7067546153846154,65.0,0.2605421597881161,2.587586859625082
0.707135,65.0,0.2605164516398412,2.5952982261463133
0.7075153846153847,65.0,0.2604894249210326,2.603138043897597
0.7078957692307692,65.0,0.2604609942431107,2.6112740408015274
0.7082761538461538,65.0,0.26043154416709824,2.6195987622428376
0.7086565384615384,65.0,0.2604009400872452,2.6280107673356317
0.7090369230769231,65.0,0.2603691471032352,2.636830283366375
0.7094173076923077,65.0,0.2603364679109093,2.6458355175459913
0.7097976923076923,65.0,0.2603028215916132,2.6549554493495124
0.7101780769230769,65.0,0.2602682204511072,2.664624375621417
0.7105584615384616,65.0,0.2602327645044013,2.6744758318120736
0.7109388461538462,65.0,0.26019655105721456,2.6845748819013
0.7113192307692308,65.0,0.2601595808791099,2.695204055999317
0.7116996153846153,65.0,0.26012170647182,2.70613142793462
0.71208,65.0,0.26008323521103904,2.7173561552014016
0.7124603846153846,65.0,0.2600442540838725,2.7291032661031855
0.7128407692307692,65.0,0.2600045665373619,2.741229319288101
0.7132211538461538,65.0,0.25996434756397957,2.7536665057632796
0.7136015384615385,65.0,0.2599235574517233,2.766595748036088
0.7139819230769231,65.0,0.25988223164237534,2.7799277763546253
0.7143623076923077,65.0,0.2598405562108936,2.7935829689477694
0.7147426923076923,65.0,0.25979848265460637,2.807697308595595
0.715123076923077,65.0,0.2597560656453864,2.8222243857862397
0.7155034615384616,65.0,0.25971340152949385,2.8370472390027706
0.7158838461538461,65.0,0.25967061432221106,2.8522978675746007
0.7162642307692307,65.0,0.25962774248720316,2.867897066840704
0.7166446153846154,65.0,0.2595847207388689,2.883767959811668
0.717025,65.0,0.25954177954573504,2.8999575457413833
0.7174053846153846,65.0,0.2594989449216256,2.916323400146642
0.7177857692307692,65.0,0.2594560743891645,2.932909095352035
0.7181661538461539,65.0,0.25941344519087717,2.949712688230791
0.7185465384615385,65.0,0.2593711005865699,2.966415033376276
0.7189269230769231,65.0,0.259328890363054,2.9832424722054145
0.7193073076923077,65.0,0.2592869749472407,3.000163362799022
0.7196876923076924,65.0,0.25924557579114743,3.0167298828168194
0.720068076923077,65.0,0.25920473683432715,3.033417241505489
0.7204484615384615,65.0,0.25916438908351475,3.0498575985599903
0.7208288461538461,65.0,0.25912465584046074,3.065965357770476
0.7212092307692308,65.0,0.25908565112865906,3.081917810903297
0.7215896153846154,65.0,0.2590473962296905,3.097479801575267
0.72197,65.0,0.2590100399204351,3.112631208137343
0.7223503846153846,65.0,0.25897362259212436,3.127351334122592
0.7227307692307693,65.0,0.2589381499180135,3.1416793964624072
0.7231111538461539,65.0,0.258903783948798,3.155327877979379
0.7234915384615385,65.0,0.2588705770555803,3.1684535811988597
0.723871923076923,65.0,0.2588385059895915,3.1809978933628598
0.7242523076923076,65.0,0.2588076035016126,3.192842269067691
0.7246326923076923,65.0,0.2587779742606255,3.203993961638477
0.7250130769230769,65.0,0.25874961608839087,3.214495753287897
0.7253934615384615,65.0,0.2587224365415683,3.224220028895551
0.7257738461538461,65.0,0.258696650468584,3.2332509800515132
0.7261542307692308,65.0,0.2586722438106287,3.2415775218342415
0.7265346153846154,65.0,0.25864902066689,3.249071797165321
0.726915,65.0,0.25862721174990183,3.2559293041431965
0.7272953846153846,65.0,0.25860697470005567,3.2619907249773115
0.7276757692307693,65.0,0.25858820134492744,3.2673615343276063
0.7280561538461539,65.0,0.2585708180831398,3.272072114020938
0.7284365384615384,65.0,0.2585549292601483,3.2759536248898673
0.728816923076923,65.0,0.2585406019274762,3.2792275676547007
0.7291973076923077,65.0,0.258527722131825,3.2819007408819303
0.7295776923076923,65.0,0.25851638951802614,3.283791117400153
0.7299580769230769,65.0,0.2585066299267143,3.2851201547416693
0.7303384615384615,65.0,0.2584983025365121,3.285964033174247
0.7307188461538462,65.0,0.2584916011465921,3.2861111503060685
0.7310992307692308,65.0,0.2584864658811792,3.285835890276553
0.7314796153846154,65.0,0.2584827633452198,3.2850362144053538
0.73186,65.0,0.2584806520282647,3.283756857144366
0.7322403846153847,65.0,0.2584800567130978,3.282056265066592
0.7326207692307692,65.0,0.2584809632860812,3.2799379574216285
0.7330011538461538,65.0,0.25848340353695265,3.277424945352992
0.7333815384615384,65.0,0.2584874079911535,3.274472919189736
0.7337619230769231,65.0,0.2584929927998902,3.2712466850356305
0.7341423076923077,65.0,0.2584999702453469,3.267590113621848
0.7345226923076923,65.0,0.2585085691936376,3.263622731033925
0.7349030769230769,65.0,0.25851894963092903,3.2593381322316772
0.7352834615384616,65.0,0.25853075882091653,3.2547286842853644
0.7356638461538462,65.0,0.2585440815964424,3.249827284709028
0.7360442307692308,65.0,0.258559009279273,3.2445818079908575
0.7364246153846153,65.0,0.25857537318938567,3.2390798418867095
0.736805,65.0,0.2585932232514732,3.233203572222513
0.7371853846153846,65.0,0.25861246800256915,3.2271088242667667
0.7375657692307692,65.0,0.25863311446380116,3.220554988447484
0.7379461538461538,65.0,0.2586551197434553,3.213778066141049
0.7383265384615385,65.0,0.25867839100826845,3.2065678496057504
0.7387069230769231,65.0,0.25870302929797195,3.1989588251873813
0.7390873076923077,65.0,0.258728793776901,3.191075544831759
0.7394676923076923,65.0,0.25875570324670066,3.1826227532734204
0.739848076923077,65.0,0.2587838553985521,3.1738316683504633
0.7402284615384616,65.0,0.2588129500179725,3.1646232869656
0.7406088461538461,65.0,0.258843143227809,3.1549486056008234
0.7409892307692307,65.0,0.2588744038412801,3.144786285258954
0.7413696153846154,65.0,0.2589064330457551,3.1342556197443057
0.74175,65.0,0.25893936628786907,3.123168976105699
0.7421303846153846,65.0,0.2589731746538125,3.11169010422319
0.7425107692307692,65.0,0.25900783550528417,3.0997335019482746
0.7428911538461539,65.0,0.2590431504125589,3.087280799179331
0.7432715384615385,65.0,0.25907893139553995,3.0744455510308892
0.7436519230769231,65.0,0.25911543772688456,3.0610334066595946
0.7440323076923077,65.0,0.25915236630447297,3.0472710806796934
0.7444126923076924,65.0,0.2591895763614991,3.033024592604552
0.744793076923077,65.0,0.2592272977802742,3.018386868967937
0.7451734615384615,65.0,0.2592652310972687,3.0033778539920526
0.7455538461538461,65.0,0.2593034007587514,2.988000183389139
0.7459342307692308,65.0,0.25934188064527763,2.9723432938211447
0.7463146153846154,65.0,0.2593804398225538,2.9564124376506955
0.746695,65.0,0.2594191344896909,2.9402630569719324
0.7470753846153846,65.0,0.2594578636011821,2.9239126180576176
0.7474557692307693,65.0,0.2594966013633208,2.907474856992308
0.7478361538461539,65.0,0.25953533799893774,2.8909221860172174
0.7482165384615385,65.0,0.2595739039021301,2.87436661926781
0.748596923076923,65.0,0.2596124055906196,2.857773943628626
0.7489773076923077,65.0,0.25965056830642697,2.84129740683249
0.7493576923076923,65.0,0.25968835590816575,2.824890619734017
0.7497380769230769,65.0,0.2597260470239476,2.808663696144852
0.7501184615384615,65.0,0.25976322911016253,2.7926659491616923
0.7504988461538462,65.0,0.25979981425577314,2.776885605924135
0.7508792307692308,65.0,0.25983592411451983,2.7614936495450517
0.7512596153846154,65.0,0.2598713692280588,2.746413961460004
0.75164,65.0,0.25990615060412,2.731761929119714
0.7520203846153846,65.0,0.2599401102622309,2.717553830784407
0.7524007692307693,65.0,0.2599732940813153,2.7038601192692218
0.7527811538461538,65.0,0.26000573699279417,2.6906709510717275
0.7531615384615384,65.0,0.26003715046185727,2.678034913240059
0.753541923076923,65.0,0.26006774126530174,2.6660072326196906
0.7539223076923077,65.0,0.2600973795159593,2.6544664679211576
0.7543026923076923,65.0,0.26012581926246187,2.6436882354987534
0.7546830769230769,65.0,0.2601532885284999,2.6333912367283356
0.7550634615384615,65.0,0.26017957304364725,2.623745807050972
0.7554438461538462,65.0,0.26020463348273615,2.6147799981686
0.7558242307692308,65.0,0.26022854383402066,2.6063898479279697
0.7562046153846154,65.0,0.2602510628079836,2.598641242133438
0.756585,65.0,0.2602722310514991,2.5915010675478083
0.7569653846153847,65.0,0.2602920746019788,2.5849708197944707
0.7573457692307692,65.0,0.2603106182392883,2.5790583453911387
0.7577261538461538,65.0,0.2603277797162118,2.57376385006206
0.7581065384615384,65.0,0.26034334163575107,2.568901564677357
0.7584869230769231,65.0,0.26035758361179595,2.5647155714801197
0.7588673076923077,65.0,0.26037045404166903,2.560984741612581
0.7592476923076923,65.0,0.2603817008965508,2.557709607787257
0.7596280769230769,65.0,0.2603915912157482,2.554987262323597
0.7600084615384616,65.0,0.26040007369310925,2.5526208034285505
0.7603888461538462,65.0,0.260407082894566,2.5507322393124072
0.7607692307692308,65.0,0.2604127038403403,2.5492619757726556
0.7611496153846153,65.0,0.260416884521622,2.5481749047988527
0.76153,65.0,0.2604196633157995,2.547425387059694
0.7619103846153846,65.0,0.26042091468847706,2.547076868900476
0.7622907692307692,65.0,0.26042069736664886,2.5471061352815445
0.7626711538461538,65.0,0.2604191270373406,2.5474083355438224
0.7630515384615385,65.0,0.26041600131281284,2.548066962306808
0.7634319230769231,65.0,0.26041143542685885,2.5491161369150643
0.7638123076923077,65.0,0.2604054264637074,2.55034899054273
0.7641926923076923,65.0,0.2603978300157233,2.5520073279411633
0.764573076923077,65.0,0.2603889441221577,2.5539593144300783
0.7649534615384616,65.0,0.260378696076991,2.5561391837828498
0.7653338461538461,65.0,0.26036690803164986,2.5588146532261775
0.7657142307692307,65.0,0.26035373969390857,2.5617059045076793
0.7660946153846154,65.0,0.26033924257692914,2.5649833630920114
0.766475,65.0,0.26032338955072615,2.5686666297917466
0.7668553846153846,65.0,0.26030608900975716,2.5726862574728053
0.7672357692307692,65.0,0.2602874804851619,2.5771672377754644
0.7676161538461539,65.0,0.26026765392371604,2.5820763674698504
0.7679965384615385,65.0,0.26024644106073014,2.5873344664419617
0.7683769230769231,65.0,0.2602239819112374,2.5931738671722537
0.7687573076923077,65.0,0.260200342124988,2.599464213253007
0.7691376923076924,65.0,0.2601753761986775,2.606116369215247
0.7695180769230769,65.0,0.26014918033346096,2.613403317392967
0.7698984615384615,65.0,0.2601218383336828,2.6211627389546446
0.7702788461538461,65.0,0.26009339099831413,2.629353800138205
0.7706592307692308,65.0,0.26006385175155944,2.6381739600248846
0.7710396153846154,65.0,0.2600332352855158,2.647491744522869
0.77142,65.0,0.26000166221833226,2.657307326441311
0.7718003846153846,65.0,0.25996915793335995,2.6676958565843
0.7721807692307693,65.0,0.2599358819403614,2.6786704227944385
0.7725611538461539,65.0,0.2599018850758329,2.6900819553213196
0.7729415384615385,65.0,0.259867040118462,2.7020527446642224
0.773321923076923,65.0,0.25983155544859327,2.7145950999547095
0.7737023076923077,65.0,0.25979556579989804,2.7274935353936547
0.7740826923076923,65.0,0.2597589410877672,2.7408937697782445
0.7744630769230769,65.0,0.25972175494190336,2.754787118769449
0.7748434615384615,65.0,0.25968420614938953,2.7689320589912665
0.7752238461538462,65.0,0.2596463056290741,2.783529735033982
0.7756042307692308,65.0,0.2596080114096097,2.7984482979755048
0.7759846153846154,65.0,0.25956948592576967,2.8135589959754297
0.776365,65.0,0.2595308207504794,2.82902619024115
0.7767453846153847,65.0,0.2594918871079212,2.8445902070218883
0.7771257692307693,65.0,0.25945284055521545,2.860314612923535
0.7775061538461538,65.0,0.2594138548687375,2.8762580386436123
0.7778865384615384,65.0,0.25937488311362433,2.8921154165403546
0.7782669230769231,65.0,0.2593359904847832,2.9080446032197305
0.7786473076923077,65.0,0.25929722301526575,2.924036129981035
0.7790276923076923,65.0,0.25925867370768607,2.939729667735
0.7794080769230769,65.0,0.2592204235612354,2.955432361071115
0.7797884615384615,65.0,0.2591825228995168,2.971025765134648
0.7801688461538462,65.0,0.25914501183137356,2.986156544825263
0.7805492307692308,65.0,0.25910780713881204,3.00121661239983
0.7809296153846154,65.0,0.25907109198751244,3.0159395070737496
0.78131,65.0,0.25903496777196294,3.0302558660509478
0.7816903846153846,65.0,0.2589992229349329,3.044204606090656
0.7820707692307692,65.0,0.2589640606935232,3.057835297477947
0.7824511538461538,65.0,0.25892964194673324,3.0709799375636346
0.7828315384615384,65.0,0.25889585307638074,3.083633860113169
0.7832119230769231,65.0,0.25886281009671774,3.095964462127398
0.7835923076923077,65.0,0.2588306013584885,3.1076933839247745
0.7839726923076923,65.0,0.25879927417090165,3.1189616535383364
0.7843530769230769,65.0,0.25876876619334455,3.1297803629471184
0.7847334615384616,65.0,0.25873918519581035,3.1400365545742956
0.7851138461538462,65.0,0.2587107730593999,3.149748802912927
0.7854942307692308,65.0,0.25868335664439085,3.159088895990208
0.7858746153846153,65.0,0.25865699173463974,3.167784980961798
0.786255,65.0,0.2586318414939457,3.1760698321057372
0.7866353846153846,65.0,0.25860782471129257,3.1838644086541126
0.7870157692307692,65.0,0.25858510265617907,3.1910986907408994
0.7873961538461538,65.0,0.2585636620257107,3.1980764247492957
0.7877765384615385,65.0,0.2585434148110697,3.2044141603879996
0.7881569230769231,65.0,0.2585245100317978,3.210362683402835
0.7885373076923077,65.0,0.2585069195127666,3.216029050355585
0.7889176923076923,65.0,0.2584907055255821,3.221120705889844
0.789298076923077,65.0,0.2584758103835166,3.2258403282605514
0.7896784615384616,65.0,0.2584622340097237,3.230315087566736
0.7900588461538461,65.0,0.2584502531774148,3.234249290988614
0.7904392307692307,65.0,0.2584396410852163,3.2378274860910454
0.7908196153846154,65.0,0.25843042654976955,3.2412295237383795
0.7912,65.0,0.2584228575870753,3.2440777940140846
0.7915803846153846,65.0,0.25841665021390364,3.2466047780451093
0.7919607692307692,65.0,0.2584118573304694,3.248914602328682
0.7923411538461539,65.0,0.2584086339571537,3.2508026982945286
0.7927215384615385,65.0,0.25840689453917326,3.2522739181022216
0.7931019230769231,65.0,0.25840662952585325,3.2535420383090017
0.7934823076923077,65.0,0.2584077154638081,3.2543620334213905
0.7938626923076924,65.0,0.2584102985825455,3.2547867254940783
0.7942430769230769,65.0,0.25841437990305893,3.2549197825689715
0.7946234615384615,65.0,0.25841978104960384,3.2545466920792108
0.7950038461538461,65.0,0.25842670167182574,3.2538260872124845
0.7953842307692308,65.0,0.25843494813591605,3.252643767857259
0.7957646153846154,65.0,0.2584445226855614,3.2510073624207245
0.796145,65.0,0.25845563332518434,3.2489083937168903
0.7965253846153846,65.0,0.2584679827391989,3.2463198808418046
0.7969057692307693,65.0,0.25848167084368356,3.2432135613822353
0.7972861538461539,65.0,0.258496794520994,3.239622772359419
0.7976665384615385,65.0,0.25851323656879915,3.235540236448049
0.798046923076923,65.0,0.2585310610494164,3.230751155672966
0.7984273076923077,65.0,0.2585501469330774,3.2256725045274313
0.7988076923076923,65.0,0.2585705754216365,3.2198558305682243
0.7991880769230769,65.0,0.25859226263798446,3.213401359452182
0.7995684615384615,65.0,0.2586149836073466,3.206552408398761
0.7999488461538462,65.0,0.2586390712035597,3.1990071468486074
0.8003292307692308,65.0,0.2586643356914697,3.1907875039329188
0.8007096153846154,65.0,0.25869052019341787,3.1821327971401083
0.80109,65.0,0.2587178749563161,3.1728738240714662
0.8014703846153847,65.0,0.2587462356287255,3.162830676046878
0.8018507692307693,65.0,0.25877559127564503,3.1525310372029574
0.8022311538461538,65.0,0.2588059326901846,3.141534619249084
0.8026115384615384,65.0,0.2588370948970273,3.1299758799644497
0.8029919230769231,65.0,0.2588691768932741,3.118052342247943
0.8033723076923077,65.0,0.2589020331581478,3.1056101055415395
0.8037526923076923,65.0,0.25893564646356504,3.0927193229640304
0.8041330769230769,65.0,0.2589700030653471,3.079437649356829
0.8045134615384616,65.0,0.2590048644618236,3.065827613929331
0.8048938461538462,65.0,0.2590404302451586,3.051824228948336
0.8052742307692308,65.0,0.2590765646565304,3.0375829783189614
0.8056546153846154,65.0,0.2591130289977244,3.0230433184604193
0.8060350000000001,65.0,0.2591500214120238,3.008340052320627
0.8064153846153846,65.0,0.25918729040369154,2.9934559444200044
0.8067957692307692,65.0,0.25922472216483694,2.9783989946372293
0.8071761538461538,65.0,0.25926237612784064,2.96333017585319
0.8075565384615384,65.0,0.2593001716444168,2.9482445551928964
0.8079369230769231,65.0,0.25933810860480716,2.9330696638638294
0.8083173076923077,65.0,0.25937590994308124,2.9180478966715393
0.8086976923076923,65.0,0.25941367537898613,2.9031710989955517
0.8090780769230769,65.0,0.2594515286038992,2.888217997444942
0.8094584615384616,65.0,0.259489105580495,2.873669802609496
0.8098388461538462,65.0,0.25952652639887597,2.859274289076035
0.8102192307692307,65.0,0.25956379287883224,2.84496499623902
0.8105996153846153,65.0,0.25960066644519453,2.8310898396053954
0.81098,65.0,0.2596373037520228,2.817516123868438
0.8113603846153846,65.0,0.2596735442305244,2.8040877125673984
0.8117407692307692,65.0,0.25970928042630936,2.791106562544249
0.8121211538461538,65.0,0.259744585149779,2.778559454415494
0.8125015384615385,65.0,0.2597793520968308,2.766185048445276
0.8128819230769231,65.0,0.25981359679822913,2.754349918097762
0.8132623076923077,65.0,0.2598471768236628,2.742877843904455
0.8136426923076923,65.0,0.25988009147937186,2.7317352494596445
0.814023076923077,65.0,0.2599123426892338,2.7210687702638023
0.8144034615384615,65.0,0.2599436814773683,2.7107210772466717
0.8147838461538461,65.0,0.25997427839847714,2.700844573272163
0.8151642307692307,65.0,0.26000416313275315,2.6912735073978378
0.8155446153846154,65.0,0.2600330454220895,2.6821245553816206
0.815925,65.0,0.26006100378783464,2.6733547341148842
0.8163053846153846,65.0,0.2600880825102075,2.6649417679017353
0.8166857692307692,65.0,0.2601142124128417,2.656827624523175
0.8170661538461539,65.0,0.26013930788842393,2.6491314535270893
0.8174465384615385,65.0,0.2601632870893948,2.641800332082913
0.8178269230769231,65.0,0.2601862554165758,2.634673826394802
0.8182073076923077,65.0,0.26020805208013376,2.627963548522426
0.8185876923076923,65.0,0.2602286223207762,2.6216072718326617
0.8189680769230769,65.0,0.26024805169444165,2.6154692803942488
0.8193484615384615,65.0,0.26026613060625575,2.6096172830566564
0.8197288461538461,65.0,0.2602829275330954,2.604226474885696
0.8201092307692308,65.0,0.26029850613250194,2.5989227842696128
0.8204896153846154,65.0,0.26031270025223924,2.5939859856234775
0.82087,65.0,0.26032556184560957,2.5895065071771737
0.8212503846153846,65.0,0.2603370812549171,2.5850581551159997
0.8216307692307693,65.0,0.2603471715018094,2.5810490922944154
0.8220111538461539,65.0,0.26035584564663167,2.577452835472438
0.8223915384615385,65.0,0.2603631703519638,2.5740227390450716
0.822771923076923,65.0,0.2603691779139942,2.5710101456227488
0.8231523076923077,65.0,0.26037368593958343,2.5684049307901833
0.8235326923076923,65.0,0.2603767617207615,2.566110844340127
0.8239130769230769,65.0,0.2603785747707882,2.564280518205698
0.8242934615384615,65.0,0.2603789608881347,2.562788799311028
0.8246738461538462,65.0,0.2603778786845703,2.5618127494897602
0.8250542307692308,65.0,0.26037542304507233,2.5612647149016183
0.8254346153846154,65.0,0.2603716093957004,2.5611314403404495
0.825815,65.0,0.26036636121124485,2.561580701905486
0.8261953846153847,65.0,0.26035970199297875,2.5624814879226454
0.8265757692307693,65.0,0.26035171338348,2.5638957033572334
0.8269561538461538,65.0,0.2603423091240304,2.5658852568803345
0.8273365384615384,65.0,0.26033156029013305,2.5684715422898727
0.8277169230769231,65.0,0.2603195907222983,2.5715525112616047
0.8280973076923077,65.0,0.2603062943517931,2.575258646609532
0.8284776923076923,65.0,0.260291724927189,2.579641494530011
0.8288580769230769,65.0,0.26027595364270206,2.5845550166236615
0.8292384615384616,65.0,0.2602588857086619,2.5900180363433623
0.8296188461538462,65.0,0.2602406204013809,2.5962625503041052
0.8299992307692308,65.0,0.26022125711552135,2.6030002825001106
0.8303796153846154,65.0,0.2602007469821848,2.6102748333610553
0.83076,65.0,0.2601790182582609,2.618322270545916
0.8311403846153846,65.0,0.2601562075562983,2.6267852649642474
0.8315207692307692,65.0,0.260132457581687,2.635812709474613
0.8319011538461538,65.0,0.26010757715165284,2.6454873092407842
0.8322815384615385,65.0,0.26008162810608165,2.6555687889308315
0.8326619230769231,65.0,0.26005480045902934,2.666163174096335
0.8330423076923077,65.0,0.2600270130630933,2.67724626472879
0.8334226923076923,65.0,0.2599983188672749,2.6887733128375313
0.833803076923077,65.0,0.2599687867794854,2.700668265707661
0.8341834615384616,65.0,0.25993845778185315,2.71292214669409
0.8345638461538462,65.0,0.2599074104553747,2.7255515927617906
0.8349442307692307,65.0,0.25987564444871303,2.7384719188789126
0.8353246153846153,65.0,0.2598433505676638,2.7515883005204484
0.835705,65.0,0.25981050567616154,2.7649766720454827
0.8360853846153846,65.0,0.2597770613129962,2.7785688249714062
0.8364657692307692,65.0,0.25974324924542586,2.7922081020590013
0.8368461538461538,65.0,0.25970895162758856,2.805981778630714
0.8372265384615385,65.0,0.2596742913760585,2.819884525887103
0.8376069230769231,65.0,0.25963946760802936,2.833725554540336
0.8379873076923077,65.0,0.25960428734406155,2.8475660521754746
0.8383676923076923,65.0,0.25956889614152456,2.861452370948901
0.838748076923077,65.0,0.2595334598239048,2.8752011110151297
0.8391284615384615,65.0,0.2594979704450136,2.888838394494121
0.8395088461538461,65.0,0.25946244236581995,2.902420980436478
0.8398892307692307,65.0,0.25942687904168343,2.9158468268234734
0.8402696153846154,65.0,0.25939153420390115,2.929005633500352
0.84065,65.0,0.25935637311955406,2.9420910890556082
0.8410303846153846,65.0,0.2593212968979982,2.9549703660914415
0.8414107692307692,65.0,0.25928662322543455,2.9674959168603174
0.8417911538461539,65.0,0.25925224817503656,2.97994893876594
0.8421715384615385,65.0,0.25921818129570834,2.9920642728532987
0.8425519230769231,65.0,0.25918466148959907,3.003979587036433
0.8429323076923076,65.0,0.2591515888737473,3.01561416719676
0.8433126923076923,65.0,0.2591190574564145,3.027024424749818
0.8436930769230769,65.0,0.25908705448569225,3.038197133396364
0.8440734615384615,65.0,0.2590555919423043,3.049041176343244
0.8444538461538461,65.0,0.2590248285595208,3.0597088636160876
0.8448342307692308,65.0,0.2589946702191455,3.0700985712236237
0.8452146153846154,65.0,0.25896528061242247,3.080221727923216
0.845595,65.0,0.2589366487122916,3.0900673882227325
0.8459753846153846,65.0,0.2589086721015618,3.0997833873198597
0.8463557692307693,65.0,0.2588817350969528,3.109086116852378
0.8467361538461539,65.0,0.25885566901121976,3.1182147125865884
0.8471165384615384,65.0,0.2588303642706446,3.1271623992150896
0.847496923076923,65.0,0.25880617687723073,3.1357562020194614
0.8478773076923077,65.0,0.2587829843556017,3.144149558853069
0.8482576923076923,65.0,0.25876082380274124,3.1522930195684027
0.8486380769230769,65.0,0.25873975473624555,3.1602311478047755
0.8490184615384615,65.0,0.2587197735397921,3.1678145141711114
0.8493988461538462,65.0,0.25870102454392163,3.1751974337960274
0.8497792307692308,65.0,0.25868335577922524,3.182314225951076
0.8501596153846154,65.0,0.2586669512289616,3.1890889058573
0.85054,65.0,0.2586519028802497,3.1955963576289244
0.8509203846153847,65.0,0.25863795824465496,3.2018044270414463
0.8513007692307692,65.0,0.25862535051148056,3.207618529481761
0.8516811538461538,65.0,0.25861405907262397,3.2130904194256695
0.8520615384615384,65.0,0.2586040232983244,3.21823176272145
0.8524419230769231,65.0,0.25859545531862393,3.2229285929326252
0.8528223076923077,65.0,0.25858818406212686,3.22722899344124
0.8532026923076923,65.0,0.25858229726069215,3.231070370814415
0.8535830769230769,65.0,0.2585778704444439,3.234555434735987
0.8539634615384616,65.0,0.2585748538445888,3.23745224412938
0.8543438461538462,65.0,0.2585733362718849,3.239891528603793
0.8547242307692308,65.0,0.2585731020684872,3.2418828556755073
0.8551046153846154,65.0,0.258574338395974,3.243237717515444
0.855485,65.0,0.25857714132915816,3.2440853164465837
0.8558653846153846,65.0,0.2585811548908696,3.244380454764561
0.8562457692307692,65.0,0.2585866107907252,3.2440617831591907
0.8566261538461538,65.0,0.2585935293893303,3.243066493296515
0.8570065384615385,65.0,0.25860166512337557,3.2415973734925543
0.8573869230769231,65.0,0.2586112077939506,3.2394018965316693
0.8577673076923077,65.0,0.25862209947875847,3.236534998374573
0.8581476923076923,65.0,0.25863429735200366,3.233185023403148
0.858528076923077,65.0,0.25864776021017094,3.2290583627393876
0.8589084615384616,65.0,0.2586623889304497,3.2243774990875993
0.8592888461538462,65.0,0.25867835993490257,3.219031072991908
0.8596692307692307,65.0,0.2586955002106205,3.2131126208865064
0.8600496153846154,65.0,0.2587137931014993,3.2065690904287836
0.86043,65.0,0.2587333389486157,3.1994453037514563
0.8608103846153846,65.0,0.25875390381599195,3.191724224839369
0.8611907692307692,65.0,0.2587756457767351,3.183509926154831
0.8615711538461539,65.0,0.25879853397011704,3.1747279940134296
0.8619515384615385,65.0,0.2588223070668666,3.16540225028421
0.8623319230769231,65.0,0.2588471023682449,3.1557351920013756
0.8627123076923077,65.0,0.25887287995297975,3.145445709261324
0.8630926923076923,65.0,0.25889956570690026,3.1348733879210853
0.863473076923077,65.0,0.2589270797770562,3.1238929564241813
0.8638534615384615,65.0,0.2589553617083736,3.112547556745122
0.8642338461538461,65.0,0.2589845377630641,3.1008859010446477
0.8646142307692307,65.0,0.25901435722916777,3.0889826577891593
0.8649946153846154,65.0,0.259044840976203,3.0768708680283607
0.865375,65.0,0.2590761577439222,3.064441000111841
0.8657553846153846,65.0,0.2591079847859602,3.051997215790512
0.8661357692307692,65.0,0.2591403255189842,3.0393402946001906
0.8665161538461539,65.0,0.2591732525069107,3.0265400538963956
0.8668965384615385,65.0,0.25920661704888925,3.0137567739081303
0.8672769230769231,65.0,0.2592404216741705,3.0009181510361325
0.8676573076923076,65.0,0.2592745706040641,2.9879712472537663
0.8680376923076923,65.0,0.2593090182534566,2.975190817299089
0.8684180769230769,65.0,0.2593437531850113,2.9623647366524746
0.8687984615384615,65.0,0.259378666945759,2.9495758385200963
0.8691788461538461,65.0,0.2594137590249689,2.936990723737594
0.8695592307692308,65.0,0.259448853473571,2.9243635110284054
0.8699396153846154,65.0,0.25948391984273284,2.9119620566301565
0.87032,65.0,0.259519065863464,2.899655851509642
0.8707003846153846,65.0,0.2595540507822178,2.887445387825516
0.8710807692307693,65.0,0.25958882919376847,2.8754728288714055
0.8714611538461539,65.0,0.25962347262624913,2.8636037816369466
0.8718415384615384,65.0,0.25965786021291914,2.851840695969274
0.872221923076923,65.0,0.2596919105933149,2.840359282220276
0.8726023076923077,65.0,0.2597256407178222,2.828983736781385
0.8729826923076923,65.0,0.2597590788641705,2.817723277770861
0.8733630769230769,65.0,0.25979202805917123,2.806749719007824
0.8737434615384615,65.0,0.2598243971307589,2.7958742708606956
0.8741238461538462,65.0,0.25985634804062646,2.785163651623888
0.8745042307692308,65.0,0.25988772020642875,2.7746624445684502
0.8748846153846154,65.0,0.25991839129975763,2.764329907067117
0.875265,65.0,0.2599484549954629,2.754116546490016
0.8756453846153847,65.0,0.2599777952766553,2.744117394258604
0.8760257692307692,65.0,0.2600063902894714,2.7343376853306145
0.8764061538461538,65.0,0.26003423571538364,2.724572719028785
0.8767865384615384,65.0,0.26006123371962614,2.715152755933474
0.8771669230769231,65.0,0.2600873263017606,2.705841750515807
0.8775473076923077,65.0,0.2601125373846648,2.69666378103832
0.8779276923076923,65.0,0.2601369038523288,2.6877774376488497
0.8783080769230769,65.0,0.26016025752773264,2.6790566023676075
0.8786884615384616,65.0,0.26018259660900245,2.67051605278946
0.8790688461538462,65.0,0.2602040141349054,2.662291659636696
0.8794492307692308,65.0,0.26022435673558947,2.6542616160122576
0.8798296153846153,65.0,0.26024360107972855,2.6464450674064426
0.88021,65.0,0.26026183308913464,2.6390905842428287
0.8805903846153846,65.0,0.260278970045446,2.631835628740789
0.8809707692307692,65.0,0.2602948821463145,2.6249921534416236
0.8813511538461538,65.0,0.2603095601420092,2.618553255987985
0.8817315384615385,65.0,0.2603231261215778,2.6122958630508375
0.8821119230769231,65.0,0.26033544106293627,2.606589824612676
0.8824923076923077,65.0,0.2603463868509,2.6012358077735356
0.8828726923076923,65.0,0.26035614072183344,2.596222355842925
0.883253076923077,65.0,0.26036459545637425,2.5917669424912124
0.8836334615384616,65.0,0.26037171519066676,2.587770285739594
0.8840138461538462,65.0,0.26037757423732194,2.5841879455901133
0.8843942307692307,65.0,0.2603820408526286,2.5811848206558134
0.8847746153846154,65.0,0.26038516198365097,2.578702933796083
0.885155,65.0,0.26038698957775064,2.576756691598087
0.8855353846153846,65.0,0.26038748435890996,2.575350083576175
0.8859157692307692,65.0,0.2603866275266641,2.5745952836028865
0.8862961538461539,65.0,0.26038439371395633,2.5743183828954574
0.8866765384615385,65.0,0.260380896933968,2.5746910205979834
0.8870569230769231,65.0,0.2603760557953157,2.57570543425909
0.8874373076923077,65.0,0.2603698185038585,2.577175381871803
0.8878176923076924,65.0,0.26036242071394516,2.5793727310285064
0.888198076923077,65.0,0.2603536860034532,2.582154864487552
0.8885784615384615,65.0,0.26034355143292304,2.5854244242230466
0.8889588461538461,65.0,0.26033223335943023,2.589393659203065
0.8893392307692308,65.0,0.26031967904173553,2.593913988353901
0.8897196153846154,65.0,0.26030589440468466,2.5988768111881644
0.8901,65.0,0.2602908575781339,2.604594061445127
0.8904803846153846,65.0,0.2602746970217664,2.6106861660345038
0.8908607692307692,65.0,0.26025750342956544,2.6172681504582016
0.8912411538461539,65.0,0.26023910790946764,2.6245157433602997
0.8916215384615385,65.0,0.2602197081074489,2.632033613470784
0.892001923076923,65.0,0.26019930229936045,2.6400561944895067
0.8923823076923076,65.0,0.26017777860923685,2.6485596188560776
0.8927626923076923,65.0,0.26015543358109255,2.657324480748663
0.8931430769230769,65.0,0.2601321310693678,2.6665151105555247
0.8935234615384615,65.0,0.2601078385667256,2.676061906820457
0.8939038461538461,65.0,0.26008278641616345,2.6858318509989254
0.8942842307692308,65.0,0.2600568446916741,2.6959041266858788
0.8946646153846154,65.0,0.2600301067763187,2.7062753606101495
0.895045,65.0,0.2600026296534728,2.7167893322108565
0.8954253846153846,65.0,0.25997444438679035,2.7275214248011874
0.8958057692307693,65.0,0.25994560670384065,2.738458702409726
0.8961861538461539,65.0,0.2599159834403703,2.7494674980435767
0.8965665384615384,65.0,0.2598858537383792,2.760632312857447
0.896946923076923,65.0,0.2598552535377712,2.771929553501382
0.8973273076923077,65.0,0.2598239679495119,2.783194268479494
0.8977076923076923,65.0,0.2597923012932401,2.794620533029964
0.8980880769230769,65.0,0.2597602783750567,2.8060828409859737
0.8984684615384615,65.0,0.2597278434013607,2.817475132436754
0.8988488461538462,65.0,0.25969514293698454,2.8289952128160536
0.8992292307692308,65.0,0.25966210001443685,2.8405043459675965
0.8996096153846154,65.0,0.25962886909517124,2.851917169059888
0.89999,65.0,0.2595954463973956,2.863407544733618
0.9003703846153847,65.0,0.25956184943592164,2.874909856821642
0.9007507692307692,65.0,0.2595282750500019,2.8862436817373163
0.9011311538461538,65.0,0.2594945342628325,2.897692237230199
0.9015115384615384,65.0,0.2594608341964021,2.90908572723147
0.9018919230769231,65.0,0.25942729390014596,2.92029561192231
0.9022723076923077,65.0,0.2593937162700173,2.931677931343403
0.9026526923076923,65.0,0.2593604331315125,2.9428823197486715
0.9030330769230769,65.0,0.2593274152888159,2.9540318389076963
0.9034134615384616,65.0,0.25929453179539536,2.9652161427016472
0.9037938461538462,65.0,0.2592620592458025,2.976308419750413
0.9041742307692308,65.0,0.2592299746125997,2.9872821543839723
0.9045546153846153,65.0,0.259198345664308,2.99833169592863
0.904935,65.0,0.2591671497295498,3.009197495978177
0.9053153846153846,65.0,0.25913643322319435,3.0200209174432353
0.9056957692307692,65.0,0.2591064765163903,3.030860042249908
0.9060761538461538,65.0,0.2590770326572416,3.041440264725974
0.9064565384615385,65.0,0.25904819518602845,3.052068973252201
0.9068369230769231,65.0,0.25902016979282155,3.0625204423491237
0.9072173076923077,65.0,0.2589927506791143,3.072814336006805
0.9075976923076923,65.0,0.2589661382778306,3.082982151849628
0.907978076923077,65.0,0.2589403784991296,3.093026586545572
0.9083584615384616,65.0,0.2589153906186733,3.102795168942093
0.9087388461538461,65.0,0.25889132749230637,3.112399499014875
0.9091192307692307,65.0,0.258868142411141,3.121859756805389
0.9094996153846154,65.0,0.25884594069995825,3.13089810608868
0.90988,65.0,0.2588247427103903,3.1397914788906403
0.9102603846153846,65.0,0.2588045233255117,3.148407835908822
0.9106407692307692,65.0,0.25878546490562754,3.1566063826441586
0.9110211538461539,65.0,0.2587673597402948,3.1644868245182076
0.9114015384615385,65.0,0.2587503455820927,3.1720886768946692
0.9117819230769231,65.0,0.25873463741883146,3.1791545962926615
0.9121623076923077,65.0,0.2587199147350519,3.1858584839164803
0.9125426923076924,65.0,0.2587063454483567,3.1921731730334053
0.912923076923077,65.0,0.2586940800958,3.197867772607467
0.9133034615384615,65.0,0.258682986233271,3.203213682487513
0.9136838461538461,65.0,0.25867313157796584,3.2079866833008657
0.9140642307692308,65.0,0.2586644619710021,3.2121898301530534
0.9144446153846154,65.0,0.25865707178967906,3.215901596177837
0.914825,65.0,0.2586509764747639,3.219030822607614
0.9152053846153846,65.0,0.25864606614645147,3.2215500451999883
0.9155857692307693,65.0,0.2586425562290698,3.223570480480102
0.9159661538461539,65.0,0.25864032500360434,3.2249047911910975
0.9163465384615385,65.0,0.2586393224209304,3.2256616418753565
0.916726923076923,65.0,0.25863974285030794,3.2259218300694097
0.9171073076923077,65.0,0.258641422768111,3.22540924412841
0.9174876923076923,65.0,0.2586444270359651,3.224413345809183
0.9178680769230769,65.0,0.25864878886094433,3.2228381304211187
0.9182484615384615,65.0,0.2586543859037248,3.2205887270946114
0.9186288461538461,65.0,0.25866126318176336,3.2178120172323914
0.9190092307692308,65.0,0.25866940595470606,3.214509490588476
0.9193896153846154,65.0,0.25867884727309204,3.210599766519066
0.91977,65.0,0.258689461343784,3.206125018466621
0.9201503846153846,65.0,0.25870119399913616,3.2012916612899565
0.9205307692307693,65.0,0.25871426795397506,3.1957937580633002
0.9209111538461539,65.0,0.2587284913769761,3.189903137480429
0.9212915384615384,65.0,0.2587437286290172,3.1835919217557773
0.921671923076923,65.0,0.2587601665396026,3.176831090024341
0.9220523076923077,65.0,0.2587776668414509,3.169608658689395
0.9224326923076923,65.0,0.25879617428492374,3.1621023439180207
0.9228130769230769,65.0,0.25881573762666793,3.1542115465909033
0.9231934615384615,65.0,0.2588362991647888,3.145922007091274
0.9235738461538462,65.0,0.2588578202680099,3.13748809731265
0.9239542307692308,65.0,0.258880213106649,3.1285755634935244
0.9243346153846154,65.0,0.2589035258958836,3.1195755268719156
0.924715,65.0,0.2589277112346618,3.1102710333857235
0.9250953846153847,65.0,0.258952647692753,3.100706274396255
0.9254757692307692,65.0,0.25897838620594127,3.0910944814312766
0.9258561538461538,65.0,0.2590048223676108,3.081148885705196
0.9262365384615384,65.0,0.25903187898199836,3.0711274899135494
0.9266169230769231,65.0,0.2590596466676204,3.0610122466538443
0.9269973076923077,65.0,0.2590879968333064,3.050672713511971
0.9273776923076923,65.0,0.2591168174352178,3.040243100353386
0.9277580769230769,65.0,0.2591461814744005,3.029817161440165
0.9281384615384616,65.0,0.25917611263018514,3.019159902112836
0.9285188461538462,65.0,0.25920645188186237,3.0084912336679586
0.9288992307692308,65.0,0.2592370961285067,2.9977789714293666
0.9292796153846153,65.0,0.25926817749673975,2.986969465074487
0.92966,65.0,0.2592995656773436,2.976075801530506
0.9300403846153846,65.0,0.25933113754563486,2.96518606995835
0.9304207692307692,65.0,0.2593629931816231,2.9542770755137457
0.9308011538461538,65.0,0.25939502826460276,2.9432062572388706
0.9311815384615385,65.0,0.25942713777743803,2.9322341297081387
0.9315619230769231,65.0,0.2594593098338392,2.921189445023297
0.9319423076923077,65.0,0.25949152672871584,2.910057926273691
0.9323226923076923,65.0,0.2595237262263851,2.8989756225225443
0.932703076923077,65.0,0.2595557977440582,2.8878705108885603
0.9330834615384616,65.0,0.2595877503097042,2.876691731793974
0.9334638461538461,65.0,0.2596195131926546,2.8655710870719653
0.9338442307692307,65.0,0.25965100306723643,2.8544186182267035
0.9342246153846154,65.0,0.25968228461413057,2.8432818182556954
0.934605,65.0,0.2597131912899146,2.832190829222278
0.9349853846153846,65.0,0.2597436646441764,2.8210461852112165
0.9353657692307692,65.0,0.25977380426606933,2.810091672519397
0.9357461538461539,65.0,0.2598035080085777,2.7990941381058083
0.9361265384615385,65.0,0.2598326711266782,2.788148583186762
0.9365069230769231,65.0,0.2598612163503405,2.7774384936156356
0.9368873076923077,65.0,0.2598892209610336,2.7666825148293404
0.9372676923076924,65.0,0.2599165984130224,2.75611563645261
0.937648076923077,65.0,0.2599431602793454,2.7457252859439376
0.9380284615384615,65.0,0.2599690854324961,2.7354804402897352
0.9384088461538461,65.0,0.25999426621329436,2.725374141402806
0.9387892307692308,65.0,0.26001849782334424,2.715581192479211
0.9391696153846154,65.0,0.2600419597868601,2.7059762217487586
0.93955,65.0,0.26006455487849295,2.6965867635433334
0.9399303846153846,65.0,0.2600861887571602,2.687572844672331
0.9403107692307693,65.0,0.2601069075771278,2.67883827134148
0.9406911538461539,65.0,0.2601266047549115,2.670426699420269
0.9410715384615385,65.0,0.2601453426441985,2.662363733276157
0.941451923076923,65.0,0.2601630498545033,2.6547623886983103
0.9418323076923077,65.0,0.2601796984228964,2.647505541429983
0.9422126923076923,65.0,0.2601953108580987,2.64066542903981
0.9425930769230769,65.0,0.26020974150176307,2.634332755819931
0.9429734615384615,65.0,0.26022317309579457,2.6284317447858956
0.9433538461538462,65.0,0.2602355276434602,2.623012381686195
0.9437342307692308,65.0,0.2602465796704185,2.6180969392675957
0.9441146153846154,65.0,0.2602565505633474,2.6137203197297816
0.944495,65.0,0.2602653541712433,2.609817838861287
0.9448753846153847,65.0,0.26027289099564865,2.606456335402944
0.9452557692307693,65.0,0.2602792563765331,2.603682158575069
0.9456361538461538,65.0,0.2602843854358201,2.601426773106564
0.9460165384615384,65.0,0.2602883480622923,2.599636006553465
0.946396923076923,65.0,0.26029099964580843,2.598541077182035
0.9467773076923077,65.0,0.26029240769027,2.597906228366775
0.9471576923076923,65.0,0.26029273720531354,2.5977628096935437
0.9475380769230769,65.0,0.26029168645745676,2.5982512476729367
0.9479184615384615,65.0,0.260289426985456,2.5992255816326524
0.9482988461538462,65.0,0.26028602912434584,2.6006629663747223
0.9486792307692308,65.0,0.26028130012614425,2.6026645521119267
0.9490596153846154,65.0,0.26027545227738025,2.605140285356533
0.94944,65.0,0.2602683723279055,2.60804001696919
0.9498203846153846,65.0,0.2602600242940484,2.6114507957420976
0.9502007692307692,65.0,0.26025059062030326,2.6152746586047293
0.9505811538461538,65.0,0.2602399588559309,2.6195448971883675
0.9509615384615384,65.0,0.2602282095638471,2.624152628997182
0.9513419230769231,65.0,0.26021527970793534,2.6292348453208247
0.9517223076923077,65.0,0.2602011791366728,2.6346508250470078
0.9521026923076923,65.0,0.26018612559704796,2.6403558309191837
0.9524830769230769,65.0,0.2601698720692442,2.6464612033328323
0.9528634615384616,65.0,0.26015257889220483,2.6528735764190263
0.9532438461538462,65.0,0.2601344222452929,2.6595551108404454
0.9536242307692308,65.0,0.2601151497427496,2.666480882122761
0.9540046153846153,65.0,0.2600949625680881,2.673767156648135
0.954385,65.0,0.26007392639828947,2.6812368079423314
0.9547653846153846,65.0,0.26005199493572917,2.688900360678779
0.9551457692307692,65.0,0.2600292408751024,2.696901654972049
0.9555261538461538,65.0,0.260005598872486,2.705046206254676
0.9559065384615385,65.0,0.25998128413274596,2.7133576802589854
0.9562869230769231,65.0,0.2599562389783065,2.7219564314041658
0.9566673076923077,65.0,0.259930382931399,2.7307133682597633
0.9570476923076923,65.0,0.25990399271895237,2.739573753965601
0.957428076923077,65.0,0.259876877917638,2.74870198893183
0.9578084615384616,65.0,0.25984917949506287,2.7579778800804613
0.9581888461538461,65.0,0.2598210851155298,2.7673753577212934
0.9585692307692307,65.0,0.25979232222460713,2.7769614419571487
0.9589496153846154,65.0,0.25976313051144345,2.7867172279037407
0.95933,65.0,0.25973357058970614,2.796592591282605
0.9597103846153846,65.0,0.25970356127214106,2.8066218973292427
0.9600907692307692,65.0,0.25967326213889597,2.8168052909496146
0.9604711538461539,65.0,0.25964263434334917,2.827138080937152
0.9608515384615385,65.0,0.25961182638773705,2.8375956387974886
0.9612319230769231,65.0,0.25958080916466136,2.8481548671768935
0.9616123076923077,65.0,0.2595495290771346,2.8589279066734767
0.9619926923076924,65.0,0.25951830385445895,2.869748256421146
0.9623730769230769,65.0,0.25948696434770485,2.880653117692378
0.9627534615384615,65.0,0.2594554832957172,2.891777149054241
0.9631338461538461,65.0,0.25942414156346044,2.902891756863785
0.9635142307692308,65.0,0.2593928242673131,2.9140668726806473
0.9638946153846154,65.0,0.2593616157546114,2.9253987180308654
0.964275,65.0,0.2593305596479286,2.936761383026206
0.9646553846153846,65.0,0.25929966597611737,2.948016295300282
0.9650357692307693,65.0,0.2592690914555954,2.9594991722120105
0.9654161538461539,65.0,0.25923878251946797,2.9708593240049255
0.9657965384615385,65.0,0.2592088739356468,2.982185088942865
0.966176923076923,65.0,0.2591793705302096,2.993533668555285
0.9665573076923077,65.0,0.2591502187460774,3.0047869584472306
0.9669376923076923,65.0,0.25912168815681114,3.015963065923358
0.9673180769230769,65.0,0.2590936671353709,3.0269539249011075
0.9676984615384615,65.0,0.2590661518733249,3.0379636991336585
0.9680788461538462,65.0,0.2590394073458992,3.048637004114949
0.9684592307692308,65.0,0.2590132849849685,3.0592169139591503
0.9688396153846154,65.0,0.25898783632710703,3.069579410435946
0.96922,65.0,0.25896319233383636,3.0796318791987507
0.9696003846153847,65.0,0.2589393452140877,3.0894922158184235
0.9699807692307693,65.0,0.25891633533492736,3.0989789598182864
0.9703611538461538,65.0,0.25889408517205975,3.108206499066374
0.9707415384615384,65.0,0.2588727897712499,3.117072593970402
0.9711219230769231,65.0,0.2588524932434562,3.125520392079466
0.9715023076923077,65.0,0.25883302473581304,3.1336362054801907
0.9718826923076923,65.0,0.2588145816238572,3.1413838135249588
0.9722630769230769,65.0,0.258797187271429,3.1485272673374296
0.9726434615384616,65.0,0.25878077953445866,3.1554069195759027
0.9730238461538462,65.0,0.25876550103742574,3.161797432601289
0.9734042307692308,65.0,0.25875130171210986,3.167559802160192
0.9737846153846154,65.0,0.25873816891417145,3.1730289472096773
0.974165,65.0,0.2587261609092453,3.1779168462163194
0.9745453846153846,65.0,0.25871530332196974,3.1822325584296904
0.9749257692307692,65.0,0.25870559078345645,3.1861342349731685
0.9753061538461538,65.0,0.2586969787072016,3.1895289213742894
0.9756865384615384,65.0,0.2586896024636723,3.1922916775799535
0.9760669230769231,65.0,0.2586833957471494,3.194645293549627
0.9764473076923077,65.0,0.25867827446701097,3.1964795360850773
0.9768276923076923,65.0,0.25867442652124434,3.197760902292422
0.9772080769230769,65.0,0.2586717879320778,3.198556430358769
0.9775884615384616,65.0,0.2586702430154622,3.198872846975098
0.9779688461538462,65.0,0.25866990273381585,3.198712441406267
0.9783492307692307,65.0,0.2586708178189813,3.1980213727550657
0.9787296153846153,65.0,0.2586729242665865,3.1969480469270293
0.97911,65.0,0.2586761632348133,3.1953461809795662
0.9794903846153846,65.0,0.2586806017887343,3.1933637808165005
0.9798707692307692,65.0,0.25868627650125886,3.1909315085439314
0.9802511538461538,65.0,0.2586930877814351,3.1880536555381105
0.9806315384615385,65.0,0.25870108531191693,3.1849037486835794
0.9810119230769231,65.0,0.2587102562550561,3.1812005898137135
0.9813923076923077,65.0,0.25872050780068073,3.1772541268580814
0.9817726923076923,65.0,0.2587318896843712,3.17295756905791
0.982153076923077,65.0,0.2587443830875376,3.1682291159476126
0.9825334615384615,65.0,0.25875793388032997,3.1632037970538893
0.9829138461538461,65.0,0.2587725224521932,3.1579985079537005
0.9832942307692307,65.0,0.25878818127873643,3.1522756820189666
0.9836746153846154,65.0,0.2588048453902952,3.1463498505388525
0.984055,65.0,0.258822423772957,3.1402778156167317
0.9844353846153846,65.0,0.258841044272802,3.1336618493087256
0.9848157692307692,65.0,0.2588606064830125,3.126994382564221
0.9851961538461539,65.0,0.2588809360299758,3.1200185518015444
0.9855765384615385,65.0,0.25890220744519016,3.1127256200573785
0.9859569230769231,65.0,0.2589243688919048,3.1052494859800186
0.9863373076923077,65.0,0.2589472625620852,3.097552809079794
0.9867176923076924,65.0,0.25897090261577416,3.0895747576901815
0.9870980769230769,65.0,0.2589952709323592,3.0813665611061047
0.9874784615384615,65.0,0.25902037818321455,3.072992584725687
0.9878588461538461,65.0,0.25904607641300226,3.0643333988024826
0.9882392307692308,65.0,0.25907237524724697,3.0555050956506116
0.9886196153846154,65.0,0.2590992927358336,3.046421230447698
0.989,65.0,0.25912662354833926,3.0371649903419016
0.9893803846153846,65.0,0.2591544622443241,3.0276753131200196
0.9897607692307693,65.0,0.25918276763313164,3.018015372765163
0.9901411538461539,65.0,0.2592113827437199,3.008096761626406
0.9905215384615385,65.0,0.25924040349964494,2.9980861343253147
0.990901923076923,65.0,0.25926973355857696,2.987856030247416
0.9912823076923077,65.0,0.2592992952758378,2.977364937010124
0.9916626923076923,65.0,0.2593291136425033,2.966925252703987
0.9920430769230769,65.0,0.2593591171344646,2.9561554076863765
0.9924234615384615,65.0,0.2593892805495904,2.9452578960697666
0.9928038461538462,65.0,0.25941944812474815,2.934409754483671
0.9931842307692308,65.0,0.25944970558408115,2.9232687675168174
0.9935646153846154,65.0,0.25948009014771684,2.9120644646775853
0.993945,65.0,0.25951026605176586,2.9009430774555973
0.9943253846153847,65.0,0.2595403776993885,2.8895713684403237
0.9947057692307693,65.0,0.25957045268413315,2.878230122943675
0.9950861538461538,65.0,0.25960025602496134,2.866966300329746
0.9954665384615384,65.0,0.2596298854120511,2.8555775735519853
0.9958469230769231,65.0,0.25965923868338464,2.8442875640222005
0.9962273076923077,65.0,0.25968825949711266,2.833065703908441
0.9966076923076923,65.0,0.2597169518244244,2.8218956510193363
0.9969880769230769,65.0,0.25974517448450885,2.8108285615222406
0.9973684615384616,65.0,0.25977303728993956,2.7999237617196537
0.9977488461538462,65.0,0.2598003929020435,2.7891537321262163
0.9981292307692308,65.0,0.25982716661515776,2.7785509861503233
0.9985096153846154,65.0,0.25985350258085826,2.7682134410100443
0.9988900000000001,65.0,0.2598791324196231,2.758016660690589
0.9992703846153846,65.0,0.25990414539439943,2.7481677840783254
0.9996507692307692,65.0,0.2599285608451674,2.7385436759157162
1.000031153846154,65.0,0.259952111546012,2.729192020906528
1.0004115384615384,65.0,0.2599749507906735,2.720237475784421
1.000791923076923,65.0,0.2599970324236985,2.71158053886818
1.0011723076923078,65.0,0.26001826925461974,2.703225355752586
1.0015526923076923,65.0,0.260038620365888,2.695348314883776
1.001933076923077,65.0,0.26005800592454603,2.6878434616033515
1.0023134615384615,65.0,0.2600766056539301,2.6806017382332374
1.0026938461538462,65.0,0.2600942129055768,2.673978654218851
1.0030742307692309,65.0,0.26011075356368024,2.6676876713571547
1.0034546153846153,65.0,0.2601264690803561,2.661745623166136
1.003835,65.0,0.2601410685998582,2.6564107195310087
1.0042153846153845,65.0,0.2601546048232131,2.651412793426671
1.0045957692307692,65.0,0.2601672055188773,2.6468247200683215
1.004976153846154,65.0,0.26017865151283903,2.642807940448103
1.0053565384615384,65.0,0.2601890788654328,2.6391598989498264
1.005736923076923,65.0,0.2601984111184796,2.635904394385274
1.0061173076923078,65.0,0.26020662405580136,2.6332324241583787
1.0064976923076923,65.0,0.260213803560994,2.630883584316001
1.006878076923077,65.0,0.26021978880094193,2.628987075967627
1.0072584615384614,65.0,0.2602247085339406,2.6275726642761015
1.0076388461538461,65.0,0.26022847634734775,2.626493933088669
1.0080192307692308,65.0,0.26023102608297666,2.6258730929151315
1.0083996153846153,65.0,0.2602326190665902,2.62568986794224
1.00878,65.0,0.2602329905132155,2.6257791775881545
1.0091603846153847,65.0,0.26023213805875445,2.6263782987243878
1.0095407692307692,65.0,0.26023030482473136,2.6273020051511264
1.0099211538461539,65.0,0.26022729643544806,2.6285352741036228
1.0103015384615384,65.0,0.26022317867880274,2.6302208163776317
1.010681923076923,65.0,0.26021795483359417,2.6321949428967404
1.0110623076923078,65.0,0.2602116356958042,2.6345077647615827
1.0114426923076922,65.0,0.2602042764291039,2.637154552842033
1.011823076923077,65.0,0.2601957202547276,2.6401933495108145
1.0122034615384616,65.0,0.260186185342057,2.643416324869337
1.0125838461538461,65.0,0.26017562663006033,2.647044922925042
1.0129642307692308,65.0,0.2601638949127841,2.651024700114564
1.0133446153846153,65.0,0.2601512569363176,2.6551546945845987
1.013725,65.0,0.2601375795129,2.65970764967592
1.0141053846153847,65.0,0.2601228628347748,2.6645530762929983
1.0144857692307692,65.0,0.26010726752862423,2.6695981067780705
1.0148661538461539,65.0,0.2600906210741279,2.6750091556690943
1.0152465384615386,65.0,0.2600730706128691,2.6807217887728054
1.015626923076923,65.0,0.2600546579539843,2.6866152374748355
1.0160073076923077,65.0,0.2600353599217922,2.692920702536161
1.0163876923076922,65.0,0.2600152601450626,2.6994574395271647
1.016768076923077,65.0,0.2599942447730114,2.706218337352467
1.0171484615384616,65.0,0.2599725472564824,2.7133864042071605
1.017528846153846,65.0,0.25995017461840597,2.7207376905684115
1.0179092307692308,65.0,0.2599269462837678,2.7283853104112614
1.0182896153846155,65.0,0.2599031477570161,2.7363786995703467
1.01867,65.0,0.25987874851348713,2.7445450877464848
1.0190503846153847,65.0,0.2598536456409583,2.753021674709094
1.0194307692307691,65.0,0.2598280361252586,2.761830586050115
1.0198111538461538,65.0,0.2598019127985915,2.7707557886960807
1.0201915384615385,65.0,0.25977530391872516,2.7800336701326533
1.020571923076923,65.0,0.25974822729919667,2.7895580205819153
1.0209523076923077,65.0,0.2597207505958173,2.799224543768526
1.0213326923076924,65.0,0.25969299681268454,2.8091968533575797
1.021713076923077,65.0,0.25966484740802276,2.8193536649280286
1.0220934615384616,65.0,0.2596364495804096,2.8296825077669516
1.022473846153846,65.0,0.2596078600815484,2.8401895977968477
1.0228542307692308,65.0,0.25957899766796205,2.8509075381609668
1.0232346153846155,65.0,0.2595501010998926,2.8617123686704002
1.023615,65.0,0.25952111705831227,2.8726451574578635
1.0239953846153846,65.0,0.25949198783009236,2.883746818491678
1.0243757692307693,65.0,0.2594629136739381,2.894837140182701
1.0247561538461538,65.0,0.2594338996296078,2.9060400670921758
1.0251365384615385,65.0,0.2594049573419477,2.9172755387314777
1.025516923076923,65.0,0.25937610454438764,2.9285112214057794
1.0258973076923077,65.0,0.25934742357772783,2.9397021827991834
1.0262776923076924,65.0,0.25931901303095245,2.9509466440510668
1.0266580769230769,65.0,0.2592907442372055,2.961984549381625
1.0270384615384616,65.0,0.25926278078685355,2.973057266093648
1.0274188461538463,65.0,0.2592352392290531,2.9839872372818816
1.0277992307692307,65.0,0.25920797694238806,2.9946609238513675
1.0281796153846154,65.0,0.2591811377633021,3.0053836803473217
1.02856,65.0,0.25915481750757735,3.0157240036019033
1.0289403846153846,65.0,0.2591289904364099,3.025934151600835
1.0293207692307693,65.0,0.2591036813597257,3.0359455450538153
1.0297011538461538,65.0,0.25907895342723014,3.0456261145886123
1.0300815384615385,65.0,0.25905485995516614,3.055059613842449
1.030461923076923,65.0,0.2590314035453908,3.064242470280667
1.0308423076923077,65.0,0.25900867669584554,3.0730496878406157
1.0312226923076924,65.0,0.25898669212062714,3.081552845866485
1.0316030769230768,65.0,0.25896539103688426,3.0897626769235034
1.0319834615384615,65.0,0.2589449295383499,3.0975349386464064
1.0323638461538462,65.0,0.2589253464231004,3.105023499689812
1.0327442307692307,65.0,0.2589065479712634,3.112070903747447
1.0331246153846154,65.0,0.25888863366816484,3.1188172934374
1.033505,65.0,0.2588716680639908,3.1250880458164865
1.0338853846153846,65.0,0.2588556323086255,3.1310262981185426
1.0342657692307693,65.0,0.2588404976375951,3.136568335087621
1.0346461538461538,65.0,0.2588263745917108,3.1416505447104512
1.0350265384615385,65.0,0.2588133204795624,3.1464385893515043
1.0354069230769232,65.0,0.25880119965664644,3.1507146455868997
1.0357873076923076,65.0,0.2587901295687514,3.154665762535588
1.0361676923076923,65.0,0.25878020751781566,3.158224337705457
1.0365480769230768,65.0,0.2587713078349334,3.1613308969552905
1.0369284615384615,65.0,0.2587634609485157,3.164108232629017
1.0373088461538462,65.0,0.25875672392225835,3.166496501449524
1.0376892307692307,65.0,0.25875108241444805,3.168429241599159
1.0380696153846154,65.0,0.25874654053738255,3.170094401430883
1.03845,65.0,0.2587431059258062,3.171338170940402
1.0388303846153846,65.0,0.2587407957039178,3.1721515258370268
1.0392107692307693,65.0,0.25873952790897725,3.1727282000299177
1.0395911538461537,65.0,0.2587394040463464,3.17283957526421
1.0399715384615384,65.0,0.2587404600820267,3.1726368181837477
1.0403519230769231,65.0,0.2587424938124092,3.1720874374453913
1.0407323076923076,65.0,0.258745681453703,3.1711691311711845
1.0411126923076923,65.0,0.2587500253060199,3.1699273855859467
1.041493076923077,65.0,0.258755361189802,3.168318711338879
1.0418734615384615,65.0,0.2587618150778635,3.1663978003608944
1.0422538461538462,65.0,0.2587693609328771,3.1640977721393195
1.0426342307692307,65.0,0.25877797350150544,3.1615194613018596
1.0430146153846154,65.0,0.2587876105111808,3.15852753006322
1.043395,65.0,0.2587982586427961,3.155293310843098
1.0437753846153845,65.0,0.2588100435994132,3.1516351000782388
1.0441557692307692,65.0,0.25882276042993524,3.1476923534158616
1.044536153846154,65.0,0.2588363882708445,3.143425645372118
1.0449165384615384,65.0,0.25885108773846677,3.138758638014945
1.0452969230769231,65.0,0.2588666566836086,3.1338297854116672
1.0456773076923076,65.0,0.25888315353462543,3.1284968575385683
1.0460576923076923,65.0,0.25890058542401173,3.1229204013534195
1.046438076923077,65.0,0.2589188093690759,3.116898965078606
1.0468184615384615,65.0,0.25893792081520217,3.1106360356397444
1.0471988461538462,65.0,0.258957841059428,3.104031638977372
1.0475792307692309,65.0,0.25897855650958995,3.097047710746132
1.0479596153846154,65.0,0.2590000174566316,3.089825100408821
1.04834,65.0,0.2590221508169711,3.082244070089007
1.0487203846153845,65.0,0.25904507728445564,3.074361222973017
1.0491007692307692,65.0,0.2590685739834715,3.0661741237149456
1.049481153846154,65.0,0.259092632034905,3.0577528167373553
1.0498615384615384,65.0,0.2591174212315088,3.04895395469554
1.050241923076923,65.0,0.2591426192533353,3.0399787632225514
1.0506223076923078,65.0,0.259168290232122,3.030692871180071
1.0510026923076923,65.0,0.25919452414810207,3.021187484384401
1.051383076923077,65.0,0.25922109890611683,3.011467650785157
1.0517634615384615,65.0,0.25924805955342545,3.0014881677287875
1.0521438461538462,65.0,0.2592752808036525,2.9913844163640384
1.0525242307692309,65.0,0.25930281227806184,2.981073189703938
1.0529046153846153,65.0,0.25933064609307765,2.970579594227247
1.053285,65.0,0.2593585478903367,2.9600262693480044
1.0536653846153847,65.0,0.259386699105576,2.949324240002279
1.0540457692307692,65.0,0.25941495206860765,2.938495385188476
1.054426153846154,65.0,0.25944317868724437,2.9276974830100166
1.0548065384615384,65.0,0.25947157966565076,2.916782950780674
1.055186923076923,65.0,0.2594998780165458,2.905863654120073
1.0555673076923078,65.0,0.25952807909850006,2.8949838011158495
1.0559476923076923,65.0,0.25955628090624744,2.884116828569946
1.056328076923077,65.0,0.25958424938572516,2.873283113777584
1.0567084615384617,65.0,0.2596120554178384,2.8625476795490488
1.0570888461538461,65.0,0.2596396186712973,2.8519482718410343
1.0574692307692308,65.0,0.2596669214959335,2.841385268823305
1.0578496153846153,65.0,0.2596939363512447,2.831045643444806
1.05823,65.0,0.25972048244194906,2.820853415749593
1.0586103846153847,65.0,0.2597467836342885,2.810819641669673
1.0589907692307692,65.0,0.25977265315266884,2.8010364334787288
1.0593711538461539,65.0,0.2597978974717975,2.791421844036365
1.0597515384615384,65.0,0.2598227773702704,2.782108400125075
1.060131923076923,65.0,0.2598470949467623,2.7729923091137447
1.0605123076923078,65.0,0.2598708014952994,2.7641685473320097
1.0608926923076922,65.0,0.25989397187938607,2.7556380299717875
1.061273076923077,65.0,0.2599164277222472,2.7473865146078853
1.0616534615384616,65.0,0.25993828031731636,2.739414661888252
1.062033846153846,65.0,0.25995941020003344,2.731785146624388
1.0624142307692308,65.0,0.2599797727132394,2.724486424039085
1.0627946153846153,65.0,0.25999946204351737,2.7174239216045137
1.063175,65.0,0.2600182350019344,2.710789044339169
1.0635553846153847,65.0,0.26003624771899175,2.704460180382202
1.0639357692307692,65.0,0.26005345564086646,2.698389505492355
1.0643161538461539,65.0,0.260069645455987,2.6927378824399257
1.0646965384615386,65.0,0.260085058447761,2.6874281552886172
1.065076923076923,65.0,0.26009953639810374,2.682351069511761
1.0654573076923077,65.0,0.26011297833650127,2.6776994580786857
1.0658376923076922,65.0,0.26012555721753594,2.673388927811513
1.066218076923077,65.0,0.2601371539433027,2.6693137946568646
1.0665984615384616,65.0,0.260147761064658,2.665678526763902
1.066978846153846,65.0,0.2601573049271631,2.6623165923958876
1.0673592307692308,65.0,0.2601658367529178,2.659270248654215
1.0677396153846155,65.0,0.2601734582615326,2.6565885620018115
1.06812,65.0,0.26017990861980983,2.6542125082988006
1.0685003846153847,65.0,0.26018534818363015,2.6521495448603014
1.0688807692307691,65.0,0.2601898147633338,2.6504432206814807
1.0692611538461538,65.0,0.26019310932201417,2.6490000152991273
1.0696415384615385,65.0,0.26019541966994914,2.6479608138381883
1.070021923076923,65.0,0.260196662346909,2.647179987355331
1.0704023076923077,65.0,0.260196789554882,2.6467319104198794
1.0707826923076924,65.0,0.26019590303940454,2.6466299200557564
1.0711630769230769,65.0,0.26019391875179354,2.646861133939871
1.0715434615384616,65.0,0.26019090294499686,2.6473839273274695
1.071923846153846,65.0,0.2601868245968074,2.6482305652856137
1.0723042307692308,65.0,0.2601816849351172,2.6495223162178303
1.0726846153846155,65.0,0.2601755845073218,2.650986027480847
1.073065,65.0,0.26016837057837733,2.6528875614933765
1.0734453846153846,65.0,0.26016018978488903,2.6551877849585828
1.0738257692307693,65.0,0.26015111317732387,2.657687944283453
1.0742061538461538,65.0,0.26014091143110474,2.660628397673042
1.0745865384615385,65.0,0.26012975811945505,2.6639798597359117
1.074966923076923,65.0,0.2601177267323045,2.6675368625993676
1.0753473076923077,65.0,0.26010471723271833,2.6715344643228014
1.0757276923076924,65.0,0.26009077260556235,2.675952279200343
1.0761080769230769,65.0,0.2600759272121823,2.6805693001266495
1.0764884615384616,65.0,0.26006024240203895,2.6856783755363636
1.0768688461538463,65.0,0.2600436685708529,2.691078298350829
1.0772492307692307,65.0,0.2600262373443663,2.696825218146898
1.0776296153846154,65.0,0.26000806449308383,2.7029633527125756
1.07801,65.0,0.2599890515169621,2.7093800935029826
1.0783903846153846,65.0,0.25996927986092633,2.716188368308936
1.0787707692307693,65.0,0.25994884239693894,2.723300059747951
1.0791511538461538,65.0,0.2599276594333983,2.7307257303114456
1.0795315384615385,65.0,0.259905839720461,2.7384689206494794
1.0799119230769232,65.0,0.25988340746749083,2.746530791291176
1.0802923076923077,65.0,0.25986036662453366,2.7548240437239273
1.0806726923076924,65.0,0.25983677485020534,2.763422160554989
1.0810530769230768,65.0,0.25981268385521455,2.7723132058989313
1.0814334615384615,65.0,0.25978815050423604,2.781368820390416
1.0818138461538462,65.0,0.25976308708827833,2.790654083273386
1.0821942307692307,65.0,0.2597376110570359,2.8002351898845927
1.0825746153846154,65.0,0.2597118650076056,2.8098954233961977
1.0829550000000001,65.0,0.2596857314886646,2.8196985927183094
1.0833353846153846,65.0,0.25965926644694326,2.8298072267061243
1.0837157692307693,65.0,0.25963262356623795,2.8398695043898536
1.0840961538461538,65.0,0.25960577901330223,2.8500527642701927
1.0844765384615385,65.0,0.25957873011378196,2.860450490388364
1.0848569230769232,65.0,0.25955158030517467,2.8707495180922256
1.0852373076923076,65.0,0.25952439826503887,2.881117521109734
1.0856176923076923,65.0,0.25949713186448947,2.8915883617490334
1.0859980769230768,65.0,0.2594698723297733,2.901948082426063
1.0863784615384615,65.0,0.25944272895309534,2.91227664608959
1.0867588461538462,65.0,0.2594156209662883,2.922679144455118
1.0871392307692307,65.0,0.2593886591747395,2.932822195529909
1.0875196153846154,65.0,0.25936190056027253,2.9430484383273217
1.0879,65.0,0.25933530700966695,2.953061026881709
1.0882803846153846,65.0,0.2593089981094963,2.962950281249627
1.0886607692307693,65.0,0.25928299968613777,2.9727997800167363
1.0890411538461537,65.0,0.2592573084291193,2.9823347807283778
1.0894215384615384,65.0,0.2592319392205167,2.991811348914018
1.0898019230769231,65.0,0.25920697247366054,3.001069256095281
1.0901823076923076,65.0,0.25918252575335393,3.0101231419401624
1.0905626923076923,65.0,0.25915847483026017,3.01891797969401
1.090943076923077,65.0,0.2591348918048372,3.0276046145794164
1.0913234615384615,65.0,0.2591119697277803,3.035968713324253
1.0917038461538462,65.0,0.2590895598868285,3.044060667186105
1.0920842307692307,65.0,0.2590677365184943,3.052045483970692
1.0924646153846154,65.0,0.25904661289480035,3.0596546025079596
1.092845,65.0,0.2590261344634186,3.0670035691461224
1.0932253846153845,65.0,0.25900636164436286,3.074162173241429
1.0936057692307692,65.0,0.2589872957138531,3.0810550938962766
1.093986153846154,65.0,0.2589690344687591,3.0875054745763335
1.0943665384615384,65.0,0.25895155532365527,3.093916600935437
1.0947469230769231,65.0,0.2589348181548077,3.0999207904757156
1.0951273076923076,65.0,0.25891899969192816,3.1055629831566662
1.0955076923076923,65.0,0.25890399741848635,3.111110561167818
1.095888076923077,65.0,0.2588898568802537,3.1162137811688675
1.0962684615384615,65.0,0.2588767209125202,3.121063066427233
1.0966488461538462,65.0,0.25886439180711623,3.125662993729686
1.0970292307692309,65.0,0.25885301172627795,3.1298882890393127
1.0974096153846153,65.0,0.2588426679016461,3.133855960936443
1.09779,65.0,0.25883324667518826,3.137535291475464
1.0981703846153845,65.0,0.25882483992583327,3.1408210396812253
1.0985507692307692,65.0,0.25881739255336067,3.14390839679987
1.098931153846154,65.0,0.2588110288590484,3.1466010119464043
1.0993115384615384,65.0,0.2588057099064462,3.1489537355434956
1.099691923076923,65.0,0.25880129954866327,3.151081076894465
1.1000723076923078,65.0,0.25879805879477225,3.1527813346068836
1.1004526923076923,65.0,0.25879583933127587,3.154150400771301
1.100833076923077,65.0,0.25879455528441825,3.1552241962844016
1.1012134615384614,65.0,0.25879443853284584,3.1559643660337424
1.1015938461538461,65.0,0.25879532169617436,3.1562233899653225
1.1019742307692308,65.0,0.25879721382992243,3.1562643296396287
1.1023546153846153,65.0,0.25880017842777303,3.155930463110905
1.102735,65.0,0.2588041260126745,3.1550680075989948
1.1031153846153847,65.0,0.25880915980164076,3.1540417443926794
1.1034957692307692,65.0,0.25881517046724967,3.1525346726196597
1.103876153846154,65.0,0.258822195065292,3.15061010961221
1.1042565384615384,65.0,0.25883023820174433,3.148368014282649
1.104636923076923,65.0,0.2588391596981305,3.1457734885951867
1.1050173076923078,65.0,0.25884918018342007,3.142654085741687
1.1053976923076922,65.0,0.25886012476532155,3.139276956333146
1.105778076923077,65.0,0.2588718860321064,3.135500384174742
1.1061584615384616,65.0,0.25888471027504406,3.1312407565536997
1.1065388461538461,65.0,0.2588983803609431,3.126734652525029
1.1069192307692308,65.0,0.2589128823850899,3.121738530173179
1.1072996153846153,65.0,0.2589282867474599,3.116440474814008
1.10768,65.0,0.2589444647209373,3.110762008815565
1.1080603846153847,65.0,0.25896150502472276,3.1046905561055618
1.1084407692307692,65.0,0.25897923912652626,3.0983107683946884
1.1088211538461539,65.0,0.2589977315158525,3.0916160586331007
1.1092015384615386,65.0,0.2590170550413205,3.084513062838676
1.109581923076923,65.0,0.2590369018832192,3.0771606946167926
1.1099623076923077,65.0,0.2590574795012497,3.0695705851651955
1.1103426923076922,65.0,0.25907874293000044,3.061509304465628
1.110723076923077,65.0,0.25910049928631473,3.0533899404397857
1.1111034615384616,65.0,0.2591229215168148,3.0449441592102207
1.111483846153846,65.0,0.25914582241487805,3.036195343455433
1.1118642307692308,65.0,0.2591691783567441,3.0273329649724032
1.1122446153846155,65.0,0.25919306007217097,3.0182858548395908
1.112625,65.0,0.25921731794253994,3.0089637863228216
1.1130053846153847,65.0,0.25924198834818557,2.9995660967656668
1.1133857692307692,65.0,0.2592669496530574,2.9900777498728353
1.1137661538461539,65.0,0.2592922258360313,2.98036836064561
1.1141465384615385,65.0,0.25931785828954457,2.970635359827579
1.114526923076923,65.0,0.2593435630644612,2.9608681681644695
1.1149073076923077,65.0,0.2593695109127033,2.9509754671843904
1.1152876923076922,65.0,0.2593956700273702,2.941070924569876
1.115668076923077,65.0,0.259421792473081,2.9312297806652685
1.1160484615384616,65.0,0.2594480514073482,2.9212945813985605
1.116428846153846,65.0,0.2594743423327527,2.9114466808235124
1.1168092307692308,65.0,0.25950058835793555,2.9016536658314687
1.1171896153846155,65.0,0.2595267855442578,2.891861039271767
1.11757,65.0,0.25955283026617715,2.882226300895756
1.1179503846153847,65.0,0.2595788356161063,2.8726170337146044
1.1183307692307691,65.0,0.25960462647115456,2.8631265160799915
1.1187111538461538,65.0,0.2596301402002522,2.853829143321852
1.1190915384615385,65.0,0.25965550689862293,2.8445508419003027
1.119471923076923,65.0,0.25968047301631386,2.835458294048036
1.1198523076923077,65.0,0.2597051362602824,2.8266140180944532
1.1202326923076924,65.0,0.25972951582604287,2.817769391359043
1.1206130769230769,65.0,0.2597533567283584,2.80917778310752
1.1209934615384616,65.0,0.2597768277524802,2.800852322853493
1.121373846153846,65.0,0.25979986250020254,2.7925320974476895
1.1217542307692308,65.0,0.2598223442789459,2.7845333681098845
1.1221346153846155,65.0,0.2598443057622596,2.7767453623648177
1.122515,65.0,0.25986568650297615,2.7690720323391913
1.1228953846153846,65.0,0.2598865271975752,2.7616649314387165
1.1232757692307693,65.0,0.25990668749398355,2.75450341953556
1.1236561538461538,65.0,0.2599261760105177,2.7475094910933633
1.1240365384615385,65.0,0.2599451042054146,2.7407445317758214
1.124416923076923,65.0,0.2599632345616789,2.734265647117866
1.1247973076923077,65.0,0.25998060582135324,2.727967828072154
1.1251776923076924,65.0,0.2599973088351761,2.7219218192248755
1.1255580769230769,65.0,0.2600131880481797,2.7161301509572127
1.1259384615384616,65.0,0.26002827550250285,2.7105967626970418
1.1263188461538463,65.0,0.26004251723616156,2.7052928410994803
1.1266992307692307,65.0,0.2600559088238521,2.7002542899900708
1.1270796153846154,65.0,0.2600684549426626,2.695504200233422
1.12746,65.0,0.2600800701229832,2.690985478127461
1.1278403846153846,65.0,0.26009083349179224,2.686792500500682
1.1282207692307693,65.0,0.2601006433747321,2.6828196696605846
1.1286011538461538,65.0,0.2601094882555574,2.6792084037963217
1.1289815384615385,65.0,0.2601174853097203,2.6758619428497394
1.1293619230769232,65.0,0.2601244603712891,2.672768166444081
1.1297423076923077,65.0,0.26013043211739173,2.6701088260949266
1.1301226923076924,65.0,0.26013551500002297,2.6676853605258506
1.1305030769230768,65.0,0.2601395658147811,2.665518662311534
1.1308834615384615,65.0,0.2601425972502557,2.6639040332862938
1.1312638461538462,65.0,0.26014467632248883,2.662416092020616
1.1316442307692307,65.0,0.26014577887389234,2.6613402488650197
1.1320246153846154,65.0,0.2601458362339629,2.660713668380247
1.132405,65.0,0.26014485441964025,2.6603008071547687
1.1327853846153846,65.0,0.2601429641176959,2.66034912786537
1.1331657692307693,65.0,0.2601400545228463,2.660744953447957
1.1335461538461538,65.0,0.2601360974431346,2.6615127594665915
1.1339265384615385,65.0,0.2601312056387771,2.6626502456461876
1.1343069230769232,65.0,0.26012532402699023,2.664194446931725
1.1346873076923076,65.0,0.260118465891425,2.66609684280434
1.1350676923076923,65.0,0.2601106682020607,2.668406109872704
1.135448076923077,65.0,0.26010193082083266,2.6710661069763613
1.1358284615384615,65.0,0.26009226067948543,2.674148154857574
1.1362088461538462,65.0,0.26008167682487693,2.6776014321009405
1.1365892307692307,65.0,0.2600702513192566,2.6813816275451967
1.1369696153846154,65.0,0.260057915910801,2.6856186131868744
1.13735,65.0,0.26004469117236384,2.6901391652893754
1.1377303846153846,65.0,0.26003071695696095,2.695079215288543
1.1381107692307693,65.0,0.26001587330509446,2.7003053127760235
1.138491153846154,65.0,0.26000020955989184,2.705920031534712
1.1388715384615384,65.0,0.2599838577344783,2.711876048391659
1.1392519230769231,65.0,0.2599667396505804,2.71804800701711
1.1396323076923076,65.0,0.25994885809965285,2.7246549974756955
1.1400126923076923,65.0,0.25993029436246434,2.731483091058734
1.140393076923077,65.0,0.2599111403714963,2.7385394106993264
1.1407734615384615,65.0,0.25989131864831,2.7459694135540396
1.1411538461538462,65.0,0.2598708371218204,2.753574803628562
1.1415342307692307,65.0,0.25984986410075467,2.7613623395105944
1.1419146153846154,65.0,0.25982833041135306,2.7694769957285676
1.142295,65.0,0.25980625682694397,2.7776914372644104
1.1426753846153845,65.0,0.2597837675334806,2.7861054787445627
1.1430557692307692,65.0,0.2597607997546489,2.794702020214625
1.143436153846154,65.0,0.25973743705609326,2.803400300221325
1.1438165384615384,65.0,0.2597137303359856,2.812270566871632
1.1441969230769231,65.0,0.25968966686446093,2.821191390210342
1.1445773076923076,65.0,0.2596653273524409,2.830247445578195
1.1449576923076923,65.0,0.2596406776353967,2.8393619914717276
1.145338076923077,65.0,0.25961584799799786,2.848520666401846
1.1457184615384615,65.0,0.2595908299203002,2.8577301904516488
1.1460988461538462,65.0,0.2595655827922345,2.866979490848246
1.1464792307692309,65.0,0.2595403437203424,2.876225605189674
1.1468596153846153,65.0,0.2595149881928833,2.8854388098172197
1.14724,65.0,0.2594895060677094,2.894725979171039
1.1476203846153845,65.0,0.25946414979413884,2.9038699631856684
1.1480007692307692,65.0,0.25943882207097385,2.9130611764310155
1.148381153846154,65.0,0.2594135356966132,2.922154005256115
1.1487615384615384,65.0,0.25938838245467266,2.9312223117658367
1.149141923076923,65.0,0.2593633941263649,2.940165063685634
1.1495223076923078,65.0,0.25933865102072784,2.9490598944594244
1.1499026923076923,65.0,0.25931405922972195,2.957900207834752
1.150283076923077,65.0,0.25928978566652,2.9665270465386095
1.1506634615384614,65.0,0.2592658629387743,2.9751752754870227
1.1510438461538461,65.0,0.25924217470486927,2.983624209023243
1.1514242307692308,65.0,0.25921897435618874,2.9919723341943465
1.1518046153846153,65.0,0.2591961574116133,3.0001839332285436
1.152185,65.0,0.2591737160351316,3.008273404361459
1.1525653846153847,65.0,0.25915184860933305,3.0161751001943586
1.1529457692307692,65.0,0.25913042441431405,3.0239576051028565
1.153326153846154,65.0,0.2591095522522533,3.031563251848912
1.1537065384615384,65.0,0.2590892857408606,3.0389752792340348
1.154086923076923,65.0,0.2590695898114985,3.046283375536833
1.1544673076923078,65.0,0.25905057484935196,3.0532708389556316
1.1548476923076922,65.0,0.2590321302909276,3.060223029877352
1.155228076923077,65.0,0.25901443711584643,3.0668551494848413
1.1556084615384616,65.0,0.2589975416930875,3.073293699036412
1.1559888461538461,65.0,0.25898120586489987,3.079577110041472
1.1563692307692308,65.0,0.25896573146510116,3.085555724367927
1.1567496153846153,65.0,0.25895108883100704,3.091309698461838
1.15713,65.0,0.2589371381326981,3.096843184644928
1.1575103846153847,65.0,0.2589240920331414,3.102102673645427
1.1578907692307692,65.0,0.25891185803525024,3.1070460540260236
1.1582711538461539,65.0,0.25890049021499745,3.1117886113384894
1.1586515384615386,65.0,0.2588900245233482,3.116172955656202
1.159031923076923,65.0,0.25888040377741794,3.1202807089327362
1.1594123076923077,65.0,0.25887177404475753,3.1240831372141633
1.1597926923076922,65.0,0.2588639964693967,3.127556388930078
1.160173076923077,65.0,0.2588571468811537,3.1306901370122406
1.1605534615384616,65.0,0.2588513421264588,3.1334897414651928
1.160933846153846,65.0,0.2588463677227473,3.135960745456455
1.1613142307692308,65.0,0.25884244511261056,3.1380291526690107
1.1616946153846155,65.0,0.2588395246355647,3.1397853098642683
1.162075,65.0,0.2588374546284825,3.1411153204603743
1.1624553846153847,65.0,0.2588364712691434,3.1421123654185
1.1628357692307691,65.0,0.25883645012300943,3.142710912808723
1.1632161538461538,65.0,0.2588374002826318,3.1428907666877794
1.1635965384615385,65.0,0.2588393226286652,3.142729397356163
1.163976923076923,65.0,0.25884216522250053,3.1421426471961738
1.1643573076923077,65.0,0.2588461032713689,3.141159887129754
1.1647376923076924,65.0,0.25885090293868157,3.139772648492377
1.165118076923077,65.0,0.25885660877362987,3.138058128004076
1.1654984615384616,65.0,0.2588634112451325,3.135824559825445
1.165878846153846,65.0,0.2588710129667102,3.133325291151575
1.1662592307692308,65.0,0.2588795547905794,3.1304020196177036
1.1666396153846155,65.0,0.25888908622548623,3.1270409779100374
1.16702,65.0,0.25889939940129003,3.1234029687808222
1.1674003846153846,65.0,0.25891064236502387,3.119351275679661
1.1677807692307693,65.0,0.25892272061334526,3.114932277959957
1.1681611538461538,65.0,0.25893562157940714,3.1101878836498615
1.1685415384615385,65.0,0.25894937523339884,3.105150689883087
1.168921923076923,65.0,0.2589638623367842,3.0996815351717
1.1693023076923077,65.0,0.258979175953256,3.0940418835744823
1.1696826923076924,65.0,0.2589951740825525,3.088003822122848
1.1700630769230769,65.0,0.25901186475965693,3.0816940734314446
1.1704434615384616,65.0,0.25902936614083094,3.0752150404750096
1.170823846153846,65.0,0.2590474009521736,3.068326804205214
1.1712042307692307,65.0,0.25906605720376036,3.061342286998255
1.1715846153846154,65.0,0.25908541799215246,3.054067817497898
1.171965,65.0,0.2591052693129162,3.0465871207281556
1.1723453846153846,65.0,0.25912567826554084,3.0389424644380836
1.1727257692307693,65.0,0.25914658679507147,3.0311258683920195
1.1731061538461538,65.0,0.2591679945501129,3.0231121093508904
1.1734865384615385,65.0,0.25918987287915346,3.0149875348806945
1.173866923076923,65.0,0.2592120796734434,3.006758689388614
1.1742473076923077,65.0,0.25923476932822304,2.9983622854578322
1.1746276923076924,65.0,0.2592577789818466,2.9898845341920737
1.1750080769230768,65.0,0.2592810133405078,2.98138431837119
1.1753884615384615,65.0,0.25930463821624267,2.9727234338413173
1.1757688461538462,65.0,0.25932845187826,2.964035196692916
1.1761492307692307,65.0,0.2593524478391367,2.955383817856981
1.1765296153846154,65.0,0.2593766812004882,2.946558654890089
1.17691,65.0,0.2594009750921808,2.9378150059737957
1.1772903846153846,65.0,0.2594253799520178,2.929067296407299
1.1776707692307693,65.0,0.2594498693404962,2.9202301879551364
1.1780511538461538,65.0,0.2594743736579059,2.911500853539552
1.1784315384615385,65.0,0.2594988502962156,2.902764954314539
1.1788119230769232,65.0,0.25952323027788027,2.8940054892555698
1.1791923076923077,65.0,0.25954761281762506,2.885376842954001
1.1795726923076923,65.0,0.2595718434041897,2.8767423115001436
1.1799530769230768,65.0,0.2595958364750054,2.8681336246860676
1.1803334615384615,65.0,0.2596197237211941,2.859703386929436
1.1807138461538462,65.0,0.25964336908861374,2.8512230747975043
1.1810942307692307,65.0,0.25966669961262573,2.8428771588113935
1.1814746153846154,65.0,0.25968976046221304,2.8346743617498964
1.181855,65.0,0.2597124977921843,2.826470214078752
1.1822353846153846,65.0,0.259734841534843,2.818431825423209
1.1826157692307693,65.0,0.2597567439692275,2.810518686457529
1.1829961538461538,65.0,0.25977825005068805,2.8027022515855537
1.1833765384615385,65.0,0.2597993018182913,2.794995784746877
1.1837569230769232,65.0,0.25981978999974414,2.7875086110634135
1.1841373076923076,65.0,0.2598397981610599,2.7801119085645833
1.1845176923076923,65.0,0.25985923548832324,2.772844488028699
1.184898076923077,65.0,0.25987804153813,2.7658661188210485
1.1852784615384615,65.0,0.2598963038549584,2.7589549982200543
1.1856588461538462,65.0,0.2599139011375335,2.7522532783152163
1.1860392307692307,65.0,0.25993078309806295,2.745838617703199
1.1864196153846154,65.0,0.25994701523683106,2.7395333323596613
1.1868,65.0,0.25996256940526546,2.733482093677119
1.1871803846153846,65.0,0.2599773423200321,2.727730563975507
1.1875607692307693,65.0,0.2599913318606559,2.7221224855066213
1.187941153846154,65.0,0.2600046137313216,2.7168321873636656
1.1883215384615384,65.0,0.26001708425177045,2.711837325494676
1.1887019230769231,65.0,0.2600286865395175,2.7070149787402107
1.1890823076923076,65.0,0.26003951866868535,2.7026052222042307
1.1894626923076923,65.0,0.2600495003297775,2.698443047010347
1.189843076923077,65.0,0.26005857876935207,2.6945256511563906
1.1902234615384615,65.0,0.260066790332509,2.6910551887326686
1.1906038461538462,65.0,0.26007413807844704,2.6878394805311303
1.1909842307692309,65.0,0.2600806101699913,2.6849001837191793
1.1913646153846154,65.0,0.26008611800100584,2.682472591152523
1.191745,65.0,0.26009075359340483,2.6802364441482815
1.1921253846153845,65.0,0.2600944890329343,2.6784082306315566
1.1925057692307692,65.0,0.26009724006910334,2.676996459072306
1.192886153846154,65.0,0.26009914411118973,2.675889121305454
1.1932665384615384,65.0,0.2601000823570253,2.675144562668876
1.193646923076923,65.0,0.2601000392385572,2.6748187772695737
1.1940273076923078,65.0,0.26009915072246503,2.6748690838768363
1.1944076923076923,65.0,0.26009730946542153,2.6752016469075546
1.194788076923077,65.0,0.26009450775587406,2.6760275425585625
1.1951684615384615,65.0,0.2600907951101215,2.6771592648638793
1.1955488461538462,65.0,0.2600861911886771,2.6786349310864774
1.1959292307692309,65.0,0.26008069052834665,2.6805352803309512
1.1963096153846153,65.0,0.2600742169551665,2.6827766335627685
1.19669,65.0,0.26006692700448913,2.6853060944482032
1.1970703846153845,65.0,0.26005878080111,2.688288503327016
1.1974507692307692,65.0,0.26004965527626006,2.6915433122078447
1.197831153846154,65.0,0.260039774765886,2.6950832760812236
1.1982115384615384,65.0,0.2600290733862898,2.699103053747571
1.198591923076923,65.0,0.2600175044720606,2.703221905813841
1.1989723076923078,65.0,0.2600051838861421,2.7078047986287452
1.1993526923076923,65.0,0.259992056920144,2.712649522496718
1.199733076923077,65.0,0.25997821100551544,2.7176561271491004
1.2001134615384614,65.0,0.2599636250787001,2.7230899906576966
1.2004938461538461,65.0,0.2599483001530865,2.7287118814374436
1.2008742307692308,65.0,0.2599323509481175,2.7345080023698687
1.2012546153846153,65.0,0.25991565670280936,2.7406459590724057
1.201635,65.0,0.25989838007310256,2.7469805807566554
1.2020153846153847,65.0,0.25988055069719546,2.753423200460602
1.2023957692307692,65.0,0.2598619883090554,2.760191188166637
1.2027761538461539,65.0,0.25984298685187307,2.767092293344301
1.2031565384615384,65.0,0.25982347756783847,2.774108875549021
1.203536923076923,65.0,0.2598033732393763,2.7813636226710825
1.2039173076923078,65.0,0.25978289335571086,2.7887607971537682
1.2042976923076922,65.0,0.259761951651895,2.7962290678451143
1.204678076923077,65.0,0.2597406118871824,2.803873138634648
1.2050584615384616,65.0,0.259718883133778,2.8116694703736616
1.205438846153846,65.0,0.25969679807818813,2.8194686129783437
1.2058192307692308,65.0,0.25967451382538115,2.827462810650966
1.2061996153846153,65.0,0.25965184872720826,2.8355069133897057
1.20658,65.0,0.2596289457474236,2.84359782394137
1.2069603846153847,65.0,0.25960593876275706,2.8518238619862712
1.2073407692307692,65.0,0.2595826440413602,2.860048474162845
1.2077211538461539,65.0,0.25955927419888014,2.8683425021631286
1.2081015384615386,65.0,0.2595358035868602,2.876705353862756
1.208481923076923,65.0,0.2595121927596379,2.8850654656992583
1.2088623076923077,65.0,0.25948863500509384,2.893423974828848
1.2092426923076922,65.0,0.2594650229833535,2.9019239737136537
1.209623076923077,65.0,0.2594414697722663,2.910246756619289
1.2100034615384616,65.0,0.2594179859450042,2.9186940698299586
1.210383846153846,65.0,0.2593945596443328,2.9271436977662457
1.2107642307692308,65.0,0.2593713953177217,2.935446970232816
1.2111446153846155,65.0,0.2593483067274235,2.9438327121520658
1.211525,65.0,0.2593254245200286,2.952171356471082
1.2119053846153847,65.0,0.25930292858260995,2.960403581757444
1.2122857692307691,65.0,0.25928055708060616,2.968561086825667
1.2126661538461538,65.0,0.25925854024131906,2.9767972591520184
1.2130465384615385,65.0,0.25923696182452055,2.9847358249991203
1.213426923076923,65.0,0.2592156744663808,2.992715182217179
1.2138073076923077,65.0,0.25919484742979076,3.000603742809485
1.2141876923076924,65.0,0.25917442912634026,3.0082487773470534
1.214568076923077,65.0,0.2591545275803117,3.0158965763206513
1.2149484615384616,65.0,0.25913515498604384,3.0233073553056213
1.215328846153846,65.0,0.25911622341279195,3.0306210327550325
1.2157092307692308,65.0,0.2590979642513263,3.0377027904218865
1.2160896153846155,65.0,0.2590802503225025,3.044668194781252
1.21647,65.0,0.2590631202528485,3.051374004835947
1.2168503846153846,65.0,0.2590467536401465,3.057914624145561
1.2172307692307693,65.0,0.2590309470369472,3.0642122477031952
1.2176111538461538,65.0,0.2590158607659061,3.0702503435399024
1.2179915384615385,65.0,0.25900156137479924,3.076104428005428
1.218371923076923,65.0,0.2589879207259147,3.0816231642985503
1.2187523076923077,65.0,0.2589750923501869,3.0868870123426526
1.2191326923076924,65.0,0.25896301483319983,3.091917143031336
1.2195130769230769,65.0,0.2589517545779739,3.096588915410971
1.2198934615384616,65.0,0.2589413066129009,3.1009205074129094
1.2202738461538463,65.0,0.258931599157502,3.1050727141824574
1.2206542307692307,65.0,0.25892287454167917,3.1087569794598977
1.2210346153846154,65.0,0.25891494191892633,3.11212275532324
1.221415,65.0,0.25890778146481,3.1152702791431537
1.2217953846153846,65.0,0.2589016370417035,3.1179134684789593
1.2221757692307693,65.0,0.2588963132838053,3.120255809668855
1.2225561538461538,65.0,0.2588918541449018,3.122307988885422
1.2229365384615385,65.0,0.25888834304889646,3.123906822345809
1.2233169230769232,65.0,0.25888568193185946,3.125139090724537
1.2236973076923077,65.0,0.2588839725380143,3.1261018267359546
1.2240776923076924,65.0,0.25888314851275285,3.1265918047116035
1.2244580769230768,65.0,0.2588832288299564,3.126755141169479
1.2248384615384615,65.0,0.2588842537623464,3.1265772426213347
1.2252188461538462,65.0,0.2588861086521865,3.1259773858058897
1.2255992307692307,65.0,0.2588889423185851,3.1250960198185425
1.2259796153846154,65.0,0.25889266090763957,3.1237687676820536
1.22636,65.0,0.2588971988466085,3.1221731504149046
1.2267403846153846,65.0,0.2589027162321143,3.120190960754774
1.2271207692307693,65.0,0.2589090576540293,3.1178737245114263
1.2275011538461538,65.0,0.2589162216939249,3.1152299481570314
1.2278815384615385,65.0,0.2589242946838576,3.1122793532137614
1.2282619230769232,65.0,0.2589332008215507,3.1090055437255173
1.2286423076923076,65.0,0.25894292415336384,3.1053827531212144
1.2290226923076923,65.0,0.25895340915750537,3.10157028666805
1.2294030769230768,65.0,0.2589647416053676,3.0973679861159127
1.2297834615384615,65.0,0.2589768868336774,3.092923006417503
1.2301638461538462,65.0,0.2589896700636307,3.0882389270079442
1.2305442307692307,65.0,0.25900326297383386,3.083301341417997
1.2309246153846154,65.0,0.2590175899777242,3.078033724331918
1.231305,65.0,0.25903252806985605,3.0726375753939825
1.2316853846153846,65.0,0.25904820230402,3.067010690111271
1.2320657692307693,65.0,0.25906449521597374,3.0610299292193615
1.2324461538461537,65.0,0.25908137672066,3.05504947855268
1.2328265384615384,65.0,0.2590988705933683,3.0487357661122716
1.2332069230769231,65.0,0.2591169211007543,3.0422458055665857
1.2335873076923076,65.0,0.2591355050729088,3.0356583615846753
1.2339676923076923,65.0,0.2591545695138148,3.02883708426086
1.234348076923077,65.0,0.25917413405110723,3.021864672712121
1.2347284615384615,65.0,0.2591941398567109,3.014791062601422
1.2351088461538462,65.0,0.2592145056781603,3.0075066073823264
1.2354892307692307,65.0,0.2592353173046257,3.0001790230142964
1.2358696153846154,65.0,0.25925649220196756,2.992663635577259
1.23625,65.0,0.2592779162890097,2.9850305811326363
1.2366303846153845,65.0,0.25929966029637347,2.977396588606319
1.2370107692307692,65.0,0.2593216989773309,2.9695319507466977
1.237391153846154,65.0,0.25934393968145225,2.961652985133104
1.2377715384615384,65.0,0.25936632053104575,2.953732020512465
1.2381519230769231,65.0,0.2593888983200612,2.9456566133823676
1.2385323076923076,65.0,0.2594116260167237,2.937574312227344
1.2389126923076923,65.0,0.2594343716942733,2.9294485293888832
1.239293076923077,65.0,0.2594572122982441,2.921263195905051
1.2396734615384615,65.0,0.2594800891314422,2.913036514332172
1.2400538461538462,65.0,0.2595028943646294,2.904800399528637
1.2404342307692309,65.0,0.25952568842611146,2.8965931585457487
1.2408146153846153,65.0,0.2595484080287902,2.8882982113719406
1.241195,65.0,0.2595709856355595,2.880066484800702
1.2415753846153845,65.0,0.25959342660065027,2.8719162392356803
1.2419557692307692,65.0,0.25961568482062214,2.863648408431851
1.242336153846154,65.0,0.2596377265475352,2.8555571013467054
1.2427165384615384,65.0,0.25965948969924724,2.8474994761247383
1.243096923076923,65.0,0.25968101852681025,2.8394375962741742
1.2434773076923078,65.0,0.2597022416571437,2.8315548123380947
1.2438576923076923,65.0,0.2597230311038933,2.8237033943667535
1.244238076923077,65.0,0.2597435183928832,2.815986683786283
1.2446184615384615,65.0,0.2597636140158147,2.808391762581153
1.2449988461538462,65.0,0.2597832059378138,2.800901984878621
1.2453792307692308,65.0,0.25980234162300714,2.7936154198717595
1.2457596153846153,65.0,0.2598209890081432,2.7864485758145165
1.24614,65.0,0.2598391346730968,2.7794360652777628
1.2465203846153847,65.0,0.259856675288827,2.7726928549566243
1.2469007692307692,65.0,0.2598736424012549,2.7660880209219343
1.247281153846154,65.0,0.2598900712402903,2.759665952665386
1.2476615384615384,65.0,0.25990577377549595,2.753582384278702
1.248041923076923,65.0,0.2599208631116053,2.747641330425349
1.2484223076923078,65.0,0.25993533792546936,2.7419540929564463
1.2488026923076923,65.0,0.2599490160075106,2.7365946202312945
1.249183076923077,65.0,0.25996204886223706,2.731452439886404
1.2495634615384617,65.0,0.25997434416215504,2.7265893900246523
1.2499438461538461,65.0,0.259985835308854,2.7220337228056746
1.2503242307692308,65.0,0.2599966232349562,2.7177940658752435
1.2507046153846153,65.0,0.2600066039489603,2.713814640624704
1.251085,65.0,0.26001579457329577,2.710169486025565
1.2514653846153847,65.0,0.2600241504478951,2.706861996947893
1.2518457692307692,65.0,0.26003169840008533,2.7038530215756156
1.2522261538461539,65.0,0.2600384866398651,2.7011511318854353
1.2526065384615384,65.0,0.260044322205884,2.6988471729937267
1.252986923076923,65.0,0.2600493379667441,2.696799023893591
1.2533673076923078,65.0,0.2600535901330385,2.695134665524254
1.2537476923076922,65.0,0.26005687942510836,2.6937735829745826
1.254128076923077,65.0,0.26005935356539983,2.692780584384721
1.2545084615384616,65.0,0.26006098159790997,2.692097852224059
1.254888846153846,65.0,0.260061711801301,2.691717450986604
1.2552692307692308,65.0,0.26006161624944396,2.6917417164301685
1.2556496153846153,65.0,0.26006060206169834,2.6920304637802586
1.25603,65.0,0.26005880232575745,2.692642035328997
1.2564103846153847,65.0,0.26005611841686255,2.6935939223186636
1.2567907692307692,65.0,0.2600525165002501,2.6948958586815444
1.2571711538461539,65.0,0.26004818618963227,2.696378290734335
1.2575515384615386,65.0,0.260042921015996,2.6983030764860887
1.257931923076923,65.0,0.2600368318840173,2.7004826505399335
1.2583123076923077,65.0,0.26003001665006187,2.702851958778822
1.2586926923076922,65.0,0.26002225084892316,2.705673278549339
1.259073076923077,65.0,0.2600137530981093,2.7086394147397677
1.2594534615384616,65.0,0.2600045127600937,2.7119281025551376
1.259833846153846,65.0,0.25999442106022824,2.715463866397697
1.2602142307692308,65.0,0.25998361786764856,2.719278753102306
1.2605946153846155,65.0,0.2599720283265272,2.7233148928863287
1.260975,65.0,0.2599597854214305,2.727596377660346
1.2613553846153847,65.0,0.25994682276924075,2.732131467586593
1.2617357692307691,65.0,0.2599330908471815,2.736882743109003
1.2621161538461538,65.0,0.2599188395701045,2.7418584622029374
1.2624965384615385,65.0,0.2599038659802081,2.7470299077292304
1.262876923076923,65.0,0.259888233128739,2.7524537430847
1.2632573076923077,65.0,0.2598721216666265,2.758039241610948
1.2636376923076924,65.0,0.259855354907982,2.7638266293884435
1.2640180769230769,65.0,0.2598380647166986,2.7698179777469747
1.2643984615384616,65.0,0.25982026921815643,2.7759987380019577
1.264778846153846,65.0,0.2598019433654007,2.782299134543142
1.2651592307692308,65.0,0.25978322106748714,2.7888301769494364
1.2655396153846155,65.0,0.2597639922398309,2.795532049167486
1.26592,65.0,0.2597444016897255,2.8022892531382366
1.2663003846153846,65.0,0.2597244477957554,2.8093090411819612
1.2666807692307693,65.0,0.25970405754673087,2.816433535617855
1.2670611538461538,65.0,0.2596834985631392,2.8236447552386505
1.2674415384615385,65.0,0.2596625695829129,2.8310229511432867
1.267821923076923,65.0,0.25964132084972585,2.83855561016153
1.2682023076923077,65.0,0.25962000597844337,2.84610317107976
1.2685826923076924,65.0,0.2595984062307329,2.8538067971317327
1.2689630769230769,65.0,0.25957664650067247,2.8616503102470414
1.2693434615384616,65.0,0.2595548138442329,2.869440134011478
1.2697238461538463,65.0,0.2595328412126741,2.8774398250322593
1.2701042307692307,65.0,0.2595108587544833,2.885410203422318
1.2704846153846154,65.0,0.25948878222168015,2.893460617855404
1.270865,65.0,0.25946675283974824,2.901547841874394
1.2712453846153846,65.0,0.2594448158615958,2.909649456926996
1.2716257692307693,65.0,0.2594228175811673,2.9177635564533677
1.2720061538461538,65.0,0.25940102604866005,2.9259022382721804
1.2723865384615385,65.0,0.259379370112595,2.9339832213688934
1.2727669230769232,65.0,0.25935781317541035,2.942043342835032
1.2731473076923077,65.0,0.25933655225636165,2.9501547076566466
1.2735276923076924,65.0,0.2593154617651098,2.9580239929369965
1.2739080769230768,65.0,0.2592946523007658,2.9660070896858404
1.2742884615384615,65.0,0.2592741779680327,2.9738334289223993
1.2746688461538462,65.0,0.259253997977797,2.9815051490370843
1.2750492307692307,65.0,0.2592342112228037,2.989164081646942
1.2754296153846154,65.0,0.25921475535921085,2.996635947706104
1.27581,65.0,0.25919577411670974,3.003978500605798
1.2761903846153846,65.0,0.2591772837376297,3.0111296780723396
1.2765707692307693,65.0,0.25915914234772985,3.018216470322287
1.2769511538461538,65.0,0.259141611422865,3.02498328024583
1.2773315384615385,65.0,0.25912462623351384,3.031631502120183
1.2777119230769232,65.0,0.2591080889063684,3.0380860311175946
1.2780923076923076,65.0,0.2590922281426109,3.0442673136451712
1.2784726923076923,65.0,0.2590769630743252,3.0502165201490716
1.278853076923077,65.0,0.259062302126945,3.0559977896555224
1.2792334615384615,65.0,0.25904830265307305,3.0614328548890195
1.2796138461538462,65.0,0.2590349614120624,3.066630135440412
1.2799942307692307,65.0,0.25902236883177554,3.0716308788075875
1.2803746153846154,65.0,0.2590104370260737,3.0762053829361884
1.280755,65.0,0.258999231137902,3.0806456801646958
1.2811353846153846,65.0,0.2589888308314097,3.08469834424822
1.2815157692307693,65.0,0.2589791183775121,3.08843967556623
1.2818961538461537,65.0,0.25897022524970986,3.0919900965384364
1.2822765384615384,65.0,0.258962140372568,3.0950934103708923
1.2826569230769231,65.0,0.2589547692531445,3.097949037342685
1.2830373076923076,65.0,0.25894826267946197,3.100543442429724
1.2834176923076923,65.0,0.25894258326149144,3.102716729512735
1.283798076923077,65.0,0.2589376993217606,3.104619160012397
1.2841784615384615,65.0,0.25893363460356655,3.1062791868941293
1.2845588461538462,65.0,0.25893042374990793,3.1074867665324377
1.2849392307692307,65.0,0.25892808078550456,3.108458272057454
1.2853196153846154,65.0,0.2589265003522013,3.109146453324019
1.2857,65.0,0.2589258039014034,3.1094434644991544
1.2860803846153845,65.0,0.2589260039981892,3.109464537255368
1.2864607692307692,65.0,0.2589269537437119,3.109210896747781
1.286841153846154,65.0,0.25892876567398965,3.1086244839525645
1.2872215384615384,65.0,0.2589314602292927,3.10769254536046
1.2876019230769231,65.0,0.2589349479943776,3.1065848201342807
1.2879823076923076,65.0,0.2589392578749019,3.105064773651754
1.2883626923076923,65.0,0.25894439003043485,3.1033039186135243
1.288743076923077,65.0,0.2589503438971671,3.101302604619927
1.2891234615384615,65.0,0.2589570823632248,3.0989434940871736
1.2895038461538462,65.0,0.25896461264868276,3.096365391853239
1.2898842307692309,65.0,0.2589729358194535,3.0935133902413567
1.2902646153846153,65.0,0.2589819758136396,3.0903741662119706
1.290645,65.0,0.25899179554577384,3.0869811122064643
1.2910253846153845,65.0,0.25900237539248866,3.0833910326154843
1.2914057692307692,65.0,0.25901363067035954,3.0794258282066633
1.291786153846154,65.0,0.25902559154080174,3.075365401283196
1.2921665384615384,65.0,0.25903826799291574,3.0709954067047054
1.292546923076923,65.0,0.25905159887453577,3.0663165501104825
1.2929273076923078,65.0,0.2590655288006222,3.061600663134015
1.2933076923076923,65.0,0.2590801229661255,3.0564861324341615
1.293688076923077,65.0,0.25909535241523785,3.051214161454724
1.2940684615384614,65.0,0.259111065008339,3.045786638094456
1.2944488461538461,65.0,0.2591273599102865,3.040092708083521
1.2948292307692308,65.0,0.25914424945660364,3.0341783867567664
1.2952096153846153,65.0,0.25916155271931524,3.0281770939426447
1.29559,65.0,0.25917934634790407,3.021897949721344
1.2959703846153847,65.0,0.2591976092129594,3.01544775776673
1.2963507692307692,65.0,0.25921626633701944,3.008893071271516
1.296731153846154,65.0,0.25923532659635495,3.002126364559544
1.2971115384615384,65.0,0.2592547232747449,2.9951902917728206
1.297491923076923,65.0,0.25927447249432944,2.9881697667942846
1.2978723076923078,65.0,0.25929448998931315,2.9809757237769454
1.2982526923076922,65.0,0.2593147792319944,2.973633974918539
1.298633076923077,65.0,0.2593353626095319,2.9662479418050154
1.2990134615384616,65.0,0.25935606833362435,2.958691746473175
1.2993938461538461,65.0,0.2593769800626368,2.951050183984568
1.2997742307692308,65.0,0.2593980883157474,2.9433848066239148
1.3001546153846153,65.0,0.25941921488067377,2.9355694437163797
1.300535,65.0,0.25944046472448695,2.9277224917042357
1.3009153846153847,65.0,0.2594617790923899,2.9199041055575474
1.3012957692307692,65.0,0.259483078404471,2.911905869512333
1.3016761538461539,65.0,0.2595043589335552,2.904006795730195
1.3020565384615386,65.0,0.25952556046449404,2.896115672885309
1.302436923076923,65.0,0.25954676826620904,2.8880708331216494
1.3028173076923077,65.0,0.2595677903175671,2.8802557643458364
1.3031976923076922,65.0,0.2595886203875522,2.8723646514971266
1.303578076923077,65.0,0.25960940234147917,2.8644816662208252
1.3039584615384616,65.0,0.2596298811844954,2.85678940744907
1.304338846153846,65.0,0.2596501250285041,2.8490889339923355
1.3047192307692308,65.0,0.25967016870534726,2.841472441985035
1.3050996153846155,65.0,0.25968982126474927,2.834015662876521
1.30548,65.0,0.2597092039803156,2.826661812435176
1.3058603846153847,65.0,0.25972823204873374,2.8193960117602774
1.3062407692307691,65.0,0.25974684045361796,2.8123371840823164
1.3066211538461538,65.0,0.25976508410474863,2.80542463726124
1.3070015384615385,65.0,0.25978282581683965,2.798631425283005
1.307381923076923,65.0,0.2598001642919402,2.792090691067361
1.3077623076923077,65.0,0.2598169857245042,2.7857112456761066
1.3081426923076922,65.0,0.2598332259787372,2.7795063415230024
1.308523076923077,65.0,0.2598490565983969,2.773579935534789
1.3089034615384616,65.0,0.2598642208352428,2.7678281090524774
1.309283846153846,65.0,0.2598787717021354,2.7622943302418097
1.3096642307692308,65.0,0.2598928289039896,2.7570753848324876
1.3100446153846155,65.0,0.25990617446777803,2.752015003913964
1.310425,65.0,0.25991888261690005,2.747232560556508
1.3108053846153847,65.0,0.2599309274628252,2.7427746770802535
1.3111857692307691,65.0,0.25994229107630445,2.7384708616569986
1.3115661538461538,65.0,0.2599530048104927,2.73449186631186
1.3119465384615385,65.0,0.25996289880984297,2.7308322341575693
1.312326923076923,65.0,0.25997214801871077,2.727343816292172
1.3127073076923077,65.0,0.25998066492657285,2.7241807841154984
1.3130876923076924,65.0,0.25998831705861153,2.7213679889001003
1.3134680769230769,65.0,0.25999535465387225,2.718685654722862
1.3138484615384616,65.0,0.26000153915827584,2.716409276537355
1.314228846153846,65.0,0.26000690355095385,2.7143903255702324
1.3146092307692308,65.0,0.2600115958734851,2.7125995898831916
1.3149896153846155,65.0,0.2600153857992327,2.7111354991855565
1.31537,65.0,0.26001841738953074,2.709982510470886
1.3157503846153846,65.0,0.2600206701555375,2.709025810165379
1.3161307692307693,65.0,0.26002207476525563,2.7084111965357036
1.3165111538461538,65.0,0.26002272739096427,2.7080932989886946
1.3168915384615385,65.0,0.26002249796836535,2.7079501611916204
1.317271923076923,65.0,0.2600215398360014,2.708225836237618
1.3176523076923077,65.0,0.26001980666638674,2.7086516953703024
1.3180326923076924,65.0,0.2600171358827358,2.7094038113504024
1.3184130769230769,65.0,0.26001380652825445,2.7104462852396027
1.3187934615384616,65.0,0.2600096792302172,2.7117048312978693
1.3191738461538463,65.0,0.2600046892751823,2.7132569329285703
1.3195542307692307,65.0,0.25999901107067336,2.715079289974728
1.3199346153846154,65.0,0.2599925161476172,2.7171647644825137
1.320315,65.0,0.25998528911718893,2.7194434729789947
1.3206953846153846,65.0,0.259977317092132,2.7221067578846676
1.3210757692307693,65.0,0.25996858402578665,2.7248995580063924
1.3214561538461538,65.0,0.25995920444069587,2.7279894974726155
1.3218365384615385,65.0,0.25994903237562667,2.7313647575485613
1.3222169230769232,65.0,0.2599382090045666,2.7349357707004684
1.3225973076923077,65.0,0.2599267665222584,2.7387339871403715
1.3229776923076924,65.0,0.25991454521710555,2.742843995104802
1.3233580769230768,65.0,0.25990179888082715,2.747139955718031
1.3237384615384615,65.0,0.2598884190111197,2.751618584361
1.3241188461538462,65.0,0.2598743482164492,2.7564582897263565
1.3244992307692307,65.0,0.25985981858638263,2.761377944943784
1.3248796153846154,65.0,0.2598446875519586,2.766583147333431
1.32526,65.0,0.2598290153657787,2.7720257011464877
1.3256403846153846,65.0,0.2598128392867841,2.7775878634273967
1.3260207692307693,65.0,0.25979616268330974,2.7834277320906144
1.3264011538461538,65.0,0.2597791083332519,2.7894298493448924
1.3267815384615385,65.0,0.2597615225101079,2.795595347172151
1.3271619230769232,65.0,0.25974354288567847,2.801972686471376
1.3275423076923076,65.0,0.2597252730820603,2.808508537071377
1.3279226923076923,65.0,0.25970653910444397,2.815153786145437
1.328303076923077,65.0,0.2596875304535117,2.8220388846177276
1.3286834615384615,65.0,0.25966826818662736,2.8289903630946482
1.3290638461538462,65.0,0.2596486721520721,2.8360668916937333
1.3294442307692307,65.0,0.2596288887391496,2.8433308411416522
1.3298246153846154,65.0,0.25960888612488425,2.8506295835017945
1.330205,65.0,0.2595887178942853,2.858039434661644
1.3305853846153846,65.0,0.25956840528622727,2.8655462081863883
1.3309657692307693,65.0,0.2595479670252463,2.8731372015412013
1.331346153846154,65.0,0.2595274952672727,2.8806984240322926
1.3317265384615384,65.0,0.2595069051672856,2.888418003045241
1.3321069230769231,65.0,0.25948633370968915,2.896089329328907
1.3324873076923076,65.0,0.2594658319578578,2.9037802083395423
1.3328676923076923,65.0,0.2594452618935035,2.911502517323583
1.333248076923077,65.0,0.25942481186005023,2.9191980872019276
1.3336284615384615,65.0,0.2594045238193559,2.9268538672097906
1.3340088461538462,65.0,0.25938430223440617,2.9344626519363066
1.3343892307692309,65.0,0.259364262652903,2.9420886018353163
1.3347696153846154,65.0,0.2593444227669673,2.949507788155209
1.33515,65.0,0.2593248253557788,2.9570046924020117
1.3355303846153845,65.0,0.2593054680849446,2.9642824430511325
1.3359107692307692,65.0,0.2592863697447387,2.9715006631549925
1.336291153846154,65.0,0.2592676553909259,2.9786498959461394
1.3366715384615384,65.0,0.2592492328482822,2.985529062939821
1.337051923076923,65.0,0.25923116339223484,2.992433061831898
1.3374323076923076,65.0,0.25921355023999265,2.9990630709599584
1.3378126923076923,65.0,0.2591963185616536,3.0055549257803778
1.338193076923077,65.0,0.25917953363102436,3.0119071237981347
1.3385734615384615,65.0,0.2591632473822977,3.0180605652595167
1.3389538461538462,65.0,0.2591474395547239,3.023957447753236
1.3393342307692309,65.0,0.2591321454012199,3.029766893644441
1.3397146153846153,65.0,0.2591174159017636,3.035284933295068
1.340095,65.0,0.25910326634891445,3.0405785127021794
1.3404753846153845,65.0,0.25908964504611215,3.045725442510914
1.3408557692307692,65.0,0.2590766510387135,3.0505566242703996
1.341236153846154,65.0,0.2590643520237321,3.0552175305177918
1.3416165384615384,65.0,0.2590526152136789,3.0595835169941465
1.341996923076923,65.0,0.2590415450692687,3.0637623958588276
1.3423773076923078,65.0,0.25903120635791127,3.0676563497634426
1.3427576923076923,65.0,0.2590215270639726,3.0712735027499543
1.343138076923077,65.0,0.259012546194273,3.0747151565595425
1.3435184615384614,65.0,0.25900429474475406,3.0778172732527866
1.3438988461538461,65.0,0.2589968077459215,3.0806884581827845
1.3442792307692308,65.0,0.2589900231632035,3.0833238371010654
1.3446596153846153,65.0,0.2589839791648217,3.085640929944814
1.34504,65.0,0.2589787547109014,3.0877348593995637
1.3454203846153847,65.0,0.2589742509546376,3.089548278082491
1.3458007692307692,65.0,0.25897051331988474,3.0910565255101536
1.3461811538461539,65.0,0.25896759364896527,3.0923846266513246
1.3465615384615384,65.0,0.2589654158892718,3.0933171221271745
1.346941923076923,65.0,0.2589640379537736,3.0940716206705874
1.3473223076923078,65.0,0.25896346214509947,3.0945662055176815
1.3477026923076922,65.0,0.25896365235770086,3.0946552889332564
1.348083076923077,65.0,0.2589646170748536,3.0946427537099663
1.3484634615384616,65.0,0.25896636799718015,3.094257299053565
1.3488438461538461,65.0,0.2589689577512949,3.0935889085283024
1.3492242307692308,65.0,0.2589722497257691,3.092712273269316
1.3496046153846153,65.0,0.2589762991674124,3.091529055204313
1.349985,65.0,0.2589812135401154,3.0900538055508058
1.3503653846153847,65.0,0.25898679159975485,3.088346059431225
1.3507457692307692,65.0,0.258993115419796,3.0863650499894875
1.3511261538461539,65.0,0.2590002472056242,3.084078523580328
1.3515065384615386,65.0,0.25900804173860503,3.081584247507139
1.351886923076923,65.0,0.2590165641424578,3.0787641802913606
1.3522673076923077,65.0,0.25902578380914915,3.0757515062943956
1.3526476923076922,65.0,0.25903569142980193,3.072412822395498
1.353028076923077,65.0,0.259046293606117,3.068853729884329
1.3534084615384616,65.0,0.2590574759929119,3.0650707100222965
1.353788846153846,65.0,0.25906936428611044,3.0609703643209527
1.3541692307692308,65.0,0.2590818591282884,3.056688571852284
1.3545496153846155,65.0,0.2590948963846281,3.0521434134126664
1.35493,65.0,0.259108608337357,3.0473874433142742
1.3553103846153847,65.0,0.2591227948124127,3.042356747984992
1.3556907692307691,65.0,0.2591375189719277,3.037170962402148
1.3560711538461538,65.0,0.2591528281577602,3.0317442620929542
1.3564515384615385,65.0,0.2591685599527822,3.02609764678067
1.356831923076923,65.0,0.25918477387230815,3.020275367008913
1.3572123076923077,65.0,0.2592014155608835,3.01429803379437
1.3575926923076924,65.0,0.25921849372317624,3.008066890250044
1.357973076923077,65.0,0.2592359696214396,3.001721847172915
1.3583534615384616,65.0,0.25925371781892975,2.99525646921686
1.358733846153846,65.0,0.25927191016543066,2.9885429523489986
1.3591142307692308,65.0,0.25929037977218655,2.981778647371185
1.3594946153846155,65.0,0.2593090230990439,2.974893559148868
1.359875,65.0,0.25932805387910557,2.9678324543186303
1.3602553846153846,65.0,0.2593472372922076,2.9607369132931773
1.3606357692307693,65.0,0.2593665761781715,2.9535429553721575
1.3610161538461538,65.0,0.25938614288399153,2.946241010652069
1.3613965384615385,65.0,0.2594057725276102,2.9389448749939966
1.361776923076923,65.0,0.25942555704510456,2.9315330498245338
1.3621573076923077,65.0,0.259445386452907,2.92414194316579
1.3625376923076924,65.0,0.25946522899611596,2.916727073218992
1.3629180769230769,65.0,0.2594851423648911,2.909247317218954
1.3632984615384616,65.0,0.2595049473799234,2.9018656214559595
1.363678846153846,65.0,0.2595247726612975,2.8944485741897754
1.3640592307692307,65.0,0.259544527803071,2.8870512541974858
1.3644396153846154,65.0,0.2595640520973728,2.879743207417433
1.36482,65.0,0.2595835693072706,2.8724982038017077
1.3652003846153846,65.0,0.25960287285049466,2.865247349968428
1.3655807692307693,65.0,0.25962191592407285,2.858161414875285
1.3659611538461538,65.0,0.2596408203747589,2.85116094108166
1.3663415384615385,65.0,0.2596594156221718,2.844197507400408
1.366721923076923,65.0,0.2596777585424114,2.837409535849509
1.3671023076923077,65.0,0.2596957556428306,2.8307575670276557
1.3674826923076924,65.0,0.2597134222656572,2.8241834616640986
1.3678630769230768,65.0,0.2597308061451559,2.8177742674071857
1.3682434615384615,65.0,0.25974766937362853,2.8115710408250525
1.3686238461538462,65.0,0.2597641881754998,2.8054426814902484
1.3690042307692307,65.0,0.25978032782016725,2.7995221528726786
1.3693846153846154,65.0,0.2597958840805836,2.793814639009032
1.369765,65.0,0.2598110614921853,2.78821032435476
1.3701453846153846,65.0,0.2598256976295516,2.78285891867675
1.3705257692307693,65.0,0.25983976048800667,2.7776757873863436
1.3709061538461538,65.0,0.2598533703369289,2.772687665754692
1.3712865384615385,65.0,0.2598663356451081,2.7679283396222223
1.3716669230769232,65.0,0.259878754591977,2.7633483545544832
1.3720473076923076,65.0,0.2598905598989736,2.758994868039039
1.3724276923076923,65.0,0.2599017159365257,2.754888152146661
1.3728080769230768,65.0,0.25991232572230455,2.750949368605778
1.3731884615384615,65.0,0.2599221759262355,2.7472550024598688
1.3735688461538462,65.0,0.25993140257993286,2.7438592517774487
1.3739492307692307,65.0,0.2599400317950053,2.7405716794398267
1.3743296153846154,65.0,0.2599478354607094,2.737597249493301
1.37471,65.0,0.2599550112696317,2.7348985184620185
1.3750903846153846,65.0,0.2599615125508385,2.7323380361986587
1.3754707692307693,65.0,0.2599672204652632,2.730066376205972
1.3758511538461538,65.0,0.2599722417134683,2.728126778786967
1.3762315384615385,65.0,0.259976500687733,2.72627333647211
1.3766119230769231,65.0,0.25998006919320726,2.7247861441205683
1.3769923076923076,65.0,0.2599828666885755,2.723558722607965
1.3773726923076923,65.0,0.2599848676844041,2.7224924638951777
1.377753076923077,65.0,0.2599862177793251,2.721779211804943
1.3781334615384615,65.0,0.25998672753049584,2.721260327260939
1.3785138461538462,65.0,0.25998650474018903,2.7210635360734456
1.3788942307692307,65.0,0.25998560152642414,2.721041603666323
1.3792746153846154,65.0,0.25998383541567194,2.7213730937107563
1.379655,65.0,0.25998139049062474,2.7219190586441724
1.3800353846153846,65.0,0.2599782251557622,2.722715086303486
1.3804157692307693,65.0,0.2599742559012021,2.7238420904717837
1.380796153846154,65.0,0.2599696105567991,2.7251389440413027
1.3811765384615384,65.0,0.25996421582514495,2.726799523347151
1.3815569230769231,65.0,0.25995813063492706,2.7286498040139344
1.3819373076923076,65.0,0.2599513245385397,2.7307865171021266
1.3823176923076923,65.0,0.2599437844916861,2.7332023492164508
1.382698076923077,65.0,0.25993566463207224,2.7358777257453895
1.3830784615384615,65.0,0.25992678888912174,2.738725378771946
1.3834588461538462,65.0,0.25991723205361145,2.74198546667601
1.3838392307692309,65.0,0.2599071328441682,2.74537352099116
1.3842196153846154,65.0,0.25989634318754967,2.7489724944541374
1.3846,65.0,0.259884936992157,2.753012921968059
1.3849803846153845,65.0,0.25987296438652124,2.7570665429243784
1.3853607692307692,65.0,0.25986040381544556,2.761439679602184
1.385741153846154,65.0,0.2598472967754698,2.7661165231999796
1.3861215384615384,65.0,0.25983363963977474,2.770876631093839
1.386501923076923,65.0,0.25981949384642006,2.7759102997219913
1.3868823076923078,65.0,0.25980483994542475,2.781186292129039
1.3872626923076923,65.0,0.259789691149341,2.7865845509071003
1.387643076923077,65.0,0.2597741616781858,2.7921950807803944
1.3880234615384615,65.0,0.25975815469266433,2.798014348773443
1.3884038461538462,65.0,0.25974173941490847,2.8039508835786315
1.3887842307692309,65.0,0.2597250151254989,2.8100766955578576
1.3891646153846153,65.0,0.2597078859304462,2.8163219565041864
1.389545,65.0,0.2596904320155777,2.8227391124542325
1.3899253846153847,65.0,0.25967271344138615,2.829234386448711
1.3903057692307692,65.0,0.25965472382695853,2.8358792169378706
1.390686153846154,65.0,0.2596364662572618,2.8426009092893367
1.3910665384615384,65.0,0.2596179798842573,2.849409632327251
1.391446923076923,65.0,0.2595993708040773,2.856348554497218
1.3918273076923078,65.0,0.2595805804248125,2.863231209666118
1.3922076923076923,65.0,0.2595616077220823,2.8703109666741753
1.392588076923077,65.0,0.25954260000434703,2.877345758879891
1.3929684615384614,65.0,0.25952351007663216,2.8843823995523885
1.3933488461538461,65.0,0.259504343543304,2.891521780881388
1.3937292307692308,65.0,0.259485196861161,2.898633156615279
1.3941096153846153,65.0,0.25946606272092443,2.9056556020955027
1.39449,65.0,0.2594469562452276,2.912782276598671
1.3948703846153847,65.0,0.25942792054699326,2.9198601851823476
1.3952507692307692,65.0,0.25940902322199844,2.9267376997591845
1.3956311538461539,65.0,0.2593902172184804,2.933820249931844
1.3960115384615384,65.0,0.2593715598043702,2.9406494321146774
1.396391923076923,65.0,0.2593531515416414,2.947438012958235
1.3967723076923078,65.0,0.25933489208548627,2.9542311002466213
1.3971526923076922,65.0,0.25931687683494836,2.9608397770511288
1.397533076923077,65.0,0.259299185044821,2.9673818993494736
1.3979134615384616,65.0,0.2592817414036909,2.9738219207529486
1.398293846153846,65.0,0.25926460985891137,2.9801469262692653
1.3986742307692308,65.0,0.2592478406316428,2.986302289841398
1.3990546153846153,65.0,0.25923146930645624,2.9924062661401223
1.399435,65.0,0.25921547727763555,2.998268134058073
1.3998153846153847,65.0,0.25919985296491105,3.004076400143371
1.4001957692307692,65.0,0.25918474880674075,3.009668037388473
1.4005761538461539,65.0,0.2591700902348517,3.0151072863787225
1.4009565384615386,65.0,0.2591558638160303,3.0204006379908153
1.401336923076923,65.0,0.25914221905230395,3.025507688330937
1.4017173076923077,65.0,0.2591290637664467,3.03041366609141
1.4020976923076922,65.0,0.25911644552299906,3.035136960487054
1.402478076923077,65.0,0.25910442199916117,3.0397431996969266
1.4028584615384616,65.0,0.259092960123766,3.043998658730758
1.403238846153846,65.0,0.25908211432241096,3.0481751984308034
1.4036192307692308,65.0,0.2590718597171456,3.052154301828443
1.4039996153846155,65.0,0.2590622626146351,3.0557690913526714
1.40438,65.0,0.2590533150935691,3.0593232339568477
1.4047603846153847,65.0,0.25904496602975496,3.062620180693953
1.4051407692307691,65.0,0.25903737912802166,3.0655834077129387
1.4055211538461538,65.0,0.2590304321583014,3.0684384985768767
1.4059015384615385,65.0,0.25902410630329414,3.07103262653516
1.406281923076923,65.0,0.2590186101435752,3.073285584667817
1.4066623076923077,65.0,0.2590137594453412,3.075428516511876
1.4070426923076924,65.0,0.25900959735568496,3.077241964298255
1.4074230769230769,65.0,0.2590062043794972,3.0787965220945686
1.4078034615384616,65.0,0.2590035018918601,3.080138575662802
1.408183846153846,65.0,0.2590015776948815,3.0811834067653656
1.4085642307692308,65.0,0.2590003223115988,3.081978950902153
1.4089446153846155,65.0,0.2589998217671826,3.0825060707069944
1.409325,65.0,0.2590001175742975,3.0827688501796815
1.4097053846153846,65.0,0.25900102984983653,3.0827386196533224
1.4100857692307693,65.0,0.2590027567744623,3.082490418142988
1.4104661538461538,65.0,0.25900522651046665,3.081901994354995
1.4108465384615385,65.0,0.25900832368439597,3.081072404808889
1.411226923076923,65.0,0.25901224551865787,3.080013219674802
1.4116073076923077,65.0,0.25901682893701083,3.0785892186726764
1.4119876923076924,65.0,0.2590221002189255,3.076953948925224
1.4123680769230769,65.0,0.2590281254816602,3.0750748970147175
1.4127484615384616,65.0,0.25903478182653716,3.0728545898302455
1.4131288461538463,65.0,0.2590421560776317,3.0703797518206306
1.4135092307692307,65.0,0.25905014767105755,3.0677567535477186
1.4138896153846154,65.0,0.2590588222781975,3.0646968051811205
1.41427,65.0,0.25906819139606424,3.0614928571438482
1.4146503846153846,65.0,0.25907804633945825,3.0580781501844183
1.4150307692307693,65.0,0.2590886033379715,3.054283883187961
1.4154111538461538,65.0,0.2590997867692326,3.0503680105327895
1.4157915384615385,65.0,0.25911141985690916,3.046193012427815
1.4161719230769232,65.0,0.2591237106217122,3.0417711787821764
1.4165523076923077,65.0,0.25913650677508954,3.037135659277023
1.4169326923076924,65.0,0.2591497916428702,3.032349629369286
1.4173130769230768,65.0,0.2591636263930449,3.027278381993127
1.4176934615384615,65.0,0.25917785941115123,3.022082727523905
1.4180738461538462,65.0,0.2591926268158499,3.0167002492444825
1.4184542307692307,65.0,0.2592077771680184,3.0111000489268642
1.4188346153846154,65.0,0.2592232916754088,3.005412538626094
1.419215,65.0,0.25923930296403824,2.999524038718247
1.4195953846153846,65.0,0.25925555267326356,2.9934922584716546
1.4199757692307693,65.0,0.25927217711329636,2.987407921422688
1.4203561538461538,65.0,0.2592891657278694,2.981106093436305
1.4207365384615385,65.0,0.25930630669294735,2.97475075994092
1.4211169230769232,65.0,0.25932379768543135,2.968345384965788
1.4214973076923076,65.0,0.2593415165506925,2.9617605429088045
1.4218776923076923,65.0,0.2593593742362655,2.955169468383756
1.4222580769230768,65.0,0.25937745028552744,2.9485267541973554
1.4226384615384615,65.0,0.2593956304613724,2.941802233348222
1.4230188461538462,65.0,0.25941399361024486,2.9350251641314427
1.4233992307692307,65.0,0.2594323921072622,2.92829727195307
1.4237796153846154,65.0,0.25945081551349003,2.9214885688390573
1.42416,65.0,0.2594694009850987,2.9146516811091625
1.4245403846153846,65.0,0.25948787020555303,2.9079283479829456
1.4249207692307693,65.0,0.25950633736586043,2.9011071288897003
1.4253011538461537,65.0,0.2595248383476605,2.894353644355183
1.4256815384615384,65.0,0.259543156448904,2.8876620851697554
1.4260619230769231,65.0,0.2595614274674855,2.8809832826738138
1.4264423076923076,65.0,0.2595795612723944,2.874337895029913
1.4268226923076923,65.0,0.25959750676078536,2.8678231733863715
1.427203076923077,65.0,0.259615321523384,2.861307822075132
1.4275834615384615,65.0,0.25963285563149535,2.8548992945902647
1.4279638461538462,65.0,0.25965019989929533,2.848612163924538
1.4283442307692307,65.0,0.2596672721786839,2.8423337840573897
1.4287246153846154,65.0,0.25968400073826525,2.8362579077822025
1.429105,65.0,0.2597005288890331,2.8302374497644265
1.4294853846153845,65.0,0.2597166208352929,2.82430472068782
1.4298657692307692,65.0,0.25973233593777434,2.818592929156259
1.430246153846154,65.0,0.2597477765195418,2.8129203793055115
1.4306265384615384,65.0,0.2597627125155156,2.8074033899684183
1.4310069230769231,65.0,0.2597772290290298,2.8020926905938697
1.4313873076923076,65.0,0.25979133176278796,2.796864887101175
1.4317676923076923,65.0,0.25980493873345356,2.7917959793787155
1.432148076923077,65.0,0.25981806682227826,2.7869625670876546
1.4325284615384615,65.0,0.2598306465269181,2.7822250830449877
1.4329088461538462,65.0,0.25984275260500217,2.7776793062237766
1.4332892307692309,65.0,0.25985430118614605,2.77335214757453
1.4336696153846153,65.0,0.25986521732647605,2.7691846497970007
1.43405,65.0,0.25987565125209733,2.765196452909239
1.4344303846153845,65.0,0.2598854466911231,2.761443629723156
1.4348107692307692,65.0,0.2598946077426895,2.7578914427700805
1.435191153846154,65.0,0.25990320942818784,2.7545074187550864
1.4355715384615384,65.0,0.2599111177194771,2.7514026089520915
1.435951923076923,65.0,0.2599184103841416,2.748470587973303
1.4363323076923078,65.0,0.2599250583097242,2.745792639091747
1.4367126923076923,65.0,0.2599310268469519,2.7433249573856253
1.437093076923077,65.0,0.25993633328231114,2.7411233489560534
1.4374734615384615,65.0,0.2599409249241369,2.739118921836399
1.4378538461538461,65.0,0.2599448898839526,2.737407588590756
1.4382342307692308,65.0,0.2599481459083602,2.7359065359393053
1.4386146153846153,65.0,0.2599506409520736,2.734653077286969
1.438995,65.0,0.25995252643886746,2.733729776611152
1.4393753846153847,65.0,0.25995369015793984,2.7329139738366957
1.4397557692307692,65.0,0.2599540928343213,2.7325234578974373
1.440136153846154,65.0,0.2599538538471501,2.7322984860700688
1.4405165384615384,65.0,0.259952912114095,2.7323155233986784
1.440896923076923,65.0,0.25995123864019715,2.7326908084601365
1.4412773076923078,65.0,0.2599488655831794,2.733247204133321
1.4416576923076923,65.0,0.25994583670973087,2.7340835803870944
1.442038076923077,65.0,0.2599421086828663,2.7352105098329833
1.4424184615384616,65.0,0.25993766227536996,2.7365892030750114
1.4427988461538461,65.0,0.2599325840349752,2.738176527030147
1.4431792307692308,65.0,0.25992682506896403,2.740124227636796
1.4435596153846153,65.0,0.2599203876354747,2.742210303154697
1.44394,65.0,0.2599133454492537,2.744647678828357
1.4443203846153847,65.0,0.2599056426954658,2.747258291016595
1.4447007692307692,65.0,0.2598972966545751,2.7501501010288076
1.4450811538461539,65.0,0.25988836784080394,2.7532919645602103
1.4454615384615386,65.0,0.2598788446290786,2.7565963920297074
1.445841923076923,65.0,0.2598687242390365,2.760231662409639
1.4462223076923078,65.0,0.25985801132936204,2.7639859792190875
1.4466026923076922,65.0,0.2598468034335054,2.7680253921248164
1.446983076923077,65.0,0.25983504885272923,2.7722342252289796
1.4473634615384616,65.0,0.25982272001437695,2.7766356242376258
1.447743846153846,65.0,0.25980997376471393,2.781280085969562
1.4481242307692308,65.0,0.2597967339764594,2.78602518409345
1.4485046153846153,65.0,0.2597829946861548,2.7910015286380023
1.448885,65.0,0.25976885492239277,2.796151514697781
1.4492653846153847,65.0,0.25975431423016165,2.8013922483927267
1.4496457692307692,65.0,0.2597393761207003,2.8068324479278237
1.4500261538461539,65.0,0.25972403550062034,2.812437729663863
1.4504065384615386,65.0,0.2597083878810758,2.8180523673703664
1.450786923076923,65.0,0.2596924283663626,2.8239235562483604
1.4511673076923077,65.0,0.2596761184551861,2.829830429826031
1.4515476923076922,65.0,0.2596596018921614,2.8358103491406452
1.451928076923077,65.0,0.25964281105721315,2.8419689888937203
1.4523084615384616,65.0,0.25962575532148335,2.84811154249699
1.452688846153846,65.0,0.25960858659056385,2.8543895321791486
1.4530692307692308,65.0,0.2595911948163545,2.8607011105341527
1.4534496153846155,65.0,0.25957365164019897,2.8670623594443807
1.45383,65.0,0.259556020106281,2.873473360319129
1.4542103846153847,65.0,0.2595382785757048,2.8799283792576094
1.4545907692307691,65.0,0.2595205000152274,2.8863617979159066
1.4549711538461538,65.0,0.2595026277089597,2.892874035196446
1.4553515384615385,65.0,0.25948478992528423,2.8993494171618575
1.455731923076923,65.0,0.2594669983763605,2.9058053876203194
1.4561123076923077,65.0,0.2594491412122404,2.912323732148693
1.4564926923076924,65.0,0.25943143811339,2.918725109799724
1.4568730769230769,65.0,0.25941385276865847,2.9251838859979884
1.4572534615384616,65.0,0.25939629578703566,2.9315298500199325
1.457633846153846,65.0,0.2593789548810563,2.9379107705081573
1.4580142307692308,65.0,0.2593617713315806,2.9441623541169064
1.4583946153846155,65.0,0.2593447804725965,2.950379005459098
1.458775,65.0,0.2593280318272939,2.9565806329773054
1.4591553846153846,65.0,0.2593114987232361,2.9625890568710673
1.4595357692307693,65.0,0.25929529385460864,2.9686239014329425
1.4599161538461538,65.0,0.25927932854693486,2.974496239573295
1.4602965384615385,65.0,0.25926371522661207,2.980302064093851
1.460676923076923,65.0,0.2592484952769043,2.9859531037297495
1.4610573076923077,65.0,0.2592335326769017,2.9915651333523154
1.4614376923076924,65.0,0.25921905717924026,2.996957217857167
1.4618180769230769,65.0,0.2592050028370381,3.0022826255754134
1.4621984615384616,65.0,0.25919128787877144,3.0074643393618103
1.4625788461538463,65.0,0.2591781291876821,3.0124287884133096
1.4629592307692307,65.0,0.2591654090862968,3.0173537483304287
1.4633396153846154,65.0,0.2591531665387673,3.0219955471454094
1.46372,65.0,0.2591414657926804,3.0265303650116016
1.4641003846153846,65.0,0.2591302485180956,3.0309124648785515
1.4644807692307693,65.0,0.25911966860557994,3.0350146512945755
1.4648611538461538,65.0,0.2591095639415394,3.039009325709707
1.4652415384615385,65.0,0.25910002243240643,3.042796338489078
1.4656219230769232,65.0,0.2590911926150213,3.0463036564014536
1.4660023076923077,65.0,0.25908283855600334,3.0496800056663145
1.4663826923076924,65.0,0.25907514714583235,3.0528233125342195
1.4667630769230768,65.0,0.25906812863576667,3.055678900586032
1.4671434615384615,65.0,0.25906165632629247,3.0583827074712993
1.4675238461538462,65.0,0.25905590777788234,3.0608155111294
1.4679042307692307,65.0,0.25905078679828486,3.0629979430831002
1.4682846153846154,65.0,0.2590463121837463,3.0649427213849347
1.468665,65.0,0.2590425406984059,3.0666662765070747
1.4690453846153846,65.0,0.259039391041313,3.0680881656696086
1.4694257692307693,65.0,0.2590369927163742,3.069279050057821
1.4698061538461538,65.0,0.25903521580260697,3.0702340669724477
1.4701865384615385,65.0,0.25903410495294393,3.07087669268482
1.4705669230769232,65.0,0.2590337886510207,3.071301423539889
1.4709473076923076,65.0,0.2590340220749324,3.0714428051422735
1.4713276923076923,65.0,0.2590349828025322,3.0713189631746176
1.471708076923077,65.0,0.25903669869138907,3.0709419937457345
1.4720884615384615,65.0,0.2590389869715102,3.0702984461078526
1.4724688461538462,65.0,0.2590420036834632,3.0693735362310886
1.4728492307692307,65.0,0.2590456728475613,3.0682276536933832
1.4732296153846154,65.0,0.25905000972552317,3.0668030850057635
1.47361,65.0,0.2590550361680378,3.065078468931399
1.4739903846153846,65.0,0.25906061958279425,3.063219446320643
1.4743707692307693,65.0,0.25906693939218706,3.0609844707066585
1.4747511538461537,65.0,0.2590738616152653,3.0585610179403058
1.4751315384615384,65.0,0.2590813261421752,3.0559477549946643
1.4755119230769231,65.0,0.2590895290144611,3.053010636070682
1.4758923076923076,65.0,0.2590982223233879,3.0498853625612408
1.4762726923076923,65.0,0.2591074976831433,3.0465873125676737
1.476653076923077,65.0,0.25911742306663516,3.043002708665595
1.4770334615384615,65.0,0.2591277967256901,3.0392116338135957
1.4774138461538462,65.0,0.2591387538410678,3.0353223067450905
1.4777942307692307,65.0,0.2591502261050282,3.0310985255833556
1.4781746153846154,65.0,0.25916217522682333,3.026780468858575
1.478555,65.0,0.2591746240396809,3.022285680041621
1.4789353846153845,65.0,0.2591874804984952,3.017563268365297
1.4793157692307692,65.0,0.25920085762538936,3.0127394338404816
1.479696153846154,65.0,0.2592146132534329,3.0077466272263003
1.4800765384615384,65.0,0.2592286943022327,3.00257809569165
1.4804569230769231,65.0,0.25924327620536974,2.997335292598975
1.4808373076923076,65.0,0.2592581443693479,2.9919126768228472
1.4812176923076923,65.0,0.25927331452087193,2.9863923707479176
1.481598076923077,65.0,0.2592888570687628,2.980786832326502
1.4819784615384615,65.0,0.259304626295325,2.975039126311083
1.4823588461538462,65.0,0.259320691504219,2.969225024857402
1.4827392307692309,65.0,0.2593369658530728,2.9633317161538475
1.4831196153846153,65.0,0.2593534459571435,2.957371790589346
1.4835,65.0,0.2593701525525265,2.9512877321739865
1.4838803846153845,65.0,0.259386942298681,2.9452394325936955
1.4842607692307692,65.0,0.2594039264152736,2.9390994219615147
1.484641153846154,65.0,0.2594210240805108,2.932858489948691
1.4850215384615384,65.0,0.25943812303436786,2.926714802729505
1.485401923076923,65.0,0.2594553755524786,2.9204663369065487
1.4857823076923078,65.0,0.2594726174263334,2.914160651017913
1.4861626923076923,65.0,0.2594898150423456,2.9079776158183646
1.486543076923077,65.0,0.25950707740573725,2.9017101805728864
1.4869234615384614,65.0,0.25952425211835867,2.8954015052431514
1.4873038461538461,65.0,0.2595413434288473,2.889286026249863
1.4876842307692308,65.0,0.25955833536624273,2.883011311988875
1.4880646153846153,65.0,0.2595752282576363,2.876864793410167
1.488445,65.0,0.25959198796642685,2.8707897298354874
1.4888253846153847,65.0,0.2596085005786885,2.864665486427303
1.4892057692307692,65.0,0.2596248777723552,2.8587060926878496
1.489586153846154,65.0,0.2596410436352471,2.852754723044395
1.4899665384615384,65.0,0.2596568956839445,2.8468810898015304
1.490346923076923,65.0,0.2596725322411523,2.841129290862718
1.4907273076923078,65.0,0.2596878673822345,2.8354382458469063
1.4911076923076922,65.0,0.2597028591022294,2.829839904721405
1.491488076923077,65.0,0.2597175353824132,2.824387699310652
1.4918684615384616,65.0,0.2597318418188738,2.8190351511952496
1.4922488461538461,65.0,0.25974577874946997,2.8137703441335007
1.4926292307692308,65.0,0.2597592873017406,2.808706932084871
1.4930096153846153,65.0,0.2597723916429882,2.8037501318346365
1.49339,65.0,0.25978506746558366,2.7989115403132856
1.4937703846153847,65.0,0.2597972270840637,2.794275799407186
1.4941507692307692,65.0,0.2598089694484415,2.789826408884524
1.4945311538461539,65.0,0.2598202131589973,2.7854396813811517
1.4949115384615386,65.0,0.25983088118784947,2.781338360007088
1.495291923076923,65.0,0.25984107051865146,2.7774299458960376
1.4956723076923077,65.0,0.2598507389077669,2.7735754560132913
1.4960526923076922,65.0,0.25985980833075867,2.7700859752257596
1.496433076923077,65.0,0.2598683011925214,2.7667334506341565
1.4968134615384616,65.0,0.25987625137625747,2.763529490016024
1.497193846153846,65.0,0.25988360313750203,2.760649397745603
1.4975742307692308,65.0,0.25989030905674754,2.7579490179788104
1.4979546153846155,65.0,0.2598964393691414,2.7554025090952523
1.498335,65.0,0.25990195899750207,2.753230697872581
1.4987153846153847,65.0,0.25990680304151415,2.7511597901787086
1.4990957692307691,65.0,0.2599110492015001,2.7493780745162675
1.4994761538461538,65.0,0.25991465186865126,2.7478924797505586
1.4998565384615385,65.0,0.25991759723638913,2.7465151228195936
1.500236923076923,65.0,0.2599199008566252,2.745527753595544
1.5006173076923077,65.0,0.2599215439759626,2.744699498634317
1.5009976923076924,65.0,0.25992255426463984,2.744125642013261
1.501378076923077,65.0,0.25992287561305194,2.7438261885613593
1.5017584615384616,65.0,0.2599225736219355,2.7437901734486334
1.502138846153846,65.0,0.25992163253998823,2.743922132942871
1.5025192307692308,65.0,0.25991996544086676,2.744377768741793
1.5028996153846155,65.0,0.2599177193261241,2.74509130876008
1.50328,65.0,0.25991484366161344,2.7459317220490993
1.5036603846153846,65.0,0.25991125022625333,2.7471525279263456
1.5040407692307691,65.0,0.25990707507679944,2.7485325434711187
1.5044211538461538,65.0,0.25990227955107276,2.7501681277640393
1.5048015384615385,65.0,0.2598968486305206,2.7519942841409977
1.505181923076923,65.0,0.2598907972891432,2.754161075106251
1.5055623076923077,65.0,0.2598841460401342,2.756412507874107
1.5059426923076924,65.0,0.2598769518281152,2.7589337266880976
1.5063230769230769,65.0,0.2598691002128762,2.761763633894835
1.5067034615384616,65.0,0.25986071816858414,2.764611966304934
1.507083846153846,65.0,0.25985182850030475,2.767827464586969
1.5074642307692308,65.0,0.259842306757563,2.7711850721686115
1.5078446153846154,65.0,0.25983232314903926,2.7746833578936005
1.508225,65.0,0.25982182330606884,2.778455993816765
1.5086053846153846,65.0,0.25981078350531317,2.782345763921281
1.5089857692307693,65.0,0.259799328715158,2.7864034680114997
1.5093661538461538,65.0,0.2597873716621023,2.790693366869578
1.5097465384615385,65.0,0.2597749815519565,2.795058942114957
1.510126923076923,65.0,0.2597621728033864,2.7996048956277644
1.5105073076923077,65.0,0.2597489348087831,2.8043646031943594
1.5108876923076924,65.0,0.25973538733545165,2.8091293586650234
1.5112680769230769,65.0,0.2597213832706751,2.814133312526026
1.5116484615384616,65.0,0.259707056861284,2.819243535229143
1.5120288461538463,65.0,0.25969250524272497,2.8244200948157374
1.5124092307692307,65.0,0.25967752568951114,2.829735911344954
1.5127896153846154,65.0,0.25966232719494514,2.835202914072586
1.51317,65.0,0.2596469159777356,2.8406841735981216
1.5135503846153846,65.0,0.2596312010319366,2.8462606774620696
1.5139307692307693,65.0,0.259615333597565,2.8520282487490554
1.5143111538461538,65.0,0.25959925670876166,2.8577110202503335
1.5146915384615385,65.0,0.25958304517275627,2.863548044728438
1.5150719230769232,65.0,0.25956670539373855,2.869460252349149
1.5154523076923077,65.0,0.2595501933308752,2.875362084213953
1.5158326923076924,65.0,0.25953369483321015,2.8813185508681762
1.5162130769230768,65.0,0.2595170740853794,2.8873626995016366
1.5165934615384615,65.0,0.2595004031228856,2.893372587488217
1.5169738461538462,65.0,0.2594838179759248,2.8993950773661106
1.5173542307692307,65.0,0.2594671271201989,2.905513212020537
1.5177346153846154,65.0,0.2594505430872789,2.911501183314412
1.518115,65.0,0.2594340578161592,2.9176072591282347
1.5184953846153846,65.0,0.2594175766348106,2.923611587232417
1.5188757692307693,65.0,0.2594012814672894,2.9296202482155174
1.5192561538461538,65.0,0.25938508275931715,2.9356209436178697
1.5196365384615385,65.0,0.25936907897650885,2.9415292497109298
1.5200169230769232,65.0,0.2593532718958927,2.947416484418646
1.5203973076923076,65.0,0.25933758962270204,2.9532458930577445
1.5207776923076923,65.0,0.2593222723137861,2.959017006630729
1.521158076923077,65.0,0.25930714591500204,2.9646207585150948
1.5215384615384615,65.0,0.2592922378251657,2.9703049752400665
1.5219188461538462,65.0,0.2592777802814647,2.9757368159985944
1.5222992307692307,65.0,0.25926353989806467,2.9811089471120353
1.5226796153846154,65.0,0.2592496529713165,2.986442134545776
1.52306,65.0,0.2592361939048442,2.9915491681294837
1.5234403846153846,65.0,0.25922305112881505,2.996554186239692
1.5238207692307693,65.0,0.25921037969890987,3.001473613986868
1.524201153846154,65.0,0.2591980941677103,3.0061895078161753
1.5245815384615384,65.0,0.2591862588248005,3.0107272597941117
1.5249619230769231,65.0,0.259174924878923,3.0151907047443247
1.5253423076923076,65.0,0.25916399604590196,3.0193982611541177
1.5257226923076923,65.0,0.25915365234786375,3.023450819128815
1.526103076923077,65.0,0.2591437815804509,3.0273374009235114
1.5264834615384615,65.0,0.2591343729960117,3.031011561805924
1.5268638461538462,65.0,0.25912563552264856,3.0344831699979107
1.5272442307692309,65.0,0.25911736104682764,3.0377582303691306
1.5276246153846154,65.0,0.2591096418010703,3.040829774480156
1.528005,65.0,0.2591025705197799,3.0436582827438534
1.5283853846153845,65.0,0.2590960159857437,3.0463073196750527
1.5287657692307692,65.0,0.2590901072281314,3.0486767421244756
1.529146153846154,65.0,0.2590847581670501,3.050872180948883
1.5295265384615384,65.0,0.25908004355031544,3.0528165190380423
1.529906923076923,65.0,0.2590759976517046,3.0544813370731254
1.5302873076923076,65.0,0.25907245381408867,3.055992046426758
1.5306676923076923,65.0,0.2590696357484863,3.0572191803082767
1.531048076923077,65.0,0.2590674603479682,3.0581554382030793
1.5314284615384615,65.0,0.25906581965809883,3.0589648802891793
1.5318088461538462,65.0,0.25906492213765375,3.059458931283034
1.5321892307692309,65.0,0.25906461185445184,3.059669546822403
1.5325696153846153,65.0,0.25906491488865696,3.059763187120033
1.53295,65.0,0.25906592299995107,3.059520301690145
1.5333303846153845,65.0,0.25906750114920474,3.0590371309189046
1.5337107692307692,65.0,0.2590697405399434,3.058390074604967
1.534091153846154,65.0,0.25907259210690026,3.057444946422432
1.5344715384615384,65.0,0.259076069445583,3.056281285700026
1.534851923076923,65.0,0.25908019847740743,3.0548991421992864
1.5352323076923078,65.0,0.2590848536011456,3.053303213339475
1.5356126923076923,65.0,0.2590901792435966,3.0514404979336076
1.535993076923077,65.0,0.2590961101330983,3.049411295575744
1.5363734615384614,65.0,0.2591025385338556,3.0471325853098787
1.5367538461538461,65.0,0.2591096171363038,3.0446662211653175
1.5371342307692308,65.0,0.2591172555200065,3.0419811474621268
1.5375146153846153,65.0,0.2591254003762685,3.0390898424646027
1.537895,65.0,0.2591341087429009,3.0360437621324277
1.5382753846153847,65.0,0.2591433312420378,3.0327452971125974
1.5386557692307692,65.0,0.25915309631346417,3.0293154409351115
1.5390361538461539,65.0,0.2591633117251552,3.0256785344962114
1.5394165384615384,65.0,0.2591740048715615,3.0218955730212373
1.539796923076923,65.0,0.25918522185847925,3.0179001469975058
1.5401773076923078,65.0,0.25919680212183677,3.0137830418749294
1.5405576923076922,65.0,0.25920885223119405,3.0095287706600993
1.540938076923077,65.0,0.2592213359303174,3.0050446048002617
1.5413184615384616,65.0,0.2592341326912221,3.0004971818096964
1.5416988461538461,65.0,0.2592473585411446,2.99581992995786
1.5420792307692308,65.0,0.25926093782524307,2.9909135508738585
1.5424596153846153,65.0,0.2592748013707614,2.9860013096769165
1.54284,65.0,0.2592889949227945,2.9809378690459147
1.5432203846153847,65.0,0.2593034818683195,2.975697690238156
1.5436007692307692,65.0,0.25931823029161666,2.970466287694749
1.5439811538461539,65.0,0.2593331888750851,2.965065362309299
1.5443615384615386,65.0,0.2593483907741541,2.9595979222334217
1.544741923076923,65.0,0.2593638168486591,2.9540610550653885
1.5451223076923077,65.0,0.2593793463293468,2.9484411378353825
1.5455026923076922,65.0,0.25939505091433707,2.9427627018316698
1.545883076923077,65.0,0.25941091013436474,2.937037116522688
1.5462634615384616,65.0,0.25942683573574316,2.9312295872110754
1.546643846153846,65.0,0.25944283133194324,2.925436153446262
1.5470242307692308,65.0,0.2594588876306219,2.9195790857142776
1.5474046153846155,65.0,0.2594749913016055,2.9136618155316043
1.547785,65.0,0.25949106101168434,2.907843679342374
1.5481653846153847,65.0,0.25950712175543683,2.9018831464228
1.5485457692307691,65.0,0.25952316402810977,2.8960230984236417
1.5489261538461538,65.0,0.25953908439435514,2.8901349351438577
1.5493065384615385,65.0,0.2595549431508537,2.88427999039617
1.549686923076923,65.0,0.2595707061692354,2.8784493859323668
1.5500673076923077,65.0,0.25958627402414286,2.872636055256085
1.5504476923076924,65.0,0.25960170743376404,2.8669515823454623
1.550828076923077,65.0,0.25961696835224335,2.861206877950902
1.5512084615384616,65.0,0.259631993361446,2.855606228521767
1.551588846153846,65.0,0.25964678123606216,2.850103482163533
1.5519692307692308,65.0,0.25966133544751024,2.844584314729428
1.5523496153846155,65.0,0.25967563091406737,2.8392523927275426
1.55273,65.0,0.2596895619924768,2.8340009221205715
1.5531103846153846,65.0,0.2597032141771549,2.828811397322715
1.5534907692307693,65.0,0.2597165695801544,2.823806559341649
1.5538711538461538,65.0,0.25972948854217853,2.818894894350931
1.5542515384615385,65.0,0.2597420628070217,2.8141052242764992
1.554631923076923,65.0,0.25975425925533874,2.809512174122629
1.5550123076923077,65.0,0.25976601496281304,2.804989341817131
1.5553926923076924,65.0,0.2597773556808063,2.8007045770633905
1.5557730769230769,65.0,0.25978822710144023,2.796545507255772
1.5561534615384616,65.0,0.2597986625416606,2.7925274465556975
1.5565338461538463,65.0,0.25980860411014306,2.7887636069983897
1.5569142307692307,65.0,0.2598180262848641,2.78512348197937
1.5572946153846154,65.0,0.25982701492108823,2.7816731836234165
1.557675,65.0,0.2598354051811219,2.778449538225751
1.5580553846153846,65.0,0.259843278617692,2.77542136740789
1.5584357692307693,65.0,0.259850680194754,2.772537007378048
1.5588161538461538,65.0,0.25985742026643927,2.7699450392431353
1.5591965384615385,65.0,0.2598636575849209,2.7675099148328006
1.559576923076923,65.0,0.25986934771950454,2.7652930406217884
1.5599573076923077,65.0,0.2598743941665578,2.763299213076661
1.5603376923076924,65.0,0.2598788915822661,2.761535764707851
1.5607180769230768,65.0,0.25988278071851534,2.759978010083508
1.5610984615384615,65.0,0.25988610528389683,2.758606036142272
1.5614788461538462,65.0,0.25988880002031683,2.7575636497911407
1.5618592307692307,65.0,0.2598908489147687,2.756600849168713
1.5622396153846154,65.0,0.2598923940950444,2.7559757310048463
1.56262,65.0,0.2598932517839977,2.7555231280929036
1.5630003846153846,65.0,0.259893488507616,2.755290154776928
1.5633807692307693,65.0,0.25989319783137393,2.7553057067209403
1.5637611538461538,65.0,0.2598922082426013,2.7555091060023407
1.5641415384615385,65.0,0.2598906624515461,2.755961155703357
1.5645219230769232,65.0,0.2598885165428598,2.7566092762107393
1.5649023076923076,65.0,0.2598857325049096,2.757499805431463
1.5652826923076923,65.0,0.25988240827982595,2.7585382999088663
1.5656630769230768,65.0,0.25987843338799327,2.7599176735811732
1.5660434615384615,65.0,0.2598739216390517,2.761340399010506
1.5664238461538462,65.0,0.2598688363334953,2.763088541618418
1.5668042307692307,65.0,0.259863111278818,2.7650376418930307
1.5671846153846154,65.0,0.25985694251261426,2.7670785316807875
1.567565,65.0,0.2598501477410179,2.769443896619153
1.5679453846153846,65.0,0.2598427724259938,2.771942889814396
1.5683257692307693,65.0,0.2598350051234719,2.7746108781436183
1.5687061538461538,65.0,0.25982661017685954,2.777495016632437
1.5690865384615384,65.0,0.2598177248193244,2.7805837005916856
1.5694669230769231,65.0,0.2598084015156458,2.7837738030844736
1.5698473076923076,65.0,0.25979855007354147,2.7872038713792957
1.5702276923076923,65.0,0.2597882916140914,2.790788785696697
1.570608076923077,65.0,0.25977752253407776,2.7944991561397305
1.5709884615384615,65.0,0.25976637004476283,2.7984214846459063
1.5713688461538462,65.0,0.25975483307231945,2.802448981828274
1.5717492307692307,65.0,0.2597428022587157,2.8066671521174196
1.5721296153846154,65.0,0.25973050569387035,2.8109799501036385
1.57251,65.0,0.25971781134801303,2.8154824332785027
1.5728903846153846,65.0,0.25970472233184716,2.820063991011209
1.5732707692307693,65.0,0.25969142270898044,2.8248062245613146
1.573651153846154,65.0,0.25967773757374357,2.8296612263103182
1.5740315384615384,65.0,0.25966380010436213,2.834590619579962
1.5744119230769231,65.0,0.2596496431840097,2.8397008889522635
1.5747923076923076,65.0,0.2596351879932014,2.8448330447863257
1.5751726923076923,65.0,0.25962058363664664,2.8500798354029757
1.575553076923077,65.0,0.25960572634094203,2.855453964620052
1.5759334615384615,65.0,0.2595907455164593,2.8608480508694245
1.5763138461538462,65.0,0.2595756499441016,2.8662986175595715
1.5766942307692309,65.0,0.2595603089356256,2.871910697918478
1.5770746153846154,65.0,0.2595449945855426,2.877456366024279
1.577455,65.0,0.2595295895358233,2.883081032593391
1.5778353846153845,65.0,0.25951403256993794,2.888824532480685
1.5782157692307692,65.0,0.25949856073011157,2.89445470459518
1.578596153846154,65.0,0.25948303158543373,2.90020198060555
1.5789765384615384,65.0,0.2594675055701564,2.9059384195968145
1.579356923076923,65.0,0.2594520657294725,2.911659604664271
1.5797373076923078,65.0,0.25943663489891977,2.917348262798575
1.5801176923076923,65.0,0.2594213542073196,2.923107810916966
1.580498076923077,65.0,0.2594061307293714,2.928722744154642
1.5808784615384615,65.0,0.25939104356565673,2.93437512364973
1.5812588461538462,65.0,0.25937617926784523,2.9399963071344515
1.5816392307692309,65.0,0.259361392138866,2.945454552391669
1.5820196153846153,65.0,0.2593468805192622,2.951007919522897
1.5824,65.0,0.25933259364241296,2.9563371219291072
1.5827803846153847,65.0,0.259318472167956,2.9616698461965596
1.5831607692307692,65.0,0.25930470990637594,2.96690032044786
1.583541153846154,65.0,0.2592911976338163,2.972005280455848
1.5839215384615384,65.0,0.25927796858664864,2.97700916118123
1.584301923076923,65.0,0.2592650961971446,2.98191889764998
1.5846823076923078,65.0,0.2592525452356454,2.986689123178251
1.5850626923076923,65.0,0.25924041199931225,2.9912886275137507
1.585443076923077,65.0,0.2592285893048703,2.9958314058155047
1.5858234615384617,65.0,0.25921718087327017,3.0001611536302444
1.5862038461538461,65.0,0.25920627325661355,3.0043315452613957
1.5865842307692308,65.0,0.2591956769369178,3.0083979760633786
1.5869646153846153,65.0,0.2591855905061661,3.01226923325996
1.587345,65.0,0.2591760069499933,3.0159151273979856
1.5877253846153847,65.0,0.2591668145256725,3.019481175690414
1.5881057692307692,65.0,0.2591581737711835,3.022815514847887
1.5884861538461539,65.0,0.25915002512315777,3.0259003330005143
1.5888665384615384,65.0,0.2591423790831416,3.0289347506802837
1.589246923076923,65.0,0.2591352816664226,3.031649497029613
1.5896273076923078,65.0,0.2591286939849279,3.0341892471591567
1.5900076923076922,65.0,0.2591226845816157,3.036607846691337
1.590388076923077,65.0,0.25911720121795406,3.0386980739511484
1.5907684615384616,65.0,0.25911228387371665,3.040657786851065
1.591148846153846,65.0,0.25910798488870723,3.042433037682227
1.5915292307692308,65.0,0.2591041826671766,3.0438774050133195
1.5919096153846153,65.0,0.2591009966469259,3.045252228651409
1.59229,65.0,0.25909843874056127,3.046333555610777
1.5926703846153847,65.0,0.2590964053639349,3.0471721545384645
1.5930507692307692,65.0,0.25909498037677914,3.0478960855256267
1.5934311538461539,65.0,0.25909416289816106,3.0483140036294976
1.5938115384615386,65.0,0.2590939419038781,3.0485376285453993
1.594191923076923,65.0,0.2590942898931527,3.0485802140771017
1.5945723076923077,65.0,0.2590952274293099,3.048385016537501
1.5949526923076922,65.0,0.2590968063699027,3.047955933273336
1.595333076923077,65.0,0.25909891834146687,3.047341433299856
1.5957134615384616,65.0,0.2591016070202102,3.046548945674613
1.596093846153846,65.0,0.2591049380615794,3.045442933258883
1.5964742307692308,65.0,0.2591087853789517,3.0442400896703745
1.5968546153846155,65.0,0.25911320757422623,3.042798328658488
1.597235,65.0,0.2591182194975599,3.0410965338718396
1.5976153846153847,65.0,0.2591237475460414,3.0392733375961924
1.5979957692307691,65.0,0.25912983517480964,3.037239142245836
1.5983761538461538,65.0,0.25913645881031583,3.0349355670477896
1.5987565384615385,65.0,0.2591436099357041,3.032543440914993
1.599136923076923,65.0,0.2591512462962722,3.0299186984321316
1.5995173076923077,65.0,0.25915939702704993,3.0270530018960535
1.5998976923076924,65.0,0.25916807280973236,3.024136019201229
1.6002780769230769,65.0,0.2591771638907291,3.020917777883384
1.6006584615384616,65.0,0.2591867279266718,3.0175747256462033
1.601038846153846,65.0,0.2591967749879957,3.014119115755528
1.6014192307692308,65.0,0.2592072209874797,3.0103884509138035
1.6017996153846155,65.0,0.2592180722209362,3.006578505586995
1.60218,65.0,0.25922933665928116,3.002644148390857
1.6025603846153846,65.0,0.25924100139462875,2.9984408789958708
1.6029407692307693,65.0,0.2592529895327235,2.9942204313583107
1.6033211538461538,65.0,0.2592653136662563,2.98983287630818
1.6037015384615385,65.0,0.25927802912127695,2.9852445963786622
1.604081923076923,65.0,0.2592909870476041,2.9806360825577105
1.6044623076923077,65.0,0.2593042272031481,2.9758639670455995
1.6048426923076924,65.0,0.25931778892339796,2.9709625949987193
1.6052230769230769,65.0,0.25933153322151264,2.9659905879512145
1.6056034615384616,65.0,0.2593455264419886,2.960946570547911
1.6059838461538463,65.0,0.259359736830314,2.9557496518433606
1.6063642307692307,65.0,0.25937409409373435,2.950526499953651
1.6067446153846154,65.0,0.25938862421407,2.94524060647669
1.607125,65.0,0.2594032896142509,2.9398489043812854
1.6075053846153846,65.0,0.2594180873469148,2.934427582586624
1.6078857692307693,65.0,0.25943294390222366,2.9289891042462846
1.6082661538461538,65.0,0.2594478569376795,2.9234657505883264
1.6086465384615385,65.0,0.2594628860734971,2.9179239382215325
1.6090269230769232,65.0,0.2594778694724706,2.912441329256308
1.6094073076923077,65.0,0.2594928479842257,2.906797103630297
1.6097876923076924,65.0,0.25950787676463155,2.9013212003516937
1.6101680769230768,65.0,0.2595227891166819,2.89574994363309
1.6105484615384615,65.0,0.25953765447908,2.890185892315974
1.6109288461538462,65.0,0.25955243666655037,2.884763098365731
1.6113092307692307,65.0,0.2595671017060184,2.879242117250593
1.6116896153846154,65.0,0.25958165401818795,2.873824489195572
1.6120700000000001,65.0,0.2595959848492481,2.86851625962577
1.6124503846153846,65.0,0.25961021009601803,2.863165179299526
1.6128307692307693,65.0,0.2596242228446815,2.8579297388303666
1.6132111538461538,65.0,0.2596379498624245,2.852845639572337
1.6135915384615385,65.0,0.2596515397077548,2.847715692452192
1.6139719230769232,65.0,0.2596647980389405,2.8427642396091968
1.6143523076923076,65.0,0.25967776191964015,2.837945197220301
1.6147326923076923,65.0,0.25969051930162834,2.8331340386560613
1.6151130769230768,65.0,0.2597028625834938,2.8285320573901163
1.6154934615384615,65.0,0.259714903649516,2.8240208179615625
1.6158738461538462,65.0,0.25972660969883576,2.8196424335861483
1.6162542307692307,65.0,0.2597379117382165,2.8153798116260136
1.6166346153846154,65.0,0.2597488674379733,2.811317821445767
1.617015,65.0,0.25975935321786525,2.8073498255728007
1.6173953846153846,65.0,0.2597694900164314,2.8035442901416934
1.6177757692307693,65.0,0.25977918568076663,2.7999481341850947
1.6181561538461537,65.0,0.25978834448105725,2.7964377657364023
1.6185365384615384,65.0,0.25979716347617043,2.7931616190264137
1.6189169230769231,65.0,0.2598054598921776,2.790033463319473
1.6192973076923076,65.0,0.25981322242169747,2.78706360764105
1.6196776923076923,65.0,0.25982057181441465,2.78430767045845
1.620058076923077,65.0,0.2598273540437951,2.781731852841479
1.6204384615384615,65.0,0.2598336519898355,2.7792857198006957
1.6208188461538462,65.0,0.2598394193321836,2.777123781464487
1.6211992307692307,65.0,0.2598446207154974,2.775089022168931
1.6215796153846154,65.0,0.2598493550952812,2.773219091293998
1.62196,65.0,0.2598534546315332,2.771653739763486
1.6223403846153845,65.0,0.2598570593685483,2.7701734788454853
1.6227207692307692,65.0,0.2598601326072714,2.768934501764533
1.623101153846154,65.0,0.2598625271879128,2.7679080981268784
1.6234815384615384,65.0,0.2598644903725116,2.767091668527729
1.6238619230769231,65.0,0.25986584159897536,2.7663818397993825
1.6242423076923076,65.0,0.25986655384618446,2.766019261028243
1.6246226923076923,65.0,0.25986681647394994,2.765760166192373
1.625003076923077,65.0,0.2598664344099833,2.7656745000817495
1.6253834615384615,65.0,0.25986549374839496,2.765928629598084
1.6257638461538462,65.0,0.2598640125535916,2.766213776338692
1.6261442307692309,65.0,0.25986192735145497,2.7668299625052466
1.6265246153846153,65.0,0.2598593591756288,2.7675718542258685
1.626905,65.0,0.2598561423892835,2.768549117993358
1.6272853846153845,65.0,0.25985240953229066,2.7696977413317434
1.6276657692307692,65.0,0.25984820693565736,2.7710692891317215
1.628046153846154,65.0,0.25984333969289564,2.772605488165821
1.6284265384615384,65.0,0.259838031557278,2.7743522150749125
1.628806923076923,65.0,0.2598321973392453,2.776305073874158
1.6291873076923078,65.0,0.2598257902906678,2.778380108653
1.6295676923076923,65.0,0.2598189631355765,2.7807388689535437
1.629948076923077,65.0,0.2598115850990311,2.783197282586303
1.6303284615384614,65.0,0.2598037459435539,2.785861508691697
1.6307088461538461,65.0,0.2597954494842425,2.7887197612625085
1.6310892307692308,65.0,0.2597866557034549,2.79173807896727
1.6314696153846153,65.0,0.25977749582718407,2.7948995320653656
1.63185,65.0,0.2597678251380777,2.798255498017627
1.6322303846153847,65.0,0.2597577649673878,2.8018020782938784
1.6326107692307692,65.0,0.25974738435087824,2.805392258029084
1.632991153846154,65.0,0.2597364834576501,2.8092603240525893
1.6333715384615384,65.0,0.2597253035606096,2.8132148260252596
1.633751923076923,65.0,0.25971380406701094,2.8172704943926736
1.6341323076923078,65.0,0.25970187401054556,2.8215317588308824
1.6345126923076922,65.0,0.2596897049870654,2.825892554958376
1.634893076923077,65.0,0.2596772160772145,2.830328782601663
1.6352734615384616,65.0,0.25966445607117333,2.8349544931824595
1.6356538461538461,65.0,0.25965145126408823,2.8396401739054062
1.6360342307692308,65.0,0.2596381563614352,2.844413403240798
1.6364146153846153,65.0,0.2596247243095636,2.8493380414366447
1.636795,65.0,0.2596110469454204,2.8542625284822094
1.6371753846153847,65.0,0.2595971708606732,2.859347474691854
1.6375557692307692,65.0,0.2595832261739641,2.864445853368937
1.6379361538461539,65.0,0.2595690544131878,2.8696068171352267
1.6383165384615386,65.0,0.2595548073526509,2.8748604909111264
1.638696923076923,65.0,0.25954050806839946,2.880112680882124
1.6390773076923078,65.0,0.2595260702295648,2.8854167372805444
1.6394576923076922,65.0,0.2595116357978984,2.890740039975653
1.639838076923077,65.0,0.2594971621817753,2.896124553776326
1.6402184615384616,65.0,0.2594826893100991,2.9014160772904694
1.640598846153846,65.0,0.2594682306908691,2.9068270164076333
1.6409792307692308,65.0,0.2594537916884207,2.912157989235275
1.6413596153846155,65.0,0.2594394844408324,2.917472115661178
1.64174,65.0,0.25942519213195236,2.9227902115936177
1.6421203846153847,65.0,0.25941099416343366,2.9280625580326705
1.6425007692307692,65.0,0.25939701572967516,2.9332878607910233
1.6428811538461539,65.0,0.2593831038425501,2.938427861956454
1.6432615384615386,65.0,0.2593693655778739,2.943615682129515
1.643641923076923,65.0,0.2593558635547644,2.9485911664870934
1.6440223076923077,65.0,0.25934252924476114,2.9535985459086933
1.6444026923076922,65.0,0.25932944690718884,2.9584995781507515
1.644783076923077,65.0,0.25931660091087294,2.9632722932268765
1.6451634615384616,65.0,0.25930403404201363,2.96799549562855
1.645543846153846,65.0,0.2592917561172972,2.972591623825338
1.6459242307692308,65.0,0.2592797567997663,2.977070543537626
1.6463046153846155,65.0,0.2592681242910327,2.98145996461042
1.646685,65.0,0.2592568081028696,2.9856921222644974
1.6470653846153847,65.0,0.2592458315877628,2.9898075787643776
1.6474457692307691,65.0,0.25923527641402366,2.9938311612221713
1.6478261538461538,65.0,0.25922507879880785,2.997608847276763
1.6482065384615385,65.0,0.25921527111717174,3.001355823117519
1.648586923076923,65.0,0.2592059214275509,3.0049069303924796
1.6489673076923077,65.0,0.2591969941050652,3.008242468233761
1.6493476923076924,65.0,0.2591884863150322,3.0115338534154277
1.6497280769230769,65.0,0.259180442310358,3.014578495171715
1.6501084615384616,65.0,0.2591729158986737,3.0174615869570025
1.650488846153846,65.0,0.2591658275211154,3.020211298004192
1.6508692307692308,65.0,0.2591592052517713,3.0227575018650135
1.6512496153846155,65.0,0.259153154315634,3.025125719324553
1.65163,65.0,0.25914757119528176,3.0273143826455287
1.6520103846153846,65.0,0.2591424929052397,3.0293301047381402
1.6523907692307693,65.0,0.2591379731804899,3.0311582662489664
1.6527711538461538,65.0,0.2591339683722493,3.0327535816132314
1.6531515384615385,65.0,0.2591304961410167,3.034238375828206
1.653531923076923,65.0,0.259127563586808,3.0354606750954796
1.6539123076923077,65.0,0.2591251966978791,3.036500264913819
1.6542926923076924,65.0,0.2591233619923751,3.037387183182169
1.6546730769230769,65.0,0.25912206343897654,3.0380129545716
1.6550534615384616,65.0,0.25912136315898826,3.0384901757319134
1.6554338461538463,65.0,0.25912117367865267,3.038744540276214
1.6558142307692307,65.0,0.25912153556725576,3.0387893876051093
1.6561946153846154,65.0,0.25912249780272834,3.0386863165494002
1.656575,65.0,0.25912396021253953,3.0382998698942454
1.6569553846153846,65.0,0.25912597974719503,3.0377771905255893
1.6573357692307693,65.0,0.25912855343669705,3.0370644936399533
1.6577161538461538,65.0,0.2591316781955379,3.0360770466946234
1.6580965384615385,65.0,0.25913532605537043,3.0349584961546174
1.6584769230769232,65.0,0.2591394606143216,3.0336663175754133
1.6588573076923077,65.0,0.25914419797094257,3.032067345909191
1.6592376923076924,65.0,0.2591494119704521,3.0303947973241487
1.6596180769230768,65.0,0.25915508243282576,3.0284907503651133
1.6599984615384615,65.0,0.25916134062783913,3.0263517631484187
1.6603788461538462,65.0,0.2591680318090491,3.024102077542272
1.6607592307692307,65.0,0.25917518144899426,3.02162417639656
1.6611396153846154,65.0,0.2591828558306298,3.0189858515435146
1.66152,65.0,0.2591909308209946,3.0161503551591387
1.6619003846153846,65.0,0.25919947448428116,3.013184310426335
1.6622807692307693,65.0,0.2592084399672272,3.01001735075576
1.6626611538461538,65.0,0.2592178053958125,3.006694653648338
1.6630415384615385,65.0,0.25922760920693744,3.0032323808870394
1.6634219230769232,65.0,0.2592377367888191,2.999603958663835
1.6638023076923076,65.0,0.25924829267025773,2.9958337611144095
1.6641826923076923,65.0,0.2592591883664882,2.9919271204557836
1.664563076923077,65.0,0.2592703535155924,2.9878771459772877
1.6649434615384615,65.0,0.25928194374544056,2.9837290714059175
1.6653238461538462,65.0,0.2592937799484011,2.9794197262098017
1.6657042307692307,65.0,0.2593058641040423,2.9750145775740044
1.6660846153846154,65.0,0.25931828102690496,2.9705465013263868
1.666465,65.0,0.25933089724229896,2.965890094582311
1.6668453846153846,65.0,0.2593437658775251,2.9612170359923704
1.6672257692307693,65.0,0.25935681161969054,2.956454826599773
1.667606153846154,65.0,0.2593700460280557,2.951579624496414
1.6679865384615384,65.0,0.25938350702917656,2.9466396200988227
1.6683669230769231,65.0,0.2593970010550858,2.9417181831255834
1.6687473076923076,65.0,0.2594106998622929,2.9366385560714194
1.6691276923076923,65.0,0.25942452417764184,2.931552582383243
1.669508076923077,65.0,0.25943831983391014,2.926519291898575
1.6698884615384615,65.0,0.2594522943171711,2.921295427203756
1.6702688461538462,65.0,0.25946625970902515,2.916204661245438
1.6706492307692307,65.0,0.2594802083488732,2.9110253283801013
1.6710296153846154,65.0,0.25949423937977106,2.9058617139865994
1.67141,65.0,0.2595081692137818,2.900712148300092
1.6717903846153845,65.0,0.259522089362591,2.8955696745779456
1.6721707692307692,65.0,0.25953594706223043,2.890460286092771
1.672551153846154,65.0,0.2595496888667142,2.885367380880405
1.6729315384615384,65.0,0.25956339322858724,2.88033371535257
1.6733119230769231,65.0,0.259576870778317,2.875314268254947
1.6736923076923076,65.0,0.25959025583630596,2.870401558646098
1.6740726923076923,65.0,0.2596035269384501,2.8654873753814423
1.674453076923077,65.0,0.2596164835285343,2.8606765971898116
1.6748334615384615,65.0,0.25962933148016454,2.855961216136844
1.6752138461538462,65.0,0.2596419445783498,2.851273195476627
1.6755942307692309,65.0,0.25965425898449485,2.8467053459665603
1.6759746153846153,65.0,0.25966637402789733,2.84225022195632
1.676355,65.0,0.2596781585919771,2.8378726664098477
1.6767353846153845,65.0,0.25968969041482465,2.8335609726283684
1.6771157692307692,65.0,0.2597008885094527,2.829477296003656
1.677496153846154,65.0,0.25971171353527245,2.8253974941102977
1.6778765384615384,65.0,0.2597222934837933,2.821461987112015
1.678256923076923,65.0,0.25973241407501707,2.8177387881484846
1.6786373076923078,65.0,0.2597421795134541,2.814046147077168
1.6790176923076923,65.0,0.25975162905188276,2.8105168404424212
1.679398076923077,65.0,0.2597605430288856,2.807194431501197
1.6797784615384614,65.0,0.2597691392405153,2.803941563299238
1.6801588461538461,65.0,0.25977730436414365,2.800846882937256
1.6805392307692308,65.0,0.25978494704813937,2.797985759248333
1.6809196153846153,65.0,0.259792223574462,2.795168745122863
1.6813,65.0,0.2597989851298993,2.7926034885431856
1.6816803846153847,65.0,0.25980530279483344,2.7901718402682434
1.6820607692307692,65.0,0.25981113454199006,2.787887545128744
1.682441153846154,65.0,0.2598164252575181,2.7858276550667513
1.6828215384615384,65.0,0.2598213223657772,2.7838932761936297
1.683201923076923,65.0,0.2598256300515226,2.782155528585029
1.6835823076923078,65.0,0.2598294170139478,2.780601142096255
1.6839626923076922,65.0,0.25983279133896414,2.7792515721603004
1.684343076923077,65.0,0.2598355385706522,2.7779886442711663
1.6847234615384616,65.0,0.25983779990146944,2.7770719698043633
1.6851038461538461,65.0,0.2598395617937679,2.7762031266131584
1.6854842307692308,65.0,0.25984074629810633,2.775554167432589
1.6858646153846153,65.0,0.2598414477291481,2.7751814844849876
1.686245,65.0,0.25984157209308467,2.7748754154883346
1.6866253846153847,65.0,0.259841199276331,2.774838043207102
1.6870057692307692,65.0,0.2598402949494435,2.774968952517764
1.6873861538461539,65.0,0.25983881950324045,2.775329183904732
1.6877665384615386,65.0,0.2598369011235528,2.7757823321703095
1.688146923076923,65.0,0.2598343901524482,2.776556099057804
1.6885273076923077,65.0,0.2598313524045438,2.777442699800123
1.6889076923076922,65.0,0.2598278972616323,2.7785049611701322
1.689288076923077,65.0,0.259823835820913,2.779822945436111
1.6896684615384616,65.0,0.2598192973743479,2.7812842944989544
1.690048846153846,65.0,0.25981431380354897,2.782917061778985
1.6904292307692308,65.0,0.2598087848794378,2.784768862833621
1.6908096153846155,65.0,0.259802817194023,2.7868077433073024
1.69119,65.0,0.2597963513717688,2.7889408588813125
1.6915703846153847,65.0,0.25978945842185364,2.7913898654471607
1.6919507692307691,65.0,0.2597821235335751,2.7938695326268546
1.6923311538461538,65.0,0.2597742859380369,2.7965861527487843
1.6927115384615385,65.0,0.25976610950574996,2.7995147108014846
1.693091923076923,65.0,0.2597574909289985,2.8024453141977665
1.6934723076923077,65.0,0.25974843168305406,2.8057138261114267
1.6938526923076924,65.0,0.2597390536565067,2.8090291754597074
1.694233076923077,65.0,0.25972926554470543,2.8124566030989584
1.6946134615384616,65.0,0.2597191224233632,2.8161320520359214
1.694993846153846,65.0,0.2597086640848032,2.8198714948411534
1.6953742307692308,65.0,0.25969786082837654,2.823693571500259
1.6957546153846155,65.0,0.25968675818224435,2.827751350031671
1.696135,65.0,0.2596753484821956,2.831842198424293
1.6965153846153846,65.0,0.25966370335866484,2.836023741067253
1.6968957692307693,65.0,0.25965178142420275,2.84038590242866
1.6972761538461538,65.0,0.25963958357549893,2.8447792552283278
1.6976565384615385,65.0,0.2596272436673566,2.8492662711192605
1.698036923076923,65.0,0.2596146603941103,2.8538411559051244
1.6984173076923077,65.0,0.25960186785528055,2.858518475504496
1.6987976923076924,65.0,0.25958897091912936,2.8631898895192247
1.6991780769230769,65.0,0.2595759112729688,2.8679708312911982
1.6995584615384616,65.0,0.2595627106750118,2.8728185439431315
1.699938846153846,65.0,0.25954941732616815,2.8776224283857625
1.7003192307692307,65.0,0.25953605886978753,2.882562364595666
1.7006996153846154,65.0,0.25952263432291406,2.88746503648482
1.70108,65.0,0.25950913591560176,2.8923905601534066
1.7014603846153846,65.0,0.2594956517646901,2.897360905488418
1.7018407692307693,65.0,0.25948216972430443,2.902314188565588
1.7022211538461538,65.0,0.2594686703752853,2.9072211152275926
1.7026015384615385,65.0,0.25945525286964305,2.9122362350721933
1.702981923076923,65.0,0.2594418806744744,2.9170881633738395
1.7033623076923077,65.0,0.2594285714910799,2.9219858556967657
1.7037426923076924,65.0,0.25941538602658815,2.926923228981863
1.7041230769230769,65.0,0.2594023229663381,2.931629253787703
1.7045034615384616,65.0,0.25938938473214584,2.936481943157378
1.7048838461538462,65.0,0.2593765908404504,2.9411966633910973
1.7052642307692307,65.0,0.2593640242837758,2.9458145714528183
1.7056446153846154,65.0,0.25935162397998035,2.950429338267994
1.706025,65.0,0.25933940455003396,2.9549738758817585
1.7064053846153846,65.0,0.25932749295975205,2.9593622236227515
1.7067857692307693,65.0,0.2593157969973512,2.9637338611555184
1.7071661538461538,65.0,0.2593043359418643,2.9680236460611815
1.7075465384615385,65.0,0.25929321644284925,2.9721279209113276
1.7079269230769232,65.0,0.25928237766729484,2.9762272364206526
1.7083073076923077,65.0,0.2592718553617283,2.9801617417485606
1.7086876923076924,65.0,0.2592616580397116,2.983990042032362
1.7090680769230768,65.0,0.25925181863051455,2.9876987617033874
1.7094484615384615,65.0,0.2592423707876853,2.9912945369365342
1.7098288461538462,65.0,0.2592332412006933,2.9947410788745836
1.7102092307692307,65.0,0.2592245528040954,2.9980504095902405
1.7105896153846154,65.0,0.25921626658624086,3.0012537109684296
1.71097,65.0,0.25920834586742786,3.0042515927498985
1.7113503846153846,65.0,0.2592009213341508,3.0071561006730585
1.7117307692307693,65.0,0.25919390106949597,3.00989489770725
1.7121111538461538,65.0,0.25918731343684115,3.0124148515660196
1.7124915384615385,65.0,0.2591812217430742,3.0148853790936
1.7128719230769232,65.0,0.2591755735413922,3.017102107890714
1.7132523076923076,65.0,0.259170416792636,3.01912841315081
1.7136326923076923,65.0,0.2591657158189655,3.021127546963508
1.714013076923077,65.0,0.2591615311375176,3.0227674403892326
1.7143934615384615,65.0,0.2591578693776109,3.024325126839899
1.7147738461538462,65.0,0.2591546155594254,3.0257493332810506
1.7151542307692307,65.0,0.25915195659050283,3.026860257566409
1.7155346153846154,65.0,0.2591498114507594,3.0278788021461596
1.715915,65.0,0.2591480847198407,3.028721791209787
1.7162953846153846,65.0,0.25914696604114484,3.0292934789940293
1.7166757692307693,65.0,0.2591463324218001,3.0297417411272023
1.717056153846154,65.0,0.2591461949230316,3.0299991126745534
1.7174365384615384,65.0,0.259146613878909,3.030019900722227
1.7178169230769231,65.0,0.2591475002512903,3.029884017276647
1.7181973076923076,65.0,0.2591489470775303,3.0295600659853594
1.7185776923076923,65.0,0.25915087619228155,3.029011096668267
1.718958076923077,65.0,0.2591532967189102,3.0283084463610503
1.7193384615384615,65.0,0.2591562900346126,3.027390447722442
1.7197188461538462,65.0,0.25915968676055456,3.0262972258410668
1.7200992307692309,65.0,0.2591636300447132,3.0250040710200117
1.7204796153846154,65.0,0.2591680942967288,3.0235507235502066
1.72086,65.0,0.2591729325551957,3.0218742902393894
1.7212403846153845,65.0,0.2591783397140143,3.020054747710159
1.7216207692307692,65.0,0.25918418156625617,3.0180609128509728
1.722001153846154,65.0,0.25919044058754737,3.0158275763481948
1.7223815384615384,65.0,0.2591971908286894,3.0135257526860664
1.722761923076923,65.0,0.25920433148194144,3.0109893824785696
1.7231423076923078,65.0,0.259211948758056,3.008272218417621
1.7235226923076923,65.0,0.259219918452833,3.0054810844993494
1.723903076923077,65.0,0.25922827601820275,3.0024742602658017
1.7242834615384615,65.0,0.25923711927730714,2.9992915053622133
1.7246638461538462,65.0,0.2592462119431309,2.9960705523699733
1.7250442307692309,65.0,0.25925570543348636,2.9926210065378482
1.7254246153846153,65.0,0.2592656006632242,2.9890463239896583
1.725805,65.0,0.2592757107824291,2.9854180040162035
1.7261853846153845,65.0,0.2592862237991161,2.9815949961169865
1.7265657692307692,65.0,0.25929700309526377,2.97767766759892
1.726946153846154,65.0,0.259308028946653,2.9736898089974018
1.7273265384615384,65.0,0.259319382424884,2.969569264500396
1.727706923076923,65.0,0.2593309057832922,2.96533402313532
1.7280873076923078,65.0,0.25934271726194824,2.961099510606979
1.7284676923076923,65.0,0.25935471663619,2.9566689288473365
1.728848076923077,65.0,0.25936686075565996,2.952264808991505
1.7292284615384614,65.0,0.2593792801748452,2.9477564225236024
1.7296088461538461,65.0,0.25939175300400996,2.9431572262590033
1.7299892307692308,65.0,0.25940437142336986,2.9385903510319387
1.7303696153846153,65.0,0.259417196437509,2.933898307894229
1.73075,65.0,0.2594299987675347,2.9292100558003873
1.7311303846153847,65.0,0.25944292727041385,2.9244889650826575
1.7315107692307692,65.0,0.2594559305766659,2.9197595884565732
1.7318911538461539,65.0,0.25946893231312684,2.914955939890585
1.7322715384615384,65.0,0.25948199312696296,2.9102350244089714
1.732651923076923,65.0,0.25949498521125713,2.9054446791055932
1.7330323076923078,65.0,0.25950802653573535,2.900673486188398
1.7334126923076922,65.0,0.2595210042681185,2.8959397221889174
1.733793076923077,65.0,0.2595338537013414,2.8912103823252746
1.7341734615384616,65.0,0.25954673931753597,2.8865005299444593
1.7345538461538461,65.0,0.25955943594293696,2.881818322574133
1.7349342307692308,65.0,0.2595720084786887,2.8772386995159347
1.7353146153846153,65.0,0.25958452876537497,2.872591036524238
1.735695,65.0,0.25959678759951726,2.868102722724573
1.7360753846153847,65.0,0.259608926968098,2.8636406014410856
1.7364557692307692,65.0,0.2596208837125725,2.859187672717396
1.7368361538461539,65.0,0.25963257582474486,2.854913498273169
1.7372165384615386,65.0,0.2596441003050117,2.8506157017655323
1.737596923076923,65.0,0.25965532082304843,2.8464593362539845
1.7379773076923077,65.0,0.2596663284286378,2.842384515471996
1.7383576923076922,65.0,0.2596770544520987,2.838383316140198
1.738738076923077,65.0,0.2596874080395795,2.834495808390229
1.7391184615384616,65.0,0.2596975694561828,2.8307429336724406
1.739498846153846,65.0,0.259707352259947,2.827032328816281
1.7398792307692308,65.0,0.2597167500872675,2.8235053850195593
1.7402596153846155,65.0,0.25972588470519825,2.8200941019329187
1.74064,65.0,0.259734600375935,2.8167341159126966
1.7410203846153847,65.0,0.25974294065316794,2.8136191430496877
1.7414007692307691,65.0,0.2597509080279973,2.810560866132781
1.7417811538461538,65.0,0.2597584537414047,2.807654223741616
1.7421615384615385,65.0,0.2597656181257958,2.8049198043635557
1.742541923076923,65.0,0.2597723099432143,2.8023236892054144
1.7429223076923077,65.0,0.259778607693193,2.7998558116911525
1.7433026923076924,65.0,0.25978447562574725,2.7975751324139617
1.743683076923077,65.0,0.25978982468691386,2.795457612806193
1.7440634615384616,65.0,0.25979479938672295,2.793462550438586
1.744443846153846,65.0,0.25979926985357393,2.7916885547890358
1.7448242307692308,65.0,0.2598032351253083,2.790036043292509
1.7452046153846155,65.0,0.2598067996523315,2.788606457854243
1.745585,65.0,0.2598098304752366,2.7872797213349356
1.7459653846153846,65.0,0.2598123739302918,2.7862228256142654
1.7463457692307693,65.0,0.2598144476351217,2.7852538704497567
1.7467261538461538,65.0,0.2598160213515759,2.7845226280742437
1.7471065384615385,65.0,0.25981712235659826,2.783968396447192
1.747486923076923,65.0,0.2598176756687582,2.783540851422985
1.7478673076923077,65.0,0.25981777381080995,2.783404553216713
1.7482476923076924,65.0,0.25981740251157825,2.7833180751922586
1.7486280769230769,65.0,0.2598164570162299,2.7835260801300734
1.7490084615384616,65.0,0.25981507990150543,2.7838673969857104
1.7493888461538463,65.0,0.25981321719934597,2.784386228080418
1.7497692307692307,65.0,0.259810821110982,2.785092573006809
1.7501496153846154,65.0,0.2598079756465249,2.7860222440665483
1.75053,65.0,0.2598046532621982,2.7870493657196436
1.7509103846153846,65.0,0.25980085118707136,2.7883064077795328
1.7512907692307693,65.0,0.25979657219087005,2.789777395777925
1.7516711538461538,65.0,0.2597918560900373,2.791290964877861
1.7520515384615385,65.0,0.2597866841517403,2.793132230958212
1.7524319230769232,65.0,0.2597810395625311,2.7950261392564917
1.7528123076923077,65.0,0.2597750049526402,2.7971251690428627
1.7531926923076924,65.0,0.2597685304509501,2.7994026369783174
1.7535730769230768,65.0,0.25976160178317037,2.8017820608678776
1.7539534615384615,65.0,0.25975431850702674,2.8043874278600462
1.7543338461538462,65.0,0.2597466349840918,2.8070650419552443
1.7547142307692307,65.0,0.25973854292587517,2.8099411944362704
1.7550946153846154,65.0,0.25973009047018847,2.812937892307254
1.755475,65.0,0.259721296879307,2.816058661007089
1.7558553846153846,65.0,0.25971216295691335,2.8193225631582313
1.7562357692307693,65.0,0.2597026576952349,2.8227083154327444
1.7566161538461538,65.0,0.2596928767452385,2.8262031078050946
1.7569965384615385,65.0,0.2596828054859551,2.8298301574913998
1.7573769230769232,65.0,0.2596723994073622,2.833525058238612
1.7577573076923076,65.0,0.2596617611112335,2.837381132622758
1.7581376923076923,65.0,0.259650875395001,2.8412844629896687
1.7585180769230768,65.0,0.25963972977376676,2.8452611398070133
1.7588984615384615,65.0,0.25962837361280156,2.8494223789264814
1.7592788461538462,65.0,0.25961681805183523,2.853521460291043
1.7596592307692307,65.0,0.25960508422239836,2.8577795243451094
1.7600396153846154,65.0,0.259593158987192,2.8621205967283916
1.76042,65.0,0.25958110621001845,2.8664225758432886
1.7608003846153846,65.0,0.25956893600945197,2.870869482895099
1.7611807692307693,65.0,0.25955658799303444,2.8753305867951076
1.7615611538461537,65.0,0.259544217672277,2.8798089746778746
1.7619415384615384,65.0,0.2595317661419372,2.8843390393296153
1.7623219230769231,65.0,0.25951918804124413,2.8889202634241773
1.7627023076923076,65.0,0.2595066511358707,2.893445774753223
1.7630826923076923,65.0,0.25949406908734474,2.898082191398319
1.763463076923077,65.0,0.259481472996341,2.9026332517921514
1.7638434615384615,65.0,0.2594689150818728,2.9072392638790707
1.7642238461538462,65.0,0.2594563759590608,2.9118367566711747
1.7646042307692307,65.0,0.25944393920099285,2.9163689596135036
1.7649846153846154,65.0,0.259431524149356,2.9209557508110664
1.765365,65.0,0.2594192148211639,2.925454181322231
1.7657453846153846,65.0,0.25940708553684005,2.929956868543693
1.7661257692307692,65.0,0.2593949921046478,2.9343820033643704
1.766506153846154,65.0,0.259383098167051,2.9388209163970798
1.7668865384615384,65.0,0.2593713994296965,2.943142232805721
1.7672669230769231,65.0,0.25935981400770314,2.947425414481733
1.7676473076923076,65.0,0.25934849958446987,2.95168970496029
1.7680276923076923,65.0,0.2593373703359893,2.9558065484764366
1.768408076923077,65.0,0.2593264736985589,2.959883669068082
1.7687884615384615,65.0,0.2593158511323825,2.963900047712558
1.7691688461538462,65.0,0.2593054650062798,2.9677881560918187
1.7695492307692309,65.0,0.2592954172563127,2.9715687693262467
1.7699296153846154,65.0,0.25928560306764736,2.9753232684164383
1.77031,65.0,0.25927611702707526,2.9788841109989135
1.7706903846153845,65.0,0.25926703354300124,2.982364631735624
1.7710707692307692,65.0,0.2592581729476246,2.985764454093482
1.771451153846154,65.0,0.2592497248886031,2.98897476743744
1.7718315384615384,65.0,0.259241687974894,2.992096730502001
1.772211923076923,65.0,0.25923392814543084,2.99509378131477
1.7725923076923078,65.0,0.2592266366652626,2.997908089580842
1.7729726923076923,65.0,0.25921971711909136,3.0006289956835643
1.773353076923077,65.0,0.25921320023657096,3.003180851233826
1.7737334615384615,65.0,0.2592071420713766,3.005552151371391
1.7741138461538462,65.0,0.2592014335681544,3.0078447081083395
1.7744942307692309,65.0,0.259196253184036,3.0098954727107996
1.7748746153846153,65.0,0.2591914784905729,3.011818778317203
1.775255,65.0,0.2591871052002599,3.0136079575668164
1.7756353846153847,65.0,0.25918329970229254,3.015176517604025
1.7760157692307692,65.0,0.2591798564328685,3.0165773794114514
1.776396153846154,65.0,0.2591769077773698,3.017872544541959
1.7767765384615384,65.0,0.25917449740218973,3.0189098233509246
1.777156923076923,65.0,0.25917245927427596,3.019793409072797
1.7775373076923078,65.0,0.25917096896927744,3.0205506280757715
1.7779176923076923,65.0,0.25916994756923245,3.0210632360020306
1.778298076923077,65.0,0.2591693881470781,3.021405383316959
1.7786784615384617,65.0,0.25916934743539344,3.0216159924439467
1.7790588461538461,65.0,0.2591697188316018,3.021602661689848
1.7794392307692308,65.0,0.2591706620023743,3.021391312304506
1.7798196153846153,65.0,0.259172035020938,3.0210653592119936
1.7802,65.0,0.25917382994839544,3.020515342587698
1.7805803846153847,65.0,0.25917622781186705,3.0197615504279898
1.7809607692307692,65.0,0.25917899143390555,3.0189226307868062
1.7813411538461539,65.0,0.2591822209127317,3.0178041398786246
1.7817215384615384,65.0,0.2591859850319331,3.0165811484138074
1.782101923076923,65.0,0.2591901156735895,3.0151816352494016
1.7824823076923078,65.0,0.259194749382074,3.013568632895166
1.7828626923076922,65.0,0.25919980264253406,3.0118563332790553
1.783243076923077,65.0,0.2592052599579775,3.009942093659979
1.7836234615384616,65.0,0.2592112068666237,3.007858734156021
1.784003846153846,65.0,0.2592174795953802,3.0056655631603615
1.7843842307692308,65.0,0.2592242200233051,3.0033016714156173
1.7847646153846153,65.0,0.25923135334311487,3.0007426217989823
1.785145,65.0,0.2592387818096697,2.998135302831435
1.7855253846153847,65.0,0.25924670332497635,2.9953321398355746
1.7859057692307692,65.0,0.25925490937257845,2.9923591040234063
1.7862861538461539,65.0,0.25926342796597834,2.989357859448712
1.7866665384615386,65.0,0.2592723720120256,2.9861673813999374
1.787046923076923,65.0,0.25928155637792116,2.9828244719255608
1.7874273076923077,65.0,0.2592910657857404,2.979466680918214
1.7878076923076922,65.0,0.2593008725455973,2.975939123721155
1.788188076923077,65.0,0.25931093748317463,2.9722710978942373
1.7885684615384616,65.0,0.2593213021338214,2.9686163785427535
1.788948846153846,65.0,0.25933182971128776,2.964768301770909
1.7893292307692308,65.0,0.2593426512927637,2.960881767225456
1.7897096153846155,65.0,0.2593536972094685,2.956907800260829
1.79009,65.0,0.25936484312062175,2.952876387900348
1.7904703846153847,65.0,0.2593762656320989,2.9487364458105874
1.7908507692307691,65.0,0.2593878042414972,2.9445783183540124
1.7912311538461538,65.0,0.2593994583612246,2.9403567378054736
1.7916115384615385,65.0,0.2594113010006431,2.9360427776339746
1.791991923076923,65.0,0.25942318801296094,2.9317773603571635
1.7923723076923077,65.0,0.25943519402141624,2.9273616466906174
1.7927526923076924,65.0,0.2594472667494614,2.923014781836893
1.7931330769230769,65.0,0.2594593707044709,2.918596447093799
1.7935134615384616,65.0,0.2594715530243803,2.914159170773154
1.793893846153846,65.0,0.2594836827396693,2.90971487395509
1.7942742307692308,65.0,0.25949585138914205,2.90531557609812
1.7946546153846155,65.0,0.25950802592730493,2.900821521399203
1.795035,65.0,0.2595200665948097,2.896397686750561
1.7954153846153846,65.0,0.2595321301284853,2.8920568999268736
1.7957957692307693,65.0,0.25954411374008773,2.887538279009754
1.7961761538461538,65.0,0.2595559414974182,2.8832656903602008
1.7965565384615385,65.0,0.25956770546051094,2.878930636468662
1.796936923076923,65.0,0.2595793320227567,2.8745670485547095
1.7973173076923077,65.0,0.259590810128862,2.8704059248314957
1.7976976923076924,65.0,0.2596021047861728,2.8661793280234207
1.7980780769230769,65.0,0.2596132257043837,2.8620392212585197
1.7984584615384616,65.0,0.2596241780831542,2.857992877487125
1.7988388461538463,65.0,0.2596348644845478,2.8540023714391665
1.7992192307692307,65.0,0.259645348094969,2.850066159705826
1.7995996153846154,65.0,0.2596556070315408,2.846258048049098
1.79998,65.0,0.25966554892617355,2.842501778433214
1.8003603846153846,65.0,0.2596752621403896,2.8388645726288355
1.8007407692307693,65.0,0.2596846814539093,2.8353117081465666
1.8011211538461538,65.0,0.2596937665645104,2.8318797817980403
1.8015015384615385,65.0,0.2597025634528562,2.8285480044974727
1.8018819230769232,65.0,0.25971102012279124,2.8253360861943007
1.8022623076923077,65.0,0.2597191459864147,2.8222629662070084
1.8026426923076924,65.0,0.2597268910287607,2.8192595420792887
1.8030230769230768,65.0,0.2597342915878044,2.816486902648663
1.8034034615384615,65.0,0.2597413425853542,2.813745782691012
1.8037838461538462,65.0,0.2597479441411234,2.8111799096692
1.8041642307692307,65.0,0.25975418560582586,2.808827470514883
1.8045446153846154,65.0,0.25976005146009995,2.8064943029608482
1.8049250000000001,65.0,0.2597654553413582,2.8043891622268915
1.8053053846153846,65.0,0.25977044809537975,2.802472570812055
1.8056857692307693,65.0,0.2597750346845683,2.8006172185360367
1.8060661538461538,65.0,0.2597791801102537,2.7989484549858523
1.8064465384615385,65.0,0.2597828643215767,2.7975606723911115
1.8068269230769232,65.0,0.25978611859813316,2.7961176354364956
1.8072073076923076,65.0,0.25978894288089366,2.795024300320628
1.8075876923076923,65.0,0.25979126597638713,2.794047232538286
1.807968076923077,65.0,0.25979316893008786,2.79316201745599
1.8083484615384615,65.0,0.25979461954324484,2.7925654059514815
1.8087288461538462,65.0,0.2597955643407095,2.79204883287184
1.8091092307692307,65.0,0.2597960908181368,2.791748089024008
1.8094896153846154,65.0,0.25979614110469723,2.7915863187124965
1.80987,65.0,0.2597957197643192,2.7916402110488403
1.8102503846153846,65.0,0.2597948448996053,2.791795345987026
1.8106307692307693,65.0,0.25979350897851533,2.7922017942813424
1.8110111538461537,65.0,0.2597917360354086,2.7927006241218115
1.8113915384615384,65.0,0.25978946559280713,2.7934050918474385
1.8117719230769231,65.0,0.2597867653997733,2.794293219683073
1.8121523076923076,65.0,0.25978366617654186,2.795284127926676
1.8125326923076923,65.0,0.2597800485286882,2.7965000211805067
1.812913076923077,65.0,0.25977602572739333,2.797834551813034
1.8132934615384615,65.0,0.2597716170844138,2.79936573475459
1.8136738461538462,65.0,0.25976672596590966,2.80097246508383
1.8140542307692307,65.0,0.2597614535186942,2.802845772854405
1.8144346153846154,65.0,0.2597557711294557,2.8047885118271996
1.814815,65.0,0.25974969514379526,2.80684244969683
1.8151953846153845,65.0,0.2597432317997318,2.8091832285223917
1.8155757692307692,65.0,0.25973636920423987,2.8115098290706486
1.815956153846154,65.0,0.25972919567340774,2.8140217547073645
1.8163365384615384,65.0,0.25972160881686607,2.816733330893433
1.8167169230769231,65.0,0.25971368916602505,2.8194752931960108
1.8170973076923076,65.0,0.2597054961653231,2.822357682386064
1.8174776923076923,65.0,0.25969689328586804,2.825447104510519
1.817858076923077,65.0,0.2596880401858949,2.8285223847455394
1.8182384615384615,65.0,0.2596789159947349,2.8317876642582713
1.8186188461538462,65.0,0.25966943831246053,2.835164719398517
1.8189992307692309,65.0,0.25965976183745754,2.8385663279331106
1.8193796153846153,65.0,0.25964980689992917,2.842158103184444
1.81976,65.0,0.25963962663260154,2.8457673772580856
1.8201403846153845,65.0,0.259629234992665,2.84948495080626
1.8205207692307692,65.0,0.25961858440889307,2.8533075027945203
1.820901153846154,65.0,0.259607843273699,2.857155200928748
1.8212815384615384,65.0,0.2595968649857506,2.861103108419797
1.821661923076923,65.0,0.259585703459739,2.865115898208968
1.8220423076923078,65.0,0.2595745052330505,2.869174095402413
1.8224226923076923,65.0,0.25956309424180035,2.8732612102978927
1.822803076923077,65.0,0.2595516015907629,2.877452790487898
1.8231834615384614,65.0,0.25954006503340615,2.881631996904351
1.8235638461538461,65.0,0.2595283953462081,2.8858439125321453
1.8239442307692308,65.0,0.2595167252341639,2.890113278967081
1.8243246153846153,65.0,0.2595049911708494,2.8944141240283945
1.824705,65.0,0.2594932483579053,2.898630548672316
1.8250853846153847,65.0,0.25948153453133727,2.9029960835412676
1.8254657692307692,65.0,0.25946977299311397,2.9072808466789346
1.825846153846154,65.0,0.2594581365308215,2.911518675038899
1.8262265384615384,65.0,0.25944650087716387,2.9158769400689137
1.826606923076923,65.0,0.25943490396646873,2.9200911014413844
1.8269873076923078,65.0,0.2594235114837646,2.924336416734208
1.8273676923076922,65.0,0.2594121190974011,2.9285535813663137
1.827748076923077,65.0,0.25940087219935626,2.93272902159036
1.8281284615384616,65.0,0.25938982435310376,2.936829533427006
1.8285088461538461,65.0,0.2593788616410106,2.940936902603174
1.8288892307692308,65.0,0.25936812982212015,2.9449402718669297
1.8292696153846153,65.0,0.25935754621750456,2.948888534424083
1.82965,65.0,0.2593471822483682,2.9528128955815234
1.8300303846153847,65.0,0.2593370900463434,2.9565735467980105
1.8304107692307692,65.0,0.25932712495129745,2.960351052074438
1.8307911538461539,65.0,0.25931751340380743,2.963986127076748
1.8311715384615386,65.0,0.25930815250495687,2.967509897866723
1.831551923076923,65.0,0.2592989845054194,2.9710051190685407
1.8319323076923077,65.0,0.2592902347173777,2.9743442004264575
1.8323126923076922,65.0,0.25928171211699547,2.9775587240479346
1.832693076923077,65.0,0.25927350618149164,2.98072753923849
1.8330734615384616,65.0,0.25926569468612476,2.983725866895255
1.833453846153846,65.0,0.25925815057753604,2.986587320415246
1.8338342307692308,65.0,0.25925100987014404,2.9893750552451346
1.8342146153846155,65.0,0.25924421255244445,2.9919992073535946
1.834595,65.0,0.2592377885800043,2.994465054316993
1.8349753846153847,65.0,0.2592317867158329,2.996831052276084
1.8353557692307692,65.0,0.2592260887262243,2.999049400591985
1.8357361538461539,65.0,0.2592208807242887,3.001077454999761
1.8361165384615385,65.0,0.2592160729064655,3.0030071176059496
1.836496923076923,65.0,0.25921158867932137,3.0047630727500776
1.8368773076923077,65.0,0.25920764167398436,3.006359558585511
1.8372576923076922,65.0,0.2592040647400413,3.007789538322795
1.837638076923077,65.0,0.2592009030831833,3.0091052183547857
1.8380184615384616,65.0,0.25919823108300416,3.0101945908410874
1.838398846153846,65.0,0.2591959418010859,3.0111699744038773
1.8387792307692308,65.0,0.2591941519578737,3.011976779267564
1.8391596153846155,65.0,0.2591927687413143,3.012573036028715
1.83954,65.0,0.2591918230907281,3.0130901756411546
1.8399203846153847,65.0,0.2591914016654221,3.013344124854064
1.8403007692307691,65.0,0.25919133184643917,3.013492411779509
1.8406811538461538,65.0,0.2591917620198531,3.0134992876815825
1.8410615384615385,65.0,0.25919267549960195,3.013233326937135
1.841441923076923,65.0,0.2591939335791628,3.012929952120539
1.8418223076923077,65.0,0.2591957344378725,3.01240204139766
1.8422026923076924,65.0,0.25919794757878795,3.011678196217152
1.8425830769230769,65.0,0.25920054931973785,3.010867732331798
1.8429634615384616,65.0,0.25920364986691413,3.0098664326902527
1.843343846153846,65.0,0.2592071375576862,3.0086635856139847
1.8437242307692308,65.0,0.2592110721528682,3.007382733381693
1.8441046153846155,65.0,0.2592153943301103,3.0059049416742583
1.844485,65.0,0.2592201270117118,3.0042616207737156
1.8448653846153846,65.0,0.25922531717487524,3.0025171799540327
1.8452457692307693,65.0,0.259230812870752,3.0005872454287914
1.8456261538461538,65.0,0.2592367356850382,2.998539232792278
1.8460065384615385,65.0,0.2592430719853603,2.996333385016698
1.846386923076923,65.0,0.25924969155022326,2.9940109429898896
1.8467673076923077,65.0,0.2592567209526541,2.9915474798592308
1.8471476923076924,65.0,0.25926408859027533,2.988953179333391
1.8475280769230769,65.0,0.2592717666499666,2.986237757274128
1.8479084615384616,65.0,0.2592797923863577,2.9834119400703814
1.8482888461538463,65.0,0.25928809046384876,2.98045523873735
1.8486692307692307,65.0,0.2592967229526216,2.97739052613506
1.8490496153846154,65.0,0.2593056102699317,2.9742337746134884
1.84943,65.0,0.25931475611987415,2.970950820755121
1.8498103846153846,65.0,0.2593242092267988,2.9676038935172846
1.8501907692307693,65.0,0.2593338314880392,2.9641033887081782
1.8505711538461538,65.0,0.25934370619689295,2.96061914217178
1.8509515384615385,65.0,0.2593538358912526,2.9569367339244286
1.8513319230769232,65.0,0.259364086832554,2.9532428318267496
1.8517123076923077,65.0,0.2593745444948724,2.9495104170482644
1.8520926923076924,65.0,0.2593851951479499,2.9456067218796793
1.8524730769230768,65.0,0.259395957035825,2.9417437856776307
1.8528534615384615,65.0,0.259406854314157,2.9377960466717266
1.8532338461538462,65.0,0.2594178700531571,2.933772900466874
1.8536142307692307,65.0,0.259429004185163,2.929728604242655
1.8539946153846154,65.0,0.2594401851265421,2.9256906238539053
1.854375,65.0,0.2594514288158362,2.9215173501217304
1.8547553846153846,65.0,0.25946276492872,2.917447058945265
1.8551357692307693,65.0,0.2594740822747878,2.9132625280393376
1.8555161538461538,65.0,0.2594854218947205,2.9091036052250994
1.8558965384615385,65.0,0.2594967748109694,2.9049750397699836
1.8562769230769232,65.0,0.25950808600017783,2.900752062070719
1.8566573076923076,65.0,0.25951936539307874,2.8966628654198017
1.8570376923076923,65.0,0.25953058505680565,2.8924826578320753
1.857418076923077,65.0,0.2595417425520312,2.888374788818525
1.8577984615384615,65.0,0.2595527910768672,2.884292603029974
1.8581788461538462,65.0,0.25956373492920276,2.8802301325288417
1.8585592307692307,65.0,0.2595745931837078,2.8762150521836314
1.8589396153846154,65.0,0.2595852589997956,2.8722341825899367
1.85932,65.0,0.2595957818635935,2.86834439891705
1.8597003846153846,65.0,0.25960617902605393,2.8644546335836667
1.8600807692307693,65.0,0.25961633596739336,2.8606702366299426
1.860461153846154,65.0,0.2596263024361032,2.856953523119111
1.8608415384615384,65.0,0.2596360728223431,2.853304104993972
1.8612219230769231,65.0,0.259645608451866,2.849702589104335
1.8616023076923076,65.0,0.25965487542642224,2.8462800062341875
1.8619826923076923,65.0,0.2596638885971909,2.842846891248935
1.862363076923077,65.0,0.25967267532293775,2.83954870291402
1.8627434615384615,65.0,0.2596811188159207,2.836416955594585
1.8631238461538462,65.0,0.25968927605096115,2.833257658209986
1.8635042307692309,65.0,0.25969716824398165,2.830342491921548
1.8638846153846154,65.0,0.259704684429931,2.827469693420176
1.864265,65.0,0.25971189677510753,2.8247163028308875
1.8646453846153845,65.0,0.2597187778943114,2.8221386211050596
1.8650257692307692,65.0,0.2597252747106032,2.8196258796760203
1.865406153846154,65.0,0.25973144370919643,2.817278523283589
1.8657865384615384,65.0,0.25973721968075614,2.815077988576739
1.8661669230769231,65.0,0.2597426365513915,2.812975596728402
1.8665473076923076,65.0,0.2597476606597741,2.8110287637955595
1.8669276923076923,65.0,0.25975225874821506,2.8092738419865455
1.867308076923077,65.0,0.2597565337872677,2.8075594826461514
1.8676884615384615,65.0,0.25976033741147386,2.8060999056185416
1.8680688461538462,65.0,0.25976372037942175,2.8047260838114205
1.8684492307692309,65.0,0.2597667709027647,2.803525423552081
1.8688296153846153,65.0,0.2597693183141809,2.8024558835338413
1.86921,65.0,0.25977146042321003,2.801580060070765
1.8695903846153845,65.0,0.25977321401818426,2.8008312451069086
1.8699707692307692,65.0,0.25977449898305904,2.800199687963975
1.870351153846154,65.0,0.2597753812359277,2.79983864950973
1.8707315384615384,65.0,0.25977579832699726,2.799490899217303
1.871111923076923,65.0,0.25977582062479926,2.7994035907263513
1.8714923076923078,65.0,0.2597754175709543,2.79943033580974
1.8718726923076923,65.0,0.2597745169314533,2.7996217762850786
1.872253076923077,65.0,0.2597732824064626,2.799949463160875
1.8726334615384614,65.0,0.25977156417674235,2.800467526265681
1.8730138461538461,65.0,0.2597694025548086,2.801114248793517
1.8733942307692308,65.0,0.2597669079387212,2.801889696816152
1.8737746153846153,65.0,0.25976390330757115,2.8029024841005277
1.874155,65.0,0.2597605302032425,2.8039323520199857
1.8745353846153847,65.0,0.2597567714999866,2.805242509258531
1.8749157692307692,65.0,0.2597525622319407,2.8066177922928683
1.875296153846154,65.0,0.2597480173344381,2.8081319298506755
1.8756765384615384,65.0,0.2597430297149899,2.809861205424171
1.876056923076923,65.0,0.25973770256855916,2.811647076307217
1.8764373076923078,65.0,0.2597320286357566,2.8135951780627115
1.8768176923076922,65.0,0.25972589343386016,2.815714866997605
1.877198076923077,65.0,0.2597195273427447,2.817920366764311
1.8775784615384616,65.0,0.25971278146323656,2.8202337088713736
1.8779588461538461,65.0,0.25970562947466636,2.822762636287438
1.8783392307692308,65.0,0.25969827739151596,2.825311150730879
1.8787196153846153,65.0,0.25969054237722516,2.8280096947044355
1.8791,65.0,0.25968251755382254,2.830867077534036
1.8794803846153847,65.0,0.2596742426008428,2.8337641554679545
1.8798607692307692,65.0,0.2596656434193941,2.836791895829592
1.8802411538461539,65.0,0.25965684606433875,2.8399471484792778
1.8806215384615386,65.0,0.25964775060276485,2.843158248544031
1.881001923076923,65.0,0.2596384389762211,2.846464720653113
1.8813823076923077,65.0,0.25962895506937816,2.8498928575279394
1.8817626923076922,65.0,0.25961916994480344,2.8533569994234678
1.882143076923077,65.0,0.259609290619994,2.856915284132268
1.8825234615384616,65.0,0.2595992199714546,2.8605618701580457
1.882903846153846,65.0,0.25958891247636406,2.8642362616893453
1.8832842307692308,65.0,0.2595785823911551,2.86799915935769
1.8836646153846155,65.0,0.25956804669699035,2.871814669117755
1.884045,65.0,0.25955740278573713,2.8756558469079008
1.8844253846153847,65.0,0.25954671078990216,2.8795509140514377
1.8848057692307691,65.0,0.2595358792837324,2.883526445560706
1.8851861538461538,65.0,0.25952505609937676,2.8874200356189474
1.8855665384615385,65.0,0.2595141174331228,2.8914695965392605
1.885946923076923,65.0,0.259503163214449,2.8954666897094006
1.8863273076923077,65.0,0.25949227662893604,2.899442607304129
1.8867076923076924,65.0,0.2594812633757253,2.9035208102579833
1.887088076923077,65.0,0.25947034740463415,2.9075242304259166
1.8874684615384616,65.0,0.2594594965049584,2.9115221538781904
1.887848846153846,65.0,0.2594485956603483,2.9155437347552766
1.8882292307692308,65.0,0.259437864711456,2.9195520130100516
1.8886096153846155,65.0,0.2594271735146699,2.9234467599446377
1.88899,65.0,0.2594165669127225,2.9274337550180256
1.8893703846153846,65.0,0.25940613009897073,2.9313106643440454
1.8897507692307693,65.0,0.2593957658910069,2.9351172511043053
1.8901311538461538,65.0,0.25938560781746894,2.938968391776462
1.8905115384615385,65.0,0.2593755737326484,2.942675563840076
1.890891923076923,65.0,0.2593657141661092,2.946350165669587
1.8912723076923077,65.0,0.2593561146944103,2.949986797096102
1.8916526923076924,65.0,0.25934662520014623,2.9535052721461987
1.8920330769230769,65.0,0.2593374145441222,2.9569614741588515
1.8924134615384616,65.0,0.25932847548549076,2.9603701345041573
1.892793846153846,65.0,0.25931969129248084,2.9636171347218854
1.8931742307692307,65.0,0.25931123931924493,2.9668386308142813
1.8935546153846154,65.0,0.25930305234657136,2.969939227046844
1.893935,65.0,0.25929513049984554,2.972912508884273
1.8943153846153846,65.0,0.25928753574395363,2.9758090702745563
1.8946957692307693,65.0,0.2592802026290405,2.9786060112040507
1.8950761538461538,65.0,0.25927325843775473,2.9812313587162644
1.8954565384615385,65.0,0.2592666018918765,2.9837823483752857
1.895836923076923,65.0,0.25926025744862896,2.986234402291213
1.8962173076923077,65.0,0.25925435483560966,2.988474754580437
1.8965976923076924,65.0,0.25924871976935543,2.9906554121316775
1.8969780769230769,65.0,0.25924347647102214,2.9927180451884294
1.8973584615384615,65.0,0.25923866091674463,2.9945604282707508
1.8977388461538462,65.0,0.2592341440359727,2.996328239479766
1.8981192307692307,65.0,0.25923006520008385,2.9979961989509603
1.8984996153846154,65.0,0.25922638302893153,2.9993823534605153
1.89888,65.0,0.2592230669998397,3.0007714959940426
1.8992603846153846,65.0,0.2592201824425086,3.0019533944298056
1.8996407692307693,65.0,0.25921768298941283,3.0029348934674593
1.9000211538461538,65.0,0.25921562851123964,3.0038846112997386
1.9004015384615385,65.0,0.2592139528479624,3.004578082755111
1.9007819230769232,65.0,0.25921268201120506,3.005164418046862
1.9011623076923077,65.0,0.25921189568011926,3.0056201860689358
1.9015426923076924,65.0,0.25921146257323446,3.00587014845752
1.9019230769230768,65.0,0.25921145386615346,3.006008831026468
1.9023034615384615,65.0,0.25921190348298817,3.005992847897454
1.9026838461538462,65.0,0.25921273964252434,3.00579869579194
1.9030642307692307,65.0,0.25921399499147313,3.005465327911435
1.9034446153846154,65.0,0.25921566480343855,3.0050139398473266
1.903825,65.0,0.25921775755028176,3.0043461340892743
1.9042053846153846,65.0,0.25922024941594873,3.0035762483571364
1.9045857692307693,65.0,0.25922312416837445,3.0026624701066
1.9049661538461538,65.0,0.2592264403978329,3.0015727507132692
1.9053465384615385,65.0,0.2592301221307405,3.000329874301402
1.9057269230769232,65.0,0.2592341721681457,2.9990110110496917
1.9061073076923076,65.0,0.25923865600119284,2.997480428021806
1.9064876923076923,65.0,0.2592434690621893,2.995796688891124
1.906868076923077,65.0,0.2592486478744137,2.9941015361234293
1.9072484615384615,65.0,0.259254220310753,2.992109866764395
1.9076288461538462,65.0,0.2592601162653016,2.9900723869450303
1.9080092307692307,65.0,0.2592663417784003,2.987952239033889
1.9083896153846154,65.0,0.25927291235544425,2.9855823976025766
1.90877,65.0,0.25927982370164043,2.98319346350195
1.9091503846153846,65.0,0.25928700781132413,2.980675318228373
1.9095307692307693,65.0,0.25929448831537794,2.9779751752302075
1.909911153846154,65.0,0.2593023005485706,2.975247579570115
1.9102915384615384,65.0,0.25931035009964143,2.9723858232781515
1.9106719230769231,65.0,0.25931865455712283,2.969367431551686
1.9110523076923076,65.0,0.2593272379529931,2.966372737760099
1.9114326923076923,65.0,0.25933603939544486,2.963156193932472
1.911813076923077,65.0,0.25934506554710196,2.9599326185360817
1.9121934615384615,65.0,0.2593542886609981,2.956617883887454
1.9125738461538462,65.0,0.259363731274435,2.9531985707530524
1.9129542307692309,65.0,0.25937334356649117,2.9497135316413705
1.9133346153846154,65.0,0.2593830871795891,2.946200604133837
1.913715,65.0,0.2593930453007451,2.9425840188114205
1.9140953846153845,65.0,0.25940309067264217,2.938894455618164
1.9144757692307692,65.0,0.25941324842584784,2.9352545988884744
1.914856153846154,65.0,0.2594235707127106,2.9314422967658773
1.9152365384615384,65.0,0.2594339200131089,2.927680900829281
1.915616923076923,65.0,0.25944435645355307,2.9238540542733027
1.9159973076923078,65.0,0.2594548805173454,2.920027939932327
1.9163776923076923,65.0,0.2594654195071729,2.9161190508047907
1.916758076923077,65.0,0.25947599019479395,2.9122709969025196
1.9171384615384615,65.0,0.2594865546682501,2.9084061793804317
1.9175188461538462,65.0,0.25949715049863353,2.9044324616727124
1.9178992307692309,65.0,0.25950770870829026,2.9006521670313905
1.9182796153846153,65.0,0.25951818088967654,2.8967088596675543
1.91866,65.0,0.25952868295770426,2.8928565247053686
1.9190403846153847,65.0,0.25953906525567305,2.8890630026300945
1.9194207692307692,65.0,0.2595493419292655,2.8852015526968993
1.919801153846154,65.0,0.25955958216320435,2.8814606438778774
1.9201815384615384,65.0,0.25956964921563913,2.877728161620753
1.920561923076923,65.0,0.25957961410795527,2.874014342371047
1.9209423076923078,65.0,0.259589428633209,2.8703978209502368
1.9213226923076923,65.0,0.2595990652390124,2.86683151146417
1.921703076923077,65.0,0.25960857156917305,2.863253155587413
1.9220834615384614,65.0,0.2596178298255206,2.8598737030603205
1.9224638461538461,65.0,0.25962692772301843,2.856453409073946
1.9228442307692308,65.0,0.2596358229672416,2.853131400263064
1.9232246153846153,65.0,0.25964440775953596,2.849962258455469
1.923605,65.0,0.2596528550347183,2.846785581796498
1.9239853846153847,65.0,0.2596610033731635,2.8437452574916104
1.9243657692307692,65.0,0.2596688288389406,2.840806602076506
1.9247461538461539,65.0,0.2596764820661859,2.8379635417197306
1.9251265384615384,65.0,0.25968377457468333,2.835181408872332
1.925506923076923,65.0,0.25969077842692895,2.8325724483962658
1.9258873076923078,65.0,0.2596974917605075,2.8300449277496957
1.9262676923076922,65.0,0.2597038546935492,2.827596152556529
1.926648076923077,65.0,0.25970994240036654,2.8253266316144967
1.9270284615384616,65.0,0.25971562050359254,2.8231501433323474
1.9274088461538461,65.0,0.259720995834077,2.8210740341909775
1.9277892307692308,65.0,0.2597260547126812,2.8191543603182394
1.9281696153846153,65.0,0.25973065078342844,2.817383541797126
1.92855,65.0,0.2597349735293446,2.8156525871921216
1.9289303846153847,65.0,0.2597389015838982,2.8141923058378446
1.9293107692307692,65.0,0.2597423966301919,2.8127324671924963
1.9296911538461539,65.0,0.2597455975434072,2.8114985413546334
1.9300715384615386,65.0,0.25974833461548336,2.810387778280631
1.930451923076923,65.0,0.2597507117091801,2.809361404082826
1.9308323076923077,65.0,0.25975270759326946,2.8085685596139403
1.9312126923076922,65.0,0.2597542581108528,2.807844272876341
1.931593076923077,65.0,0.2597554838023837,2.8072918579225847
1.9319734615384616,65.0,0.25975622422003775,2.8068737239072727
1.932353846153846,65.0,0.2597566019597779,2.8066497707348272
1.9327342307692308,65.0,0.2597566345323555,2.8064616895242387
1.9331146153846155,65.0,0.25975613954570187,2.806536424038979
1.933495,65.0,0.25975533958885144,2.8067133799189854
1.9338753846153847,65.0,0.25975414914300665,2.806972117510988
1.9342557692307691,65.0,0.2597524702693006,2.807491636000828
1.9346361538461538,65.0,0.25975049224506874,2.8080693468528013
1.9350165384615385,65.0,0.25974807720071774,2.8088133382891716
1.935396923076923,65.0,0.2597452764202511,2.8097000449857688
1.9357773076923077,65.0,0.2597421203423229,2.8107567906663693
1.9361576923076924,65.0,0.25973852644897816,2.811883684813969
1.936538076923077,65.0,0.25973464550057895,2.813218388887604
1.9369184615384616,65.0,0.2597303337572181,2.8146563449230912
1.937298846153846,65.0,0.25972565774233114,2.816217802607136
1.9376792307692308,65.0,0.25972070856293267,2.8179427836510227
1.9380596153846155,65.0,0.2597153090500018,2.8197563600948543
1.93844,65.0,0.259709640564638,2.821743769494783
1.9388203846153846,65.0,0.2597036591797793,2.823801591915061
1.9392007692307693,65.0,0.25969728143935394,2.8260252581346452
1.9395811538461538,65.0,0.2596906780344896,2.828335481697547
1.9399615384615385,65.0,0.2596837349933574,2.830778770073043
1.940341923076923,65.0,0.25967651053790314,2.833319474005212
1.9407223076923077,65.0,0.25966902943105513,2.835956030061917
1.9411026923076924,65.0,0.25966122828833815,2.8387462377455113
1.9414830769230769,65.0,0.25965326688799756,2.8415555277302587
1.9418634615384616,65.0,0.25964498878199305,2.8445069392283084
1.9422438461538463,65.0,0.2596364724665786,2.8475778794644118
1.9426242307692307,65.0,0.25962784583645815,2.85063917683413
1.9430046153846154,65.0,0.25961889996850485,2.853857160138654
1.943385,65.0,0.2596098062897708,2.8571590492360417
1.9437653846153846,65.0,0.25960058515632745,2.86044328932073
1.9441457692307693,65.0,0.25959112781625837,2.8638767085112713
1.9445261538461538,65.0,0.259581579105356,2.867360422240481
1.9449065384615385,65.0,0.25957187661840675,2.870825960286944
1.9452869230769232,65.0,0.2595620523331732,2.874437021039355
1.9456673076923077,65.0,0.25955215813833427,2.878021877805143
1.9460476923076924,65.0,0.2595421236567969,2.8816708350459956
1.9464280769230768,65.0,0.25953207608706896,2.885350379852383
1.9468084615384615,65.0,0.2595219400662569,2.889046763595591
1.9471888461538462,65.0,0.2595117357273715,2.8927705865479627
1.9475692307692307,65.0,0.2595015882369947,2.8965170833340896
1.9479496153846154,65.0,0.25949134963898124,2.9002376788451327
1.94833,65.0,0.2594811328820649,2.9040072225951388
1.9487103846153846,65.0,0.2594709820652481,2.9077535998006727
1.9490907692307693,65.0,0.25946081050561637,2.911456350802988
1.9494711538461538,65.0,0.2594507172972959,2.915222364519857
1.9498515384615385,65.0,0.2594406790516412,2.9188930869079512
1.9502319230769232,65.0,0.2594307347580373,2.9225800296927185
1.9506123076923076,65.0,0.2594208889354344,2.9262171299108184
1.9509926923076923,65.0,0.25941110305431997,2.9298375361861653
1.9513730769230768,65.0,0.25940151788389043,2.9334004785910475
1.9517534615384615,65.0,0.25939204114777825,2.936890724395017
1.9521338461538462,65.0,0.2593826703680035,2.9404111165357363
1.9525142307692307,65.0,0.2593735526233215,2.9437740905723673
1.9528946153846154,65.0,0.259364560336931,2.9471235601556245
1.953275,65.0,0.2593557625534006,2.9504321577279167
1.9536553846153846,65.0,0.25934721092872753,2.953612288630761
1.9540357692307693,65.0,0.25933883957660214,2.9567283226670473
1.9544161538461537,65.0,0.2593307221156426,2.9598197391922967
1.9547965384615384,65.0,0.2593228428997132,2.962736231943059
1.9551769230769231,65.0,0.25931522884236374,2.965622494924416
1.9555573076923076,65.0,0.2593078805642493,2.9684141384941825
1.9559376923076923,65.0,0.2593007864256351,2.971059757710895
1.956318076923077,65.0,0.25929402626915904,2.9736645605371326
1.9566984615384615,65.0,0.2592875437133797,2.9761212085359228
1.9570788461538462,65.0,0.2592813420833664,2.9784634192589987
1.9574592307692307,65.0,0.2592755094888187,2.9807552145405665
1.9578396153846154,65.0,0.25926998315168537,2.9828382911011255
1.95822,65.0,0.25926477275742865,2.9848572257404435
1.9586003846153845,65.0,0.25925992038770557,2.9867978406213322
1.9589807692307692,65.0,0.2592554318188326,2.9884737167941275
1.959361153846154,65.0,0.2592512888434221,2.99018253049794
1.9597415384615384,65.0,0.2592474775172033,2.9916680497918633
1.9601219230769231,65.0,0.25924408430621915,2.993020527887936
1.9605023076923076,65.0,0.25924104610539017,2.994292880369514
1.9608826923076923,65.0,0.2592383517161491,2.995376727293642
1.961263076923077,65.0,0.2592360864339246,2.9963623393779146
1.9616434615384615,65.0,0.2592341811918593,2.9971619352379015
1.9620238461538462,65.0,0.2592326460838497,2.9978815410414406
1.9624042307692309,65.0,0.25923153010257793,2.9984193476729013
1.9627846153846153,65.0,0.259230789286958,2.9988003257836864
1.963165,65.0,0.25923042959909204,2.999100590583848
1.9635453846153845,65.0,0.25923046541638134,2.9991989080462766
1.9639257692307692,65.0,0.2592309055874384,2.9991665113612465
1.964306153846154,65.0,0.25923172324623395,2.9990210433100835
1.9646865384615384,65.0,0.25923290352388906,2.9987002090227324
1.965066923076923,65.0,0.25923452324779545,2.9982340241330654
1.9654473076923078,65.0,0.25923649393885717,2.997674408194376
1.9658276923076923,65.0,0.25923881900626566,2.9968910450256896
1.966208076923077,65.0,0.25924157232187267,2.996059136881261
1.9665884615384615,65.0,0.25924466671671387,2.995028311319553
1.9669688461538462,65.0,0.2592481302896043,2.9938479797909348
1.9673492307692309,65.0,0.25925194723921136,2.9926264205530173
1.9677296153846153,65.0,0.25925612934960984,2.991145994757862
1.96811,65.0,0.2592606797884559,2.9896088945025907
1.9684903846153847,65.0,0.25926551106868356,2.9879656334165565
1.9688707692307692,65.0,0.2592707280812416,2.986113847948958
1.969251153846154,65.0,0.25927627451458307,2.9841939327643248
1.9696315384615384,65.0,0.2592820706769229,2.9821786875478664
1.970011923076923,65.0,0.2592882547961295,2.979973594379797
1.9703923076923078,65.0,0.25929470056415116,2.977700715526361
1.9707726923076923,65.0,0.25930140309482985,2.97534022165452
1.971153076923077,65.0,0.25930844870917585,2.9728104287175494
1.9715334615384617,65.0,0.2593157077340242,2.9702319563482837
1.9719138461538461,65.0,0.2593232423520707,2.967527317313615
1.9722942307692308,65.0,0.25933101890917654,2.964762762684337
1.9726746153846153,65.0,0.25933901929148073,2.961839240145237
1.973055,65.0,0.2593472703011252,2.958929386400532
1.9734353846153847,65.0,0.25935566185575837,2.9558525938728737
1.9738157692307692,65.0,0.25936430593870063,2.9527421234956255
1.9741961538461539,65.0,0.2593731397455746,2.949574785586907
1.9745765384615386,65.0,0.25938205709063583,2.946287667149486
1.974956923076923,65.0,0.2593912112201058,2.943015732554613
1.9753373076923078,65.0,0.2594004843583065,2.939618377462716
1.9757176923076922,65.0,0.25940984347877216,2.9362195198761403
1.976098076923077,65.0,0.25941936732613047,2.9327493017340633
1.9764784615384616,65.0,0.2594289388220084,2.929279789626775
1.976858846153846,65.0,0.25943863275621304,2.925694042138083
1.9772392307692308,65.0,0.2594483732004528,2.9221926631174666
1.9776196153846153,65.0,0.2594581403131381,2.9185977219173003
1.978,65.0,0.2594680242178256,2.91495210197081
1.9783803846153847,65.0,0.2594778342982929,2.911425995046328
1.9787607692307692,65.0,0.25948769911231495,2.9077529077322346
1.9791411538461539,65.0,0.2594976023137407,2.904145457596178
1.9795215384615386,65.0,0.2595073704160708,2.900560570678872
1.979901923076923,65.0,0.2595172031171881,2.896957493516038
1.9802823076923077,65.0,0.25952696544760423,2.8933396301057335
1.9806626923076922,65.0,0.25953659634889636,2.8898322536288514
1.981043076923077,65.0,0.2595462354948365,2.886272070156174
1.9814234615384616,65.0,0.25955572126100046,2.882748925906052
1.981803846153846,65.0,0.25956512276475546,2.8793378135849794
1.9821842307692308,65.0,0.2595744005866994,2.875858663228685
1.9825646153846155,65.0,0.2595834998430743,2.872522049491011
1.982945,65.0,0.25959254399099807,2.869177761408775
1.9833253846153847,65.0,0.25960132767207417,2.8659177531788633
1.9837057692307691,65.0,0.25960995557536237,2.862709345813588
1.9840861538461538,65.0,0.2596184681848908,2.859571891702937
1.9844665384615385,65.0,0.2596266687070816,2.856499838306111
1.984846923076923,65.0,0.25963472681023836,2.853496455487449
1.9852273076923077,65.0,0.25964255652209084,2.8506121195811533
1.9856076923076924,65.0,0.2596500999530349,2.8477295769696416
1.9859880769230769,65.0,0.25965746101259096,2.8450248157082245
1.9863684615384616,65.0,0.2596645011864184,2.8423685074300247
1.986748846153846,65.0,0.2596713103862668,2.8397729435348924
1.9871292307692308,65.0,0.2596778441526783,2.8373488141505745
1.9875096153846155,65.0,0.2596840258313027,2.8349913505829094
1.98789,65.0,0.2596900126340231,2.8326996957433925
1.9882703846153846,65.0,0.2596956048333572,2.830582416942879
1.9886507692307693,65.0,0.2597008834461215,2.8285756576803798
1.9890311538461538,65.0,0.25970593916916473,2.8265786414433474
1.9894115384615385,65.0,0.25971053430078694,2.824855871179594
1.989791923076923,65.0,0.25971485463106214,2.8231397727000096
1.9901723076923077,65.0,0.25971886705889724,2.821567292805229
1.9905526923076924,65.0,0.25972245355786655,2.820153584379144
1.9909330769230769,65.0,0.2597257514897873,2.818851547996414
1.9913134615384616,65.0,0.2597286474325532,2.8176349860995686
1.9916938461538463,65.0,0.25973120310340636,2.8166216732892093
1.9920742307692307,65.0,0.2597334153869227,2.815700031134259
1.9924546153846154,65.0,0.2597351790210882,2.814873246644119
1.992835,65.0,0.25973667144475143,2.8142968660098138
1.9932153846153846,65.0,0.25973774058267274,2.8137049963054706
1.9935957692307693,65.0,0.259738395726759,2.813373030043059
1.9939761538461538,65.0,0.25973877655000766,2.8131269223990825
1.9943565384615385,65.0,0.25973868946715395,2.812993995037201
1.9947369230769232,65.0,0.2597382617695606,2.813050488741397
1.9951173076923077,65.0,0.2597374875832341,2.8132203127615565
1.9954976923076924,65.0,0.25973628411744015,2.8135080994053063
1.9958780769230768,65.0,0.25973476428236136,2.813947384448771
1.9962584615384615,65.0,0.2597328384570736,2.814572427633323
1.9966388461538462,65.0,0.25973057174375735,2.8152109464490596
1.9970192307692307,65.0,0.2597279536592856,2.8161112828311112
1.9973996153846154,65.0,0.2597249146250353,2.817084684774841
1.9977800000000001,65.0,0.2597216193714511,2.8181672748963806
1.9981603846153846,65.0,0.2597179309336857,2.8194235403019867
1.9985407692307693,65.0,0.2597138505881211,2.820800904884779
1.9989211538461538,65.0,0.25970954183475964,2.822275085013217
1.9993015384615385,65.0,0.25970483226161095,2.8238720570636566
1.9996819230769232,65.0,0.25969980407122206,2.825665282602154
2.000062307692308,65.0,0.2596945055376379,2.827449500713292
