time_s,airspeed_mps,tip_bending_m,tip_twist_deg
0.0,50.0,0.0,0.0
0.0004945,50.0,4.6716397033416785e-7,0.00013535759722236066
0.000989,50.0,2.1613138061225143e-6,0.0009054050482087484
0.0014835,50.0,5.298635130108846e-6,0.0033254971737206583
0.001978,50.0,9.914156581005398e-6,0.008520556177634168
0.0024725000000000003,50.0,1.6169062141120788e-5,0.0174457882381019
0.002967,50.0,2.420881927233595e-5,0.03097762445335129
0.0034615,50.0,3.429003921642581e-5,0.04989091343538108
0.003956,50.0,4.674900563809214e-5,0.07468371882282265
0.0044505000000000005,50.0,6.163669451488659e-5,0.10522785338168195
0.004945000000000001,50.0,7.82347420015877e-5,0.14048623281708847
0.005439500000000001,50.0,9.553176462672664e-5,0.17870671744237981
0.005934,50.0,0.00011345463383004019,0.21809995592673004
0.0064285,50.0,0.0001328246494961462,0.25738963918578567
0.006923,50.0,0.00015425616534175005,0.29580880861741266
0.0074175000000000005,50.0,0.00017816891509995274,0.33265200571699116
0.007912,50.0,0.00020522034466908748,0.3674245889530464
0.0084065,50.0,0.00023608117454966066,0.4004132487062072
0.008901000000000001,50.0,0.0002714648563730975,0.4323018817053735
0.009395500000000001,50.0,0.00031204838436983006,0.4637292042973514
0.009890000000000001,50.0,0.00035813715337343956,0.4951340793914509
0.010384500000000001,50.0,0.00040981443883409617,0.5262085614805665
0.010879000000000002,50.0,0.0004672017011320496,0.5561887661128923
0.011373500000000002,50.0,0.0005305882289205926,0.5842180301836635
0.011868,50.0,0.0006003410420427381,0.6093091114040275
0.0123625,50.0,0.0006766149465319657,0.6302019281647389
0.012857,50.0,0.0007592976143745885,0.645474082437221
0.0133515,50.0,0.0008484311155484271,0.6543310069161672
0.013846,50.0,0.0009447713714829524,0.6569058696368326
0.0143405,50.0,0.0010495389977408728,0.6539313627240153
0.014835000000000001,50.0,0.0011633944824851234,0.6462306180658486
0.015329500000000001,50.0,0.0012860670139838639,0.6346315928377416
0.015824,50.0,0.0014171616590672577,0.6199848394805056
0.0163185,50.0,0.0015566196556097524,0.6030712325629703
0.016813,50.0,0.0017042110164918437,0.5845867300380001
0.0173075,50.0,0.0018594924516913249,0.5647544840261268
0.017802000000000002,50.0,0.002022204833811013,0.5430535681807144
0.0182965,50.0,0.0021921589753139334,0.5187442855717459
0.018791000000000002,50.0,0.0023693224787834028,0.4914476464793289
0.0192855,50.0,0.002554116512533448,0.46110983159035723
0.019780000000000002,50.0,0.002746974880776302,0.42786946895171296
0.0202745,50.0,0.002947957567867866,0.39214282634197
0.020769000000000003,50.0,0.003157035895357413,0.35476265290300774
0.0212635,50.0,0.0033742821701267657,0.3170210682477491
0.021758000000000003,50.0,0.0035999779785126926,0.2805222533933098
0.0222525,50.0,0.0038344449533350418,0.2466153325406878
0.022747000000000003,50.0,0.004077281089396687,0.21603757723261593
0.023241500000000002,50.0,0.004327351103029566,0.18892670704302417
0.023736,50.0,0.0045837471867832885,0.16531151060655416
0.024230500000000002,50.0,0.004846256750330673,0.14534929460799992
0.024725,50.0,0.005114916948618905,0.12864490433562872
0.025219500000000002,50.0,0.00538946416182751,0.1144553174379402
0.025714,50.0,0.005669602089788864,0.10227571156265076
0.026208500000000003,50.0,0.005955331797189702,0.09194678366744503
0.026703,50.0,0.006246524478092089,0.08384227727961516
0.027197500000000003,50.0,0.006542793890117428,0.07862410776638293
0.027692,50.0,0.006843665337562965,0.076957194511939
0.028186500000000003,50.0,0.007148312061101332,0.07935285509271596
0.028681,50.0,0.007455618886526628,0.08621938532171675
0.029175500000000004,50.0,0.007764826486454583,0.09792475103827421
0.029670000000000002,50.0,0.008075600289318582,0.11441528368149806
0.030164500000000004,50.0,0.00838744492815125,0.1349098075872578
0.030659000000000002,50.0,0.008699614640565994,0.1581666844757341
0.031153500000000004,50.0,0.009011380315689155,0.18307608328969435
0.031648,50.0,0.009322391470646587,0.20891594173715908
0.032142500000000004,50.0,0.009633078592873094,0.23502373937166907
0.032637,50.0,0.009944043161013326,0.2608234786399799
0.0331315,50.0,0.01025520125145542,0.28585060059337514
0.033626,50.0,0.010566150217068014,0.3099768306621714
0.034120500000000005,50.0,0.010876707164505093,0.3336286088848369
0.034615,50.0,0.011186646086034636,0.35736286474758905
0.0351095,50.0,0.011495465772972975,0.381283753245768
0.035604000000000004,50.0,0.011802620468346774,0.4049456377257433
0.036098500000000006,50.0,0.012107755094714883,0.427858612118558
0.036593,50.0,0.012410714320232455,0.4494167890650858
0.0370875,50.0,0.012711561910758255,0.4688274142140025
0.037582000000000004,50.0,0.013010733320121735,0.4851336114279142
0.038076500000000006,50.0,0.013308628378870337,0.4974379729063264
0.038571,50.0,0.013605064901906251,0.5052090187502803
0.0390655,50.0,0.01389981101539691,0.5083899295402106
0.039560000000000005,50.0,0.014193104897436115,0.5074918798833015
0.0400545,50.0,0.014485297185499265,0.5031660105225144
0.040549,50.0,0.014776495872683332,0.4957077615396024
0.041043500000000004,50.0,0.015066335255384885,0.48542528743848157
0.041538000000000005,50.0,0.015354147915980432,0.47298391612633034
0.0420325,50.0,0.015639707133630717,0.4589049409790339
0.042527,50.0,0.015923341392020066,0.4432333809073352
0.043021500000000004,50.0,0.016205325685747413,0.4255110211672349
0.043516000000000006,50.0,0.016485896735676714,0.40523651839111835
0.0440105,50.0,0.01676574201413368,0.3822210676544232
0.044505,50.0,0.017045727727585613,0.35659081488939237
0.044999500000000005,50.0,0.017326523823005802,0.3287225401759305
0.04549400000000001,50.0,0.017608757742506143,0.2990534425535397
0.0459885,50.0,0.017892800373222523,0.2682389314580236
0.046483000000000003,50.0,0.01817855512191876,0.23733173699064752
0.046977500000000005,50.0,0.01846585771001001,0.20753758886981163
0.047472,50.0,0.01875493796816783,0.1797364442217481
0.0479665,50.0,0.019046335590418392,0.15427936625397823
0.048461000000000004,50.0,0.019340264132866845,0.1312565623768895
0.048955500000000006,50.0,0.01963652755077637,0.11070653799281949
0.04945,50.0,0.0199351350027,0.09259773436804399
0.0499445,50.0,0.020236497816370252,0.07692182914739676
0.050439000000000005,50.0,0.02054123406653402,0.06343608387835538
0.05093350000000001,50.0,0.020849853719010936,0.05177037688868769
0.051428,50.0,0.021162413592664336,0.042010317729793356
0.0519225,50.0,0.021478795742264564,0.034898280175544236
0.052417000000000005,50.0,0.021799052703523374,0.03126026812242313
0.05291150000000001,50.0,0.022122918679820955,0.031457388975034584
0.053406,50.0,0.022449730844089123,0.03568553598740835
0.053900500000000004,50.0,0.022779008568514576,0.04410796718453103
0.054395000000000006,50.0,0.02311036978405501,0.05675671145727217
0.05488950000000001,50.0,0.023443494305529947,0.07325678843265127
0.055384,50.0,0.02377859419357005,0.09287817522636206
0.055878500000000005,50.0,0.02411622379759494,0.11474618552241767
0.056373000000000006,50.0,0.024456536299371955,0.13802987433298275
0.0568675,50.0,0.024799223911761467,0.16236594991775596
0.057362,50.0,0.025144122248944367,0.18762127847501484
0.057856500000000005,50.0,0.02549137846839603,0.21360613025367792
0.05835100000000001,50.0,0.025841078929005966,0.2401066628723997
0.0588455,50.0,0.026192905345765405,0.26709555687984565
0.059340000000000004,50.0,0.026546181757496005,0.29479686802812544
0.059834500000000006,50.0,0.026900251892509653,0.3233304037880234
0.06032900000000001,50.0,0.02725463962765164,0.35231123459557395
0.0608235,50.0,0.027608977144402008,0.3809424383714029
0.061318000000000004,50.0,0.027962882885981324,0.40820821059889606
0.061812500000000006,50.0,0.028315990670721252,0.43335351448026826
0.06230700000000001,50.0,0.028668278857829767,0.4559571016467905
0.06280150000000001,50.0,0.029019865630948365,0.47554727211488557
0.063296,50.0,0.029370626781958294,0.4916609045817807
0.0637905,50.0,0.029720433160318006,0.5041605575573319
0.06428500000000001,50.0,0.030068860081292125,0.5134984540045219
0.0647795,50.0,0.030414833075776145,0.5201801644735873
0.065274,50.0,0.030757456109434495,0.5244129087072351
0.06576850000000001,50.0,0.031096513425272157,0.5261941551803837
0.066263,50.0,0.03143181706597862,0.5253824152600929
0.06675750000000001,50.0,0.03176287120105649,0.5218056800873533
0.067252,50.0,0.03208923949271913,0.5152810223883928
0.0677465,50.0,0.03241080784720885,0.5056402372371741
0.06824100000000001,50.0,0.03272780185988604,0.49255754000711527
0.0687355,50.0,0.03304057162337571,0.47580195415829524
0.06923,50.0,0.03334934038129024,0.45576130743067883
0.06972450000000001,50.0,0.03365423894671922,0.4333129828025077
0.070219,50.0,0.03395539550917779,0.4093181700336628
0.07071350000000001,50.0,0.03425288523437396,0.3843483731332058
0.07120800000000001,50.0,0.03454657500040748,0.3587998801104765
0.0717025,50.0,0.03483611727316814,0.3330421983315491
0.07219700000000001,50.0,0.035121142331997604,0.3073694271012612
0.0726915,50.0,0.035401344490137626,0.2819636257755468
0.073186,50.0,0.03567666514058071,0.2566159037767656
0.07368050000000001,50.0,0.03594760696251787,0.23109640787944666
0.074175,50.0,0.03621494223490261,0.20557124938964155
0.0746695,50.0,0.0364788901904552,0.180572518767229
0.07516400000000001,50.0,0.03673927925334384,0.15681118009959127
0.0756585,50.0,0.036996372770945266,0.13476931477310014
0.07615300000000001,50.0,0.03725054138481517,0.11496996302349748
0.07664750000000001,50.0,0.03750177599407944,0.09802835751653359
0.077142,50.0,0.03774993279531851,0.08437000208665868
0.07763650000000001,50.0,0.03799476579893376,0.07416855937321011
0.078131,50.0,0.038236053863285574,0.06728345892785974
0.0786255,50.0,0.03847382454684135,0.06321659210629618
0.07912000000000001,50.0,0.03870816915876474,0.06147402685112191
0.0796145,50.0,0.03893921520834823,0.062031751974369644
0.080109,50.0,0.03916729941376534,0.06516554200176038
0.08060350000000001,50.0,0.03939294747954932,0.07100759445549168
0.081098,50.0,0.03961682590071486,0.07957569938683574
0.08159250000000001,50.0,0.03983968250106079,0.09109527979655091
0.08208700000000001,50.0,0.04006204984808838,0.10586882805074527
0.0825815,50.0,0.040283869880567987,0.1239739094406945
0.08307600000000001,50.0,0.040504650899576285,0.14507581656097362
0.0835705,50.0,0.0407241710421956,0.16853139858296476
0.084065,50.0,0.04094268683300108,0.19362040024387978
0.08455950000000001,50.0,0.0411602785551345,0.21971564116533615
0.085054,50.0,0.04137667651216438,0.24644028321438072
0.08554850000000001,50.0,0.0415918993424374,0.27340412674280357
0.08604300000000001,50.0,0.04180627745718878,0.3002039196938115
0.0865375,50.0,0.04202005824147089,0.3267477784194012
0.08703200000000001,50.0,0.04223347295162499,0.35321982013762404
0.08752650000000001,50.0,0.04244668641668266,0.3797194204431664
0.088021,50.0,0.042659584425612324,0.4060758918967129
0.08851550000000001,50.0,0.042872021871106364,0.4318182619336105
0.08901,50.0,0.04308391762198719,0.4562159850163138
0.0895045,50.0,0.04329493517668397,0.47867803493370586
0.08999900000000001,50.0,0.04350457704808215,0.4988200011847697
0.0904935,50.0,0.043712269778913654,0.5162479848510929
0.09098800000000001,50.0,0.043917422777902684,0.5306275827974353
0.09148250000000001,50.0,0.04412002851122879,0.5417575035629347
0.091977,50.0,0.04432066641761391,0.5498862093932436
0.09247150000000001,50.0,0.04451976231829916,0.555549905228487
0.09296600000000001,50.0,0.04471730169902137,0.5589840752592645
0.0934605,50.0,0.044913208632680515,0.5602395237743869
0.09395500000000001,50.0,0.04510769792175784,0.5592723032400654
0.0944495,50.0,0.04530086966625384,0.5559253783543454
0.094944,50.0,0.04549235852546894,0.5500547849776499
0.09543850000000001,50.0,0.045681749253982516,0.5415105303399657
0.095933,50.0,0.04586875392979871,0.5301500119029385
0.09642750000000001,50.0,0.04605304238559601,0.5159351645106949
0.09692200000000001,50.0,0.04623443088742501,0.49929819647353296
0.0974165,50.0,0.04641292409411579,0.48097889944542366
0.09791100000000001,50.0,0.046588352861469194,0.461596333596778
0.0984055,50.0,0.04676049299617766,0.44156824832634073
0.0989,50.0,0.046929436101201524,0.4211457951948697
0.09939450000000001,50.0,0.04709545456180403,0.4005452969929318
0.099889,50.0,0.047258801301101334,0.37993837451323614
0.10038350000000001,50.0,0.04741945401066555,0.3593298173485877
0.10087800000000001,50.0,0.04757677009042289,0.3386733960231158
0.1013725,50.0,0.0477299712327497,0.3178967899592985
0.10186700000000001,50.0,0.047878827923379615,0.29716092585498827
0.10236150000000001,50.0,0.04802327254647372,0.27707579650941233
0.102856,50.0,0.04816295651712822,0.2583118695584691
0.10335050000000001,50.0,0.04829764287368278,0.24129822281268756
0.103845,50.0,0.04842749167537887,0.22638567318018257
0.1043395,50.0,0.04855283991001466,0.213910223741483
0.10483400000000001,50.0,0.04867396797912538,0.2039715634599244
0.1053285,50.0,0.0487910669725305,0.19648277595360034
0.10582300000000001,50.0,0.048904290607198524,0.19118226789285958
0.10631750000000001,50.0,0.04901363044236647,0.18773734927898114
0.106812,50.0,0.049119058422647084,0.18609868272536245
0.10730650000000001,50.0,0.04922082299933778,0.18639574399617198
0.10780100000000001,50.0,0.049318998514822465,0.1889785772528705
0.1082955,50.0,0.04941321517398374,0.19410051861908767
0.10879000000000001,50.0,0.04950305931687267,0.20170902536596572
0.1092845,50.0,0.04958832918712964,0.21189789332591502
0.10977900000000002,50.0,0.04966925765946837,0.2247079421587431
0.11027350000000001,50.0,0.04974639617782634,0.2398941524794099
0.110768,50.0,0.049819998586677926,0.2569159332687339
0.11126250000000001,50.0,0.04988999816902877,0.2751862501259127
0.11175700000000001,50.0,0.04995660351125083,0.29421549031369015
0.1122515,50.0,0.0500201682999005,0.3136936526975447
0.11274600000000001,50.0,0.05008060078880008,0.33361950018259434
0.11324050000000001,50.0,0.050137591622015594,0.35397803619158613
0.113735,50.0,0.0501909628949123,0.37466704295900294
0.11422950000000001,50.0,0.050240539705332786,0.39567921185313715
0.114724,50.0,0.05028626011180178,0.4169752535930862
0.11521850000000002,50.0,0.05032830018006379,0.4383291750861228
0.11571300000000001,50.0,0.05036685812269562,0.4592584275367621
0.1162075,50.0,0.05040196295754498,0.4791328963423874
0.11670200000000001,50.0,0.050433632519761164,0.49745650858040036
0.11719650000000001,50.0,0.05046227456581155,0.5139401462863061
0.117691,50.0,0.050488632940969155,0.5285029066800193
0.11818550000000001,50.0,0.050513237372265554,0.5411665609818714
0.11868000000000001,50.0,0.050536194791572106,0.5519262646711104
0.1191745,50.0,0.05055736471809225,0.5608093308373039
0.11966900000000001,50.0,0.05057660085573267,0.568117441028232
0.1201635,50.0,0.050593993418774005,0.5740194221321502
0.12065800000000002,50.0,0.05060956184699985,0.5782719958881849
0.12115250000000001,50.0,0.050622981267068365,0.5805455749652654
0.121647,50.0,0.05063421751031268,0.5805284224757827
0.12214150000000001,50.0,0.05064369012875029,0.5780760783394002
0.12263600000000001,50.0,0.05065169028368418,0.5732137548895
0.1231305,50.0,0.05065844275650858,0.566061931138228
0.12362500000000001,50.0,0.050664219190523996,0.5568730905144645
0.12411950000000001,50.0,0.050668993707011965,0.5459875026389266
0.12461400000000002,50.0,0.050672553516142575,0.533779232512491
0.1251085,50.0,0.050674929873112694,0.5207516628760249
0.12560300000000002,50.0,0.05067628896548099,0.5071266630639345
0.1260975,50.0,0.05067646679831667,0.49281140758955166
0.126592,50.0,0.05067497575693423,0.47773700962902466
0.12708650000000002,50.0,0.05067137835348512,0.46195476224698867
0.127581,50.0,0.050665599596887274,0.4456153967582008
0.1280755,50.0,0.05065791296718862,0.428837966391682
0.12857000000000002,50.0,0.050648577959392135,0.4118782989489745
0.1290645,50.0,0.050637745082578275,0.39507840513089776
0.129559,50.0,0.050625613619630284,0.3789515154488772
0.13005350000000002,50.0,0.05061253340409372,0.36417532560673455
0.130548,50.0,0.050598800350082046,0.35109298060146277
0.1310425,50.0,0.05058423403347391,0.33971551152395607
0.13153700000000002,50.0,0.05056843310284507,0.3299527288180823
0.13203150000000002,50.0,0.05055117935275614,0.3217797618536533
0.132526,50.0,0.05053218703184831,0.3151934559752833
0.1330205,50.0,0.05051122651163195,0.3101356309288402
0.13351500000000002,50.0,0.050488469710250235,0.30656066283197736
0.1340095,50.0,0.05046395888212103,0.30460453278787814
0.134504,50.0,0.05043733640919816,0.30448459758716917
0.13499850000000002,50.0,0.050408485964312875,0.3064646677106508
0.135493,50.0,0.05037767429777566,0.31078025947954124
0.1359875,50.0,0.05034514115028106,0.31738706163319047
0.13648200000000002,50.0,0.050310888367756934,0.3259755930759654
0.1369765,50.0,0.050274621212399895,0.33628424280633457
0.137471,50.0,0.05023596650268624,0.34808636700959894
0.13796550000000002,50.0,0.05019468479430643,0.361032149274879
0.13846,50.0,0.05015052242150229,0.37473685436098814
0.1389545,50.0,0.050103084070438855,0.38886853199286386
0.13944900000000002,50.0,0.05005201783668299,0.4034553578343797
0.1399435,50.0,0.0499973153502106,0.418652612010437
0.140438,50.0,0.04993926021724308,0.43454098870261243
0.14093250000000002,50.0,0.04987814984693502,0.4510442009262724
0.14142700000000002,50.0,0.049814252850652795,0.4678188361213882
0.1419215,50.0,0.04974779256318149,0.4845718252053107
0.14241600000000001,50.0,0.049678723792865156,0.5010869777012817
0.14291050000000002,50.0,0.0496068323212354,0.5169981070703393
0.143405,50.0,0.04953226774446355,0.5318765943026421
0.1438995,50.0,0.04945532530168906,0.545397754421631
0.14439400000000002,50.0,0.04937576933963046,0.5574997969898035
0.1448885,50.0,0.049293229462599,0.5682425461142939
0.145383,50.0,0.04920767824958779,0.57771036958881
0.14587750000000002,50.0,0.049119201051046946,0.5860721793448618
0.146372,50.0,0.04902797782659501,0.5931934771930861
0.1468665,50.0,0.0489342050802913,0.5989066367482834
0.14736100000000002,50.0,0.04883798836069764,0.6031348721237585
0.1478555,50.0,0.04873960316432186,0.605768998114695
0.14835,50.0,0.04863944123100748,0.6065212388659814
0.14884450000000002,50.0,0.04853764005987233,0.6050477520577204
0.149339,50.0,0.0484340959695347,0.6013525857861739
0.1498335,50.0,0.048328644959729494,0.5956842822399578
0.15032800000000002,50.0,0.04822107118962455,0.5883727968297938
0.1508225,50.0,0.048111238821899764,0.5796301012964813
0.151317,50.0,0.047999300316863495,0.5696536387558386
0.15181150000000002,50.0,0.04788564532306681,0.5586072909100346
0.15230600000000002,50.0,0.04777048787515666,0.5466537651626576
0.1528005,50.0,0.047653771609374576,0.5339795264785339
0.15329500000000001,50.0,0.0475357611378861,0.5205656047616528
0.15378950000000002,50.0,0.047417098044494094,0.5063300524989905
0.154284,50.0,0.04729817788542411,0.4913226160532576
0.1547785,50.0,0.047179111818823935,0.47581443160533415
0.15527300000000002,50.0,0.04706006089016531,0.4602332521265972
0.1557675,50.0,0.04694115300617229,0.44493676533101645
0.156262,50.0,0.04682240954913694,0.43028993526212633
0.15675650000000002,50.0,0.046703848317388594,0.4166171960572674
0.157251,50.0,0.0465853122175233,0.40412565582912285
0.1577455,50.0,0.04646659152413711,0.393087157911371
0.15824000000000002,50.0,0.04634782102852711,0.3835761334776483
0.1587345,50.0,0.04622925513032147,0.3753982204154901
0.159229,50.0,0.04611115662636166,0.36843548559395145
0.15972350000000002,50.0,0.04599391343520136,0.3627732771874122
0.160218,50.0,0.045877607006677874,0.3586390816563438
0.1607125,50.0,0.045761962120524406,0.35613242829964387
0.16120700000000002,50.0,0.045646853958183874,0.355314875998179
0.16170150000000003,50.0,0.04553240051514611,0.3563177264968398
0.162196,50.0,0.04541858344249757,0.35927293550528716
0.16269050000000002,50.0,0.04530500325076367,0.3642458305526597
0.16318500000000002,50.0,0.04519128859446746,0.3711848008236508
0.1636795,50.0,0.04507744289616274,0.37979911512208786
0.16417400000000001,50.0,0.04496350251775303,0.3897146554787235
0.16466850000000002,50.0,0.044849392958663574,0.4006656330465126
0.165163,50.0,0.04473517672030019,0.41253521139985466
0.1656575,50.0,0.04462099255602034,0.4252087994955127
0.16615200000000002,50.0,0.04450697701548131,0.4385473375585369
0.1666465,50.0,0.044393403859319766,0.45250137413980174
0.167141,50.0,0.04428042582154761,0.4670469573704932
0.16763550000000002,50.0,0.04416783178757373,0.4821852472489955
0.16813,50.0,0.04405529192719132,0.4977988754247799
0.1686245,50.0,0.04394241865619006,0.5136116922812495
0.16911900000000002,50.0,0.043828873107548134,0.5291923886963489
0.1696135,50.0,0.043714697495130406,0.5441965040759791
0.170108,50.0,0.043600028244684445,0.5584256166591863
0.17060250000000002,50.0,0.04348461752801538,0.5716818722465518
0.17109700000000003,50.0,0.04336824980549228,0.5837178281447277
0.1715915,50.0,0.043251154794525105,0.594300996539731
0.17208600000000002,50.0,0.04313354828206765,0.6035073819126899
0.17258050000000003,50.0,0.04301535668765179,0.6114334207419604
0.173075,50.0,0.04289640131427367,0.6180324675301511
0.17356950000000002,50.0,0.042776567521198475,0.6232806389615356
0.17406400000000002,50.0,0.042655790198979325,0.6270070553317564
0.1745585,50.0,0.042533874981305064,0.6289493689912972
0.17505300000000001,50.0,0.04241061489135939,0.6290176984446919
0.17554750000000002,50.0,0.04228582443088789,0.6271561290609355
0.176042,50.0,0.04215922551000373,0.6233055602067269
0.1765365,50.0,0.04203081557182521,0.6174321399723706
0.17703100000000002,50.0,0.041900969713787,0.6096788545969806
0.1775255,50.0,0.04177010016967211,0.6003901006947446
0.17802,50.0,0.04163856654375644,0.5898479535887753
0.17851450000000002,50.0,0.041506508050798675,0.5782560124394226
0.179009,50.0,0.04137382152368149,0.5657538097833721
0.1795035,50.0,0.041240619993852576,0.5524667380296776
0.17999800000000002,50.0,0.04110719685582336,0.5385215762346522
0.18049250000000003,50.0,0.04097344333553936,0.5240319128225992
0.180987,50.0,0.040839032280274384,0.5091001365308337
0.18148150000000002,50.0,0.040704015363058337,0.49372723688602965
0.18197600000000003,50.0,0.04056861135864647,0.4780807030168711
0.1824705,50.0,0.04043290305552491,0.4625386710443239
0.18296500000000002,50.0,0.04029700535737136,0.44743732614209647
0.18345950000000003,50.0,0.04016108242156037,0.43308153678780126
0.183954,50.0,0.040025287948464945,0.4196987722640768
0.18444850000000002,50.0,0.03988985255260675,0.40746080118342065
0.18494300000000002,50.0,0.03975509069340451,0.39649074044762617
0.1854375,50.0,0.039621227423734626,0.38688078081968713
0.18593200000000001,50.0,0.03948818067489269,0.37865815926873486
0.18642650000000002,50.0,0.039355619924578596,0.37174046017918233
0.186921,50.0,0.03922332701421199,0.36609699866845424
0.1874155,50.0,0.039091340967673,0.36180899830003954
0.18791000000000002,50.0,0.03895983029423318,0.3591146042607115
0.1884045,50.0,0.03882896170768717,0.3581133305652377
0.188899,50.0,0.03869873767372189,0.35879376115061323
0.18939350000000002,50.0,0.03856930526583011,0.3613598969085634
0.189888,50.0,0.03844122278029093,0.3658299005770411
0.1903825,50.0,0.03831479371390333,0.3721420278860848
0.19087700000000002,50.0,0.038189919344958086,0.3801998313025489
0.19137150000000003,50.0,0.038066656081302656,0.3897216726982311
0.191866,50.0,0.03794510282567854,0.40041355100479636
0.19236050000000002,50.0,0.037825198045326226,0.41205803799590035
0.19285500000000003,50.0,0.03770692486286839,0.42457815758636686
0.1933495,50.0,0.037590268165247416,0.43784470204431136
0.19384400000000002,50.0,0.03747498606360519,0.45169682505215264
0.19433850000000003,50.0,0.037360805379981966,0.4660167910273751
0.194833,50.0,0.03724774949896967,0.48071906094164
0.19532750000000002,50.0,0.037136077922628796,0.4957262433039866
0.19582200000000002,50.0,0.03702605545515856,0.5108051933093045
0.1963165,50.0,0.036917738951869235,0.5256579194628843
0.196811,50.0,0.03681097778346787,0.5399603455066682
0.19730550000000002,50.0,0.03670567829009123,0.5533748731864272
0.1978,50.0,0.03660184709965213,0.5656938164317408
0.1982945,50.0,0.036499367240804735,0.5767535670608445
0.19878900000000002,50.0,0.03639786284803824,0.5863003612274041
0.1992835,50.0,0.03629695258643053,0.5942415339817363
0.199778,50.0,0.03619664878046895,0.6006640306332889
0.20027250000000002,50.0,0.036097092816958685,0.6056475366829661
0.20076700000000003,50.0,0.03599819443342178,0.6092059843306208
0.2012615,50.0,0.035899962906408886,0.6112943764505164
0.20175600000000002,50.0,0.03580254188337502,0.6118364712823082
0.20225050000000003,50.0,0.03570587743684321,0.6107639762890167
0.202745,50.0,0.035610060627849216,0.6080265419259316
0.20323950000000002,50.0,0.03551546391453485,0.6036006302368888
0.20373400000000003,50.0,0.03542214968898397,0.5975261944558723
0.2042285,50.0,0.03532984413400359,0.5897702566561734
0.20472300000000002,50.0,0.035238273289342925,0.5804412489911805
0.20521750000000002,50.0,0.035147249354793596,0.5698978652455587
0.205712,50.0,0.035056755331304354,0.5583587178888298
0.20620650000000001,50.0,0.03496678225484187,0.5459886661438215
0.20670100000000002,50.0,0.034877191129356264,0.5329803117131285
0.2071955,50.0,0.03478793203222433,0.5194844533761721
0.20769,50.0,0.03469922340951813,0.5056592649816178
0.20818450000000002,50.0,0.03461135697519817,0.4916142060867248
0.208679,50.0,0.03452433961057062,0.4773681492976677
0.2091735,50.0,0.034437996090949594,0.4629364028563813
0.20966800000000002,50.0,0.03435226111848437,0.4484772310937115
0.21016250000000003,50.0,0.03426711410395054,0.434287412872873
0.210657,50.0,0.03418245318226595,0.4206208268876265
0.21115150000000002,50.0,0.03409823724799894,0.407721768034962
0.21164600000000003,50.0,0.034014508499214946,0.39579361750363384
0.2121405,50.0,0.033931041210167864,0.3850653364932061
0.21263500000000002,50.0,0.033847578659158495,0.3757605278939876
0.21312950000000003,50.0,0.033764371678451414,0.3679474910762017
0.213624,50.0,0.033681798956393415,0.3617047868038155
0.21411850000000002,50.0,0.033600006692728786,0.3569958583617753
0.21461300000000003,50.0,0.03351913261902135,0.35367897553526817
0.2151075,50.0,0.033439300549587846,0.35178563776043836
0.21560200000000002,50.0,0.03336062750874183,0.3514410558561927
0.21609650000000002,50.0,0.03328327784986494,0.35260869826406344
0.216591,50.0,0.03320713958436564,0.35522689270757385
0.21708550000000001,50.0,0.03313188670939106,0.35934147425504126
0.21758000000000002,50.0,0.033057444751721114,0.36504642031959617
0.2180745,50.0,0.03298392494249539,0.3723247944729293
0.218569,50.0,0.03291138504709008,0.3809824123493785
0.21906350000000002,50.0,0.032839882040263134,0.3907941617976263
0.21955800000000003,50.0,0.0327694988509502,0.40152662579822584
0.2200525,50.0,0.03270026894666559,0.4129411265321692
0.22054700000000002,50.0,0.032632155640530576,0.4248309543636398
0.22104150000000003,50.0,0.03256528475490382,0.43704949818572614
0.221536,50.0,0.03249996927503431,0.4493061323447495
0.22203050000000002,50.0,0.03243619989501787,0.461451933322013
0.22252500000000003,50.0,0.0323736459471052,0.4734690472274434
0.2230195,50.0,0.032312167337240204,0.485284619679692
0.22351400000000002,50.0,0.03225179345972574,0.4968483920895414
0.22400850000000003,50.0,0.0321924386986078,0.5079895381323161
0.224503,50.0,0.032133990497344625,0.5185269430698433
0.22499750000000002,50.0,0.0320764493403046,0.5282413462229255
0.22549200000000003,50.0,0.03201990117012482,0.5370205871370829
0.2259865,50.0,0.031964662662302176,0.5447278422254319
0.22648100000000002,50.0,0.03191108223698575,0.5510815965051642
0.22697550000000002,50.0,0.031859153025541584,0.5559385010733429
0.22747,50.0,0.03180884740403003,0.5592959470336664
0.22796450000000001,50.0,0.03176022780351723,0.5612502001107308
0.22845900000000002,50.0,0.03171317420921376,0.561862526595756
0.22895350000000003,50.0,0.03166764390895069,0.5610530891416983
0.229448,50.0,0.03162374277386053,0.5588948252630956
0.22994250000000002,50.0,0.03158137767336025,0.5554616725339111
0.23043700000000003,50.0,0.031540261905589666,0.550762482291799
0.2309315,50.0,0.031500276213549463,0.5448610686781253
0.23142600000000002,50.0,0.03146162454704927,0.5377427764061881
0.23192050000000003,50.0,0.03142450077600617,0.5293718238835544
0.232415,50.0,0.03138884388222943,0.5197837928442827
0.23290950000000002,50.0,0.03135464704816424,0.5091926712860898
0.23340400000000003,50.0,0.03132208778607738,0.49781286157915566
0.2338985,50.0,0.031291213079227435,0.48582135728378
0.23439300000000002,50.0,0.031261928975693125,0.47340593252730134
0.23488750000000003,50.0,0.031234057455480375,0.4607884591792757
0.235382,50.0,0.031207274984186094,0.4482572114743717
0.23587650000000002,50.0,0.03118141489009146,0.4359905719794815
0.23637100000000003,50.0,0.0311565509145476,0.4241372471424908
0.2368655,50.0,0.03113270934070911,0.41271326024265054
0.23736000000000002,50.0,0.03110994575867566,0.40175973462828574
0.23785450000000002,50.0,0.031088413705340552,0.39148174189991825
0.238349,50.0,0.031068084418958492,0.3820308857402344
0.23884350000000001,50.0,0.031048903558758258,0.3734484654784239
0.23933800000000002,50.0,0.031031155025781645,0.36579852078949854
0.23983250000000003,50.0,0.031015048199660895,0.35923310377177825
0.240327,50.0,0.031000365495610437,0.35394233362198285
0.24082150000000002,50.0,0.03098690066378573,0.3500184643328965
0.24131600000000003,50.0,0.03097463244564352,0.3475080810436915
0.2418105,50.0,0.030963513290014743,0.34643522717807773
0.24230500000000002,50.0,0.030953370771816778,0.3466629184582128
0.24279950000000003,50.0,0.030943968415842456,0.34814969761359216
0.243294,50.0,0.03093526312740221,0.35086105010994745
0.24378850000000002,50.0,0.030927350451307335,0.3547394970937964
0.24428300000000003,50.0,0.030920350428912106,0.35964477149111207
0.2447775,50.0,0.030914446913325778,0.36541581002324475
0.24527200000000002,50.0,0.03090963917431532,0.37210704788183097
0.24576650000000003,50.0,0.03090575754084407,0.3797260079537402
0.246261,50.0,0.030902687024630594,0.3881659358567389
0.24675550000000002,50.0,0.030900278338527064,0.3972936368070279
0.24725000000000003,50.0,0.030898425730754464,0.40697032950031004
0.2477445,50.0,0.03089717123672149,0.417049947350574
0.24823900000000002,50.0,0.030896355278242683,0.4274156701483659
0.24873350000000002,50.0,0.030895664660936944,0.4378799814503637
0.24922800000000003,50.0,0.03089519126891379,0.4481903438640188
0.24972250000000001,50.0,0.03089522645806019,0.4580978672448687
0.250217,50.0,0.030895772127740834,0.4674980499326617
0.25071150000000003,50.0,0.03089680021506351,0.4763241468761117
0.25120600000000004,50.0,0.03089849376616062,0.4844631020405293
0.2517005,50.0,0.030901041715675683,0.4918165674496411
0.252195,50.0,0.03090451934107126,0.4983150902089928
0.2526895,50.0,0.03090890107768075,0.5038387119393488
0.253184,50.0,0.03091402591168743,0.5083227661547796
0.25367850000000003,50.0,0.030919680616936944,0.5117851005695871
0.25417300000000004,50.0,0.030925741016601782,0.5140781818526916
0.25466750000000005,50.0,0.030932220083931938,0.5150711232641149
0.255162,50.0,0.030939262375277964,0.5147331283334606
0.2556565,50.0,0.030946975022534465,0.5131356857472334
0.256151,50.0,0.030955377413776478,0.5103546509237539
0.2566455,50.0,0.030964491639559298,0.5063739794374363
0.25714000000000004,50.0,0.03097437583874102,0.5012592053480377
0.25763450000000004,50.0,0.03098525676481171,0.49517864309224213
0.258129,50.0,0.030997230634609987,0.48823833519241044
0.2586235,50.0,0.031010000707703614,0.48057841520188294
0.259118,50.0,0.03102346985265976,0.47230294207571155
0.2596125,50.0,0.031037817880581603,0.4634263067355008
0.26010700000000003,50.0,0.031052956694371494,0.45402181585172846
0.26060150000000004,50.0,0.031068703042247223,0.4441879402712758
0.261096,50.0,0.03108506195416847,0.4341142355571028
0.2615905,50.0,0.0311020799025706,0.423887239510027
0.262085,50.0,0.031119869014510186,0.41359228847462665
0.2625795,50.0,0.031138724708185527,0.4034286746021628
0.26307400000000003,50.0,0.03115891561843797,0.3935415551843614
0.26356850000000004,50.0,0.03118050676753634,0.3841389798710486
0.26406300000000005,50.0,0.031203454162619923,0.3753422827693393
0.2645575,50.0,0.031227665935894565,0.3672514219649156
0.265052,50.0,0.031253107493054,0.359924117889028
0.2655465,50.0,0.03127981240372539,0.3534369798334427
0.266041,50.0,0.0313077020467265,0.34793754207037436
0.26653550000000004,50.0,0.031336572388570634,0.3434516844912721
0.26703000000000005,50.0,0.03136631284272016,0.33995373268396933
0.2675245,50.0,0.031397072510417484,0.3374966373362628
0.268019,50.0,0.03142901620332565,0.3362119375979237
0.2685135,50.0,0.03146202478691918,0.3361197231007749
0.269008,50.0,0.03149597620672695,0.3372450942185161
0.26950250000000003,50.0,0.031531040629078785,0.3396080255846851
0.26999700000000004,50.0,0.03156729932859632,0.34309111625320043
0.2704915,50.0,0.03160461173524434,0.3476505865062669
0.270986,50.0,0.03164294717404033,0.3532179290132987
0.2714805,50.0,0.03168213161132994,0.359659451772464
0.271975,50.0,0.03172177177911188,0.36686736490954114
0.27246950000000003,50.0,0.03176174074870143,0.3746178309300467
0.27296400000000004,50.0,0.031802094086447,0.38282905484889684
0.27345850000000005,50.0,0.03184286305518957,0.3914578595485689
0.273953,50.0,0.031884096437583956,0.40034611445659324
0.2744475,50.0,0.03192576994155578,0.4093894129892778
0.274942,50.0,0.03196789882699309,0.4184680976042855
0.27543650000000003,50.0,0.03201065331563153,0.42748498912576893
0.27593100000000004,50.0,0.03205413407400848,0.4363195812533448
0.27642550000000005,50.0,0.032098173509140085,0.44486172232306864
0.27692,50.0,0.0321425289086321,0.4529543899966365
0.2774145,50.0,0.03218717672696922,0.4603967866529637
0.277909,50.0,0.03223216454769885,0.46711174694622365
0.2784035,50.0,0.032277341781138495,0.473064682972303
0.27889800000000003,50.0,0.032322489170928705,0.478158579431201
0.27939250000000004,50.0,0.03236754754728252,0.4823559625902816
0.279887,50.0,0.032412504478375785,0.4856188138986676
0.2803815,50.0,0.032457317754604254,0.4879360751765584
0.280876,50.0,0.0325021766496927,0.4892975905600331
0.2813705,50.0,0.032547310024582526,0.4896856668349539
0.28186500000000003,50.0,0.03259258523624414,0.48911036623439474
0.28235950000000004,50.0,0.032637830144890995,0.4874946976344527
0.28285400000000005,50.0,0.0326830447375993,0.48477879653840195
0.2833485,50.0,0.032728164374879784,0.4810455554870315
0.283843,50.0,0.03277309875390257,0.4763549434707137
0.2843375,50.0,0.032817740411331134,0.4706629896799279
0.28483200000000003,50.0,0.03286190895877028,0.4640644331193011
0.28532650000000004,50.0,0.0329056832406607,0.456742481722862
0.28582100000000005,50.0,0.03294936364373196,0.4487873896449625
0.2863155,50.0,0.03299300286401181,0.4403683494577015
0.28681,50.0,0.0330365535325668,0.4315944460324095
0.2873045,50.0,0.03308013367062303,0.42255217463068495
0.287799,50.0,0.03312391256082195,0.4133854872593054
0.28829350000000004,50.0,0.03316799850050964,0.4041535878454836
0.28878800000000004,50.0,0.033212429232251296,0.3950185704158434
0.2892825,50.0,0.03325725253410354,0.38610103161814086
0.289777,50.0,0.03330236858163531,0.37745304494261955
0.2902715,50.0,0.03334751276432182,0.3692219394189982
0.290766,50.0,0.03339266188393778,0.36158856180665844
0.29126050000000003,50.0,0.03343800188798786,0.35468096730654847
0.29175500000000004,50.0,0.03348355906429256,0.3486012141907241
0.29224950000000005,50.0,0.03352927712802696,0.3434441837316633
0.292744,50.0,0.03357526300428546,0.3392602971629276
0.2932385,50.0,0.03362168029854943,0.3360749987005008
0.293733,50.0,0.03366862996567471,0.3339492709919318
0.29422750000000003,50.0,0.03371615038290051,0.3328380604227471
0.29472200000000004,50.0,0.03376405307079386,0.33262629217221074
0.29521650000000005,50.0,0.03381214923255397,0.3333480957235515
0.295711,50.0,0.03386055593449643,0.3350077572995275
0.2962055,50.0,0.03390928935244113,0.3375889178916582
0.2967,50.0,0.03395817523983121,0.34106994444326855
0.29719450000000003,50.0,0.034007206096903206,0.3454028538867961
0.29768900000000004,50.0,0.03405638873551021,0.3505882753042699
0.29818350000000005,50.0,0.03410564836975194,0.35655602896413474
0.298678,50.0,0.03415509777955252,0.36321479533584905
0.2991725,50.0,0.03420499876855603,0.3705155209393876
0.299667,50.0,0.03425547130216413,0.37830259792677673
0.3001615,50.0,0.034306415727865074,0.3863853541525751
0.30065600000000003,50.0,0.03435774301235801,0.3946946029478421
0.30115050000000004,50.0,0.034409529355975375,0.40316252814593034
0.301645,50.0,0.034461742018206086,0.4116382287243435
0.3021395,50.0,0.03451412643720864,0.42002961801526606
0.302634,50.0,0.03456651347944677,0.42825646994032535
0.3031285,50.0,0.034618846485696055,0.43624019538506553
0.30362300000000003,50.0,0.0346711462713131,0.44396122344170025
0.30411750000000004,50.0,0.03472355020264276,0.45125382381108775
0.30461200000000005,50.0,0.03477602741716125,0.4579882721841463
0.3051065,50.0,0.03482842950792466,0.4640439658318403
0.305601,50.0,0.03488079529780015,0.4692750562788572
0.3060955,50.0,0.03493317827701367,0.47365931167889697
0.30659000000000003,50.0,0.03498548740649047,0.4770843194763558
0.30708450000000004,50.0,0.03503772063886526,0.4794658036227368
0.30757900000000005,50.0,0.03508989409142273,0.4807809643628016
0.3080735,50.0,0.03514172145119031,0.4810932580817469
0.308568,50.0,0.03519297529095851,0.4804406944164831
0.3090625,50.0,0.03524375903956947,0.47882059455717796
0.309557,50.0,0.035294112415394055,0.47636015610949933
0.31005150000000004,50.0,0.03534394775449265,0.4730331961798336
0.31054600000000004,50.0,0.03539325525372925,0.4688537934551175
0.3110405,50.0,0.03544218153460952,0.46393636077585676
0.311535,50.0,0.03549095396465474,0.4583428382791208
0.3120295,50.0,0.035539635950791064,0.45209421969982744
0.312524,50.0,0.03558815005884078,0.4452358116283913
0.31301850000000003,50.0,0.035636410665923775,0.43790123826540417
0.31351300000000004,50.0,0.035684323324328145,0.4302907514055603
0.31400750000000005,50.0,0.03573189603947361,0.4225129591068144
0.314502,50.0,0.03577915021162064,0.4146436175255134
0.3149965,50.0,0.035825971697269574,0.4068164527533556
0.315491,50.0,0.0358723210638943,0.3991439679577496
0.31598550000000003,50.0,0.03591821204023662,0.39170861878146057
0.31648000000000004,50.0,0.035963544348013424,0.38460175781600137
0.31697450000000005,50.0,0.03600841510904511,0.37786634610583486
0.317469,50.0,0.03605309351399594,0.37148959981568125
0.3179635,50.0,0.03609753020279761,0.365580821992785
0.318458,50.0,0.03614157105999804,0.36021144425911644
0.3189525,50.0,0.03618532968270605,0.35547216821190747
0.31944700000000004,50.0,0.03622889056396511,0.35146388281541835
0.31994150000000005,50.0,0.036272100999135644,0.3482232075920952
0.320436,50.0,0.03631477867318056,0.3458305099749369
0.3209305,50.0,0.03635684142587314,0.34433084839021705
0.321425,50.0,0.03639830269952146,0.3437865327362599
0.3219195,50.0,0.03643929124539206,0.3442054836173276
0.32241400000000003,50.0,0.03647992928131427,0.3454871429695843
0.32290850000000004,50.0,0.036520254735817416,0.34758015446860324
0.32340300000000005,50.0,0.03656032148237764,0.35051740738717796
0.3238975,50.0,0.03660017184379615,0.35429350110863034
0.324392,50.0,0.036639857474669295,0.35880564817171456
0.3248865,50.0,0.03667944175739315,0.36395723322933393
0.32538100000000003,50.0,0.03671893970203156,0.36978882417303166
0.32587550000000004,50.0,0.036758330393637614,0.3762085115481984
0.32637000000000005,50.0,0.03679741289634941,0.383136121084077
0.3268645,50.0,0.03683605273912461,0.39052100886854024
0.327359,50.0,0.03687441681495866,0.39818623585680485
0.3278535,50.0,0.03691247162451789,0.40598778023841514
0.32834800000000003,50.0,0.03694998430299526,0.4137838907986919
0.32884250000000004,50.0,0.03698703635985794,0.4214959723437422
0.32933700000000005,50.0,0.037023848349889796,0.4290018252284015
0.3298315,50.0,0.03706046959952122,0.43616670263911617
0.330326,50.0,0.037096919122298094,0.44289041949940494
0.3308205,50.0,0.03713316663871156,0.4491407106733634
0.331315,50.0,0.03716906032991482,0.4548898655466615
0.33180950000000003,50.0,0.0372045189840343,0.46008134790039973
0.33230400000000004,50.0,0.03723953319371726,0.4646564935330984
0.33279850000000005,50.0,0.037274063348589764,0.4685173927755401
0.333293,50.0,0.03730809233030867,0.471639323374181
0.3337875,50.0,0.03734160272118952,0.4740223264008786
0.334282,50.0,0.03737455001606286,0.4756397386374133
0.33477650000000003,50.0,0.037406979646250234,0.4764132393779161
0.33527100000000004,50.0,0.03743907186440087,0.47633538546327353
0.33576550000000005,50.0,0.03747095616717734,0.47545743772258736
0.33626,50.0,0.03750257034971045,0.47384935807510864
0.3367545,50.0,0.03753386563251716,0.47153847898532364
0.337249,50.0,0.03756500242183664,0.4685655959993095
0.33774350000000003,50.0,0.03759606892054376,0.46499892989682934
0.33823800000000004,50.0,0.03762682270712155,0.4608248289323395
0.33873250000000005,50.0,0.037657076881667924,0.45612244250588263
0.339227,50.0,0.03768687069068022,0.450958065768496
0.3397215,50.0,0.03771613225868641,0.4453713002441509
0.340216,50.0,0.03774487842660802,0.4393706825757509
0.3407105,50.0,0.03777329423120147,0.4330183342209586
0.34120500000000004,50.0,0.037801369817653745,0.42648735876929633
0.34169950000000004,50.0,0.037829074361273564,0.41986065225097974
0.34219400000000005,50.0,0.03785646408861427,0.4132203916735537
0.3426885,50.0,0.037883529482014136,0.40668836544562376
0.343183,50.0,0.03791030030035428,0.40033129845481086
0.3436775,50.0,0.03793678400321235,0.3942952166301204
0.34417200000000003,50.0,0.037962824579138195,0.3886748448421066
0.34466650000000004,50.0,0.037988281108172706,0.3835203266997255
0.34516100000000005,50.0,0.038013216441010377,0.37887231803525256
0.3456555,50.0,0.03803771279659577,0.37475721009165697
0.34615,50.0,0.03806166171592013,0.37131111306590653
0.3466445,50.0,0.03808495728064935,0.36856274262650945
0.34713900000000003,50.0,0.038107733594977586,0.36655816675658087
0.34763350000000004,50.0,0.038130217844005714,0.36534586697125243
0.34812800000000005,50.0,0.038152459122022454,0.36493436091209724
0.3486225,50.0,0.038174454656063936,0.3653407084135944
0.349117,50.0,0.03819625627977419,0.36655150798714875
0.3496115,50.0,0.03821774276240131,0.36857512813894905
0.35010600000000003,50.0,0.038238746403031425,0.3713134152961756
0.35060050000000004,50.0,0.038259304036839255,0.3746745413201503
0.35109500000000005,50.0,0.038279419317668484,0.3785984943358534
0.35158950000000005,50.0,0.038298959941150845,0.38308828462362343
0.352084,50.0,0.03831790021744472,0.38805404038534996
0.3525785,50.0,0.03833624402720904,0.3933604768143812
0.353073,50.0,0.03835401170021976,0.3990016414266127
0.35356750000000003,50.0,0.038371370054441925,0.4049404751217314
0.35406200000000004,50.0,0.03838829777467114,0.41107444235934976
0.35455650000000005,50.0,0.038404615829700464,0.41736493653156015
0.355051,50.0,0.03842041308523708,0.42371572800228274
0.3555455,50.0,0.038435822009262176,0.43001326421347247
0.35604,50.0,0.03845075057282392,0.4361743239528779
0.35653450000000003,50.0,0.03846503219849263,0.4421314164312058
0.35702900000000004,50.0,0.03847856615863333,0.44785062460880354
0.35752350000000005,50.0,0.03849134017207417,0.4532066648529761
0.358018,50.0,0.03850332145537889,0.4581592250032608
0.3585125,50.0,0.038514557722325676,0.4626751473671055
0.359007,50.0,0.03852524240579165,0.4667116881865766
0.35950150000000003,50.0,0.03853543021382456,0.4702598952783035
0.35999600000000004,50.0,0.03854506664771494,0.4732428922609993
0.36049050000000005,50.0,0.03855424070925445,0.47562024888162796
0.36098500000000006,50.0,0.038563077441943934,0.47732715094981865
0.3614795,50.0,0.0385715426918056,0.4783414560573205
0.361974,50.0,0.038579556547884995,0.4786734079146304
0.3624685,50.0,0.0385870511478163,0.47824254553914497
0.36296300000000004,50.0,0.0385939552851484,0.47705287808735836
0.36345750000000004,50.0,0.03860037635405368,0.47516992120270357
0.36395200000000005,50.0,0.0386063821711419,0.47262002896319133
0.3644465,50.0,0.0386117771900753,0.4694638268479207
0.364941,50.0,0.03861653840300526,0.46576203814751477
0.3654355,50.0,0.03862088283287524,0.4615666621129152
0.36593000000000003,50.0,0.03862487887024518,0.4569362630045165
0.36642450000000004,50.0,0.03862854943981149,0.4519417739673275
0.36691900000000005,50.0,0.03863201170437374,0.44665281694018105
0.3674135,50.0,0.038635244008839754,0.44116508690882883
0.367908,50.0,0.03863810821688382,0.43551838808034293
0.3684025,50.0,0.038640555260763314,0.4297595449317167
0.36889700000000003,50.0,0.03864262952943593,0.4240738481248379
0.36939150000000004,50.0,0.038644352420869096,0.41852653052511646
0.36988600000000005,50.0,0.03864561456839361,0.41317785858055966
0.37038050000000006,50.0,0.03864640031250639,0.4081584942299682
0.370875,50.0,0.03864689032118772,0.40351979365131024
0.3713695,50.0,0.03864719082793584,0.3993276788201209
0.37186400000000003,50.0,0.038647355988430596,0.395630062348004
0.37235850000000004,50.0,0.03864739453651516,0.39245918461489343
0.37285300000000005,50.0,0.03864723671185691,0.38980772201213043
0.37334750000000005,50.0,0.038646982514961806,0.38768665235922434
0.373842,50.0,0.038646776014405665,0.3861458231578285
0.3743365,50.0,0.03864649793180494,0.38520012819060395
0.374831,50.0,0.038645993982575184,0.38485142635502756
0.37532550000000003,50.0,0.038645278338798925,0.38511840318317636
0.37582000000000004,50.0,0.03864427834371511,0.38600314693028864
0.37631450000000005,50.0,0.03864287836394229,0.3875213272747865
0.376809,50.0,0.038641219802496816,0.38964847319905765
0.3773035,50.0,0.03863941568933975,0.3923409445816024
0.377798,50.0,0.03863735947333126,0.3956099346974338
0.37829250000000003,50.0,0.03863505455023542,0.39932167861962975
0.37878700000000004,50.0,0.03863260623198552,0.4034479448572742
0.37928150000000005,50.0,0.038630041143979686,0.4079956463989909
0.379776,50.0,0.03862726392790058,0.41285208980577054
0.3802705,50.0,0.038624102554126044,0.41796809217365144
0.380765,50.0,0.038620493868891805,0.4233000507442794
0.38125950000000003,50.0,0.03861647566053721,0.42881554424306084
0.38175400000000004,50.0,0.038612058709452945,0.4344639248633569
0.38224850000000005,50.0,0.03860720831257091,0.4401345780620931
0.38274300000000006,50.0,0.038601836437731324,0.4457466919321582
0.3832375,50.0,0.0385959242933827,0.4512339828338908
0.383732,50.0,0.03858962056128506,0.45649444480603035
0.3842265,50.0,0.038582987992264804,0.4614118586881985
0.38472100000000004,50.0,0.038576006727124156,0.46596891396895623
0.38521550000000004,50.0,0.0385688049271508,0.47004780451953915
0.38571000000000005,50.0,0.038561349733473346,0.47357469828513066
0.3862045,50.0,0.03855343321690104,0.4765811563132847
0.386699,50.0,0.03854509453380467,0.47899666159374316
0.3871935,50.0,0.038536402672613566,0.48081577901117195
0.38768800000000003,50.0,0.03852719185036831,0.482038421436904
0.38818250000000004,50.0,0.03851734201254608,0.48262827816905607
0.38867700000000005,50.0,0.0385069444839168,0.482582518655744
0.3891715,50.0,0.03849612153260341,0.48191621121461364
0.389666,50.0,0.03848492913465474,0.48066865421579535
0.3901605,50.0,0.038473377559910094,0.47879163528356233
0.39065500000000003,50.0,0.038461406603034126,0.47632139124078066
0.39114950000000004,50.0,0.03844902853465232,0.47336280978217704
0.39164400000000005,50.0,0.03843634123379074,0.4699473308511544
0.39213850000000006,50.0,0.03842334770231753,0.46615844158888725
0.392633,50.0,0.03840999746428502,0.46200960344952385
0.3931275,50.0,0.03839623824018649,0.4575958924290288
0.393622,50.0,0.03838203926444661,0.4530218916180042
0.39411650000000004,50.0,0.03836738312353669,0.4482671377031364
0.39461100000000005,50.0,0.0383522537605668,0.44342006389993954
0.39510550000000005,50.0,0.038336799613660044,0.43855378733801226
0.3956,50.0,0.03832114974791139,0.4336514503061692
0.3960945,50.0,0.038305210583177755,0.42878619354055225
0.396589,50.0,0.03828907866038846,0.42405197861853106
0.39708350000000003,50.0,0.03827302477778126,0.41950330386840295
0.39757800000000004,50.0,0.03825701659106393,0.415202916376844
0.39807250000000005,50.0,0.038240897397852115,0.41118802317391495
0.398567,50.0,0.03822466683485144,0.4075427367301085
0.3990615,50.0,0.03820831665244954,0.4043440648828223
0.399556,50.0,0.038191852363481674,0.40162773038244454
0.40005050000000003,50.0,0.03817533895535446,0.3993911723382325
0.40054500000000004,50.0,0.03815872785795231,0.39769583015414806
0.40103950000000005,50.0,0.03814197401922893,0.3965283332873728
0.40153400000000006,50.0,0.03812514668503883,0.3959346796180857
0.4020285,50.0,0.03810830129941729,0.3959695334910611
0.402523,50.0,0.03809147113908345,0.3965583792868875
0.40301750000000003,50.0,0.03807472381405642,0.3977367962536535
0.40351200000000004,50.0,0.03805809711142218,0.3995130664099283
0.40400650000000005,50.0,0.0380414991362776,0.40188306700003923
0.40450100000000005,50.0,0.03802485194680338,0.40479594031065635
0.4049955,50.0,0.03800820800339411,0.4082114885411602
0.40549,50.0,0.037991563544590184,0.41208858321976516
0.4059845,50.0,0.037974738949944936,0.4163056706519748
0.40647900000000003,50.0,0.037957625037365744,0.42082994771918253
0.40697350000000004,50.0,0.03794041230864951,0.4256026085171404
0.40746800000000005,50.0,0.03792323499393509,0.4305279381531549
0.4079625,50.0,0.0379060229267997,0.4355413083590582
0.408457,50.0,0.037888837445269975,0.4405371909501292
0.4089515,50.0,0.03787170569722791,0.4454971639243757
0.40944600000000003,50.0,0.03785455522277633,0.4504017783138279
0.40994050000000004,50.0,0.037837460882375336,0.45511497603848355
0.41043500000000005,50.0,0.0378204264167457,0.4595879772463307
0.41092950000000006,50.0,0.037803338787134676,0.46378965922520937
0.411424,50.0,0.03778617553589164,0.46764118893462947
0.4119185,50.0,0.037768879217270825,0.471128271257854
0.41241300000000003,50.0,0.03775135470837606,0.474198137602224
0.41290750000000004,50.0,0.037733657780136445,0.476785542202708
0.41340200000000005,50.0,0.0377158618965024,0.47887809820923627
0.41389650000000006,50.0,0.03769789469368942,0.4804891184652761
0.414391,50.0,0.037679719823358625,0.4816070886614825
0.4148855,50.0,0.03766147628143416,0.4822335155305884
0.41538,50.0,0.03764329180841605,0.48234224742131565
0.41587450000000004,50.0,0.03762506779453243,0.481951338920282
0.41636900000000004,50.0,0.037606626945717044,0.48104994762565484
0.41686350000000005,50.0,0.03758796565702141,0.47963359434205494
0.417358,50.0,0.037569106764513346,0.47774825393525894
0.4178525,50.0,0.03754997721503619,0.4753973825831893
0.418347,50.0,0.03753059955232508,0.47254141837722047
0.41884150000000003,50.0,0.03751103554822247,0.4692491728681999
0.41933600000000004,50.0,0.037491239309381544,0.4656236142774932
0.41983050000000005,50.0,0.03747124050892925,0.4616730357178613
0.42032500000000006,50.0,0.037451176479179324,0.4574324113212205
0.4208195,50.0,0.03743107707186173,0.45295218704945195
0.421314,50.0,0.037410981087331215,0.4483571691615856
0.42180850000000003,50.0,0.037390954211433666,0.44366479166280587
0.42230300000000004,50.0,0.03737088433566727,0.4389497853146868
0.42279750000000005,50.0,0.037350790297502316,0.4342864113793131
0.42329200000000006,50.0,0.03733080765711221,0.4296939580900331
0.4237865,50.0,0.037310790375838024,0.4252838319377407
0.424281,50.0,0.03729057351392001,0.4210901433817378
0.42477550000000003,50.0,0.03727021917439639,0.4172258185772164
0.42527000000000004,50.0,0.03724985892662431,0.4137484002044844
0.42576450000000005,50.0,0.03722954837024173,0.41065892379997204
0.42625900000000005,50.0,0.03720927610086379,0.4080416548590551
0.4267535,50.0,0.037189092121575326,0.4059420832125212
0.427248,50.0,0.03716903379375366,0.40436481780661704
0.4277425,50.0,0.037149041864920414,0.4033385858670469
0.42823700000000003,50.0,0.037129119910936204,0.4028240176445193
0.42873150000000004,50.0,0.03710932180809799,0.4028120435825089
0.42922600000000005,50.0,0.0370895740483772,0.4033075309894742
0.42972050000000006,50.0,0.037069785524688835,0.4043192245117654
0.430215,50.0,0.03704998295782159,0.4057999771242758
0.4307095,50.0,0.03703017988778722,0.4076942203742917
0.43120400000000003,50.0,0.037010405110942404,0.4100149796183095
0.43169850000000004,50.0,0.03699073060345815,0.41273582849098817
0.43219300000000005,50.0,0.03697109289296982,0.41581768848781414
0.43268750000000006,50.0,0.036951498326017525,0.4191943311236237
0.433182,50.0,0.036932191061808346,0.42284508132102794
0.4336765,50.0,0.036913233030563146,0.42669202394555616
0.43417100000000003,50.0,0.03689444290903389,0.4306669865672148
0.43466550000000004,50.0,0.03687579882881683,0.4347739101785079
0.43516000000000005,50.0,0.036857329029747254,0.4389419449486118
0.43565450000000006,50.0,0.03683892903831505,0.44311665599408856
0.436149,50.0,0.03682057915894853,0.4472392045961345
0.4366435,50.0,0.03680232143644281,0.45128416132550875
0.437138,50.0,0.036784141771919666,0.45524440403092176
0.43763250000000004,50.0,0.03676601596517686,0.45903306489862444
0.43812700000000004,50.0,0.03674794058055511,0.4626012466806497
0.43862150000000005,50.0,0.03673001235337547,0.465903876496101
0.43911600000000006,50.0,0.0367122778879269,0.46885921051391277
0.4396105,50.0,0.0366946477497922,0.47145900016069997
0.440105,50.0,0.03667710658607968,0.47362870784773153
0.44059950000000003,50.0,0.03665964886100295,0.4753320665109679
0.44109400000000004,50.0,0.03664227545619081,0.4765342846080015
0.44158850000000005,50.0,0.03662503166954771,0.47720186768719147
0.44208300000000006,50.0,0.03660778543390315,0.4773969491648813
0.4425775,50.0,0.0365903849851148,0.4770644649252387
0.443072,50.0,0.03657294486295595,0.47622829543593426
0.44356650000000003,50.0,0.03655560337977904,0.4748991379624592
0.44406100000000004,50.0,0.03653831002017639,0.473099826058175
0.44455550000000005,50.0,0.03652111790024755,0.4708541148465054
0.44505000000000006,50.0,0.03650416959520977,0.468187813504405
0.4455445,50.0,0.03648740016003122,0.4651706522556659
0.446039,50.0,0.03647076942728738,0.4618060882276151
0.4465335,50.0,0.036454374319375225,0.4581386616310482
0.44702800000000004,50.0,0.0364381914705068,0.45426726209548984
0.44752250000000005,50.0,0.03642211717994917,0.4502799718914443
0.44801700000000005,50.0,0.03640610987361219,0.44619045373075855
0.44851150000000006,50.0,0.036390187422932034,0.4420701269285751
0.449006,50.0,0.036374410537081396,0.43801502363235395
0.4495005,50.0,0.036358785702464376,0.43404917668540416
0.44999500000000003,50.0,0.03634324519278992,0.4302213983131251
0.45048950000000004,50.0,0.03632778427662197,0.4265773657266226
0.45098400000000005,50.0,0.03631247906939265,0.42312673881211094
0.45147850000000006,50.0,0.036297439420547806,0.4199143734863162
0.451973,50.0,0.036282692587880784,0.4169649400600762
0.4524675,50.0,0.03626810115524438,0.41431189856407863
0.45296200000000003,50.0,0.03625363953508407,0.41200633122586927
0.45345650000000004,50.0,0.03623936756757886,0.410038645944298
0.45395100000000005,50.0,0.036225147626909274,0.4084511178170525
0.45444550000000006,50.0,0.03621095738289163,0.4072765738157456
0.45494,50.0,0.036196936187070976,0.4065220677181132
0.4554345,50.0,0.036183023308883344,0.4062020815658184
0.45592900000000003,50.0,0.036169166287009544,0.40631504445264266
0.45642350000000004,50.0,0.03615551665209909,0.40683885530093084
0.45691800000000005,50.0,0.03614217592202176,0.40777129094001796
0.45741250000000006,50.0,0.036129095377329425,0.4091187373181744
0.45790700000000006,50.0,0.036116235492958046,0.41087335338512976
0.4584015,50.0,0.0361035960045943,0.41296806091744154
0.458896,50.0,0.03609118750251886,0.4154238368364135
0.45939050000000003,50.0,0.03607906427923255,0.41823735399729334
0.45988500000000004,50.0,0.036067168428603795,0.42133283404882205
0.46037950000000005,50.0,0.0360553494116318,0.4246946215354354
0.46087400000000006,50.0,0.03604358569178985,0.428254541555187
0.4613685,50.0,0.03603192288929422,0.43198166171058694
0.461863,50.0,0.03602038551479386,0.43578663883032026
0.46235750000000003,50.0,0.03600896706729611,0.4395836819656202
0.46285200000000004,50.0,0.03599769496704825,0.44336788597243276
0.46334650000000005,50.0,0.035986643637843894,0.4470358491292236
0.46384100000000006,50.0,0.035975749771266705,0.45050431987380424
0.4643355,50.0,0.035964951060642535,0.4537540167162979
0.46483,50.0,0.035954356984598014,0.45676599368579335
0.46532450000000003,50.0,0.03594391823380222,0.4594579219328672
0.46581900000000004,50.0,0.035933422920504866,0.4618104304263843
0.46631350000000005,50.0,0.035922918102040395,0.46381191364669183
0.46680800000000006,50.0,0.03591252635758546,0.4654103012059026
0.4673025,50.0,0.0359022058481669,0.46662181931996866
0.467797,50.0,0.03589196613291617,0.46740908313454027
0.4682915,50.0,0.03588180746174869,0.4677561805508348
0.46878600000000004,50.0,0.035871717609935655,0.46769451727438593
0.46928050000000004,50.0,0.03586182590596535,0.4672095049272966
0.46977500000000005,50.0,0.035852217112205036,0.4663326990164587
0.47026950000000006,50.0,0.03584284160403033,0.4650924438799522
0.470764,50.0,0.03583367108227355,0.46349310921139836
0.4712585,50.0,0.03582472147241377,0.4615792371715815
0.47175300000000003,50.0,0.03581594552399067,0.4593834346533345
0.47224750000000004,50.0,0.03580726866967635,0.45693016593420155
0.47274200000000005,50.0,0.035798720229961764,0.45422599584872075
0.47323650000000006,50.0,0.0357903303448218,0.45132570175994363
0.473731,50.0,0.03578203517355388,0.44825028868925043
0.4742255,50.0,0.03577382908567909,0.44497729766950006
0.47472000000000003,50.0,0.03576586080462901,0.4416149805329897
0.47521450000000004,50.0,0.03575823103008782,0.43817282966135035
0.47570900000000005,50.0,0.03575080230950611,0.43466698990315417
0.47620350000000006,50.0,0.03574351481126911,0.4311740781160016
0.476698,50.0,0.035736487278259954,0.42771416470777546
0.4771925,50.0,0.035729695741975154,0.4243844433529136
0.47768700000000003,50.0,0.03572311329257105,0.4211951481410812
0.47818150000000004,50.0,0.035716761935952995,0.41817132322015976
0.47867600000000005,50.0,0.03571053146190069,0.41540170201074617
0.47917050000000005,50.0,0.03570441597283089,0.4129057267726758
0.47966500000000006,50.0,0.03569852153288837,0.41071291841180135
0.4801595,50.0,0.035692827827187544,0.40887387033454275
0.480654,50.0,0.03568735560820085,0.40741364886157366
0.48114850000000003,50.0,0.03568222290136018,0.4063337950662667
0.48164300000000004,50.0,0.035677416763933066,0.40568490628990805
0.48213750000000005,50.0,0.03567289565967423,0.40548778564715277
0.48263200000000006,50.0,0.03566873526654708,0.405701369544213
0.4831265,50.0,0.03566495175101009,0.4063652621086434
0.483621,50.0,0.035661414390638364,0.40743727582682815
0.48411550000000003,50.0,0.03565799115151032,0.4088830213139323
0.48461000000000004,50.0,0.03565473405886624,0.4106948577339884
0.48510450000000005,50.0,0.03565174148071635,0.4128171546889293
0.48559900000000006,50.0,0.035648937229292035,0.4152286435422434
0.4860935,50.0,0.03564625522200024,0.4178505634408412
0.486588,50.0,0.03564373969056115,0.42064491718426406
0.48708250000000003,50.0,0.03564140344916217,0.4235956023671263
0.48757700000000004,50.0,0.03563924377551286,0.42666352429694304
0.48807150000000005,50.0,0.03563731540941345,0.4297720908817708
0.48856600000000006,50.0,0.035635599161924596,0.4328526533501627
0.48906050000000006,50.0,0.0356340057393301,0.4359542598831027
0.489555,50.0,0.0356325595016052,0.4389887684713779
0.4900495,50.0,0.0356312199235809,0.4418886654477639
0.49054400000000004,50.0,0.0356298872070573,0.444678896727784
0.49103850000000004,50.0,0.03562864162620371,0.4472948197483925
0.49153300000000005,50.0,0.0356274579799859,0.44969822949222304
0.49202750000000006,50.0,0.03562621372914825,0.4518969964891823
0.492522,50.0,0.03562504846841142,0.4538513932837734
0.4930165,50.0,0.03562411681078737,0.4555586872562786
0.49351100000000003,50.0,0.03562336706851766,0.45698663037041615
0.49400550000000004,50.0,0.03562271812620895,0.4580881835553058
0.49450000000000005,50.0,0.03562217640433923,0.45890198999010473
0.49499450000000006,50.0,0.035621795590782254,0.4593837647143142
0.495489,50.0,0.035621551794826206,0.45951637845192556
0.4959835,50.0,0.03562138175600726,0.45929182461274337
0.49647800000000003,50.0,0.03562128093851413,0.45868627037744153
0.49697250000000004,50.0,0.035621222681625125,0.4577195567749542
0.49746700000000005,50.0,0.03562115273481882,0.45641655766165945
0.49796150000000006,50.0,0.03562111625879342,0.45476923423185706
0.49845600000000007,50.0,0.03562115913204603,0.4527663361058742
0.4989505,50.0,0.035621257440456425,0.4504798110463258
0.49944500000000003,50.0,0.0356214625694895,0.44793587662192175
0.49993950000000004,50.0,0.03562180055493118,0.44515784147041615
0.500434,50.0,0.03562224171397255,0.4421905164620671
0.5009285,50.0,0.035622876155207345,0.4390767369100229
0.5014230000000001,50.0,0.035623717253854804,0.43585983186247645
0.5019175,50.0,0.035624569016732874,0.4325892766419536
0.5024120000000001,50.0,0.035625393191085486,0.42931677126840495
0.5029065,50.0,0.03562636227232989,0.426118410438465
0.503401,50.0,0.03562746776323462,0.4230271122546548
0.5038955,50.0,0.035628636151700234,0.42007699763434175
0.50439,50.0,0.03562995261875591,0.41730948941933543
0.5048845000000001,50.0,0.03563144758083341,0.4148205371663336
0.505379,50.0,0.035633130448521816,0.4126032382983609
0.5058735000000001,50.0,0.03563505166973467,0.41063860865503826
0.506368,50.0,0.03563722862081241,0.40901669324178735
0.5068625,50.0,0.035639677453995315,0.40768600570429825
0.5073570000000001,50.0,0.035642345031321465,0.40668669803968005
0.5078515,50.0,0.03564519740405486,0.40603373286658084
0.5083460000000001,50.0,0.03564826315827952,0.40568151497848215
0.5088405,50.0,0.035651499618309074,0.40565109579122954
0.5093350000000001,50.0,0.035654875676772745,0.40593403684647344
0.5098295,50.0,0.0356583669096192,0.40653157549846436
0.510324,50.0,0.03566192022633243,0.40744513088231116
0.5108185000000001,50.0,0.035665645563443676,0.4086300252225363
0.511313,50.0,0.035669681325651514,0.4100814157719194
0.5118075000000001,50.0,0.03567391721196557,0.41179188869250355
0.512302,50.0,0.03567825908339222,0.41371794949578256
0.5127965,50.0,0.035682817862345735,0.4158579722733754
0.513291,50.0,0.03568758288114643,0.41818645428397744
0.5137855,50.0,0.03569243295106618,0.4206714734423963
0.5142800000000001,50.0,0.035697402124733206,0.4232607940369356
0.5147745,50.0,0.03570249647755458,0.425963008626849
0.5152690000000001,50.0,0.035707623697242494,0.428766820251066
0.5157635,50.0,0.035712796655017885,0.43160335265955724
0.516258,50.0,0.03571807044278612,0.4344336073716098
0.5167525000000001,50.0,0.03572344569954929,0.4372144272335997
0.517247,50.0,0.03572892588963896,0.43994475949605505
0.5177415000000001,50.0,0.03573450371990926,0.4425324358915525
0.518236,50.0,0.03574018429611001,0.44494853549863383
0.5187305000000001,50.0,0.035746039338529406,0.44714471734255495
0.519225,50.0,0.035752073882461766,0.44907704158097567
0.5197195,50.0,0.035758197111317294,0.4507279589799826
0.5202140000000001,50.0,0.035764304655397636,0.4520481876954984
0.5207085,50.0,0.03577036224262563,0.4530714313648536
0.5212030000000001,50.0,0.03577647191295914,0.45372820484983545
0.5216975,50.0,0.035782602675703455,0.45401868945265494
0.522192,50.0,0.03578864183181314,0.4539876205442548
0.5226865,50.0,0.03579470557889967,0.4535867133073939
0.523181,50.0,0.035800835342104584,0.4528637235693144
0.5236755000000001,50.0,0.03580693425356185,0.45183137327925926
0.52417,50.0,0.03581307556623898,0.45046016278092915
0.5246645000000001,50.0,0.035819323987645195,0.4488193949169578
0.525159,50.0,0.03582558263969628,0.4469318897155531
0.5256535,50.0,0.035831809872386836,0.4448495503599914
0.5261480000000001,50.0,0.03583805889738075,0.4425746790498056
0.5266425,50.0,0.035844321832400494,0.4401422777218562
0.5271370000000001,50.0,0.03585057681477454,0.4376352322872601
0.5276315,50.0,0.035856803034141925,0.4350590851769626
0.5281260000000001,50.0,0.03586293547202885,0.4324455340981414
0.5286205,50.0,0.03586903190710905,0.42982100603605317
0.529115,50.0,0.035875230879238974,0.4272278247322275
0.5296095000000001,50.0,0.03588154516331039,0.42465812686914955
0.530104,50.0,0.03588792482603554,0.42215442328542363
0.5305985000000001,50.0,0.035894380856803396,0.41974095974051384
0.531093,50.0,0.03590096468893516,0.4174554040477325
0.5315875,50.0,0.03590765888145167,0.415293511660189
0.532082,50.0,0.03591437801565797,0.4132762810635442
0.5325765,50.0,0.03592114345587019,0.41147673107907035
0.5330710000000001,50.0,0.03592799603169536,0.40990613192480296
0.5335655,50.0,0.03593482330930219,0.4085649021244907
0.5340600000000001,50.0,0.035941632227158835,0.40748864466816587
0.5345545,50.0,0.035948576685446036,0.40669853718502946
0.535049,50.0,0.03595559728891989,0.4061928913517099
0.5355435000000001,50.0,0.03596261547791147,0.4060045928408503
0.536038,50.0,0.035969722135501744,0.4061163004179619
0.5365325000000001,50.0,0.035976929533695544,0.4065475119303306
0.537027,50.0,0.035984263375873085,0.4072802691003735
0.5375215000000001,50.0,0.035991757215362026,0.4083170275948405
0.538016,50.0,0.035999285479223986,0.4096772539770334
0.5385105,50.0,0.03600678357624298,0.4112944199926779
0.5390050000000001,50.0,0.03601431408050555,0.4131814837318653
0.5394995,50.0,0.03602188426169728,0.41529635054022596
0.5399940000000001,50.0,0.036029429572697724,0.4175886116743454
0.5404885,50.0,0.03603696878377716,0.4200450209160598
0.540983,50.0,0.03604457919256316,0.42260032036050965
0.5414775000000001,50.0,0.036052246673683196,0.425222955382624
0.541972,50.0,0.03605995724320017,0.4278466243174888
0.5424665000000001,50.0,0.03606776739228913,0.43042643218538784
0.542961,50.0,0.03607570206899761,0.4329698173031082
0.5434555000000001,50.0,0.03608366317406719,0.43540114805594
0.54395,50.0,0.0360915784703846,0.43769014603685097
0.5444445,50.0,0.03609955522878394,0.43983412864575305
0.5449390000000001,50.0,0.03610760055224088,0.4417873642115982
0.5454335,50.0,0.03611557768317185,0.4435523488164669
0.5459280000000001,50.0,0.03612348348835627,0.4450918610502457
0.5464225,50.0,0.036131327591133376,0.4463959348100093
0.5469170000000001,50.0,0.03613909770216354,0.4474637375386419
0.5474115,50.0,0.036146899260148274,0.44827567123084033
0.547906,50.0,0.03615473520315074,0.4488215160947795
0.5484005000000001,50.0,0.03616251293224884,0.44912908026780424
0.548895,50.0,0.036170308000191956,0.44918547827502237
0.5493895000000001,50.0,0.03617814721725891,0.4489671260105282
0.549884,50.0,0.03618591513341284,0.4485296533915255
0.5503785,50.0,0.036193621489642565,0.4478494992103009
0.5508730000000001,50.0,0.03620129397031825,0.4469273754325409
0.5513675,50.0,0.03620885820175169,0.4457979987260184
0.5518620000000001,50.0,0.03621628643052251,0.44444614190637594
0.5523565,50.0,0.036223654366857275,0.4428743523041218
0.5528510000000001,50.0,0.03623104508541791,0.4411121007814701
0.5533455,50.0,0.03623840464891953,0.4391784386185103
0.55384,50.0,0.03624566594827588,0.43709092010591316
0.5543345000000001,50.0,0.03625292273596275,0.4348437909179912
0.554829,50.0,0.036260251207160164,0.4325154773970847
0.5553235000000001,50.0,0.036267618716065535,0.43012765614519344
0.555818,50.0,0.03627500213460562,0.4276913864964032
0.5563125000000001,50.0,0.036282383666040065,0.4252723686341077
0.556807,50.0,0.036289709906870894,0.4228852225961583
0.5573015,50.0,0.03629699059755184,0.4206156739985652
0.5577960000000001,50.0,0.03630426449001705,0.4184387949296142
0.5582905,50.0,0.036311450814712265,0.41640975374380773
0.5587850000000001,50.0,0.03631857475271346,0.4146076088620452
0.5592795,50.0,0.03632574344504862,0.4129945015512266
0.559774,50.0,0.0363328797732141,0.4116255120199704
0.5602685000000001,50.0,0.036340007799678276,0.41052928114810694
0.560763,50.0,0.03634725051869054,0.40971086122509526
0.5612575000000001,50.0,0.036354508821660775,0.40918645819747695
0.561752,50.0,0.036361673028113585,0.408944107319834
0.5622465000000001,50.0,0.036368809404916165,0.40898836135968164
0.562741,50.0,0.03637597330481047,0.4093173955182122
0.5632355,50.0,0.03638311942344803,0.40991974253293983
0.5637300000000001,50.0,0.03639017667543752,0.4107441413272389
0.5642245,50.0,0.03639713472551962,0.41180859511637197
0.5647190000000001,50.0,0.03640404717006748,0.41307757378991017
0.5652135,50.0,0.03641092793754142,0.4145123541718107
0.5657080000000001,50.0,0.036417789911368154,0.41613097774409424
0.5662025,50.0,0.03642467793755376,0.4178606345911765
0.566697,50.0,0.03643156615576619,0.41970046184410065
0.5671915000000001,50.0,0.03643846120291114,0.42165850879891015
0.567686,50.0,0.03644540177023029,0.4236727693098436
0.5681805000000001,50.0,0.03645231435138774,0.42572895788090875
0.568675,50.0,0.03645916955938484,0.42782059198773287
0.5691695,50.0,0.03646599373171642,0.4299314339722566
0.5696640000000001,50.0,0.03647269457971699,0.43200915036535337
0.5701585,50.0,0.03647923724244668,0.4340498855899621
0.5706530000000001,50.0,0.036485771574453985,0.43605949475832856
0.5711475,50.0,0.03649231100211585,0.4379748312393193
0.5716420000000001,50.0,0.03649869832257298,0.43979103615373694
0.5721365,50.0,0.03650497788283647,0.4414793807086643
0.572631,50.0,0.036511253382059496,0.4430193862345893
0.5731255000000001,50.0,0.03651747563197258,0.4444105723564005
0.57362,50.0,0.03652363681553223,0.44557761573011506
0.5741145000000001,50.0,0.03652972605288131,0.4465177453343261
0.574609,50.0,0.03653569943925622,0.4472484575963631
0.5751035000000001,50.0,0.03654156054690475,0.44770150090710237
0.575598,50.0,0.036547285748333734,0.4478902624457434
0.5760925,50.0,0.036552878514774956,0.44781686052262
0.5765870000000001,50.0,0.03655834760537012,0.4474476742369643
0.5770815,50.0,0.036563683037804384,0.4468232860198968
0.5775760000000001,50.0,0.03656893876645499,0.44593884109976734
0.5780705,50.0,0.036574141966497956,0.4448139673598627
0.578565,50.0,0.03657931767014269,0.4434671245899505
0.5790595000000001,50.0,0.036584529451245185,0.4419215303462781
0.579554,50.0,0.03658970462911455,0.44020165729525096
0.5800485000000001,50.0,0.03659473485498227,0.43835089183202963
0.580543,50.0,0.03659973356663611,0.4363962088043045
0.5810375000000001,50.0,0.0366047680047079,0.4343594921110301
0.581532,50.0,0.03660968986559838,0.43231389841526596
0.5820265,50.0,0.036614484304179976,0.4302416421777884
0.5825210000000001,50.0,0.036619237067861084,0.4281961825222372
0.5830155,50.0,0.03662391596393789,0.4262475702852231
0.5835100000000001,50.0,0.036628514472476996,0.4243744344547838
0.5840045,50.0,0.03663309867506809,0.42259057249025495
0.5844990000000001,50.0,0.03663766170351963,0.4209402836868334
0.5849935,50.0,0.036642182770763226,0.41944852690034096
0.585488,50.0,0.036646702564610376,0.41809597456475006
0.5859825000000001,50.0,0.03665120668510457,0.41690314755269714
0.586477,50.0,0.03665567541187091,0.41588287856617395
0.5869715000000001,50.0,0.03666010915071894,0.41502725278040653
0.587466,50.0,0.036664435498494935,0.4143641594153904
0.5879605,50.0,0.03666863469547634,0.4138896308175279
0.5884550000000001,50.0,0.036672766513865654,0.4135990301294097
0.5889495,50.0,0.036676897422637876,0.4135329668848335
0.5894440000000001,50.0,0.03668103472858492,0.413644777893325
0.5899385,50.0,0.036685079769763276,0.4139588490245704
0.5904330000000001,50.0,0.03668908729139895,0.41450715940932537
0.5909275,50.0,0.03669318687243989,0.41522906096734785
0.591422,50.0,0.03669727990473712,0.41617041043032427
0.5919165000000001,50.0,0.036701322166220574,0.41729407666802526
0.592411,50.0,0.03670539671909543,0.41858550139128264
0.5929055000000001,50.0,0.03670943674795971,0.42007136121130273
0.5934,50.0,0.03671337502318473,0.42172138801579
0.5938945,50.0,0.036717266832498686,0.4235005380321261
0.5943890000000001,50.0,0.03672109480736667,0.425382082061705
0.5948835,50.0,0.036724796197496815,0.4273689913536481
0.5953780000000001,50.0,0.036728398768335224,0.4294240659254722
0.5958725,50.0,0.03673191777179874,0.43149107275015297
0.5963670000000001,50.0,0.036735364603918894,0.4335454737687442
0.5968615,50.0,0.036738808704551824,0.43554846580404066
0.597356,50.0,0.03674221212340123,0.43747885085428806
0.5978505000000001,50.0,0.036745467936672466,0.43927345952582575
0.598345,50.0,0.03674858916936558,0.4409185971379419
0.5988395000000001,50.0,0.03675164037574206,0.44242507039108314
0.599334,50.0,0.03675459154190723,0.4437076679517697
0.5998285000000001,50.0,0.03675736391667796,0.4447796472457506
0.600323,50.0,0.03675996811702794,0.44564392155217347
0.6008175,50.0,0.036762476048974986,0.446300489609249
0.6013120000000001,50.0,0.03676487691914956,0.44671634648755854
0.6018065,50.0,0.036767126895117005,0.44689927852756867
0.6023010000000001,50.0,0.036769321284111985,0.4468766552268951
0.6027955,50.0,0.03677148749434453,0.44661815326029286
0.60329,50.0,0.036773521921837506,0.4461938141855446
0.6037845000000001,50.0,0.0367755056267981,0.4455592788904305
0.604279,50.0,0.03677749392286644,0.44475104638741864
0.6047735000000001,50.0,0.03677938809055672,0.4438047805432492
0.605268,50.0,0.03678118588440841,0.44270282077828765
0.6057625000000001,50.0,0.03678285442629519,0.4414990777645243
0.606257,50.0,0.036784345558153256,0.4401952289653435
0.6067515,50.0,0.03678575873909657,0.43878385191475977
0.6072460000000001,50.0,0.036787133199997976,0.4373053386515057
0.6077405,50.0,0.0367883845871253,0.4357596749987023
0.6082350000000001,50.0,0.03678951700895143,0.4341547413970318
0.6087295,50.0,0.036790626282810455,0.43251926198279217
0.6092240000000001,50.0,0.03679171292858172,0.43085396986985763
0.6097185,50.0,0.03679271478064857,0.42917535917125615
0.610213,50.0,0.03679365006029488,0.4274922763246296
0.6107075000000001,50.0,0.03679454751283268,0.4258627485255594
0.611202,50.0,0.036795370975583164,0.424294160502434
0.6116965000000001,50.0,0.036796085789563795,0.4227943738593979
0.612191,50.0,0.036796747916120115,0.42139823189255327
0.6126855,50.0,0.03679739487497801,0.4201367503203561
0.6131800000000001,50.0,0.03679793734700672,0.41903803231552683
0.6136745,50.0,0.03679838569918837,0.41810340979988236
0.6141690000000001,50.0,0.036798860887568396,0.41736539287603186
0.6146635,50.0,0.036799367974488885,0.4168356061702151
0.6151580000000001,50.0,0.03679990485076611,0.4165235851928648
0.6156525,50.0,0.03680049158583382,0.416439023096137
0.616147,50.0,0.036801041632506686,0.4166030287541843
0.6166415000000001,50.0,0.03680156303442633,0.4169986296123916
0.617136,50.0,0.036802145483251406,0.41761160132190533
0.6176305000000001,50.0,0.0368026771249784,0.4184487813325461
0.618125,50.0,0.036803093857079625,0.41949233531125524
0.6186195000000001,50.0,0.0368035012728524,0.42070435021353053
0.619114,50.0,0.03680387120187472,0.42208549035268467
0.6196085,50.0,0.03680415794663475,0.4235852963626868
0.6201030000000001,50.0,0.0368044148222201,0.42516582379190593
0.6205975,50.0,0.03680466389245293,0.4268290633743533
0.6210920000000001,50.0,0.03680487022083472,0.4285180184944965
0.6215865,50.0,0.03680499051858197,0.4302433645558272
0.622081,50.0,0.03680508362481237,0.4319351082554975
0.6225755000000001,50.0,0.036805197095813695,0.43358622524394863
0.62307,50.0,0.03680524702225995,0.435216656553769
0.6235645000000001,50.0,0.03680516869996854,0.43676698991812085
0.624059,50.0,0.03680498257211175,0.43823670362651745
0.6245535000000001,50.0,0.03680470739734338,0.43961173579589824
0.625048,50.0,0.03680434861854985,0.44089368133758233
0.6255425,50.0,0.03680394079005078,0.44205828258209995
0.6260370000000001,50.0,0.03680345810280045,0.4430889449964971
0.6265315,50.0,0.03680288674946911,0.44400943511692986
0.6270260000000001,50.0,0.03680233373729092,0.44480369362402516
0.6275205,50.0,0.03680177463025207,0.44542507058250946
0.6280150000000001,50.0,0.03680110883966908,0.445914503840008
0.6285095,50.0,0.03680041604062962,0.44625809678626305
0.629004,50.0,0.03679969155524539,0.44643513922267536
0.6294985000000001,50.0,0.03679881299644902,0.44644719880128
0.629993,50.0,0.03679784131639411,0.44627690231559963
0.6304875000000001,50.0,0.03679684260117172,0.4459370213567339
0.630982,50.0,0.036795725824940395,0.4454089389717301
0.6314765,50.0,0.03679444980485862,0.4447103283476973
0.6319710000000001,50.0,0.03679306364119139,0.4438201334623252
0.6324655,50.0,0.03679162487177106,0.44276478551213333
0.6329600000000001,50.0,0.036790161859515697,0.4415495551474922
0.6334545,50.0,0.03678863545264641,0.4401934395430308
0.6339490000000001,50.0,0.03678704124640895,0.43871991701804036
0.6344435,50.0,0.03678539783115607,0.43714085820833326
0.634938,50.0,0.03678368398835023,0.4355064356301028
0.6354325000000001,50.0,0.03678192363168275,0.43382389710435715
0.635927,50.0,0.03678008565411246,0.43212416870816484
0.6364215000000001,50.0,0.036778126079411465,0.4304598675363872
0.636916,50.0,0.03677612772730291,0.4288386524288678
0.6374105000000001,50.0,0.03677410715532451,0.4273077385259465
0.637905,50.0,0.036772018722586536,0.4258610321448539
0.6383995,50.0,0.03676994107740625,0.42454948478159804
0.6388940000000001,50.0,0.03676792442358517,0.42341393033299035
0.6393885,50.0,0.036765856940312494,0.4224035462571771
0.6398830000000001,50.0,0.036763744390844115,0.42158927367977644
0.6403775,50.0,0.03676173428133498,0.4209466408095807
0.640872,50.0,0.03675976599176751,0.4204906696887815
0.6413665000000001,50.0,0.036757735637786663,0.42022418354600277
0.641861,50.0,0.03675567822976903,0.4201044589955916
0.6423555000000001,50.0,0.036753580714958656,0.4201860426349829
0.64285,50.0,0.036751443763053164,0.42041539004619055
0.6433445000000001,50.0,0.03674929044579415,0.4207801250887425
0.643839,50.0,0.0367470952476505,0.42129843156465135
0.6443335,50.0,0.03674487428655093,0.42195046946212283
0.6448280000000001,50.0,0.03674266080959472,0.42271055348725955
0.6453225,50.0,0.0367404655528106,0.42358597274087445
0.6458170000000001,50.0,0.03673829087707415,0.4245723169579067
0.6463115,50.0,0.036736105389170735,0.4256389902353502
0.6468060000000001,50.0,0.03673390635534736,0.4268031743634988
0.6473005000000001,50.0,0.03673169812406754,0.42804363364395137
0.647795,50.0,0.03672941527719611,0.4293460799611499
0.6482895000000001,50.0,0.03672710242090624,0.43071302101819375
0.648784,50.0,0.03672484745790561,0.43212437466854187
0.6492785000000001,50.0,0.036722528175297454,0.43357337176410016
0.649773,50.0,0.036720091368769504,0.43503923225967567
0.6502675,50.0,0.03671768515279971,0.43649760998548576
0.6507620000000001,50.0,0.03671532187891139,0.43794300612033754
0.6512565,50.0,0.03671293200686842,0.4393497919264676
0.6517510000000001,50.0,0.036710550719479255,0.44068253340203123
0.6522455,50.0,0.03670818643554484,0.44191909663482554
0.6527400000000001,50.0,0.03670579561098455,0.4430497737763264
0.6532345,50.0,0.03670338864145049,0.4440581505135866
0.653729,50.0,0.03670095701963839,0.44487349833138234
0.6542235000000001,50.0,0.03669843203699891,0.4455366477306215
0.654718,50.0,0.036695832137089296,0.4460218217483699
0.6552125000000001,50.0,0.036693178986052476,0.4462859166369003
0.655707,50.0,0.03669044520484897,0.44637257315306805
0.6562015000000001,50.0,0.03668768424549505,0.4462465898056891
0.6566960000000001,50.0,0.03668491943521435,0.4459289079709919
0.6571905,50.0,0.03668211855459378,0.4454358885864813
0.6576850000000001,50.0,0.03667925034195889,0.44474599439244117
0.6581795,50.0,0.03667633229234617,0.44391890468567663
0.6586740000000001,50.0,0.036673467830426736,0.4429540936013258
0.6591685,50.0,0.03667060383428579,0.44185744152612966
0.659663,50.0,0.0366676202786899,0.44068589471195035
0.6601575000000001,50.0,0.03666460534246222,0.4394323527996994
0.660652,50.0,0.036661598641519896,0.4381289572270643
0.6611465000000001,50.0,0.03665851391835022,0.436816648883771
0.661641,50.0,0.03665539290533042,0.4354910298268411
0.6621355000000001,50.0,0.03665228770874489,0.4341530234167595
0.66263,50.0,0.036649151175964935,0.43286206736499827
0.6631245,50.0,0.03664602862800861,0.43161157384521626
0.6636190000000001,50.0,0.03664297340971542,0.4303859891359241
0.6641135,50.0,0.03663993543771385,0.4292163238152704
0.6646080000000001,50.0,0.036636917573929555,0.42811271243108434
0.6651025,50.0,0.036633919679864034,0.4270752177889681
0.6655970000000001,50.0,0.03663087654328635,0.4261081017713808
0.6660915000000001,50.0,0.03662780320410473,0.42522110247678824
0.666586,50.0,0.036624774099831,0.4244358313783662
0.6670805000000001,50.0,0.03662175724372892,0.42375311606468025
0.667575,50.0,0.03661867195120683,0.42317286519194053
0.6680695000000001,50.0,0.03661555603754264,0.4227077757040236
0.668564,50.0,0.036612491960946646,0.4223973610192663
0.6690585,50.0,0.03660947673523398,0.4222246732587545
0.6695530000000001,50.0,0.03660645457009788,0.4221686076679898
0.6700475,50.0,0.036603448266140565,0.4222922657419117
0.6705420000000001,50.0,0.036600523995955474,0.4225813789785035
0.6710365,50.0,0.03659761435341844,0.42300829894432834
0.6715310000000001,50.0,0.0365946908976597,0.4236236986268117
0.6720255,50.0,0.0365918283476589,0.42437563597046757
0.67252,50.0,0.036588943235762506,0.4252760909120791
0.6730145000000001,50.0,0.036585999158179075,0.42634071736848855
0.673509,50.0,0.036583085966029966,0.4274915362347697
0.6740035000000001,50.0,0.03658017652756527,0.4287696527552882
0.674498,50.0,0.036577291223288566,0.43011194197790026
0.6749925000000001,50.0,0.03657448370588338,0.43149563539464053
0.6754870000000001,50.0,0.03657167083348849,0.43291913327700066
0.6759815,50.0,0.03656882911238257,0.43432115342237215
0.6764760000000001,50.0,0.036566058160077325,0.4357005505979438
0.6769705,50.0,0.036563351245085765,0.43702323075119454
0.6774650000000001,50.0,0.036560602357442906,0.43827054527222437
0.6779595,50.0,0.036557812542153546,0.4394055112079535
0.678454,50.0,0.03655503312596152,0.44045179130001183
0.6789485000000001,50.0,0.03655224274965898,0.4413832180430732
0.679443,50.0,0.036549399513414314,0.4421633882947601
0.6799375000000001,50.0,0.03654652068130379,0.4428180892470485
0.680432,50.0,0.03654364948359315,0.4433355234675146
0.6809265000000001,50.0,0.03654075930827798,0.4437176622028542
0.681421,50.0,0.03653784556175161,0.4439691971571542
0.6819155,50.0,0.036534986558563444,0.44407464135617564
0.6824100000000001,50.0,0.03653217477678277,0.44406309447690795
0.6829045,50.0,0.03652933254930129,0.4439301846165253
0.6833990000000001,50.0,0.03652647032621981,0.4436873236328018
0.6838935,50.0,0.036523595433846846,0.4433292279956263
0.6843880000000001,50.0,0.03652068029148034,0.44288101433109733
0.6848825000000001,50.0,0.036517793757469545,0.44233563789004443
0.685377,50.0,0.036514911136914095,0.4416674591683008
0.6858715000000001,50.0,0.036511931711301154,0.44094883697069054
0.686366,50.0,0.036508974483967095,0.44012090265641524
0.6868605000000001,50.0,0.036506100808309704,0.439195236452326
0.687355,50.0,0.03650320404989035,0.438218942250041
0.6878495,50.0,0.03650031464081957,0.43713391754759273
0.6883440000000001,50.0,0.036497489839560825,0.4359922920350086
0.6888385,50.0,0.03649469657920959,0.4348138289678339
0.6893330000000001,50.0,0.03649191508360668,0.4335863938835618
0.6898275,50.0,0.03648915875644678,0.4323378430407838
0.6903220000000001,50.0,0.036486441613615826,0.43108165188981906
0.6908165000000001,50.0,0.03648371281116073,0.42985325389076656
0.691311,50.0,0.03648093728648428,0.4286822475755811
0.6918055000000001,50.0,0.03647817858806047,0.42755334155265323
0.6923,50.0,0.036475481634452876,0.4265106540086236
0.6927945000000001,50.0,0.0364728288736059,0.42558605534530536
0.693289,50.0,0.03647021398079429,0.4247792727058642
0.6937835000000001,50.0,0.03646764439737153,0.4241039292170623
0.6942780000000001,50.0,0.03646510834386946,0.42358645137364354
0.6947725,50.0,0.03646265135589543,0.4232435145399732
0.6952670000000001,50.0,0.03646028180359117,0.423040350762746
0.6957615,50.0,0.036457887346993616,0.4230168414052511
0.6962560000000001,50.0,0.03645549845974148,0.42315768086735894
0.6967505,50.0,0.03645320511944212,0.4234616868248564
0.697245,50.0,0.03645091453679286,0.4239031777205789
0.6977395000000001,50.0,0.036448600176690785,0.4244668213223202
0.698234,50.0,0.03644636508574485,0.4251500514789243
0.6987285000000001,50.0,0.03644416491336301,0.4259307832731627
0.699223,50.0,0.03644194610262971,0.4267969652456325
0.6997175000000001,50.0,0.0364398052725208,0.42770517160776617
0.7002120000000001,50.0,0.03643776271031852,0.42867343978500905
0.7007065,50.0,0.03643577333478706,0.4296669203263768
0.7012010000000001,50.0,0.036433808491939404,0.4306759864424374
0.7016955,50.0,0.036431837658760645,0.4317112812000445
0.7021900000000001,50.0,0.03642989530650357,0.4327275545901465
0.7026845,50.0,0.03642798063880363,0.4337349440212985
0.7031790000000001,50.0,0.03642606256875122,0.43474819775250423
0.7036735000000001,50.0,0.0364241444218065,0.43571175015387864
0.704168,50.0,0.03642220465569522,0.43665828197713386
0.7046625000000001,50.0,0.03642029295936873,0.43758434997977375
0.705157,50.0,0.036418449446551676,0.43844599320426253
0.7056515000000001,50.0,0.036416595507761274,0.4392613110804252
0.706146,50.0,0.03641473506031905,0.4400125661903733
0.7066405,50.0,0.03641294259741171,0.4407103023871608
0.7071350000000001,50.0,0.036411163380158755,0.4413195458960018
0.7076295,50.0,0.03640934254936701,0.4418252461506369
0.7081240000000001,50.0,0.036407572703159745,0.44223300713922015
0.7086185,50.0,0.036405836206714844,0.44253031659621234
0.7091130000000001,50.0,0.03640400097164376,0.44269501851772997
0.7096075000000001,50.0,0.03640212638056421,0.44272343813853554
0.710102,50.0,0.03640029265024658,0.4426048815063242
0.7105965000000001,50.0,0.036398458094276304,0.44234898251229077
0.711091,50.0,0.036396638255778144,0.4419321385891397
0.7115855000000001,50.0,0.0363948398152975,0.4413756359875548
0.71208,50.0,0.036393047588034584,0.44069518542906766
0.7125745000000001,50.0,0.03639130851180033,0.43987683780975484
0.7130690000000001,50.0,0.03638962012786129,0.43895404841481367
0.7135635,50.0,0.03638793404622096,0.4379321283973491
0.7140580000000001,50.0,0.03638624488800007,0.43685548732006985
0.7145525,50.0,0.03638456723313653,0.43571847615074094
0.7150470000000001,50.0,0.036382919129132774,0.43455925722083993
0.7155415,50.0,0.036381285145620626,0.43339666749336847
0.716036,50.0,0.03637964096157677,0.4322438848122773
0.7165305000000001,50.0,0.036378052388423746,0.4311406003172625
0.717025,50.0,0.03637650166389713,0.43007849860663333
0.7175195000000001,50.0,0.036374912985779294,0.42910997471930123
0.718014,50.0,0.036373411381324564,0.42819158609964963
0.7185085000000001,50.0,0.03637204316765147,0.42737421941061965
0.7190030000000001,50.0,0.03637067766059879,0.42667024483776456
0.7194975,50.0,0.03636931835164372,0.42603956101974627
0.7199920000000001,50.0,0.03636802543319422,0.42552269248864577
0.7204865,50.0,0.036366763364122395,0.425099789839734
0.7209810000000001,50.0,0.03636551181653711,0.42477712303769494
0.7214755,50.0,0.03636429614536803,0.4245463026764732
0.7219700000000001,50.0,0.03636308734802628,0.42439951753455946
0.7224645000000001,50.0,0.03636189926910158,0.4243640691498277
0.722959,50.0,0.0363608061368454,0.42440216605759024
0.7234535000000001,50.0,0.036359769278493825,0.4245215188639893
0.723948,50.0,0.03635876665440351,0.4247450085898767
0.7244425000000001,50.0,0.036357848583565146,0.4250428472071063
0.724937,50.0,0.036356988394421925,0.42544334559111907
0.7254315,50.0,0.0363561647158869,0.4259214812195233
0.7259260000000001,50.0,0.0363553969805754,0.4264893701004376
0.7264205,50.0,0.036354704325200896,0.4271533923213267
0.7269150000000001,50.0,0.036354060412929455,0.42789723623317466
0.7274095,50.0,0.03635337263918751,0.4287278684513833
0.7279040000000001,50.0,0.036352684292377736,0.42962563354961714
0.7283985000000001,50.0,0.036352098498495,0.4305901485549096
0.728893,50.0,0.03635153265989397,0.431599879612607
0.7293875000000001,50.0,0.036350947189838986,0.4326518909854653
0.729882,50.0,0.036350436127725344,0.43371195621035147
0.7303765000000001,50.0,0.0363499712503402,0.4347617574916946
0.730871,50.0,0.03634951734899839,0.4358010341976449
0.7313655000000001,50.0,0.03634912264581864,0.43678461082801207
0.7318600000000001,50.0,0.03634872575779716,0.4376886873702892
0.7323545,50.0,0.03634828914459459,0.4385210395101855
0.7328490000000001,50.0,0.036347876552681624,0.43925416195101635
0.7333435,50.0,0.036347460824896774,0.4398623190367215
0.7338380000000001,50.0,0.03634701665234918,0.4403353979388447
0.7343325,50.0,0.03634659957705557,0.44069156677444593
0.734827,50.0,0.03634620286881387,0.44091734606113625
0.7353215000000001,50.0,0.03634576832941131,0.44098304526347337
0.735816,50.0,0.03634533432477857,0.44093562216743803
0.7363105000000001,50.0,0.03634498738677529,0.44075302901574426
0.736805,50.0,0.03634469127788632,0.44046826197771605
0.7372995000000001,50.0,0.036344380050465884,0.4400656278211958
0.7377940000000001,50.0,0.03634406672360435,0.4395643918748951
0.7382885,50.0,0.03634380000202318,0.4390138124069145
0.7387830000000001,50.0,0.03634356088771386,0.4383721208334022
0.7392775,50.0,0.03634327117411512,0.43768308007928447
0.7397720000000001,50.0,0.0363429818678402,0.436960414704033
0.7402665,50.0,0.036342718707369076,0.43619562048104343
0.7407610000000001,50.0,0.036342423285797995,0.43541723431173984
0.7412555000000001,50.0,0.036342171778469115,0.4346141149269545
0.74175,50.0,0.03634197884445766,0.43378932762936684
0.7422445000000001,50.0,0.03634177021203295,0.43296658225879375
0.742739,50.0,0.03634159772393317,0.4321318950059479
0.7432335000000001,50.0,0.03634146070789157,0.43128811087940433
0.7437280000000001,50.0,0.03634129778965991,0.4304528476186416
0.7442225,50.0,0.03634118305463164,0.42962295533810385
0.7447170000000001,50.0,0.036341135708437416,0.4288086726969827
0.7452115,50.0,0.036341044287631796,0.42802196845811535
0.7457060000000001,50.0,0.03634092043583113,0.42727042111370345
0.7462005,50.0,0.03634085866477528,0.42655996764282417
0.7466950000000001,50.0,0.03634084801001466,0.42592450594018555
0.7471895000000001,50.0,0.03634084311560223,0.42535823215172813
0.747684,50.0,0.0363408633932124,0.42486186932815306
0.7481785000000001,50.0,0.03634096413767075,0.42448295209636405
0.748673,50.0,0.03634114454301222,0.42421866466518793
0.7491675000000001,50.0,0.03634136602378545,0.4240571739438855
0.749662,50.0,0.036341647016511366,0.4240278123518527
0.7501565000000001,50.0,0.036341984720729616,0.4241378691064298
0.7506510000000001,50.0,0.03634232452891111,0.42437519216086306
0.7511455,50.0,0.03634267541997988,0.4247407412420213
0.7516400000000001,50.0,0.036343080652618105,0.4252363367200776
0.7521345,50.0,0.03634351119127046,0.425833935952569
0.7526290000000001,50.0,0.03634395770729254,0.42654305540738463
0.7531235000000001,50.0,0.03634445154494013,0.42732662145630357
0.753618,50.0,0.03634492901841989,0.428163968541603
0.7541125000000001,50.0,0.036345420635302564,0.4290729969253858
0.754607,50.0,0.0363460329072778,0.4299763856187891
0.7551015000000001,50.0,0.0363466489667846,0.43089438434014027
0.755596,50.0,0.03634721780432588,0.43181747677500965
0.7560905000000001,50.0,0.03634785337763924,0.43268142336927806
0.7565850000000001,50.0,0.036348522421055414,0.43353794219916986
0.7570795,50.0,0.036349162112875415,0.43433465044916875
0.7575740000000001,50.0,0.03634979137453941,0.43506870261154895
0.7580685,50.0,0.03635042479095775,0.4357448989964905
0.7585630000000001,50.0,0.03635105720245091,0.43635556667114395
0.7590575,50.0,0.03635168956129165,0.4369114683387751
0.759552,50.0,0.03635235594838914,0.4373810340459086
0.7600465000000001,50.0,0.036353077873570665,0.4377898118993542
0.760541,50.0,0.03635382122762488,0.43812978644082656
0.7610355000000001,50.0,0.03635456146785576,0.43841557350390964
0.76153,50.0,0.036355325246572465,0.43862548962079034
0.7620245000000001,50.0,0.03635610909054243,0.43875893785987935
0.7625190000000001,50.0,0.03635690564033961,0.4388519920121417
0.7630135,50.0,0.036357720942178304,0.4388617085924209
0.7635080000000001,50.0,0.03635849038310834,0.438785037705208
0.7640025,50.0,0.036359212265318124,0.4386508192449503
0.7644970000000001,50.0,0.03635998412672529,0.4384377018874112
0.7649915,50.0,0.036360763726414565,0.4381210749965432
0.7654860000000001,50.0,0.0363614641785059,0.43771940267110904
0.7659805000000001,50.0,0.03636218002710274,0.4372367170745237
0.766475,50.0,0.03636295690524094,0.4366515004669474
0.7669695000000001,50.0,0.03636370267124314,0.4359952503688087
0.767464,50.0,0.036364455440360995,0.4352551696293224
0.7679585000000001,50.0,0.03636526066892722,0.43442757483780026
0.768453,50.0,0.03636603182808437,0.4335766138916591
0.7689475,50.0,0.03636677073329696,0.43267251588057715
0.7694420000000001,50.0,0.036367513284923374,0.43173646070528593
0.7699365,50.0,0.03636826083226301,0.4308214188289696
0.7704310000000001,50.0,0.03636903941722394,0.42989227478187275
0.7709255,50.0,0.03636981970513254,0.429021405504588
0.7714200000000001,50.0,0.03637060169547965,0.42820000926536356
0.7719145000000001,50.0,0.03637142057707837,0.42742803741920715
0.772409,50.0,0.036372285066030914,0.4267675865261189
0.7729035000000001,50.0,0.03637321767817923,0.42618664067013917
0.773398,50.0,0.03637416770117647,0.4257048150599745
0.7738925000000001,50.0,0.03637510543227245,0.4253358420550452
0.774387,50.0,0.03637611182525544,0.42508674929410256
0.7748815000000001,50.0,0.036377171477015365,0.4249462374467104
0.7753760000000001,50.0,0.036378188585051416,0.424896394933689
0.7758705,50.0,0.03637920148272994,0.42495376558561193
0.7763650000000001,50.0,0.03638026395966877,0.42510478665200624
0.7768595,50.0,0.0363812896265966,0.42533714585922794
0.7773540000000001,50.0,0.03638229476542422,0.4256349053220484
0.7778485,50.0,0.03638338694308476,0.4259825778132338
0.778343,50.0,0.036384507635149145,0.42640244069369587
0.7788375000000001,50.0,0.03638560597143306,0.42685470865701874
0.779332,50.0,0.03638673119452005,0.4273372641958063
0.7798265000000001,50.0,0.03638787488149294,0.42787051379778057
0.780321,50.0,0.03638902839179406,0.428428044555196
0.7808155000000001,50.0,0.036390211718715315,0.42900227969113963
0.7813100000000001,50.0,0.03639137521070923,0.42961201765495316
0.7818045,50.0,0.036392507879916124,0.4302602208344113
0.7822990000000001,50.0,0.03639367255562562,0.4309056662424891
0.7827935,50.0,0.03639486264866582,0.4315982651748367
0.7832880000000001,50.0,0.03639605027710023,0.4322911550240735
0.7837825,50.0,0.03639722654575016,0.4329899275064574
0.7842770000000001,50.0,0.03639842234967522,0.4337140269624127
0.7847715000000001,50.0,0.03639967780374371,0.4344162260750446
0.785266,50.0,0.03640092465272016,0.43510476966176287
0.7857605000000001,50.0,0.03640217187359043,0.43577205124496016
0.786255,50.0,0.036403488053299314,0.4363777345771917
0.7867495000000001,50.0,0.03640476088350363,0.43694549362075114
0.787244,50.0,0.03640595100586075,0.4374495168779538
0.7877385,50.0,0.03640716572665291,0.4378386277645584
0.7882330000000001,50.0,0.03640838256167854,0.43815862959147456
0.7887275,50.0,0.03640954144080763,0.4383635505661516
0.7892220000000001,50.0,0.03641067775210019,0.43845570980138804
0.7897165,50.0,0.03641180786441206,0.4384331243884052
0.7902110000000001,50.0,0.03641291611312609,0.43829066416560003
0.7907055000000001,50.0,0.03641404561734641,0.4380473083531417
0.7912,50.0,0.03641518218541337,0.4376738858008051
0.7916945000000001,50.0,0.03641626008183697,0.4372207971613444
0.792189,50.0,0.03641734129997655,0.436684258453957
0.7926835000000001,50.0,0.036418453804947695,0.4360720115216459
0.793178,50.0,0.03641953468205093,0.4354106129134224
0.7936725000000001,50.0,0.03642059318383473,0.4347002839447818
0.7941670000000001,50.0,0.036421653191740525,0.4339808309537132
0.7946615,50.0,0.03642270377611718,0.4332519393775511
0.7951560000000001,50.0,0.03642372625470822,0.43252367772811207
0.7956505,50.0,0.03642474507751463,0.4318216159092037
0.7961450000000001,50.0,0.03642583257297365,0.4311346081036992
0.7966395000000001,50.0,0.03642695479156021,0.4304839153505716
0.797134,50.0,0.036428029096872865,0.42988370065703624
0.7976285000000001,50.0,0.03642912813514372,0.4293135723721129
0.798123,50.0,0.036430292405645645,0.4287763275608994
0.7986175000000001,50.0,0.03643142426904106,0.42829701899231626
0.799112,50.0,0.03643254276451591,0.42785835568848085
0.7996065000000001,50.0,0.036433670527552364,0.4274368099444127
0.8001010000000001,50.0,0.03643475037221217,0.427088885047869
0.8005955,50.0,0.036435847191113244,0.426764191836774
0.8010900000000001,50.0,0.03643697443308357,0.42648370256215407
0.8015845,50.0,0.03643805696726007,0.4262552927835587
0.8020790000000001,50.0,0.036439136665588456,0.42606081360678894
0.8025735,50.0,0.036440260050981076,0.42595705462138234
0.8030680000000001,50.0,0.03644138212542713,0.42588810675307986
0.8035625000000001,50.0,0.03644250116999622,0.42588626835314
0.804057,50.0,0.03644367921333992,0.4259735131227973
0.8045515000000001,50.0,0.03644488193235314,0.42613910047097303
0.805046,50.0,0.0364460358642029,0.42638827464708856
0.8055405000000001,50.0,0.03644717702265045,0.4267189197887583
0.8060350000000001,50.0,0.036448353841178345,0.42714249632135387
0.8065295,50.0,0.03644954676925557,0.4276581494825178
0.8070240000000001,50.0,0.036450706472465004,0.42823082436576343
0.8075185,50.0,0.03645185020541655,0.42888891509327226
0.8080130000000001,50.0,0.03645304904959031,0.4296045545175351
0.8085075,50.0,0.036454261659026585,0.43034946313534006
0.8090020000000001,50.0,0.03645546303893832,0.4311321598977991
0.8094965000000001,50.0,0.03645669856635013,0.4319088399020584
0.809991,50.0,0.0364579055504741,0.4326926347594352
0.8104855000000001,50.0,0.03645908477204899,0.4334401210956322
0.81098,50.0,0.03646029851939281,0.43414900153994473
0.8114745000000001,50.0,0.036461472637738766,0.43479574502104756
0.811969,50.0,0.03646259279047458,0.4353796944485786
0.8124635000000001,50.0,0.036463728318305896,0.43588899428577543
0.8129580000000001,50.0,0.03646480980747559,0.43631343303402104
0.8134525,50.0,0.03646581161949256,0.43665403263224395
0.8139470000000001,50.0,0.03646684990151735,0.4368969285589221
0.8144415,50.0,0.036467909706459516,0.4370737640911215
0.8149360000000001,50.0,0.036468913898079595,0.43716098259807523
0.8154305000000001,50.0,0.03646989364536485,0.43716731776678946
0.815925,50.0,0.03647089393202415,0.43712222710106374
0.8164195000000001,50.0,0.03647190512229024,0.43700425093219375
0.816914,50.0,0.03647287493303927,0.43684170115170523
0.8174085000000001,50.0,0.03647380198264573,0.4366292898916356
0.817903,50.0,0.03647471991323206,0.4363731287173013
0.8183975000000001,50.0,0.03647561551435505,0.4361023829229908
0.8188920000000001,50.0,0.03647648965574413,0.43577254127721965
0.8193865,50.0,0.036477365791273815,0.4354196434008841
0.8198810000000001,50.0,0.03647823275048959,0.4350431709975383
0.8203755,50.0,0.03647906741028721,0.43462137890184
0.8208700000000001,50.0,0.03647990722509581,0.43417688594218906
0.8213645,50.0,0.036480756165465394,0.43367972390310994
0.8218590000000001,50.0,0.03648157429583946,0.433163434358399
0.8223535000000001,50.0,0.036482427878786194,0.4326097139127874
0.822848,50.0,0.03648328386689581,0.4320158808195998
0.8233425000000001,50.0,0.036484037946874145,0.4314141956317426
0.823837,50.0,0.03648479793980768,0.43079000341214724
0.8243315000000001,50.0,0.036485601983147445,0.43014927027762245
0.8248260000000001,50.0,0.03648633441672618,0.4295286688390637
0.8253205,50.0,0.036487025407531355,0.4289238823255724
0.8258150000000001,50.0,0.03648774458415706,0.42833652405606243
0.8263095,50.0,0.036488474608308584,0.42780988433554185
0.8268040000000001,50.0,0.03648921197350581,0.42733830594894484
0.8272985,50.0,0.036489962334999196,0.4269352922632236
0.8277930000000001,50.0,0.03649072114928773,0.42660747932947696
0.8282875000000001,50.0,0.036491483600464225,0.4263852514720015
0.828782,50.0,0.036492240481141205,0.4262568347003844
0.8292765000000001,50.0,0.03649300692740901,0.4262219489898354
0.829771,50.0,0.036493789962717474,0.42629093811886803
0.8302655000000001,50.0,0.03649455907343804,0.42645872439399357
0.83076,50.0,0.03649532127492314,0.4267274951392338
0.8312545000000001,50.0,0.03649607509002082,0.4270577874087725
0.8317490000000001,50.0,0.036496803750919155,0.4274703839471339
0.8322435,50.0,0.03649757324321978,0.42793929607960174
0.8327380000000001,50.0,0.0364983775195915,0.4284546082579686
0.8332325,50.0,0.036499126444609495,0.42898973595885465
0.8337270000000001,50.0,0.03649986828831761,0.4295447014153067
0.8342215000000001,50.0,0.03650068449962584,0.43012292859067874
0.834716,50.0,0.03650148210827158,0.43067414627835865
0.8352105000000001,50.0,0.03650220503520088,0.4312288069043732
0.835705,50.0,0.0365029447991801,0.43176691554164426
0.8361995000000001,50.0,0.03650366511296839,0.4322752475159838
0.836694,50.0,0.0365043251319358,0.4327866492805299
0.8371885000000001,50.0,0.03650500210087349,0.4332497109497403
0.8376830000000001,50.0,0.036505672010605145,0.433699682079532
0.8381775,50.0,0.03650631466736716,0.4341394956684378
0.8386720000000001,50.0,0.03650695373916297,0.434539232012826
0.8391665,50.0,0.03650757057990645,0.43493796908853005
0.8396610000000001,50.0,0.03650819073253103,0.435296940596526
0.8401555,50.0,0.036508822445726924,0.43563773790557186
0.8406500000000001,50.0,0.03650944051761183,0.43596279499217666
0.8411445000000001,50.0,0.03651002947981954,0.4362426326631454
0.841639,50.0,0.036510570572578394,0.4364829941245247
0.8421335000000001,50.0,0.03651110633802875,0.43668836662335986
0.842628,50.0,0.036511653173407634,0.43684516595450995
0.8431225000000001,50.0,0.03651212455437524,0.43691942584668303
0.8436170000000001,50.0,0.036512531476821014,0.43693393648148615
0.8441115,50.0,0.03651297760113877,0.43688562029612055
0.8446060000000001,50.0,0.03651341948884518,0.4367405884536869
0.8451005,50.0,0.036513802151937974,0.43651639501153017
0.8455950000000001,50.0,0.03651420575980863,0.4362068133816596
0.8460895,50.0,0.036514615614473375,0.43581978691175544
0.8465840000000001,50.0,0.036514953749098696,0.43536679500044284
0.8470785000000001,50.0,0.036515275010664094,0.4348375161948524
0.847573,50.0,0.0365156105637048,0.43425688946789787
0.8480675000000001,50.0,0.03651590655526296,0.4336468476451324
0.848562,50.0,0.03651617663728331,0.43300828270912617
0.8490565000000001,50.0,0.036516431393581156,0.4323496793017876
0.8495510000000001,50.0,0.0365166431912736,0.43171070780074117
0.8500455000000001,50.0,0.036516866397423645,0.43109767285328293
0.8505400000000001,50.0,0.03651712002509478,0.4304920787578884
0.8510345,50.0,0.03651733968557394,0.4299585164345262
0.8515290000000001,50.0,0.03651754554782306,0.42946843944798035
0.8520235,50.0,0.03651777825550531,0.42903052066734837
0.8525180000000001,50.0,0.03651804160838089,0.4286837848280258
0.8530125000000001,50.0,0.03651829943793741,0.4283738879770566
0.853507,50.0,0.03651850242926551,0.4281473130416799
0.8540015000000001,50.0,0.03651872077021417,0.42798026122618293
0.854496,50.0,0.03651894649472435,0.4278660237188197
0.8549905000000001,50.0,0.036519104058823484,0.42782134120574355
0.855485,50.0,0.03651928353430288,0.42780208897271826
0.8559795000000001,50.0,0.03651950784847194,0.4278326767602236
0.8564740000000001,50.0,0.03651968666956478,0.4279048581786844
0.8569685,50.0,0.03651985008607136,0.42801132590427493
0.8574630000000001,50.0,0.03652005434035617,0.4281340459683799
0.8579575,50.0,0.036520260381941,0.42829795143760097
0.8584520000000001,50.0,0.036520463120268125,0.42849916964300233
0.8589465000000001,50.0,0.03652068089922983,0.42871294939041443
0.8594410000000001,50.0,0.03652086263691483,0.4289760259383644
0.8599355000000001,50.0,0.036521031400603816,0.4292813233246883
0.86043,50.0,0.03652124409345397,0.42961500482060233
0.8609245000000001,50.0,0.03652142910854276,0.4299979324379741
0.861419,50.0,0.036521557282730585,0.43042162496981057
0.8619135000000001,50.0,0.036521699950458376,0.430881636167673
0.8624080000000001,50.0,0.036521864098886477,0.4313907754641288
0.8629025,50.0,0.03652201653872169,0.4319263694690042
0.8633970000000001,50.0,0.036522166956026794,0.43247636904651815
0.8638915,50.0,0.036522337517280394,0.43305240887128726
0.8643860000000001,50.0,0.03652251129842203,0.43362974012298217
0.8648805,50.0,0.036522636375827575,0.4341896374921354
0.8653750000000001,50.0,0.036522732695147324,0.43474006208636895
0.8658695000000001,50.0,0.03652286477075518,0.43523802512171106
0.866364,50.0,0.03652296092341109,0.4356830358804901
0.8668585000000001,50.0,0.03652297976494447,0.43609323259723565
0.867353,50.0,0.036523009293308754,0.43640426061881893
0.8678475000000001,50.0,0.036523021520765614,0.436637134702829
0.8683420000000001,50.0,0.03652299948711705,0.43680884067404807
0.8688365000000001,50.0,0.036522999717900115,0.4368722019406216
0.8693310000000001,50.0,0.03652295605866086,0.4368520910602141
0.8698255,50.0,0.03652287320289647,0.43676175353690155
0.8703200000000001,50.0,0.03652283832021034,0.4365909469610845
0.8708145,50.0,0.0365228004274599,0.43636315313615004
0.8713090000000001,50.0,0.036522705674521774,0.43605981695991775
0.8718035000000001,50.0,0.036522602720863794,0.4357238167594902
0.872298,50.0,0.03652250360208989,0.43536467447961374
0.8727925000000001,50.0,0.036522347750474415,0.4349684933963169
0.873287,50.0,0.036522161636131006,0.434561427487312
0.8737815000000001,50.0,0.03652200644960776,0.4341425045096916
0.874276,50.0,0.036521846487300794,0.4337453174154241
0.8747705000000001,50.0,0.036521650407630495,0.4333293371426539
0.8752650000000001,50.0,0.03652143899738391,0.43293001273295434
0.8757595,50.0,0.03652125884493218,0.43254876447565166
0.8762540000000001,50.0,0.036521092737298845,0.4321540123979674
0.8767485,50.0,0.03652088081515957,0.43178625029046225
0.8772430000000001,50.0,0.03652065775056195,0.43141153425220863
0.8777375000000001,50.0,0.03652043928732217,0.43104364298954506
0.8782320000000001,50.0,0.03652019122200796,0.4306892927345078
0.8787265000000001,50.0,0.036519951011755813,0.43032873915609665
0.879221,50.0,0.036519704341238954,0.4299694247388242
0.8797155000000001,50.0,0.03651939360655192,0.4296351909191579
0.88021,50.0,0.0365191006192947,0.4293103204872695
0.8807045000000001,50.0,0.03651884800417787,0.429000693340084
0.8811990000000001,50.0,0.036518551291641325,0.42873093255539085
0.8816935,50.0,0.03651828270664155,0.4284883454266205
0.8821880000000001,50.0,0.0365180774315017,0.4282926308507333
0.8826825,50.0,0.03651782910216205,0.4281733180605622
0.8831770000000001,50.0,0.0365175621314855,0.42809445286119097
0.8836715,50.0,0.03651734115379914,0.42808718141032553
0.8841660000000001,50.0,0.036517130547103566,0.4281790317156548
0.8846605000000001,50.0,0.03651688924957367,0.4283192654233462
0.885155,50.0,0.03651662498494641,0.42855620446130355
0.8856495000000001,50.0,0.03651638287846566,0.428858980224005
0.886144,50.0,0.036516160445872116,0.4292339461257721
0.8866385000000001,50.0,0.03651592855139166,0.42966600201232025
0.8871330000000001,50.0,0.03651569425652875,0.4301342725987576
0.8876275000000001,50.0,0.036515460393697276,0.4306566114764685
0.8881220000000001,50.0,0.036515223635500756,0.4311901062872237
0.8886165,50.0,0.036514996542717865,0.43173083742280277
0.8891110000000001,50.0,0.036514782676935024,0.43226626630746945
0.8896055,50.0,0.036514537963645635,0.4327798672431723
0.8901000000000001,50.0,0.036514268308134055,0.4332792313395517
0.8905945000000001,50.0,0.036514013361310355,0.4337254721606102
0.891089,50.0,0.036513700816898476,0.4341347522154064
0.8915835000000001,50.0,0.03651335573076878,0.43450642500193815
0.892078,50.0,0.0365130754805651,0.4348030942800264
0.8925725000000001,50.0,0.03651276217001033,0.43507808583450336
0.893067,50.0,0.03651238661449214,0.43529538331001916
0.8935615000000001,50.0,0.036512065256989405,0.4354645035074155
0.8940560000000001,50.0,0.0365117739586504,0.4356003396526308
0.8945505,50.0,0.03651144529787919,0.4356976721296359
0.8950450000000001,50.0,0.036511108505045554,0.43577031107695496
0.8955395,50.0,0.03651076692387981,0.435807894838719
0.8960340000000001,50.0,0.03651041313447823,0.4358315455784744
0.8965285000000001,50.0,0.036510062036683465,0.4358233567327818
0.8970230000000001,50.0,0.036509691383773815,0.435806425614108
0.8975175000000001,50.0,0.036509301822963754,0.43574243362459736
0.898012,50.0,0.03650889323654962,0.4356660773160936
0.8985065000000001,50.0,0.03650846543650716,0.4355706886528968
0.899001,50.0,0.03650804440018376,0.4354062689350497
0.8994955000000001,50.0,0.03650760968309334,0.4352203464011521
0.8999900000000001,50.0,0.036507174858274136,0.4349892691442158
0.9004845,50.0,0.03650676006435769,0.4347086428507234
0.9009790000000001,50.0,0.03650630214887726,0.4343792308736818
0.9014735,50.0,0.036505808969976745,0.43400033931851556
0.9019680000000001,50.0,0.036505358381543854,0.4335865593293638
0.9024625000000001,50.0,0.03650490179086104,0.4331317518555694
0.9029570000000001,50.0,0.03650435912833852,0.4326454170632309
0.9034515000000001,50.0,0.03650382051169489,0.43215162347861175
0.903946,50.0,0.03650333828472118,0.4316405752193875
0.9044405000000001,50.0,0.03650282223111958,0.43114200239618383
0.904935,50.0,0.036502307033547954,0.4306647317348576
0.9054295000000001,50.0,0.03650183202142464,0.43020279596249605
0.9059240000000001,50.0,0.036501336613907205,0.4298074159815906
0.9064185000000001,50.0,0.03650086203584376,0.4294517917753099
0.9069130000000001,50.0,0.03650042305057646,0.4291589476809737
0.9074075,50.0,0.036499979096648635,0.4289372072030944
0.9079020000000001,50.0,0.036499550565033234,0.4287820143383161
0.9083965,50.0,0.0364991246969618,0.42871071501198926
0.9088910000000001,50.0,0.03649868090343095,0.42870370504530453
0.9093855000000001,50.0,0.036498233352643385,0.4287518051855956
0.90988,50.0,0.03649779619250399,0.4288741816703885
0.9103745000000001,50.0,0.03649737939742229,0.4290426658573133
0.910869,50.0,0.0364969465477341,0.42925038476794736
0.9113635000000001,50.0,0.0364964836575857,0.42948817100602127
0.9118580000000001,50.0,0.036496073429036935,0.4297517367722653
0.9123525000000001,50.0,0.03649570850810327,0.43003872580909985
0.9128470000000001,50.0,0.03649528257478018,0.43031884378015756
0.9133415,50.0,0.036494845090152536,0.4306088734207892
0.9138360000000001,50.0,0.0364944544627121,0.4309039029492559
0.9143305,50.0,0.036494032171429956,0.4312060220701685
0.9148250000000001,50.0,0.036493591553301265,0.43148351399741497
0.9153195000000001,50.0,0.03649318623397105,0.43178180750043127
0.9158140000000001,50.0,0.036492766969563564,0.43208118132923135
0.9163085000000001,50.0,0.0364923204104327,0.4323803964112747
0.916803,50.0,0.036491902283694644,0.4326924654580676
0.9172975000000001,50.0,0.03649149424501259,0.4329985624221377
0.917792,50.0,0.03649108323105907,0.43333703774431326
0.9182865000000001,50.0,0.03649071707811727,0.43366435439248396
0.9187810000000001,50.0,0.03649034094237302,0.4339967417393939
0.9192755,50.0,0.03648993487636501,0.4343464907690366
0.9197700000000001,50.0,0.03648956597800149,0.43466872025496994
0.9202645,50.0,0.03648920455242556,0.43498986861956285
0.9207590000000001,50.0,0.036488805996290535,0.4352909026577175
0.9212535000000001,50.0,0.03648836470770709,0.435543453274951
0.9217480000000001,50.0,0.036487919245475516,0.43577484429277186
0.9222425000000001,50.0,0.03648750901468736,0.4359412854967945
0.922737,50.0,0.036487061780964766,0.43604932486690834
0.9232315000000001,50.0,0.036486580406298645,0.43609900774548715
0.923726,50.0,0.036486140705723424,0.4360631292606588
0.9242205000000001,50.0,0.03648567647634234,0.4359747877129221
0.9247150000000001,50.0,0.036485169883136395,0.4358046392839487
0.9252095000000001,50.0,0.03648470166932305,0.4355679623536808
0.9257040000000001,50.0,0.03648423608077873,0.43527218567740206
0.9261985,50.0,0.03648372728224686,0.43492951443677963
0.9266930000000001,50.0,0.03648322409253518,0.4345504557974757
0.9271875,50.0,0.036482716671787874,0.43412448891548483
0.9276820000000001,50.0,0.03648218462343364,0.43370067323998207
0.9281765000000001,50.0,0.03648168723535599,0.43326829549234314
0.928671,50.0,0.036481195636681354,0.4328324808717981
0.9291655000000001,50.0,0.036480661549863395,0.4324192325844261
0.92966,50.0,0.036480163303816315,0.432033230568451
0.9301545000000001,50.0,0.03647972919159239,0.431673999367943
0.9306490000000001,50.0,0.03647928604296399,0.4313429217307073
0.9311435000000001,50.0,0.03647882254674595,0.4310619143628545
0.9316380000000001,50.0,0.036478380945376226,0.43080079579598973
0.9321325,50.0,0.03647795139285214,0.4305837415902132
0.9326270000000001,50.0,0.0364775071755439,0.4304043438956892
0.9331215,50.0,0.03647705237154255,0.4302304881434667
0.9336160000000001,50.0,0.036476617319220646,0.4301014658863613
0.9341105000000001,50.0,0.036476191977377115,0.42997784653169857
0.934605,50.0,0.036475720321137495,0.4298729121174404
0.9350995000000001,50.0,0.036475263808620664,0.4297976379094861
0.935594,50.0,0.03647485950181344,0.42969763514561354
0.9360885000000001,50.0,0.036474427268922284,0.4296493426167327
0.936583,50.0,0.03647400870368837,0.4296071049532102
0.9370775000000001,50.0,0.03647361680290076,0.42957084830860487
0.9375720000000001,50.0,0.03647319941976737,0.4295778823154601
0.9380665,50.0,0.03647282545817347,0.42961209220144125
0.9385610000000001,50.0,0.03647248307488961,0.4296856582932969
0.9390555,50.0,0.0364720839532718,0.42979352166723483
0.9395500000000001,50.0,0.03647168304534173,0.429953901365798
0.9400445000000001,50.0,0.036471343850168626,0.43016805173403316
0.9405390000000001,50.0,0.03647100552624846,0.4304306050548209
0.9410335000000001,50.0,0.036470652478560024,0.43073320617011296
0.941528,50.0,0.03647034492101406,0.43108051904386485
0.9420225000000001,50.0,0.03647006224929005,0.43147764421200213
0.942517,50.0,0.03646976141602797,0.4318994819247341
0.9430115000000001,50.0,0.03646946861824327,0.4323264186749253
0.9435060000000001,50.0,0.036469206052516495,0.43277432147118006
0.9440005,50.0,0.03646895082800234,0.4332220989980355
0.9444950000000001,50.0,0.03646866188001326,0.43363698177444154
0.9449895,50.0,0.03646835317683832,0.43403486231362876
0.9454840000000001,50.0,0.03646806496573794,0.4343969414264986
0.9459785,50.0,0.036467764735337756,0.43469900752660406
0.9464730000000001,50.0,0.03646743987873983,0.434959018457876
0.9469675000000001,50.0,0.03646711660672177,0.4351556896768402
0.947462,50.0,0.03646676986549917,0.43528431950621127
0.9479565000000001,50.0,0.03646642485328877,0.4353703133630472
0.948451,50.0,0.03646613620178484,0.43539389067659096
0.9489455000000001,50.0,0.03646582059617214,0.4353498282852212
0.9494400000000001,50.0,0.036465460381708656,0.4352865486187194
0.9499345000000001,50.0,0.03646515794135151,0.4351708942806768
0.9504290000000001,50.0,0.03646484222038788,0.4350288380502509
0.9509235,50.0,0.03646447287452721,0.43487795259204387
0.9514180000000001,50.0,0.03646414943654144,0.4346840150687141
0.9519125,50.0,0.03646384062724358,0.4345085836101696
0.9524070000000001,50.0,0.03646349546569168,0.4343241948059787
0.9529015000000001,50.0,0.03646314984806974,0.43412032013825236
0.953396,50.0,0.03646283508642453,0.43393158169708146
0.9538905000000001,50.0,0.03646254252625924,0.4337333165950764
0.954385,50.0,0.036462236884067724,0.43352931838270703
0.9548795000000001,50.0,0.0364619244585776,0.43331543001429257
0.9553740000000001,50.0,0.03646162519747443,0.43309153115373655
0.9558685000000001,50.0,0.03646133672263373,0.4328595992172474
0.9563630000000001,50.0,0.03646105001243702,0.4325988329233003
0.9568575,50.0,0.036460752865425675,0.4323265963461408
0.9573520000000001,50.0,0.036460431756123776,0.43203094230830164
0.9578465,50.0,0.036460091819533205,0.4317282865629652
0.9583410000000001,50.0,0.036459779917384624,0.4314117212388699
0.9588355000000001,50.0,0.0364594722177696,0.4310726627507606
0.9593300000000001,50.0,0.03645913292024902,0.43075720166644627
0.9598245000000001,50.0,0.036458841440905006,0.43043748778754426
0.960319,50.0,0.03645858132377495,0.43013325135512626
0.9608135000000001,50.0,0.036458271340545495,0.4298728494292839
0.961308,50.0,0.0364579981454485,0.42964308015994074
0.9618025000000001,50.0,0.036457794573070135,0.4294463974504226
0.9622970000000001,50.0,0.03645755107062848,0.42932773996076434
0.9627915,50.0,0.03645729469250393,0.42926426315533694
0.9632860000000001,50.0,0.03645708859969749,0.42924914826582405
0.9637805,50.0,0.03645689002811835,0.42931637824459495
0.9642750000000001,50.0,0.036456700405156375,0.4294424933857031
0.9647695000000001,50.0,0.036456522002882887,0.42961442334909217
0.9652640000000001,50.0,0.03645633480275939,0.4298549876040619
0.9657585000000001,50.0,0.036456173079837055,0.43012455717974063
0.966253,50.0,0.036456038606743985,0.43043182658159185
0.9667475000000001,50.0,0.03645591829296269,0.43077204577665335
0.967242,50.0,0.03645580425978124,0.43109139270866254
0.9677365000000001,50.0,0.03645567928610889,0.43144485611876604
0.9682310000000001,50.0,0.03645557248710825,0.4317837525170146
0.9687255000000001,50.0,0.03645545888853021,0.43209267726891937
0.9692200000000001,50.0,0.0364553104221894,0.4323969284548757
0.9697145,50.0,0.03645518737075143,0.432663329545789
0.9702090000000001,50.0,0.03645508104226249,0.4329219037323396
0.9707035,50.0,0.03645492396449169,0.4331354847588019
0.9711980000000001,50.0,0.03645476193549074,0.43333953022908395
0.9716925000000001,50.0,0.0364546730435067,0.4335155879854074
0.972187,50.0,0.03645457519899878,0.4336704874412424
0.9726815000000001,50.0,0.03645442923016561,0.4338270222043946
0.973176,50.0,0.03645432978074157,0.433952179201065
0.9736705000000001,50.0,0.036454244530590325,0.43408975480007145
0.9741650000000001,50.0,0.03645414297739276,0.43421727174054187
0.9746595000000001,50.0,0.03645407372393296,0.4343313843545185
0.9751540000000001,50.0,0.03645398823961682,0.43445184142237825
0.9756485,50.0,0.03645387566206073,0.43455685902092545
0.9761430000000001,50.0,0.036453785771041976,0.4346519901174081
0.9766375,50.0,0.03645369241171478,0.4347342978356387
0.9771320000000001,50.0,0.03645358541179513,0.4347775797830869
0.9776265000000001,50.0,0.036453495674673014,0.4347924771323019
0.9781210000000001,50.0,0.036453414458773384,0.43478293207308205
0.9786155000000001,50.0,0.03645332435501472,0.4347220257071705
0.97911,50.0,0.03645322026535633,0.43459631049010244
0.9796045000000001,50.0,0.03645312811704873,0.43444678355045774
0.980099,50.0,0.036453064888670644,0.43423594960910555
0.9805935000000001,50.0,0.0364529511258437,0.43396933735822274
0.9810880000000001,50.0,0.0364527945045016,0.4336776324839308
0.9815825,50.0,0.03645269629646496,0.4333315994984227
0.9820770000000001,50.0,0.03645259943753621,0.43297565719799425
0.9825715,50.0,0.03645245264121597,0.4325912264419434
0.9830660000000001,50.0,0.036452328373061636,0.4321953395089476
0.9835605000000001,50.0,0.03645222190481644,0.4318193959092975
0.9840550000000001,50.0,0.0364520990651271,0.43145565448307943
0.9845495000000001,50.0,0.03645200706766658,0.43110626490436077
0.985044,50.0,0.0364519500681506,0.43079800033454957
0.9855385000000001,50.0,0.03645187692958382,0.43053624692465214
0.986033,50.0,0.0364518208665057,0.4303197677724659
0.9865275000000001,50.0,0.036451794627961456,0.4301445620835784
0.9870220000000001,50.0,0.03645173671068892,0.4300246719242693
0.9875165000000001,50.0,0.036451696435310835,0.42995682743954583
0.9880110000000001,50.0,0.036451694540733284,0.4299152118496774
0.9885055,50.0,0.03645165872992121,0.4299343641068472
0.9890000000000001,50.0,0.0364516172258596,0.42996513078003007
0.9894945,50.0,0.03645160998970337,0.4300305977028713
0.9899890000000001,50.0,0.036451635907741566,0.43011217638262067
0.9904835000000001,50.0,0.03645165696336605,0.430197542604098
0.990978,50.0,0.03645164197433993,0.4303042407996702
0.9914725000000001,50.0,0.03645166230247967,0.43040019971657084
0.991967,50.0,0.03645171712743308,0.43050670189683565
0.9924615000000001,50.0,0.036451735040230734,0.43061753679312065
0.9929560000000001,50.0,0.03645176241321328,0.43072305421247986
0.9934505000000001,50.0,0.03645182008577432,0.43083864598734156
0.9939450000000001,50.0,0.03645183930250611,0.4309763295941345
0.9944395,50.0,0.03645185889975618,0.43111699192210257
0.9949340000000001,50.0,0.036451918774439665,0.4312736346998118
0.9954285,50.0,0.036451960606114366,0.4314617351823713
0.9959230000000001,50.0,0.03645201598332874,0.43167129212787464
0.9964175000000001,50.0,0.03645210972943391,0.431902174199774
0.9969120000000001,50.0,0.03645218055393066,0.4321617402997853
0.9974065000000001,50.0,0.03645226268219918,0.4324387548046334
0.997901,50.0,0.03645239984308449,0.4327345624685685
0.9983955000000001,50.0,0.036452518633355836,0.4330422907983944
0.9988900000000001,50.0,0.036452587529878955,0.4333440827846077
0.9993845000000001,50.0,0.03645268038250622,0.4336529661011077
0.9998790000000001,50.0,0.03645280272821667,0.43393002803011316
1.0003735,50.0,0.03645289775459413,0.43419099866027405
1.000868,50.0,0.03645297573738882,0.4344103943731618
1.0013625000000002,50.0,0.03645305768874588,0.43458519164669757
1.001857,50.0,0.03645314664877982,0.43471611501227475
1.0023515,50.0,0.03645322327960349,0.43478104189696476
1.0028460000000001,50.0,0.036453287085692426,0.4348009169343907
1.0033405000000002,50.0,0.03645338649886277,0.43475285722921736
1.003835,50.0,0.036453473010343636,0.4346509729045062
1.0043295,50.0,0.03645352208391179,0.43451986795783015
1.0048240000000002,50.0,0.0364536026657969,0.43432511536969864
1.0053185,50.0,0.03645366900409599,0.434099567499766
1.005813,50.0,0.03645371272550979,0.43386451974009516
1.0063075000000001,50.0,0.03645378916653232,0.43360227016313907
1.006802,50.0,0.03645383124684596,0.4333418192413204
1.0072965,50.0,0.03645385134684622,0.433069947776788
1.007791,50.0,0.03645394255034202,0.4328252992895362
1.0082855000000002,50.0,0.03645404613132518,0.4325891755563722
1.00878,50.0,0.036454099020584566,0.43235520020722196
1.0092745,50.0,0.036454174854612276,0.432160566038289
1.0097690000000001,50.0,0.036454290245539846,0.4319713092565296
1.0102635,50.0,0.03645438365351186,0.4318106046133579
1.010758,50.0,0.03645447143006072,0.4316457846791329
1.0112525,50.0,0.03645457730952914,0.4315017521136477
1.0117470000000002,50.0,0.036454680648237155,0.43136588867035625
1.0122415,50.0,0.036454763396310666,0.43122708174916957
1.012736,50.0,0.036454839036612036,0.4310871658384497
1.0132305000000001,50.0,0.036454936547216626,0.43093750059660546
1.013725,50.0,0.03645503938547256,0.43080211686311487
1.0142195,50.0,0.03645512766065107,0.43064507220161
1.0147140000000001,50.0,0.03645522468406815,0.43049863048472775
1.0152085000000002,50.0,0.03645534263232591,0.4303565306022062
1.015703,50.0,0.036455463820145785,0.4302186103764113
1.0161975,50.0,0.036455607110600266,0.43011344846130684
1.0166920000000002,50.0,0.03645575281368968,0.43001468698544404
1.0171865,50.0,0.036455848606602254,0.4299573283303018
1.017681,50.0,0.03645598381153183,0.4299476107588249
1.0181755000000001,50.0,0.03645617118803112,0.4299620397989146
1.0186700000000002,50.0,0.03645629907592102,0.43004355051744203
1.0191645,50.0,0.036456440594838414,0.4301575316929805
1.019659,50.0,0.036456640708188374,0.43032590791724307
1.0201535000000002,50.0,0.03645680938424903,0.4305512684936942
1.020648,50.0,0.036456977672688066,0.43079523386774493
1.0211425,50.0,0.036457188744526095,0.43108129844342463
1.0216370000000001,50.0,0.03645740483388659,0.43139370377273517
1.0221315,50.0,0.03645760608052425,0.4317218089757594
1.022626,50.0,0.036457802258157763,0.43204472240364444
1.0231205,50.0,0.036458008425320154,0.4323632015033825
1.0236150000000002,50.0,0.03645821704122567,0.4326773151731355
1.0241095,50.0,0.03645841017850703,0.4329542871227605
1.024604,50.0,0.03645858391954019,0.4331977170532328
1.0250985000000001,50.0,0.03645874797088997,0.43341888403379475
1.025593,50.0,0.03645891550867831,0.4335887693295897
1.0260875,50.0,0.03645910264150254,0.4337230220640241
1.026582,50.0,0.03645929627361483,0.43381969024370426
1.0270765000000002,50.0,0.036459454010868364,0.43387307582950896
1.027571,50.0,0.036459618422875324,0.4339102619356416
1.0280655,50.0,0.03645982594683445,0.43391169431304183
1.0285600000000001,50.0,0.036459996583296135,0.4338937280165594
1.0290545,50.0,0.03646014466909398,0.4338693908715565
1.029549,50.0,0.03646034594701194,0.43383356066200496
1.0300435000000001,50.0,0.036460526310429286,0.43378782114925923
1.0305380000000002,50.0,0.036460653031178125,0.43375734933731236
1.0310325,50.0,0.03646082604238235,0.43371623561789774
1.031527,50.0,0.03646101558560072,0.4336634900964019
1.0320215000000001,50.0,0.03646116235354013,0.43363565348948035
1.032516,50.0,0.03646132396100085,0.4335797058957628
1.0330105,50.0,0.03646148682657619,0.4335173433677023
1.0335050000000001,50.0,0.036461648803733225,0.43344908681812083
1.0339995000000002,50.0,0.03646183577999721,0.43334630376353944
1.034494,50.0,0.0364620005486784,0.4332366873041964
1.0349885,50.0,0.036462141553662626,0.4330809262068
1.0354830000000002,50.0,0.03646227556031199,0.4329043197691433
1.0359775,50.0,0.036462413398845026,0.43270844076815534
1.036472,50.0,0.03646255580133419,0.43246966826305266
1.0369665000000001,50.0,0.03646266777508806,0.43220890089733927
1.0374610000000002,50.0,0.03646278091130599,0.43193742924903095
1.0379555,50.0,0.03646292737515465,0.4316535024036998
1.03845,50.0,0.036463053984319344,0.4313655317113049
1.0389445000000002,50.0,0.03646316476822333,0.431077961693267
1.039439,50.0,0.03646332912590964,0.43082025962174064
1.0399335,50.0,0.036463507606081386,0.4305763818024902
1.0404280000000001,50.0,0.03646363360180213,0.43037098670762697
1.0409225,50.0,0.036463787306262596,0.430217469969664
1.041417,50.0,0.03646399253923272,0.43008561390976224
1.0419115,50.0,0.03646416281387471,0.43002832888556514
1.0424060000000002,50.0,0.03646432909437713,0.4300145375222043
1.0429005,50.0,0.03646451431053789,0.4300329802504404
1.043395,50.0,0.036464677069216474,0.4301197279732664
1.0438895000000001,50.0,0.0364648645909328,0.4302348988170101
1.044384,50.0,0.03646508289264196,0.43037752037801713
1.0448785,50.0,0.036465271844810375,0.43055125126136007
1.045373,50.0,0.036465463478879294,0.4307358762016609
1.0458675000000002,50.0,0.03646568248814029,0.43092851755465245
1.046362,50.0,0.03646588638259242,0.43113239120590374
1.0468565,50.0,0.03646607763374262,0.43131487986966716
1.0473510000000001,50.0,0.03646627254709766,0.43148283333326026
1.0478455,50.0,0.03646647406430938,0.4316686515033057
1.04834,50.0,0.03646666259280612,0.4318105841536643
1.0488345000000001,50.0,0.036466814905066036,0.4319447681694696
1.0493290000000002,50.0,0.036467003645373135,0.43208165716010044
1.0498235,50.0,0.036467224297236124,0.4321919632119745
1.050318,50.0,0.03646738448347905,0.4323165326998303
1.0508125000000001,50.0,0.036467550493096954,0.4324229386173207
1.051307,50.0,0.03646776914578946,0.43254438137158563
1.0518015,50.0,0.03646797578586562,0.4326814050744009
1.0522960000000001,50.0,0.036468177486856476,0.4328066809876651
1.0527905000000002,50.0,0.03646839863206922,0.4329587287077346
1.053285,50.0,0.03646859893814284,0.4331125447546909
1.0537795,50.0,0.03646878193191929,0.43328610351440194
1.0542740000000002,50.0,0.03646899564806617,0.43344678904939177
1.0547685,50.0,0.03646918790188452,0.433603741310706
1.055263,50.0,0.036469348060479335,0.4337715536800898
1.0557575000000001,50.0,0.03646954476142257,0.43389292363650944
1.0562520000000002,50.0,0.03646972666586706,0.43401081898323013
1.0567465,50.0,0.03646987158343699,0.4340899973656393
1.057241,50.0,0.03647004372573492,0.43411996568801736
1.0577355000000002,50.0,0.0364702234845129,0.4341207231564816
1.05823,50.0,0.03647037022100009,0.43407201413774893
1.0587245,50.0,0.03647049051641922,0.43396760477879903
1.0592190000000001,50.0,0.03647062005091257,0.43383270417670133
1.0597135,50.0,0.03647077568596652,0.4336494233724896
1.060208,50.0,0.03647089621378194,0.4334242749344447
1.0607025,50.0,0.036470978629069194,0.433189000582084
1.0611970000000002,50.0,0.03647109246625559,0.4329191996411074
1.0616915,50.0,0.03647120458511467,0.43264313396643617
1.062186,50.0,0.03647129424217139,0.4323802848590535
1.0626805000000001,50.0,0.03647142339912078,0.43210626306613303
1.063175,50.0,0.03647155301782912,0.43185117563224945
1.0636695,50.0,0.036471659458422144,0.4316454714645288
1.064164,50.0,0.03647180827187052,0.4314357775832586
1.0646585000000002,50.0,0.03647195326878974,0.43127341612301806
1.065153,50.0,0.03647206905609029,0.431145335959164
1.0656475,50.0,0.0364722201363571,0.4310395088311583
1.0661420000000001,50.0,0.03647236931905174,0.43097342554392093
1.0666365,50.0,0.03647247161298557,0.43092276675672947
1.067131,50.0,0.03647259058644869,0.4308993408552514
1.0676255000000001,50.0,0.03647275240631101,0.4308841917878591
1.0681200000000002,50.0,0.036472882692401176,0.4308769424811954
1.0686145,50.0,0.03647297936048535,0.43088156419610335
1.069109,50.0,0.036473103193624457,0.43087510806961354
1.0696035000000002,50.0,0.03647324046643477,0.4308738013584354
1.070098,50.0,0.03647337339414532,0.43086623891408554
1.0705925,50.0,0.03647349499285741,0.430851600762897
1.0710870000000001,50.0,0.03647361851492457,0.43084887230627095
1.0715815000000002,50.0,0.03647375438380747,0.43083145606481715
1.072076,50.0,0.0364738618484127,0.43084156734320295
1.0725705,50.0,0.03647397911551698,0.4308613970286875
1.0730650000000002,50.0,0.03647411914296491,0.43087890163913145
1.0735595,50.0,0.03647422956105079,0.4309511683523667
1.074054,50.0,0.03647436084769692,0.43103915914284086
1.0745485000000001,50.0,0.03647451649736864,0.43115288686177383
1.0750430000000002,50.0,0.036474644490020684,0.431305051959469
1.0755375,50.0,0.03647480770851342,0.43148784993862094
1.076032,50.0,0.03647500492473888,0.4316981804004188
1.0765265000000002,50.0,0.03647514086224045,0.4319382250404453
1.077021,50.0,0.036475275370734084,0.4321855384099185
1.0775155,50.0,0.03647546996456279,0.43244792431900847
1.0780100000000001,50.0,0.03647563630898165,0.4327247548617293
1.0785045,50.0,0.0364757611883446,0.43296842055715357
1.078999,50.0,0.03647589798142592,0.4332089883877857
1.0794935,50.0,0.03647603319557333,0.43343217280426466
1.0799880000000002,50.0,0.03647614808130151,0.43360953124999424
1.0804825,50.0,0.03647625539424775,0.43374757680176973
1.080977,50.0,0.03647636866068363,0.43385246983405656
1.0814715000000001,50.0,0.036476477549698266,0.4339053110519375
1.081966,50.0,0.03647657041295391,0.4339248531794958
1.0824605,50.0,0.03647666081950382,0.4338937721289408
1.0829550000000001,50.0,0.03647675521551573,0.43382903499651454
1.0834495000000002,50.0,0.03647684080130107,0.43374194179804515
1.083944,50.0,0.03647691259411467,0.4336207883527218
1.0844385,50.0,0.03647698394099668,0.43350139208731686
1.0849330000000001,50.0,0.03647703830410407,0.43334959324906824
1.0854275,50.0,0.03647709358236108,0.43322130686893434
1.085922,50.0,0.03647720001892143,0.4330851604180957
1.0864165000000001,50.0,0.036477269502028814,0.4329513631379246
1.0869110000000002,50.0,0.0364772960543034,0.43284604607140903
1.0874055,50.0,0.0364773956731536,0.4327325419333516
1.0879,50.0,0.03647749409088892,0.43264730580016036
1.0883945000000002,50.0,0.036477544283587404,0.43256245151285094
1.088889,50.0,0.036477628005895296,0.4324713216353056
1.0893835,50.0,0.03647771557804127,0.4324046301405545
1.0898780000000001,50.0,0.036477766706560624,0.43231958484524874
1.0903725000000002,50.0,0.03647781647753688,0.4322248337916943
1.090867,50.0,0.03647787003366842,0.43212233704870184
1.0913615,50.0,0.03647790988791039,0.4320027343353983
1.0918560000000002,50.0,0.03647793952331595,0.43187596428057823
1.0923505,50.0,0.03647796152515648,0.4317187319283443
1.092845,50.0,0.036477985052272836,0.43155938031887314
1.0933395000000001,50.0,0.03647802117149589,0.4313858564354923
1.0938340000000002,50.0,0.03647806083533905,0.43121640118753407
1.0943285,50.0,0.036478097055654,0.4310349338399777
1.094823,50.0,0.036478114049152084,0.4308752741800627
1.0953175000000002,50.0,0.036478134228574856,0.43074111460265757
1.095812,50.0,0.036478196989416393,0.4306109198940694
1.0963065,50.0,0.03647824900181832,0.4305345419034661
1.0968010000000001,50.0,0.03647826232048954,0.43048445329897833
1.0972955,50.0,0.03647831190814165,0.4304827357118489
1.09779,50.0,0.03647839155171994,0.430521023858327
1.0982845,50.0,0.036478426130955324,0.4306013214981614
1.0987790000000002,50.0,0.03647847842775309,0.4307302028958182
1.0992735,50.0,0.03647858407008875,0.4308791098896227
1.099768,50.0,0.03647864853064597,0.4310719402558914
1.1002625000000001,50.0,0.036478708115803726,0.4312875889358767
1.100757,50.0,0.03647880869452739,0.43150111104934286
1.1012515,50.0,0.03647888395596468,0.4317328808774522
1.1017460000000001,50.0,0.03647895453129566,0.4319606551559928
1.1022405000000002,50.0,0.03647902263313571,0.43216900084294235
1.102735,50.0,0.0364790537314796,0.4323712609446657
1.1032295,50.0,0.03647909448400345,0.432535657262301
1.1037240000000001,50.0,0.03647914819092071,0.4326915493978061
1.1042185,50.0,0.036479189745746904,0.4328114049436572
1.104713,50.0,0.03647921075997384,0.43290039084417986
1.1052075000000001,50.0,0.0364792231520433,0.43297754309152275
1.1057020000000002,50.0,0.036479266184821356,0.4330263953815166
1.1061965,50.0,0.036479307586911196,0.4330673079783435
1.106691,50.0,0.036479316114919516,0.4330860944400214
1.1071855000000002,50.0,0.036479344643175086,0.43311109152175975
1.10768,50.0,0.03647939862761826,0.43313674128883806
1.1081745,50.0,0.03647941028850727,0.4331599637929565
1.1086690000000001,50.0,0.03647941327549912,0.43319297244361926
1.1091635000000002,50.0,0.036479466622259746,0.4332324632438154
1.109658,50.0,0.03647949240971116,0.43327912209585034
1.1101525,50.0,0.036479481222392626,0.4333300077981213
1.1106470000000002,50.0,0.03647950733128001,0.43338168168231117
1.1111415,50.0,0.03647953579966584,0.4334224733320381
1.111636,50.0,0.03647954829466357,0.43345863242814714
1.1121305000000001,50.0,0.03647958193162688,0.4334803832305085
1.1126250000000002,50.0,0.03647959028087396,0.4334685108598795
1.1131195,50.0,0.036479564718414716,0.43343689023794485
1.113614,50.0,0.03647957357371664,0.43337777216837176
1.1141085000000002,50.0,0.03647957417433028,0.43327639022412157
1.114603,50.0,0.036479528002642134,0.4331510567063222
1.1150975,50.0,0.03647948974869864,0.43297826420102065
1.1155920000000001,50.0,0.03647945489513312,0.4327968493449901
1.1160865,50.0,0.03647940956433747,0.43258878971902465
1.116581,50.0,0.03647935045878481,0.43234631742984625
1.1170755,50.0,0.036479293658022965,0.43211543944553005
1.1175700000000002,50.0,0.036479272571468054,0.43188220411907496
1.1180645,50.0,0.036479223798484256,0.431653349357632
1.118559,50.0,0.03647915570669632,0.4314443419900213
1.1190535000000001,50.0,0.03647914918628132,0.43125887793555473
1.119548,50.0,0.036479141959840304,0.431111377776514
1.1200425,50.0,0.03647909447060249,0.43099517135328996
1.1205370000000001,50.0,0.03647906687094715,0.43091055642729864
1.1210315000000002,50.0,0.03647904910843553,0.4308748497219334
1.121526,50.0,0.036479017363560406,0.43086943180061316
1.1220205,50.0,0.03647901035542958,0.4309007341880291
1.1225150000000002,50.0,0.036479009988243244,0.430945908394313
1.1230095,50.0,0.03647897315094822,0.4310237944951199
1.123504,50.0,0.03647896218981382,0.4311241799422963
1.1239985000000001,50.0,0.03647898020036637,0.43120371663873197
1.1244930000000002,50.0,0.03647895276563089,0.4313115319137632
1.1249875,50.0,0.03647892966948188,0.4314034236468409
1.125482,50.0,0.03647893559314338,0.43148266043116956
1.1259765000000002,50.0,0.03647891010440356,0.43156630546299296
1.126471,50.0,0.03647886590208977,0.4316270790048827
1.1269655,50.0,0.03647883953871549,0.4316804873384681
1.1274600000000001,50.0,0.03647882197154784,0.43172739401952887
1.1279545000000002,50.0,0.036478783913578915,0.4317765669731166
1.128449,50.0,0.03647872145928692,0.43181401151600407
1.1289435,50.0,0.03647868435265478,0.4318677705619798
1.1294380000000002,50.0,0.03647868318198266,0.4319309318412505
1.1299325,50.0,0.036478655382317704,0.431999314239163
1.130427,50.0,0.036478628477851216,0.4321020819885014
1.1309215000000001,50.0,0.03647863122014486,0.4322034782258063
1.1314160000000002,50.0,0.036478604572433244,0.4323427695347916
1.1319105,50.0,0.03647859324513716,0.4324998654851845
1.132405,50.0,0.03647860579846078,0.432650769205627
1.1328995000000002,50.0,0.03647857058220556,0.4328363704959695
1.133394,50.0,0.03647854614108778,0.43301332200321396
1.1338885,50.0,0.03647855135746044,0.4331876861717941
1.1343830000000001,50.0,0.03647851607193636,0.43335171676307344
1.1348775,50.0,0.03647847220232849,0.43349307161402295
1.135372,50.0,0.03647846577735596,0.4336138446262338
1.1358665000000001,50.0,0.03647843838802671,0.4336912542078501
1.1363610000000002,50.0,0.03647836553582081,0.4337467402119415
1.1368555,50.0,0.03647831969437348,0.43375047338383094
1.13735,50.0,0.03647829395053129,0.43371335094522157
1.1378445000000001,50.0,0.036478232983943405,0.4336523450095926
1.138339,50.0,0.03647815237931523,0.43353405510745563
1.1388335,50.0,0.03647806867444884,0.4334059334423564
1.1393280000000001,50.0,0.03647799184410976,0.43324610087791854
1.1398225000000002,50.0,0.0364779109381497,0.43306273413645185
1.140317,50.0,0.0364778166048618,0.4328905962206671
1.1408115,50.0,0.03647773983004508,0.4327011083055315
1.1413060000000002,50.0,0.03647765942770493,0.43251736974637056
1.1418005,50.0,0.036477573484089955,0.4323684160664888
1.142295,50.0,0.03647752136819379,0.4322195828418702
1.1427895000000001,50.0,0.036477454469884096,0.432084844947738
1.1432840000000002,50.0,0.036477373767012544,0.4319919930781534
1.1437785,50.0,0.036477334772687754,0.4319141839098765
1.144273,50.0,0.036477271491671126,0.4318481498515454
1.1447675000000002,50.0,0.03647717522735985,0.4318075066020563
1.145262,50.0,0.03647713792605969,0.43177400704509905
1.1457565,50.0,0.03647709543152148,0.43174601582941874
1.1462510000000001,50.0,0.03647698757921798,0.4317295620343437
1.1467455000000002,50.0,0.03647690672213423,0.43169021807691255
1.14724,50.0,0.0364768547952913,0.43166049696518927
1.1477345,50.0,0.03647678324362402,0.4316216480099623
1.1482290000000002,50.0,0.03647670546974092,0.4315546618638312
1.1487235,50.0,0.03647663271520622,0.43149474993835135
1.149218,50.0,0.03647656276152975,0.43141933309174485
1.1497125000000001,50.0,0.03647648486978542,0.4313479169843712
1.1502070000000002,50.0,0.03647640894836036,0.4312651346135362
1.1507015,50.0,0.036476334399640986,0.4311972281796465
1.151196,50.0,0.03647625437173751,0.43114458293431934
1.1516905000000002,50.0,0.0364761774806123,0.43110431407269967
1.152185,50.0,0.036476107065670504,0.43110242049537884
1.1526795,50.0,0.03647604566706159,0.43111051829440405
1.1531740000000001,50.0,0.03647598368283849,0.43116393601820485
1.1536685,50.0,0.036475944522369616,0.43125621335592335
1.154163,50.0,0.03647591146442706,0.43136304773546824
1.1546575000000001,50.0,0.036475838350880606,0.43151666654331094
1.1551520000000002,50.0,0.03647581013414072,0.4316928864257011
1.1556465,50.0,0.036475824123345504,0.4318774389573826
1.156141,50.0,0.03647576913660669,0.4320946939097694
1.1566355000000001,50.0,0.036475712162460115,0.4322999160432235
1.15713,50.0,0.03647569946347393,0.4325012282678573
1.1576245,50.0,0.03647565057937624,0.4327133251534906
1.1581190000000001,50.0,0.03647558672317409,0.432878791252914
1.1586135000000002,50.0,0.03647554532783025,0.43302547855798823
1.159108,50.0,0.036475486601652174,0.4331570739705493
1.1596025,50.0,0.03647541952279626,0.4332467153939188
1.1600970000000002,50.0,0.036475363469466,0.43329637089567996
1.1605915,50.0,0.03647529943460427,0.43332603803397324
1.161086,50.0,0.0364752341662099,0.4333210091529247
1.1615805000000001,50.0,0.036475167170201425,0.4332932269360839
1.1620750000000002,50.0,0.03647509001690644,0.4332492836468166
1.1625695,50.0,0.03647500800494578,0.43318612679632174
1.163064,50.0,0.03647492646029629,0.4331247699130231
1.1635585000000002,50.0,0.03647486587332084,0.43306187219795994
1.164053,50.0,0.03647479990359202,0.432994026094999
1.1645475,50.0,0.03647469563308215,0.4329473382346596
1.1650420000000001,50.0,0.036474613304209653,0.43290683052528256
1.1655365000000002,50.0,0.03647457404017707,0.43287236928199224
1.166031,50.0,0.03647450663653306,0.4328527958817566
1.1665255,50.0,0.03647441579718269,0.43283729156402445
1.1670200000000002,50.0,0.03647437227486749,0.4328349205609326
1.1675145,50.0,0.03647432224509938,0.4328102447579855
1.168009,50.0,0.03647422588364743,0.4328098860714095
1.1685035000000001,50.0,0.03647416742629831,0.43277156437799874
1.1689980000000002,50.0,0.0364741027343986,0.4327223712454148
1.1694925,50.0,0.03647399456143547,0.4326744475898838
1.169987,50.0,0.03647391153908658,0.4325728908220535
1.1704815000000002,50.0,0.03647381962997378,0.4324770971995558
1.170976,50.0,0.03647371472537921,0.4323397000470052
1.1714705,50.0,0.03647363612337803,0.4321883208090668
1.1719650000000001,50.0,0.03647354509633714,0.4320357910506386
1.1724595,50.0,0.03647343303870139,0.4318530713038353
1.172954,50.0,0.036473335118255186,0.4316792522144665
1.1734485000000001,50.0,0.03647326173425181,0.43151872194940205
1.1739430000000002,50.0,0.03647319069833514,0.4313569305469516
1.1744375,50.0,0.03647309382800081,0.4312215308306324
1.174932,50.0,0.036473000602783315,0.4311192642608061
1.1754265000000002,50.0,0.036472946587673596,0.43104228095088554
1.175921,50.0,0.03647287971412557,0.43100121450259793
1.1764155,50.0,0.036472787638145564,0.43100034391356745
1.1769100000000001,50.0,0.03647273935837331,0.43103079830460084
1.1774045000000002,50.0,0.03647270217174509,0.43109623737681085
1.177899,50.0,0.03647262865156285,0.43119995304402614
1.1783935,50.0,0.03647258580115156,0.43131037221071405
1.1788880000000002,50.0,0.0364725709273489,0.4314493015017507
1.1793825,50.0,0.03647252218503025,0.43159448535258066
1.179877,50.0,0.036472473668382736,0.4317439363864364
1.1803715000000001,50.0,0.036472438263153766,0.4318880589105142
1.1808660000000002,50.0,0.03647237406063743,0.43201476677172346
1.1813605,50.0,0.03647232427614636,0.43214190434941835
1.181855,50.0,0.036472297557936746,0.43223523906459904
1.1823495000000002,50.0,0.03647221906870617,0.43232066866142865
1.182844,50.0,0.0364721381207813,0.4323812928182218
1.1833385,50.0,0.03647210030471045,0.43242139202626234
1.1838330000000001,50.0,0.03647204543855284,0.4324670536242971
1.1843275000000002,50.0,0.03647197957683378,0.4324775637925124
1.184822,50.0,0.036471922461438676,0.43249355707019094
1.1853165,50.0,0.03647188093155859,0.4325265057861295
1.1858110000000002,50.0,0.03647184492431342,0.43254261276315226
1.1863055,50.0,0.036471779714233356,0.43258047486868095
1.1868,50.0,0.036471740294946785,0.43262570259706923
1.1872945000000001,50.0,0.03647172194804655,0.4326860306622788
1.187789,50.0,0.03647165597376955,0.43277269771142085
1.1882835,50.0,0.03647159795138772,0.43284197314118916
1.1887780000000001,50.0,0.03647157789330648,0.4329445671565193
1.1892725000000002,50.0,0.03647153945280989,0.43304200493845313
1.189767,50.0,0.03647149301165636,0.43313318002857254
1.1902615,50.0,0.036471463966195244,0.43321390527542686
1.1907560000000001,50.0,0.036471407850249986,0.4332843214458974
1.1912505,50.0,0.03647135023487546,0.433331244911811
1.191745,50.0,0.03647133012355045,0.4333472840755658
1.1922395000000001,50.0,0.0364712712174689,0.43333586043218214
1.1927340000000002,50.0,0.036471179943136006,0.4332881940644605
1.1932285,50.0,0.03647112777333292,0.4332181101397843
1.193723,50.0,0.036471067286116404,0.4331032505529155
1.1942175000000002,50.0,0.03647096727359338,0.4329703195881871
1.194712,50.0,0.03647088610366414,0.4328101567242321
1.1952065,50.0,0.036470820824182924,0.43263494978163153
1.1957010000000001,50.0,0.0364707353399547,0.43245572871463217
1.1961955000000002,50.0,0.03647064959797136,0.4322691223940163
1.19669,50.0,0.036470583727186985,0.43208954048974757
1.1971845,50.0,0.03647053911902587,0.43193100468574347
1.1976790000000002,50.0,0.03647048328836966,0.43178383848939167
1.1981735,50.0,0.03647040347188816,0.43166734261530604
1.198668,50.0,0.03647035686664482,0.43157692923251884
1.1991625000000001,50.0,0.036470318418206076,0.43150828879989134
1.1996570000000002,50.0,0.03647025828008926,0.43148568804184656
1.2001515,50.0,0.03647022822220082,0.4314670186966002
1.200646,50.0,0.03647018090435162,0.4314776876068399
1.2011405000000002,50.0,0.03647011529805233,0.4315172160056179
1.201635,50.0,0.03647010127284489,0.4315480475265282
1.2021295,50.0,0.03647007048590232,0.43159385548523327
1.2026240000000001,50.0,0.03647000377742839,0.4316370323167015
1.2031185000000002,50.0,0.03646997616487833,0.4316740184936551
1.203613,50.0,0.036469956974442906,0.4317067672903134
1.2041075,50.0,0.03646989518840963,0.4317158841143755
1.2046020000000002,50.0,0.036469845818473186,0.4317298911279894
1.2050965,50.0,0.03646982889590704,0.4317195646876165
1.205591,50.0,0.03646977698671157,0.43170202583190537
1.2060855000000001,50.0,0.036469706266367,0.43169516377082784
1.20658,50.0,0.036469663212673864,0.4316656607002036
1.2070745,50.0,0.0364696312440371,0.43165859231089826
1.2075690000000001,50.0,0.0364696014064324,0.4316563746364487
1.2080635000000002,50.0,0.036469565395486514,0.4316695382312617
1.208558,50.0,0.03646953622940604,0.4317055821839895
1.2090525,50.0,0.036469525558362186,0.4317590236641153
1.2095470000000001,50.0,0.03646951290288061,0.43184455472865946
1.2100415,50.0,0.036469509654593515,0.43194885879537326
1.210536,50.0,0.03646951044176609,0.4320780748360568
1.2110305000000001,50.0,0.03646949031645681,0.4322153659279033
1.2115250000000002,50.0,0.036469490321699605,0.4323873523339226
1.2120195,50.0,0.03646950702700093,0.43254955478063134
1.212514,50.0,0.03646947612200661,0.4327052786767997
1.2130085000000002,50.0,0.03646946276526422,0.4328739026873956
1.213503,50.0,0.036469484452918345,0.43300658205961423
1.2139975,50.0,0.036469442849287916,0.43313372831905017
1.2144920000000001,50.0,0.03646940551261701,0.4332215025994155
1.2149865000000002,50.0,0.036469422616710705,0.4332773782039275
1.215481,50.0,0.036469404093050904,0.43331670832045727
1.2159755,50.0,0.03646935647367281,0.4333045029349555
1.2164700000000002,50.0,0.03646932399846556,0.43326452443964597
1.2169645,50.0,0.03646929310838026,0.43320747751481886
1.217459,50.0,0.03646925481633549,0.4331156029304568
1.2179535000000001,50.0,0.036469213020541416,0.43301483997494833
1.2184480000000002,50.0,0.03646917132252844,0.43289268150688975
1.2189425,50.0,0.036469127070486926,0.4327814593223662
1.219437,50.0,0.036469092181160886,0.43266620585905385
1.2199315000000002,50.0,0.03646906783488987,0.43255370924861064
1.220426,50.0,0.03646904073702923,0.43246804684637574
1.2209205,50.0,0.03646901508541725,0.43237851949462636
1.2214150000000001,50.0,0.03646899714958742,0.43232575737811096
1.2219095000000002,50.0,0.03646899250704095,0.4322860263996255
1.222404,50.0,0.036468970631061685,0.4322440904997724
1.2228985,50.0,0.036468948100875274,0.43223696065086176
1.2233930000000002,50.0,0.036468966332975215,0.4322264331249792
1.2238875,50.0,0.036468942287851885,0.4322163674352222
1.224382,50.0,0.03646888065093424,0.43220983665528573
1.2248765000000001,50.0,0.03646888113088256,0.43219179979070854
1.225371,50.0,0.03646887789212152,0.43216265711532814
1.2258655,50.0,0.03646882491745205,0.4321224616122753
1.2263600000000001,50.0,0.03646880033023638,0.4320611583589859
1.2268545000000002,50.0,0.0364687852827229,0.43197885417605414
1.227349,50.0,0.036468744508820206,0.4319039650561151
1.2278435,50.0,0.03646872374648852,0.4317945444876321
1.2283380000000002,50.0,0.03646870171179198,0.4316792638626185
1.2288325,50.0,0.03646866143840395,0.43158515155377136
1.229327,50.0,0.03646863905612512,0.43147438840729446
1.2298215000000001,50.0,0.03646861848523103,0.4313872287632456
1.2303160000000002,50.0,0.03646859668883212,0.4313140601390318
1.2308105,50.0,0.03646858267166993,0.4312638500517446
1.231305,50.0,0.0364685780727017,0.4312506697320391
1.2317995000000002,50.0,0.03646858316643457,0.43125397041915875
1.232294,50.0,0.03646857251512951,0.4313003609607164
1.2327885,50.0,0.03646857807068335,0.43137449453112564
1.2332830000000001,50.0,0.03646862479025014,0.4314749244878364
1.2337775000000002,50.0,0.036468654647181915,0.43159931384660966
1.234272,50.0,0.03646864984780922,0.43174203260152355
1.2347665,50.0,0.03646867485039887,0.4319040757096659
1.2352610000000002,50.0,0.03646872502120612,0.43205420710740805
1.2357555,50.0,0.03646872601590947,0.4322140774545454
1.23625,50.0,0.03646872765748967,0.4323653153303979
1.2367445000000001,50.0,0.0364687619955403,0.4324849226510923
1.2372390000000002,50.0,0.03646875509332584,0.43260049101230774
1.2377335,50.0,0.036468752122249745,0.4326934237848857
1.238228,50.0,0.036468778363334876,0.43273952357561785
1.2387225000000002,50.0,0.0364687682851017,0.4327846609793262
1.239217,50.0,0.03646876454819513,0.43279794262596644
1.2397115,50.0,0.03646877902365733,0.43278524733363266
1.2402060000000001,50.0,0.03646876580028724,0.43277573953499987
1.2407005000000002,50.0,0.03646876140804237,0.4327363681261322
1.241195,50.0,0.036468781714315904,0.43270603962451964
1.2416895000000001,50.0,0.03646878889521507,0.4326789165693952
1.2421840000000002,50.0,0.036468775979033974,0.432652334922218
1.2426785,50.0,0.03646877048861928,0.432633623995135
1.243173,50.0,0.03646879449667216,0.43264034706764176
1.2436675000000001,50.0,0.036468821965277315,0.4326484724632142
1.244162,50.0,0.03646881614148548,0.4326656972690069
1.2446565,50.0,0.03646882906742797,0.4327107090925954
1.2451510000000001,50.0,0.0364688770203006,0.43274164413751304
1.2456455000000002,50.0,0.03646888820727253,0.4327859135205605
1.24614,50.0,0.03646889502611059,0.43282561205135156
1.2466345,50.0,0.03646893154365981,0.43284513240258177
1.2471290000000002,50.0,0.03646893801696691,0.43286303005559645
1.2476235,50.0,0.03646892551528607,0.43285562873193784
1.248118,50.0,0.03646893738701646,0.43282595141662417
1.2486125000000001,50.0,0.03646893748008965,0.4327663730272278
1.2491070000000002,50.0,0.03646891555415706,0.4326876275553896
1.2496015,50.0,0.03646891842389438,0.4325866733167149
1.250096,50.0,0.03646890326744809,0.43245486889242757
1.2505905000000002,50.0,0.036468859552168185,0.43231877321476964
1.251085,50.0,0.03646886991483447,0.4321600268320218
1.2515795,50.0,0.0364688807751496,0.4320066902210772
1.2520740000000001,50.0,0.03646884968937549,0.43186212108068917
1.2525685000000002,50.0,0.036468842111157626,0.4317011456863293
1.253063,50.0,0.036468853513418505,0.4315945103131175
1.2535575,50.0,0.03646886335609819,0.43149062536872607
1.2540520000000002,50.0,0.03646886230875216,0.43140572786997206
1.2545465,50.0,0.03646886260671464,0.4313697343463148
1.255041,50.0,0.0364688944086381,0.431351850728112
1.2555355000000001,50.0,0.03646891451695052,0.4313688807016034
1.2560300000000002,50.0,0.036468921471255765,0.4314091485995482
1.2565245,50.0,0.03646896960739277,0.4314675754032868
1.257019,50.0,0.03646901356521931,0.4315487398846477
1.2575135000000002,50.0,0.0364690264748531,0.4316449950904126
1.258008,50.0,0.03646906311208974,0.4317314496818845
1.2585025,50.0,0.0364691016843378,0.4318210949345463
1.2589970000000001,50.0,0.03646911810280915,0.431915136683555
1.2594915000000002,50.0,0.03646915868190144,0.4319830857709781
1.259986,50.0,0.03646918787238388,0.4320350764794372
1.2604805000000001,50.0,0.036469173007714455,0.4320876937807678
1.2609750000000002,50.0,0.03646919195072521,0.4321084101524621
1.2614695,50.0,0.03646923360590483,0.4321194990048364
1.261964,50.0,0.03646922965222255,0.4321240105105691
1.2624585000000002,50.0,0.036469227886023706,0.4321121771879727
1.262953,50.0,0.03646926647104133,0.43211066237502943
1.2634475,50.0,0.03646929246774407,0.4321011137677004
1.2639420000000001,50.0,0.03646930434590595,0.43211097203240906
1.2644365000000002,50.0,0.03646934147871496,0.4321168255014193
1.264931,50.0,0.0364693804620185,0.43215723289951824
1.2654255,50.0,0.03646941175936516,0.4322080275770802
1.2659200000000002,50.0,0.036469437988488236,0.4322687225452161
1.2664145,50.0,0.036469473901943404,0.4323653850601075
1.266909,50.0,0.03646953544934238,0.43245261932525075
1.2674035000000001,50.0,0.036469570403237755,0.4325726733569872
1.2678980000000002,50.0,0.03646960178847031,0.4326857153367513
1.2683925,50.0,0.0364696545845512,0.43278807527780555
1.268887,50.0,0.03646968017278407,0.43290517894027764
1.2693815000000002,50.0,0.03646972552534005,0.43298931872359103
1.269876,50.0,0.03646978263000619,0.4330518348583851
1.2703705,50.0,0.0364697850392052,0.43310448986506167
1.2708650000000001,50.0,0.03646980165945903,0.43311427112429585
1.2713595000000002,50.0,0.036469852100596625,0.43310216565670157
1.271854,50.0,0.03646985512024517,0.4330558376093427
1.2723485,50.0,0.03646983878343751,0.4329823323609467
1.2728430000000002,50.0,0.036469861517301486,0.4328869418933883
1.2733375,50.0,0.036469867601565724,0.43277012337996107
1.273832,50.0,0.03646984508795333,0.4326413164899174
1.2743265000000001,50.0,0.03646985516347269,0.4325022239677174
1.2748210000000002,50.0,0.03646987864845972,0.4323702906638544
1.2753155,50.0,0.036469883830438844,0.4322359173883566
1.27581,50.0,0.03646988909545527,0.43212394911552116
1.2763045000000002,50.0,0.03646990410258819,0.4320244797665123
1.276799,50.0,0.036469930192595194,0.4319438252698879
1.2772935,50.0,0.03646996069394225,0.4318872397737132
1.2777880000000001,50.0,0.036469984577329834,0.43185867207199874
1.2782825000000002,50.0,0.03647000886079908,0.4318427907920642
1.278777,50.0,0.03647003335726305,0.4318424140251372
1.2792715000000001,50.0,0.03647006137220061,0.43186832163258165
1.2797660000000002,50.0,0.036470105940290855,0.43189070639373783
1.2802605,50.0,0.036470128230821706,0.431914645289907
1.280755,50.0,0.036470132860825115,0.43194060633074566
1.2812495000000002,50.0,0.03647018548482236,0.431964227644156
1.281744,50.0,0.03647021899099372,0.4319625121199309
1.2822385,50.0,0.03647020843520129,0.43196179169522875
1.2827330000000001,50.0,0.0364702530854482,0.4319319152346937
1.2832275000000002,50.0,0.03647028744798671,0.4319012985274877
1.283722,50.0,0.03647026682023001,0.43186041296826777
1.2842165,50.0,0.036470279601943385,0.43178996355734667
1.2847110000000002,50.0,0.03647030993946876,0.4317451034310888
1.2852055,50.0,0.03647032131872905,0.43168240804342256
1.2857,50.0,0.036470332360568375,0.43163559710839966
1.2861945000000001,50.0,0.03647035202051625,0.43160189937828186
1.2866890000000002,50.0,0.03647037549786136,0.4315777187965526
1.2871835,50.0,0.03647040953984373,0.4315941810061512
1.287678,50.0,0.03647045525339626,0.4316164537279653
1.2881725000000002,50.0,0.0364704921701935,0.43167114160370257
1.288667,50.0,0.03647053075799188,0.43175641088291733
1.2891615,50.0,0.036470583427879066,0.43185674694974374
1.2896560000000001,50.0,0.036470641932118374,0.4319822076101733
1.2901505000000002,50.0,0.03647069046215673,0.4321151114356132
1.290645,50.0,0.036470725149713744,0.43225485797745145
1.2911395,50.0,0.03647078117485514,0.43240457861812975
1.2916340000000002,50.0,0.036470834502303213,0.43253667704488175
1.2921285,50.0,0.03647084768892007,0.4326612803631603
1.292623,50.0,0.03647089183850385,0.43276116666136427
1.2931175000000001,50.0,0.03647096312231287,0.4328462864886611
1.2936120000000002,50.0,0.03647097286315054,0.43290047134757154
1.2941065,50.0,0.03647097931544358,0.4329257101973596
1.2946010000000001,50.0,0.03647103139124349,0.43292356019484135
1.2950955000000002,50.0,0.03647104886497079,0.432903366438787
1.29559,50.0,0.03647105384917876,0.4328615500383267
1.2960845,50.0,0.03647108252007342,0.43278726913849486
1.2965790000000001,50.0,0.03647108354967867,0.43272677552239974
1.2970735000000002,50.0,0.0364710924619931,0.4326511820787524
1.297568,50.0,0.03647112416111348,0.4325711011309076
1.2980625000000001,50.0,0.03647113443726275,0.4325067736637328
1.2985570000000002,50.0,0.03647114730679281,0.4324469130051625
1.2990515,50.0,0.03647117510645833,0.4324088127158798
1.299546,50.0,0.036471207543896995,0.43238107770202644
1.3000405000000002,50.0,0.036471236811669194,0.43236239077176797
1.300535,50.0,0.03647126287790772,0.43237531685177927
1.3010295,50.0,0.0364713109254868,0.43237987493884394
1.3015240000000001,50.0,0.036471350022143766,0.4324043683285278
1.3020185000000002,50.0,0.036471354688100886,0.43242754105959175
1.302513,50.0,0.036471376498177235,0.43243979112692793
1.3030075,50.0,0.03647142733839133,0.4324630517559706
1.3035020000000002,50.0,0.03647144458309965,0.43244524028448234
1.3039965,50.0,0.036471432745827814,0.4324373911766787
1.304491,50.0,0.03647146244491044,0.43239881450394374
1.3049855000000001,50.0,0.0364714844699991,0.43233251543964724
1.3054800000000002,50.0,0.03647147302504112,0.4322669067093015
1.3059745,50.0,0.036471494859704724,0.43216740564300676
1.306469,50.0,0.03647150316373759,0.4320591553037506
1.3069635000000002,50.0,0.03647148726823761,0.4319487671958268
1.307458,50.0,0.03647150896652846,0.4318357672585762
1.3079525,50.0,0.03647152252523057,0.43171907270974924
1.3084470000000001,50.0,0.03647151133994229,0.43162189448018223
1.3089415000000002,50.0,0.03647153229273985,0.4315403147741459
1.309436,50.0,0.036471555032269315,0.43147636678683515
1.3099305,50.0,0.03647155368557482,0.4314478866363677
1.3104250000000002,50.0,0.0364715759814881,0.43143230872292454
1.3109195,50.0,0.036471621017271555,0.4314582114799788
1.311414,50.0,0.03647166346196185,0.4315092857190545
1.3119085000000001,50.0,0.03647168874216753,0.43157423207591344
1.3124030000000002,50.0,0.03647171459693793,0.4316744407706187
1.3128975,50.0,0.03647177877914551,0.4317776672083246
1.3133920000000001,50.0,0.03647182595091919,0.43189230057378997
1.3138865000000002,50.0,0.03647183795699656,0.4320128773599657
1.314381,50.0,0.03647188138226523,0.4321205031201706
1.3148755,50.0,0.03647192264112218,0.43222617204799973
1.3153700000000002,50.0,0.03647193392374654,0.43231298239918564
1.3158645000000002,50.0,0.036471964039935696,0.4323823090476888
1.316359,50.0,0.03647199678387139,0.43243082909277053
1.3168535000000001,50.0,0.03647199982378634,0.43245352852587615
1.3173480000000002,50.0,0.03647201539294219,0.43247491536447147
1.3178425,50.0,0.036472047941185005,0.432460698618274
1.318337,50.0,0.036472047841045234,0.43243993136988257
1.3188315000000002,50.0,0.03647206501403226,0.43242239165741747
1.319326,50.0,0.03647211104168651,0.43238620671186295
1.3198205,50.0,0.0364721063925084,0.4323686751554458
1.3203150000000001,50.0,0.036472106132425304,0.4323540305096121
1.3208095000000002,50.0,0.036472151482496024,0.4323367701981599
1.321304,50.0,0.03647217777110189,0.4323653270464693
1.3217985,50.0,0.03647218950792996,0.4323832204570403
1.3222930000000002,50.0,0.036472210447012605,0.4324163531521957
1.3227875,50.0,0.03647224845323169,0.4324845542442353
1.323282,50.0,0.036472291250732224,0.43254449061494593
1.3237765000000001,50.0,0.036472310844192876,0.4326117895726327
1.3242710000000002,50.0,0.03647233998005831,0.43268193780142583
1.3247655,50.0,0.03647238320608739,0.43274976874105037
1.32526,50.0,0.03647239570579826,0.43280189038347394
1.3257545000000002,50.0,0.036472408790964056,0.4328408537968866
1.326249,50.0,0.036472444025650856,0.4328520685368558
1.3267435,50.0,0.036472445197362355,0.43284587465573576
1.3272380000000001,50.0,0.03647244188144262,0.4328211286989103
1.3277325000000002,50.0,0.03647245729654177,0.43275101785295467
1.328227,50.0,0.03647243507910485,0.4326756387478704
1.3287215,50.0,0.03647242349985019,0.4325752110588287
1.3292160000000002,50.0,0.03647244860062115,0.4324531891397867
1.3297105,50.0,0.03647243640230367,0.43232933437260296
1.330205,50.0,0.03647240508499908,0.4321955709679894
1.3306995000000001,50.0,0.036472420376077876,0.4320734577636118
1.3311940000000002,50.0,0.036472439926065955,0.43195109086940253
1.3316885,50.0,0.0364724214139463,0.43185239269100606
1.3321830000000001,50.0,0.03647242207287721,0.43176947640113217
1.3326775000000002,50.0,0.03647244250789334,0.4317058880680459
1.333172,50.0,0.036472446416965384,0.43168378840031163
1.3336665,50.0,0.03647245855023141,0.4316647465764851
1.3341610000000002,50.0,0.03647247714859193,0.4316774594595449
1.3346555000000002,50.0,0.03647250081521374,0.4317211681997491
1.33515,50.0,0.03647252349348517,0.4317568541230639
1.3356445000000001,50.0,0.036472529662419324,0.43182621739819377
1.3361390000000002,50.0,0.03647255821754088,0.43188715339668565
1.3366335,50.0,0.036472585965274945,0.4319378736656526
1.337128,50.0,0.0364725941166828,0.43201279738078013
1.3376225000000002,50.0,0.03647262220989949,0.43204295576652885
1.338117,50.0,0.036472624080451425,0.43207504798993224
1.3386115,50.0,0.0364726093815298,0.43210004903361765
1.3391060000000001,50.0,0.036472640067515986,0.4320946074887705
1.3396005000000002,50.0,0.03647264764659157,0.4320773277274198
1.340095,50.0,0.03647261228265085,0.43205836761041305
1.3405895,50.0,0.03647262162107841,0.4320262211721461
1.3410840000000002,50.0,0.03647264781475926,0.43198507516357504
1.3415785,50.0,0.036472632991159125,0.4319602537911583
1.342073,50.0,0.03647263610449352,0.43193121133703394
1.3425675000000001,50.0,0.0364726655226022,0.43191761053007216
1.3430620000000002,50.0,0.036472671677871396,0.4319285572902841
1.3435565,50.0,0.03647267786048822,0.43194646599141123
1.344051,50.0,0.0364727036103403,0.4319948394070941
1.3445455000000002,50.0,0.036472731234229436,0.43205891153907444
1.34504,50.0,0.03647275383386978,0.4321390446482766
1.3455345,50.0,0.03647277462925211,0.4322446671883765
1.3460290000000001,50.0,0.036472793646656815,0.43234783940493715
1.3465235000000002,50.0,0.03647281604983305,0.4324665413372865
1.347018,50.0,0.0364728450652352,0.43257114064029706
1.3475125000000001,50.0,0.0364728692533712,0.4326864060654336
1.3480070000000002,50.0,0.03647288551303487,0.43277202295965456
1.3485015,50.0,0.036472886039666016,0.4328371022257076
1.348996,50.0,0.03647290425247974,0.43290325256269646
1.3494905000000001,50.0,0.03647293440408821,0.4329108214306897
1.3499850000000002,50.0,0.036472906348303746,0.43291535318731106
1.3504795,50.0,0.03647289232422314,0.43288623265251275
1.3509740000000001,50.0,0.036472916429272965,0.4328275904882455
1.3514685000000002,50.0,0.03647288372130784,0.4327666237394817
1.351963,50.0,0.036472855864060516,0.43267048718893236
1.3524575,50.0,0.036472872900443945,0.4325699270705554
1.3529520000000002,50.0,0.03647285803725353,0.432480578266967
1.3534465,50.0,0.0364728316729391,0.43237927253764424
1.353941,50.0,0.03647283207470445,0.4322837194268728
1.3544355000000001,50.0,0.03647283334952677,0.43221746936879163
1.3549300000000002,50.0,0.036472833066992255,0.4321518921897192
1.3554245,50.0,0.0364728417561331,0.43211255089848477
1.355919,50.0,0.03647284303382805,0.43209188114294345
1.3564135000000002,50.0,0.036472839483191515,0.43208530886605373
1.356908,50.0,0.03647285311915867,0.432096488312211
1.3574025,50.0,0.036472867562121404,0.4321227891312529
1.3578970000000001,50.0,0.036472865776726746,0.43214740136944113
1.3583915000000002,50.0,0.03647285760021688,0.4321754228643928
1.358886,50.0,0.03647286382286179,0.43221114326450116
1.3593805,50.0,0.03647287970384439,0.4322237808821738
1.3598750000000002,50.0,0.03647286661471618,0.4322309131927764
1.3603695,50.0,0.03647285181610511,0.4322207296828862
1.360864,50.0,0.036472867905764296,0.4321978689263005
1.3613585000000001,50.0,0.03647285361859244,0.4321559773240347
1.3618530000000002,50.0,0.0364728103511515,0.4320981559065317
1.3623475,50.0,0.03647281533372311,0.432028275859134
1.362842,50.0,0.0364728184299025,0.4319511400085497
1.3633365000000002,50.0,0.03647277375638698,0.431879721909923
1.363831,50.0,0.036472763075116085,0.43179672670872626
1.3643255,50.0,0.03647276197507155,0.43172696983325165
1.3648200000000001,50.0,0.036472737286070145,0.4316876831816457
1.3653145000000002,50.0,0.036472748625628944,0.4316439419113317
1.365809,50.0,0.03647275236579123,0.431630936948165
1.3663035000000001,50.0,0.03647273838064617,0.4316534777524481
1.3667980000000002,50.0,0.036472758236018324,0.4316815552597149
1.3672925,50.0,0.03647278277823545,0.4317555923845408
1.367787,50.0,0.03647279360897992,0.4318257649399568
1.3682815000000002,50.0,0.03647280073452473,0.4319309607028502
1.3687760000000002,50.0,0.03647281904695042,0.43204900283159026
1.3692705,50.0,0.03647284062474079,0.4321564176499274
1.3697650000000001,50.0,0.036472840146614005,0.4322787097052528
1.3702595000000002,50.0,0.03647284268451328,0.43238803269862364
1.370754,50.0,0.03647286863001501,0.43248479988877553
1.3712485,50.0,0.03647287604071082,0.43256381224853463
1.3717430000000002,50.0,0.03647284958185097,0.4326263065489945
1.3722375,50.0,0.036472850775259934,0.4326616915334566
1.372732,50.0,0.03647286999318282,0.43267475059363586
1.3732265000000001,50.0,0.03647284544540374,0.43266953775200484
1.3737210000000002,50.0,0.03647282570539301,0.43264498821377617
1.3742155,50.0,0.03647282929046283,0.4325990465025202
1.37471,50.0,0.03647280256499659,0.4325558771481097
1.3752045000000002,50.0,0.03647278830093524,0.43249822199473564
1.375699,50.0,0.036472795390494986,0.4324438787057142
1.3761935,50.0,0.03647276449309061,0.43239844922033727
1.3766880000000001,50.0,0.036472746768589255,0.4323589887384456
1.3771825000000002,50.0,0.036472766425910005,0.4323406056250308
1.377677,50.0,0.036472756068413444,0.43232685580062413
1.3781715,50.0,0.036472745964664266,0.4323396089352462
1.3786660000000002,50.0,0.036472769872793055,0.432354867539018
1.3791605,50.0,0.036472775429190564,0.43239741740644405
1.379655,50.0,0.036472767019938554,0.43243669317526773
1.3801495000000001,50.0,0.03647276577984572,0.43247672288380096
1.3806440000000002,50.0,0.036472776946549476,0.43253308926143436
1.3811385,50.0,0.03647278779816635,0.43255874687084
1.3816330000000001,50.0,0.036472758723233425,0.4325922352959034
1.3821275000000002,50.0,0.03647274157558853,0.4326007347061993
1.382622,50.0,0.036472751063805195,0.4325865412905605
1.3831165,50.0,0.03647272454053459,0.43256446929856046
1.3836110000000001,50.0,0.03647269527895341,0.43250527782150344
1.3841055000000002,50.0,0.03647268440591698,0.4324382371260479
1.3846,50.0,0.03647265323120073,0.43234928351731233
1.3850945000000001,50.0,0.03647262104229607,0.43224519696925534
1.3855890000000002,50.0,0.03647261424506454,0.43214650890464057
1.3860835,50.0,0.036472587659515415,0.43202435282752905
1.386578,50.0,0.03647254516410234,0.4319254742621378
1.3870725000000002,50.0,0.03647254346441737,0.4318329308476117
1.3875670000000002,50.0,0.036472525942570694,0.43175117129596907
1.3880615,50.0,0.03647248334563966,0.4316958969144928
1.3885560000000001,50.0,0.03647249411649402,0.4316541812581728
1.3890505000000002,50.0,0.03647250503258973,0.43165293869623356
1.389545,50.0,0.03647247909406945,0.4316633322493904
1.3900395,50.0,0.036472477467808274,0.43169938357243
1.3905340000000002,50.0,0.03647249738752952,0.4317555145946876
1.3910285,50.0,0.03647250742231396,0.4318324268214208
1.391523,50.0,0.036472506532271076,0.43191249037517004
1.3920175000000001,50.0,0.03647250196874829,0.4319932487496698
1.3925120000000002,50.0,0.036472512418819394,0.432085614629099
1.3930065,50.0,0.03647251791046266,0.43216042340537963
1.393501,50.0,0.03647250063270806,0.43222891880693987
1.3939955000000002,50.0,0.03647250056284536,0.43227477187017466
1.39449,50.0,0.036472492939057605,0.4323112479078149
1.3949845,50.0,0.03647246027194108,0.43233222125992565
1.3954790000000001,50.0,0.03647245798814305,0.43232653950883354
1.3959735000000002,50.0,0.03647244752309556,0.4323078785975586
1.396468,50.0,0.0364724129088999,0.4322876681119381
1.3969625,50.0,0.036472416925914804,0.43225083096925204
1.3974570000000002,50.0,0.036472409110662574,0.4322153628698446
1.3979515,50.0,0.036472366942981595,0.4321839316560666
1.398446,50.0,0.03647236496584599,0.4321603902449665
1.3989405000000001,50.0,0.036472382728448674,0.43215148683475196
1.3994350000000002,50.0,0.03647235967882709,0.4321499664289232
1.3999295,50.0,0.03647233776357789,0.4321796060748391
1.4004240000000001,50.0,0.03647235899062892,0.43221174656240424
1.4009185000000002,50.0,0.036472365592224706,0.432269261206287
1.401413,50.0,0.0364723580818509,0.43234518522756427
1.4019075,50.0,0.03647237010417792,0.4324098428920813
1.4024020000000001,50.0,0.03647237357887453,0.43250295704191033
1.4028965000000002,50.0,0.036472378703224145,0.43258728970342103
1.403391,50.0,0.03647238179757569,0.43265512143913787
1.4038855000000001,50.0,0.03647237885400413,0.4327259728615329
1.4043800000000002,50.0,0.036472383389189324,0.4327687296050304
1.4048745,50.0,0.03647236580017381,0.4327976582840305
1.405369,50.0,0.036472346449064816,0.43280365044749974
1.4058635000000002,50.0,0.03647233434810804,0.43277677803606396
1.4063580000000002,50.0,0.036472297281393846,0.43273701289990185
1.4068525,50.0,0.0364722779080551,0.43267156680461377
1.4073470000000001,50.0,0.0364722702393519,0.43258650207591104
1.4078415000000002,50.0,0.03647221547431593,0.4324873263295763
1.408336,50.0,0.036472180822539786,0.43238983000126396
1.4088305,50.0,0.0364721931957399,0.4322798407955112
1.4093250000000002,50.0,0.03647215902901334,0.4321766521433883
1.4098195,50.0,0.03647211419418761,0.4320903838746232
1.410314,50.0,0.036472117329712055,0.43201020593977457
1.4108085000000001,50.0,0.03647210585437355,0.43195423285041096
1.4113030000000002,50.0,0.03647208109992341,0.431916450754785
1.4117975,50.0,0.03647207966342551,0.43189935935577933
1.412292,50.0,0.03647207896999306,0.4319038254095618
1.4127865000000002,50.0,0.03647206736353892,0.43192393732752815
1.413281,50.0,0.03647206203914869,0.4319626545863239
1.4137755,50.0,0.03647206371273845,0.43200537672356853
1.4142700000000001,50.0,0.03647206057935332,0.43205601914093467
1.4147645000000002,50.0,0.03647206208677482,0.4321034379200639
1.415259,50.0,0.03647206040116185,0.432145435479937
1.4157535,50.0,0.036472045753913836,0.43218630745088193
1.4162480000000002,50.0,0.0364720313958067,0.43219355579907753
1.4167425,50.0,0.036472020058645624,0.43220195443158393
1.417237,50.0,0.036472015019712395,0.4321997814283554
1.4177315000000001,50.0,0.03647198421447133,0.43215372910954725
1.4182260000000002,50.0,0.03647193780733737,0.43212801770059045
1.4187205,50.0,0.036471943447943,0.4320765754316448
1.4192150000000001,50.0,0.03647193057022537,0.4320135402542843
1.4197095000000002,50.0,0.03647187741804153,0.43197385080498857
1.420204,50.0,0.03647187820254993,0.4319097650352196
1.4206985,50.0,0.03647187789597226,0.43188107364105544
1.4211930000000002,50.0,0.03647184312809102,0.4318594911920902
1.4216875000000002,50.0,0.03647184405666912,0.4318501839469077
1.422182,50.0,0.03647185756000862,0.43186632776063166
1.4226765000000001,50.0,0.03647184822042816,0.4319061306320153
1.4231710000000002,50.0,0.03647185091785827,0.43196852945155517
1.4236655,50.0,0.03647186005023555,0.4320349296990245
1.42416,50.0,0.0364718571658936,0.432135178913628
1.4246545000000002,50.0,0.03647186944040476,0.4322308563680554
1.4251490000000002,50.0,0.036471884786481085,0.4323350424470805
1.4256435,50.0,0.03647188171168256,0.4324419489293077
1.4261380000000001,50.0,0.03647187710726886,0.43252984086185
1.4266325000000002,50.0,0.036471885071918904,0.4326163289183964
1.427127,50.0,0.03647189724011545,0.4326791635154792
1.4276215,50.0,0.03647188333167444,0.4327211729937674
1.4281160000000002,50.0,0.03647185683875317,0.432738044371329
1.4286105,50.0,0.03647185509821195,0.4327381868476721
1.429105,50.0,0.03647184767001317,0.43271591864516196
1.4295995000000001,50.0,0.0364718071838931,0.43266292486816393
1.4300940000000002,50.0,0.03647178520765518,0.43260997857049266
1.4305885,50.0,0.03647178782424131,0.432535720210145
1.431083,50.0,0.036471747191509495,0.43246203397754857
1.4315775000000002,50.0,0.03647171104911838,0.4323942654228857
1.432072,50.0,0.03647172173891622,0.4323081978998042
1.4325665,50.0,0.036471700736569204,0.4322648707370161
1.4330610000000001,50.0,0.03647168144322124,0.432221751804759
1.4335555000000002,50.0,0.0364716921260298,0.4321772425625743
1.43405,50.0,0.036471672480278314,0.43218232503174636
1.4345445000000001,50.0,0.03647166834604924,0.432184080349295
1.4350390000000002,50.0,0.036471689131507015,0.432198761614772
1.4355335,50.0,0.03647167780625684,0.4322375058644537
1.436028,50.0,0.036471662104147734,0.43226985631579756
1.4365225000000001,50.0,0.036471667094912015,0.4323140993421397
1.4370170000000002,50.0,0.036471673683953085,0.4323547295720065
1.4375115,50.0,0.03647166338699846,0.43237691548127766
1.4380060000000001,50.0,0.036471645477958156,0.4323984547122088
1.4385005000000002,50.0,0.03647164366517825,0.4324036522863318
1.438995,50.0,0.03647163726794626,0.43238493029662495
1.4394895,50.0,0.036471604540881906,0.43235082939544034
1.4399840000000002,50.0,0.03647158154845863,0.4323025930647106
1.4404785000000002,50.0,0.03647158386978512,0.43223695978891935
1.440973,50.0,0.03647155480665415,0.43215373841224913
1.4414675000000001,50.0,0.036471509814238565,0.4320797679719537
1.4419620000000002,50.0,0.036471502838843144,0.43198599367938145
1.4424565,50.0,0.03647148588730679,0.4319063821704107
1.442951,50.0,0.036471454233601014,0.43183686871407384
1.4434455000000002,50.0,0.03647145097090368,0.4317785533551063
1.4439400000000002,50.0,0.03647143925680931,0.4317362863611813
1.4444345,50.0,0.03647141584584763,0.4317242212601809
1.4449290000000001,50.0,0.03647143625088238,0.43173099807380805
1.4454235000000002,50.0,0.036471450600402106,0.4317516140336781
1.445918,50.0,0.03647142750302625,0.4318131522979587
1.4464125,50.0,0.03647144524671476,0.43187246081043185
1.4469070000000002,50.0,0.03647146937651322,0.43195953757904065
1.4474015,50.0,0.03647145891720974,0.432055420146666
1.447896,50.0,0.03647146693706477,0.432139218171021
1.4483905000000001,50.0,0.03647148221447088,0.432240295369826
1.4488850000000002,50.0,0.036471487841082194,0.43232657670789537
1.4493795,50.0,0.036471479383189925,0.43238696951821887
1.449874,50.0,0.03647146560765491,0.43245628930882885
1.4503685000000002,50.0,0.036471480088628036,0.4324837306230967
1.450863,50.0,0.036471477141729415,0.4324985473491747
1.4513575,50.0,0.036471446847289944,0.4325076307101085
1.4518520000000001,50.0,0.03647144279850007,0.43247516982533113
1.4523465000000002,50.0,0.03647143797128306,0.43244907388485054
1.452841,50.0,0.03647141456884574,0.4324057174694157
1.4533355000000001,50.0,0.036471408265426004,0.4323572013503382
1.4538300000000002,50.0,0.036471399788091045,0.43231045822192177
1.4543245,50.0,0.036471368750649935,0.4322685319463225
1.454819,50.0,0.03647136751980607,0.43224000252637107
1.4553135000000001,50.0,0.03647138262248595,0.43221921841461
1.4558080000000002,50.0,0.036471359457753004,0.43221802991261316
1.4563025,50.0,0.03647135939306665,0.43222994486055566
1.4567970000000001,50.0,0.03647139111074251,0.43225849873042155
1.4572915000000002,50.0,0.03647138068118332,0.43230903409771915
1.457786,50.0,0.036471373638027146,0.43235496950022606
1.4582805,50.0,0.03647140525759949,0.4324129846690224
1.4587750000000002,50.0,0.03647141518188724,0.43248315485000705
1.4592695000000002,50.0,0.03647140391838675,0.432535666589701
1.459764,50.0,0.03647140446897001,0.4325811363656305
1.4602585000000001,50.0,0.036471408032435794,0.4326167097208434
1.4607530000000002,50.0,0.0364714083751156,0.43263966646425256
1.4612475,50.0,0.03647139367390477,0.432627222514607
1.461742,50.0,0.03647137184660601,0.43260884209904166
1.4622365000000002,50.0,0.03647136708516662,0.43256102350238806
1.4627310000000002,50.0,0.036471345667055476,0.4324954693052957
1.4632255,50.0,0.036471325335967475,0.43242671118796283
1.4637200000000001,50.0,0.03647132338400299,0.43231403708759975
1.4642145000000002,50.0,0.036471287219898056,0.4322356309356733
1.464709,50.0,0.03647126689006855,0.4321329553857837
1.4652035,50.0,0.036471271855271575,0.4320337809898709
1.4656980000000002,50.0,0.036471238622701206,0.43196341225653206
1.4661925,50.0,0.03647122097639525,0.4318851166821399
1.466687,50.0,0.03647124090299475,0.4318478444173404
1.4671815000000001,50.0,0.03647122990764171,0.4318176412125467
1.4676760000000002,50.0,0.03647120455265872,0.4318110453335324
1.4681705,50.0,0.03647122694942651,0.4318307861093795
1.468665,50.0,0.03647125046875448,0.43186444861937945
1.4691595000000002,50.0,0.03647123747201297,0.43191471857420166
1.469654,50.0,0.03647124550492201,0.43197626864344124
1.4701485,50.0,0.03647126535241053,0.43203937417787364
1.4706430000000001,50.0,0.036471268254943276,0.43211279590222956
1.4711375000000002,50.0,0.03647127784174282,0.43216917329741394
1.471632,50.0,0.036471279164976875,0.4322232929289117
1.4721265000000001,50.0,0.036471273388732704,0.4322614167468686
1.4726210000000002,50.0,0.03647127160317526,0.4322872589928472
1.4731155,50.0,0.036471261444403,0.43229559832398984
1.47361,50.0,0.03647125750943966,0.4322811373684654
1.4741045000000002,50.0,0.03647124828981233,0.43225946049753783
1.4745990000000002,50.0,0.036471231422431354,0.43222630105475524
1.4750935,50.0,0.03647123463303132,0.4321830991842502
1.4755880000000001,50.0,0.03647122149845103,0.4321303894338666
1.4760825000000002,50.0,0.03647119512561216,0.43209582176945366
1.476577,50.0,0.03647121643440561,0.4320557348272377
1.4770715,50.0,0.036471222731370365,0.4320261590619388
1.4775660000000002,50.0,0.03647118634915863,0.43202342482204836
1.4780605000000002,50.0,0.03647120322701711,0.43202730071396966
1.478555,50.0,0.03647123357306115,0.43205203270576914
1.4790495000000001,50.0,0.03647122164136442,0.43210074823290007
1.4795440000000002,50.0,0.03647123137958914,0.43215471155325147
1.4800385,50.0,0.03647125513727854,0.43223336857574196
1.480533,50.0,0.03647126262698362,0.4323135671316678
1.4810275000000002,50.0,0.03647127612274278,0.43239584187529345
1.4815220000000002,50.0,0.0364712975015758,0.4324881101537398
1.4820165,50.0,0.036471307511491295,0.432552453790672
1.4825110000000001,50.0,0.03647131019395822,0.4326264554879172
1.4830055000000002,50.0,0.03647132074180024,0.4326698602473544
1.4835,50.0,0.03647131709576603,0.4326962088677989
1.4839945,50.0,0.036471308030376536,0.4327068430568788
1.4844890000000002,50.0,0.03647130762441716,0.43268112475355897
1.4849835,50.0,0.0364712992760889,0.4326535489375324
1.485478,50.0,0.03647128413063943,0.43259447094508274
1.4859725000000001,50.0,0.03647125737620152,0.4325196076406059
1.4864670000000002,50.0,0.036471254982055064,0.43244430506082476
1.4869615,50.0,0.0364712645473531,0.4323583751775624
1.4874560000000001,50.0,0.03647122592853878,0.43227177125295957
1.4879505000000002,50.0,0.03647121033918819,0.4321957193714398
1.488445,50.0,0.03647123697234107,0.43212740525553334
1.4889395,50.0,0.03647122087832057,0.432077746933577
1.4894340000000001,50.0,0.03647120753444576,0.4320423879178373
1.4899285000000002,50.0,0.03647123317335775,0.4320214517366933
1.490423,50.0,0.03647122960640425,0.4320293232537809
1.4909175000000001,50.0,0.036471223030049765,0.4320468297659571
1.4914120000000002,50.0,0.03647124685641288,0.4320775696299975
1.4919065,50.0,0.03647125203165316,0.43211752032206513
1.492401,50.0,0.036471255032440954,0.43216810252606797
1.4928955000000002,50.0,0.036471275651873455,0.43221112148575336
1.4933900000000002,50.0,0.03647127670855915,0.4322554245472363
1.4938845,50.0,0.03647127247351234,0.43228581299980245
1.4943790000000001,50.0,0.03647128262119445,0.4323020529802495
1.4948735000000002,50.0,0.03647128930963992,0.43231273634818557
1.495368,50.0,0.03647127725604703,0.4322931128846398
1.4958625,50.0,0.036471255066419496,0.43226714673338523
1.4963570000000002,50.0,0.036471255447706186,0.43222126706601266
1.4968515000000002,50.0,0.03647125965723072,0.4321690926910506
1.497346,50.0,0.0364712349523396,0.43210589064570454
1.4978405000000001,50.0,0.03647121368543932,0.43203237689669616
1.4983350000000002,50.0,0.036471222841974626,0.4319797460131707
1.4988295,50.0,0.036471219999363744,0.431918341927613
1.499324,50.0,0.03647119668412754,0.4318732110753113
1.4998185000000002,50.0,0.03647121563480637,0.4318513745773823
1.5003130000000002,50.0,0.036471233960745066,0.4318304278658922
1.5008075,50.0,0.03647121717152017,0.4318598475979108
1.5013020000000001,50.0,0.03647124067983241,0.4318824515559298
1.5017965000000002,50.0,0.03647126234420422,0.43192910107720095
1.502291,50.0,0.03647125908859659,0.43201211058922967
1.5027855,50.0,0.036471292262130896,0.4320841335747747
1.5032800000000002,50.0,0.03647131101348374,0.43217450344628755
1.5037745,50.0,0.03647130452047333,0.4322656597595383
1.504269,50.0,0.036471329819678905,0.4323583699444116
1.5047635000000001,50.0,0.03647135885557326,0.43243390223500083
1.5052580000000002,50.0,0.03647135811066536,0.43249970946035937
1.5057525,50.0,0.03647135451996187,0.4325531391612838
1.5062470000000001,50.0,0.036471364464872195,0.4325787349807857
1.5067415000000002,50.0,0.03647137418664922,0.4325956111375542
1.507236,50.0,0.036471366316367174,0.43257754560210615
1.5077305,50.0,0.03647135079123083,0.4325528372379201
1.5082250000000001,50.0,0.03647135738624846,0.43251232988757415
1.5087195000000002,50.0,0.03647135330437661,0.43245278237823126
1.509214,50.0,0.03647132461637552,0.4323978662969308
1.5097085000000001,50.0,0.03647132647926633,0.4323336833942026
1.5102030000000002,50.0,0.036471338017101625,0.4322768366580313
1.5106975,50.0,0.03647132232156511,0.4322291401853545
1.511192,50.0,0.036471322944159036,0.4321938357404477
1.5116865000000002,50.0,0.03647134026789622,0.43217223982183295
1.5121810000000002,50.0,0.036471337661295754,0.4321644103381155
1.5126755,50.0,0.03647135062591835,0.43218342614229804
1.5131700000000001,50.0,0.036471380904441256,0.4322027044465661
1.5136645000000002,50.0,0.036471371323015686,0.4322408283422705
1.514159,50.0,0.03647137359823343,0.43229648304003654
1.5146535,50.0,0.03647141723446052,0.4323350004769177
1.5151480000000002,50.0,0.036471416772556164,0.43239109876700915
1.5156425000000002,50.0,0.03647140680911213,0.4324359709909211
1.516137,50.0,0.03647143014750861,0.43245661481047115
1.5166315000000001,50.0,0.0364714319358736,0.4324901872705533
1.5171260000000002,50.0,0.03647142449633545,0.43248110351291436
1.5176205,50.0,0.03647142020045508,0.43246161653244486
1.518115,50.0,0.036471420687574585,0.43243344385329074
1.5186095000000002,50.0,0.036471422266555586,0.43237295688066457
1.519104,50.0,0.0364713967284971,0.4323078805399983
1.5195985,50.0,0.03647138329402434,0.43223178983549576
1.5200930000000001,50.0,0.03647138973783599,0.4321467192911139
1.5205875000000002,50.0,0.036471372504519074,0.4320607768301869
1.521082,50.0,0.03647135747661102,0.4319872220047084
1.5215765,50.0,0.03647136158718702,0.4319181787694521
1.5220710000000002,50.0,0.036471351802845005,0.4318593132241019
1.5225655,50.0,0.03647135172937857,0.4318313405317726
1.52306,50.0,0.03647137982351172,0.43181411132784203
1.5235545000000001,50.0,0.0364713781117607,0.431816109597971
1.5240490000000002,50.0,0.03647137212767522,0.4318486957653794
1.5245435,50.0,0.03647141217627038,0.4318891477357022
1.5250380000000001,50.0,0.036471431225064556,0.4319523044336044
1.5255325000000002,50.0,0.036471423571417944,0.43202271987288415
1.526027,50.0,0.03647145319656563,0.43209467908473237
1.5265215,50.0,0.03647148237327422,0.43217486087416074
1.5270160000000002,50.0,0.036471472442097426,0.4322506596071796
1.5275105000000002,50.0,0.036471479647451586,0.4323074631406757
1.528005,50.0,0.03647150210270213,0.4323528411689687
1.5284995000000001,50.0,0.03647150193516699,0.4323977851468403
1.5289940000000002,50.0,0.03647150073678598,0.43240339265837774
1.5294885,50.0,0.036471495562873615,0.4324021261111953
1.529983,50.0,0.03647149597943445,0.432388742721132
1.5304775000000002,50.0,0.03647150270296171,0.4323497050278401
1.5309720000000002,50.0,0.03647148942944423,0.43231575284752205
1.5314665,50.0,0.03647148824652122,0.43226442306139795
1.5319610000000001,50.0,0.03647148503186401,0.43221147608789273
1.5324555000000002,50.0,0.036471470411454494,0.43218203520502907
1.53295,50.0,0.036471490705894165,0.43213977460212977
1.5334445,50.0,0.03647149433480221,0.4321117980477224
1.5339390000000002,50.0,0.03647147807219163,0.4321197877475315
1.5344335000000002,50.0,0.036471507571364394,0.4321183556849457
1.534928,50.0,0.03647152894412733,0.4321513203788946
1.5354225000000001,50.0,0.03647151850191788,0.4321916306263715
1.5359170000000002,50.0,0.03647154255231975,0.43224518964685066
1.5364115,50.0,0.036471583724311064,0.4323110759799521
1.536906,50.0,0.03647158233390609,0.43237749586500696
1.5374005000000002,50.0,0.03647158397493642,0.4324502202861129
1.537895,50.0,0.03647161736082768,0.43250020424056174
1.5383895,50.0,0.03647162551653937,0.4325645068021081
1.5388840000000001,50.0,0.03647162197769679,0.43259618039231323
1.5393785000000002,50.0,0.036471627861915,0.432608095120905
1.539873,50.0,0.03647162162399466,0.4326174085611628
1.5403675000000001,50.0,0.03647161825020816,0.4325889558269994
1.5408620000000002,50.0,0.03647161851150223,0.4325508142714797
1.5413565,50.0,0.036471607980772695,0.4324910768022972
1.541851,50.0,0.03647159587753279,0.43241833331332763
1.5423455000000001,50.0,0.036471584974622044,0.43233937110975607
1.5428400000000002,50.0,0.036471578849070437,0.4322568607363737
1.5433345,50.0,0.036471576581722384,0.43216745773459636
1.5438290000000001,50.0,0.03647155876609199,0.4320911071743693
1.5443235000000002,50.0,0.036471557683817275,0.4320339575531708
1.544818,50.0,0.03647157796664574,0.4319737057382417
1.5453125,50.0,0.03647155619922835,0.4319424503789452
1.5458070000000002,50.0,0.036471553381383796,0.4319384967325459
1.5463015000000002,50.0,0.036471598375055835,0.4319286387028453
1.546796,50.0,0.03647159442101743,0.43196542902626306
1.5472905000000001,50.0,0.03647158681683773,0.4319966342398886
1.5477850000000002,50.0,0.03647162222769126,0.4320434680130205
1.5482795,50.0,0.036471637641480294,0.4321089980988665
1.548774,50.0,0.03647164188648529,0.4321531556042447
1.5492685000000002,50.0,0.03647165973418214,0.4322164926596506
1.5497630000000002,50.0,0.03647166668714742,0.43225905037539175
1.5502575,50.0,0.036471662501022975,0.43229244224127517
1.5507520000000001,50.0,0.036471670683717636,0.43231405759094077
1.5512465000000002,50.0,0.03647167462769985,0.43231782743057356
1.551741,50.0,0.03647166060005546,0.4323044880364968
1.5522355,50.0,0.036471657911882706,0.43227563279787207
1.5527300000000002,50.0,0.036471658122366135,0.4322386145166288
1.5532245000000002,50.0,0.03647164538315051,0.43219125526036833
1.553719,50.0,0.036471635674853425,0.43212991581860366
1.5542135000000001,50.0,0.03647163475123978,0.4320828495147971
1.5547080000000002,50.0,0.03647164475667423,0.4320349610330085
1.5552025,50.0,0.03647163465275454,0.4319891624325371
1.555697,50.0,0.03647161959867679,0.4319733343414134
1.5561915000000002,50.0,0.03647165192981424,0.4319553272868104
1.556686,50.0,0.03647166753261139,0.43197058237563263
1.5571805,50.0,0.03647164942847116,0.43199828013148556
1.5576750000000001,50.0,0.03647167452600453,0.4320410664819978
1.5581695000000002,50.0,0.03647170435447363,0.43210107331924136
1.558664,50.0,0.03647170102971099,0.43217967906642824
1.5591585000000001,50.0,0.036471727702540514,0.43225433929907625
1.5596530000000002,50.0,0.0364717562951262,0.4323312474759931
1.5601475,50.0,0.03647175166921892,0.4324211313353965
1.560642,50.0,0.03647177316382271,0.43248032544588333
1.5611365000000001,50.0,0.03647179102082363,0.43254437313361366
1.5616310000000002,50.0,0.03647178143064962,0.43258351022301
1.5621255,50.0,0.03647178950804636,0.43260007981945175
1.5626200000000001,50.0,0.03647179629936971,0.4326120937113396
1.5631145000000002,50.0,0.03647178415335295,0.43258709650514304
1.563609,50.0,0.03647176811906322,0.43255166473007844
1.5641035,50.0,0.03647176667107965,0.43250408757284053
1.5645980000000002,50.0,0.03647177083060417,0.432436529928203
1.5650925000000002,50.0,0.03647175051376988,0.4323744130275986
1.565587,50.0,0.03647173032931529,0.43229808103727374
1.5660815000000001,50.0,0.036471738217594536,0.43223056182580716
1.5665760000000002,50.0,0.036471747490482445,0.43218055175073317
1.5670705,50.0,0.03647173197178484,0.4321250613205063
1.567565,50.0,0.036471731047425245,0.43209745322226545
1.5680595000000002,50.0,0.03647175592165344,0.43208123123263276
1.5685540000000002,50.0,0.03647174860958,0.43208653326837065
1.5690485,50.0,0.036471750106240576,0.43210640925007077
1.5695430000000001,50.0,0.03647178320718469,0.43212842075740676
1.5700375000000002,50.0,0.03647178042375851,0.4321799545135455
1.570532,50.0,0.036471785410895824,0.4322280808636643
1.5710265,50.0,0.0364718157604879,0.43227009345916106
1.5715210000000002,50.0,0.036471808435888535,0.43231979999874587
1.5720155000000002,50.0,0.0364718095973855,0.4323577659237076
1.57251,50.0,0.03647183756798128,0.4323798503317134
1.5730045000000001,50.0,0.036471827357783475,0.43239486187646803
1.5734990000000002,50.0,0.036471807113534295,0.432381435469095
1.5739935,50.0,0.036471815611565275,0.4323659719258568
1.574488,50.0,0.03647181647340603,0.432323968237402
1.5749825000000002,50.0,0.03647179881081199,0.4322703488483117
1.575477,50.0,0.03647177890073384,0.4322071298674777
1.5759715,50.0,0.036471770933355,0.4321424215105295
1.5764660000000001,50.0,0.03647177263807056,0.43207052712421257
1.5769605000000002,50.0,0.036471753812987596,0.43200261679737467
1.577455,50.0,0.03647174434514088,0.4319525662246761
1.5779495000000001,50.0,0.036471761248015835,0.43189963584976643
1.5784440000000002,50.0,0.03647175445104727,0.43188350379157253
1.5789385,50.0,0.036471750164300855,0.4318674369421902
1.579433,50.0,0.03647177269732744,0.4318825789621773
1.5799275000000002,50.0,0.036471782427585524,0.4319147711816936
1.5804220000000002,50.0,0.03647178558143406,0.43195672882755054
1.5809165,50.0,0.03647181103769932,0.4320313190360821
1.5814110000000001,50.0,0.03647182386506139,0.43209126460108743
1.5819055000000002,50.0,0.03647181870846649,0.43217579763835184
1.5824,50.0,0.03647185501269274,0.4322590453083155
1.5828945,50.0,0.03647187505634678,0.43231969752540794
1.5833890000000002,50.0,0.036471850184899825,0.4323960597379006
1.5838835000000002,50.0,0.036471868641251286,0.4324407320468408
1.584378,50.0,0.03647188998911604,0.43247296948928227
1.5848725000000001,50.0,0.03647187343442679,0.4324965542473882
1.5853670000000002,50.0,0.036471870371334286,0.43248396279466683
1.5858615,50.0,0.03647187115031636,0.4324729470624648
1.586356,50.0,0.03647186380663865,0.43243559555808014
1.5868505000000002,50.0,0.036471851807585255,0.43239012151017536
1.5873450000000002,50.0,0.03647183666003815,0.4323396245455807
1.5878395,50.0,0.036471838757217004,0.43228292704641874
1.5883340000000001,50.0,0.03647183540633577,0.4322321327322363
1.5888285000000002,50.0,0.036471817687423434,0.43218710635182106
1.589323,50.0,0.036471823574437436,0.4321550022547731
1.5898175,50.0,0.03647183284243934,0.4321312860155872
1.5903120000000002,50.0,0.03647182787712406,0.432129413619889
1.5908065000000002,50.0,0.03647184619756243,0.4321418408280431
1.591301,50.0,0.03647185799252733,0.43216710720100426
1.5917955000000001,50.0,0.0364718474921586,0.4322092641231101
1.5922900000000002,50.0,0.0364718748008256,0.4322565434778545
1.5927845,50.0,0.03647190376242392,0.4323167819396983
1.5932790000000001,50.0,0.03647188786186095,0.43237059464453115
1.5937735000000002,50.0,0.0364718926455772,0.4324229531914971
1.594268,50.0,0.036471922127827364,0.43247067606507433
1.5947625,50.0,0.036471913174940085,0.43250090110170264
1.5952570000000001,50.0,0.03647189844334521,0.4325209843794268
1.5957515000000002,50.0,0.036471915084852397,0.4325133047807264
1.596246,50.0,0.03647190928983184,0.4324952766983968
1.5967405000000001,50.0,0.03647188645309944,0.43246938960292863
1.5972350000000002,50.0,0.03647188334671257,0.43239855122071563
1.5977295,50.0,0.03647187123762044,0.4323414932934507
1.598224,50.0,0.03647186070034034,0.4322724996812597
1.5987185000000002,50.0,0.036471848218611026,0.4321810187265378
1.5992130000000002,50.0,0.03647182643460689,0.43211838372401634
1.5997075,50.0,0.03647182524218556,0.43203691138022415
1.6002020000000001,50.0,0.036471816018831815,0.431982556832078
1.6006965000000002,50.0,0.036471814139380186,0.43194132586845974
1.601191,50.0,0.03647182434030707,0.4319061200961157
1.6016855,50.0,0.03647180736341316,0.4319019221820295
1.6021800000000002,50.0,0.03647181688454946,0.43191494982677037
1.6026745000000002,50.0,0.03647184984711509,0.43194167547170775
1.603169,50.0,0.03647184219258991,0.43198231052587815
1.6036635000000001,50.0,0.03647184283945642,0.4320418178777558
1.6041580000000002,50.0,0.03647188047416199,0.43210315045131203
1.6046525,50.0,0.0364718840173947,0.4321678565440811
1.605147,50.0,0.03647186998126815,0.43223244324394244
1.6056415000000002,50.0,0.0364718947333839,0.43228414599788423
1.6061360000000002,50.0,0.03647190586203513,0.4323308881081
1.6066305,50.0,0.03647188749788486,0.43236319807457413
1.6071250000000001,50.0,0.036471888403123306,0.432375092231257
1.6076195000000002,50.0,0.03647189082405743,0.4323708159901568
1.608114,50.0,0.036471879800395346,0.43235784660204446
1.6086085,50.0,0.0364718762516692,0.4323250001875202
1.6091030000000002,50.0,0.036471867453994965,0.43227844179573527
1.6095975000000002,50.0,0.03647184904653065,0.43223451813225794
1.610092,50.0,0.0364718439034292,0.4321833613822805
1.6105865000000001,50.0,0.036471843773800826,0.43213391005091506
1.6110810000000002,50.0,0.036471837036781925,0.4320957486346949
1.6115755,50.0,0.036471829809144186,0.43206168930609923
1.6120700000000001,50.0,0.03647182559037402,0.4320506081170009
1.6125645000000002,50.0,0.0364718418591084,0.43205715557275093
1.613059,50.0,0.03647184720720133,0.43206052647667226
1.6135535,50.0,0.036471834874536965,0.4321075106656875
1.6140480000000001,50.0,0.03647186899501033,0.4321571802244964
1.6145425000000002,50.0,0.03647188971547238,0.4322036585989877
1.615037,50.0,0.036471869021741044,0.4322876159151703
1.6155315000000001,50.0,0.03647189694057504,0.4323478529125265
1.6160260000000002,50.0,0.03647192479976409,0.43241406734828225
1.6165205,50.0,0.03647191104205957,0.43248302319781873
1.617015,50.0,0.03647191580212951,0.4325217968110404
1.6175095000000002,50.0,0.03647192449331594,0.43256164468344244
1.6180040000000002,50.0,0.03647191427174365,0.4325760240248234
1.6184985,50.0,0.03647191131053794,0.43257177554490756
1.6189930000000001,50.0,0.03647191209662569,0.4325507126513802
1.6194875000000002,50.0,0.0364718907764999,0.4325095301845349
1.619982,50.0,0.03647187415716391,0.432460617136247
1.6204765,50.0,0.03647187505917625,0.43238561042125384
1.6209710000000002,50.0,0.03647185936025276,0.43232623326513764
1.6214655000000002,50.0,0.0364718404547343,0.4322439028930209
1.62196,50.0,0.036471834348811134,0.4321737828447197
1.6224545000000001,50.0,0.03647183277594775,0.43212024305895747
1.6229490000000002,50.0,0.036471823971629756,0.43206264987364035
1.6234435,50.0,0.03647180917929284,0.4320307832353906
1.623938,50.0,0.03647181994691609,0.4320122670221466
1.6244325000000002,50.0,0.03647183660373711,0.43201417539484593
1.6249270000000002,50.0,0.03647181971134371,0.43202710544302453
1.6254215,50.0,0.03647182060204661,0.4320621284132462
1.6259160000000001,50.0,0.03647185681502122,0.43210086446082163
1.6264105000000002,50.0,0.03647185576671832,0.432150957721311
1.626905,50.0,0.03647184956268893,0.4322103397120795
1.6273995,50.0,0.036471876489308344,0.43225092955151656
1.6278940000000002,50.0,0.03647186979349563,0.4323010765045951
1.6283885000000002,50.0,0.036471862788437975,0.4323419190711161
1.628883,50.0,0.03647188334189204,0.43234958643054244
1.6293775000000001,50.0,0.036471865917964134,0.43236657671562195
1.6298720000000002,50.0,0.036471848966130226,0.43235393576976294
1.6303665,50.0,0.03647185664551232,0.43232131064386875
1.6308610000000001,50.0,0.03647184044712108,0.43229677847454895
1.6313555000000002,50.0,0.0364718186366019,0.43223225882924055
1.63185,50.0,0.036471813059184705,0.4321805865045434
1.6323445,50.0,0.03647181118755951,0.43212581695172786
1.6328390000000002,50.0,0.03647179493916255,0.4320641372403293
1.6333335000000002,50.0,0.03647177664204114,0.432016717635864
1.633828,50.0,0.03647178401261682,0.43197573141197526
1.6343225000000001,50.0,0.03647179352046244,0.4319581174648524
1.6348170000000002,50.0,0.03647178254279432,0.4319456421310242
1.6353115,50.0,0.03647177598225299,0.43196027565296424
1.635806,50.0,0.03647179743550373,0.4319886251465074
1.6363005000000002,50.0,0.036471810133252985,0.4320327509785211
1.6367950000000002,50.0,0.03647180380604886,0.4320985360062237
1.6372895,50.0,0.03647182764550879,0.43215831344736766
1.6377840000000001,50.0,0.03647184266130718,0.4322330130596632
1.6382785000000002,50.0,0.03647183425437567,0.4323178670029662
1.638773,50.0,0.03647185870053786,0.4323766691819868
1.6392675,50.0,0.03647186898191077,0.43243681305835757
1.6397620000000002,50.0,0.036471851275548424,0.4324898934336169
1.6402565000000002,50.0,0.036471866614800764,0.43251908154807156
1.640751,50.0,0.03647187151283868,0.4325290762730901
1.6412455000000001,50.0,0.03647183949148356,0.4325267587577954
1.6417400000000002,50.0,0.03647184026106089,0.4325048463405546
1.6422345,50.0,0.036471847471309715,0.4324633217505282
1.642729,50.0,0.03647181799662572,0.4324220042135071
1.6432235000000002,50.0,0.036471799858091486,0.43235243992011374
1.6437180000000002,50.0,0.0364717958576408,0.4323020377509008
1.6442125,50.0,0.03647179417045855,0.4322415217500898
1.6447070000000001,50.0,0.036471785209214014,0.4321801132840326
1.6452015000000002,50.0,0.0364717678412523,0.43214805396435374
1.645696,50.0,0.036471776491978726,0.4321099240621266
1.6461905000000001,50.0,0.03647178124711568,0.43209885719693875
1.6466850000000002,50.0,0.036471770587952645,0.4321014124163988
1.6471795000000002,50.0,0.036471783827553006,0.4321154180487314
1.647674,50.0,0.03647179585603257,0.43214610583242635
1.6481685000000001,50.0,0.0364717910596789,0.43219307911636523
1.6486630000000002,50.0,0.03647180229025874,0.4322369199138656
1.6491575,50.0,0.03647181847305449,0.4322912586038416
1.6496520000000001,50.0,0.03647181090691822,0.4323399034620633
1.6501465000000002,50.0,0.036471816693213685,0.43238658449090445
1.650641,50.0,0.03647183754757913,0.43241723682181843
1.6511355,50.0,0.036471813417779726,0.4324372027039674
1.6516300000000002,50.0,0.036471801299518554,0.432445948955275
1.6521245000000002,50.0,0.03647182728924057,0.4324246669060746
1.652619,50.0,0.03647180457734782,0.4324051825145863
1.6531135000000001,50.0,0.036471773590695665,0.4323542346332117
1.6536080000000002,50.0,0.036471776561814884,0.43229795936069965
1.6541025,50.0,0.036471763502683524,0.4322402995712232
1.654597,50.0,0.036471743470216,0.4321634428440393
1.6550915000000002,50.0,0.036471732492744074,0.43209856568722654
1.6555860000000002,50.0,0.03647172327404106,0.4320389215715694
1.6560805,50.0,0.036471719646194604,0.43198210818115274
1.6565750000000001,50.0,0.03647171110942326,0.43194600011687556
1.6570695000000002,50.0,0.036471707256147956,0.43192497875239505
1.657564,50.0,0.036471720105216356,0.4319183422257023
1.6580585,50.0,0.03647171932520182,0.43193213315928874
1.6585530000000002,50.0,0.036471720878695046,0.4319677261351482
1.6590475000000002,50.0,0.03647174175769675,0.43201160791414167
1.659542,50.0,0.0364717390555494,0.43206766087767945
1.6600365000000001,50.0,0.03647174734180966,0.4321390097168336
1.6605310000000002,50.0,0.03647177803165908,0.4321992429075486
1.6610255,50.0,0.03647176702626481,0.4322759572849637
1.66152,50.0,0.03647175720175241,0.4323256376508644
1.6620145000000002,50.0,0.03647178565003832,0.43237850634980524
1.6625090000000002,50.0,0.03647178944264035,0.4324179448250096
1.6630035,50.0,0.03647176340790354,0.4324280925732414
1.6634980000000001,50.0,0.03647176806125748,0.4324389828182799
1.6639925000000002,50.0,0.03647177573969372,0.43241617218239115
1.664487,50.0,0.03647174707578104,0.43239760556276546
1.6649815000000001,50.0,0.03647173925891415,0.4323524355934388
1.6654760000000002,50.0,0.03647173972206051,0.43229894580134803
1.6659705000000002,50.0,0.03647171875288415,0.432257478304905
1.666465,50.0,0.03647171258550023,0.43220068247958393
1.6669595000000001,50.0,0.036471704652660454,0.4321562758231183
1.6674540000000002,50.0,0.03647169769115509,0.43212077841960256
1.6679485,50.0,0.03647170396751442,0.43209455913582173
1.6684430000000001,50.0,0.0364717001611026,0.4320934088404565
1.6689375000000002,50.0,0.03647170532973421,0.4320938015773864
1.669432,50.0,0.03647171023533122,0.43211629958478875
1.6699265,50.0,0.036471711362337886,0.4321619546447338
1.6704210000000002,50.0,0.03647173968524632,0.4322009839696849
1.6709155000000002,50.0,0.03647174613918646,0.43226307874156594
1.67141,50.0,0.036471730122989404,0.4323201139507129
1.6719045000000001,50.0,0.03647175580951253,0.4323805816648735
1.6723990000000002,50.0,0.03647177360933154,0.43243443025225425
1.6728935,50.0,0.03647174921323694,0.4324750759267238
1.673388,50.0,0.03647175495587679,0.43250689141020937
1.6738825000000002,50.0,0.03647177207994873,0.43251618985751966
1.6743770000000002,50.0,0.03647174710855026,0.4325201934164017
1.6748715,50.0,0.03647173504510104,0.432491026410841
1.6753660000000001,50.0,0.036471740469331417,0.43245476233605995
1.6758605000000002,50.0,0.03647172244496343,0.43240356901456933
1.676355,50.0,0.036471704298147,0.4323413039000374
1.6768495,50.0,0.03647169649664337,0.4322723894094041
1.6773440000000002,50.0,0.03647167976736134,0.4321955961788669
1.6778385000000002,50.0,0.03647166668207181,0.43213773101807845
1.678333,50.0,0.036471669047385386,0.4320718245061731
1.6788275000000001,50.0,0.03647165878462393,0.4320209761399861
1.6793220000000002,50.0,0.0364716457409036,0.43199497776906104
1.6798165,50.0,0.036471650495538514,0.43196899234428565
1.680311,50.0,0.03647165878880404,0.43197866384063544
1.6808055000000002,50.0,0.036471668321230374,0.4319905513689559
1.6813000000000002,50.0,0.03647166252526536,0.4320184835475772
1.6817945,50.0,0.03647167154787866,0.4320769010075902
1.6822890000000001,50.0,0.03647170295404354,0.43211690003563835
1.6827835000000002,50.0,0.036471689497474424,0.4321795124508139
1.683278,50.0,0.03647168835294507,0.4322369295890069
1.6837725000000001,50.0,0.03647172271127296,0.4322856806827047
1.6842670000000002,50.0,0.036471709123831526,0.432330944793824
1.6847615000000002,50.0,0.03647169323099615,0.43235847048076087
1.685256,50.0,0.036471710816275295,0.4323762427693246
1.6857505000000002,50.0,0.03647170290670448,0.43237464829160993
1.6862450000000002,50.0,0.03647168564245896,0.43235888119419735
1.6867395,50.0,0.036471687273890434,0.4323293818920662
1.6872340000000001,50.0,0.03647167174374494,0.4322891289752592
1.6877285000000002,50.0,0.03647165192889265,0.43223766181264595
1.688223,50.0,0.03647165682669777,0.4321881159112609
1.6887175,50.0,0.036471650297613845,0.43213219397508973
1.6892120000000002,50.0,0.03647162894122698,0.4320887457735693
1.6897065000000002,50.0,0.03647162714339048,0.4320492232577629
1.690201,50.0,0.03647163415446106,0.43202376420799565
1.6906955000000001,50.0,0.03647163201038474,0.43201867525887105
1.6911900000000002,50.0,0.03647162748554248,0.43201996804656667
1.6916845,50.0,0.036471637316137555,0.43204495639115614
1.692179,50.0,0.03647165722034013,0.4320872720090943
1.6926735000000002,50.0,0.03647165812578363,0.43213553483148703
1.6931680000000002,50.0,0.036471658299671486,0.43219623765742987
1.6936625,50.0,0.03647168767721843,0.4322662270663679
1.6941570000000001,50.0,0.036471702801136846,0.4323289217809186
1.6946515000000002,50.0,0.036471686134446214,0.43239412431829033
1.695146,50.0,0.03647170066001256,0.43245384460002345
1.6956405,50.0,0.03647171727211126,0.43248306433495
1.6961350000000002,50.0,0.0364716960319382,0.4325245703774337
1.6966295000000002,50.0,0.036471704647254875,0.43252950317043876
1.697124,50.0,0.03647170429335522,0.43251376758749105
1.6976185000000001,50.0,0.036471671482568656,0.43250388324501804
1.6981130000000002,50.0,0.03647167743576741,0.43245229775758137
1.6986075,50.0,0.036471675660558894,0.43240498490008705
1.6991020000000001,50.0,0.03647164511265595,0.4323469683231372
1.6995965000000002,50.0,0.036471638264402244,0.4322766544233437
1.7000910000000002,50.0,0.03647164032720118,0.4322203922322862
1.7005855,50.0,0.03647162715035232,0.4321600493882056
1.7010800000000001,50.0,0.03647161313647154,0.43211292800506945
1.7015745000000002,50.0,0.03647161726471032,0.4320748368052704
1.702069,50.0,0.03647162558005488,0.4320561380495144
1.7025635000000001,50.0,0.03647161894275714,0.4320579355369751
1.7030580000000002,50.0,0.03647161417386167,0.4320585610124533
1.7035525,50.0,0.03647163212123878,0.43209244469758945
1.704047,50.0,0.03647165042127928,0.43213012466535444
1.7045415000000002,50.0,0.036471643723743265,0.43217376301184607
1.7050360000000002,50.0,0.036471650354144805,0.43222847955324706
1.7055305,50.0,0.03647167111805353,0.4322736757895897
1.7060250000000001,50.0,0.036471665678689195,0.4323258957800694
1.7065195000000002,50.0,0.03647166842978918,0.43236362589102756
1.707014,50.0,0.03647168297698282,0.4323837610982483
1.7075085,50.0,0.036471664162667325,0.4323969067700814
1.7080030000000002,50.0,0.036471655022716765,0.43240066656590875
1.7084975000000002,50.0,0.03647166951370211,0.4323723096059838
1.708992,50.0,0.03647164323840003,0.43233694680525103
1.7094865000000001,50.0,0.036471620885677306,0.43230015921495357
1.7099810000000002,50.0,0.03647163602494802,0.43223517032140385
1.7104755,50.0,0.0364716150706369,0.4321804440784474
1.71097,50.0,0.036471588130821346,0.43212304995103673
1.7114645000000002,50.0,0.03647159858506687,0.4320562623483903
1.7119590000000002,50.0,0.036471597110332245,0.4320243863239173
1.7124535,50.0,0.03647158734631617,0.43198119059504364
1.7129480000000001,50.0,0.03647158189598533,0.4319567822827256
1.7134425000000002,50.0,0.03647158616202086,0.431968955424002
1.713937,50.0,0.036471604233178787,0.43196920899650076
1.7144315,50.0,0.03647160272474718,0.4320074231122613
1.7149260000000002,50.0,0.03647160837250843,0.43205304806488487
1.7154205000000002,50.0,0.036471629520257676,0.43210483832951363
1.715915,50.0,0.03647163268749165,0.4321764664693218
1.7164095000000001,50.0,0.03647164130326429,0.4322369142331767
1.7169040000000002,50.0,0.036471660804485474,0.4323086858928268
1.7173985,50.0,0.03647166202853338,0.432359569305796
1.7178930000000001,50.0,0.036471658096626954,0.4324167077281876
1.7183875000000002,50.0,0.03647167607484574,0.432451805845369
1.7188820000000002,50.0,0.036471671965124054,0.43246206670938575
1.7193765,50.0,0.03647164822012705,0.43247842383693397
1.7198710000000001,50.0,0.036471664520358146,0.4324567423209262
1.7203655000000002,50.0,0.036471661470137515,0.43242953235307996
1.72086,50.0,0.03647162144534486,0.4323920132695081
1.7213545000000001,50.0,0.036471623527665725,0.43234051848236155
1.7218490000000002,50.0,0.03647163216872165,0.4322839043052725
1.7223435,50.0,0.0364716075441323,0.4322354887131694
1.722838,50.0,0.036471599046061454,0.43217875553923807
1.7233325000000002,50.0,0.03647160275651592,0.43213754790204745
1.7238270000000002,50.0,0.036471597979106735,0.4321125190329082
1.7243215,50.0,0.03647160146252897,0.4320878101113946
1.7248160000000001,50.0,0.0364716037826497,0.43208875313855133
1.7253105000000002,50.0,0.036471609532858024,0.4321085557579491
1.725805,50.0,0.03647162164789425,0.43212480810231957
1.7262995,50.0,0.03647162260797861,0.4321748851863628
1.7267940000000002,50.0,0.03647163803873369,0.43222243775151487
1.7272885000000002,50.0,0.036471650313391814,0.4322662440141715
1.727783,50.0,0.03647164533768821,0.4323325697742804
1.7282775000000001,50.0,0.03647166584990021,0.4323731926336857
1.7287720000000002,50.0,0.036471670486335386,0.4324165484663169
1.7292665,50.0,0.03647165124454786,0.43244946744302104
1.729761,50.0,0.03647166829762041,0.43245742669203135
1.7302555000000002,50.0,0.03647167798478144,0.4324603814503378
1.7307500000000002,50.0,0.036471646346885246,0.43244571753944405
1.7312445,50.0,0.03647163455195705,0.432404964088879
1.7317390000000001,50.0,0.03647164737509422,0.43236296961680865
1.7322335000000002,50.0,0.036471626630413756,0.4323064367634352
1.732728,50.0,0.03647160083568461,0.432243038071488
1.7332225,50.0,0.03647160776633094,0.4321733990188163
1.7337170000000002,50.0,0.03647159425756171,0.4321122688753118
1.7342115000000002,50.0,0.03647157823933845,0.43206461920032346
1.734706,50.0,0.03647158638246065,0.432004265373539
1.7352005000000001,50.0,0.036471579682284934,0.4319857264784558
1.7356950000000002,50.0,0.03647158072754791,0.43196500863382586
1.7361895,50.0,0.036471590157058024,0.43196642813676
1.7366840000000001,50.0,0.036471592292416685,0.43199221527315484
1.7371785000000002,50.0,0.03647160349145206,0.43201490597028946
1.7376730000000002,50.0,0.03647161278610538,0.4320683161248267
1.7381675,50.0,0.03647162619769651,0.43212450796835955
1.7386620000000002,50.0,0.036471640298383366,0.432180008340456
1.7391565000000002,50.0,0.0364716327929508,0.4322390725736566
1.739651,50.0,0.03647164210645029,0.43230149638826754
1.7401455000000001,50.0,0.036471671376922865,0.43234213092035856
1.7406400000000002,50.0,0.03647165558043072,0.4323792427888815
1.7411345,50.0,0.03647164093170758,0.43240463917100713
1.741629,50.0,0.0364716663600472,0.4324022652393966
1.7421235000000002,50.0,0.036471654263235745,0.4324018593866354
1.7426180000000002,50.0,0.03647162993770048,0.43237447066220835
1.7431125,50.0,0.03647163958300241,0.43233211959700907
1.7436070000000001,50.0,0.03647163065685321,0.4322958440361395
1.7441015000000002,50.0,0.036471608797341556,0.4322423284278148
1.744596,50.0,0.036471608334289515,0.43218875742910257
1.7450905,50.0,0.03647160612617415,0.43214592901138665
1.7455850000000002,50.0,0.036471593812448605,0.4320988995241803
1.7460795000000002,50.0,0.03647159767759722,0.43208058230190777
1.746574,50.0,0.03647160333704185,0.4320571239808978
1.7470685000000001,50.0,0.03647159466390041,0.4320584474887207
1.7475630000000002,50.0,0.03647160705173843,0.4320792069189356
1.7480575,50.0,0.03647162711882223,0.4321042288460256
1.748552,50.0,0.03647163149805158,0.43215301077793594
1.7490465000000002,50.0,0.03647163706159446,0.4321969974007124
1.7495410000000002,50.0,0.0364716455464374,0.4322657521712743
1.7500355,50.0,0.036471669153521624,0.43232262409238664
1.7505300000000001,50.0,0.036471676523098885,0.4323730013246221
1.7510245000000002,50.0,0.03647166102591269,0.4324324181505029
1.751519,50.0,0.03647168341373694,0.4324664874113131
1.7520135000000001,50.0,0.03647169209947217,0.43248879575747506
1.7525080000000002,50.0,0.036471663681803296,0.43250466864759485
1.7530025000000002,50.0,0.03647167295717982,0.4324874134105969
1.753497,50.0,0.03647167903667595,0.43246950460973105
1.7539915000000001,50.0,0.03647164972521138,0.4324280933494115
1.7544860000000002,50.0,0.03647164442743757,0.43237652918661046
1.7549805,50.0,0.036471644592247277,0.4323173268553402
1.7554750000000001,50.0,0.0364716208027534,0.43225492619787953
1.7559695000000002,50.0,0.03647161850078358,0.43219187167501594
1.7564640000000002,50.0,0.03647162140722286,0.4321293697531033
1.7569585,50.0,0.036471598676776996,0.4320901013266925
1.7574530000000002,50.0,0.036471596357638816,0.43204101139340667
1.7579475000000002,50.0,0.03647161140219031,0.4320282058414188
1.758442,50.0,0.036471611917194516,0.43201838290752265
1.7589365000000001,50.0,0.03647160778512676,0.4320253540589288
1.7594310000000002,50.0,0.036471618087439,0.43205649974157945
1.7599255,50.0,0.0364716381911959,0.4320845922975802
1.76042,50.0,0.036471643682808565,0.432141240417804
1.7609145000000002,50.0,0.03647164458384383,0.4321846783561472
1.7614090000000002,50.0,0.03647166041193037,0.4322397790628466
1.7619035,50.0,0.036471676623677576,0.43229379425733344
1.7623980000000001,50.0,0.03647166727543978,0.43233049358257286
1.7628925000000002,50.0,0.03647166385732592,0.4323672279128373
1.763387,50.0,0.0364716859197394,0.43238303847031706
1.7638815,50.0,0.03647167247349498,0.4323857713353873
1.7643760000000002,50.0,0.03647165492535528,0.43238056063258545
1.7648705000000002,50.0,0.036471668078844895,0.43234702090923155
1.765365,50.0,0.036471646138393654,0.4323136801972242
1.7658595000000001,50.0,0.03647163257814744,0.43226691637874437
1.7663540000000002,50.0,0.036471648047822554,0.43220961506844696
1.7668485,50.0,0.0364716223650944,0.43216134269828316
1.767343,50.0,0.0364716051205875,0.43210443542176147
1.7678375000000002,50.0,0.03647162229042022,0.43206291988623824
1.7683320000000002,50.0,0.03647161682667716,0.4320316050956703
1.7688265,50.0,0.036471603705418854,0.43200801825808416
1.7693210000000001,50.0,0.03647161354030468,0.4320050416354426
1.7698155000000002,50.0,0.036471627255595836,0.43201751326215365
1.77031,50.0,0.03647162958293919,0.4320463145150877
1.7708045000000001,50.0,0.036471633987464475,0.4320859041912282
1.7712990000000002,50.0,0.03647165177509361,0.4321367665378354
1.7717935000000002,50.0,0.03647167190398264,0.4321994625479311
1.772288,50.0,0.036471673562721844,0.43226326311956265
1.7727825000000001,50.0,0.0364716753123608,0.4323224950997414
1.7732770000000002,50.0,0.036471697737544634,0.4323794745219091
1.7737715,50.0,0.036471703057849865,0.4324266008544177
1.7742660000000001,50.0,0.036471695015499114,0.43246438608674515
1.7747605000000002,50.0,0.03647170411225029,0.43247698356777997
1.7752550000000002,50.0,0.0364716987690109,0.43248287953434666
1.7757495,50.0,0.0364716821653444,0.43247020394010555
1.7762440000000002,50.0,0.03647169045136698,0.4324436946885771
1.7767385000000002,50.0,0.036471684394546025,0.43239612119707355
1.777233,50.0,0.036471651435788045,0.43234764443504076
1.7777275000000001,50.0,0.03647165919238053,0.4323005091811877
1.7782220000000002,50.0,0.0364716653026536,0.43222891886651377
1.7787165,50.0,0.03647163026266903,0.43218565402513
1.779211,50.0,0.036471636766297603,0.43213497559624886
1.7797055000000002,50.0,0.036471650594936886,0.43209670142765433
1.7802000000000002,50.0,0.03647163293406556,0.43208169966293636
1.7806945,50.0,0.0364716355331178,0.43206442836038006
1.7811890000000001,50.0,0.036471646755327054,0.4320772829792095
1.7816835000000002,50.0,0.036471658384559416,0.43209963259360773
1.782178,50.0,0.036471665786477724,0.43213026890010425
1.7826725,50.0,0.036471665460179686,0.432177133005286
1.7831670000000002,50.0,0.036471682411416524,0.4322235944552771
1.7836615000000002,50.0,0.03647169554845118,0.43227805322270757
1.784156,50.0,0.03647169547471882,0.43232502062766587
1.7846505000000001,50.0,0.03647170683328162,0.4323645017980043
1.7851450000000002,50.0,0.036471710752808126,0.432400661564179
1.7856395,50.0,0.03647170062933191,0.4324144601988937
1.786134,50.0,0.03647170698648745,0.4324233439757098
1.7866285000000002,50.0,0.03647170941956228,0.43240799070164043
1.7871230000000002,50.0,0.03647168313811497,0.43237938971745926
1.7876175,50.0,0.03647167882829893,0.4323482394156263
1.7881120000000001,50.0,0.03647168817110807,0.4322895137770365
1.7886065000000002,50.0,0.036471656472320806,0.43223676872257477
1.789101,50.0,0.03647164241732701,0.43217830862948464
1.7895955000000001,50.0,0.03647166216658768,0.4321177812632253
1.7900900000000002,50.0,0.03647164495760169,0.4320683910464161
1.7905845000000002,50.0,0.03647162435063839,0.4320260673711682
1.791079,50.0,0.036471640841105546,0.4319964645225772
1.7915735000000002,50.0,0.03647164474450199,0.4319823173643744
1.7920680000000002,50.0,0.03647164078268628,0.431989000818003
1.7925625,50.0,0.0364716539050475,0.4319999866302794
1.7930570000000001,50.0,0.03647165830467428,0.4320385261763648
1.7935515000000002,50.0,0.03647166889103748,0.4320877392435945
1.7940460000000003,50.0,0.03647168404833482,0.4321294995747086
1.7945405,50.0,0.03647168929237009,0.43220454431517713
1.7950350000000002,50.0,0.036471704847853906,0.43225557966646394
1.7955295000000002,50.0,0.036471707128062296,0.43231072318835767
1.796024,50.0,0.036471712341758104,0.432369460159063
1.7965185000000001,50.0,0.03647172992514936,0.43239698861444725
1.7970130000000002,50.0,0.0364717147021227,0.4324277355706765
1.7975075,50.0,0.03647171316806641,0.43243317615116217
1.798002,50.0,0.03647172929682448,0.4324283605637348
1.7984965000000002,50.0,0.036471705367497935,0.4324089882430805
1.7989910000000002,50.0,0.03647168534660286,0.43237003348284236
1.7994855,50.0,0.03647170047888487,0.4323333688005198
1.7999800000000001,50.0,0.036471693865398835,0.4322751162933089
1.8004745000000002,50.0,0.03647166260236283,0.4322330889267977
1.800969,50.0,0.03647166707327965,0.4321779606790574
1.8014635,50.0,0.03647167448344775,0.4321303949863241
1.8019580000000002,50.0,0.03647165682480628,0.43210963452648876
1.8024525000000002,50.0,0.03647166406866254,0.43207864581749184
1.802947,50.0,0.03647167335183648,0.4320724893012118
1.8034415000000001,50.0,0.036471667562316956,0.432086084867544
1.8039360000000002,50.0,0.036471681885443516,0.4321069534183299
1.8044305,50.0,0.03647169483777444,0.43213988445015517
1.8049250000000001,50.0,0.03647169716762125,0.4321894421111016
1.8054195000000002,50.0,0.03647171003461271,0.43223688934898913
1.8059140000000002,50.0,0.03647172088983259,0.43229457713581143
1.8064085,50.0,0.036471728311585,0.4323497389677963
1.8069030000000001,50.0,0.036471731876640705,0.43238732784795836
1.8073975000000002,50.0,0.03647173201349044,0.4324320421681875
1.807892,50.0,0.03647174756088167,0.4324562650648771
1.8083865000000001,50.0,0.03647174476617459,0.4324592613869633
1.8088810000000002,50.0,0.036471716937886076,0.43245840041628053
1.8093755000000002,50.0,0.03647172872751179,0.43243682702351816
1.80987,50.0,0.036471734993563834,0.43239373338492987
1.8103645000000002,50.0,0.036471697095182,0.43235767650448764
1.8108590000000002,50.0,0.03647169468671022,0.43229150759031393
1.8113535,50.0,0.03647169982981488,0.4322321394535302
1.8118480000000001,50.0,0.03647167370401689,0.4321809068895338
1.8123425000000002,50.0,0.03647166955006433,0.43211458085753746
1.8128370000000003,50.0,0.036471674716188514,0.43207000444333127
1.8133315,50.0,0.036471663315448814,0.4320333512569262
1.8138260000000002,50.0,0.03647166158209531,0.4320142940140018
1.8143205000000002,50.0,0.036471675398510865,0.4320036468175162
1.814815,50.0,0.03647167499115801,0.43201096705197023
1.8153095000000001,50.0,0.036471676940927636,0.43204146828057327
1.8158040000000002,50.0,0.03647170039912431,0.4320708578900173
1.8162985,50.0,0.03647170470870841,0.43212239881497655
1.816793,50.0,0.036471703594394785,0.43217401927279836
1.8172875000000002,50.0,0.036471718942745396,0.4322226761429012
1.8177820000000002,50.0,0.03647173232474095,0.43228832753276825
1.8182765,50.0,0.0364717391087322,0.43232293600637617
1.8187710000000001,50.0,0.03647172819805542,0.43235938707453675
1.8192655000000002,50.0,0.03647173148760364,0.43239548598341715
1.81976,50.0,0.03647174891540192,0.4323921748205478
1.8202545,50.0,0.03647172838942733,0.4323926362157938
1.8207490000000002,50.0,0.03647171459679201,0.43237525664792203
1.8212435000000002,50.0,0.036471729236945034,0.43233861335459006
1.821738,50.0,0.03647170965581965,0.4323001735394725
1.8222325000000001,50.0,0.03647168871053804,0.4322524847921473
1.8227270000000002,50.0,0.0364717016600236,0.4321972323384027
1.8232215,50.0,0.036471686949709016,0.43215093382654995
1.8237160000000001,50.0,0.036471670671077844,0.4321100766392365
1.8242105000000002,50.0,0.0364716856839431,0.43206730448216435
1.8247050000000002,50.0,0.03647167627264224,0.4320547129720101
1.8251995,50.0,0.036471669343899386,0.4320418338076535
1.8256940000000002,50.0,0.03647169292132794,0.43204705492658896
1.8261885000000002,50.0,0.03647169955605376,0.43207512851845253
1.826683,50.0,0.03647169453178993,0.4321064809325809
1.8271775000000001,50.0,0.03647170791123349,0.43215137400191134
1.8276720000000002,50.0,0.036471729964420746,0.4322122750583021
1.8281665000000002,50.0,0.03647173727506854,0.4322621960331705
1.828661,50.0,0.03647173519448655,0.43232554891462893
1.8291555000000002,50.0,0.036471747149997735,0.43237497074638304
1.8296500000000002,50.0,0.03647175966159438,0.43242006378989123
1.8301445,50.0,0.036471756253951416,0.43245514841213784
1.8306390000000001,50.0,0.0364717481692595,0.4324662222108125
1.8311335000000002,50.0,0.03647175544766,0.43247977356176653
1.8316280000000003,50.0,0.03647175498925511,0.43245237556375615
1.8321225,50.0,0.036471728607143726,0.43243864716057084
1.8326170000000002,50.0,0.03647173081372846,0.43239233117393766
1.8331115000000002,50.0,0.03647173107912162,0.4323346928162791
1.833606,50.0,0.036471702091964514,0.4322950027522812
1.8341005000000001,50.0,0.03647170787163205,0.43222301450110095
1.8345950000000002,50.0,0.03647170387735948,0.4321730573068976
1.8350895,50.0,0.03647167497324893,0.4321284320774008
1.835584,50.0,0.03647168916417885,0.43208161314137744
1.8360785000000002,50.0,0.036471700275953894,0.432061226994576
1.8365730000000002,50.0,0.0364716789953635,0.4320509669009954
1.8370675,50.0,0.0364716860265049,0.4320485019662162
1.8375620000000001,50.0,0.03647170893656255,0.4320705700506448
1.8380565000000002,50.0,0.03647170887538315,0.43210335478923717
1.838551,50.0,0.036471712010419786,0.43214064780965344
1.8390455,50.0,0.03647172649415147,0.4321871228928288
1.8395400000000002,50.0,0.036471738710820066,0.43224349370056236
1.8400345000000002,50.0,0.03647174318004019,0.4322864423268138
1.840529,50.0,0.03647174055274169,0.43233678263257647
1.8410235000000001,50.0,0.0364717522174482,0.43236450635184076
1.8415180000000002,50.0,0.03647175816179955,0.4323900237730547
1.8420125,50.0,0.03647174306130353,0.43240670093932737
1.8425070000000001,50.0,0.036471740826889316,0.4323890835320455
1.8430015000000002,50.0,0.03647174110134985,0.4323781020597955
1.8434960000000002,50.0,0.036471725249319686,0.43234195807533443
1.8439905,50.0,0.036471718861007196,0.4323014647504562
1.8444850000000002,50.0,0.03647171892138176,0.4322490190346614
1.8449795000000002,50.0,0.036471694348979074,0.43219155012845345
1.845474,50.0,0.0364716846430847,0.4321479511083421
1.8459685000000001,50.0,0.03647170362169688,0.4320912275590057
1.8464630000000002,50.0,0.0364716817492892,0.4320531983326555
1.8469575000000003,50.0,0.0364716657840537,0.43202804970177433
1.847452,50.0,0.03647169566982696,0.43201002161439106
1.8479465000000002,50.0,0.03647168959242463,0.43201568566957127
1.8484410000000002,50.0,0.03647168037364597,0.43203070113970343
1.8489355,50.0,0.03647170607969415,0.4320549993473214
1.8494300000000001,50.0,0.03647171430741199,0.43211074325803667
1.8499245000000002,50.0,0.03647171851349411,0.43215201095396216
1.8504190000000003,50.0,0.03647172772708289,0.43221141546361475
1.8509135,50.0,0.03647173789572917,0.4322755186126262
1.8514080000000002,50.0,0.03647175284561415,0.4323217052066468
1.8519025000000002,50.0,0.036471753661879505,0.432379200737803
1.852397,50.0,0.036471753350405686,0.4324116346990183
1.8528915000000001,50.0,0.03647175878584414,0.4324379557034961
1.8533860000000002,50.0,0.03647175267011271,0.43244872348648733
1.8538805,50.0,0.036471747471305514,0.432446137994848
1.854375,50.0,0.03647175062910225,0.43242124154288963
1.8548695000000002,50.0,0.036471731578794755,0.4323921452210881
1.8553640000000002,50.0,0.036471715375552695,0.4323503459924166
1.8558585,50.0,0.03647172774594896,0.43229845967274527
1.8563530000000001,50.0,0.03647171214051675,0.4322469665562703
1.8568475000000002,50.0,0.03647168687249102,0.43219410070424624
1.857342,50.0,0.036471701855335825,0.4321509895399553
1.8578365000000001,50.0,0.036471703287880755,0.43211228942112073
1.8583310000000002,50.0,0.03647167829457546,0.4320845064682892
1.8588255000000002,50.0,0.03647169005693919,0.43207709902070757
1.85932,50.0,0.036471710812970876,0.4320755421755506
1.8598145000000001,50.0,0.03647169843295584,0.4320929176251475
1.8603090000000002,50.0,0.036471706132027104,0.4321266151031287
1.8608035,50.0,0.03647172425086137,0.4321575317427538
1.8612980000000001,50.0,0.03647172410205073,0.4322155282174486
1.8617925000000002,50.0,0.03647173979696499,0.43225811547250015
1.8622870000000002,50.0,0.03647174721071447,0.4323083638779635
1.8627815,50.0,0.0364717463047983,0.4323606842318161
1.8632760000000002,50.0,0.03647175573462891,0.4323875052653632
1.8637705000000002,50.0,0.03647175340440922,0.43242074270271513
1.864265,50.0,0.03647175750145908,0.43243035414432335
1.8647595000000001,50.0,0.036471751605857104,0.4324244924133727
1.8652540000000002,50.0,0.03647173249323296,0.4324128970220837
1.8657485000000003,50.0,0.03647174016333536,0.43237564542192325
1.866243,50.0,0.03647173118108571,0.4323367319588308
1.8667375000000002,50.0,0.03647170073402838,0.432287202313516
1.8672320000000002,50.0,0.03647170621650539,0.43222301183849826
1.8677265,50.0,0.036471709654305316,0.4321768359507125
1.8682210000000001,50.0,0.03647167876863085,0.432117183476994
1.8687155000000002,50.0,0.03647167347525676,0.4320735278033224
1.86921,50.0,0.036471693031956694,0.432037407859149
1.8697045,50.0,0.03647168086645276,0.4320147747525319
1.8701990000000002,50.0,0.03647167432694038,0.43201363743533777
1.8706935000000002,50.0,0.03647169398687782,0.4320121420869818
1.871188,50.0,0.03647169298770137,0.4320422021558177
1.8716825000000001,50.0,0.03647169762877073,0.43207657510892705
1.8721770000000002,50.0,0.03647171841465988,0.4321212292096958
1.8726715,50.0,0.03647171983073784,0.4321730085175136
1.873166,50.0,0.03647172288890288,0.43222839500548016
1.8736605000000002,50.0,0.03647174029934346,0.4322855695690184
1.8741550000000002,50.0,0.03647174516852612,0.4323266513400327
1.8746495,50.0,0.0364717432104985,0.4323752297446336
1.8751440000000001,50.0,0.03647174650375428,0.4323913762874498
1.8756385000000002,50.0,0.036471746990589894,0.4324145018196256
1.876133,50.0,0.03647174689930102,0.4324137515491364
1.8766275000000001,50.0,0.036471728773317155,0.43238754823704884
1.8771220000000002,50.0,0.03647172030583098,0.43237440549930045
1.8776165000000002,50.0,0.03647173523073597,0.4323260321773981
1.878111,50.0,0.03647170716833459,0.4322825010275844
1.8786055000000002,50.0,0.03647168522384747,0.4322376599328059
1.8791000000000002,50.0,0.03647170501137422,0.43217959727691835
1.8795945,50.0,0.03647169028631351,0.4321442369992347
1.8800890000000001,50.0,0.03647167390573921,0.43210401645477214
1.8805835000000002,50.0,0.03647168874997663,0.43207609541516484
1.8810780000000002,50.0,0.03647168579933189,0.43206688435458745
1.8815725,50.0,0.0364716808022601,0.4320675181317853
1.8820670000000002,50.0,0.03647169874993516,0.43208759426998355
1.8825615000000002,50.0,0.036471706781766866,0.43210833221241723
1.883056,50.0,0.03647170251787993,0.4321552572070761
1.8835505000000001,50.0,0.03647172085522671,0.4322052762987042
1.8840450000000002,50.0,0.03647173559576067,0.43225186074632466
1.8845395000000003,50.0,0.0364717290113792,0.4323093609058845
1.885034,50.0,0.03647174035913907,0.4323572366670209
1.8855285000000002,50.0,0.036471754586216945,0.43239993795582915
1.8860230000000002,50.0,0.036471750656292184,0.43243277980457345
1.8865175,50.0,0.03647174359491978,0.43244645767463147
1.8870120000000001,50.0,0.03647174093893437,0.4324532490030098
1.8875065000000002,50.0,0.03647174805446372,0.4324444736336831
1.888001,50.0,0.036471737573199735,0.43241241652419254
1.8884955,50.0,0.036471711645856233,0.43237688146168185
1.8889900000000002,50.0,0.03647171566039866,0.43233296325909465
1.8894845000000002,50.0,0.036471713705796896,0.43227317389426545
1.889979,50.0,0.036471684389784306,0.4322192734271052
1.8904735000000001,50.0,0.03647168572683404,0.4321678268767041
1.8909680000000002,50.0,0.03647169007520882,0.43211177408573914
1.8914625,50.0,0.03647166516306855,0.43208040173911866
1.891957,50.0,0.036471674340283734,0.4320513821918407
1.8924515000000002,50.0,0.03647168684376886,0.43203046244388654
1.8929460000000002,50.0,0.036471669352889396,0.43204413967602345
1.8934405,50.0,0.03647168681685077,0.4320512442548308
1.8939350000000001,50.0,0.03647170394210706,0.43208009340028203
1.8944295000000002,50.0,0.03647169381808268,0.43212669014671407
1.894924,50.0,0.03647170475901222,0.4321646693976457
1.8954185000000001,50.0,0.03647172591156084,0.4322206551834025
1.8959130000000002,50.0,0.03647173058784785,0.43226882058174104
1.8964075000000002,50.0,0.03647172356502168,0.4323161034573978
1.896902,50.0,0.036471730861547334,0.432351782321145
1.8973965000000002,50.0,0.03647174209028935,0.4323801777880239
1.8978910000000002,50.0,0.036471735491755544,0.43239797622621634
1.8983855,50.0,0.03647172539616704,0.4323899476313566
1.8988800000000001,50.0,0.036471722859191424,0.4323843468309806
1.8993745000000002,50.0,0.03647172310585702,0.43235440924778595
1.8998690000000003,50.0,0.036471705610511204,0.4323139891360309
1.9003635,50.0,0.03647169313981277,0.43227512608640906
1.9008580000000002,50.0,0.03647169957817677,0.4322199001445209
1.9013525000000002,50.0,0.03647167983612118,0.43216881145792335
1.901847,50.0,0.03647166740880384,0.4321311801219618
1.9023415000000001,50.0,0.03647168074946008,0.43208159688776004
1.9028360000000002,50.0,0.03647166397155824,0.4320581463036104
1.9033305000000003,50.0,0.036471660748124385,0.4320441905284983
1.903825,50.0,0.036471687044832266,0.43203702876840033
1.9043195000000002,50.0,0.03647167566097146,0.4320553738452594
1.9048140000000002,50.0,0.036471670134245134,0.4320807483722343
1.9053085,50.0,0.036471704277969384,0.4321164377789044
1.9058030000000001,50.0,0.0364717102873205,0.4321670484920251
1.9062975000000002,50.0,0.03647170269470469,0.43222394475878106
1.906792,50.0,0.03647172135980565,0.43226951402817815
1.9072865,50.0,0.03647173266790245,0.4323303992595318
1.9077810000000002,50.0,0.03647173414683467,0.43237842545452704
1.9082755000000002,50.0,0.036471734567901766,0.4324072809949781
1.90877,50.0,0.03647173546753131,0.43244104684258966
1.9092645000000001,50.0,0.03647174032802059,0.4324457764378958
1.9097590000000002,50.0,0.03647172844531941,0.43244473816842816
1.9102535,50.0,0.03647171890817652,0.4324299448133005
1.9107480000000001,50.0,0.036471721346226525,0.4323891982352444
1.9112425000000002,50.0,0.036471707838783556,0.43235548554371545
1.9117370000000002,50.0,0.03647169479017711,0.43230595606860883
1.9122315,50.0,0.03647169263000801,0.43225078708475784
1.9127260000000001,50.0,0.036471680962026354,0.43219818276015465
1.9132205000000002,50.0,0.03647166675000064,0.4321512412791468
1.913715,50.0,0.03647167756534248,0.43211897043959924
1.9142095000000001,50.0,0.036471677023524135,0.4320736346230339
1.9147040000000002,50.0,0.036471652001768155,0.432073382970641
1.9151985000000002,50.0,0.03647167408118986,0.4320662232104143
1.915693,50.0,0.03647169308702049,0.43207201750114005
1.9161875000000002,50.0,0.036471671704189974,0.43211132851873824
1.9166820000000002,50.0,0.03647168925470805,0.4321304746184988
1.9171765,50.0,0.03647171164372797,0.4321858175988377
1.9176710000000001,50.0,0.03647170454803248,0.43223293703467286
1.9181655000000002,50.0,0.036471713469912535,0.4322758964664034
1.9186600000000003,50.0,0.03647172602259127,0.43232456999026087
1.9191545,50.0,0.03647172713056051,0.43236394137421735
1.9196490000000002,50.0,0.03647172848433919,0.4323900094602079
1.9201435000000002,50.0,0.03647172388950568,0.432404326661089
1.920638,50.0,0.03647172140970358,0.43240988371146244
1.9211325000000001,50.0,0.036471719838828055,0.43239165058936024
1.9216270000000002,50.0,0.03647170761720491,0.43237147392763675
1.9221215000000003,50.0,0.03647170240578683,0.43233224023811656
1.922616,50.0,0.03647169300023598,0.43228231372344544
1.9231105000000002,50.0,0.036471673403914426,0.4322376037871182
1.9236050000000002,50.0,0.03647167815320429,0.4321831415324562
1.9240995,50.0,0.03647167610830353,0.4321276855883684
1.9245940000000001,50.0,0.036471648912044824,0.4320915332357282
1.9250885000000002,50.0,0.03647165447053527,0.4320527148207797
1.925583,50.0,0.036471670929820975,0.4320326517732812
1.9260775,50.0,0.03647165410106886,0.43202512378149754
1.9265720000000002,50.0,0.03647165330034638,0.43202938162728
1.9270665000000002,50.0,0.036471681348826904,0.4320542975592918
1.927561,50.0,0.03647168020022917,0.4320836655122844
1.9280555000000001,50.0,0.03647167376996633,0.4321326742121549
1.9285500000000002,50.0,0.03647170192957422,0.432175846042022
1.9290445,50.0,0.036471708716630746,0.4322367862019128
1.9295390000000001,50.0,0.03647170652039439,0.4322884166403543
1.9300335000000002,50.0,0.03647172418385695,0.4323298894456794
1.9305280000000002,50.0,0.03647171999505278,0.4323813919732625
1.9310225,50.0,0.036471720279139405,0.43240348176329285
1.9315170000000002,50.0,0.03647172787347084,0.4324164675718117
1.9320115000000002,50.0,0.03647171869565263,0.4324291576179704
1.932506,50.0,0.036471713896904304,0.4324056778222547
1.9330005000000001,50.0,0.036471701634492065,0.4323851858085909
1.9334950000000002,50.0,0.036471696851638674,0.4323524876842229
1.9339895000000003,50.0,0.036471698684490315,0.4322997681669376
1.934484,50.0,0.036471674235238144,0.4322602348970358
1.9349785000000002,50.0,0.03647166544217199,0.4322049102839098
1.9354730000000002,50.0,0.03647167899880953,0.43216141405320274
1.9359675,50.0,0.036471662034690544,0.4321229260362778
1.9364620000000001,50.0,0.036471647036306405,0.4320951223120889
1.9369565000000002,50.0,0.03647167100428277,0.43207405334211396
1.9374510000000003,50.0,0.036471671827248836,0.43207459335015047
1.9379455,50.0,0.03647165642169709,0.4320877210896207
1.9384400000000002,50.0,0.03647167727469431,0.43210526271783534
1.9389345000000002,50.0,0.036471690109979055,0.4321448901344791
1.939429,50.0,0.036471686286295185,0.43218604990197984
1.9399235000000001,50.0,0.03647170252556685,0.43223789792248735
1.9404180000000002,50.0,0.036471713227704886,0.4322823835554229
1.9409125000000003,50.0,0.03647170781256749,0.4323336018387956
1.941407,50.0,0.03647172041781807,0.43237358924324143
1.9419015000000002,50.0,0.03647173112124912,0.4324050051811792
1.9423960000000002,50.0,0.03647171755122488,0.4324232746179247
1.9428905,50.0,0.036471715818398906,0.4324294692443881
1.9433850000000001,50.0,0.036471718861545606,0.43242090906380504
1.9438795000000002,50.0,0.03647170857957251,0.43240054887481616
1.944374,50.0,0.036471698313543105,0.4323621889121519
1.9448685000000001,50.0,0.036471684685191914,0.4323184581045642
1.9453630000000002,50.0,0.03647168540559054,0.43227349665671433
1.9458575000000002,50.0,0.03647167821768772,0.43221010375105146
1.946352,50.0,0.03647164838231933,0.4321685370135536
1.9468465000000001,50.0,0.03647165976786135,0.4321128806935418
1.9473410000000002,50.0,0.03647166801892961,0.4320745103236363
1.9478355,50.0,0.03647164075196974,0.4320573502347705
1.9483300000000001,50.0,0.0364716510865061,0.43202743591897586
1.9488245000000002,50.0,0.03647166604297679,0.43203778692179545
1.9493190000000002,50.0,0.03647165604843169,0.4320510376578998
1.9498135,50.0,0.03647166862030359,0.4320740843872614
1.9503080000000002,50.0,0.03647168535756341,0.4321160704337127
1.9508025000000002,50.0,0.0364716795854775,0.4321565765551497
1.951297,50.0,0.03647168963269903,0.43221331236104943
1.9517915000000001,50.0,0.03647171220915799,0.4322605962292301
1.9522860000000002,50.0,0.036471706240991886,0.4323045138870305
1.9527805000000003,50.0,0.03647170478598815,0.43235035620603657
1.953275,50.0,0.036471721246782655,0.43237644066008246
1.9537695000000002,50.0,0.03647171673497622,0.43239867438712376
1.9542640000000002,50.0,0.03647170498758145,0.4323976527899342
1.9547585,50.0,0.036471704716517395,0.43239145772340226
1.9552530000000001,50.0,0.03647170516138516,0.4323710755118779
1.9557475000000002,50.0,0.036471694814312366,0.43233431645096937
1.9562420000000003,50.0,0.036471675660071305,0.43229447201525767
1.9567365,50.0,0.03647167062665903,0.43224514055267926
1.9572310000000002,50.0,0.036471676051930614,0.4322047000284479
1.9577255000000002,50.0,0.03647165925315286,0.432147393050007
1.95822,50.0,0.03647164548091863,0.43211739461732146
1.9587145000000001,50.0,0.03647166172128317,0.432084480732298
1.9592090000000002,50.0,0.03647165364148626,0.43206194762071026
1.9597035000000003,50.0,0.036471646443074456,0.43206647856894637
1.960198,50.0,0.036471673105781796,0.4320631253465618
1.9606925000000002,50.0,0.03647166589243474,0.43209431738112697
1.9611870000000002,50.0,0.036471664484480595,0.4321264969361163
1.9616815,50.0,0.03647169660676934,0.4321647708368113
1.9621760000000001,50.0,0.03647169314475236,0.43222114200863415
1.9626705000000002,50.0,0.036471690832701596,0.43226705053184267
1.963165,50.0,0.03647171664129313,0.43231879596724737
1.9636595000000001,50.0,0.03647172005131524,0.432367321478193
1.9641540000000002,50.0,0.03647170988850921,0.4323958507987127
1.9646485000000002,50.0,0.03647171507848243,0.43242987855946413
1.965143,50.0,0.03647172464230453,0.43243428040486326
1.9656375000000001,50.0,0.036471716201410986,0.4324344137075521
1.9661320000000002,50.0,0.03647170197193567,0.4324212797822679
1.9666265,50.0,0.036471698944051494,0.43238420089450064
1.9671210000000001,50.0,0.03647169591703096,0.4323534940357014
1.9676155000000002,50.0,0.036471684690189625,0.4323000706571044
1.9681100000000002,50.0,0.036471668585987306,0.43224990026868454
1.9686045,50.0,0.036471667780058725,0.43220112411932554
1.9690990000000002,50.0,0.03647166344610023,0.4321486192621242
1.9695935000000002,50.0,0.03647164698460042,0.43211151634168804
1.970088,50.0,0.036471656641995524,0.4320806396499113
1.9705825000000001,50.0,0.03647165919436512,0.4320587834689812
1.9710770000000002,50.0,0.0364716458780475,0.43205729737260884
1.9715715000000003,50.0,0.036471665444728865,0.43206702092673255
1.972066,50.0,0.036471676421869416,0.4320852284350962
1.9725605000000002,50.0,0.03647166135479406,0.43212122237979295
1.9730550000000002,50.0,0.03647168529071452,0.432164162403223
1.9735495,50.0,0.03647170802843038,0.4322034328244274
1.9740440000000001,50.0,0.03647168854711737,0.43226215324756534
1.9745385000000002,50.0,0.03647169958273841,0.4323010307148967
1.9750330000000003,50.0,0.036471721194220375,0.43233731536962644
1.9755275,50.0,0.03647171117168171,0.4323787449109851
1.9760220000000002,50.0,0.03647170949407679,0.43238834396242
1.9765165000000002,50.0,0.03647170934186682,0.4323963286289874
1.977011,50.0,0.03647170636037804,0.43239110078010473
1.9775055000000001,50.0,0.036471701333895136,0.43236751957633907
1.9780000000000002,50.0,0.03647168742006419,0.43233988145676716
1.9784945000000003,50.0,0.03647168499755501,0.4322911683548539
1.978989,50.0,0.03647167701390448,0.43225053211850734
1.9794835000000002,50.0,0.036471661845071404,0.432200768510727
1.9799780000000002,50.0,0.03647165989192647,0.4321502043600081
1.9804725,50.0,0.036471656849957755,0.43211095643028474
1.9809670000000001,50.0,0.03647164662812517,0.4320727947090098
1.9814615000000002,50.0,0.036471650175326616,0.4320566716173418
1.981956,50.0,0.03647166037125653,0.43204464245267016
1.9824505000000001,50.0,0.03647164790818629,0.43204290988701916
1.9829450000000002,50.0,0.03647165470255608,0.4320714135956786
1.9834395000000002,50.0,0.03647168684610407,0.4320968540797064
1.983934,50.0,0.036471676237765906,0.43213276199832856
1.9844285000000002,50.0,0.03647167293086682,0.43219103878839876
1.9849230000000002,50.0,0.03647170877106069,0.43223160713878334
1.9854175,50.0,0.03647170814658817,0.4322903416114366
1.9859120000000001,50.0,0.03647170081257779,0.43233757136262657
1.9864065000000002,50.0,0.03647171979771779,0.4323697003936081
1.9869010000000003,50.0,0.03647171911448038,0.4324089918031993
1.9873955,50.0,0.03647171166130411,0.43242254965610927
1.9878900000000002,50.0,0.03647171471083929,0.43242430210866745
1.9883845000000002,50.0,0.0364717083122316,0.4324146776278425
1.988879,50.0,0.03647170166359369,0.4323954341369097
1.9893735000000001,50.0,0.036471696005201545,0.43235435138026157
1.9898680000000002,50.0,0.03647168329492521,0.4323184715874298
1.9903625000000003,50.0,0.03647167885324167,0.43226786856649757
1.990857,50.0,0.036471668054482875,0.43221389799959165
1.9913515000000002,50.0,0.03647166154731039,0.43218016314984264
1.9918460000000002,50.0,0.03647166826350421,0.4321261919211063
1.9923405,50.0,0.03647165053916032,0.43210002661200364
1.9928350000000001,50.0,0.03647164727781766,0.4320838312608179
1.9933295000000002,50.0,0.03647167126587749,0.43207008527379104
1.9938240000000003,50.0,0.03647166553754114,0.43208194692325985
1.9943185,50.0,0.03647165630702316,0.43209516657325797
1.9948130000000002,50.0,0.03647168098741961,0.4321337894552019
1.9953075000000002,50.0,0.03647169507062902,0.4321662004712428
1.995802,50.0,0.03647168337293705,0.43221359503882667
1.9962965000000001,50.0,0.03647170035424006,0.4322652115218817
1.9967910000000002,50.0,0.036471720153385435,0.4323009970090907
1.9972855000000003,50.0,0.03647170605570966,0.4323536216082931
1.9977800000000001,50.0,0.03647171427735659,0.43237931948414565
1.9982745000000002,50.0,0.03647172323695266,0.4323960656885573
1.9987690000000002,50.0,0.03647170861815722,0.4324180547918012
1.9992635,50.0,0.03647171271695378,0.4323991602786659
1.9997580000000001,50.0,0.03647170873287329,0.4323863823378249
2.0002525,50.0,0.03647169199659174,0.43236051032649925
2.000747,50.0,0.036471687486183305,0.432311987051794
2.0012415000000003,50.0,0.03647168094380508,0.4322705496908958
2.001736,50.0,0.036471675497594204,0.43222022167573193
2.0022305,50.0,0.036471663893014705,0.43216822249834635
2.0027250000000003,50.0,0.03647164926568541,0.43212299411097865
2.0032195,50.0,0.03647166015508249,0.4320888797322788
2.003714,50.0,0.03647166141331123,0.4320541492542455
2.0042085000000003,50.0,0.03647164173389855,0.432046441544932
2.004703,50.0,0.03647165694609596,0.4320414295291325
2.0051975,50.0,0.036471674977892006,0.4320501757034639
2.0056920000000003,50.0,0.036471659402901965,0.4320838082571239
2.0061865,50.0,0.036471671567903124,0.4321141974892329
2.0066810000000004,50.0,0.03647169775063873,0.4321540456342924
2.0071755000000002,50.0,0.03647169143168501,0.4322131231750327
2.00767,50.0,0.036471697550555286,0.4322554008083924
2.0081645000000004,50.0,0.03647171551791561,0.43230433946271507
2.008659,50.0,0.03647171185794773,0.432347530909316
2.0091535,50.0,0.036471712434898926,0.4323761527656211
2.0096480000000003,50.0,0.036471724738938005,0.4324018657761555
2.0101425,50.0,0.03647171486613343,0.4324019282679884
2.010637,50.0,0.03647170042700548,0.43240468888852523
2.0111315000000003,50.0,0.036471710229085255,0.43237698429520993
2.011626,50.0,0.036471701878778,0.43235392871712003
2.0121205,50.0,0.03647168354869652,0.43231472792543785
2.0126150000000003,50.0,0.036471679702228255,0.4322597705558566
2.0131095,50.0,0.036471673506189344,0.4322291326543023
2.013604,50.0,0.03647167229032647,0.432172111928354
2.0140985000000002,50.0,0.03647165776318281,0.43213294467448726
2.014593,50.0,0.03647165327454297,0.43210718121550373
2.0150875000000004,50.0,0.036471672779325996,0.43207799764445887
2.015582,50.0,0.03647165879037385,0.43207380610251284
2.0160765,50.0,0.03647165341942304,0.43208124238760093
2.0165710000000003,50.0,0.03647168210908057,0.432089063395713
2.0170655,50.0,0.036471680761031196,0.4321262906737427
2.01756,50.0,0.03647167827410539,0.43216580668321225
2.0180545000000003,50.0,0.0364717025323817,0.4322035332028925
2.018549,50.0,0.03647170434226499,0.4322562960986785
2.0190435,50.0,0.036471702568598934,0.43230564575233826
2.0195380000000003,50.0,0.03647172553499,0.43234586071784553
2.0200325,50.0,0.03647172472278522,0.4323813358350578
2.020527,50.0,0.03647171080394777,0.4324087240560198
2.0210215000000002,50.0,0.036471724030251174,0.4324194742303335
2.021516,50.0,0.036471725853742906,0.43242300130711503
2.0220105000000004,50.0,0.03647170680502077,0.43240433573177917
2.022505,50.0,0.036471701984888326,0.4323781827311175
2.0229995,50.0,0.03647170319787014,0.43234688434961943
2.0234940000000003,50.0,0.03647169007279346,0.43229684768664833
2.0239885,50.0,0.036471674444554354,0.43224828684721345
2.024483,50.0,0.036471670575611397,0.432199691596718
2.0249775000000003,50.0,0.036471671513510676,0.432153094328117
2.025472,50.0,0.0364716642991951,0.4321101676544393
2.0259665,50.0,0.03647165146368262,0.4320797574426104
2.0264610000000003,50.0,0.036471659512136566,0.43206062048048177
2.0269555,50.0,0.03647167098343886,0.43205329753691496
2.02745,50.0,0.03647165884632299,0.43205899267973086
2.0279445000000003,50.0,0.03647167257024091,0.4320830538045739
2.028439,50.0,0.036471688898206456,0.43210384637572163
2.0289335,50.0,0.036471675761350734,0.4321571177938073
2.0294280000000002,50.0,0.036471699919286206,0.4321931931423274
2.0299225,50.0,0.03647171590167947,0.4322378049641886
2.0304170000000004,50.0,0.03647169763226115,0.4322978321931702
2.0309115,50.0,0.03647171585309564,0.43232115978787244
2.031406,50.0,0.03647172993269996,0.4323670901877324
2.0319005000000003,50.0,0.03647171279506581,0.4323836630463605
2.032395,50.0,0.0364717120721291,0.4323919153238059
2.0328895,50.0,0.036471722454142444,0.43239210968184044
2.0333840000000003,50.0,0.03647171139505633,0.43237312434008207
2.0338785,50.0,0.03647169454394691,0.4323471078456608
2.034373,50.0,0.036471692726597144,0.43230768376067463
2.0348675000000003,50.0,0.03647168971938653,0.4322674556456877
2.035362,50.0,0.03647167908378877,0.43221830258508653
2.0358565,50.0,0.03647166673430884,0.4321730207016266
2.0363510000000002,50.0,0.03647166366038601,0.43213336925121765
2.0368455,50.0,0.03647166660722461,0.43209629954218276
2.0373400000000004,50.0,0.0364716594258402,0.4320747392956855
2.0378345,50.0,0.03647166095650143,0.4320628487022833
2.038329,50.0,0.036471672137428766,0.43206184709530054
2.0388235000000003,50.0,0.03647166781449504,0.43208032822759374
2.039318,50.0,0.03647167504240281,0.4321028869774177
2.0398125,50.0,0.03647169794930422,0.43214371747047753
2.0403070000000003,50.0,0.036471692470783065,0.432184019886786
2.0408015,50.0,0.03647169504813581,0.43223518059892835
2.041296,50.0,0.03647172670437127,0.43228349446853803
2.0417905000000003,50.0,0.03647171791666164,0.4323271311553395
2.042285,50.0,0.03647170727722268,0.4323730240610933
2.0427795,50.0,0.03647173734666952,0.4323918391903862
2.0432740000000003,50.0,0.03647173084359467,0.43242001105543737
2.0437685,50.0,0.03647171210548437,0.43242216969534547
2.044263,50.0,0.036471721181793065,0.43240908953737994
2.0447575000000002,50.0,0.03647171505093928,0.43239517355779633
2.045252,50.0,0.036471705201066025,0.4323576171419007
2.0457465000000004,50.0,0.03647169700200212,0.43231978979119984
2.046241,50.0,0.03647168635091196,0.4322743278597943
2.0467355,50.0,0.03647168295735282,0.4322192430300269
2.0472300000000003,50.0,0.03647167280566932,0.43218321104902874
2.0477245,50.0,0.03647166829139047,0.4321352331870682
2.048219,50.0,0.036471669676821465,0.43210043794047487
2.0487135000000003,50.0,0.03647166365421467,0.4320833348673899
2.049208,50.0,0.03647166487458588,0.43206907845965675
2.0497025,50.0,0.03647167614860736,0.43207734392206704
2.0501970000000003,50.0,0.03647167697957489,0.432084356845041
2.0506915,50.0,0.03647167540756778,0.43211925143587226
2.051186,50.0,0.036471700593688754,0.4321542411291324
2.0516805000000002,50.0,0.03647170711452801,0.4321928184234448
2.052175,50.0,0.036471691914199675,0.4322437301880358
2.0526695000000004,50.0,0.03647171806043683,0.43228418055801554
2.053164,50.0,0.036471733541202235,0.43232977890518104
2.0536585,50.0,0.03647171212671113,0.43235890285979484
2.0541530000000003,50.0,0.03647171992426587,0.4323859630393625
2.0546475,50.0,0.03647173267477668,0.4323931837240205
2.055142,50.0,0.03647171445678476,0.4323971856230405
2.0556365000000003,50.0,0.03647171205848603,0.4323811729564821
2.056131,50.0,0.03647171348513446,0.4323501330233884
2.0566255,50.0,0.036471695096711214,0.4323225979188959
2.0571200000000003,50.0,0.03647169153615626,0.43227482224124614
2.0576145,50.0,0.03647168538778411,0.4322282740975015
2.058109,50.0,0.036471673254426226,0.4321827016650186
2.0586035000000003,50.0,0.036471671942819694,0.43213591122947426
2.059098,50.0,0.03647166412478835,0.4321026907731413
2.0595925000000004,50.0,0.036471666178662696,0.43207292318470214
2.0600870000000002,50.0,0.03647166615725594,0.4320540762244353
2.0605815,50.0,0.03647165771141341,0.432056120320177
2.0610760000000004,50.0,0.03647167806520454,0.43206220344693647
2.0615705,50.0,0.03647168691633216,0.4320861614428413
2.062065,50.0,0.03647167377751029,0.43211874910123227
2.0625595000000003,50.0,0.036471692636424705,0.4321589027010693
2.063054,50.0,0.03647171613653421,0.43221153566757203
2.0635485,50.0,0.03647170730041472,0.43225154830194007
2.0640430000000003,50.0,0.036471708587175966,0.43230352127667077
2.0645375,50.0,0.03647173255617592,0.43234567010552033
2.065032,50.0,0.036471725919002385,0.43237296521966045
2.0655265000000003,50.0,0.03647171624486039,0.43240281025986604
2.066021,50.0,0.03647173289331246,0.4324046642862051
2.0665155,50.0,0.03647172121921517,0.4324045581740743
2.0670100000000002,50.0,0.036471708090672655,0.4323931627277412
2.0675045,50.0,0.03647171522016622,0.43235435958165286
2.0679990000000004,50.0,0.036471699321920924,0.43232908020005717
2.0684935,50.0,0.03647168734573483,0.43228062981374477
2.068988,50.0,0.0364716899576602,0.4322332882626204
2.0694825000000003,50.0,0.036471680640591024,0.432192553534706
2.069977,50.0,0.03647167094389324,0.4321482211703901
2.0704715,50.0,0.03647166698082883,0.43211586159185694
2.0709660000000003,50.0,0.036471670195958275,0.43209018984638586
2.0714605,50.0,0.03647167820930709,0.4320823868215173
2.071955,50.0,0.03647166909620188,0.43207666126274874
2.0724495000000003,50.0,0.03647166961081189,0.43209622432980305
2.072944,50.0,0.03647169778439573,0.43211779786067267
2.0734385,50.0,0.03647169417596722,0.4321503572816851
2.0739330000000002,50.0,0.03647168916793965,0.4321994313180266
2.0744275,50.0,0.036471719920748547,0.4322347956630202
2.0749220000000004,50.0,0.03647171988937015,0.43228643214564927
2.0754165,50.0,0.036471712299537495,0.43232922633536547
2.075911,50.0,0.03647173120625429,0.43236120087364044
2.0764055000000003,50.0,0.03647173186003647,0.432389848091958
2.0769,50.0,0.0364717209640788,0.4324017326904013
2.0773945,50.0,0.0364717271505883,0.4324107584301306
2.0778890000000003,50.0,0.03647172465744107,0.4323910165890954
2.0783835,50.0,0.03647170434329267,0.43237269399864386
2.078878,50.0,0.03647170587833006,0.432342393612577
2.0793725000000003,50.0,0.036471707506886726,0.43229168921724
2.079867,50.0,0.036471682432220494,0.4322558021470371
2.0803615,50.0,0.036471676522015065,0.43220207191770804
2.0808560000000003,50.0,0.03647168077146705,0.43215288245009226
2.0813505,50.0,0.036471672131749504,0.4321253226842037
2.081845,50.0,0.036471667327184765,0.4320796343160982
2.0823395000000002,50.0,0.03647166231918073,0.43206548398819383
2.082834,50.0,0.036471672974701386,0.43206038043608985
2.0833285000000004,50.0,0.03647167914627297,0.4320567177506246
2.083823,50.0,0.036471667707522096,0.43208340061230155
2.0843175,50.0,0.0364716880402084,0.43210450564653224
2.0848120000000003,50.0,0.036471704152555275,0.43214412181949013
2.0853065,50.0,0.03647169207683908,0.43219122539801075
2.085801,50.0,0.036471708402863415,0.43223537246249794
2.0862955000000003,50.0,0.036471725481163834,0.43227726492239127
2.08679,50.0,0.036471713974927294,0.43232427390043093
2.0872845,50.0,0.03647172514787819,0.43235967708619016
2.0877790000000003,50.0,0.03647173579255309,0.4323751425349152
2.0882735,50.0,0.03647171496507435,0.43239648919055323
2.088768,50.0,0.03647171877913733,0.4323925169248064
2.0892625000000002,50.0,0.03647172878853053,0.4323796091643447
2.089757,50.0,0.03647170618844942,0.43235771920187577
2.0902515000000004,50.0,0.036471694645025754,0.4323194104503289
2.090746,50.0,0.03647169932622353,0.43228367685002916
2.0912405,50.0,0.03647169089400172,0.43223798127612756
2.0917350000000003,50.0,0.0364716746105897,0.4321916086629707
2.0922295,50.0,0.03647167279655496,0.43215104660080456
2.092724,50.0,0.03647167644487476,0.4321158874876596
2.0932185000000003,50.0,0.03647166980696827,0.4320963720223026
2.093713,50.0,0.036471666559282946,0.43206934990285006
2.0942075,50.0,0.03647167104783011,0.4320791289631503
2.0947020000000003,50.0,0.03647168424272884,0.4320881504020978
2.0951965,50.0,0.036471684499685075,0.43210145391985744
2.095691,50.0,0.03647168364937561,0.4321491910398285
2.0961855000000003,50.0,0.03647170737369211,0.43217710674096527
2.09668,50.0,0.03647170679514497,0.4322264744315067
2.0971745000000004,50.0,0.0364717080062749,0.432279143153307
2.0976690000000002,50.0,0.0364717336955467,0.432311564558503
2.0981635,50.0,0.036471721534334575,0.43235767800738517
2.0986580000000004,50.0,0.036471717183116904,0.43238943164458044
2.0991525,50.0,0.036471742273265544,0.4324007144995696
2.099647,50.0,0.03647172764454474,0.43241291783634767
2.1001415000000003,50.0,0.036471710323678436,0.432407674437336
2.100636,50.0,0.0364717233915648,0.43238260911131826
2.1011305,50.0,0.03647171514228781,0.43236117891017917
2.1016250000000003,50.0,0.0364716929732402,0.4323173349762096
2.1021195,50.0,0.03647169188409039,0.43227389952075074
2.102614,50.0,0.03647169115754294,0.4322287572885329
2.1031085000000003,50.0,0.036471678391667046,0.4321821514756065
2.103603,50.0,0.036471670321375584,0.432139485014459
2.1040975,50.0,0.03647166891450421,0.43210676134703363
2.1045920000000002,50.0,0.03647167268708648,0.43208419676726356
2.1050865,50.0,0.036471671745513926,0.4320668127975334
2.1055810000000004,50.0,0.03647167026678096,0.4320746323262962
2.1060755,50.0,0.03647168092712315,0.4320808411903493
2.10657,50.0,0.036471685497550345,0.4321091923648228
2.1070645000000003,50.0,0.036471689156030905,0.4321413664210419
2.107559,50.0,0.036471705557792326,0.43218315568076066
2.1080535,50.0,0.03647171091110258,0.4322256234826326
2.1085480000000003,50.0,0.03647170493304589,0.43227076301728024
2.1090425,50.0,0.036471723894023554,0.43231539141483494
2.109537,50.0,0.03647173430636892,0.43234207319066364
2.1100315000000003,50.0,0.03647171128390964,0.43237662795858145
2.110526,50.0,0.036471725046620655,0.43238775808050517
2.1110205,50.0,0.03647173750146041,0.4323821919030518
2.1115150000000003,50.0,0.03647170530696667,0.4323883721811078
2.1120095,50.0,0.036471706962320924,0.432353066907422
2.1125040000000004,50.0,0.0364717142233044,0.4323204777006313
2.1129985000000002,50.0,0.03647169258548783,0.4322954034269109
2.113493,50.0,0.03647168564641657,0.4322337872868951
2.1139875000000004,50.0,0.03647168123284722,0.4322016949852826
2.114482,50.0,0.03647167419849628,0.4321534678153932
2.1149765,50.0,0.03647167176502774,0.4321156650719999
2.1154710000000003,50.0,0.036471668150168855,0.43209360759371895
2.1159655,50.0,0.036471668560786916,0.4320685063154085
2.11646,50.0,0.03647167017533013,0.43206666450939096
2.1169545000000003,50.0,0.03647167270744009,0.4320741533077294
2.117449,50.0,0.03647168345182134,0.4320950992803953
2.1179435,50.0,0.03647169111263099,0.4321193662658684
2.1184380000000003,50.0,0.036471689707627465,0.43216278252573476
2.1189325,50.0,0.03647170500125654,0.4322071016644331
2.119427,50.0,0.036471720642789515,0.4322513164384058
2.1199215000000002,50.0,0.03647170947515928,0.43229661754935556
2.120416,50.0,0.03647171747670706,0.4323390475281661
2.1209105000000004,50.0,0.03647174051220616,0.43237016346078
2.121405,50.0,0.03647172383365608,0.43239570983289627
2.1218995,50.0,0.03647171300842872,0.4324038771412689
2.1223940000000003,50.0,0.036471732720484,0.4324035270882722
2.1228885,50.0,0.03647172126046276,0.43239112325250995
2.123383,50.0,0.03647170067669528,0.4323650983172331
2.1238775000000003,50.0,0.036471708451999325,0.432329905473156
2.124372,50.0,0.03647169679195759,0.4322868675089782
2.1248665,50.0,0.036471680360622746,0.4322505824866325
2.1253610000000003,50.0,0.036471687024726876,0.4321938679117028
2.1258555,50.0,0.036471674958407044,0.4321611465430599
2.12635,50.0,0.036471667001301646,0.4321247838147573
2.1268445000000002,50.0,0.036471672934032244,0.43209171277235914
2.127339,50.0,0.036471669190982575,0.4320928847776051
2.1278335000000004,50.0,0.036471674747157096,0.4320711227787332
2.128328,50.0,0.03647167477867005,0.43209286213584186
2.1288225,50.0,0.03647168232013893,0.43211535284953395
2.1293170000000003,50.0,0.03647170007592813,0.43213693991599045
2.1298115,50.0,0.0364716927561276,0.432183963565598
2.130306,50.0,0.0364716990362449,0.4322233389124173
2.1308005000000003,50.0,0.03647172485263046,0.43226734346908724
2.131295,50.0,0.036471721076676365,0.43231033477403463
2.1317895,50.0,0.036471710299456964,0.4323434958908326
2.1322840000000003,50.0,0.036471728748762665,0.4323737252332162
2.1327785,50.0,0.03647173322860978,0.43238938024715096
2.133273,50.0,0.03647171253447864,0.4323944536640502
2.1337675000000003,50.0,0.03647171885248376,0.4323862502370337
2.134262,50.0,0.03647171982540666,0.43236675139150155
2.1347565000000004,50.0,0.03647169603145804,0.432340311223418
2.1352510000000002,50.0,0.03647169792054978,0.4322970599445783
2.1357455,50.0,0.03647169628576477,0.4322574545960493
2.1362400000000004,50.0,0.03647167435966126,0.43221025025243853
2.1367345,50.0,0.03647167501263655,0.43216899305751066
2.137229,50.0,0.03647167729163292,0.4321245748575218
2.1377235000000003,50.0,0.036471662487366,0.432098453170192
2.138218,50.0,0.0364716635991852,0.4320748607155807
2.1387125,50.0,0.036471671797658846,0.43206213676993965
2.1392070000000003,50.0,0.03647167323150957,0.43207106582108207
2.1397015,50.0,0.03647167600123431,0.43207957130215413
2.140196,50.0,0.036471676355042164,0.4321103648628434
2.1406905000000003,50.0,0.036471695097137526,0.4321435611371185
2.141185,50.0,0.03647170849569469,0.43218403995660304
2.1416795,50.0,0.036471694920396557,0.4322323511136497
2.1421740000000002,50.0,0.03647171270183575,0.43227565092127873
2.1426685,50.0,0.03647173057680337,0.4323131317428732
2.1431630000000004,50.0,0.036471712793747064,0.4323573379646987
2.1436575,50.0,0.036471722210718135,0.43237401129476594
2.144152,50.0,0.03647173244740683,0.4323914025394893
2.1446465000000003,50.0,0.03647171415839238,0.43239783945670296
2.145141,50.0,0.03647171292350543,0.4323803336000377
2.1456355,50.0,0.036471716753761055,0.43236834360748444
2.1461300000000003,50.0,0.03647169918875181,0.43232826122111956
2.1466245,50.0,0.036471688939260546,0.43229557377906436
2.147119,50.0,0.0364716967365605,0.4322531470227765
2.1476135000000003,50.0,0.03647167988173527,0.43220510159043224
2.148108,50.0,0.036471664152527096,0.4321700526499224
2.1486025,50.0,0.036471678225372374,0.4321281857890354
2.1490970000000003,50.0,0.03647167320586319,0.43210559356456524
2.1495915,50.0,0.0364716632429899,0.4320887391424816
2.1500860000000004,50.0,0.03647166914983081,0.43207895914643957
2.1505805000000002,50.0,0.036471676170336385,0.432092059392794
2.151075,50.0,0.0364716856647215,0.43210819249512494
2.1515695000000004,50.0,0.03647168460727017,0.43213708605452833
2.152064,50.0,0.03647169046227893,0.43217465302854585
2.1525585,50.0,0.036471711766666144,0.4322162519115727
2.1530530000000003,50.0,0.036471709444042294,0.43226145277586914
2.1535475,50.0,0.03647170774015521,0.43230393448696397
2.154042,50.0,0.036471730210453045,0.4323408466152844
2.1545365000000003,50.0,0.036471724730143554,0.43236869949858525
2.155031,50.0,0.036471714769506405,0.43239578997464784
2.1555255,50.0,0.036471732045261634,0.4323991808269559
2.1560200000000003,50.0,0.0364717180451509,0.4323918791685816
2.1565145,50.0,0.03647170301011188,0.4323860553460994
2.157009,50.0,0.036471717869652,0.43235042007600105
2.1575035000000002,50.0,0.036471700622501324,0.43231995719235555
2.157998,50.0,0.03647167875268221,0.43227496206706634
2.1584925000000004,50.0,0.03647168735744173,0.43223142169270945
2.158987,50.0,0.03647168439804918,0.432190280001786
2.1594815,50.0,0.03647166639731411,0.43214205603331773
2.1599760000000003,50.0,0.03647166335031136,0.432114094980308
2.1604705,50.0,0.0364716717229223,0.4320866238101784
2.160965,50.0,0.03647166809239846,0.4320728693398537
2.1614595000000003,50.0,0.03647166556788203,0.432074224679526
2.161954,50.0,0.03647167455390064,0.4320765772452072
2.1624485,50.0,0.036471682487578726,0.4321084381513165
2.1629430000000003,50.0,0.036471689144412976,0.4321355478335516
2.1634375,50.0,0.036471690197356764,0.43216924894988407
2.163932,50.0,0.03647170248061625,0.4322228557950353
2.1644265000000003,50.0,0.03647171609251305,0.4322550907954987
2.164921,50.0,0.03647170788004331,0.43230486863956646
2.1654155000000004,50.0,0.036471720698554005,0.4323377833219798
2.1659100000000002,50.0,0.036471727425666074,0.43236038009517314
2.1664045,50.0,0.03647170883128545,0.4323866956351822
2.1668990000000004,50.0,0.03647172361507733,0.4323837679720854
2.1673935,50.0,0.0364717252655513,0.4323802634859373
2.167888,50.0,0.03647169488208289,0.43236085362464266
2.1683825000000003,50.0,0.03647169994563179,0.4323351075922324
2.168877,50.0,0.036471707233954216,0.43229483368118304
2.1693715,50.0,0.03647167950644202,0.4322557192849181
2.1698660000000003,50.0,0.03647167341980723,0.4322152489013287
2.1703605,50.0,0.03647168217518808,0.4321658557038864
2.170855,50.0,0.03647166818918834,0.4321395865226483
2.1713495000000003,50.0,0.036471662536377944,0.4321029216996049
2.171844,50.0,0.03647166705560811,0.43208417038967617
2.1723385000000004,50.0,0.03647166971240495,0.43208169766288945
2.1728330000000002,50.0,0.03647167295165262,0.4320794569901757
2.1733275,50.0,0.0364716737307473,0.4321000478258804
2.1738220000000004,50.0,0.03647168363083112,0.4321238435875892
2.1743165,50.0,0.036471693220260566,0.43216219513740906
2.174811,50.0,0.03647169692499717,0.43219993234006737
2.1753055000000003,50.0,0.03647170728996543,0.4322454996007293
2.1758,50.0,0.03647171494817069,0.4322921225558163
2.1762945,50.0,0.03647171292427642,0.43232475002874043
2.1767890000000003,50.0,0.03647171919268429,0.4323651633217116
2.1772835,50.0,0.03647173264925702,0.432385983865202
2.177778,50.0,0.0364717174948206,0.432394415173812
2.1782725000000003,50.0,0.036471707986430756,0.4324041632681654
2.178767,50.0,0.036471728186095134,0.43238393491839827
2.1792615,50.0,0.036471707429113744,0.4323637305402953
2.1797560000000002,50.0,0.03647168595787043,0.43233818167760757
2.1802505,50.0,0.03647170419983862,0.43228724735641494
2.1807450000000004,50.0,0.03647168819837169,0.43225222171359007
2.1812395,50.0,0.036471667966134165,0.4322099363879428
2.181734,50.0,0.036471676630495185,0.4321611936099607
2.1822285000000003,50.0,0.03647167060332602,0.4321310849143503
2.182723,50.0,0.03647166444135548,0.43210320872603647
2.1832175,50.0,0.036471668377205654,0.4320847378689772
2.1837120000000003,50.0,0.03647166799968011,0.4320821277420486
2.1842065,50.0,0.03647167170961874,0.4320855183967265
2.184701,50.0,0.03647167941642583,0.43210655261609404
2.1851955000000003,50.0,0.03647168653509157,0.43213455142031604
2.18569,50.0,0.03647169421668706,0.4321701092447608
2.1861845,50.0,0.036471697125560545,0.43220764768352027
2.1866790000000003,50.0,0.03647170398040851,0.43225575705582264
2.1871735,50.0,0.03647172038805141,0.4322960714233319
2.1876680000000004,50.0,0.03647171550228622,0.43232506110499647
2.1881625000000002,50.0,0.03647171012521741,0.43236358445617107
2.188657,50.0,0.036471728913483194,0.4323763227739734
2.1891515000000004,50.0,0.03647172228131935,0.4323859637424352
2.189646,50.0,0.03647170213211082,0.43238159144253924
2.1901405,50.0,0.03647171201457188,0.4323654415997729
2.1906350000000003,50.0,0.03647171379607676,0.4323387132411999
2.1911295,50.0,0.036471685732956886,0.4323054503084124
2.191624,50.0,0.03647168344671689,0.432267266700956
2.1921185000000003,50.0,0.03647169058856527,0.43221431143587075
2.192613,50.0,0.036471667261514046,0.4321864421367221
2.1931075,50.0,0.03647166796459106,0.432139295691909
2.1936020000000003,50.0,0.03647167315840697,0.43210410300598856
2.1940965,50.0,0.03647165649500021,0.4320930154779654
2.194591,50.0,0.03647166603269177,0.4320719746600089
2.1950855000000002,50.0,0.03647167402794612,0.43207496824579833
2.19558,50.0,0.03647167042995737,0.43209262951831484
2.1960745000000004,50.0,0.03647167947262374,0.43210480321312206
2.196569,50.0,0.03647168579693984,0.43214842456718067
2.1970635,50.0,0.036471698004437995,0.43218455156207947
2.1975580000000003,50.0,0.036471703409234425,0.43222104122547583
2.1980525,50.0,0.0364717005708534,0.43227431971925434
2.198547,50.0,0.03647171937643882,0.43230894842134193
2.1990415000000003,50.0,0.03647172530320249,0.4323471729022183
2.199536,50.0,0.0364717089991174,0.4323705235818778
2.2000305,50.0,0.03647171788558983,0.4323899864964252
2.2005250000000003,50.0,0.036471729740355244,0.43239358449945486
2.2010195,50.0,0.03647170852368138,0.43238400424783935
2.201514,50.0,0.03647170052559495,0.4323701403392836
2.2020085000000003,50.0,0.036471710213081605,0.4323345747936256
2.202503,50.0,0.03647169166500986,0.43230650179958635
2.2029975000000004,50.0,0.036471680332113746,0.43226115315795066
2.2034920000000002,50.0,0.03647168800218951,0.43221613669651643
2.2039865,50.0,0.0364716717737431,0.43218162205111876
2.2044810000000004,50.0,0.0364716617469839,0.43214165267653654
2.2049755,50.0,0.036471674516730154,0.43211204315431245
2.20547,50.0,0.03647166776697482,0.4320954797465398
2.2059645000000003,50.0,0.03647165958942544,0.4320880427320317
2.206459,50.0,0.036471676351567284,0.4320891730561108
2.2069535,50.0,0.0364716807300691,0.43210634248530505
2.2074480000000003,50.0,0.036471678504887216,0.43213558151009435
2.2079425,50.0,0.03647169007302036,0.4321598534390136
2.208437,50.0,0.03647169860851677,0.4322107431079104
2.2089315000000003,50.0,0.036471711200674085,0.43224626159066426
2.209426,50.0,0.03647170817131052,0.4322833922648856
2.2099205,50.0,0.036471706742237875,0.4323364279678179
2.2104150000000002,50.0,0.03647173053035192,0.43234620267165835
2.2109095,50.0,0.03647172000622359,0.43238319458381447
2.2114040000000004,50.0,0.0364717082352091,0.43239052386545007
2.2118985,50.0,0.03647172426065918,0.43238188714306014
2.212393,50.0,0.036471711051548374,0.43237933964345004
2.2128875000000003,50.0,0.03647169637444835,0.43234923296134453
2.213382,50.0,0.036471703995834895,0.4323197326612422
2.2138765,50.0,0.036471692121186346,0.43227824058346115
2.2143710000000003,50.0,0.036471673738134064,0.43223853635980636
2.2148655,50.0,0.03647168036734491,0.43219384761002255
2.21536,50.0,0.03647167650801098,0.4321544759731502
2.2158545000000003,50.0,0.036471656633285256,0.4321201545566682
2.216349,50.0,0.03647166595532343,0.4320950949107386
2.2168435,50.0,0.036471674931606184,0.43207790078125086
2.2173380000000003,50.0,0.03647166056405289,0.43207903150633953
2.2178325,50.0,0.036471667138497386,0.4320818133120337
2.2183270000000004,50.0,0.03647168311349402,0.4321031369713372
2.2188215000000002,50.0,0.036471686002615335,0.4321349517104825
2.219316,50.0,0.0364716896890807,0.4321669060801655
2.2198105000000004,50.0,0.03647169546676058,0.43221123636743314
2.220305,50.0,0.036471708307542976,0.4322520965812253
2.2207995,50.0,0.036471716112450765,0.43229395743010957
2.2212940000000003,50.0,0.03647170972636365,0.43233005352727066
2.2217885,50.0,0.03647171832141701,0.4323592630668562
2.222283,50.0,0.03647172621251249,0.4323727647772781
2.2227775000000003,50.0,0.036471708896169235,0.43238948131214633
2.223272,50.0,0.03647171300466749,0.4323805150297314
2.2237665,50.0,0.036471717773301555,0.4323605680588212
2.2242610000000003,50.0,0.03647169110293624,0.432344638336362
2.2247555,50.0,0.03647169579347161,0.4323057524769751
2.2252500000000004,50.0,0.036471698395092095,0.43226512014212687
2.2257445000000002,50.0,0.0364716684990411,0.43223005319100544
2.226239,50.0,0.0364716732558862,0.4321808649653004
2.2267335000000004,50.0,0.03647168195554122,0.4321514831919035
2.227228,50.0,0.03647166279816507,0.43212073484956004
2.2277225,50.0,0.03647165860484591,0.4320911454672183
2.2282170000000003,50.0,0.036471672499830604,0.4320939880987627
2.2287115,50.0,0.036471675055218616,0.4320860177171314
2.229206,50.0,0.03647166961712213,0.4321020291628397
2.2297005000000003,50.0,0.03647168119597591,0.43212523207301723
2.230195,50.0,0.03647169143486902,0.43215468122687817
2.2306895,50.0,0.03647169515156645,0.4322003278861763
2.2311840000000003,50.0,0.03647170257992479,0.43223142604264986
2.2316785,50.0,0.03647170785831659,0.4322813936117718
2.232173,50.0,0.036471718690919475,0.43231744640691555
2.2326675000000002,50.0,0.03647171755117817,0.43234931245740027
2.233162,50.0,0.036471715440944553,0.43237666553664966
2.2336565000000004,50.0,0.03647172586845851,0.4323870949838746
2.234151,50.0,0.03647171438283641,0.43239110559670474
2.2346455,50.0,0.036471707522950404,0.4323850036303945
2.2351400000000003,50.0,0.03647171763034482,0.4323598906649005
2.2356345,50.0,0.03647169576801463,0.43233239894467884
2.236129,50.0,0.03647168150376372,0.4322988922169421
2.2366235000000003,50.0,0.03647169918501225,0.43225239316949304
2.237118,50.0,0.036471680710638374,0.4322134735294922
2.2376125,50.0,0.03647165869315858,0.43217172038378676
2.2381070000000003,50.0,0.0364716765231768,0.4321360693770475
2.2386015,50.0,0.03647167208887963,0.43210776219031477
2.239096,50.0,0.036471657570154144,0.43209187039377633
2.2395905000000003,50.0,0.03647167024049103,0.4320788562047844
2.240085,50.0,0.03647167434533755,0.43209047291152597
2.2405795000000004,50.0,0.036471674895659854,0.4321016619810015
2.2410740000000002,50.0,0.036471682609246395,0.43212601794719047
2.2415685,50.0,0.03647168920577936,0.4321663713794978
2.2420630000000004,50.0,0.03647169946035829,0.4321945322803159
2.2425575,50.0,0.03647170346311637,0.43224739248778893
2.243052,50.0,0.03647170917430874,0.4322796251992462
2.2435465000000003,50.0,0.03647171635228132,0.43231750099258753
2.244041,50.0,0.036471715751628386,0.43235332762204576
2.2445355,50.0,0.03647171702720818,0.4323637553076056
2.2450300000000003,50.0,0.036471721963591816,0.43238329834659234
2.2455245,50.0,0.036471715709802406,0.43237761104615013
2.246019,50.0,0.03647169923612812,0.43236303630309914
2.2465135000000003,50.0,0.03647170795494451,0.43234817425283417
2.247008,50.0,0.036471707002038674,0.4323047609323736
2.2475025,50.0,0.03647167493975481,0.43227937121577686
2.2479970000000002,50.0,0.036471682412108616,0.43223160608714434
2.2484915,50.0,0.0364716890711326,0.4321889788790164
2.2489860000000004,50.0,0.03647166021894591,0.4321596511701005
2.2494805,50.0,0.03647166511771896,0.43211974350478183
2.249975,50.0,0.03647167586475122,0.4320992971535819
2.2504695000000003,50.0,0.03647166212871229,0.4320855659739575
2.250964,50.0,0.03647166716670186,0.43208707718374845
2.2514585,50.0,0.036471678116206586,0.4320908649779805
2.2519530000000003,50.0,0.03647167653461498,0.4321154345291353
2.2524475,50.0,0.03647168667152793,0.43214429733803783
2.252942,50.0,0.036471696721021754,0.43217870236343797
2.2534365000000003,50.0,0.03647169870295757,0.4322249103642065
2.253931,50.0,0.036471706801118275,0.4322586151500015
2.2544255,50.0,0.03647171169739744,0.4323056596094436
2.2549200000000003,50.0,0.03647172066477006,0.43233915911042403
2.2554145,50.0,0.03647172228144788,0.4323623571699352
2.2559090000000004,50.0,0.03647171094692627,0.432384637203799
2.2564035000000002,50.0,0.03647172034826729,0.4323870910463339
2.256898,50.0,0.03647172317189188,0.43238672033746095
2.2573925000000004,50.0,0.036471700547323904,0.432365806085545
2.257887,50.0,0.03647169880438972,0.43234030600883977
2.2583815,50.0,0.03647170679556389,0.4323111551257269
2.2588760000000003,50.0,0.03647168563883925,0.43226621193004333
2.2593705,50.0,0.03647167146816285,0.4322281760985297
2.259865,50.0,0.03647168489427684,0.4321886675310749
2.2603595000000003,50.0,0.03647167398884087,0.43214583821956093
2.260854,50.0,0.03647165819955871,0.4321277193835763
2.2613485,50.0,0.03647167507811873,0.4320968977489582
2.2618430000000003,50.0,0.036471669105916954,0.43208767925402647
2.2623375,50.0,0.036471663954035456,0.43209861893245755
2.2628320000000004,50.0,0.036471685869234195,0.4320980483896019
2.2633265000000002,50.0,0.036471682101724044,0.43212965267148473
2.263821,50.0,0.03647168317513782,0.4321576657879515
2.2643155000000004,50.0,0.03647169994282501,0.4321925023742503
2.26481,50.0,0.03647170507876873,0.4322389821561224
2.2653045,50.0,0.03647171020643164,0.4322725298232297
2.2657990000000003,50.0,0.03647171088094301,0.43231110293184616
2.2662935,50.0,0.036471716719683515,0.4323459419058644
2.266788,50.0,0.036471726292654806,0.43236610844179185
2.2672825000000003,50.0,0.036471714582832916,0.4323764562890748
2.267777,50.0,0.03647170858763164,0.43238147809530697
2.2682715,50.0,0.036471721606878865,0.4323716498125024
2.2687660000000003,50.0,0.03647170769628296,0.4323479969492443
2.2692605,50.0,0.03647168722022617,0.4323224326971948
2.269755,50.0,0.03647169819326669,0.432284040766083
2.2702495000000003,50.0,0.0364716904299229,0.4322438323402656
2.270744,50.0,0.03647166958449502,0.4322058937807057
2.2712385000000004,50.0,0.036471676294106394,0.4321619781849143
2.2717330000000002,50.0,0.03647167317737224,0.4321313173003702
2.2722275,50.0,0.036471659064921357,0.43210550606854387
2.2727220000000004,50.0,0.03647166919793892,0.4320886509604872
2.2732165,50.0,0.036471676848770306,0.43208043172381017
2.273711,50.0,0.03647166430033821,0.4320897135569112
2.2742055000000003,50.0,0.0364716758812905,0.4321084482148088
2.2747,50.0,0.036471694475144624,0.4321266293379471
2.2751945,50.0,0.03647168635509917,0.43216978291443475
2.2756890000000003,50.0,0.03647169528139082,0.4322065031457718
2.2761835,50.0,0.03647171043174037,0.43224060969687983
2.276678,50.0,0.03647171142892192,0.4322937668448244
2.2771725000000003,50.0,0.03647171590323279,0.4323184988441074
2.277667,50.0,0.036471713103054706,0.4323512224928376
2.2781615000000004,50.0,0.03647172209371884,0.4323770147848472
2.2786560000000002,50.0,0.03647172616540069,0.43237557205829236
2.2791505,50.0,0.03647170441899158,0.4323839244328566
2.2796450000000004,50.0,0.03647171030389117,0.4323688524493963
2.2801395,50.0,0.03647171387776502,0.43233957852205224
2.280634,50.0,0.036471689510474074,0.43231955315162696
2.2811285000000003,50.0,0.036471690970182255,0.4322739387153347
2.281623,50.0,0.036471691305645225,0.43223762349429456
2.2821175,50.0,0.0364716702767985,0.43219715425851585
2.2826120000000003,50.0,0.036471671494030765,0.43216124734625777
2.2831065,50.0,0.03647167965770993,0.4321296077116596
2.283601,50.0,0.036471662868835145,0.4321053738829659
2.2840955000000003,50.0,0.03647166300760949,0.43209918356770344
2.28459,50.0,0.03647168258224389,0.4320875491861846
2.2850845,50.0,0.03647167461403204,0.4321086719227906
2.2855790000000002,50.0,0.03647167316287681,0.43212108976158464
2.2860735,50.0,0.03647169477011058,0.4321501688774108
2.2865680000000004,50.0,0.0364716999585708,0.4321907603108522
2.2870625,50.0,0.03647169717013672,0.4322253165560693
2.287557,50.0,0.03647170726559887,0.4322678315732014
2.2880515000000003,50.0,0.036471717256865606,0.4323033574201899
2.288546,50.0,0.03647171988899422,0.43234094045453597
2.2890405,50.0,0.03647171843323816,0.4323602767877612
2.2895350000000003,50.0,0.03647171594543463,0.43237982127366803
2.2900295,50.0,0.03647172193191411,0.43238448337075586
2.290524,50.0,0.03647171485709634,0.4323717812548323
2.2910185000000003,50.0,0.03647170179275129,0.4323664420018295
2.291513,50.0,0.03647170988777755,0.43232905030322516
2.2920075,50.0,0.03647169435268396,0.43229411104390014
2.2925020000000003,50.0,0.03647167892928576,0.43226939913380497
2.2929965,50.0,0.03647169332724161,0.43221138353008776
2.2934910000000004,50.0,0.03647167372977178,0.4321804246385524
2.2939855000000002,50.0,0.03647166063423283,0.43214651021374884
2.29448,50.0,0.036471680724649645,0.4321114924630685
2.2949745000000004,50.0,0.03647166956748035,0.4320996752501909
2.295469,50.0,0.036471657821422164,0.4320841223725591
2.2959635,50.0,0.03647167708099179,0.43208949076593545
2.2964580000000003,50.0,0.03647168489783868,0.4321026532681609
2.2969525,50.0,0.036471677417429814,0.43212653864511563
2.297447,50.0,0.03647168660917267,0.43215379517857055
2.2979415000000003,50.0,0.03647170238685573,0.43219429317144936
2.298436,50.0,0.03647170377159581,0.43223548017683466
2.2989305,50.0,0.036471708135852564,0.4322708704558388
2.2994250000000003,50.0,0.036471715549011574,0.4323091075623551
2.2999195,50.0,0.03647171777345309,0.43234200805728396
2.3004140000000004,50.0,0.036471720249327884,0.432361065926352
2.3009085000000002,50.0,0.036471716171524324,0.43237501445100285
2.301403,50.0,0.03647171695874469,0.4323767913409543
2.3018975000000004,50.0,0.036471714131929414,0.43236317764170257
2.302392,50.0,0.03647170041823687,0.4323508955138515
2.3028865,50.0,0.036471702712249414,0.43231555439100344
2.3033810000000003,50.0,0.03647169677260465,0.4322820511070799
2.3038755,50.0,0.03647167587176753,0.4322457921948065
2.30437,50.0,0.03647168307700076,0.43220530140372626
2.3048645000000003,50.0,0.036471685533161255,0.4321651483010809
2.305359,50.0,0.03647165760696187,0.4321363595077167
2.3058535,50.0,0.03647166660509961,0.43211371588155784
2.3063480000000003,50.0,0.03647168448555159,0.43208985357902274
2.3068425,50.0,0.036471662818160486,0.4320994995556296
2.307337,50.0,0.03647167044388532,0.4320934703783978
2.3078315000000003,50.0,0.036471689047859135,0.4321160177254671
2.308326,50.0,0.036471683407883246,0.432147867179123
2.3088205000000004,50.0,0.03647169235695411,0.4321709744339569
2.3093150000000002,50.0,0.03647170283786414,0.43221695955122763
2.3098095,50.0,0.036471707199893635,0.43225685540714437
2.3103040000000004,50.0,0.036471712835139135,0.4322909666471831
2.3107985,50.0,0.03647171644974258,0.4323306570546717
2.311293,50.0,0.03647172107430046,0.432355117351901
2.3117875000000003,50.0,0.036471719761239856,0.43237412154744553
2.312282,50.0,0.036471717654194845,0.43238394306463185
2.3127765,50.0,0.036471717643775575,0.4323776824801179
2.3132710000000003,50.0,0.03647171214418154,0.43236843367075506
2.3137655,50.0,0.03647169993644921,0.43233963414901916
2.31426,50.0,0.03647169704783148,0.4323136280584378
2.3147545000000003,50.0,0.03647170101647845,0.4322721321903612
2.315249,50.0,0.036471678835638004,0.43223323299081007
2.3157435000000004,50.0,0.036471668884589185,0.43219842009325465
2.3162380000000002,50.0,0.03647168698492182,0.4321533358527568
2.3167325,50.0,0.036471670633273195,0.43213065776794246
2.3172270000000004,50.0,0.03647165748975362,0.4321076302659772
2.3177215,50.0,0.036471679796009224,0.4320909207586955
2.318216,50.0,0.036471675457206275,0.4320948645374735
2.3187105000000003,50.0,0.036471667395824005,0.43210395394579326
2.319205,50.0,0.03647168862496792,0.4321211408932254
2.3196995,50.0,0.03647169127308963,0.4321527158183747
2.3201940000000003,50.0,0.03647168966454117,0.43218442930773765
2.3206885,50.0,0.0364717074008895,0.43222634843650665
2.321183,50.0,0.036471709056357916,0.4322628406783476
2.3216775000000003,50.0,0.03647170954681993,0.43230119297939457
2.322172,50.0,0.0364717203483498,0.43232916464404353
2.3226665,50.0,0.036471719832040735,0.432360253000177
2.3231610000000003,50.0,0.03647172005743069,0.4323690549316263
2.3236555,50.0,0.036471713390926065,0.43237082026777485
2.3241500000000004,50.0,0.03647171036755267,0.4323749625147276
2.3246445000000002,50.0,0.03647171711116522,0.4323429128376719
2.325139,50.0,0.03647169825653518,0.4323299327465684
2.3256335000000004,50.0,0.036471686464336794,0.4322875845122695
2.326128,50.0,0.036471695706189466,0.43225239512029656
2.3266225,50.0,0.036471684768752455,0.43221779339823785
2.3271170000000003,50.0,0.03647166631842767,0.4321708021241411
2.3276115,50.0,0.03647167392441765,0.43214626432959996
2.328106,50.0,0.03647167895946251,0.43211181244534985
2.3286005000000003,50.0,0.036471659950098996,0.4321008259094321
2.329095,50.0,0.03647166945431162,0.432091428786182
2.3295895,50.0,0.03647168386023956,0.4320892386370732
2.3300840000000003,50.0,0.03647167054019804,0.4321135793807058
2.3305785,50.0,0.03647168547677548,0.4321307696962156
2.3310730000000004,50.0,0.03647169961776336,0.43216215798823626
2.3315675000000002,50.0,0.036471689581637254,0.43220339532044805
2.332062,50.0,0.03647170509212279,0.4322378236669715
2.3325565000000004,50.0,0.0364717187188245,0.4322815620773292
2.333051,50.0,0.036471712073849145,0.4323148528029373
2.3335455,50.0,0.03647171571246595,0.4323426617481541
2.3340400000000003,50.0,0.036471720665134884,0.4323679990782719
2.3345345,50.0,0.036471721758175625,0.43237750298362343
2.335029,50.0,0.03647171760299721,0.4323771831720245
2.3355235000000003,50.0,0.0364717056003257,0.43236618035515056
2.336018,50.0,0.03647170898715807,0.43235030432592253
2.3365125,50.0,0.03647170782727023,0.4323169266218465
2.3370070000000003,50.0,0.036471683748781306,0.4322849787908619
2.3375015,50.0,0.036471685112670835,0.43224470636587325
2.3379960000000004,50.0,0.03647169158925303,0.4322068006072703
2.3384905000000002,50.0,0.036471668408429726,0.432172653350346
2.338985,50.0,0.03647166816510326,0.43213533302611173
2.3394795000000004,50.0,0.03647167874991966,0.4321173516242636
2.339974,50.0,0.036471666418471216,0.4321011527502603
2.3404685,50.0,0.0364716694928201,0.4320956302428511
2.3409630000000003,50.0,0.03647168454510042,0.43210577682469725
2.3414575,50.0,0.03647167900103294,0.4321184981924442
2.341952,50.0,0.03647167988564405,0.43214939466695834
2.3424465000000003,50.0,0.03647170384191477,0.43218049799297237
2.342941,50.0,0.03647170398197963,0.4322128098645108
2.3434355,50.0,0.03647169672499106,0.43226164456874283
2.3439300000000003,50.0,0.03647171856386476,0.43228908150661727
2.3444245,50.0,0.036471720454125875,0.43232592878189374
2.344919,50.0,0.03647171391278854,0.43235537589996414
2.3454135000000003,50.0,0.03647172005143727,0.43236257929709665
2.345908,50.0,0.03647171703927577,0.43238125203342215
2.3464025000000004,50.0,0.036471719110094294,0.43236785064779454
2.3468970000000002,50.0,0.036471707258106376,0.43235711122523013
2.3473915,50.0,0.03647169700205421,0.43233536527656125
2.3478860000000004,50.0,0.03647170612505024,0.43229909277438655
2.3483805,50.0,0.036471689977530725,0.4322656365082895
2.348875,50.0,0.036471675479596594,0.43222737383933385
2.3493695000000003,50.0,0.03647168495336716,0.43218641264701374
2.349864,50.0,0.036471673453248116,0.4321525138012017
2.3503585,50.0,0.03647166276529381,0.43212501797025626
2.3508530000000003,50.0,0.036471678214923545,0.43210311716926547
2.3513475,50.0,0.03647167136811195,0.43209235914401223
2.351842,50.0,0.03647166205192982,0.4320937230038817
2.3523365000000003,50.0,0.03647168510829805,0.43210411416807243
2.352831,50.0,0.036471688562954775,0.4321236726017928
2.3533255000000004,50.0,0.036471678932906954,0.432154145826259
2.3538200000000002,50.0,0.03647169810634214,0.43218826734884663
2.3543145,50.0,0.03647171092572,0.43222546893925357
2.3548090000000004,50.0,0.036471703571697385,0.43226627074862384
2.3553035,50.0,0.03647170979503859,0.4323026723908842
2.355798,50.0,0.03647172274768131,0.4323297532235779
2.3562925000000003,50.0,0.03647171971387129,0.4323567597601227
2.356787,50.0,0.03647171538303962,0.4323728193738867
2.3572815,50.0,0.03647171581669708,0.432369132354778
2.3577760000000003,50.0,0.03647171304143477,0.4323687048751218
2.3582705,50.0,0.03647171085874162,0.4323504182857055
2.358765,50.0,0.03647169840005562,0.4323191797996527
2.3592595000000003,50.0,0.036471693349872616,0.4322974157848022
2.359754,50.0,0.03647169401376409,0.43224710526634696
2.3602485,50.0,0.03647167476777498,0.43221786178240335
2.3607430000000003,50.0,0.03647167858782678,0.43218406812266397
2.3612375,50.0,0.03647168150215722,0.4321379229050544
2.3617320000000004,50.0,0.03647165843681458,0.4321276136147605
2.3622265000000002,50.0,0.036471672979392245,0.43210349496875444
2.362721,50.0,0.03647168318391088,0.4320967118694161
2.3632155000000004,50.0,0.03647166376303714,0.4321059285574784
2.36371,50.0,0.036471678509978823,0.4321123963507393
2.3642045,50.0,0.03647169767168767,0.4321448186204134
2.3646990000000003,50.0,0.036471688028735176,0.43217031238586673
2.3651935,50.0,0.03647169223436483,0.43220760512960443
2.365688,50.0,0.0364717128565827,0.432246152974275
2.3661825000000003,50.0,0.03647171349621531,0.4322830925959466
2.366677,50.0,0.036471711081622046,0.4323216690163904
2.3671715,50.0,0.036471719680681296,0.4323395401255779
2.3676660000000003,50.0,0.03647171971816923,0.4323697758786146
2.3681605,50.0,0.036471718201559936,0.4323745575286476
2.3686550000000004,50.0,0.036471715584131086,0.4323728175485952
2.3691495000000002,50.0,0.03647171082971497,0.4323641436493879
2.369644,50.0,0.03647170654447862,0.4323411419683784
2.3701385000000004,50.0,0.0364716973175126,0.43231428795265264
2.370633,50.0,0.036471692208274245,0.4322764874602088
2.3711275,50.0,0.03647168986831447,0.4322430540405242
2.3716220000000003,50.0,0.03647167661005063,0.43219660894510564
2.3721165,50.0,0.03647167112845555,0.4321705754260525
2.372611,50.0,0.0364716813365092,0.43213564838440477
2.3731055000000003,50.0,0.03647166739866797,0.43210665230029804
2.3736,50.0,0.03647165943986088,0.43210648722660816
2.3740945,50.0,0.03647168606669196,0.4320927018258398
2.3745890000000003,50.0,0.03647167838515837,0.43210067818417414
2.3750835,50.0,0.036471666866980536,0.4321275353248468
2.375578,50.0,0.03647169665788755,0.43214013608428037
2.3760725000000003,50.0,0.03647169833816427,0.4321823121922455
2.376567,50.0,0.03647169254606908,0.43221896515361263
2.3770615000000004,50.0,0.036471711186865895,0.4322477198661555
2.3775560000000002,50.0,0.03647171297976392,0.4322959346442272
2.3780505,50.0,0.036471713010818495,0.43232091106732196
2.3785450000000004,50.0,0.036471719289990455,0.4323460069086888
2.3790395,50.0,0.03647171895074122,0.4323657727394916
2.379534,50.0,0.03647171578954548,0.432367836578236
2.3800285000000003,50.0,0.03647171174808365,0.43236810792591474
2.380523,50.0,0.036471709772830006,0.4323484508788057
2.3810175,50.0,0.036471703608113165,0.43233034152289074
2.3815120000000003,50.0,0.036471693844197,0.4322953052473886
2.3820065,50.0,0.03647168776884727,0.4322621580633961
2.382501,50.0,0.03647168828713509,0.4322247134500775
2.3829955000000003,50.0,0.03647167824834277,0.4321848334550032
2.38349,50.0,0.03647166388851144,0.43215594677838604
2.3839845000000004,50.0,0.03647167716072649,0.43212613182898796
2.3844790000000002,50.0,0.036471678354009315,0.4321054756001423
2.3849735,50.0,0.036471659125367276,0.4321010407431667
2.3854680000000004,50.0,0.036471674362319816,0.43210020727023046
2.3859625,50.0,0.03647168914678984,0.43210782167075457
2.386457,50.0,0.0364716757890211,0.43213555348190125
2.3869515000000003,50.0,0.03647168765273747,0.4321626341001715
2.387446,50.0,0.03647170670152912,0.4321915515892001
2.3879405,50.0,0.036471696626432994,0.43223693925565176
2.3884350000000003,50.0,0.03647170727741454,0.4322732123478106
2.3889295,50.0,0.03647172220697705,0.4323007135401149
2.389424,50.0,0.036471710694267356,0.43234400619941554
2.3899185000000003,50.0,0.03647171838829724,0.43235263774439364
2.390413,50.0,0.03647172303183207,0.4323720728444178
2.3909075000000004,50.0,0.036471712974585346,0.4323790802253369
2.3914020000000002,50.0,0.03647171147364426,0.4323584925458011
2.3918965,50.0,0.03647170564099562,0.43235196076080606
2.3923910000000004,50.0,0.03647170487157634,0.43232296771000117
2.3928855,50.0,0.03647169598223397,0.43228623556791507
2.39338,50.0,0.036471678971247465,0.4322539155601898
2.3938745000000003,50.0,0.036471684991916914,0.43221531867142826
2.394369,50.0,0.036471684289327594,0.4321766227591711
2.3948635,50.0,0.03647166564003466,0.4321502525577868
2.3953580000000003,50.0,0.03647166763831855,0.43211886366784935
2.3958525,50.0,0.03647167984113887,0.432108804860585
2.396347,50.0,0.03647167020137317,0.43209921550557545
2.3968415000000003,50.0,0.03647166796816692,0.4321064954563804
2.397336,50.0,0.03647168942960488,0.4321183773905432
2.3978305,50.0,0.03647168604609895,0.43214000269529185
2.3983250000000003,50.0,0.03647168373673576,0.4321798123571392
2.3988195,50.0,0.036471708113531114,0.4322019101078071
2.3993140000000004,50.0,0.0364717043199716,0.4322484989968338
2.3998085000000002,50.0,0.03647170239417617,0.4322821098653016
2.400303,50.0,0.03647172349985207,0.43231306363976324
2.4007975000000004,50.0,0.03647171795141613,0.4323436878412288
2.401292,50.0,0.036471709321814476,0.4323574329638441
2.4017865,50.0,0.03647172041840946,0.43236848519770127
2.4022810000000003,50.0,0.03647171788629355,0.43236820443069846
2.4027755,50.0,0.03647170712506256,0.4323555281539259
2.40327,50.0,0.03647170207297611,0.432330162225212
2.4037645000000003,50.0,0.036471696413797744,0.43230903622402944
2.404259,50.0,0.03647169669325427,0.4322719601123294
2.4047535,50.0,0.0364716834903722,0.4322288337890948
2.4052480000000003,50.0,0.03647167096996981,0.4322026630374605
2.4057425,50.0,0.03647168345115867,0.4321590477725631
2.4062370000000004,50.0,0.03647167219336031,0.432133200243544
2.4067315000000002,50.0,0.036471660266513516,0.4321175078640727
2.407226,50.0,0.03647167829338241,0.4320921128163915
2.4077205000000004,50.0,0.03647167492281707,0.43210449691899955
2.408215,50.0,0.036471669386349624,0.43210655045824997
2.4087095,50.0,0.03647168652145265,0.4321208233852876
2.4092040000000003,50.0,0.03647169103053555,0.43215635181534834
2.4096985,50.0,0.03647168652173471,0.4321800249191842
2.410193,50.0,0.03647170388096624,0.43222515906062847
2.4106875000000003,50.0,0.03647171556766222,0.43225319361064396
2.411182,50.0,0.03647170163802279,0.4322970753464123
2.4116765,50.0,0.03647171347233347,0.4323252473003148
2.4121710000000003,50.0,0.03647172833994231,0.4323460997520196
2.4126655,50.0,0.03647171180633146,0.43236828437497987
2.41316,50.0,0.03647171227248316,0.43236753330405214
2.4136545000000003,50.0,0.03647171719506469,0.4323658075427546
2.414149,50.0,0.036471707297168476,0.43235242307668176
2.4146435000000004,50.0,0.03647170235581147,0.43232492009906354
2.4151380000000002,50.0,0.03647169259568673,0.4322979405653044
2.4156325,50.0,0.036471690577437724,0.4322630754389173
2.4161270000000004,50.0,0.036471688490465594,0.4322218550369079
2.4166215,50.0,0.036471670649733626,0.4321922476881106
2.417116,50.0,0.0364716737799251,0.4321547386975814
2.4176105000000003,50.0,0.03647167881409605,0.43213063718995126
2.418105,50.0,0.0364716640439747,0.43211236569904554
2.4185995,50.0,0.03647167199321945,0.4321051147789148
2.4190940000000003,50.0,0.036471682674420254,0.4321035576692729
2.4195885,50.0,0.03647166979967656,0.4321188582922684
2.420083,50.0,0.03647168410588657,0.4321392513137372
2.4205775000000003,50.0,0.03647170273689205,0.43216273441662717
2.421072,50.0,0.03647168838222655,0.4322064035038754
2.4215665000000004,50.0,0.036471698602872166,0.4322317588766755
2.4220610000000002,50.0,0.03647171967957526,0.4322757210688621
2.4225555,50.0,0.03647171152136693,0.43230830552734767
2.4230500000000004,50.0,0.03647170908727341,0.43233238262654833
2.4235445,50.0,0.03647172212819755,0.4323587768395797
2.424039,50.0,0.03647172095049191,0.43236466659737377
2.4245335000000003,50.0,0.03647170864122744,0.4323701353257315
2.425028,50.0,0.036471710934017604,0.43236058108872005
2.4255225,50.0,0.0364717085913982,0.43233824989624364
2.4260170000000003,50.0,0.03647169841573077,0.4323180919826795
2.4265115,50.0,0.036471693951764736,0.4322803858612112
2.427006,50.0,0.03647168355507932,0.4322472854803557
2.4275005000000003,50.0,0.036471682904473016,0.43220923578433196
2.427995,50.0,0.03647167735654634,0.43217089684923826
2.4284895000000004,50.0,0.03647166746665874,0.4321490503831096
2.4289840000000003,50.0,0.03647167731618226,0.432116014047808
2.4294785,50.0,0.036471667724608914,0.4321047143960648
2.4299730000000004,50.0,0.0364716648995654,0.4321031653980135
2.4304675000000002,50.0,0.036471687702463826,0.4321037120586442
2.430962,50.0,0.03647167797946981,0.4321203756860492
2.4314565000000004,50.0,0.03647167486711161,0.4321441954891552
2.431951,50.0,0.036471703579860314,0.43217459700048516
2.4324455,50.0,0.03647170154130945,0.43221003071051667
2.4329400000000003,50.0,0.036471692828513584,0.4322462414749371
2.4334345,50.0,0.036471715651424104,0.43228017142597586
2.433929,50.0,0.036471720315576044,0.4323159553231982
2.4344235000000003,50.0,0.036471708592006616,0.43233939062491783
2.434918,50.0,0.036471716773063274,0.43235712968382156
2.4354125,50.0,0.036471719367949795,0.43236453938187586
2.4359070000000003,50.0,0.03647171112084915,0.43236528114543565
2.4364015,50.0,0.036471708691104644,0.4323520401206376
2.4368960000000004,50.0,0.036471703360224844,0.43232929251591384
2.4373905000000002,50.0,0.036471696437200815,0.43230401487755904
2.437885,50.0,0.036471690351681345,0.4322690298147416
2.4383795000000004,50.0,0.03647168471035111,0.4322349612606354
2.438874,50.0,0.03647168083507778,0.43219399549143067
2.4393685,50.0,0.0364716734238868,0.4321678638188985
2.4398630000000003,50.0,0.03647166893037261,0.4321343529081437
2.4403575,50.0,0.036471674209466745,0.43211849499348975
2.440852,50.0,0.03647167510746638,0.4321060481375109
2.4413465000000003,50.0,0.03647166481014795,0.43210100834948734
2.441841,50.0,0.0364716796013247,0.43212082736726976
2.4423355,50.0,0.03647169427863791,0.4321261315926969
2.4428300000000003,50.0,0.03647167555524183,0.43216138340214505
2.4433245,50.0,0.03647169378921013,0.4321923796089685
2.4438190000000004,50.0,0.036471715764833205,0.432222054496372
2.4443135000000002,50.0,0.03647169773943415,0.4322692491216753
2.444808,50.0,0.03647170896264447,0.43229275193249894
2.4453025000000004,50.0,0.03647172339279483,0.4323284324291213
2.445797,50.0,0.036471712478609496,0.43235226089920353
2.4462915,50.0,0.03647171605209758,0.43236148435270133
2.4467860000000003,50.0,0.03647171915825337,0.43237014813360897
2.4472805,50.0,0.03647170915424404,0.4323613217444585
2.447775,50.0,0.03647170533484081,0.43234970057801403
2.4482695000000003,50.0,0.03647170379666421,0.43232183453477047
2.448764,50.0,0.03647169549638903,0.43229244855449733
2.4492585,50.0,0.03647168698956252,0.4322611061324246
2.4497530000000003,50.0,0.036471681319986855,0.4322181416503531
2.4502475,50.0,0.03647167982970837,0.4321891711300452
2.450742,50.0,0.03647167612604409,0.4321536232630903
2.4512365000000003,50.0,0.036471665441265726,0.43212903104710126
2.451731,50.0,0.0364716713076233,0.4321136425882532
2.4522255000000004,50.0,0.03647168087203111,0.4321030539712235
2.4527200000000002,50.0,0.036471668649635317,0.432107026753797
2.4532145,50.0,0.036471672624040795,0.43211908973842245
2.4537090000000004,50.0,0.03647169530222583,0.4321400473728086
2.4542035,50.0,0.03647169075289389,0.43216516482622663
2.454698,50.0,0.03647168685204108,0.43220368029786
2.4551925000000003,50.0,0.03647171100061711,0.43223733311772267
2.455687,50.0,0.03647171080488627,0.4322671202778253
2.4561815,50.0,0.03647170294853781,0.432311139015364
2.4566760000000003,50.0,0.03647172354775905,0.43232914490725194
2.4571705,50.0,0.0364717177286036,0.43234923132042774
2.457665,50.0,0.03647170648508678,0.43236759593831725
2.4581595000000003,50.0,0.036471721094716386,0.4323571259449519
2.458654,50.0,0.03647171006714402,0.43235754694798206
2.4591485000000004,50.0,0.03647169867121406,0.4323354743510245
2.4596430000000002,50.0,0.03647170164150383,0.43230479969843283
2.4601375,50.0,0.03647169272643103,0.43228335398133727
2.4606320000000004,50.0,0.03647168713316663,0.43223823559611946
2.4611265,50.0,0.03647167648401892,0.43220741317337713
2.461621,50.0,0.03647167434481703,0.43217268038622475
2.4621155000000003,50.0,0.03647168061188522,0.43214265804037894
2.46261,50.0,0.03647166766891562,0.4321239355468772
2.4631045,50.0,0.036471664144044194,0.43210413901348715
2.4635990000000003,50.0,0.03647167958910654,0.4321081022888542
2.4640935,50.0,0.03647167992246955,0.4321073520097128
2.464588,50.0,0.036471672292929594,0.43212779898844494
2.4650825000000003,50.0,0.03647168975354087,0.432150820505394
2.465577,50.0,0.036471699363781085,0.43217631536644435
2.4660715000000004,50.0,0.03647169051060802,0.43221969215335243
2.4665660000000003,50.0,0.0364717073814397,0.43225013467179785
2.4670605,50.0,0.03647171736771433,0.43228345189266315
2.4675550000000004,50.0,0.03647170512300493,0.43231862966281237
2.4680495000000002,50.0,0.03647171710214242,0.43234397973566935
2.468544,50.0,0.036471725131762,0.4323542772897931
2.4690385000000004,50.0,0.03647170697453118,0.432368756893339
2.469533,50.0,0.036471710530689525,0.4323624554953546
2.4700275,50.0,0.03647171778770264,0.4323484724597668
2.4705220000000003,50.0,0.03647169839621997,0.43233388924533406
2.4710165,50.0,0.0364716924725447,0.43229844135024664
2.471511,50.0,0.036471693860454964,0.4322663829932801
2.4720055000000003,50.0,0.036471685223712365,0.43223861185463114
2.4725,50.0,0.036471680787841174,0.43219329490829883
2.4729945,50.0,0.03647166972169636,0.4321637072974055
2.4734890000000003,50.0,0.03647167298744361,0.43214408840180013
2.4739835,50.0,0.036471679200872215,0.43211395839863154
2.4744780000000004,50.0,0.03647166373648371,0.4321121128889692
2.4749725000000002,50.0,0.036471674326250224,0.4321078260318065
2.475467,50.0,0.036471686847021234,0.4321156448516117
2.4759615000000004,50.0,0.036471675735097506,0.43213990528102586
2.476456,50.0,0.0364716885720695,0.432159526919714
2.4769505,50.0,0.03647170273185883,0.43219301667818966
2.4774450000000003,50.0,0.03647169616157987,0.43223029921802103
2.4779395,50.0,0.036471704407687225,0.4322625749908375
2.478434,50.0,0.03647172006031296,0.4322978968939561
2.4789285000000003,50.0,0.036471711236760955,0.43232243506717666
2.479423,50.0,0.036471707818217874,0.43235061145112696
2.4799175,50.0,0.03647172664721987,0.4323579624971946
2.4804120000000003,50.0,0.036471715531257,0.4323603535815591
2.4809065,50.0,0.036471699976319806,0.43236277679554064
2.4814010000000004,50.0,0.036471711649953886,0.43233392626881445
2.4818955000000003,50.0,0.03647170362000363,0.4323215032955966
2.48239,50.0,0.0364716898487876,0.4322864447943624
2.4828845000000004,50.0,0.03647168803408208,0.43224832458087986
2.4833790000000002,50.0,0.03647168233547528,0.43222244582999164
2.4838735,50.0,0.03647167896929383,0.43217894332223844
2.4843680000000004,50.0,0.03647167280032784,0.4321526854347966
2.4848625,50.0,0.036471667950349784,0.43212896503700216
2.485357,50.0,0.03647167578068835,0.43211304081035695
2.4858515000000003,50.0,0.0364716732571051,0.43210146770446484
2.486346,50.0,0.036471668655949044,0.4321138410714879
2.4868405,50.0,0.036471686330556065,0.43211895913822257
2.4873350000000003,50.0,0.03647168515753943,0.43213962082457213
2.4878295,50.0,0.036471682775612684,0.4321779306611164
2.488324,50.0,0.03647170790260931,0.43219717742844543
2.4888185000000003,50.0,0.0364717027641311,0.43224178721345496
2.489313,50.0,0.0364716968533263,0.4322769349494365
2.4898075000000004,50.0,0.03647172207802561,0.4323008923283305
2.4903020000000002,50.0,0.0364717194659702,0.43233589278782025
2.4907965,50.0,0.03647170584486381,0.4323512674428593
2.4912910000000004,50.0,0.03647171706509194,0.43235843404159857
2.4917855,50.0,0.036471720038957475,0.4323643157614859
2.49228,50.0,0.0364717045238462,0.4323488750537011
2.4927745000000003,50.0,0.036471700745276926,0.43233706454848614
2.493269,50.0,0.0364717040098373,0.4323039048678136
2.4937635,50.0,0.036471690778225443,0.4322774383437577
2.4942580000000003,50.0,0.0364716837234307,0.4322440652124323
2.4947525,50.0,0.03647168255003593,0.43220197300642005
2.495247,50.0,0.036471674866070336,0.4321798977763879
2.4957415000000003,50.0,0.03647167539987013,0.4321405110274541
2.496236,50.0,0.03647167041523842,0.4321283256254251
2.4967305000000004,50.0,0.03647167108132873,0.43211430961146047
2.4972250000000003,50.0,0.0364716774832785,0.4321043300906964
2.4977195,50.0,0.036471671645173454,0.4321198153008337
2.4982140000000004,50.0,0.03647168536006284,0.43213308630183817
2.4987085,50.0,0.0364716940905556,0.4321516030551401
2.499203,50.0,0.036471682508279625,0.4321891647688334
2.4996975000000003,50.0,0.0364717020903848,0.4322180287766353
2.500192,50.0,0.03647171705757927,0.4322544787470177
