time_s,airspeed_mps,tip_bending_m,tip_twist_deg
0.0,35.0,0.0,0.0
0.0007064285714285714,35.0,2.982655173824044e-6,0.0013768474637470961
0.0014128571428571428,35.0,1.4444237202310991e-5,0.010095270250856277
0.002119285714285714,35.0,3.6859335214161056e-5,0.03682223818326473
0.0028257142857142856,35.0,7.071740622403207e-5,0.09191134204905935
0.003532142857142857,35.0,0.00011720947193526498,0.18284691032692804
0.004238571428571428,35.0,0.0001775028132488848,0.31310692298494874
0.004945,35.0,0.0002506847056534775,0.47877817435694175
0.005651428571428571,35.0,0.0003318071075212271,0.6664700522977938
0.0063578571428571425,35.0,0.00041601574228186753,0.8577577458664086
0.007064285714285714,35.0,0.0005068629038276266,1.0385849464696988
0.007770714285714285,35.0,0.0006148960441808166,1.2039262974413851
0.008477142857142857,35.0,0.0007470748865417305,1.3543643919909298
0.009183571428571428,35.0,0.000906511188965457,1.4927039722630968
0.00989,35.0,0.0010982973611104816,1.6240911305726424
0.010596428571428571,35.0,0.001325716890126322,1.751866383726584
0.011302857142857142,35.0,0.0015879931095444885,1.8708242079267225
0.012009285714285714,35.0,0.001884492932531846,1.9684092163290614
0.012715714285714285,35.0,0.002216255687852079,2.0327518802706566
0.013422142857142856,35.0,0.0025864278285782326,2.0559890413238375
0.014128571428571428,35.0,0.0029984392276551117,2.035792368982385
0.014835,35.0,0.003455227089492594,1.9768200318400622
0.01554142857142857,35.0,0.0039618137093730904,1.890072039873662
0.01624785714285714,35.0,0.004521643651149254,1.7894113207510172
0.016954285714285713,35.0,0.005131100447875261,1.68258992216405
0.017660714285714287,35.0,0.0057822309169160415,1.5694237161375613
0.018367142857142856,35.0,0.006470899240493625,1.4476404930760667
0.019073571428571426,35.0,0.007199716359917388,1.314216807726314
0.01978,35.0,0.007972049363219377,1.1653727839663406
0.020486428571428572,35.0,0.008789002311196236,1.0016305549032332
0.021192857142857142,35.0,0.009653521541657214,0.8326011748888978
0.02189928571428571,35.0,0.010569585310544406,0.6731432679134254
0.022605714285714285,35.0,0.011535803192461714,0.536494026977373
0.023312142857142858,35.0,0.012546966370680954,0.43107543198161064
0.024018571428571427,35.0,0.013599402467611724,0.35983935636206227
0.024724999999999997,35.0,0.014689022722911324,0.32035471467600146
0.02543142857142857,35.0,0.01581036161204555,0.3048336143870033
0.026137857142857143,35.0,0.01696018382543047,0.304817062039325
0.026844285714285713,35.0,0.018138817973289315,0.3183544347471378
0.027550714285714283,35.0,0.01934841843632652,0.34942782734541983
0.028257142857142856,35.0,0.020587280583776443,0.4023882200462317
0.02896357142857143,35.0,0.021846129441448058,0.48159518436702514
0.02967,35.0,0.02311514624654411,0.5901724016538921
0.030376428571428568,35.0,0.0243894689599332,0.7245757409471498
0.03108285714285714,35.0,0.02566514173750251,0.8729417480660063
0.031789285714285714,35.0,0.026938338789125358,1.0200181818975822
0.03249571428571428,35.0,0.028208951064785426,1.1551276944288074
0.033202142857142854,35.0,0.029480440148841172,1.2745106767685066
0.03390857142857143,35.0,0.03075525209251887,1.3781897827668899
0.034615,35.0,0.032031901755110136,1.4697096754987962
0.03532142857142857,35.0,0.033308905082062565,1.5547783472645746
0.03602785714285714,35.0,0.03458513458677323,1.6341391981985678
0.03673428571428571,35.0,0.03585516053112892,1.7000672529114589
0.037440714285714286,35.0,0.03711341940530492,1.7416185569925868
0.03814714285714285,35.0,0.03836051490166762,1.7514521406200017
0.038853571428571425,35.0,0.03960168206731728,1.7275966363857755
0.03956,35.0,0.04084233498921703,1.6738298848472652
0.04026642857142857,35.0,0.04208372688757918,1.5995158572146226
0.040972857142857144,35.0,0.04332330274863415,1.5158540239794147
0.04167928571428571,35.0,0.044559473960887185,1.4290987942407647
0.042385714285714284,35.0,0.04579150411718677,1.3356072767763276
0.04309214285714286,35.0,0.047016756663144636,1.2272597048788805
0.04379857142857142,35.0,0.04823498683784816,1.101234839014046
0.044504999999999996,35.0,0.0494521518748188,0.96049950617072
0.04521142857142857,35.0,0.050674967145986,0.8122655107788106
0.04591785714285714,35.0,0.0519084176011732,0.6685827843973096
0.046624285714285715,35.0,0.05315843062598986,0.5425970763656129
0.04733071428571428,35.0,0.05442992932160445,0.44111521744024423
0.048037142857142855,35.0,0.05572278569781015,0.36081684035235406
0.04874357142857143,35.0,0.057031808704880914,0.29443599316645397
0.049449999999999994,35.0,0.05835346988715744,0.23797814183976054
0.05015642857142857,35.0,0.05969075626568305,0.19283270365631053
0.05086285714285714,35.0,0.06104878693530102,0.16505568735450857
0.05156928571428571,35.0,0.06243086406957063,0.16450753423055975
0.052275714285714286,35.0,0.06383838997167728,0.19983602472901524
0.05298214285714285,35.0,0.06527043812198546,0.2697174109788219
0.053688571428571426,35.0,0.06672465161772187,0.36326454040712347
0.054395,35.0,0.0681966783821872,0.4687116511210879
0.055101428571428565,35.0,0.06968026307502374,0.5782053099655351
0.05580785714285714,35.0,0.07117295838040708,0.6884010325648492
0.05651428571428571,35.0,0.07267576892772826,0.8011275782420761
0.057220714285714284,35.0,0.07418824712523372,0.9213725098826896
0.05792714285714286,35.0,0.07571172065146715,1.051715063607929
0.058633571428571424,35.0,0.07725029288243483,1.1858086863788657
0.05934,35.0,0.0788041724478349,1.3091113328031307
0.06004642857142857,35.0,0.08036703842722097,1.4090168732673285
0.060752857142857136,35.0,0.08193079017864095,1.4818486885543
0.06145928571428571,35.0,0.08349046072246996,1.530477928552298
0.06216571428571428,35.0,0.08504431096367918,1.562128332885027
0.06287214285714285,35.0,0.08659124048281056,1.5848095435100438
0.06357857142857143,35.0,0.08812941674449244,1.6000270169480943
0.064285,35.0,0.08965739503763066,1.600391985139813
0.06499142857142856,35.0,0.09117393005877474,1.577564649939769
0.06569785714285714,35.0,0.09267583206378559,1.5309544766026784
0.06640428571428571,35.0,0.09415839479335052,1.4676358921767296
0.06711071428571429,35.0,0.0956173845993574,1.3981384005000645
0.06781714285714285,35.0,0.0970500673057244,1.3320424633378103
0.06852357142857142,35.0,0.09845397613530249,1.2730855823560443
0.06923,35.0,0.09982686151539596,1.2157700561051517
0.06993642857142857,35.0,0.10117199024354484,1.1506232978625293
0.07064285714285715,35.0,0.10249657474008189,1.0750535269452726
0.07134928571428571,35.0,0.10380246683023478,0.9961038567407912
0.07205571428571428,35.0,0.10508717496965081,0.922729232411841
0.07276214285714286,35.0,0.10634909708402829,0.8602383467194534
0.07346857142857142,35.0,0.1075867369547085,0.8082637517511944
0.07417499999999999,35.0,0.10879870584519066,0.7605693249022968
0.07488142857142857,35.0,0.10998420804303326,0.7080775008902204
0.07558785714285714,35.0,0.11114384852533588,0.6457744592576786
0.0762942857142857,35.0,0.11228098573277237,0.5791485495398656
0.07700071428571428,35.0,0.11339900424668514,0.5194584805403866
0.07770714285714285,35.0,0.11449891679752056,0.4733951560822928
0.07841357142857143,35.0,0.11558099339042324,0.440010597511761
0.07912,35.0,0.11664510534084749,0.41384563923400586
0.07982642857142856,35.0,0.11768884884181408,0.38853567924152516
0.08053285714285714,35.0,0.11870888587810317,0.36117930608549265
0.08123928571428571,35.0,0.11970664383736804,0.33785321037132476
0.08194571428571429,35.0,0.12068995292063223,0.33003999108048643
0.08265214285714285,35.0,0.12166596346102135,0.34451124489515805
0.08335857142857142,35.0,0.12263652008741978,0.3799804089094138
0.084065,35.0,0.12360214532989697,0.4299710919534622
0.08477142857142857,35.0,0.12456395715959634,0.48697353385415915
0.08547785714285713,35.0,0.12552056708493362,0.5456606636583521
0.08618428571428571,35.0,0.12646955052568196,0.6080397400163572
0.08689071428571428,35.0,0.12741082441991725,0.6824496423067125
0.08759714285714285,35.0,0.12834459815817773,0.7734711305714734
0.08830357142857143,35.0,0.12927075644230623,0.8755831580050641
0.08900999999999999,35.0,0.13018982767581136,0.9789157197593421
0.08971642857142857,35.0,0.13110192173754104,1.0751195013856594
0.09042285714285714,35.0,0.13200775813802668,1.1581806344247747
0.0911292857142857,35.0,0.1329063617319779,1.228282277322735
0.09183571428571428,35.0,0.13379195468853206,1.2919421555260742
0.09254214285714285,35.0,0.13465935586576702,1.353902345504418
0.09324857142857143,35.0,0.13550822070228105,1.411484485613002
0.093955,35.0,0.13634039258228156,1.4574641305076301
0.09466142857142856,35.0,0.1371566833105283,1.4851972585721003
0.09536785714285714,35.0,0.13795708171512078,1.4919463360224374
0.09607428571428571,35.0,0.13874320102013316,1.4816730527161739
0.09678071428571428,35.0,0.13951596425735496,1.4645590528864896
0.09748714285714286,35.0,0.1402725497150405,1.44864048322085
0.09819357142857142,35.0,0.14100947818768522,1.4332991789190794
0.09889999999999999,35.0,0.14172407169605122,1.4134532386907954
0.09960642857142857,35.0,0.14241286046954796,1.3856806785821478
0.10031285714285713,35.0,0.14307300507321186,1.3487177865335713
0.10101928571428571,35.0,0.14370451938946704,1.3058531032895044
0.10172571428571428,35.0,0.14430987380462376,1.2665226700801866
0.10243214285714285,35.0,0.1448913600866721,1.2385734038320932
0.10313857142857143,35.0,0.14544719553565097,1.2201798509037887
0.10384499999999999,35.0,0.1459714787439341,1.2032835492519862
0.10455142857142857,35.0,0.1464606244418713,1.181500023143012
0.10525785714285714,35.0,0.14691525292535887,1.1526983015727088
0.1059642857142857,35.0,0.1473354232107531,1.118613587575641
0.10667071428571429,35.0,0.14772161871886139,1.0850516201779592
0.10737714285714285,35.0,0.14807751798364877,1.05751987135507
0.10808357142857142,35.0,0.1484065527093653,1.0334762627038003
0.10879,35.0,0.148709844209508,1.0056115310291507
0.10949642857142856,35.0,0.1489877809846113,0.968635107720676
0.11020285714285713,35.0,0.14924074380893998,0.9208393753238246
0.11090928571428571,35.0,0.14946828750835864,0.8652327635116291
0.11161571428571428,35.0,0.14966791359985493,0.8099081464150512
0.11232214285714286,35.0,0.1498379893786293,0.7622151610606274
0.11302857142857142,35.0,0.14998080004829142,0.7214731234840591
0.11373499999999999,35.0,0.1500999299926831,0.6823049054013864
0.11444142857142857,35.0,0.15019806495383653,0.6418650925266897
0.11514785714285714,35.0,0.1502753671343288,0.6010823870397072
0.11585428571428572,35.0,0.1503302508232077,0.564065281867077
0.11656071428571428,35.0,0.15036357892556576,0.5385570599774983
0.11726714285714285,35.0,0.15037631965371537,0.531598392891346
0.11797357142857143,35.0,0.15036685284398602,0.542532490393582
0.11868,35.0,0.1503355282870771,0.5644046387096939
0.11938642857142856,35.0,0.15028585345922704,0.5919393537316143
0.12009285714285714,35.0,0.15022053873624586,0.6237094869309544
0.1207992857142857,35.0,0.15014182878072044,0.661476194691889
0.12150571428571427,35.0,0.15005381057693878,0.7105750766940349
0.12221214285714285,35.0,0.149959095693952,0.7752334049769427
0.12291857142857142,35.0,0.14985545617809923,0.851338471761172
0.123625,35.0,0.14973829173418352,0.9293570403552838
0.12433142857142856,35.0,0.14960486661606048,1.0023995351281123
0.12503785714285715,35.0,0.14945613840907912,1.0679270177571627
0.1257442857142857,35.0,0.14929429302252,1.1265973346653426
0.12645071428571428,35.0,0.14911995175737564,1.1826643738627505
0.12715714285714286,35.0,0.14893305002729632,1.2408566533277208
0.1278635714285714,35.0,0.14873336342296192,1.299256805192956
0.12857,35.0,0.14851973550955816,1.3501268843235383
0.12927642857142857,35.0,0.14828970730644203,1.3880255441263563
0.12998285714285712,35.0,0.14804024150240877,1.412918840524272
0.1306892857142857,35.0,0.14777079513477262,1.4282849673030706
0.13139571428571428,35.0,0.14748234784836528,1.4406252293923103
0.13210214285714286,35.0,0.14717444001237068,1.4559488481198073
0.13280857142857141,35.0,0.1468490669530505,1.4742296807890136
0.133515,35.0,0.14651078322837774,1.4901976129642476
0.13422142857142857,35.0,0.14616035242288666,1.5000514263908586
0.13492785714285713,35.0,0.1457948727195541,1.5036143740898935
0.1356342857142857,35.0,0.14541118717396115,1.5033734004968382
0.1363407142857143,35.0,0.14500746175461002,1.5048717884519591
0.13704714285714284,35.0,0.14458372830307867,1.5131377992792747
0.13775357142857142,35.0,0.1441397034197674,1.526431019616905
0.13846,35.0,0.1436744324056945,1.5365436026448271
0.13916642857142855,35.0,0.14318857130844292,1.5374200356591619
0.13987285714285713,35.0,0.14268370792974056,1.528828802366611
0.1405792857142857,35.0,0.14215989395897452,1.512313032205804
0.1412857142857143,35.0,0.1416159407227273,1.4912386400848614
0.14199214285714284,35.0,0.1410513983633208,1.4696633642466155
0.14269857142857142,35.0,0.14046562744801278,1.4459059122902287
0.143405,35.0,0.1398564790820185,1.413047581200674
0.14411142857142856,35.0,0.1392234810522524,1.365871152404686
0.14481785714285714,35.0,0.13857116292962557,1.305541204675835
0.14552428571428572,35.0,0.1379056917625015,1.2371111646142072
0.14623071428571427,35.0,0.13722905849485395,1.1669720515350872
0.14693714285714285,35.0,0.13654085607947386,1.1012173247067671
0.14764357142857143,35.0,0.13584153387849668,1.0406541747002789
0.14834999999999998,35.0,0.13513025911332233,0.9805902211798159
0.14905642857142856,35.0,0.1344058199418226,0.9183401320952078
0.14976285714285714,35.0,0.13366833148828103,0.8567137750884509
0.1504692857142857,35.0,0.1329183139311234,0.8010261516779688
0.15117571428571427,35.0,0.13215815325644958,0.7574779722021644
0.15188214285714285,35.0,0.1313906508711563,0.7315085966602566
0.1525885714285714,35.0,0.13061643012605922,0.7232556718599309
0.153295,35.0,0.12983639797746677,0.7265387835286788
0.15400142857142857,35.0,0.12905129033404325,0.7355725426100714
0.15470785714285715,35.0,0.12825897971644834,0.7502687855822603
0.1554142857142857,35.0,0.12745687996818955,0.7737023696318744
0.15612071428571428,35.0,0.12664590575888102,0.8091073257713808
0.15682714285714286,35.0,0.12583056535011305,0.8585889656294665
0.1575335714285714,35.0,0.12501440048062698,0.9198013148804929
0.15824,35.0,0.12419789332386987,0.9853353092962799
0.15894642857142857,35.0,0.12338188756549348,1.0478498892334924
0.15965285714285712,35.0,0.12256772188098042,1.105755295603217
0.1603592857142857,35.0,0.12175439546436218,1.1618263418912917
0.16106571428571428,35.0,0.12093986830169652,1.2194069929477596
0.16177214285714284,35.0,0.12012291043279526,1.280790062510451
0.16247857142857142,35.0,0.1193025017758345,1.344825319564562
0.163185,35.0,0.11847798020238344,1.405607299373411
0.16389142857142858,35.0,0.11764945103678931,1.4570249947604947
0.16459785714285713,35.0,0.11681797994444984,1.4987212893064559
0.1653042857142857,35.0,0.11598593724611966,1.5357682268604844
0.1660107142857143,35.0,0.1151537999180509,1.5730705447868059
0.16671714285714284,35.0,0.1143173917359343,1.6124761483223595
0.16742357142857142,35.0,0.11347342589310946,1.6534753934943014
0.16813,35.0,0.11262298181261023,1.6916882978868744
0.16883642857142855,35.0,0.11176702191609225,1.7209433155483889
0.16954285714285713,35.0,0.11090609867791969,1.738717565201372
0.17024928571428571,35.0,0.11004239572212404,1.7487029370150236
0.17095571428571427,35.0,0.10917863367480615,1.7560729672208322
0.17166214285714285,35.0,0.10831644341775765,1.7616468436088741
0.17236857142857143,35.0,0.10745482368637198,1.7632751074618727
0.17307499999999998,35.0,0.10659216908221218,1.7562535481995174
0.17378142857142856,35.0,0.10572740952055167,1.7343285785164504
0.17448785714285714,35.0,0.10485829282374243,1.6947614178065904
0.1751942857142857,35.0,0.10398341540060584,1.641105225475964
0.17590071428571427,35.0,0.10310402130897742,1.5798417743797302
0.17660714285714285,35.0,0.10222302913623729,1.514378365077235
0.17731357142857143,35.0,0.10134341644308749,1.4447470002156544
0.17801999999999998,35.0,0.10046489511852992,1.369691375970568
0.17872642857142856,35.0,0.09958440303951256,1.286448938364719
0.17943285714285714,35.0,0.09870146449357012,1.1943937857467524
0.1801392857142857,35.0,0.09781769482743198,1.099634748839488
0.18084571428571428,35.0,0.09693306081339753,1.0115584478016257
0.18155214285714286,35.0,0.09604845745413312,0.9361756618864144
0.1822585714285714,35.0,0.09516746978498215,0.8748423211316193
0.182965,35.0,0.09429305028087376,0.8262883607512405
0.18367142857142857,35.0,0.09342663151131463,0.788846425014465
0.18437785714285712,35.0,0.09256962320675863,0.761408052121253
0.1850842857142857,35.0,0.09172291957674243,0.7458076644956033
0.18579071428571428,35.0,0.09088591971524555,0.7476707162074541
0.18649714285714286,35.0,0.09005630482048918,0.7711589998760321
0.1872035714285714,35.0,0.08923179297918339,0.8150305764959298
0.18791,35.0,0.08841351995198025,0.873613191435637
0.18861642857142857,35.0,0.08760446573573215,0.9408097942009388
0.18932285714285713,35.0,0.08680579751602997,1.0123712288403048
0.1900292857142857,35.0,0.08601717445297395,1.0862616204667237
0.1907357142857143,35.0,0.0852381993059443,1.1638463495642333
0.19144214285714284,35.0,0.08446953371639952,1.2478503690537028
0.19214857142857142,35.0,0.08371068983049339,1.337469356706286
0.192855,35.0,0.08295894990746801,1.4271873321428161
0.19356142857142855,35.0,0.08221454389088323,1.5105077757942145
0.19426785714285713,35.0,0.08147996894671032,1.583584172675067
0.1949742857142857,35.0,0.08075576576676302,1.6452386228230358
0.19568071428571426,35.0,0.08004361294954897,1.6965182025917331
0.19638714285714284,35.0,0.0793468672095153,1.74156346728186
0.19709357142857142,35.0,0.07866639366743876,1.7836483244998158
0.19779999999999998,35.0,0.07799968455862381,1.8202374449979346
0.19850642857142856,35.0,0.07734281874612284,1.8452284143104705
0.19921285714285714,35.0,0.07669358442595432,1.8545911068707697
0.19991928571428572,35.0,0.0760527979468212,1.8483278253624675
0.20062571428571427,35.0,0.07542172062825486,1.8277615758582157
0.20133214285714285,35.0,0.07480021495236229,1.7957911042963006
0.20203857142857143,35.0,0.07418878064151715,1.75650714616739
0.20274499999999998,35.0,0.07358886678515913,1.7108579777348423
0.20345142857142856,35.0,0.07300006028777194,1.655600742668212
0.20415785714285714,35.0,0.07242017525011588,1.5865521221562737
0.2048642857142857,35.0,0.07184782244454609,1.503292141623832
0.20557071428571427,35.0,0.07128337115437781,1.4091041143211522
0.20627714285714285,35.0,0.07072714316801591,1.3088766051191565
0.2069835714285714,35.0,0.07017922835289381,1.20894254602463
0.20768999999999999,35.0,0.0696427850545033,1.1148267981292632
0.20839642857142857,35.0,0.06912215014462036,1.0281151012493732
0.20910285714285715,35.0,0.06861720987419312,0.9474160843388197
0.2098092857142857,35.0,0.06812532805951789,0.8721061860812164
0.21051571428571428,35.0,0.06764506756737311,0.8054004067115708
0.21122214285714286,35.0,0.06717539399832545,0.752782848649369
0.2119285714285714,35.0,0.06671627801169851,0.7188122477823436
0.212635,35.0,0.06626784821197883,0.7070534047178065
0.21334142857142857,35.0,0.06582970823368989,0.7191366199487265
0.21404785714285712,35.0,0.06540363497596502,0.7517642452861527
0.2147542857142857,35.0,0.06499122518227785,0.7986875820260014
0.21546071428571428,35.0,0.0645916819265942,0.8556972863374365
0.21616714285714284,35.0,0.0642047371030875,0.9224416740585617
0.21687357142857142,35.0,0.06383071121015955,0.9996838442350454
0.21758,35.0,0.063468562774958,1.0862993919809456
0.21828642857142855,35.0,0.06311653687967456,1.1804684799657004
0.21899285714285713,35.0,0.06277521236179366,1.278794530405604
0.2196992857142857,35.0,0.0624483363874729,1.3746714984274857
0.22040571428571426,35.0,0.06213863865747806,1.461221933776039
0.22111214285714284,35.0,0.061845709568065683,1.5357205138846635
0.22181857142857142,35.0,0.0615688404283489,1.5994606999056633
0.222525,35.0,0.06130796149173862,1.653937224962641
0.22323142857142855,35.0,0.061061893931995626,1.7000386357017543
0.22393785714285713,35.0,0.06082890277013272,1.7383672398494596
0.2246442857142857,35.0,0.06060800746258905,1.7667783495561524
0.22535071428571427,35.0,0.06039890022697098,1.7807468501255177
0.22605714285714285,35.0,0.06020275861106213,1.7771394671163345
0.22676357142857143,35.0,0.0600210451320607,1.756880144629234
0.22746999999999998,35.0,0.059853924571600485,1.723751877625817
0.22817642857142856,35.0,0.059702703733060705,1.6809380958458349
0.22888285714285714,35.0,0.05956782772492683,1.629950740174577
0.2295892857142857,35.0,0.05944594480049373,1.5712346448779473
0.23029571428571427,35.0,0.0593350853429092,1.5038664016922778
0.23100214285714285,35.0,0.05923700380268209,1.4255537488564807
0.23170857142857143,35.0,0.059153960580298204,1.3353438553977501
0.23241499999999998,35.0,0.059087274570114326,1.2372863197692652
0.23312142857142856,35.0,0.059037439279336835,1.1381268045967958
0.23382785714285714,35.0,0.05900516237304601,1.0429514125402897
0.2345342857142857,35.0,0.05899073927137045,0.9554295497304162
0.23524071428571428,35.0,0.05899214603932107,0.8781535780716363
0.23594714285714286,35.0,0.05900693654234564,0.8116904868021335
0.2366535714285714,35.0,0.059033815718818196,0.7547733567765037
0.23736,35.0,0.05907182836119277,0.7085052324962844
0.23806642857142857,35.0,0.05912119426894594,0.677739912036879
0.23877285714285712,35.0,0.059182811963226264,0.6667926388117
0.2394792857142857,35.0,0.05925798707438974,0.6771369432048399
0.24018571428571428,35.0,0.05934846528328015,0.7085978566717958
0.24089214285714283,35.0,0.059452883217894784,0.7587882257471744
0.2415985714285714,35.0,0.059567321953766995,0.8222105766957788
0.242305,35.0,0.05969071289702557,0.89296715742893
0.24301142857142854,35.0,0.059824615129119844,0.9679023859717693
0.24371785714285712,35.0,0.05996918054072906,1.0471083840502489
0.2444242857142857,35.0,0.06012441412740355,1.1307901878895124
0.24513071428571429,35.0,0.06029201015707851,1.2168160892336644
0.24583714285714284,35.0,0.06047280127154923,1.3016938428583382
0.24654357142857142,35.0,0.06066623284788016,1.3812735475389994
0.24725,35.0,0.06087079765193783,1.450965421272738
0.24795642857142855,35.0,0.0610843680585922,1.507145219479775
0.24866285714285713,35.0,0.06130571829314102,1.5495771198870594
0.2493692857142857,35.0,0.06153338987942051,1.581644418492432
0.2500757142857143,35.0,0.061766336365436894,1.6059080150826968
0.25078214285714284,35.0,0.062006242043026315,1.6223063969965816
0.2514885714285714,35.0,0.06225557622560748,1.6298255723905144
0.252195,35.0,0.06251528975840578,1.6269004688878914
0.25290142857142855,35.0,0.06278393615581827,1.6107156961983347
0.2536078571428571,35.0,0.0630596831447507,1.5798186800594904
0.2543142857142857,35.0,0.06334358222017934,1.537052144884278
0.25502071428571427,35.0,0.06363637009031978,1.4868714573645765
0.2557271428571428,35.0,0.06393673993404916,1.4310646192158307
0.2564335714285714,35.0,0.06424574672158431,1.369284519791144
0.25714,35.0,0.06456591224788444,1.3012897519720055
0.25784642857142853,35.0,0.0648978065987194,1.2263278053800335
0.25855285714285714,35.0,0.0652415420521469,1.1439181518347619
0.2592592857142857,35.0,0.06559745894891296,1.0563402562100683
0.25996571428571424,35.0,0.06596475355686826,0.9692284577648184
0.26067214285714285,35.0,0.06634158951075181,0.8882547654635276
0.2613785714285714,35.0,0.06672562535322375,0.817031432425825
0.262085,35.0,0.06711583067343367,0.7566641360268332
0.26279142857142856,35.0,0.06751406401493477,0.7071138624362638
0.2634978571428571,35.0,0.06792229818280993,0.6689926515166296
0.2642042857142857,35.0,0.06834009839019801,0.6427554133387045
0.2649107142857143,35.0,0.06876684208731915,0.6304207228675593
0.26561714285714283,35.0,0.06920328083284598,0.635872969908329
0.26632357142857144,35.0,0.06964942325835957,0.6612254406447421
0.26703,35.0,0.0701036092252329,0.7044843328492097
0.26773642857142854,35.0,0.07056432996865444,0.7613327651922727
0.26844285714285715,35.0,0.07103218530280504,0.8277338697218763
0.2691492857142857,35.0,0.0715082033079703,0.8996336054407243
0.26985571428571425,35.0,0.07199169993326662,0.9734624221452242
0.27056214285714286,35.0,0.07248357650947394,1.048593945682019
0.2712685714285714,35.0,0.07298530566158046,1.1259100499627601
0.27197499999999997,35.0,0.07349464214610645,1.203680291469238
0.2726814285714286,35.0,0.074008192572336,1.2769349038129634
0.2733878571428571,35.0,0.07452326409068036,1.341302760978264
0.2740942857142857,35.0,0.07503858514525466,1.3941584076671827
0.2748007142857143,35.0,0.07555513963869327,1.434337354152655
0.27550714285714284,35.0,0.07607307325969508,1.4625588045218672
0.2762135714285714,35.0,0.07659170387199733,1.481816964299378
0.27692,35.0,0.07711218323073123,1.4950047011097622
0.27762642857142855,35.0,0.0776355121482901,1.5018375243672144
0.2783328571428571,35.0,0.07816037051577461,1.500305986645618
0.2790392857142857,35.0,0.07868519637958506,1.4888627319179542
0.27974571428571426,35.0,0.07920986503832213,1.4677492689155385
0.2804521428571428,35.0,0.07973453860852392,1.438420282405738
0.2811585714285714,35.0,0.0802589034496614,1.4033867847623054
0.281865,35.0,0.08078376052637933,1.36561488597841
0.2825714285714286,35.0,0.08131169799214806,1.3262014351262261
0.28327785714285714,35.0,0.08184394940253302,1.2830930258158695
0.2839842857142857,35.0,0.08237849651567698,1.233401751957743
0.2846907142857143,35.0,0.08291301451672592,1.1766412504405444
0.28539714285714285,35.0,0.08344663583945483,1.1147990498836269
0.2861035714285714,35.0,0.08397870606406047,1.0502648113738908
0.28681,35.0,0.08450898438651955,0.9859135860767179
0.28751642857142856,35.0,0.08503749417968995,0.9247580927566906
0.2882228571428571,35.0,0.08556436232885427,0.8675192290952167
0.2889292857142857,35.0,0.0860913835854835,0.8126713000480917
0.2896357142857143,35.0,0.08661966660265387,0.7599814825312045
0.2903421428571428,35.0,0.0871481625905254,0.7127210173400705
0.29104857142857143,35.0,0.0876772964626461,0.6748675071213467
0.291755,35.0,0.08820750642949199,0.649243580100258
0.29246142857142854,35.0,0.08873699317340168,0.638410465278892
0.29316785714285715,35.0,0.08926522336736059,0.6429100366296729
0.2938742857142857,35.0,0.08979382582592349,0.6602808294723419
0.29458071428571425,35.0,0.09032479058786513,0.6879373402316884
0.29528714285714286,35.0,0.09085863220599123,0.7249691514611244
0.2959935714285714,35.0,0.09139396075754411,0.7723166857183016
0.29669999999999996,35.0,0.09192990114963027,0.8300518539969549
0.29740642857142857,35.0,0.09246572749404465,0.896714664815068
0.2981128571428571,35.0,0.09299963371105421,0.9698786627460666
0.2988192857142857,35.0,0.09352990759126593,1.0450635261101697
0.2995257142857143,35.0,0.09405551187647275,1.1168400190238927
0.30023214285714284,35.0,0.09457663697191297,1.1820084908323318
0.3009385714285714,35.0,0.09509440480015906,1.2406060875281764
0.301645,35.0,0.09560921432291475,1.2934700426036045
0.30235142857142855,35.0,0.09612103419641323,1.3401726581631608
0.3030578571428571,35.0,0.0966305414132185,1.3794054295655767
0.3037642857142857,35.0,0.09713673601409857,1.4094640238127594
0.30447071428571426,35.0,0.09763652867538045,1.4282765350556141
0.3051771428571428,35.0,0.09812963871204403,1.43486526494586
0.3058835714285714,35.0,0.09861831308129043,1.4312439699504147
0.30659,35.0,0.09910319485716727,1.4215078573052637
0.3072964285714286,35.0,0.09958422045109844,1.4084953070703656
0.30800285714285713,35.0,0.10006160544753098,1.3925042687574811
0.3087092857142857,35.0,0.10053503640602564,1.3727742531918887
0.3094157142857143,35.0,0.10100388577693109,1.3490350862157934
0.31012214285714285,35.0,0.10146639161794553,1.320608882711801
0.3108285714285714,35.0,0.10192073719988774,1.288282133114576
0.311535,35.0,0.1023668573048156,1.2550231315101732
0.31224142857142856,35.0,0.10280475667474934,1.2230608792039164
0.3129478571428571,35.0,0.1032345519065851,1.1916387702946407
0.3136542857142857,35.0,0.10365736969828783,1.1585835899174375
0.31436071428571427,35.0,0.10407461998865802,1.1228586976738453
0.3150671428571428,35.0,0.104487142473542,1.0833793783077252
0.31577357142857143,35.0,0.10489331205675206,1.0399761636891862
0.31648,35.0,0.10529127783322038,0.9951791839171628
0.31718642857142854,35.0,0.10568233813459305,0.9521001890006032
0.31789285714285714,35.0,0.10606750709371393,0.9113241858516337
0.3185992857142857,35.0,0.10644590275378779,0.8715233364201322
0.31930571428571425,35.0,0.1068180770089822,0.8323953393158485
0.32001214285714286,35.0,0.10718543943434347,0.795136784243605
0.3207185714285714,35.0,0.10754810467808668,0.7612144838903961
0.32142499999999996,35.0,0.1079055851033793,0.7336662325361998
0.32213142857142857,35.0,0.1082571317364797,0.7161180701841338
0.3228378571428571,35.0,0.10860145592759554,0.7099384021525106
0.3235442857142857,35.0,0.10893741214131629,0.7141908174823705
0.3242507142857143,35.0,0.10926403194740171,0.7270179082395853
0.32495714285714283,35.0,0.10958096435083185,0.7480115852981504
0.3256635714285714,35.0,0.10989013074139717,0.7776670643979835
0.32637,35.0,0.11019360256362765,0.8164342405630508
0.32707642857142855,35.0,0.11049099643303464,0.8650784687989083
0.32778285714285715,35.0,0.1107812355655683,0.9225959085645982
0.3284892857142857,35.0,0.11106390793703391,0.985363542385593
0.32919571428571426,35.0,0.11133924513173062,1.0492877756362318
0.32990214285714287,35.0,0.11160673181065296,1.1113748354765045
0.3306085714285714,35.0,0.11186521686884883,1.1704534344621653
0.33131499999999997,35.0,0.11211580657195115,1.2259578810452743
0.3320214285714286,35.0,0.11235983730693021,1.2774541930132597
0.33272785714285713,35.0,0.11259680648466297,1.3244416509175625
0.3334342857142857,35.0,0.1128268316822168,1.3650011562103155
0.3341407142857143,35.0,0.11304973237779202,1.3958459292895935
0.33484714285714284,35.0,0.11326383488921132,1.4155403042553603
0.3355535714285714,35.0,0.11346769480700301,1.4255638200789367
0.33626,35.0,0.11366002129771346,1.427963833564611
0.33696642857142856,35.0,0.11384076599202161,1.424397374452599
0.3376728571428571,35.0,0.11401215836869943,1.4164819858968873
0.3383792857142857,35.0,0.11417530836898165,1.405100688494353
0.33908571428571427,35.0,0.11432949635673281,1.3888591985051546
0.3397921428571428,35.0,0.11447511242698427,1.3672788543511694
0.34049857142857143,35.0,0.11461331930496522,1.342708823763699
0.341205,35.0,0.11474391327185329,1.3175898761604743
0.34191142857142853,35.0,0.11486583160027247,1.2931633183714557
0.34261785714285714,35.0,0.11497915948135613,1.2700280202275764
0.3433242857142857,35.0,0.11508479942533673,1.2478781646664765
0.34403071428571425,35.0,0.11518302077693082,1.2245008208891879
0.34473714285714285,35.0,0.115273991392779,1.1978493267049115
0.3454435714285714,35.0,0.11535894862574475,1.1688747244726803
0.34614999999999996,35.0,0.11543874095101962,1.1393141739926802
0.34685642857142857,35.0,0.11551175794551971,1.109527833045585
0.3475628571428571,35.0,0.11557602262637119,1.0792914498899735
0.34826928571428567,35.0,0.11563081978007747,1.048151667957469
0.3489757142857143,35.0,0.11567600672753145,1.0150129423331071
0.34968214285714283,35.0,0.11571257778070201,0.9787713458321508
0.3503885714285714,35.0,0.11574089292564944,0.940683479117985
0.351095,35.0,0.11576076713192754,0.9041379307987137
0.35180142857142854,35.0,0.11577416321806436,0.8716173255623975
0.35250785714285715,35.0,0.1157819670542075,0.8443837530825655
0.3532142857142857,35.0,0.11578278401025115,0.8229967080058165
0.35392071428571426,35.0,0.11577635593792329,0.8074120793964872
0.35462714285714286,35.0,0.11576279953473687,0.7977784538405943
0.3553335714285714,35.0,0.11574151104030234,0.7949348376385209
0.35603999999999997,35.0,0.11571237834252175,0.8015911472215212
0.3567464285714286,35.0,0.1156764220998723,0.8195732790088984
0.3574528571428571,35.0,0.11563517427129288,0.8485396331058678
0.3581592857142857,35.0,0.11558871179859431,0.8871126461692281
0.3588657142857143,35.0,0.11553530376841284,0.9329594750389977
0.35957214285714284,35.0,0.11547346953736708,0.9836241867201034
0.3602785714285714,35.0,0.11540264756672791,1.0374176858751318
0.360985,35.0,0.11532250545618232,1.0940373373207175
0.36169142857142855,35.0,0.1152328189349301,1.153453351152671
0.3623978571428571,35.0,0.11513328583347059,1.2136270134459608
0.3631042857142857,35.0,0.11502446373650942,1.2709980954378148
0.36381071428571427,35.0,0.11490801350493599,1.3230507216150118
0.3645171428571428,35.0,0.11478433492012187,1.3679447799995967
0.3652235714285714,35.0,0.11465276090411777,1.4041129634999274
0.36593,35.0,0.11451399165768512,1.4321314980847584
0.36663642857142853,35.0,0.11436821994213724,1.45368274262979
0.36734285714285714,35.0,0.11421360793000826,1.4690525598055861
0.3680492857142857,35.0,0.11405025040516155,1.4770232321822276
0.36875571428571424,35.0,0.11388021130796828,1.4769269947670447
0.36946214285714285,35.0,0.11370436183019117,1.4696890153662048
0.3701685714285714,35.0,0.11352298125446657,1.456151202757782
0.37087499999999995,35.0,0.11333571120466172,1.4382184830875706
0.37158142857142856,35.0,0.11314226838826481,1.4188734462267887
0.3722878571428571,35.0,0.11294299350415483,1.3995058599935166
0.3729942857142857,35.0,0.11273697372214007,1.3792862644440644
0.3737007142857143,35.0,0.11252336482584975,1.3570401647311174
0.3744071428571428,35.0,0.11230267412745293,1.3329402828665489
0.37511357142857144,35.0,0.11207594441029659,1.3072920943781416
0.37582,35.0,0.11184451830273347,1.28052251780774
0.37652642857142854,35.0,0.11160923633607171,1.254152387381748
0.37723285714285715,35.0,0.11137107061393473,1.2288495976483425
0.3779392857142857,35.0,0.11113114078759946,1.20299927584776
0.37864571428571425,35.0,0.11088826277710007,1.1743162248998082
0.37935214285714286,35.0,0.11064075748482026,1.1421526765332084
0.3800585714285714,35.0,0.11038970572178501,1.1074126947322653
0.38076499999999996,35.0,0.11013659275237762,1.0711188565869363
0.3814714285714286,35.0,0.10988134129271693,1.0349803860579365
0.3821778571428571,35.0,0.10962415033117186,1.0009019824595573
0.3828842857142857,35.0,0.10936556414031522,0.9690722752452032
0.3835907142857143,35.0,0.10910529764063338,0.938971297372595
0.38429714285714284,35.0,0.10884291826676175,0.9111224231394546
0.3850035714285714,35.0,0.10857753479535961,0.8874708617474251
0.38571,35.0,0.1083078987687914,0.8703959090392314
0.38641642857142855,35.0,0.1080341859997016,0.8619846239236261
0.3871228571428571,35.0,0.10775671009093807,0.8640991403658407
0.3878292857142857,35.0,0.10747531746150198,0.8768177916400772
0.38853571428571426,35.0,0.10719125645758681,0.8986896696909655
0.3892421428571428,35.0,0.10690593954104094,0.9285570119097386
0.3899485714285714,35.0,0.10661924138374254,0.9661613677026172
0.390655,35.0,0.10632988396286086,1.0117960611045298
0.3913614285714285,35.0,0.10603693994735953,1.0647178726649185
0.39206785714285713,35.0,0.10574120653872929,1.1234599297146572
0.3927742857142857,35.0,0.10544279476100535,1.1860911284623121
0.39348071428571424,35.0,0.10514044006271345,1.2491542142986214
0.39418714285714285,35.0,0.10483473978640759,1.3087520500703487
0.3948935714285714,35.0,0.10452659255866603,1.3630788808741339
0.39559999999999995,35.0,0.10421560380718531,1.4120862047724574
0.39630642857142856,35.0,0.10390171006062875,1.4551965434718226
0.3970128571428571,35.0,0.10358417841777859,1.4913062941991937
0.3977192857142857,35.0,0.10326201104840829,1.519272771144729
0.39842571428571427,35.0,0.10293495538476362,1.538057749053048
0.3991321428571428,35.0,0.10260238540733543,1.5463310730617226
0.39983857142857143,35.0,0.10226459567688183,1.5440407061206196
0.400545,35.0,0.10192396965118662,1.5339108735540223
0.40125142857142854,35.0,0.10158226586221811,1.5183658869518457
0.40195785714285714,35.0,0.1012390325145545,1.4984752301106214
0.4026642857142857,35.0,0.10089415345037171,1.4749896523727786
0.40337071428571425,35.0,0.10054865334052415,1.4485146109389633
0.40407714285714286,35.0,0.10020274808847866,1.4188725245904799
0.4047835714285714,35.0,0.09985596225843814,1.3860172078631874
0.40548999999999996,35.0,0.09950844451701084,1.3519632387167941
0.40619642857142857,35.0,0.09916147135173795,1.3188625261490312
0.4069028571428571,35.0,0.09881618548905584,1.2870736235264184
0.4076092857142857,35.0,0.09847256679009707,1.2558776886517518
0.4083157142857143,35.0,0.09813118568724273,1.2245859084263873
0.40902214285714283,35.0,0.09779250771024371,1.1923286820189447
0.4097285714285714,35.0,0.09745541399776322,1.1581578700325834
0.410435,35.0,0.09711917865864929,1.1225973221465255
0.41114142857142855,35.0,0.09678351812880542,1.0874820001422598
0.4118478571428571,35.0,0.09644893909090727,1.0540705325932578
0.4125542857142857,35.0,0.09611755503334989,1.0225794792908762
0.41326071428571426,35.0,0.09578984693880824,0.9927415626931639
0.4139671428571428,35.0,0.09546520564499629,0.9647835944711476
0.4146735714285714,35.0,0.09514496937046424,0.9398668663892978
0.41537999999999997,35.0,0.09482987733736022,0.919517066075352
0.4160864285714285,35.0,0.09451891343080053,0.9061359598498714
0.41679285714285713,35.0,0.09421158851428904,0.9021887240143421
0.4174992857142857,35.0,0.09390794714171075,0.9085850606326261
0.4182057142857143,35.0,0.09360798127000058,0.9246259828336784
0.41891214285714284,35.0,0.0933115568514783,0.9495526668831283
0.4196185714285714,35.0,0.09301880766138862,0.9833329332408507
0.420325,35.0,0.09273049020748234,1.0254104892567817
0.42103142857142856,35.0,0.09244647136435855,1.075075328728261
0.4217378571428571,35.0,0.09216531007988296,1.1323446073095265
0.4224442857142857,35.0,0.09188552295261133,1.195577078274356
0.42315071428571427,35.0,0.09160644060428424,1.2610495205068326
0.4238571428571428,35.0,0.09132824933354972,1.3250440903023568
0.42456357142857143,35.0,0.09105123413909803,1.3852399406406704
0.42527,35.0,0.09077523176439768,1.439688652958247
0.42597642857142853,35.0,0.09050035458964217,1.4866638276366178
0.42668285714285714,35.0,0.09022812037349066,1.5254462737288212
0.4273892857142857,35.0,0.0899588417173424,1.5557185904252817
0.42809571428571425,35.0,0.08969091972580547,1.5761016618497212
0.42880214285714285,35.0,0.08942450334500486,1.584507382155967
0.4295085714285714,35.0,0.08915970265732161,1.5808684861515956
0.43021499999999996,35.0,0.08889532947213534,1.56645021071519
0.43092142857142857,35.0,0.08863177952288866,1.5429614800602822
0.4316278571428571,35.0,0.08837025869792833,1.5126783801663095
0.43233428571428567,35.0,0.08811166558777293,1.4779137205331454
0.4330407142857143,35.0,0.08785627371079652,1.4400077755337375
0.43374714285714283,35.0,0.08760302917964767,1.3992280438364022
0.4344535714285714,35.0,0.08735136108724678,1.3559379133270133
0.43516,35.0,0.08710182007675558,1.3114818577124263
0.43586642857142854,35.0,0.08685451740993753,1.2677696090600816
0.4365728571428571,35.0,0.08660943159075186,1.2261217038286163
0.4372792857142857,35.0,0.08636712240554549,1.1870749058438235
0.43798571428571426,35.0,0.08612899762952883,1.1509990843263462
0.4386921428571428,35.0,0.08589662463791163,1.117326799970634
0.4393985714285714,35.0,0.08567004246347647,1.0846050402422813
0.44010499999999997,35.0,0.08544927405509418,1.0523359457343506
0.4408114285714285,35.0,0.08523531742721234,1.0217333839629554
0.44151785714285713,35.0,0.08502759883849062,0.994251664368319
0.4422242857142857,35.0,0.08482475644604073,0.9702270932250713
0.4429307142857143,35.0,0.08462759020790883,0.9500716133644399
0.44363714285714284,35.0,0.08443756843203305,0.9347312975683048
0.4443435714285714,35.0,0.08425469148840253,0.9241029360616109
0.44505,35.0,0.08407880414635245,0.9181174869110686
0.44575642857142855,35.0,0.08390983656315604,0.9184133478353217
0.4464628571428571,35.0,0.0837474420030638,0.9271247083553322
0.4471692857142857,35.0,0.08359176941802623,0.9455377252841862
0.44787571428571427,35.0,0.08344202754235797,0.9735037707155123
0.4485821428571428,35.0,0.08329709556488134,1.010725290163162
0.4492885714285714,35.0,0.08315776285308554,1.0560233270522223
0.449995,35.0,0.08302465466782252,1.1072559990362534
0.45070142857142853,35.0,0.08289780149161492,1.1630060121617545
0.45140785714285714,35.0,0.08277788928696227,1.222453882692949
0.4521142857142857,35.0,0.08266541053532839,1.2844491412463948
0.45282071428571424,35.0,0.08256021943057516,1.3464806289190543
0.45352714285714285,35.0,0.08246061330142344,1.405295224995023
0.4542335714285714,35.0,0.08236516741114447,1.4581121999405309
0.45493999999999996,35.0,0.08227472570179176,1.5022492819549569
0.45564642857142856,35.0,0.08218931094419607,1.5352935226955853
0.4563528571428571,35.0,0.08210798431289416,1.5565106568385656
0.45705928571428567,35.0,0.08203101135485502,1.5664998718838585
0.4577657142857143,35.0,0.08195852288949962,1.5656689869990534
0.45847214285714283,35.0,0.081890051450646,1.5538299493628975
0.4591785714285714,35.0,0.08182521468653367,1.5310742250431684
0.459885,35.0,0.08176301494930274,1.498358054244931
0.46059142857142854,35.0,0.08170272346706588,1.4574521966542113
0.4612978571428571,35.0,0.08164491403581944,1.4101766347168323
0.4620042857142857,35.0,0.08158980186114836,1.359382865368279
0.46271071428571425,35.0,0.08153759624277622,1.3082830054133998
0.46341714285714286,35.0,0.08149000336145598,1.2586300072080878
0.4641235714285714,35.0,0.08144811587032683,1.210747913491233
0.46482999999999997,35.0,0.08141106019817207,1.165133764286466
0.4655364285714286,35.0,0.08137811438806655,1.1227750151679454
0.4662428571428571,35.0,0.08134952536264721,1.0838457838454005
0.4669492857142857,35.0,0.08132561672281419,1.0489984071235907
0.4676557142857143,35.0,0.0813062392097619,1.0192765105878012
0.46836214285714284,35.0,0.08129095069871659,0.9948701426494214
0.4690685714285714,35.0,0.08128042868331337,0.9745779591417221
0.469775,35.0,0.08127538876144641,0.9570288635332952
0.47048142857142855,35.0,0.08127535571419182,0.9421483411010733
0.4711878571428571,35.0,0.08128036416730826,0.9302365168441552
0.4718942857142857,35.0,0.0812900926149565,0.9215332247321238
0.47260071428571426,35.0,0.08130380232746733,0.9172055485310349
0.4733071428571428,35.0,0.08132173220208938,0.9185599528910897
0.4740135714285714,35.0,0.08134353916300215,0.9260515641369296
0.47472,35.0,0.0813696524336062,0.9393411777856255
0.4754264285714285,35.0,0.08140220779535366,0.9581678499576789
0.47613285714285714,35.0,0.08144143406535274,0.9833485248980038
0.4768392857142857,35.0,0.0814863893216619,1.0154710200432224
0.47754571428571424,35.0,0.08153751627827484,1.054586316605476
0.47825214285714285,35.0,0.08159512671955067,1.1005858083668802
0.4789585714285714,35.0,0.08165845164531682,1.1524427700208373
0.47966499999999995,35.0,0.08172663814771768,1.208019697621253
0.48037142857142856,35.0,0.08179956378076143,1.264405534135653
0.4810778571428571,35.0,0.08187755048719936,1.319002469256371
0.48178428571428566,35.0,0.08196071642216239,1.3705463634783706
0.4824907142857143,35.0,0.08204887421316275,1.4172023893877796
0.4831971428571428,35.0,0.08214191554386938,1.4570256282141207
0.4839035714285714,35.0,0.08223963749811938,1.4885155828726317
0.48461,35.0,0.0823409174182288,1.510036612473837
0.48531642857142854,35.0,0.08244469802570843,1.5196123495520213
0.4860228571428571,35.0,0.08255080727775069,1.515938864797769
0.4867292857142857,35.0,0.0826598786364102,1.4999886764673618
0.48743571428571425,35.0,0.0827730637226583,1.473682202658227
0.48814214285714286,35.0,0.08289008018542038,1.4384168609711163
0.4888485714285714,35.0,0.0830104750803039,1.3957883679070082
0.48955499999999996,35.0,0.08313557231622465,1.3482510853005896
0.49026142857142857,35.0,0.0832652092357995,1.2973085706718999
0.4909678571428571,35.0,0.08339771359823264,1.2440399404328784
0.4916742857142857,35.0,0.08353313183923508,1.19058153488025
0.4923807142857143,35.0,0.0836715951074053,1.1396554503027463
0.49308714285714283,35.0,0.08381262725477079,1.0934056035326338
0.4937935714285714,35.0,0.08395658062215708,1.0529264324206629
0.4945,35.0,0.08410371019493192,1.0187865918912975
0.49520642857142855,35.0,0.08425432580760607,0.9907950232737004
0.4959128571428571,35.0,0.08440830094723464,0.9681762008767322
0.4966192857142857,35.0,0.0845642657031568,0.9502813303597978
0.49732571428571426,35.0,0.08472155901032274,0.9366915672302971
0.4980321428571428,35.0,0.08488050454113343,0.92793379008207
0.4987385714285714,35.0,0.08504144861934627,0.9237506823352057
0.499445,35.0,0.08520438362874715,0.9230424824788445
0.5001514285714286,35.0,0.0853690958430626,0.9251687703238792
0.5008578571428571,35.0,0.08553635187922526,0.9296359381674373
0.5015642857142857,35.0,0.08570701594832308,0.9361784369394353
0.5022707142857142,35.0,0.0858803853161655,0.9448223129833203
0.5029771428571428,35.0,0.08605560830582923,0.9569599130532574
0.5036835714285715,35.0,0.08623298644209723,0.9740955650247808
0.50439,35.0,0.08641206027744504,0.996177873712038
0.5050964285714286,35.0,0.08659161206567301,1.0227401981064226
0.5058028571428571,35.0,0.08677222167164249,1.053909992460767
0.5065092857142857,35.0,0.08695478537715683,1.0893608725519617
0.5072157142857142,35.0,0.08713905535488303,1.1284655807146744
0.5079221428571429,35.0,0.08732497850101671,1.1706978124096103
0.5086285714285714,35.0,0.0875118303067302,1.2159662319354756
0.509335,35.0,0.08769907088303984,1.2630756379918306
0.5100414285714285,35.0,0.08788728977489271,1.3092106113451272
0.5107478571428571,35.0,0.08807596111095359,1.3521280655984718
0.5114542857142856,35.0,0.08826454427552471,1.3898125011114049
0.5121607142857143,35.0,0.08845387132080083,1.4202103911073176
0.5128671428571429,35.0,0.08864474910531726,1.4421676926394242
0.5135735714285714,35.0,0.08883750776796921,1.455167784896593
0.51428,35.0,0.08903194066316679,1.4588211173787817
0.5149864285714285,35.0,0.08922793909494883,1.4524163433312949
0.5156928571428571,35.0,0.08942555165894242,1.4352058718971619
0.5163992857142857,35.0,0.08962356955265477,1.407630042974965
0.5171057142857143,35.0,0.08982113702266895,1.3710374860405345
0.5178121428571428,35.0,0.09001934520084749,1.327262562262738
0.5185185714285714,35.0,0.0902186720779845,1.2786853087193923
0.5192249999999999,35.0,0.09041878431654121,1.2278881610711085
0.5199314285714285,35.0,0.09061984767154536,1.17705218391022
0.5206378571428572,35.0,0.09082162875381056,1.1275207461706993
0.5213442857142857,35.0,0.09102402185837374,1.0801221585948324
0.5220507142857143,35.0,0.0912271699841005,1.0367980106835166
0.5227571428571428,35.0,0.09143038625187491,0.9993528839609306
0.5234635714285714,35.0,0.09163325719459842,0.9685626000410327
0.52417,35.0,0.09183681484348508,0.9451016203814002
0.5248764285714286,35.0,0.09204158480361974,0.9293103940487523
0.5255828571428571,35.0,0.09224713762743021,0.9204199998194473
0.5262892857142857,35.0,0.09245418134474583,0.9165902354774429
0.5269957142857142,35.0,0.09266300443016809,0.9170340184172098
0.5277021428571428,35.0,0.09287247155025105,0.9214833613888325
0.5284085714285714,35.0,0.09308154307532918,0.9291746131907977
0.529115,35.0,0.09328969036769462,0.9395563013718664
0.5298214285714286,35.0,0.09349730008012615,0.9521898859274139
0.5305278571428571,35.0,0.09370414182650329,0.9664260549345964
0.5312342857142857,35.0,0.09390926833177264,0.9813036433203612
0.5319407142857142,35.0,0.0941130125076562,0.996245993450531
0.5326471428571429,35.0,0.09431550082222064,1.012188693606683
0.5333535714285714,35.0,0.09451624815749364,1.0301712797023255
0.53406,35.0,0.09471507666733746,1.0505883306578478
0.5347664285714285,35.0,0.09491110122816294,1.0739150816719936
0.5354728571428571,35.0,0.09510402488617681,1.1003656845388223
0.5361792857142856,35.0,0.09529449103928991,1.1296291582365021
0.5368857142857143,35.0,0.09548207457448211,1.1608106320026124
0.5375921428571429,35.0,0.09566701517630447,1.1936889603614065
0.5382985714285714,35.0,0.095850862423427,1.2285179289246266
0.539005,35.0,0.09603351614799105,1.26459354468952
0.5397114285714285,35.0,0.09621372080906906,1.3004707373884923
0.5404178571428571,35.0,0.09639126456390718,1.3344369086877501
0.5411242857142857,35.0,0.09656633293150055,1.3645844781287686
0.5418307142857143,35.0,0.09673852645258278,1.3891794724861997
0.5425371428571428,35.0,0.09690737697979877,1.4064837627626714
0.5432435714285714,35.0,0.09707289705282189,1.4158121369680854
0.5439499999999999,35.0,0.09723560773269688,1.4172862710180865
0.5446564285714286,35.0,0.0973959289451711,1.4103287494518775
0.5453628571428571,35.0,0.09755364323650488,1.3943393213972215
0.5460692857142857,35.0,0.09770861197261473,1.3695926170294617
0.5467757142857143,35.0,0.0978608642065633,1.3367242701563808
0.5474821428571428,35.0,0.09801010760458524,1.2966563461267837
0.5481885714285714,35.0,0.09815640615204364,1.2513138136831659
0.548895,35.0,0.09830003418058783,1.2033357501959905
0.5496014285714286,35.0,0.09844180230505627,1.1550952071317946
0.5503078571428571,35.0,0.09858322801368959,1.1077727970864837
0.5510142857142857,35.0,0.0987239326825604,1.0628098159648598
0.5517207142857142,35.0,0.09886319838213158,1.021966008966659
0.5524271428571428,35.0,0.09900213214110223,0.9862407898941657
0.5531335714285714,35.0,0.09914049855137302,0.9567429415157128
0.55384,35.0,0.09927730804886342,0.9346709530024829
0.5545464285714286,35.0,0.0994126739097729,0.9207341703478743
0.5552528571428571,35.0,0.09954651952852965,0.914326882117151
0.5559592857142857,35.0,0.0996789340833383,0.9141063166220514
0.5566657142857142,35.0,0.09981015310459526,0.9192948930364502
0.5573721428571429,35.0,0.09993999381139909,0.9289471975048362
0.5580785714285714,35.0,0.10006844229154552,0.9420880698520023
0.558785,35.0,0.10019528026597725,0.9579695700126215
0.5594914285714285,35.0,0.10031969425878234,0.9761713523627441
0.5601978571428571,35.0,0.10044101402556489,0.9957986373696434
0.5609042857142856,35.0,0.10055934568413978,1.0153612860718584
0.5616107142857143,35.0,0.10067530829626392,1.0344047494094126
0.5623171428571428,35.0,0.10078901085274827,1.052907759085428
0.5630235714285714,35.0,0.10089988866750933,1.0710261084138424
0.56373,35.0,0.10100801726682918,1.0894191096492891
0.5644364285714285,35.0,0.1011140175645917,1.1088774051416657
0.5651428571428572,35.0,0.10121709566106607,1.129873315586857
0.5658492857142857,35.0,0.10131591693534585,1.1522667879588833
0.5665557142857143,35.0,0.10141062448881526,1.1756567291598494
0.5672621428571428,35.0,0.10150103252368899,1.200202929485413
0.5679685714285714,35.0,0.10158645284125489,1.2262578393571735
0.5686749999999999,35.0,0.10166747748887332,1.2536724082046944
0.5693814285714286,35.0,0.10174436295677054,1.2818376486149379
0.5700878571428571,35.0,0.10181701214323893,1.3100937116096543
0.5707942857142857,35.0,0.10188556231854928,1.3372503521787664
0.5715007142857143,35.0,0.10194900012086815,1.3611490007991973
0.5722071428571428,35.0,0.10200699383033972,1.3801853699804236
0.5729135714285714,35.0,0.10206053280509784,1.394000922798612
0.57362,35.0,0.10210963336947998,1.4017720622749636
0.5743264285714286,35.0,0.10215412528472807,1.4025057304342956
0.5750328571428571,35.0,0.1021945386949242,1.3958451922150374
0.5757392857142857,35.0,0.10223162341892304,1.3815807087752823
0.5764457142857142,35.0,0.10226585387009349,1.3592982434238776
0.5771521428571428,35.0,0.10229656599631541,1.3291413091961444
0.5778585714285714,35.0,0.10232359339082439,1.2925717920217001
0.578565,35.0,0.10234746448163969,1.2514640893716056
0.5792714285714285,35.0,0.10236754457259929,1.2073646577904715
0.5799778571428571,35.0,0.10238361787145837,1.1617771886043025
0.5806842857142857,35.0,0.10239671262424176,1.1167842292560595
0.5813907142857142,35.0,0.1024074750413258,1.0736577841452946
0.5820971428571429,35.0,0.10241597006965991,1.0334880380735245
0.5828035714285714,35.0,0.10242235725314239,0.9980424829310125
0.58351,35.0,0.10242654409371804,0.9689878365631961
0.5842164285714285,35.0,0.10242859445597648,0.9473914026271871
0.5849228571428571,35.0,0.10242924621059715,0.9333189676821503
0.5856292857142856,35.0,0.10242811144785757,0.9267266849876263
0.5863357142857143,35.0,0.10242480729274746,0.9270419104272266
0.5870421428571428,35.0,0.10242058539339417,0.9332691428391651
0.5877485714285714,35.0,0.1024158307652309,0.9446031372463547
0.588455,35.0,0.10241018116083846,0.9604173268653069
0.5891614285714285,35.0,0.10240385085233204,0.9801841693754318
0.5898678571428572,35.0,0.10239664461999738,1.002596129652956
0.5905742857142857,35.0,0.10238792581344247,1.0262965359489105
0.5912807142857143,35.0,0.10237676594302961,1.0501312157618459
0.5919871428571428,35.0,0.10236264501258972,1.0733090414648752
0.5926935714285714,35.0,0.10234621809088994,1.095484439173896
0.5933999999999999,35.0,0.10232747170055811,1.1165161027698378
0.5941064285714286,35.0,0.10230584446615372,1.1371534007573512
0.5948128571428571,35.0,0.10228154609117178,1.1577210397834556
0.5955192857142857,35.0,0.10225430189144329,1.1778165536502732
0.5962257142857142,35.0,0.10222396703356279,1.1976575891639434
0.5969321428571428,35.0,0.10219061361020129,1.217724236834384
0.5976385714285714,35.0,0.10215326565223001,1.2380509794239953
0.598345,35.0,0.10211195400568862,1.25878626372163
0.5990514285714286,35.0,0.10206767163084854,1.2805173184708853
0.5997578571428571,35.0,0.10202018829998535,1.3033331593076414
0.6004642857142857,35.0,0.10196937222109762,1.3259999808745326
0.6011707142857142,35.0,0.10191604036817202,1.3473621205256467
0.6018771428571428,35.0,0.10186012272740373,1.3667403630061783
0.6025835714285714,35.0,0.10180049826713641,1.3829851950884648
0.60329,35.0,0.10173680623803927,1.3949949966338098
0.6039964285714285,35.0,0.10166929511272554,1.4021433166877637
0.6047028571428571,35.0,0.10159801084407705,1.4039157827585678
0.6054092857142856,35.0,0.1015230095026038,1.3993588284925937
0.6061157142857142,35.0,0.10144412197144323,1.387409321064824
0.6068221428571429,35.0,0.10136176357117606,1.3679162172355355
0.6075285714285714,35.0,0.10127663281086122,1.341493491152801
0.608235,35.0,0.10118854927996734,1.308829695657544
0.6089414285714285,35.0,0.10109755128703742,1.2710427668169524
0.6096478571428571,35.0,0.10100365410662736,1.229845233968246
0.6103542857142856,35.0,0.1009070367901606,1.1866792908689507
0.6110607142857143,35.0,0.10080846840993754,1.1426179827818113
0.6117671428571428,35.0,0.10070785193681452,1.0992298522302488
0.6124735714285714,35.0,0.10060591011315857,1.0583581543920844
0.61318,35.0,0.10050419387002962,1.0219232713357833
0.6138864285714285,35.0,0.10040217540981523,0.9913271373666209
0.6145928571428572,35.0,0.10029918614093959,0.9676052111410464
0.6152992857142857,35.0,0.10019595486808454,0.9515828707116447
0.6160057142857143,35.0,0.10009243041834327,0.9432414336819218
0.6167121428571428,35.0,0.09998817505106254,0.941984801572905
0.6174185714285714,35.0,0.09988331124621358,0.947283987503288
0.6181249999999999,35.0,0.09977792341328968,0.9590748003184892
0.6188314285714286,35.0,0.09967246142456367,0.9765522651067735
0.6195378571428571,35.0,0.09956728439418441,0.9984732324279794
0.6202442857142857,35.0,0.09946214235113657,1.0237830420185134
0.6209507142857142,35.0,0.09935685932858267,1.0511733903549279
0.6216571428571428,35.0,0.09925136720915162,1.0791743169212062
0.6223635714285713,35.0,0.09914538200890896,1.1064894978297868
0.62307,35.0,0.09903852979982117,1.1329017393515326
0.6237764285714286,35.0,0.09893099630735128,1.1584795918102384
0.6244828571428571,35.0,0.09882344968908803,1.182634909842716
0.6251892857142857,35.0,0.09871618193186255,1.2053928977776573
0.6258957142857142,35.0,0.09860853155328714,1.2268833967356305
0.6266021428571428,35.0,0.09850005170646232,1.246877051966153
0.6273085714285714,35.0,0.09839135642603125,1.2654862067415833
0.628015,35.0,0.09828183932004945,1.2831522900606245
0.6287214285714285,35.0,0.0981704388425735,1.300747178208088
0.6294278571428571,35.0,0.09805756268559651,1.318307875924721
0.6301342857142856,35.0,0.09794307394117129,1.3354187580384578
0.6308407142857142,35.0,0.09782685379884348,1.351907843114228
0.6315471428571429,35.0,0.0977095589675356,1.3671436824202172
0.6322535714285714,35.0,0.09759090611935133,1.3801307935932305
0.63296,35.0,0.09747095844303648,1.3901854119858188
0.6336664285714285,35.0,0.09735005178621592,1.3968973884983902
0.6343728571428571,35.0,0.09722736615200687,1.3997818894456333
0.6350792857142857,35.0,0.09710275579050605,1.3976364927860485
0.6357857142857143,35.0,0.09697696164177565,1.3896468642394624
0.6364921428571428,35.0,0.09685037094310354,1.3755007848331013
0.6371985714285714,35.0,0.09672294574824203,1.354778487729321
0.6379049999999999,35.0,0.09659459091223882,1.3277048638816142
0.6386114285714285,35.0,0.09646593325399538,1.2951803775922488
0.6393178571428572,35.0,0.09633738712584336,1.2584362023715345
0.6400242857142857,35.0,0.09620824442760854,1.2185995660145836
0.6407307142857143,35.0,0.09607817939024,1.1767565405326756
0.6414371428571428,35.0,0.09594766515438376,1.1341402398189468
0.6421435714285714,35.0,0.09581665753516534,1.0925958153150535
0.6428499999999999,35.0,0.09568514238310827,1.053803952249474
0.6435564285714286,35.0,0.09555397962430037,1.0192562663784959
0.6442628571428571,35.0,0.09542365678348376,0.9907640453648545
0.6449692857142857,35.0,0.09529434207025467,0.9696540388567356
0.6456757142857142,35.0,0.09516630678135538,0.9561761509259379
0.6463821428571428,35.0,0.0950390385053325,0.9501661317419176
0.6470885714285713,35.0,0.09491261622184229,0.951785295462451
0.647795,35.0,0.09478809585446929,0.9608939721394958
0.6485014285714286,35.0,0.09466515082103706,0.9765142771008576
0.6492078571428571,35.0,0.09454341160057264,0.9979836725673176
0.6499142857142857,35.0,0.09442388306226468,1.0244390979800446
0.6506207142857142,35.0,0.09430676077037937,1.0544926446979592
0.6513271428571428,35.0,0.09419166953013032,1.0862349244455607
0.6520335714285714,35.0,0.09407832311618289,1.1181993600256386
0.65274,35.0,0.09396634473007064,1.149890864091806
0.6534464285714285,35.0,0.09385570889216759,1.180117561549504
0.6541528571428571,35.0,0.09374574319504454,1.2083315284407405
0.6548592857142856,35.0,0.09363619628798957,1.2344652862967809
0.6555657142857143,35.0,0.0935278914056704,1.2582109665856958
0.6562721428571429,35.0,0.09342080100378879,1.2792379996418821
0.6569785714285714,35.0,0.09331476895168893,1.2973599648387022
0.657685,35.0,0.09320986129476326,1.3130348944703998
0.6583914285714285,35.0,0.09310569494804628,1.3268934027221162
0.6590978571428571,35.0,0.09300253375400636,1.3391108010062245
0.6598042857142857,35.0,0.092900625550526,1.3501062850550676
0.6605107142857143,35.0,0.09279925190842975,1.3599866205348712
0.6612171428571428,35.0,0.09269845224978392,1.3683197893843704
0.6619235714285714,35.0,0.09259920913845955,1.374653692509333
0.6626299999999999,35.0,0.0925014307592741,1.3784017679443985
0.6633364285714285,35.0,0.09240467019552275,1.3794066946018158
0.6640428571428572,35.0,0.09230943316841717,1.377412436086981
0.6647492857142857,35.0,0.09221550503142939,1.371612916325085
0.6654557142857143,35.0,0.09212206240391144,1.3614464603649539
0.6661621428571428,35.0,0.09202894784753742,1.3464409031500502
0.6668685714285714,35.0,0.09193613362616178,1.326224665549508
0.6675749999999999,35.0,0.09184402307837472,1.3005605882995255
0.6682814285714286,35.0,0.09175289974804625,1.2698746730608563
0.6689878571428571,35.0,0.09166250473474569,1.2355637397228034
0.6696942857142857,35.0,0.09157319065380833,1.1984374897419974
0.6704007142857142,35.0,0.09148527295211642,1.159381088292751
0.6711071428571428,35.0,0.09139874747756561,1.119985174943829
0.6718135714285713,35.0,0.09131368517937521,1.0817457349425625
0.67252,35.0,0.09122968254034622,1.0456444693424
0.6732264285714286,35.0,0.0911471224850098,1.0134093847158572
0.6739328571428571,35.0,0.09106697544159781,0.9869630640777195
0.6746392857142857,35.0,0.09098879923565789,0.9674826840658816
0.6753457142857142,35.0,0.09091282974861602,0.9556213413071186
0.6760521428571428,35.0,0.09084008689552034,0.9516557011724878
0.6767585714285714,35.0,0.09076981941310379,0.9557946517059475
0.677465,35.0,0.09070135361941167,0.9673106929892888
0.6781714285714285,35.0,0.09063489462781328,0.9855155014396718
0.6788778571428571,35.0,0.09057040326149073,1.0097293127665323
0.6795842857142856,35.0,0.09050789764420623,1.039059528522356
0.6802907142857143,35.0,0.09044733684546938,1.0721367817505973
0.6809971428571429,35.0,0.09038863661117426,1.107052943101955
0.6817035714285714,35.0,0.09033203677362973,1.1424575190296709
0.68241,35.0,0.09027791100173604,1.1769800887566746
0.6831164285714285,35.0,0.09022592224876956,1.2093557043814713
0.6838228571428571,35.0,0.09017560828847777,1.238907346095982
0.6845292857142857,35.0,0.0901271334123676,1.2650963526071057
0.6852357142857143,35.0,0.09008047665010246,1.2879257648500466
0.6859421428571428,35.0,0.09003556047178637,1.3070491462789624
0.6866485714285714,35.0,0.0899923569012764,1.3220737340159474
0.6873549999999999,35.0,0.08995129728342742,1.3335539882584388
0.6880614285714285,35.0,0.08991297225784432,1.3418595802192093
0.6887678571428572,35.0,0.08987649509276882,1.3474090291270588
0.6894742857142857,35.0,0.08984136407456551,1.3506970069738538
0.6901807142857143,35.0,0.08980832251394988,1.352361663112561
0.6908871428571428,35.0,0.08977688228395847,1.3526303258660446
0.6915935714285714,35.0,0.08974651753020796,1.3509572386711521
0.6922999999999999,35.0,0.0897176905445419,1.3470170747502397
0.6930064285714286,35.0,0.08969030180188263,1.341028976378855
0.6937128571428571,35.0,0.08966470634706217,1.3325168213159342
0.6944192857142857,35.0,0.08964142528553878,1.3210508537023402
0.6951257142857142,35.0,0.08961994759746011,1.3066209661029464
0.6958321428571428,35.0,0.08960035492534939,1.2889945850333187
0.6965385714285713,35.0,0.08958290212902088,1.267690733982707
0.697245,35.0,0.08956704166914142,1.2423041390028557
0.6979514285714286,35.0,0.08955267098870891,1.213357992840414
0.6986578571428571,35.0,0.0895402887927007,1.1816543960438182
0.6993642857142857,35.0,0.08953036409661938,1.1479363292826537
0.7000707142857142,35.0,0.08952280255776407,1.1133899895845438
0.7007771428571428,35.0,0.08951714459193352,1.0794242173670408
0.7014835714285714,35.0,0.08951364119886344,1.0471530945064644
0.70219,35.0,0.08951253014271135,1.017750350682387
0.7028964285714285,35.0,0.0895131644576675,0.9923680463536569
0.7036028571428571,35.0,0.08951518531188658,0.9724349944552919
0.7043092857142856,35.0,0.0895189918707242,0.959242567774011
0.7050157142857143,35.0,0.08952463502215272,0.9533833742091209
0.7057221428571429,35.0,0.08953209809156608,0.9552775838596692
0.7064285714285714,35.0,0.08954194326451974,0.9650206856455597
0.707135,35.0,0.08955398262645986,0.981913399223821
0.7078414285714285,35.0,0.08956809143933617,1.0049816616755194
0.7085478571428571,35.0,0.08958459914109436,1.033231518451299
0.7092542857142857,35.0,0.08960256344644187,1.0657746088196298
0.7099607142857143,35.0,0.08962190430113125,1.1012061186594193
0.7106671428571428,35.0,0.08964350259804316,1.1378771267183543
0.7113735714285714,35.0,0.08966682761220988,1.1743554446907942
0.7120799999999999,35.0,0.0896915289823644,1.209124439322521
0.7127864285714285,35.0,0.08971786613513176,1.2409225116091136
0.7134928571428572,35.0,0.08974581695596504,1.2684780398036501
0.7141992857142857,35.0,0.08977523577397128,1.2915472040363134
0.7149057142857143,35.0,0.08980549433043727,1.3102104800756518
0.7156121428571428,35.0,0.08983629954532435,1.324055308691594
0.7163185714285714,35.0,0.08986790531169145,1.333170886660832
0.7170249999999999,35.0,0.08990000824361818,1.338081635362081
0.7177314285714286,35.0,0.08993268202046442,1.3391632028919327
0.7184378571428571,35.0,0.0899665203269358,1.3368378814501383
0.7191442857142857,35.0,0.09000157193594491,1.3318292620408836
0.7198507142857142,35.0,0.0900380092721128,1.3252289840478906
0.7205571428571428,35.0,0.09007581281488926,1.3173683778330199
0.7212635714285713,35.0,0.09011450645621992,1.3082255464982782
0.72197,35.0,0.09015448041516898,1.2980291264951418
0.7226764285714286,35.0,0.09019625768988244,1.2866606276413473
0.7233828571428571,35.0,0.09023922624728388,1.2737583669772896
0.7240892857142857,35.0,0.09028331090640121,1.2591183002157096
0.7247957142857142,35.0,0.09032948981499606,1.2427417945306314
0.7255021428571429,35.0,0.09037762086156936,1.2246135854212132
0.7262085714285714,35.0,0.09042714610900762,1.2044058106563078
0.726915,35.0,0.09047827108816342,1.1817733435661368
0.7276214285714285,35.0,0.090530701798405,1.1569486114291252
0.7283278571428571,35.0,0.09058414341288985,1.130242601493798
0.7290342857142856,35.0,0.09063859670999312,1.102290100865879
0.7297407142857143,35.0,0.09069396078157188,1.0740007214965541
0.7304471428571429,35.0,0.0907508619745274,1.0466110584806725
0.7311535714285714,35.0,0.09080954256452234,1.0214222261310575
0.73186,35.0,0.09086962693945974,0.9993057763358688
0.7325664285714285,35.0,0.09093129768723276,0.9810586192683087
0.7332728571428571,35.0,0.09099445120730536,0.9679561108901804
0.7339792857142857,35.0,0.0910592139600087,0.9609848725158409
0.7346857142857143,35.0,0.09112564290463951,0.9605554432448967
0.7353921428571428,35.0,0.0911929146673086,0.9672115997740512
0.7360985714285714,35.0,0.09126147923616051,0.9810720056237433
0.7368049999999999,35.0,0.09133193320082411,1.0016425178510082
0.7375114285714285,35.0,0.09140348421754314,1.0277022422354973
0.7382178571428571,35.0,0.09147602048967851,1.0582401518434523
0.7389242857142857,35.0,0.09154985199142628,1.092309444280853
0.7396307142857143,35.0,0.0916243044581188,1.1283185161443914
0.7403371428571428,35.0,0.09169867884579143,1.1647368556415132
0.7410435714285714,35.0,0.0917730052735807,1.2003273037081061
0.7417499999999999,35.0,0.09184721736260236,1.2338270943349898
0.7424564285714286,35.0,0.09192131110127462,1.2634780432238697
0.7431628571428571,35.0,0.09199541088612004,1.288247297916124
0.7438692857142857,35.0,0.09206917778067605,1.3078797813771723
0.7445757142857142,35.0,0.09214271389157623,1.321919697258578
0.7452821428571428,35.0,0.0922163857823386,1.3304998192523165
0.7459885714285714,35.0,0.09228983838592182,1.3339821247209984
0.746695,35.0,0.09236274871510115,1.332829597641512
0.7474014285714285,35.0,0.09243513985049027,1.3276185481952447
0.7481078571428571,35.0,0.09250721344010618,1.3188762653656587
0.7488142857142857,35.0,0.09257923719875072,1.307463109783811
0.7495207142857142,35.0,0.09265095061946797,1.2943316107885579
0.7502271428571429,35.0,0.09272263242737833,1.2803769007254213
0.7509335714285714,35.0,0.09279492056973257,1.2660425157995097
0.75164,35.0,0.09286694453992707,1.2515790843224002
0.7523464285714285,35.0,0.09293838383281579,1.2371610132895703
0.7530528571428571,35.0,0.0930099202502661,1.22263305360347
0.7537592857142856,35.0,0.09308118587675925,1.207560969591803
0.7544657142857143,35.0,0.09315230858452375,1.1919527656575302
0.7551721428571428,35.0,0.09322367698253575,1.175875294090197
0.7558785714285714,35.0,0.09329503571259487,1.1589120404143343
0.756585,35.0,0.09336695852763385,1.1408064220584804
0.7572914285714285,35.0,0.09343976611242531,1.121578613455034
0.7579978571428571,35.0,0.09351291608490994,1.1013665828507668
0.7587042857142857,35.0,0.0935863470019015,1.0801638522752188
0.7594107142857143,35.0,0.09366029268300508,1.0585573469737668
0.7601171428571428,35.0,0.09373469443602656,1.037756924379184
0.7608235714285714,35.0,0.09380933321563617,1.018659685184264
0.7615299999999999,35.0,0.09388445345188008,1.0019498385455263
0.7622364285714285,35.0,0.09396047487095271,0.988645468380165
0.7629428571428571,35.0,0.0940372266874624,0.9797696702823219
0.7636492857142857,35.0,0.09411415752756414,0.9758286177248167
0.7643557142857142,35.0,0.09419113616661073,0.9774061707318347
0.7650621428571428,35.0,0.0942685053850317,0.9851500992717618
0.7657685714285714,35.0,0.09434580000478238,0.9992905541079681
0.7664749999999999,35.0,0.09442259878996978,1.0194498595509183
0.7671814285714286,35.0,0.09449930617819391,1.0448046989383197
0.7678878571428571,35.0,0.0945757220839774,1.0745636860384198
0.7685942857142857,35.0,0.09465197360710592,1.1075096394539234
0.7693007142857142,35.0,0.09472834986360433,1.1422445037597537
0.7700071428571428,35.0,0.09480409498413198,1.1774489024111248
0.7707135714285714,35.0,0.09487923956203378,1.2119218587415952
0.77142,35.0,0.09495399690300647,1.2442719365217487
0.7721264285714285,35.0,0.0950273778529301,1.2730010224064827
0.7728328571428571,35.0,0.09509933229282636,1.2970484090733645
0.7735392857142857,35.0,0.09517048762982344,1.315541382198361
0.7742457142857142,35.0,0.09524049494542784,1.3282865490401294
0.7749521428571429,35.0,0.09530907550939013,1.335039557443743
0.7756585714285714,35.0,0.09537613402676245,1.3359773530110137
0.776365,35.0,0.09544174156604651,1.332054924600948
0.7770714285714285,35.0,0.09550596450601885,1.323657043448529
0.7777778571428571,35.0,0.09556817918337329,1.3113051368627904
0.7784842857142856,35.0,0.09562840176353975,1.296007763034278
0.7791907142857143,35.0,0.09568701950392257,1.2788239561032124
0.7798971428571428,35.0,0.09574402030251028,1.260711174508048
0.7806035714285714,35.0,0.09579973983852676,1.2422992571342555
0.78131,35.0,0.09585448839847503,1.224511994884395
0.7820164285714285,35.0,0.09590828762845774,1.2077505876351204
0.782722857142857,35.0,0.0959613185657261,1.1918496744416842
0.7834292857142857,35.0,0.09601362159259878,1.1767068141100232
0.7841357142857143,35.0,0.09606471272962301,1.162323903847971
0.7848421428571428,35.0,0.09611489012880221,1.1485457161293808
0.7855485714285714,35.0,0.09616490740201832,1.1350247714569652
0.7862549999999999,35.0,0.09621414552989824,1.121490052712999
0.7869614285714285,35.0,0.09626247409362877,1.1078429527926748
0.7876678571428571,35.0,0.0963106816083659,1.093785642073841
0.7883742857142857,35.0,0.09635843996061622,1.0789841414822303
0.7890807142857142,35.0,0.09640550381477588,1.0638341425637046
0.7897871428571428,35.0,0.09645192732107288,1.0489114340847578
0.7904935714285714,35.0,0.09649739160049117,1.0347007132317134
0.7911999999999999,35.0,0.09654214641056909,1.0219391394606796
0.7919064285714286,35.0,0.09658621548665745,1.0115406695543683
0.7926128571428571,35.0,0.09662955593710397,1.0042665834249935
0.7933192857142857,35.0,0.09667270162446696,1.000690010705927
0.7940257142857142,35.0,0.09671562937036492,1.0014319972259158
0.7947321428571428,35.0,0.0967582657856845,1.0072216459153658
0.7954385714285714,35.0,0.09680053362474561,1.018432771349545
0.796145,35.0,0.09684203091223986,1.0350786262219196
0.7968514285714285,35.0,0.09688312735558782,1.056825626252741
0.7975578571428571,35.0,0.09692382294690222,1.0830832244711617
0.7982642857142856,35.0,0.09696327485767646,1.1129217436922831
0.7989707142857142,35.0,0.09700177016631312,1.1450696901926096
0.7996771428571429,35.0,0.09703979072152978,1.1783370463409348
0.8003835714285714,35.0,0.09707668133783699,1.2116361442492853
0.80109,35.0,0.09711215591149071,1.2436048417415138
0.8017964285714285,35.0,0.09714633343160509,1.2728088358911362
0.8025028571428571,35.0,0.09717874866845776,1.2979623863688978
0.8032092857142856,35.0,0.0972090869973126,1.318205802059133
0.8039157142857143,35.0,0.09723746193267678,1.332753522889099
0.8046221428571428,35.0,0.09726379033716047,1.3409297517864849
0.8053285714285714,35.0,0.09728833341872083,1.3432489320526702
0.806035,35.0,0.09731140943514391,1.340007878465321
0.8067414285714285,35.0,0.09733255736843573,1.331482814142475
0.807447857142857,35.0,0.09735185333543495,1.3184755364824192
0.8081542857142857,35.0,0.09736966674399752,1.3018300190596486
0.8088607142857143,35.0,0.09738578672787282,1.282679991798314
0.8095671428571428,35.0,0.09740014465778134,1.2617994876437952
0.8102735714285714,35.0,0.09741256517344882,1.240245145966978
0.8109799999999999,35.0,0.09742349239800917,1.2193584993032842
0.8116864285714285,35.0,0.09743344182403467,1.1995890907273121
0.8123928571428571,35.0,0.09744179718384034,1.181248857005134
0.8130992857142857,35.0,0.09744888211605152,1.1646335765665388
0.8138057142857142,35.0,0.09745522495906424,1.1498271216198195
0.8145121428571428,35.0,0.09746006581145057,1.136606592399593
0.8152185714285713,35.0,0.0974634354944597,1.1246756255225783
0.815925,35.0,0.09746576051725753,1.113973010825206
0.8166314285714286,35.0,0.09746690387846256,1.1041630609133317
0.8173378571428571,35.0,0.097467240717779,1.0946641297697
0.8180442857142857,35.0,0.09746692624484453,1.0851850514370072
0.8187507142857142,35.0,0.0974657110836636,1.0756157408293407
0.8194571428571428,35.0,0.09746398488960438,1.0659040623598783
0.8201635714285714,35.0,0.09746204508208489,1.056477924971448
0.82087,35.0,0.09745942332441182,1.0476448900772626
0.8215764285714285,35.0,0.09745590280349173,1.0400624901615363
0.8222828571428571,35.0,0.09745181051571628,1.0344504148394285
0.8229892857142856,35.0,0.09744715298040768,1.0312122647042883
0.8236957142857142,35.0,0.09744180017119693,1.0309314777912768
0.8244021428571429,35.0,0.09743581725013577,1.0344507785743964
0.8251085714285714,35.0,0.09742942082235184,1.0423088788007109
0.825815,35.0,0.09742265049942919,1.054640569712823
0.8265214285714285,35.0,0.09741490818446633,1.0716125388301967
0.8272278571428571,35.0,0.0974060713871418,1.0931343933272277
0.8279342857142856,35.0,0.09739654355053004,1.1184967491401883
0.8286407142857143,35.0,0.09738595004218803,1.1466027181370402
0.8293471428571428,35.0,0.09737420863267046,1.1767835736665575
0.8300535714285714,35.0,0.0973616761654725,1.2079096817261639
0.8307599999999999,35.0,0.09734799274156511,1.2386434821885812
0.8314664285714285,35.0,0.09733350256520941,1.2677445677201888
0.832172857142857,35.0,0.09731845459112938,1.2940445139366563
0.8328792857142857,35.0,0.09730188729479133,1.3164294586552336
0.8335857142857143,35.0,0.09728399751176116,1.3335090802884246
0.8342921428571428,35.0,0.09726504971056406,1.3448536286183361
0.8349985714285714,35.0,0.09724437066080355,1.3502881595519958
0.8357049999999999,35.0,0.09722210145025027,1.3495668171811963
0.8364114285714286,35.0,0.09719855902322865,1.3431707087949183
0.8371178571428571,35.0,0.09717379942978611,1.3315486941981771
0.8378242857142857,35.0,0.09714766556542387,1.3155326785605224
0.8385307142857142,35.0,0.09711990980232792,1.2959448485482161
0.8392371428571428,35.0,0.09709078387559716,1.2735971607933532
0.8399435714285713,35.0,0.09706044431913013,1.2500126917370757
0.84065,35.0,0.09702870981680736,1.2261853150585171
0.8413564285714286,35.0,0.09699564168278721,1.2030646745337725
0.8420628571428571,35.0,0.09696161721639403,1.181464086378537
0.8427692857142857,35.0,0.09692684420147127,1.1619103390262988
0.8434757142857142,35.0,0.09689160501025286,1.1447459215210603
0.8441821428571428,35.0,0.09685611143385053,1.13003445495972
0.8448885714285714,35.0,0.09682007605949441,1.1176065439781018
0.845595,35.0,0.0967837796460978,1.1074853396702753
0.8463014285714285,35.0,0.0967474304136563,1.0994053761454923
0.8470078571428571,35.0,0.09671030657724641,1.0927452027421407
0.8477142857142856,35.0,0.09667272799735212,1.087050377685824
0.8484207142857142,35.0,0.09663540713866982,1.081987105473233
0.8491271428571429,35.0,0.09659771471610828,1.0773276118848636
0.8498335714285714,35.0,0.09655956019989952,1.0726796927198494
0.85054,35.0,0.0965213895261919,1.0683023536263225
0.8512464285714285,35.0,0.09648293900367323,1.064742114141477
0.8519528571428571,35.0,0.09644421912067526,1.0620705955258494
0.8526592857142856,35.0,0.09640506922268637,1.0606308123365005
0.8533657142857143,35.0,0.0963652927020129,1.0612017867208543
0.8540721428571428,35.0,0.09632533699353332,1.0642206449092706
0.8547785714285714,35.0,0.09628516991568364,1.0701537344947925
0.8554849999999999,35.0,0.09624484598919848,1.0795182825839977
0.8561914285714285,35.0,0.09620464964165802,1.0927665637075286
0.856897857142857,35.0,0.09616440179016326,1.1099832801175018
0.8576042857142857,35.0,0.09612423152315909,1.1307374499401137
0.8583107142857143,35.0,0.09608386577142726,1.1545292103628595
0.8590171428571428,35.0,0.0960428491418374,1.1808011348961616
0.8597235714285714,35.0,0.09600169304887649,1.2085354127285175
0.8604299999999999,35.0,0.09596041516772906,1.2366730964589623
0.8611364285714286,35.0,0.09591837444283229,1.264099375618456
0.8618428571428571,35.0,0.095875747584241,1.28977411663646
0.8625492857142857,35.0,0.09583296528188212,1.3123789007877098
0.8632557142857142,35.0,0.0957895682091058,1.3306277095033703
0.8639621428571428,35.0,0.09574528431891105,1.343889408227287
0.8646685714285713,35.0,0.09570035482151126,1.3513428447125966
0.865375,35.0,0.09565441628023699,1.352857099478123
0.8660814285714286,35.0,0.09560758320279335,1.348354063040885
0.8667878571428571,35.0,0.0955601818073913,1.3382216242070553
0.8674942857142857,35.0,0.09551199405615766,1.3231932450165094
0.8682007142857142,35.0,0.09546349495061988,1.3037491156943648
0.8689071428571428,35.0,0.09541493787159487,1.280970654380352
0.8696135714285714,35.0,0.09536598222216154,1.2560546509886523
0.87032,35.0,0.09531676248918979,1.2301256993965155
0.8710264285714285,35.0,0.09526739681798467,1.2044394056229264
0.8717328571428571,35.0,0.09521805872125293,1.1798792446066801
0.8724392857142856,35.0,0.09516880326086812,1.157474877260822
0.8731457142857142,35.0,0.09511925457549165,1.137794737909039
0.8738521428571429,35.0,0.09506997928594269,1.120918770099745
0.8745585714285714,35.0,0.09502143864564905,1.1071717479670886
0.875265,35.0,0.0949730075627459,1.0966742708955222
0.8759714285714285,35.0,0.09492496439467911,1.0890981094637393
0.8766778571428571,35.0,0.09487757341575037,1.0839465255495295
0.8773842857142856,35.0,0.09483031681699511,1.080946843920938
0.8780907142857143,35.0,0.09478339816071109,1.079515261714454
0.8787971428571428,35.0,0.09473695423844393,1.0790393681604464
0.8795035714285714,35.0,0.09469087572058729,1.0790379148942566
0.8802099999999999,35.0,0.09464556490930655,1.0795540181948804
0.8809164285714285,35.0,0.0946010868586569,1.0805155024449835
0.881622857142857,35.0,0.09455702439167683,1.0818448395403042
0.8823292857142857,35.0,0.0945135208384565,1.0839056161731215
0.8830357142857143,35.0,0.09447088579434676,1.0870242554160436
0.8837421428571428,35.0,0.09442866090189748,1.0915684343690784
0.8844485714285714,35.0,0.09438656060205373,1.0978420883294686
0.8851549999999999,35.0,0.09434483303789447,1.1063621785054845
0.8858614285714286,35.0,0.09430356422453968,1.117727703865952
0.8865678571428571,35.0,0.0942627516204204,1.1320351910157123
0.8872742857142857,35.0,0.09422218539172311,1.1491869958592176
0.8879807142857142,35.0,0.09418194384325251,1.1691576160645816
0.8886871428571428,35.0,0.0941422586784125,1.1913762939267714
0.8893935714285713,35.0,0.09410247587229648,1.2150859833213397
0.8901,35.0,0.09406258103319791,1.2394743444442744
0.8908064285714286,35.0,0.09402302685353035,1.2636257122440857
0.8915128571428571,35.0,0.09398340464183912,1.2865703036490694
0.8922192857142857,35.0,0.09394402171759107,1.3071421503295453
0.8929257142857142,35.0,0.09390497816875865,1.3241990519700018
0.8936321428571428,35.0,0.09386577611073438,1.336785226335986
0.8943385714285714,35.0,0.093827009636985,1.344281773682539
0.895045,35.0,0.09378867297866164,1.3461490768574904
0.8957514285714285,35.0,0.09375002246447975,1.3420372797064803
0.8964578571428571,35.0,0.0937113062319679,1.3324545563491277
0.8971642857142856,35.0,0.0936727914346819,1.3177517441325886
0.8978707142857142,35.0,0.09363423044399964,1.2983703247083813
0.8985771428571429,35.0,0.09359569115075042,1.2753359381333487
0.8992835714285714,35.0,0.09355745766201269,1.2497116251400673
0.89999,35.0,0.0935197026863715,1.2227707086990842
0.9006964285714285,35.0,0.0934823791137322,1.1954250586741921
0.9014028571428571,35.0,0.09344532942127337,1.1691219626701475
0.9021092857142856,35.0,0.09340877725638795,1.1449934283104606
0.9028157142857143,35.0,0.09337298756119303,1.123547125149583
0.9035221428571428,35.0,0.09333791233063393,1.1053916901542074
0.9042285714285714,35.0,0.09330366362016311,1.0909799438588978
0.9049349999999999,35.0,0.09327050292138153,1.0803695291744704
0.9056414285714285,35.0,0.09323848285719871,1.073353739986761
0.9063478571428571,35.0,0.09320786965906706,1.0697497886901464
0.9070542857142857,35.0,0.09317873812049086,1.0691602042857793
0.9077607142857143,35.0,0.09315047393894885,1.0709687837216153
0.9084671428571428,35.0,0.09312333713858119,1.0744394426584332
0.9091735714285714,35.0,0.0930975825385544,1.079018708569692
0.9098799999999999,35.0,0.0930723697826672,1.0842936613198624
0.9105864285714286,35.0,0.09304803784596687,1.0899276888339569
0.9112928571428571,35.0,0.09302504586643476,1.0957426951936178
0.9119992857142857,35.0,0.09300279417952419,1.1017799722690544
0.9127057142857142,35.0,0.09298136367118513,1.1081608041810243
0.9134121428571428,35.0,0.0929607263258375,1.115114911297708
0.9141185714285713,35.0,0.09294070669648778,1.1228146618228332
0.914825,35.0,0.09292151270985155,1.1316786126590166
0.9155314285714286,35.0,0.09290282121215268,1.142177922650802
0.9162378571428571,35.0,0.09288461252094528,1.154558062567137
0.9169442857142857,35.0,0.09286715659855842,1.1689250400275215
0.9176507142857142,35.0,0.09285044342588529,1.1853301674727086
0.9183571428571428,35.0,0.09283460124086185,1.2035813347320783
0.9190635714285714,35.0,0.09281945760884304,1.2231127367020713
0.91977,35.0,0.09280483722047023,1.243130703065037
0.9204764285714285,35.0,0.0927909249251134,1.2631078965249132
0.9211828571428571,35.0,0.09277745494313552,1.2822222255470868
0.9218892857142856,35.0,0.09276397358676139,1.299257131770784
0.9225957142857142,35.0,0.09275087864443349,1.3133701069438557
0.9233021428571428,35.0,0.09273843273933553,1.3238218272300013
0.9240085714285714,35.0,0.09272596857152597,1.329734543983429
0.924715,35.0,0.09271361322322427,1.3302973440233408
0.9254214285714285,35.0,0.09270180165300224,1.325610693823955
0.9261278571428571,35.0,0.09269011372260058,1.3156510519577986
0.9268342857142857,35.0,0.09267858893219047,1.3006259850492796
0.9275407142857143,35.0,0.09266736638012386,1.2812028946824308
0.9282471428571428,35.0,0.09265618922808136,1.2580967963405278
0.9289535714285714,35.0,0.09264550949167308,1.2324252539014366
0.9296599999999999,35.0,0.09263558380299956,1.2051676157407891
0.9303664285714285,35.0,0.09262616116110771,1.177508244035653
0.9310728571428571,35.0,0.0926177174368352,1.1508340279423284
0.9317792857142857,35.0,0.09261036504734377,1.1261570984846798
0.9324857142857143,35.0,0.09260389043839456,1.1044573911403228
0.9331921428571428,35.0,0.0925983796244448,1.0863158135823072
0.9338985714285714,35.0,0.09259367452562145,1.0722464639866645
0.9346049999999999,35.0,0.09259023188119257,1.0625084897736465
0.9353114285714286,35.0,0.0925880215865206,1.0568899125218962
0.9360178571428571,35.0,0.09258650474160526,1.0552109141663244
0.9367242857142857,35.0,0.09258632069721699,1.057146600186767
0.9374307142857142,35.0,0.0925875870989623,1.0621160405787513
0.9381371428571428,35.0,0.0925897755305909,1.0692882632222669
0.9388435714285713,35.0,0.09259303287376945,1.077978645390759
0.93955,35.0,0.09259735107650074,1.0876074245812615
0.9402564285714285,35.0,0.09260242754108565,1.0976082193939036
0.9409628571428571,35.0,0.09260840372770959,1.1074634067473292
0.9416692857142857,35.0,0.09261537711714181,1.1170935742121086
0.9423757142857142,35.0,0.09262309054317171,1.1265421454478528
0.9430821428571428,35.0,0.09263181343245074,1.1357470916827324
0.9437885714285714,35.0,0.09264163425962402,1.1448000322394059
0.944495,35.0,0.09265193300654899,1.1540561099425268
0.9452014285714285,35.0,0.09266279946176989,1.1639124747022886
0.9459078571428571,35.0,0.09267446037533235,1.1745220217808128
0.9466142857142856,35.0,0.0926865228785061,1.1861763815801842
0.9473207142857142,35.0,0.0926988909416478,1.1991486878113387
0.9480271428571428,35.0,0.09271154604094006,1.2133361712493014
0.9487335714285714,35.0,0.09272463742571528,1.228347808075106
0.94944,35.0,0.09273830742045293,1.2438256434915058
0.9501464285714285,35.0,0.09275208919158338,1.2593073461006394
0.950852857142857,35.0,0.09276613230737125,1.2739909977668624
0.9515592857142857,35.0,0.09278061138840357,1.2870713317270817
0.9522657142857143,35.0,0.09279496313560326,1.2978637181275055
0.9529721428571428,35.0,0.09280943640319729,1.305588456456466
0.9536785714285714,35.0,0.09282419001866803,1.3094084453876706
0.9543849999999999,35.0,0.09283889772300948,1.3088090083307622
0.9550914285714285,35.0,0.0928540659190164,1.3034484878590067
0.9557978571428571,35.0,0.0928695816254981,1.2932808680290493
0.9565042857142857,35.0,0.09288495888823958,1.278607571511002
0.9572107142857142,35.0,0.09290075939777888,1.25967585264347
0.9579171428571428,35.0,0.09291699051452953,1.2373954439857255
0.9586235714285714,35.0,0.09293314259824333,1.2126771349947434
0.9593299999999999,35.0,0.09294937600191792,1.1862587864484824
0.9600364285714286,35.0,0.09296598789505534,1.1595043314859852
0.9607428571428571,35.0,0.09298301770824842,1.1334876177790734
0.9614492857142857,35.0,0.09300045796142162,1.1094175406687783
0.9621557142857142,35.0,0.0930184900663379,1.0882873834052347
0.9628621428571428,35.0,0.09303723550544295,1.0707283867633317
0.9635685714285713,35.0,0.09305671586537059,1.0575389709431975
0.964275,35.0,0.09307680949366806,1.0488454256985285
0.9649814285714285,35.0,0.09309751592184501,1.0446193234838248
0.9656878571428571,35.0,0.09311916674976456,1.0447090348262236
0.9663942857142857,35.0,0.09314164558850893,1.0488229740683328
0.9671007142857142,35.0,0.0931650024194478,1.0564080441485812
0.9678071428571428,35.0,0.09318934329188917,1.066532453733975
0.9685135714285714,35.0,0.09321432842993348,1.0785957777521074
0.96922,35.0,0.09324034088143932,1.0918981161489483
0.9699264285714285,35.0,0.0932672311368138,1.1055105976065533
0.9706328571428571,35.0,0.09329415335279544,1.1187991000386694
0.9713392857142856,35.0,0.09332156964162824,1.1315953789970823
0.9720457142857142,35.0,0.09334956967793984,1.143578874272264
0.9727521428571428,35.0,0.09337746510948332,1.154545701939454
0.9734585714285714,35.0,0.0934056096998851,1.1646182624636974
0.974165,35.0,0.09343413442540019,1.1740143096548517
0.9748714285714285,35.0,0.09346272425356202,1.18297543328798
0.975577857142857,35.0,0.09349143363735647,1.191652870708457
0.9762842857142857,35.0,0.09352007175783247,1.2005577638571852
0.9769907142857143,35.0,0.0935486570613747,1.209932241405522
0.9776971428571428,35.0,0.09357734624626012,1.2198775457792455
0.9784035714285714,35.0,0.09360594704258975,1.230405870802013
0.9791099999999999,35.0,0.09363446217829567,1.2412580436946574
0.9798164285714285,35.0,0.09366299317451716,1.2521586045770876
0.9805228571428571,35.0,0.09369158680674766,1.2626128806113692
0.9812292857142857,35.0,0.09372033046186792,1.2719961221925624
0.9819357142857142,35.0,0.09374896332642009,1.2797078234385695
0.9826421428571428,35.0,0.09377724427016776,1.285136149709963
0.9833485714285713,35.0,0.09380543987962499,1.2876143255134298
0.9840549999999999,35.0,0.09383341834382686,1.2864633926381166
0.9847614285714286,35.0,0.09386073603130698,1.2813000236574095
0.9854678571428571,35.0,0.09388781314596037,1.2721345815676675
0.9861742857142857,35.0,0.09391495014095261,1.2587946859359103
0.9868807142857142,35.0,0.09394159176276475,1.2415892963007789
0.9875871428571428,35.0,0.09396795000895071,1.2212996651817007
0.9882935714285713,35.0,0.09399434880128253,1.198475339564108
0.989,35.0,0.09402039480985268,1.1740407645457214
0.9897064285714285,35.0,0.09404644783723051,1.1489420561915584
0.9904128571428571,35.0,0.09407251902699547,1.1243171465369393
0.9911192857142856,35.0,0.09409835327103327,1.1014242755234853
0.9918257142857142,35.0,0.09412458214181454,1.0808852089566674
0.9925321428571428,35.0,0.0941511983290963,1.0639187820274718
0.9932385714285714,35.0,0.09417808781761515,1.0512181164514935
0.993945,35.0,0.09420542681099353,1.042920076692574
0.9946514285714285,35.0,0.09423308825807605,1.0392887807940532
0.9953578571428571,35.0,0.09426118764991102,1.0402664216618598
0.9960642857142856,35.0,0.09428947501113331,1.0455338970818584
0.9967707142857143,35.0,0.09431775548025868,1.0544865249289903
0.9974771428571428,35.0,0.09434650399358752,1.066512557649749
0.9981835714285714,35.0,0.09437555993753528,1.0809076962247652
0.99889,35.0,0.09440446457207076,1.096702875756817
0.9995964285714285,35.0,0.0944335486147152,1.1130329673285118
1.0003028571428572,35.0,0.09446286444846427,1.1292198116154628
1.0010092857142856,35.0,0.09449197347027308,1.144588934465396
1.0017157142857143,35.0,0.09452096334634366,1.1587726940390182
1.0024221428571427,35.0,0.09454977222550116,1.1714910220082202
1.0031285714285714,35.0,0.09457811363908611,1.1825505921578634
1.003835,35.0,0.09460630615540837,1.1921574318526214
1.0045414285714285,35.0,0.09463436740230127,1.2004645516258667
1.0052478571428571,35.0,0.09466189261143086,1.2075997914414607
1.0059542857142856,35.0,0.09468920698430916,1.214032745635941
1.0066607142857142,35.0,0.09471639035992258,1.2201519292558174
1.007367142857143,35.0,0.09474286596372264,1.2262904103223227
1.0080735714285713,35.0,0.09476876088743681,1.2324758412782144
1.00878,35.0,0.09479421911267964,1.238891289668512
1.0094864285714285,35.0,0.09481910278528166,1.245534893434744
1.0101928571428571,35.0,0.09484343966974189,1.2519422790613821
1.0108992857142856,35.0,0.09486701661650339,1.257770156058366
1.0116057142857142,35.0,0.09489017777725245,1.2627189459426196
1.0123121428571429,35.0,0.09491309618615756,1.2662260988752547
1.0130185714285713,35.0,0.09493521857896894,1.267654267443905
1.013725,35.0,0.0949568743613514,1.2664487985591526
1.0144314285714284,35.0,0.09497809854866265,1.2622857389446018
1.015137857142857,35.0,0.09499851248716107,1.2547996356381343
1.0158442857142858,35.0,0.09501859881589249,1.243666567616908
1.0165507142857142,35.0,0.09503823172277283,1.2292836683217687
1.0172571428571429,35.0,0.09505727922771057,1.2118577499156362
1.0179635714285713,35.0,0.09507626414904483,1.191975696886269
1.01867,35.0,0.09509496989235149,1.1702795288817511
1.0193764285714286,35.0,0.09511306080956862,1.1475743557454565
1.020082857142857,35.0,0.0951309147174593,1.125028151583266
1.0207892857142857,35.0,0.09514869127611517,1.1033827897116442
1.0214957142857142,35.0,0.09516600269008461,1.0837146702830898
1.0222021428571428,35.0,0.09518296907045305,1.0670924958267418
1.0229085714285713,35.0,0.09519990906624931,1.0541085958508838
1.023615,35.0,0.09521679155660151,1.0454366090846683
1.0243214285714286,35.0,0.09523371566073216,1.0413173759022907
1.025027857142857,35.0,0.09525061441028897,1.0417851592777831
1.0257342857142857,35.0,0.09526750578279326,1.046789693002701
1.0264407142857142,35.0,0.0952844947536125,1.0558055057696534
1.0271471428571428,35.0,0.09530131087762889,1.0682773971382922
1.0278535714285715,35.0,0.09531801414509587,1.0835571045483148
1.02856,35.0,0.09533474277013408,1.1007869822532008
1.0292664285714286,35.0,0.09535124696362558,1.1189597811509409
1.029972857142857,35.0,0.09536771325538397,1.1372512382760258
1.0306792857142857,35.0,0.0953840029157253,1.1549141116168415
1.0313857142857141,35.0,0.09539961180249201,1.1713331341223778
1.0320921428571428,35.0,0.09541505412340545,1.1858939021895283
1.0327985714285715,35.0,0.09543010409447963,1.1984584416575192
1.033505,35.0,0.09544401827063657,1.2089834030789952
1.0342114285714286,35.0,0.09545733905745853,1.2173170542448584
1.034917857142857,35.0,0.09547005476498585,1.2237481728947546
1.0356242857142857,35.0,0.09548182937044995,1.2285923331418063
1.0363307142857143,35.0,0.09549296686480455,1.2322952740454118
1.0370371428571428,35.0,0.09550341201428088,1.2352073849277474
1.0377435714285714,35.0,0.09551313947221425,1.2376497910471405
1.0384499999999999,35.0,0.09552220048520471,1.240065716289771
1.0391564285714285,35.0,0.09553045783449876,1.2425482856950905
1.039862857142857,35.0,0.09553797936902364,1.2449506248067936
1.0405692857142856,35.0,0.09554490588895836,1.2472735550846992
1.0412757142857143,35.0,0.09555126736831254,1.2493024263756118
1.0419821428571427,35.0,0.09555703154606773,1.2506493668516705
1.0426885714285714,35.0,0.0955622082401091,1.2508001224080494
1.0433949999999999,35.0,0.09556688867040909,1.2494320727695618
1.0441014285714285,35.0,0.09557119152490055,1.2461047004899795
1.0448078571428572,35.0,0.09557492077087835,1.2402485098633025
1.0455142857142856,35.0,0.09557775196470933,1.2316675730486257
1.0462207142857143,35.0,0.09558010108582725,1.2203020485289076
1.0469271428571427,35.0,0.0955820642180376,1.2062243591193245
1.0476335714285714,35.0,0.09558312217952959,1.1897595340764906
1.04834,35.0,0.09558383166628573,1.171323581601504
1.0490464285714285,35.0,0.09558442062180139,1.1516686667756793
1.0497528571428572,35.0,0.09558441154543477,1.1315549967095577
1.0504592857142856,35.0,0.09558421368416069,1.1117138533969062
1.0511657142857143,35.0,0.0955838184780014,1.0932594218767113
1.0518721428571427,35.0,0.09558305431120499,1.0769211770354241
1.0525785714285714,35.0,0.09558238325760528,1.0637644137259283
1.053285,35.0,0.09558161217700245,1.0543309475408738
1.0539914285714285,35.0,0.09558062749342051,1.049004385036336
1.0546978571428571,35.0,0.09557984718904575,1.0482758964695753
1.0554042857142856,35.0,0.09557919697961029,1.0520307363275312
1.0561107142857142,35.0,0.09557859407710642,1.0599662055576704
1.056817142857143,35.0,0.09557793526872177,1.0717199606691337
1.0575235714285713,35.0,0.09557708434618878,1.0868012660033823
1.05823,35.0,0.09557624163868356,1.104284476240594
1.0589364285714284,35.0,0.09557506879626552,1.1232599529053595
1.059642857142857,35.0,0.09557336279628165,1.142904987445195
1.0603492857142855,35.0,0.09557155242194802,1.1623249246547964
1.0610557142857142,35.0,0.09556944919438866,1.180626462534284
1.0617621428571429,35.0,0.09556669186997158,1.1971133480586384
1.0624685714285713,35.0,0.09556349662277631,1.2114916933082982
1.063175,35.0,0.09555988003522008,1.2233838359728941
1.0638814285714284,35.0,0.09555551978646647,1.232556459882474
1.064587857142857,35.0,0.09555056317776818,1.2391988296995549
1.0652942857142857,35.0,0.09554499375796718,1.243478876537349
1.0660007142857142,35.0,0.09553848816104238,1.24579186434296
1.0667071428571429,35.0,0.09553153673217774,1.2464141019368888
1.0674135714285713,35.0,0.09552415719260783,1.2460224339141817
1.06812,35.0,0.09551587740147487,1.2450326623157224
1.0688264285714286,35.0,0.09550713805677895,1.2436866882757411
1.069532857142857,35.0,0.09549790708868461,1.242329456693664
1.0702392857142857,35.0,0.09548787352031288,1.2410343944634943
1.0709457142857142,35.0,0.09547724096201152,1.2397786387391556
1.0716521428571428,35.0,0.09546594953640963,1.238414998401334
1.0723585714285713,35.0,0.09545425817346723,1.236738383623876
1.073065,35.0,0.09544216984549014,1.2343437098342585
1.0737714285714286,35.0,0.09542940025237256,1.2309304112476973
1.074477857142857,35.0,0.09541645991405527,1.2260595927941924
1.0751842857142857,35.0,0.09540330765268132,1.2193021225496976
1.0758907142857141,35.0,0.09538965335088861,1.210455016727678
1.0765971428571428,35.0,0.09537583390509427,1.199543351053248
1.0773035714285715,35.0,0.09536170142599679,1.1864294399853357
1.07801,35.0,0.09534719831623381,1.1714583002557266
1.0787164285714286,35.0,0.09533276604823951,1.155169214959334
1.079422857142857,35.0,0.09531824269457982,1.1380323291676866
1.0801292857142857,35.0,0.09530346871264471,1.1207113787883105
1.0808357142857141,35.0,0.09528892474626165,1.1039917594806616
1.0815421428571428,35.0,0.09527450290680364,1.0888719550855914
1.0822485714285714,35.0,0.09525980934710487,1.0760677345156897
1.082955,35.0,0.09524518994760847,1.0661728889710727
1.0836614285714286,35.0,0.09523082006389018,1.0601010464492275
1.084367857142857,35.0,0.09521643001062627,1.0581250486697957
1.0850742857142857,35.0,0.0952021024103243,1.0603218272274633
1.0857807142857143,35.0,0.0951879905156947,1.0667746652381478
1.0864871428571428,35.0,0.09517407812632413,1.0772136811715252
1.0871935714285714,35.0,0.09516047667109696,1.0912198193142169
1.0878999999999999,35.0,0.09514694642699205,1.1080110957571112
1.0886064285714285,35.0,0.09513343255655318,1.1269206249839547
1.0893128571428572,35.0,0.09512009793655345,1.146987936756173
1.0900192857142856,35.0,0.09510655932518938,1.167306209017264
1.0907257142857143,35.0,0.0950929989161326,1.1868846492927838
1.0914321428571427,35.0,0.09507937002514885,1.2049549143873495
1.0921385714285714,35.0,0.0950653373833061,1.220945964281366
1.0928449999999998,35.0,0.09505137435458136,1.2342587862069563
1.0935514285714285,35.0,0.09503702976816512,1.2446435623652907
1.0942578571428572,35.0,0.09502193591220284,1.2519816737235663
1.0949642857142856,35.0,0.0950067030952259,1.2563932650297975
1.0956707142857143,35.0,0.09499100467832035,1.2580782181923684
1.0963771428571427,35.0,0.0949744815902506,1.2574110053738925
1.0970835714285714,35.0,0.09495753384681113,1.2549057953416736
1.09779,35.0,0.09494021798454846,1.251154595999546
1.0984964285714285,35.0,0.09492245186312233,1.2466439644455534
1.0992028571428571,35.0,0.09490439477761815,1.2417429939236304
1.0999092857142856,35.0,0.09488605417074085,1.2368438492333869
1.1006157142857143,35.0,0.09486741795181265,1.2322305871590027
1.1013221428571427,35.0,0.09484860696572218,1.2278211799018977
1.1020285714285714,35.0,0.09482957764165298,1.2235851410284737
1.102735,35.0,0.0948103372926667,1.2194764330819297
1.1034414285714285,35.0,0.09479108218160351,1.2151978143233317
1.1041478571428571,35.0,0.0947718341487343,1.2102925155192599
1.1048542857142856,35.0,0.09475260650946048,1.2044692730454534
1.1055607142857142,35.0,0.09473337489917431,1.1975272742053507
1.106267142857143,35.0,0.09471407091790979,1.1890241929667433
1.1069735714285713,35.0,0.09469499720889137,1.1789367475073158
1.10768,35.0,0.09467598097662969,1.1673775028611841
1.1083864285714284,35.0,0.09465663204861147,1.154476834132107
1.109092857142857,35.0,0.09463753938302533,1.1406661890641918
1.1097992857142858,35.0,0.09461873833953052,1.1263280626502972
1.1105057142857142,35.0,0.09459981465743712,1.11218692042292
1.1112121428571429,35.0,0.09458135302992639,1.0990156899333687
1.1119185714285713,35.0,0.09456331264039598,1.0873280470916198
1.112625,35.0,0.09454541652654054,1.0780824130704405
1.1133314285714284,35.0,0.0945281099754768,1.0718668124898663
1.114037857142857,35.0,0.09451111632985781,1.069173695380219
1.1147442857142857,35.0,0.09449440987172232,1.0703668845319096
1.1154507142857142,35.0,0.0944783637003074,1.0754672390457736
1.1161571428571428,35.0,0.09446270516282462,1.0845491573283184
1.1168635714285713,35.0,0.09444741792317934,1.097187084078911
1.11757,35.0,0.09443256695282048,1.1128517005435505
1.1182764285714286,35.0,0.09441815374519635,1.1309687836149378
1.118982857142857,35.0,0.09440414401519781,1.1506617800603143
1.1196892857142857,35.0,0.0943901854396776,1.1710224663051385
1.1203957142857142,35.0,0.09437625443361497,1.1910649951615366
1.1211021428571428,35.0,0.09436251831139587,1.209937845658372
1.1218085714285713,35.0,0.09434875320535732,1.2268716537390152
1.122515,35.0,0.09433474516223758,1.2412005428105528
1.1232214285714286,35.0,0.09432081128726284,1.252485641195739
1.123927857142857,35.0,0.09430692553231348,1.2604452791248009
1.1246342857142857,35.0,0.09429269644003908,1.265135635139868
1.1253407142857141,35.0,0.094278403484004,1.2665595096585347
1.1260471428571428,35.0,0.09426400880855079,1.2650190207993959
1.1267535714285715,35.0,0.09424924242460124,1.2610576579413306
1.12746,35.0,0.09423451857928639,1.2552846205364148
1.1281664285714286,35.0,0.09421965570795494,1.2481088875624098
1.128872857142857,35.0,0.0942044118851817,1.240198725433936
1.1295792857142857,35.0,0.09418941433806073,1.232205875786678
1.1302857142857143,35.0,0.09417451570104521,1.2243471923717313
1.1309921428571428,35.0,0.09415941285244911,1.2169182044664202
1.1316985714285714,35.0,0.09414446925445183,1.2100847768191068
1.1324049999999999,35.0,0.09412958238129625,1.203936606256713
1.1331114285714285,35.0,0.09411477001170487,1.1982317828624403
1.133817857142857,35.0,0.0941000697883432,1.1927264768172114
1.1345242857142857,35.0,0.094085403889801,1.187255538221108
1.1352307142857143,35.0,0.09407118679221939,1.1814015999329925
1.1359371428571428,35.0,0.09405727065133317,1.1748142192519928
1.1366435714285714,35.0,0.09404345387453089,1.1673303435598175
1.1373499999999999,35.0,0.09403015562222242,1.1587700505593095
1.1380564285714285,35.0,0.0940172308142562,1.1492649730624376
1.1387628571428572,35.0,0.09400454479781291,1.138859576221598
1.1394692857142856,35.0,0.09399236935124411,1.1278596152635958
1.1401757142857143,35.0,0.0939804842960151,1.1168594334392068
1.1408821428571427,35.0,0.09396890238941401,1.1061872477867716
1.1415885714285714,35.0,0.09395801866184075,1.0965846758702702
1.1422949999999998,35.0,0.09394764267978932,1.0887504875883003
1.1430014285714285,35.0,0.09393754433333319,1.0831493069415907
1.1437078571428572,35.0,0.09392811796826867,1.0805943480766502
1.1444142857142856,35.0,0.09391931541305787,1.0812652639665716
1.1451207142857143,35.0,0.09391069087842531,1.08545001082319
1.1458271428571427,35.0,0.0939025905836826,1.0933265350011094
1.1465335714285714,35.0,0.09389507746468873,1.1045564963167611
1.14724,35.0,0.09388790677981765,1.118879385896373
1.1479464285714285,35.0,0.09388127970399113,1.1356415183444757
1.1486528571428571,35.0,0.09387500014792884,1.1543182033302348
1.1493592857142856,35.0,0.09386915732243847,1.173960661223009
1.1500657142857142,35.0,0.09386382543596367,1.1935565783516033
1.1507721428571427,35.0,0.09385858427521201,1.2124080859015727
1.1514785714285714,35.0,0.0938536002265223,1.2295870502721442
1.152185,35.0,0.09384875263432613,1.2442662669087374
1.1528914285714285,35.0,0.09384384022095266,1.2559229442081004
1.1535978571428571,35.0,0.09383919436487366,1.2643152960528903
1.1543042857142856,35.0,0.09383447289980756,1.2691204762535335
1.1550107142857142,35.0,0.09382955425960544,1.2703365557206545
1.1557171428571429,35.0,0.09382491171130887,1.2682882061145466
1.1564235714285713,35.0,0.09382011100232808,1.263345698017164
1.15713,35.0,0.09381492930382515,1.2559834613241025
1.1578364285714284,35.0,0.09380990730774744,1.2468036666890663
1.158542857142857,35.0,0.093804876033523,1.2366322755565222
1.1592492857142858,35.0,0.09379965393648412,1.2259288585774886
1.1599557142857142,35.0,0.09379455931830696,1.2153213381841081
1.1606621428571429,35.0,0.09378964740479674,1.2052622616984898
1.1613685714285713,35.0,0.09378493127753715,1.1960004523784726
1.162075,35.0,0.09378054773882417,1.1878348822561628
1.1627814285714284,35.0,0.09377644126504571,1.1806529395536407
1.163487857142857,35.0,0.0937725642154976,1.1744148384009077
1.1641942857142857,35.0,0.09376910006906648,1.1689097159856614
1.1649007142857142,35.0,0.09376600151030912,1.1638361705311036
1.1656071428571428,35.0,0.09376320003736228,1.1588703379316228
1.1663135714285713,35.0,0.09376085523100197,1.1536024358662393
1.16702,35.0,0.09375891305239803,1.1479117118828865
1.1677264285714286,35.0,0.09375746268344612,1.1416619799230747
1.168432857142857,35.0,0.09375637816956565,1.1346669964779041
1.1691392857142857,35.0,0.09375543775440132,1.1272087668528235
1.1698457142857142,35.0,0.0937551490435806,1.1194847202685931
1.1705521428571428,35.0,0.09375523006598835,1.1118457657762553
1.1712585714285713,35.0,0.09375529353361546,1.104789457550081
1.171965,35.0,0.09375603294390691,1.098713912859125
1.1726714285714286,35.0,0.09375724318359792,1.0944659824898222
1.173377857142857,35.0,0.09375872711399844,1.0924038919215135
1.1740842857142857,35.0,0.09376091818732019,1.092855015670883
1.1747907142857141,35.0,0.09376351642640414,1.0964804157312449
1.1754971428571428,35.0,0.09376650373121093,1.1031897925999528
1.1762035714285715,35.0,0.09377007540856351,1.1129612058168705
1.17691,35.0,0.09377396266672512,1.125639262139794
1.1776164285714286,35.0,0.09377815077103188,1.1407883481628793
1.178322857142857,35.0,0.09378281190020436,1.1578933669340064
1.1790292857142857,35.0,0.09378781648960963,1.1760861553360653
1.1797357142857143,35.0,0.09379300951500065,1.1946784897403477
1.1804421428571428,35.0,0.09379837547417713,1.2127746248490654
1.1811485714285714,35.0,0.09380390780188702,1.2294737523132846
1.1818549999999999,35.0,0.09380959125639102,1.2440108610095986
1.1825614285714285,35.0,0.09381513723055929,1.2557354265377862
1.183267857142857,35.0,0.09382046724597767,1.2641800565979704
1.1839742857142856,35.0,0.09382587135942944,1.2690599179865343
1.1846807142857143,35.0,0.09383119220810074,1.2702708651765475
1.1853871428571428,35.0,0.09383623755896055,1.267916015462315
1.1860935714285714,35.0,0.09384135480065957,1.2623970457722464
1.1867999999999999,35.0,0.09384649585560612,1.254092679580701
1.1875064285714285,35.0,0.09385137210661858,1.2436351055936967
1.1882128571428572,35.0,0.09385638022885145,1.2317349836167335
1.1889192857142856,35.0,0.09386137652317372,1.2191016810266464
1.1896257142857143,35.0,0.09386616757610537,1.206402543544341
1.1903321428571427,35.0,0.0938713527894783,1.1941452745454264
1.1910385714285714,35.0,0.09387659076191943,1.1829030879045486
1.1917449999999998,35.0,0.0938817673303483,1.172978134720594
1.1924514285714285,35.0,0.09388743984766272,1.1644317600862406
1.1931578571428572,35.0,0.09389334675096365,1.1574252408730612
1.1938642857142856,35.0,0.09389944858208342,1.1517684275362317
1.1945707142857143,35.0,0.09390582204014845,1.1472788420497932
1.1952771428571427,35.0,0.0939123919402297,1.1435727515048746
1.1959835714285714,35.0,0.09391937448436846,1.1402718863059125
1.19669,35.0,0.09392658452219996,1.1372049933333572
1.1973964285714285,35.0,0.09393400964808152,1.1339181999235548
1.1981028571428571,35.0,0.09394197002976577,1.130279232527073
1.1988092857142856,35.0,0.09395024013356663,1.1262547397443714
1.1995157142857142,35.0,0.09395873304179209,1.1219234786772267
1.200222142857143,35.0,0.09396764557386249,1.1174465550209103
1.2009285714285713,35.0,0.09397680790953392,1.1130235175076397
1.201635,35.0,0.0939861759617127,1.1092250553143057
1.2023414285714284,35.0,0.0939959466477831,1.106490468917441
1.2030478571428571,35.0,0.09400588820499446,1.105088899512264
1.2037542857142856,35.0,0.09401591263373568,1.1057597605820395
1.2044607142857142,35.0,0.09402646943475675,1.108744187592949
1.2051671428571429,35.0,0.0940372929817301,1.1142594963618042
1.2058735714285713,35.0,0.09404803762365466,1.1224941483943651
1.20658,35.0,0.09405914701359994,1.133237338510444
1.2072864285714284,35.0,0.09407044380533708,1.1463624155286403
1.207992857142857,35.0,0.09408163017217659,1.16137994179507
1.2086992857142858,35.0,0.09409298196843856,1.1776640357142645
1.2094057142857142,35.0,0.0941043722067467,1.1945954788054134
1.2101121428571429,35.0,0.09411578927112922,1.2113699792486425
1.2108185714285713,35.0,0.09412729511033877,1.227148315886814
1.211525,35.0,0.09413858829652376,1.2411317379118152
1.2122314285714284,35.0,0.09414986960308129,1.2526463246178066
1.212937857142857,35.0,0.09416108752459527,1.2611563144827953
1.2136442857142857,35.0,0.09417193391001863,1.2662551102615642
1.2143507142857142,35.0,0.09418266746432791,1.2677057618795433
1.2150571428571428,35.0,0.09419303003939242,1.2655491184749583
1.2157635714285713,35.0,0.09420304019244112,1.2600693662245992
1.21647,35.0,0.0942130932435218,1.251520268855712
1.2171764285714286,35.0,0.09422272680032617,1.2405234743915312
1.217882857142857,35.0,0.0942320278317506,1.227708923473981
1.2185892857142857,35.0,0.09424141804897475,1.2139112199006794
1.2192957142857141,35.0,0.09425055560286727,1.1997084754810445
1.2200021428571428,35.0,0.0942593799705825,1.1858170862807522
1.2207085714285713,35.0,0.09426828743912662,1.1729650829722889
1.221415,35.0,0.09427726510384074,1.1614705306755484
1.2221214285714286,35.0,0.09428617274566116,1.1516570796322427
1.222827857142857,35.0,0.09429527726241098,1.1437171460747624
1.2235342857142857,35.0,0.09430460463771845,1.1377329892227868
1.2242407142857141,35.0,0.09431408058759289,1.133425099283525
1.2249471428571428,35.0,0.09432392276769176,1.130553815062318
1.2256535714285715,35.0,0.09433392983482747,1.1288783658126738
1.22636,35.0,0.09434402976725276,1.127933215171692
1.2270664285714286,35.0,0.09435443986318884,1.1272782851260543
1.227772857142857,35.0,0.0943649724382807,1.1267191764618545
1.2284792857142857,35.0,0.09437570311991016,1.125960942767342
1.2291857142857143,35.0,0.09438659340683063,1.1249078518094502
1.2298921428571428,35.0,0.09439749839255819,1.123527922950451
1.2305985714285714,35.0,0.09440874009012844,1.1219841572268054
1.2313049999999999,35.0,0.09441992886715538,1.120501523571685
1.2320114285714285,35.0,0.09443092071631239,1.1193730864096587
1.232717857142857,35.0,0.09444227395703504,1.1190748827105002
1.2334242857142856,35.0,0.09445355758542803,1.1199422259043754
1.2341307142857143,35.0,0.09446463120805447,1.1223716551205034
1.2348371428571427,35.0,0.09447597075574982,1.1268248373854526
1.2355435714285714,35.0,0.09448728730347437,1.13329038884382
1.2362499999999998,35.0,0.0944985567195919,1.1419292546512305
1.2369564285714285,35.0,0.09451000705014197,1.1527405770193606
1.2376628571428572,35.0,0.09452128977206717,1.1652773537400605
1.2383692857142856,35.0,0.09453242532071618,1.1792407278457273
1.2390757142857143,35.0,0.09454357362914412,1.1940160735684149
1.2397821428571427,35.0,0.09455448354520851,1.2090603004305533
1.2404885714285714,35.0,0.09456511910425294,1.2234870937202045
1.2411949999999998,35.0,0.09457555938477905,1.236609514650644
1.2419014285714285,35.0,0.09458578428903563,1.2477646195005359
1.2426078571428572,35.0,0.0945956456416289,1.2563195792818542
1.2433142857142856,35.0,0.0946050559544489,1.2617589332843446
1.2440207142857143,35.0,0.09461408628585753,1.2637368290572693
1.2447271428571427,35.0,0.09462277961460777,1.262340971336886
1.2454335714285714,35.0,0.09463099817598387,1.2574431856887331
1.24614,35.0,0.09463859454638131,1.2493581769157798
1.2468464285714285,35.0,0.09464599041432635,1.2385825847230265
1.2475528571428571,35.0,0.09465312151468999,1.2257230713780836
1.2482592857142856,35.0,0.094659734698214,1.2114141312786364
1.2489657142857142,35.0,0.0946663600781303,1.1963933784277268
1.249672142857143,35.0,0.09467274042730311,1.1815069381121435
1.2503785714285713,35.0,0.09467879486544283,1.1673497656050775
1.251085,35.0,0.09468502160622769,1.1545094907294735
1.2517914285714284,35.0,0.09469100422264305,1.143473588368264
1.252497857142857,35.0,0.09469685301590253,1.1345074753997972
1.2532042857142855,35.0,0.09470301776392256,1.1277804132890004
1.2539107142857142,35.0,0.09470913015953179,1.1232345564773223
1.2546171428571429,35.0,0.09471522104643584,1.120727118366587
1.2553235714285713,35.0,0.09472154257841009,1.1199079556842693
1.25603,35.0,0.09472796995330683,1.1204864021280705
1.2567364285714284,35.0,0.09473448461845642,1.1219728105146367
1.257442857142857,35.0,0.0947409851197957,1.1238754716712274
1.2581492857142857,35.0,0.09474749486012732,1.1260049986163296
1.2588557142857142,35.0,0.09475418704106464,1.127966681240541
1.2595621428571429,35.0,0.09476085187268411,1.1295784639811641
1.2602685714285713,35.0,0.09476747622307546,1.1308148439448933
1.260975,35.0,0.09477426044631089,1.131767026638289
1.2616814285714284,35.0,0.09478100013385915,1.1325938757443486
1.262387857142857,35.0,0.09478761990733199,1.133511640892988
1.2630942857142857,35.0,0.09479427060742453,1.134889768372099
1.2638007142857142,35.0,0.09480075767947202,1.1372204819232954
1.2645071428571428,35.0,0.0948070360025504,1.1406470087545375
1.2652135714285713,35.0,0.09481337818127555,1.1455574105786135
1.26592,35.0,0.09481949006853722,1.1521815500633323
1.2666264285714286,35.0,0.09482522749593128,1.160466753050953
1.267332857142857,35.0,0.09483109637587026,1.1704035039175955
1.2680392857142857,35.0,0.09483675347412007,1.1816789073429894
1.2687457142857141,35.0,0.09484190773049814,1.1939814689777923
1.2694521428571428,35.0,0.0948470068939007,1.2068019662794696
1.2701585714285715,35.0,0.09485174449128038,1.2194462683324212
1.270865,35.0,0.09485608097002993,1.2313328803591879
1.2715714285714286,35.0,0.09486019960617328,1.2417957623027398
1.272277857142857,35.0,0.09486382666397596,1.250161491433748
1.2729842857142857,35.0,0.09486721894574983,1.255882974577553
1.2736907142857141,35.0,0.0948702485765926,1.2586001696694742
1.2743971428571428,35.0,0.09487273066298138,1.2581275993899383
1.2751035714285714,35.0,0.09487493445230484,1.2542523665566978
1.2758099999999999,35.0,0.09487662826504022,1.2472654822020885
1.2765164285714286,35.0,0.09487787219499592,1.237394409350768
1.277222857142857,35.0,0.0948788301485694,1.2251449270162127
1.2779292857142857,35.0,0.0948792371316997,1.2111318856980664
1.2786357142857143,35.0,0.09487930952445854,1.196043207751759
1.2793421428571428,35.0,0.09487935498154336,1.1806537292790351
1.2800485714285714,35.0,0.09487904976539416,1.165714744346542
1.2807549999999999,35.0,0.09487842353174573,1.151877394053247
1.2814614285714285,35.0,0.0948779041416026,1.1396529277980265
1.282167857142857,35.0,0.09487727041326341,1.1295911984933777
1.2828742857142856,35.0,0.09487643322703519,1.121885006191869
1.2835807142857143,35.0,0.09487577326984167,1.1166629862126634
1.2842871428571427,35.0,0.09487521699303743,1.1138502171476847
1.2849935714285714,35.0,0.09487468053027263,1.113307491365606
1.2856999999999998,35.0,0.09487440070633169,1.1146862112407478
1.2864064285714285,35.0,0.09487420189089582,1.117463301019073
1.2871128571428572,35.0,0.0948740683095674,1.1213020347177742
1.2878192857142856,35.0,0.09487419806378304,1.1257342333121159
1.2885257142857143,35.0,0.0948742620698382,1.1302498122413323
1.2892321428571427,35.0,0.09487430440989406,1.134625754153024
1.2899385714285714,35.0,0.09487440008470477,1.1385205538995165
1.290645,35.0,0.09487438747881702,1.141990524484657
1.2913514285714285,35.0,0.09487447629112507,1.1449025968910362
1.2920578571428571,35.0,0.09487436781448212,1.1473366376066807
1.2927642857142856,35.0,0.09487405014753936,1.1497446101180986
1.2934707142857143,35.0,0.09487390680748171,1.1522242539628684
1.2941771428571427,35.0,0.09487340845190581,1.1551326775348023
1.2948835714285714,35.0,0.09487259495402872,1.1588730759992631
1.29559,35.0,0.09487191180060117,1.1636437338031662
1.2962964285714285,35.0,0.09487093049870643,1.1696690050898846
1.2970028571428571,35.0,0.09486969713882668,1.1769547153849649
1.2977092857142856,35.0,0.09486846124737935,1.185443568503226
1.2984157142857142,35.0,0.09486697031195501,1.1950505925302686
1.299122142857143,35.0,0.09486529420805498,1.2052463415464068
1.2998285714285713,35.0,0.09486351072264576,1.2157333824835075
1.300535,35.0,0.09486138907723964,1.2259304283931136
1.3012414285714284,35.0,0.0948588907208968,1.2351860740645977
1.301947857142857,35.0,0.0948562008917195,1.2429920872256364
1.3026542857142855,35.0,0.09485318731515247,1.2487168593147089
1.3033607142857142,35.0,0.09484971517923413,1.2519323163732163
1.3040671428571429,35.0,0.09484597102640634,1.2522960707894601
1.3047735714285713,35.0,0.0948418830357049,1.2496701701392008
1.30548,35.0,0.09483744349149494,1.2439558731510345
1.3061864285714284,35.0,0.09483260649928466,1.2353694130297672
1.306892857142857,35.0,0.0948273313789496,1.2243268564361027
1.3075992857142857,35.0,0.0948219484941039,1.2112073972974977
1.3083057142857142,35.0,0.09481622853757601,1.1966373501358083
1.3090121428571428,35.0,0.09481011388519839,1.181444858921522
1.3097185714285713,35.0,0.0948041100874188,1.1662993843507017
1.310425,35.0,0.09479796823023039,1.1518323775326942
1.3111314285714286,35.0,0.09479168696992411,1.1388336689504677
1.311837857142857,35.0,0.09478567741821654,1.1278064215795418
1.3125442857142857,35.0,0.09477954851783692,1.119094445517736
1.3132507142857142,35.0,0.09477342884322583,1.1129920223481873
1.3139571428571428,35.0,0.09476769474467203,1.1095385399189452
1.3146635714285713,35.0,0.09476189859908604,1.108767775467836
1.31537,35.0,0.09475620707209356,1.1102566258697197
1.3160764285714286,35.0,0.0947508977456791,1.113727555337288
1.316782857142857,35.0,0.09474566910763338,1.118806162151065
1.3174892857142857,35.0,0.09474055862651386,1.1248223206594379
1.3181957142857141,35.0,0.09473558919409408,1.1314157969886118
1.3189021428571428,35.0,0.09473074605357856,1.138042638470112
1.3196085714285715,35.0,0.09472602013430646,1.1444090910755158
1.320315,35.0,0.09472122175273395,1.1502122442484004
1.3210214285714286,35.0,0.09471642167816184,1.1552049868600731
1.321727857142857,35.0,0.09471172740182902,1.1595201060059739
1.3224342857142857,35.0,0.09470699673762309,1.1631382547737221
1.3231407142857141,35.0,0.09470218478068552,1.1662252202794985
1.3238471428571428,35.0,0.09469741303159433,1.1691870441623007
1.3245535714285714,35.0,0.09469254547145396,1.1721570206350536
1.3252599999999999,35.0,0.0946874892562758,1.1755543564437807
1.3259664285714285,35.0,0.09468247906471676,1.1796840268349482
1.326672857142857,35.0,0.09467723402012053,1.1845353982085063
1.3273792857142857,35.0,0.09467172626637521,1.1904044540449743
1.3280857142857143,35.0,0.09466641134055752,1.1971601827284768
1.3287921428571428,35.0,0.09466078613843867,1.2046447049082813
1.3294985714285714,35.0,0.0946548530125207,1.2125995716377043
1.3302049999999999,35.0,0.094649097257614,1.2205671105218765
1.3309114285714285,35.0,0.09464305792091394,1.2282460031588698
1.331617857142857,35.0,0.09463674945416609,1.2349110002462078
1.3323242857142856,35.0,0.09463035441402663,1.240084343512113
1.3330307142857143,35.0,0.09462367099294824,1.2434051461919096
1.3337371428571427,35.0,0.0946168632413704,1.244363374248444
1.3344435714285714,35.0,0.09460987681176142,1.2426710120287479
1.3351499999999998,35.0,0.09460262888224104,1.238247639287613
1.3358564285714285,35.0,0.09459533016079162,1.231184633150904
1.3365628571428572,35.0,0.09458783599067819,1.2215385287898706
1.3372692857142856,35.0,0.0945801219423571,1.209760606335774
1.3379757142857143,35.0,0.09457237574110272,1.1963417775682104
1.3386821428571427,35.0,0.09456440792956795,1.1819232314522874
1.3393885714285714,35.0,0.0945563931691852,1.167135074748986
1.340095,35.0,0.09454850551052127,1.1527315612481808
1.3408014285714285,35.0,0.09454045187122423,1.1394246839816013
1.3415078571428571,35.0,0.09453249688958383,1.1277578112342699
1.3422142857142856,35.0,0.09452490500167947,1.1183358352940567
1.3429207142857142,35.0,0.09451737922234113,1.1113831327463084
1.3436271428571427,35.0,0.09450992137344866,1.107229211844731
1.3443335714285714,35.0,0.09450288938375376,1.1058827446022492
1.34504,35.0,0.09449609648772182,1.1071150745904055
1.3457464285714285,35.0,0.09448940668845812,1.110795569622348
1.3464528571428571,35.0,0.09448319343357603,1.1163933112135571
1.3471592857142856,35.0,0.09447719528857039,1.1234836635740706
1.3478657142857142,35.0,0.09447139601246961,1.131529631224846
1.3485721428571429,35.0,0.09446601266974139,1.139909217442314
1.3492785714285713,35.0,0.0944606453507502,1.14831180109827
1.349985,35.0,0.09445545220538384,1.1561507677065546
1.3506914285714284,35.0,0.09445045676436026,1.1632232727032548
1.351397857142857,35.0,0.09444538515820086,1.16932129510985
1.3521042857142855,35.0,0.0944404208835645,1.1743437663443412
1.3528107142857142,35.0,0.09443536410124423,1.1784686105289564
1.3535171428571429,35.0,0.09443028523575346,1.181706114523815
1.3542235714285713,35.0,0.09442539672768813,1.184415454327879
1.35493,35.0,0.09442025119709692,1.1869708433707469
1.3556364285714284,35.0,0.09441502756048369,1.1894773047613316
1.356342857142857,35.0,0.09440999815090825,1.1923382966943132
1.3570492857142857,35.0,0.09440472118244218,1.195788722154336
1.3577557142857142,35.0,0.09439933083301487,1.1998309828924452
1.3584621428571428,35.0,0.09439409448659,1.204556093301334
1.3591685714285713,35.0,0.09438873283482929,1.2097835993037132
1.359875,35.0,0.09438331543088782,1.2153608572318966
1.3605814285714286,35.0,0.09437800387529212,1.2209388433749335
1.361287857142857,35.0,0.09437256990160522,1.2260070987410405
1.3619942857142857,35.0,0.09436706810602805,1.2302525043787764
1.3627007142857142,35.0,0.09436165368578792,1.233156710677293
1.3634071428571428,35.0,0.09435605451697153,1.2342684664505041
1.3641135714285713,35.0,0.09435027108012002,1.2332828494888564
1.36482,35.0,0.09434453995582255,1.229985476230853
1.3655264285714286,35.0,0.09433872361923298,1.2242991124193299
1.366232857142857,35.0,0.09433279345077561,1.2162445208213817
1.3669392857142857,35.0,0.09432685457098172,1.2060728695938314
1.3676457142857141,35.0,0.09432086282023781,1.1941512180654146
1.3683521428571428,35.0,0.09431497895626774,1.1810177984115697
1.3690585714285715,35.0,0.09430905762930303,1.1671815381775221
1.369765,35.0,0.09430307831990613,1.1534045151841714
1.3704714285714286,35.0,0.09429749913406493,1.1403264607455266
1.371177857142857,35.0,0.0942919663583226,1.1285885923851233
1.3718842857142857,35.0,0.09428652991496704,1.1187735137317507
1.372590714285714,35.0,0.09428163908633493,1.111278886214879
1.3732971428571428,35.0,0.09427686189907143,1.1065157326410269
1.3740035714285714,35.0,0.09427242048860529,1.1045287513374422
1.3747099999999999,35.0,0.09426850662405653,1.1053788562232316
1.3754164285714285,35.0,0.09426466166472186,1.1088241761687863
1.376122857142857,35.0,0.09426116221739948,1.1145510677127854
1.3768292857142856,35.0,0.09425813483809975,1.1222051719511619
1.3775357142857143,35.0,0.09425524583643484,1.131071791258317
1.3782421428571427,35.0,0.09425258332505214,1.1407182696917417
1.3789485714285714,35.0,0.09425025985943489,1.150622525110607
1.3796549999999999,35.0,0.09424812303208344,1.160145234093374
1.3803614285714285,35.0,0.09424608106066491,1.1689498153320093
1.3810678571428572,35.0,0.09424413878366264,1.1766591703640572
1.3817742857142856,35.0,0.09424229581227508,1.1832054990182326
1.3824807142857143,35.0,0.09424052681997376,1.188327830113861
1.3831871428571427,35.0,0.0942387276493306,1.1921786655455506
1.3838935714285714,35.0,0.09423688058858884,1.1950459319943687
1.3845999999999998,35.0,0.09423513976214827,1.196982369710681
1.3853064285714285,35.0,0.09423338531403688,1.1984116051832976
1.3860128571428572,35.0,0.09423153476528086,1.1996685870043613
1.3867192857142856,35.0,0.09422980397815388,1.2009793969810247
1.3874257142857143,35.0,0.0942279304889849,1.2026100849074917
1.3881321428571427,35.0,0.09422594920629701,1.2046921473932215
1.3888385714285714,35.0,0.0942241808962171,1.2072537834282844
1.389545,35.0,0.0942221707377483,1.21030207371454
1.3902514285714285,35.0,0.09422008763945264,1.2135406252406669
1.3909578571428571,35.0,0.09421831197445678,1.2167867906440044
1.3916642857142856,35.0,0.09421632623194846,1.219663368199908
1.3923707142857142,35.0,0.09421427724576723,1.2217503403827137
1.3930771428571427,35.0,0.09421244755846894,1.2226823309157522
1.3937835714285713,35.0,0.0942104916872618,1.2220823986273905
1.39449,35.0,0.09420854997340843,1.219665076848282
1.3951964285714284,35.0,0.09420664220607497,1.2152470604313577
1.3959028571428571,35.0,0.09420466011800419,1.2088271469299667
1.3966092857142856,35.0,0.0942028442025091,1.2003742409664169
1.3973157142857142,35.0,0.09420103720636261,1.1902528597295385
1.3980221428571429,35.0,0.09419927584080788,1.178783988380025
1.3987285714285713,35.0,0.09419769459286483,1.1664162520919517
1.399435,35.0,0.09419613701864507,1.153768215524067
1.4001414285714284,35.0,0.0941947658578237,1.1414684091505298
1.400847857142857,35.0,0.09419358860853001,1.1301798877476124
1.4015542857142855,35.0,0.09419250092934085,1.1203792557521608
1.4022607142857142,35.0,0.0941916889195582,1.112672078823233
1.4029671428571429,35.0,0.0941912781989732,1.1074816200499968
1.4036735714285713,35.0,0.09419102736756019,1.1049432641537178
1.40438,35.0,0.0941910062724603,1.1052028117447223
1.4050864285714284,35.0,0.0941915912094543,1.1082036988612443
1.405792857142857,35.0,0.09419236621206245,1.1137617182248252
1.4064992857142857,35.0,0.09419329474195658,1.1213448071513723
1.4072057142857142,35.0,0.09419475063633564,1.1305960867895095
1.4079121428571428,35.0,0.09419633509147879,1.1409885560443798
1.4086185714285713,35.0,0.09419812059934805,1.1517964241590666
1.409325,35.0,0.09420026945682312,1.162572926834797
1.4100314285714286,35.0,0.09420241445023168,1.1727284602975567
1.410737857142857,35.0,0.09420473197237861,1.1818957396738174
1.4114442857142857,35.0,0.09420720049262228,1.1896793554298288
1.4121507142857141,35.0,0.09420953190580378,1.1959331838689864
1.4128571428571428,35.0,0.09421191015251416,1.2006065905157601
1.4135635714285713,35.0,0.09421421607705022,1.2037224179288426
1.41427,35.0,0.09421641272244545,1.2055313627589241
1.4149764285714286,35.0,0.09421862632240095,1.2062850427383605
1.415682857142857,35.0,0.09422058169829528,1.2062340150540447
1.4163892857142857,35.0,0.09422252738844367,1.2058769028964718
1.4170957142857141,35.0,0.09422459744778297,1.2054069615131573
1.4178021428571428,35.0,0.09422636326971849,1.2050717328335865
1.4185085714285715,35.0,0.09422809517679243,1.205165916339358
1.419215,35.0,0.09422996359773277,1.2056625798640395
1.4199214285714286,35.0,0.09423164452815744,1.20660250024425
1.420627857142857,35.0,0.09423330485939344,1.2078026909929145
1.4213342857142857,35.0,0.0942350945806803,1.2090692739133668
1.422040714285714,35.0,0.09423682219108023,1.2101291162205747
1.4227471428571428,35.0,0.09423854363934775,1.2105639799744066
1.4234535714285714,35.0,0.0942404077754852,1.2100595179135691
1.4241599999999999,35.0,0.09424218406157837,1.208321706797224
1.4248664285714285,35.0,0.09424390198164362,1.2051008699013845
1.425572857142857,35.0,0.0942458141354758,1.200191415763721
1.4262792857142856,35.0,0.09424759440578467,1.1935756479133472
1.4269857142857143,35.0,0.0942493229586526,1.1854645840578724
1.4276921428571427,35.0,0.09425122665022823,1.1758925861789635
1.4283985714285714,35.0,0.09425310437565594,1.1653674168952035
1.4291049999999998,35.0,0.09425515747833957,1.154298435208036
1.4298114285714285,35.0,0.09425725100925406,1.1432423509372622
1.4305178571428572,35.0,0.09425942185017652,1.132768987668072
1.4312242857142856,35.0,0.09426197660356764,1.1234252080574496
1.4319307142857143,35.0,0.09426451723389644,1.1158367672529979
1.4326371428571427,35.0,0.09426725609770002,1.1103500153318155
1.4333435714285714,35.0,0.0942704593081469,1.1073460311568484
1.4340499999999998,35.0,0.09427373247670277,1.1069876421113511
1.4347564285714285,35.0,0.0942773025262411,1.109367984731657
1.4354628571428572,35.0,0.094281294984561,1.1142818750091443
1.4361692857142856,35.0,0.09428534954647778,1.1215084601571077
1.4368757142857143,35.0,0.09428969595469754,1.1306295476716828
1.4375821428571427,35.0,0.09429437659828414,1.141099882720845
1.4382885714285714,35.0,0.09429899076690298,1.1524133046970892
1.438995,35.0,0.0943037365276652,1.1638908787403535
1.4397014285714285,35.0,0.09430870226288532,1.174980697776985
1.4404078571428571,35.0,0.09431361532906637,1.1852610091328064
1.4411142857142856,35.0,0.09431848529907726,1.194138580607501
1.4418207142857142,35.0,0.09432337966995091,1.2014694560345127
1.4425271428571427,35.0,0.09432821343127243,1.2069576076065571
1.4432335714285713,35.0,0.09433290057327963,1.2106449784635027
1.44394,35.0,0.09433745093107768,1.2126252888807982
1.4446464285714284,35.0,0.09434183398968687,1.2129960723774307
1.445352857142857,35.0,0.09434613435102647,1.2122446399546567
1.4460592857142855,35.0,0.09435026756027269,1.2105778632158999
1.4467657142857142,35.0,0.09435415842021871,1.208409095875517
1.4474721428571429,35.0,0.09435808187534281,1.206101378766415
1.4481785714285713,35.0,0.09436181176598858,1.2039147874172573
1.448885,35.0,0.09436537836605076,1.2021202886418918
1.4495914285714284,35.0,0.09436904184424391,1.2007955116953288
1.450297857142857,35.0,0.09437237236539561,1.1998884061818782
1.4510042857142857,35.0,0.0943756532910615,1.1994900648342528
1.4517107142857142,35.0,0.09437912903742317,1.1992547137366478
1.4524171428571429,35.0,0.09438226223103036,1.1989216569050067
1.4531235714285713,35.0,0.09438541754550445,1.1982903061428753
1.45383,35.0,0.09438876989081293,1.1969777798296557
1.4545364285714284,35.0,0.09439190691156268,1.194703307098718
1.455242857142857,35.0,0.09439506816313296,1.191197060177714
1.4559492857142857,35.0,0.09439828756693845,1.1864434880542718
1.4566557142857142,35.0,0.09440144738524874,1.1803015549074538
1.4573621428571428,35.0,0.09440465952071722,1.172871365425642
1.4580685714285713,35.0,0.09440784867014547,1.1644448409924195
1.458775,35.0,0.09441106154367641,1.1552642029203684
1.4594814285714286,35.0,0.09441439331977206,1.145811516725687
1.460187857142857,35.0,0.09441778559677343,1.1365817540513905
1.4608942857142857,35.0,0.09442126044561407,1.1280620608221066
1.4616007142857141,35.0,0.09442486881123523,1.120841512458008
1.4623071428571428,35.0,0.0944285413968282,1.11532761193592
1.4630135714285712,35.0,0.09443236469919347,1.111957091953652
1.46372,35.0,0.09443641738264998,1.1109635578718444
1.4644264285714286,35.0,0.09444048468398902,1.1125131570602143
1.465132857142857,35.0,0.09444473543278226,1.1165921327346289
1.4658392857142857,35.0,0.09444935272742633,1.1230305215520378
1.4665457142857141,35.0,0.09445392804499883,1.1314815200663988
1.4672521428571428,35.0,0.09445858801329253,1.1415880597625894
1.4679585714285714,35.0,0.09446361291721823,1.1528066605147178
1.4686649999999999,35.0,0.09446852093580665,1.1644362505327592
1.4693714285714286,35.0,0.0944734023975464,1.1760876974020869
1.470077857142857,35.0,0.09447845741877167,1.1870129074601972
1.4707842857142857,35.0,0.09448326990129192,1.196829889726924
1.4714907142857143,35.0,0.09448807040799857,1.2050545540488413
1.4721971428571428,35.0,0.0944928404360273,1.2114148058069467
1.4729035714285714,35.0,0.09449726950493735,1.215892994076522
1.4736099999999999,35.0,0.09450162225880089,1.2182288160136048
1.4743164285714285,35.0,0.09450574249027498,1.2187437739686595
1.475022857142857,35.0,0.09450956716592321,1.2176753832838512
1.4757292857142856,35.0,0.09451322459094405,1.2152048251610872
1.4764357142857143,35.0,0.09451653566661783,1.2118640295591852
1.4771421428571427,35.0,0.0945197172498572,1.2079640686571844
1.4778485714285714,35.0,0.09452276971371364,1.2039369455579023
1.4785549999999998,35.0,0.09452546205865653,1.2000842693786546
1.4792614285714285,35.0,0.09452811707644507,1.1965937163395968
1.4799678571428572,35.0,0.09453077539491023,1.1937700533449165
1.4806742857142856,35.0,0.09453316362920682,1.1915310268098769
1.4813807142857143,35.0,0.09453546105636837,1.1898082971390305
1.4820871428571427,35.0,0.09453783053959952,1.1885770556138946
1.4827935714285714,35.0,0.0945400460431311,1.1874624175669568
1.4834999999999998,35.0,0.0945421883351134,1.1862431415796817
1.4842064285714285,35.0,0.09454446714156592,1.1846786851285618
1.4849128571428571,35.0,0.09454657737383512,1.1823779279014988
1.4856192857142856,35.0,0.09454865937348947,1.179233281264821
1.4863257142857143,35.0,0.0945508980997901,1.1750449218757835
1.4870321428571427,35.0,0.09455289597097705,1.1698264775421612
1.4877385714285714,35.0,0.09455489269382455,1.1635433908278434
1.488445,35.0,0.09455700807141523,1.1565098888397336
1.4891514285714285,35.0,0.09455897284770146,1.1489910530062435
1.4898578571428571,35.0,0.09456098862844815,1.1412798001003988
1.4905642857142856,35.0,0.09456303497596355,1.1339291937328801
1.4912707142857142,35.0,0.09456512829015142,1.1274121467779465
1.491977142857143,35.0,0.09456741258362926,1.1221457663558734
1.4926835714285713,35.0,0.09456962315761687,1.118542819715876
1.49339,35.0,0.09457193343955501,1.117011834614739
1.4940964285714284,35.0,0.09457453579145222,1.1177031536030204
1.494802857142857,35.0,0.09457702737678947,1.120777403660493
1.4955092857142855,35.0,0.0945796650095715,1.1260900088349715
1.4962157142857142,35.0,0.0945825638429238,1.1335532568128717
1.4969221428571429,35.0,0.0945853319592118,1.142822715894277
1.4976285714285713,35.0,0.09458826971851028,1.1533435975179511
1.498335,35.0,0.09459130448948587,1.16472814392157
1.4990414285714284,35.0,0.09459413868523506,1.1763413956302766
1.499747857142857,35.0,0.09459701194456045,1.1875675274980724
1.5004542857142857,35.0,0.09459986453161502,1.1979382116688153
1.5011607142857142,35.0,0.09460244399217467,1.2068539933650417
1.5018671428571428,35.0,0.09460482161272529,1.2140999529411614
1.5025735714285713,35.0,0.09460715474206594,1.219271483365475
1.50328,35.0,0.09460921450990517,1.2222935038077103
1.5039864285714284,35.0,0.0946109771008344,1.2232830108220265
1.504692857142857,35.0,0.09461259167864855,1.222214156269335
1.5053992857142857,35.0,0.09461389094262461,1.2195336361240436
1.5061057142857142,35.0,0.09461499604062543,1.215502029743763
1.5068121428571428,35.0,0.09461584061271174,1.2105080473462664
1.5075185714285713,35.0,0.09461639160570849,1.2050910226792235
1.508225,35.0,0.09461691255044022,1.1995355542055712
1.5089314285714286,35.0,0.0946171519049897,1.1942408772246365
1.509637857142857,35.0,0.09461722516374518,1.189530061113751
1.5103442857142857,35.0,0.09461734993267558,1.1854863886364935
1.5110507142857141,35.0,0.09461718816914408,1.1822963417509347
1.5117571428571428,35.0,0.09461702656921196,1.1798137589251385
1.5124635714285712,35.0,0.09461694801887395,1.1779553871600221
1.51317,35.0,0.09461653967437135,1.1765777780382738
1.5138764285714286,35.0,0.09461621757750784,1.1752473463757938
1.514582857142857,35.0,0.09461604632232043,1.1738297969676803
1.5152892857142857,35.0,0.09461563049187491,1.1720322202566529
1.5159957142857141,35.0,0.09461528618420248,1.1695758136649133
1.5167021428571428,35.0,0.09461505875785708,1.1663460771579457
1.5174085714285714,35.0,0.09461471408457768,1.1622981438643052
1.5181149999999999,35.0,0.094614408351393,1.1574741780420617
1.5188214285714285,35.0,0.09461411569647167,1.1520000401831014
1.519527857142857,35.0,0.09461380465598455,1.146161360909269
1.5202342857142856,35.0,0.09461355969722984,1.1402858944142473
1.5209407142857143,35.0,0.09461330931888202,1.1347998283156848
1.5216471428571428,35.0,0.09461309827468388,1.1300944867367133
1.5223535714285714,35.0,0.09461296898854522,1.1265852414178832
1.5230599999999999,35.0,0.09461289847103607,1.124680327881988
1.5237664285714285,35.0,0.09461289095470446,1.1246558822418542
1.524472857142857,35.0,0.09461295459103414,1.126661297932296
1.5251792857142856,35.0,0.09461301490761517,1.1307657095107178
1.5258857142857143,35.0,0.09461314081876172,1.136993278097569
1.5265921428571427,35.0,0.09461345868367523,1.1449801472069592
1.5272985714285714,35.0,0.0946136152856318,1.154470956593308
1.5280049999999998,35.0,0.09461380851700035,1.1650701926120508
1.5287114285714285,35.0,0.0946142557823267,1.176127298139065
1.5294178571428572,35.0,0.09461438559723916,1.1872251563814307
1.5301242857142856,35.0,0.09461449017070275,1.1976851964505915
1.5308307142857143,35.0,0.09461468290369862,1.2070525745452945
1.5315371428571427,35.0,0.0946145046891858,1.2148887641696857
1.5322435714285714,35.0,0.09461425204869853,1.2207593404031278
1.5329499999999998,35.0,0.09461384846865054,1.2245780863710183
1.5336564285714285,35.0,0.09461308525359788,1.2261033370904317
1.5343628571428571,35.0,0.0946122287248749,1.225524853484344
1.5350692857142856,35.0,0.09461113213033902,1.2229925676983993
1.5357757142857142,35.0,0.09460971608954272,1.2187028938571587
1.5364821428571427,35.0,0.09460813747774735,1.2132102327204077
1.5371885714285713,35.0,0.09460629937433766,1.206836700670942
1.537895,35.0,0.09460429542136566,1.2000464387033278
1.5386014285714285,35.0,0.09460214381199691,1.1932853355640904
1.5393078571428571,35.0,0.09459975354111928,1.1869260003154496
1.5400142857142856,35.0,0.09459738468260431,1.1812800314428866
1.5407207142857142,35.0,0.0945950041863332,1.176509476369922
1.5414271428571429,35.0,0.09459243587104324,1.1726992100148577
1.5421335714285713,35.0,0.09458993865234694,1.169911797601987
1.54284,35.0,0.09458757953198353,1.1679388424787687
1.5435464285714284,35.0,0.09458509666827669,1.1665547350485266
1.544252857142857,35.0,0.0945826427395825,1.1656277901879428
1.5449592857142855,35.0,0.09458038512300304,1.1647528630296249
1.5456657142857142,35.0,0.09457802597108257,1.163711506153449
1.5463721428571429,35.0,0.09457574513647206,1.1622586137606985
1.5470785714285713,35.0,0.0945736688188497,1.1602439693604631
1.547785,35.0,0.09457142233213019,1.1575811220484091
1.5484914285714284,35.0,0.09456928432374358,1.154250336727452
1.549197857142857,35.0,0.09456731376068053,1.1504145975760334
1.5499042857142857,35.0,0.09456516230018633,1.1462890791088014
1.5506107142857142,35.0,0.09456313051799616,1.142143508537516
1.5513171428571428,35.0,0.0945611893142476,1.1383253877696913
1.5520235714285713,35.0,0.09455921412374119,1.1352738572370331
1.55273,35.0,0.09455740975640788,1.1332932832719
1.5534364285714284,35.0,0.09455555447324525,1.1327206621647867
1.554142857142857,35.0,0.09455384698191965,1.1338631987946541
1.5548492857142857,35.0,0.09455234450483656,1.1367975685031835
1.5555557142857142,35.0,0.0945506813996044,1.1416060707437214
1.5562621428571428,35.0,0.09454919931707999,1.1481987441130828
1.5569685714285713,35.0,0.09454784796465929,1.1563549357945828
1.557675,35.0,0.09454636132957268,1.1656781064736887
1.5583814285714286,35.0,0.09454500436265706,1.1758420448347835
1.559087857142857,35.0,0.09454367454596119,1.186297486990697
1.5597942857142857,35.0,0.094542177851249,1.1964040867498082
1.5605007142857141,35.0,0.09454069127665482,1.205834390768358
1.5612071428571428,35.0,0.09453917677477938,1.2139335332947756
1.5619135714285715,35.0,0.0945373549526739,1.2203674476128092
1.56262,35.0,0.09453541235795429,1.2247658444630654
1.5633264285714286,35.0,0.09453343921360485,1.2270261566632767
1.564032857142857,35.0,0.09453109965136414,1.2270799179273777
1.5647392857142857,35.0,0.09452856874505511,1.224895803379961
1.565445714285714,35.0,0.09452598692934885,1.220886112457873
1.5661521428571428,35.0,0.09452313622828507,1.2152613522588338
1.5668585714285714,35.0,0.09452015649914652,1.2084258453931134
1.5675649999999999,35.0,0.09451704033083251,1.2008891421101746
1.5682714285714285,35.0,0.09451374736765612,1.1930694249454792
1.568977857142857,35.0,0.09451048821676616,1.1854629946422748
1.5696842857142856,35.0,0.09450707519451382,1.1784003360226478
1.5703907142857143,35.0,0.09450361436315755,1.1722103689202537
1.5710971428571427,35.0,0.09450032451257576,1.1671299308245013
1.5718035714285714,35.0,0.09449690169072303,1.1632149058473906
1.5725099999999999,35.0,0.09449361023985144,1.1604502108376313
1.5732164285714285,35.0,0.09449051184497491,1.158739166140478
1.573922857142857,35.0,0.09448725909673839,1.1578649851708047
1.5746292857142856,35.0,0.09448427908044885,1.1575503917505623
1.5753357142857143,35.0,0.09448147384618416,1.1575447795204543
1.5760421428571427,35.0,0.0944785037821846,1.1575192995374601
1.5767485714285714,35.0,0.09447580895960137,1.157254144603232
1.5774549999999998,35.0,0.09447329573929786,1.156566459874716
1.5781614285714285,35.0,0.09447072971634082,1.1553376423902506
1.5788678571428572,35.0,0.09446832057776161,1.1535192031874035
1.5795742857142856,35.0,0.09446603534378707,1.1512795999920804
1.5802807142857143,35.0,0.0944637955347183,1.1487212767015986
1.5809871428571427,35.0,0.09446162285353574,1.1461291600961299
1.5816935714285714,35.0,0.09445955124000716,1.1438044883756513
1.5823999999999998,35.0,0.09445752550041094,1.14210318487576
1.5831064285714285,35.0,0.09445559652533747,1.1413630897004947
1.5838128571428571,35.0,0.09445378092177936,1.1417988518324755
1.5845192857142856,35.0,0.09445196985525504,1.1437242505441767
1.5852257142857142,35.0,0.09445031443517751,1.147246602403856
1.5859321428571427,35.0,0.09444868803837222,1.1523449904889624
1.5866385714285713,35.0,0.09444710492102193,1.1589200224507517
1.587345,35.0,0.09444567541839907,1.166839553303772
1.5880514285714284,35.0,0.09444407513026842,1.175670560389082
1.588757857142857,35.0,0.09444259972398299,1.1850174560194204
1.5894642857142856,35.0,0.0944412714399401,1.1944662974271143
1.5901707142857142,35.0,0.09443964635952327,1.2034398519784522
1.5908771428571429,35.0,0.09443810421206736,1.2114733458605473
1.5915835714285713,35.0,0.09443663518273508,1.2181318428838586
1.59229,35.0,0.09443483024199058,1.222992578728195
1.5929964285714284,35.0,0.09443301091283585,1.2258874030638744
1.593702857142857,35.0,0.09443113379328218,1.226541895622665
1.5944092857142855,35.0,0.09442893643895316,1.2250606808964333
1.5951157142857142,35.0,0.09442672522438945,1.2215091999925995
1.5958221428571429,35.0,0.09442435446359905,1.2161305450373006
1.5965285714285713,35.0,0.09442175655607767,1.2093562803534723
1.597235,35.0,0.09441916853249034,1.2014614464551554
1.5979414285714284,35.0,0.09441644602409852,1.1930984915897775
1.598647857142857,35.0,0.0944136609493162,1.1846243988217193
1.5993542857142857,35.0,0.09441083507168707,1.17649250004858
1.6000607142857142,35.0,0.09440797126030298,1.1691654011519772
1.6007671428571428,35.0,0.09440522940141823,1.1628840716582345
1.6014735714285713,35.0,0.09440252651504114,1.1578690772561113
1.60218,35.0,0.09439985566661363,1.1542411805680481
1.6028864285714284,35.0,0.0943973881256464,1.1519139598330266
1.603592857142857,35.0,0.09439514448755916,1.1508218414646834
1.6042992857142857,35.0,0.09439291215565587,1.150728296460383
1.6050057142857141,35.0,0.09439086426585408,1.151341469817917
1.6057121428571428,35.0,0.0943891414769302,1.152377967347702
1.6064185714285713,35.0,0.09438736953940027,1.1535410955237342
1.607125,35.0,0.09438578658682441,1.154586757544525
1.6078314285714286,35.0,0.09438447788166923,1.155209142530261
1.608537857142857,35.0,0.09438306187131267,1.1553960947151611
1.6092442857142857,35.0,0.09438190464198512,1.1550483526417177
1.6099507142857141,35.0,0.09438092215229675,1.1542021335630224
1.6106571428571428,35.0,0.09437979421940998,1.1530247024165732
1.6113635714285715,35.0,0.09437890332841022,1.1517393581755895
1.61207,35.0,0.0943781013636628,1.1506286341340397
1.6127764285714286,35.0,0.09437725553982063,1.1499679614229579
1.613482857142857,35.0,0.09437657187945467,1.1500391000822925
1.6141892857142857,35.0,0.09437590541171158,1.1511926385983111
1.614895714285714,35.0,0.09437536476119177,1.1535333671904282
1.6156021428571428,35.0,0.09437493822714746,1.1571835849122398
1.6163085714285714,35.0,0.09437444563220522,1.1622187701154603
1.6170149999999999,35.0,0.0943741365754731,1.1684810395252219
1.6177214285714285,35.0,0.09437392246968226,1.1757537064608783
1.618427857142857,35.0,0.09437357411127312,1.1837651003756926
1.6191342857142856,35.0,0.09437333876599119,1.1920794902784473
1.6198407142857143,35.0,0.09437313906591649,1.2002612375782553
1.6205471428571427,35.0,0.09437278308071016,1.2078936120729509
1.6212535714285714,35.0,0.09437248248992147,1.2143901499073362
1.6219599999999998,35.0,0.09437214254600357,1.2195360364905854
1.6226664285714285,35.0,0.09437156941086892,1.222830651964461
1.623372857142857,35.0,0.09437097385965754,1.2241346112275333
1.6240792857142856,35.0,0.09437034700992693,1.2233835370769364
1.6247857142857143,35.0,0.09436940399670823,1.22046024575932
1.6254921428571427,35.0,0.09436839283917278,1.2157163117655017
1.6261985714285714,35.0,0.09436741874057927,1.2092669946668866
1.6269049999999998,35.0,0.0943661651840863,1.2015471314422512
1.6276114285714285,35.0,0.09436490955315922,1.1930397831095203
1.6283178571428572,35.0,0.09436368000895949,1.1841126955280046
1.6290242857142856,35.0,0.09436234120767113,1.1754026017466115
1.6297307142857143,35.0,0.09436114287319791,1.1671683018647938
1.6304371428571427,35.0,0.09435988304661719,1.1599397608224649
1.6311435714285714,35.0,0.09435869897750068,1.1540106745918899
1.63185,35.0,0.09435775440034933,1.1494180366523126
1.6325564285714285,35.0,0.09435676098129876,1.1464156086689705
1.6332628571428571,35.0,0.09435601820522267,1.1449051410919107
1.6339692857142856,35.0,0.09435549880873768,1.1446918218358024
1.6346757142857142,35.0,0.0943549639279682,1.1455716678458456
1.6353821428571427,35.0,0.09435477970454872,1.1473302719451792
1.6360885714285713,35.0,0.09435475026982766,1.1495366148601198
1.636795,35.0,0.09435468219186575,1.1519381850255792
1.6375014285714284,35.0,0.09435494678691804,1.154211743825563
1.638207857142857,35.0,0.09435534974607053,1.1561975046588517
1.6389142857142855,35.0,0.09435569867383252,1.1576311961253156
1.6396207142857142,35.0,0.09435624935061145,1.158517967581728
1.6403271428571429,35.0,0.09435696850498551,1.1588934672252293
1.6410335714285713,35.0,0.09435766059122805,1.1588108892346893
1.64174,35.0,0.09435843782421569,1.1585397046911545
1.6424464285714284,35.0,0.09435933252647824,1.1582484385502516
1.643152857142857,35.0,0.09436019288254725,1.1582834112005
1.6438592857142855,35.0,0.09436114586194819,1.1588708514890742
1.6445657142857142,35.0,0.09436214847095212,1.1602630902719915
1.6452721428571428,35.0,0.09436311596610053,1.1626600310496962
1.6459785714285713,35.0,0.09436420577301935,1.166145266411116
1.646685,35.0,0.09436528931988945,1.1707183964982988
1.6473914285714284,35.0,0.09436637377656172,1.1763493263380238
1.648097857142857,35.0,0.09436754434503403,1.1827355837192342
1.6488042857142857,35.0,0.09436860291207405,1.1896463221544546
1.6495107142857142,35.0,0.09436972463979505,1.1967632854632968
1.6502171428571428,35.0,0.0943708931195854,1.2035590282886854
1.6509235714285713,35.0,0.09437177899799598,1.2096786777770303
1.65163,35.0,0.09437278119416609,1.21474252057168
1.6523364285714286,35.0,0.09437382042631882,1.2182838802583627
1.653042857142857,35.0,0.09437449153233285,1.2201736309949422
1.6537492857142857,35.0,0.09437525961431759,1.2200315628595664
1.6544557142857141,35.0,0.09437595911897044,1.217983143759463
1.6551621428571428,35.0,0.09437636428404361,1.2140341500966425
1.6558685714285712,35.0,0.09437682015388642,1.2082133899019867
1.656575,35.0,0.09437712765991935,1.2010994412880498
1.6572814285714286,35.0,0.09437729711125349,1.1928228926105333
1.657987857142857,35.0,0.09437749531318831,1.1839751640824323
1.6586942857142857,35.0,0.0943776300199586,1.174974899863067
1.6594007142857141,35.0,0.094377737144891,1.1662918465517804
1.6601071428571428,35.0,0.09437789162022732,1.1584399597151485
1.6608135714285714,35.0,0.09437812871171394,1.151642290192487
1.6615199999999999,35.0,0.09437842783166762,1.1463018944174195
1.6622264285714285,35.0,0.09437882559567165,1.1425720460104127
1.662932857142857,35.0,0.09437933371581164,1.140411115077374
1.6636392857142857,35.0,0.09438003957047489,1.139886442803471
1.664345714285714,35.0,0.09438095725677104,1.1407652825885148
1.6650521428571428,35.0,0.09438190104963494,1.1427728369580845
1.6657585714285714,35.0,0.09438310058699742,1.1456892844443294
1.6664649999999999,35.0,0.09438456381894939,1.1490942454620383
1.6671714285714285,35.0,0.09438594810004118,1.1526766710315273
1.667877857142857,35.0,0.09438755978441517,1.1561499443535606
1.6685842857142856,35.0,0.09438936885459755,1.1592520644329938
1.6692907142857143,35.0,0.09439103214464074,1.1617809670697805
1.6699971428571427,35.0,0.09439290502245193,1.1636804950877484
1.6707035714285714,35.0,0.09439485684197312,1.1649522674531942
1.6714099999999998,35.0,0.09439663175261331,1.1656870842857234
1.6721164285714285,35.0,0.09439861612497104,1.166030650197616
1.6728228571428572,35.0,0.09440059822847527,1.1662607578103261
1.6735292857142856,35.0,0.09440241783155512,1.1665952020832415
1.6742357142857143,35.0,0.0944043678721103,1.1672967416784614
1.6749421428571427,35.0,0.09440626739848917,1.1686094459350114
1.6756485714285714,35.0,0.0944081408483469,1.170688839946376
1.6763549999999998,35.0,0.0944100556227609,1.1736778616103356
1.6770614285714285,35.0,0.09441186172083468,1.1775575976366237
1.6777678571428571,35.0,0.09441378027295075,1.1822227408662758
1.6784742857142856,35.0,0.0944156696440294,1.1875824059312814
1.6791807142857142,35.0,0.09441741017626734,1.1932936102513854
1.6798871428571427,35.0,0.09441924721247681,1.1990131358915461
1.6805935714285714,35.0,0.09442101272172496,1.2044658712756906
1.6813,35.0,0.0944226215214656,1.2091312957441398
1.6820064285714285,35.0,0.0944242117388642,1.2127770740334762
1.6827128571428571,35.0,0.09442573888521297,1.2149573507331106
1.6834192857142856,35.0,0.09442705633667878,1.2154960455581478
1.6841257142857142,35.0,0.09442834418621254,1.2143145400003423
1.6848321428571427,35.0,0.09442959660354369,1.2111906155268957
1.6855385714285713,35.0,0.09443051308246525,1.2064090954915285
1.686245,35.0,0.09443146976301559,1.2000756115485505
1.6869514285714284,35.0,0.09443241873072845,1.192467068499302
1.687657857142857,35.0,0.09443305573862001,1.1840861701342082
1.6883642857142855,35.0,0.09443379612227394,1.1752250617686064
1.6890707142857142,35.0,0.09443454783808605,1.1664913792008282
1.6897771428571429,35.0,0.09443519051537243,1.1582686872299608
1.6904835714285713,35.0,0.09443597878315659,1.1509486364288704
1.69119,35.0,0.09443676969237091,1.1449796160519607
1.6918964285714284,35.0,0.09443765562746845,1.1404843429227605
1.692602857142857,35.0,0.09443873613959419,1.1377219935649454
1.6933092857142855,35.0,0.0944397896694555,1.136658739909158
1.6940157142857142,35.0,0.09444105006404564,1.137202151455353
1.6947221428571428,35.0,0.0944425077354255,1.1392190329155558
1.6954285714285713,35.0,0.09444394735223487,1.142409182496266
1.696135,35.0,0.0944456684760355,1.1464107586578849
1.6968414285714284,35.0,0.0944474779776294,1.1509373382462653
1.697547857142857,35.0,0.09444924331986236,1.1555876965231635
1.6982542857142857,35.0,0.09445128093104331,1.160052536835219
1.6989607142857142,35.0,0.09445331507755035,1.1640655183673458
1.6996671428571428,35.0,0.0944552419552308,1.1674225097573145
1.7003735714285713,35.0,0.09445732924717505,1.170049475050796
1.70108,35.0,0.09445943265751276,1.1719238313914213
1.7017864285714286,35.0,0.09446137912174352,1.173087784684703
1.702492857142857,35.0,0.09446336362028988,1.1737559237969564
1.7031992857142857,35.0,0.09446539351827807,1.174142641690055
1.7039057142857141,35.0,0.09446725903653386,1.1744240423588033
1.7046121428571428,35.0,0.09446911966637599,1.1749066915889526
1.7053185714285712,35.0,0.0944709622333577,1.1758400865224865
1.706025,35.0,0.09447264055305854,1.1773518370370968
1.7067314285714286,35.0,0.09447436786203199,1.179542747754482
1.707437857142857,35.0,0.09447601044744265,1.1825236479906067
1.7081442857142857,35.0,0.09447753205948131,1.1861665857931472
1.7088507142857141,35.0,0.09447912012298125,1.1902942749231034
1.7095571428571428,35.0,0.09448053308781415,1.1947498574041933
1.7102635714285714,35.0,0.0944819420336947,1.1991911383135134
1.7109699999999999,35.0,0.09448333370031102,1.2032466938103445
1.7116764285714285,35.0,0.09448444076151237,1.2066616334996894
1.712382857142857,35.0,0.09448566762266256,1.2089870025726146
1.7130892857142856,35.0,0.09448678193486063,1.21006963709156
1.713795714285714,35.0,0.09448757224566048,1.2095790081812239
1.7145021428571428,35.0,0.09448849934331151,1.2074799568107144
1.7152085714285714,35.0,0.09448930138576778,1.2037728699149428
1.7159149999999999,35.0,0.09448984642482754,1.1984340914847404
1.7166214285714285,35.0,0.09449044987509692,1.1918892633244746
1.717327857142857,35.0,0.09449094377171074,1.1842350548424132
1.7180342857142856,35.0,0.09449128586970384,1.1759714639766918
1.7187407142857143,35.0,0.09449168302811058,1.1675285399394952
1.7194471428571427,35.0,0.09449203309897812,1.159301957550676
1.7201535714285714,35.0,0.09449233076006121,1.1517933502049178
1.7208599999999998,35.0,0.09449273458971232,1.14530807679661
1.7215664285714285,35.0,0.09449319884394533,1.1402772792170046
1.7222728571428572,35.0,0.0944936967386429,1.1368462849195078
1.7229792857142856,35.0,0.09449431710643016,1.1351257835559454
1.7236857142857143,35.0,0.09449506108828291,1.1351804745479832
1.7243921428571427,35.0,0.09449591783235,1.136876396085029
1.7250985714285714,35.0,0.09449690197265169,1.1399697587751962
1.7258049999999998,35.0,0.09449793259212948,1.1441968689682889
1.7265114285714285,35.0,0.09449914823677917,1.1492531772174075
1.7272178571428571,35.0,0.09450052257039059,1.1546995966209244
1.7279242857142856,35.0,0.09450177558880464,1.1602075187618064
1.7286307142857142,35.0,0.09450320847636468,1.1654289169261947
1.7293371428571427,35.0,0.09450474248305007,1.170108971761814
1.7300435714285713,35.0,0.09450603401309633,1.174022321639096
1.73075,35.0,0.09450748275101511,1.1770409614045265
1.7314564285714285,35.0,0.09450888825024069,1.1791914173347153
1.7321628571428571,35.0,0.09451003312166707,1.1805299162835168
1.7328692857142856,35.0,0.09451133202722918,1.181170194724023
1.7335757142857142,35.0,0.09451247139543772,1.1813604677962406
1.7342821428571427,35.0,0.09451340520490174,1.1813617250234822
1.7349885714285713,35.0,0.0945144366135505,1.1813422361588428
1.735695,35.0,0.0945152996959382,1.181627163006488
1.7364014285714284,35.0,0.09451604788648055,1.1823707928743343
1.737107857142857,35.0,0.09451675365686552,1.1836435486202252
1.7378142857142855,35.0,0.09451735489294232,1.185584647993892
1.7385207142857142,35.0,0.09451795233387762,1.1881068436939604
1.7392271428571429,35.0,0.09451843479335713,1.1910530240653292
1.7399335714285713,35.0,0.09451882828322476,1.1942626406524046
1.74064,35.0,0.09451923193681075,1.197491131819581
1.7413464285714284,35.0,0.09451955283583797,1.2003631605270595
1.742052857142857,35.0,0.09451971634896497,1.2026083120453033
1.7427592857142857,35.0,0.09451985909428415,1.2039653973245525
1.7434657142857142,35.0,0.09451995638687744,1.2041055463451775
1.7441721428571428,35.0,0.0945198196730379,1.2029248162681907
1.7448785714285713,35.0,0.09451970159692037,1.200239712096809
1.745585,35.0,0.09451951947286544,1.1961746608566308
1.7462914285714284,35.0,0.09451908453877739,1.1907417186272498
1.746997857142857,35.0,0.09451875611897372,1.1841621896298598
1.7477042857142857,35.0,0.09451837330555135,1.1768392662730525
1.7484107142857142,35.0,0.09451774170459531,1.1689917649950108
1.7491171428571428,35.0,0.09451727327756093,1.1611824691921195
1.7498235714285713,35.0,0.09451682476872747,1.1537175296388698
1.75053,35.0,0.09451622955514426,1.1470876061802031
1.7512364285714286,35.0,0.09451584541424743,1.1416492942345937
1.751942857142857,35.0,0.09451548867163616,1.1376190960133323
1.7526492857142857,35.0,0.09451518258527498,1.1353028387821207
1.7533557142857141,35.0,0.09451509149297058,1.134704259892902
1.7540621428571428,35.0,0.09451496735580059,1.1358471820118787
1.7547685714285712,35.0,0.09451505940484078,1.1385786885464726
1.755475,35.0,0.09451527979772666,1.1426698330828544
1.7561814285714286,35.0,0.09451545785510986,1.1478417248184472
1.756887857142857,35.0,0.09451587402973924,1.153692389167275
1.7575942857142857,35.0,0.09451629104009132,1.1598695374297903
1.758300714285714,35.0,0.09451669886345299,1.1660009921638195
1.7590071428571428,35.0,0.09451727157253724,1.1717164434418976
1.7597135714285714,35.0,0.09451775796761952,1.176771296905968
1.7604199999999999,35.0,0.09451814546175327,1.1809106901637003
1.7611264285714285,35.0,0.09451861615690761,1.1840712245814151
1.761832857142857,35.0,0.09451901347922052,1.1861931397686098
1.7625392857142856,35.0,0.09451917817801153,1.187365742813554
1.763245714285714,35.0,0.09451937684489038,1.1877371378412227
1.7639521428571427,35.0,0.09451954092191876,1.1874979758554072
1.7646585714285714,35.0,0.09451943133782267,1.1869283118437488
1.7653649999999999,35.0,0.0945193479075362,1.1862730736082583
1.7660714285714285,35.0,0.09451919711010917,1.1857227792138751
1.766777857142857,35.0,0.09451883391795968,1.1855609844558008
1.7674842857142856,35.0,0.0945185196893688,1.1859005600231494
1.7681907142857143,35.0,0.09451805326900127,1.1867336433776456
1.7688971428571427,35.0,0.09451747513040704,1.188157060389432
1.7696035714285714,35.0,0.09451695661583832,1.1900019580435839
1.7703099999999998,35.0,0.09451626804257761,1.1920918510546645
1.7710164285714285,35.0,0.09451557510513776,1.194230835457129
1.7717228571428572,35.0,0.09451486365344616,1.196104526207293
1.7724292857142856,35.0,0.09451397169233604,1.197454628561112
1.7731357142857143,35.0,0.09451318145883406,1.1980441829440311
1.7738421428571427,35.0,0.09451228339714204,1.197542121532517
1.7745485714285714,35.0,0.09451117002449554,1.1959147273512902
1.7752549999999998,35.0,0.09451023330508435,1.193018486652955
1.7759614285714285,35.0,0.09450916533689559,1.1888342213108951
1.7766678571428571,35.0,0.09450789937163641,1.1835598820453697
1.7773742857142856,35.0,0.094506807692258,1.1773284834376307
1.7780807142857142,35.0,0.09450562563962112,1.1704906659909848
1.7787871428571427,35.0,0.09450435166449157,1.1633569843448464
1.7794935714285713,35.0,0.09450318991176493,1.1563080352659734
1.7802,35.0,0.09450200997478794,1.1498520776176664
1.7809064285714284,35.0,0.09450083075655964,1.144194603026385
1.781612857142857,35.0,0.09449977614838517,1.139822377286947
1.7823192857142856,35.0,0.09449881763427528,1.1369472110100907
1.7830257142857142,35.0,0.0944978691363118,1.135662032804653
1.7837321428571427,35.0,0.09449710806859167,1.1361751806338882
1.7844385714285713,35.0,0.0944964821720255,1.1382938596807464
1.785145,35.0,0.09449589071527568,1.1419656811478156
1.7858514285714284,35.0,0.09449548774446857,1.1468823920772937
1.786557857142857,35.0,0.0944951173411791,1.1527738632728473
1.7872642857142855,35.0,0.09449487636647115,1.1592383534374697
1.7879707142857142,35.0,0.09449473512978276,1.1658778090875659
1.7886771428571429,35.0,0.09449446948960631,1.1723594038107694
1.7893835714285713,35.0,0.09449440135303247,1.178315277679967
1.79009,35.0,0.09449432970141336,1.1834178173077279
1.7907964285714284,35.0,0.09449402184250423,1.1875437020917712
1.791502857142857,35.0,0.09449387272388506,1.1905408132673252
1.7922092857142857,35.0,0.09449359922598029,1.1923653347982575
1.7929157142857142,35.0,0.09449308161275413,1.1931379702315164
1.7936221428571428,35.0,0.09449268195702232,1.192989422617115
1.7943285714285713,35.0,0.09449207450949723,1.192164770007285
1.795035,35.0,0.09449127976004523,1.1908486916271164
1.7957414285714284,35.0,0.09449057220280832,1.1893746359883308
1.796447857142857,35.0,0.09448968035927399,1.188008129033923
1.7971542857142857,35.0,0.09448866316337345,1.1868705939918212
1.7978607142857141,35.0,0.09448767022172026,1.1861999257446831
1.7985671428571428,35.0,0.09448659005205395,1.1860904844207183
1.7992735714285713,35.0,0.09448544579973688,1.1864543463716175
1.79998,35.0,0.0944842632245031,1.187328711559399
1.8006864285714286,35.0,0.09448304680293587,1.1884704476898227
1.801392857142857,35.0,0.0944818523487435,1.1897250682567826
1.8020992857142857,35.0,0.09448061880384725,1.190853616208642
1.8028057142857141,35.0,0.09447930844781591,1.1915357343118236
1.8035121428571428,35.0,0.09447805223888536,1.191587912952471
1.8042185714285712,35.0,0.0944767791620838,1.1908139675511749
1.804925,35.0,0.09447537859071976,1.188947112619754
1.8056314285714286,35.0,0.09447404409380236,1.1860910870629424
1.806337857142857,35.0,0.09447270787919045,1.1821284392869296
1.8070442857142857,35.0,0.09447120817297253,1.1771829605743365
1.807750714285714,35.0,0.09446986575507003,1.1715765738696557
1.8084571428571428,35.0,0.09446851803558004,1.1653772599583547
1.8091635714285714,35.0,0.09446699766285066,1.1591279657132016
1.8098699999999999,35.0,0.09446576927884767,1.1530280882419097
1.8105764285714285,35.0,0.09446452079141494,1.1475659978489225
1.811282857142857,35.0,0.09446317187920265,1.1430476677938575
1.8119892857142856,35.0,0.09446213475456916,1.139697786136441
1.8126957142857143,35.0,0.09446109848802392,1.1379376278862106
1.8134021428571427,35.0,0.09446014604604042,1.1377138677679728
1.8141085714285714,35.0,0.09445940208032355,1.1391188943563115
1.8148149999999998,35.0,0.09445868249584667,1.1421645677014058
1.8155214285714285,35.0,0.0944581640047883,1.1465776373437326
1.816227857142857,35.0,0.09445773502509734,1.1521266683701648
1.8169342857142856,35.0,0.09445732850902601,1.158508289742238
1.8176407142857143,35.0,0.09445709162809977,1.165331187883571
1.8183471428571427,35.0,0.09445686305344381,1.1722081023305095
1.8190535714285714,35.0,0.09445661648372068,1.1787425783823693
1.8197599999999998,35.0,0.09445646519076002,1.1846333585332516
1.8204664285714285,35.0,0.09445624610213812,1.1895824526833207
1.8211728571428571,35.0,0.09445593717985809,1.1933870562920754
1.8218792857142856,35.0,0.09445569815721924,1.1959552579190962
1.8225857142857143,35.0,0.09445532737934266,1.197299249684858
1.8232921428571427,35.0,0.09445475509837374,1.1974478528623969
1.8239985714285714,35.0,0.09445425527582148,1.1966468959268775
1.8247049999999998,35.0,0.09445364758743803,1.1950302084094537
1.8254114285714285,35.0,0.09445278731855032,1.1929522587341432
1.8261178571428571,35.0,0.09445200765826837,1.1906283332956775
1.8268242857142856,35.0,0.09445115479673617,1.1883361217410608
1.8275307142857142,35.0,0.09445010232487258,1.1863527319215101
1.8282371428571427,35.0,0.09444914990946567,1.1847489368089617
1.8289435714285713,35.0,0.09444810542279716,1.1837489044639151
1.82965,35.0,0.09444697089921414,1.183286733075971
1.8303564285714284,35.0,0.09444595491836082,1.1833159100435329
1.831062857142857,35.0,0.09444480848663867,1.183759735178829
1.8317692857142855,35.0,0.0944436896983333,1.1843828974412394
1.8324757142857142,35.0,0.09444265590328521,1.1849450216031736
1.8331821428571429,35.0,0.09444150107431751,1.1852971504985168
1.8338885714285713,35.0,0.0944404984155789,1.1850678101454193
1.834595,35.0,0.09443944166570893,1.1842033207060092
1.8353014285714284,35.0,0.09443829717327604,1.1824835228841755
1.836007857142857,35.0,0.09443738223212227,1.1797922621531494
1.8367142857142855,35.0,0.09443632767574729,1.176317382249201
1.8374207142857142,35.0,0.09443523184816638,1.1719554637517235
1.8381271428571428,35.0,0.0944343395101341,1.1670008325864627
1.8388335714285713,35.0,0.09443338364839389,1.1617382407957828
1.83954,35.0,0.09443241038027092,1.1563595111509988
1.8402464285714284,35.0,0.0944315969799964,1.1513375789404443
1.840952857142857,35.0,0.09443084130844175,1.1468866286625614
1.8416592857142857,35.0,0.09443007048950204,1.1434317144379265
1.8423657142857142,35.0,0.09442949062592931,1.1412073417566424
1.8430721428571428,35.0,0.09442899061577474,1.140331300036456
1.8437785714285713,35.0,0.09442849766855409,1.141084601309372
1.844485,35.0,0.09442825882040641,1.1433015435093181
1.8451914285714284,35.0,0.09442808100028498,1.1470150379963475
1.845897857142857,35.0,0.09442794660683312,1.15198638337313
1.8466042857142857,35.0,0.09442800913403557,1.157940506287422
1.8473107142857141,35.0,0.09442809682248801,1.16457908589297
1.8480171428571428,35.0,0.09442826553372229,1.1715112300952244
1.8487235714285712,35.0,0.09442850006603783,1.1783231169584292
1.84943,35.0,0.09442865700862194,1.1846960758473077
1.8501364285714286,35.0,0.09442894007957424,1.1902836679402553
1.850842857142857,35.0,0.09442917079674967,1.194788943873952
1.8515492857142857,35.0,0.09442919476977918,1.1980844103063584
1.8522557142857141,35.0,0.09442938016266994,1.2000544589777253
1.8529621428571428,35.0,0.09442941146546642,1.2006953496517383
1.8536685714285714,35.0,0.09442920951341033,1.2001419891065443
1.8543749999999999,35.0,0.09442914217897838,1.1985327789520528
1.8550814285714285,35.0,0.0944288388623,1.1961369186581758
1.855787857142857,35.0,0.09442839936572434,1.1932180819890055
1.8564942857142857,35.0,0.0944280594310521,1.190070882465425
1.857200714285714,35.0,0.09442751419539312,1.1869792440602
1.8579071428571428,35.0,0.09442691257411347,1.1841388221858948
1.8586135714285714,35.0,0.09442638230757903,1.1818507718469966
1.8593199999999999,35.0,0.09442577866640202,1.1800677303056313
1.8600264285714285,35.0,0.09442514195336306,1.1789607479096267
1.860732857142857,35.0,0.09442455028594285,1.178434323629167
1.8614392857142856,35.0,0.09442399308042526,1.1783663010920369
1.8621457142857143,35.0,0.09442343137103046,1.1786154286863824
1.8628521428571427,35.0,0.09442290463636036,1.178917019946649
1.8635585714285714,35.0,0.09442240575492832,1.179121365695284
1.8642649999999998,35.0,0.09442196853269486,1.1789550615514302
1.8649714285714285,35.0,0.09442158891493126,1.1781847266556615
1.865677857142857,35.0,0.09442113528258671,1.176797118360107
1.8663842857142856,35.0,0.09442080778410412,1.174621708082966
1.8670907142857143,35.0,0.09442051990997041,1.1716332320670857
1.8677971428571427,35.0,0.09442010839288126,1.1680788325788471
1.8685035714285714,35.0,0.09441991596293248,1.1639322717041871
1.8692099999999998,35.0,0.09441969029180963,1.1595689269232685
1.8699164285714285,35.0,0.09441938312596256,1.1552042099424527
1.8706228571428571,35.0,0.0944193769894012,1.1511494994608065
1.8713292857142856,35.0,0.09441930011708316,1.1477769638103943
1.8720357142857142,35.0,0.09441920785707508,1.145267829623188
1.8727421428571427,35.0,0.09441942291190336,1.1439775036854538
1.8734485714285714,35.0,0.0944196019673378,1.1440002713932207
1.8741549999999998,35.0,0.09441982147359336,1.1454406847780911
1.8748614285714285,35.0,0.09442026666240345,1.148321502673867
1.8755678571428571,35.0,0.09442071658277547,1.1524848542351747
1.8762742857142856,35.0,0.09442128814323875,1.1577856471154233
1.8769807142857142,35.0,0.09442195310370848,1.1639146713934558
1.8776871428571427,35.0,0.09442260624214675,1.1705620731739825
1.8783935714285713,35.0,0.09442338838411418,1.1773464368387152
1.8791,35.0,0.0944241402053918,1.1838904300180075
1.8798064285714284,35.0,0.0944248554529253,1.1898593541909843
1.880512857142857,35.0,0.09442561818529821,1.19491657076557
1.8812192857142855,35.0,0.09442627538988788,1.1988357735553423
1.8819257142857142,35.0,0.09442685643392426,1.2014141387607438
1.8826321428571429,35.0,0.09442743137586104,1.2026764682231144
1.8833385714285713,35.0,0.09442787125870063,1.2025326429683998
1.884045,35.0,0.0944281525814313,1.201150635249991
1.8847514285714284,35.0,0.09442848269028996,1.1987756334393131
1.885457857142857,35.0,0.09442867365658437,1.1955754926388085
1.8861642857142855,35.0,0.09442862544338637,1.19186694093324
1.8868707142857142,35.0,0.09442872114822091,1.1879808092653292
1.8875771428571428,35.0,0.09442870620531331,1.1842041973203856
1.8882835714285713,35.0,0.09442849918848112,1.180722596921264
1.88899,35.0,0.09442848018831729,1.177802870359742
1.8896964285714284,35.0,0.0944283526259135,1.175562211488624
1.890402857142857,35.0,0.09442817871798959,1.174001106595395
1.8911092857142857,35.0,0.09442817705762731,1.1731240967887642
1.8918157142857142,35.0,0.09442805267812114,1.1728293331461188
1.8925221428571428,35.0,0.0944280259962317,1.1729276808375806
1.8932285714285713,35.0,0.09442809279138382,1.1732448505892799
1.893935,35.0,0.09442808163779134,1.1735248203732607
1.8946414285714284,35.0,0.0944282356064878,1.1735878625587701
1.895347857142857,35.0,0.09442837010488785,1.1732227698820539
1.8960542857142857,35.0,0.0944285202261368,1.1722629316833255
1.8967607142857141,35.0,0.09442883721290225,1.1707204484116347
1.8974671428571428,35.0,0.09442905512304592,1.1684592846824684
1.8981735714285712,35.0,0.0944293008901034,1.165652655307375
1.89888,35.0,0.09442972369631356,1.1624500513028702
1.8995864285714286,35.0,0.09443007522076362,1.1589572750095118
1.900292857142857,35.0,0.09443041149324273,1.1555750702851515
1.9009992857142857,35.0,0.0944309450706588,1.1524671834336606
1.901705714285714,35.0,0.09443146728424581,1.1499963100269956
1.9024121428571428,35.0,0.09443196787792238,1.1483811992530226
1.9031185714285714,35.0,0.09443266490986583,1.147824182904404
1.9038249999999999,35.0,0.09443337771752222,1.1485613736225895
1.9045314285714285,35.0,0.09443408544219882,1.1505156976729782
1.905237857142857,35.0,0.09443498269924339,1.1538047170318282
1.9059442857142856,35.0,0.09443588550362453,1.15821163539932
1.906650714285714,35.0,0.09443676853279125,1.1636091731295177
1.9073571428571428,35.0,0.09443784339911715,1.169673815095571
1.9080635714285714,35.0,0.0944388706074873,1.1760822529398864
1.9087699999999999,35.0,0.09443988106140144,1.1825386908175266
1.9094764285714285,35.0,0.09444098195005618,1.1885943424623042
1.910182857142857,35.0,0.0944419356420592,1.193974193616938
1.9108892857142856,35.0,0.09444296236035085,1.1983580273601018
1.9115957142857143,35.0,0.09444388320233463,1.2015415868136834
1.9123021428571427,35.0,0.09444460179979482,1.2033709448975725
1.9130085714285714,35.0,0.09444545869777225,1.203773252255914
1.9137149999999998,35.0,0.09444606519530716,1.2028645360835197
1.9144214285714285,35.0,0.09444650585447345,1.200703351654756
1.915127857142857,35.0,0.09444705173896363,1.1975218432416357
1.9158342857142856,35.0,0.09444734104978073,1.1936257172631999
1.9165407142857143,35.0,0.09444753904513661,1.1892602334196702
1.9172471428571427,35.0,0.09444779071836676,1.184753912388617
1.9179535714285714,35.0,0.09444786413484907,1.1804310297743221
1.9186599999999998,35.0,0.09444790223026843,1.1765089597592604
1.9193664285714285,35.0,0.09444802977044256,1.1731906777616707
1.9200728571428571,35.0,0.09444808970383758,1.1706660849069184
1.9207792857142856,35.0,0.09444811548583602,1.1688890158180205
1.9214857142857142,35.0,0.09444827808721391,1.1679025684137396
1.9221921428571427,35.0,0.0944484555515004,1.167604632848014
1.9228985714285713,35.0,0.09444861819542266,1.1677881261401295
1.923605,35.0,0.09444890472696275,1.1682934838078358
1.9243114285714285,35.0,0.09444921121030143,1.1688940429932155
1.9250178571428571,35.0,0.09444957507003651,1.1693431797922171
1.9257242857142856,35.0,0.0944500071486416,1.169504578980161
1.9264307142857142,35.0,0.09445040258450284,1.1691602111491641
1.9271371428571427,35.0,0.09445093629091379,1.1682660867725416
1.9278435714285713,35.0,0.09445148399460741,1.16682584343872
1.92855,35.0,0.09445194056373489,1.1648166143913836
1.9292564285714284,35.0,0.09445257895248474,1.1624622889631884
1.929962857142857,35.0,0.09445316936428606,1.1598721050384837
1.9306692857142855,35.0,0.09445368519180945,1.1573247085871166
1.9313757142857142,35.0,0.09445444760083058,1.155091588468922
1.9320821428571429,35.0,0.094455088028629,1.1533368866017797
1.9327885714285713,35.0,0.0944557085476087,1.1524464279675386
1.933495,35.0,0.09445661267876462,1.1524881664456392
1.9342014285714284,35.0,0.09445735969205953,1.153627322987113
1.934907857142857,35.0,0.0944581527275641,1.1559655910756406
1.9356142857142855,35.0,0.094459138990643,1.1593763334416
1.9363207142857142,35.0,0.09446002745637681,1.1638615666367476
1.9370271428571428,35.0,0.09446098403717089,1.1690687481626338
1.9377335714285713,35.0,0.09446196985992218,1.174881813542655
1.93844,35.0,0.09446293922413054,1.1809120693900763
1.9391464285714284,35.0,0.09446393177816427,1.1867763403348146
1.939852857142857,35.0,0.09446486201054201,1.1922509246359836
1.9405592857142857,35.0,0.0944657439727263,1.1968966795411986
1.9412657142857142,35.0,0.09446657363848059,1.2005291978358474
1.9419721428571428,35.0,0.09446732097079004,1.2029024996684938
1.9426785714285713,35.0,0.094467934476414,1.2039152489673113
1.943385,35.0,0.09446849896884056,1.20354750216296
1.9440914285714284,35.0,0.09446893560614922,1.2018233663062243
1.944797857142857,35.0,0.09446919932406009,1.1989659877717942
1.9455042857142857,35.0,0.0944695044158298,1.1951196713455317
1.9462107142857141,35.0,0.09446962858951,1.1906003863903472
1.9469171428571428,35.0,0.09446958956799766,1.1857343207192932
1.9476235714285712,35.0,0.09446969976814634,1.1807988306481543
1.94833,35.0,0.09446963561816611,1.176099798631274
1.9490364285714286,35.0,0.09446944548077088,1.1719307494862405
1.949742857142857,35.0,0.094469470836193,1.1684628320637316
1.9504492857142857,35.0,0.09446937078455152,1.1658021297540748
1.951155714285714,35.0,0.09446925822802206,1.1640906785954162
1.9518621428571428,35.0,0.09446933884353836,1.163167702398477
1.9525685714285714,35.0,0.09446931965702214,1.1630679359825773
1.9532749999999999,35.0,0.09446940836363489,1.1635359137392773
1.9539814285714285,35.0,0.09446960776226573,1.1643713937561004
1.954687857142857,35.0,0.09446974836114459,1.1654591245449641
1.9553942857142856,35.0,0.09447003455307686,1.1664246329153516
1.956100714285714,35.0,0.09447033602838285,1.167144897000233
1.9568071428571427,35.0,0.09447064446104338,1.1675192665362457
1.9575135714285714,35.0,0.09447108011921947,1.1673278048213709
1.9582199999999998,35.0,0.09447144238556661,1.1666185097116217
1.9589264285714285,35.0,0.09447185456736738,1.1654344545609476
1.959632857142857,35.0,0.09447238240723341,1.1638294031705896
1.9603392857142856,35.0,0.09447279362398558,1.1620566591461048
1.9610457142857143,35.0,0.09447322553253476,1.160204238870899
1.9617521428571427,35.0,0.09447378861754176,1.158652777711231
1.9624585714285714,35.0,0.09447428558608295,1.157543849313361
1.9631649999999998,35.0,0.09447473932810417,1.157070126983762
1.9638714285714285,35.0,0.09447534843061342,1.1575514808395209
1.964577857142857,35.0,0.09447592653346132,1.1589177316469703
1.9652842857142856,35.0,0.09447642674827703,1.161346531185076
1.9659907142857143,35.0,0.09447711638071166,1.164758470690367
1.9666971428571427,35.0,0.09447771539820783,1.168998264144875
1.9674035714285714,35.0,0.09447826021078778,1.1739526597744419
1.9681099999999998,35.0,0.09447898172427958,1.1792651916324546
1.9688164285714285,35.0,0.09447952773823194,1.184743116246749
1.9695228571428571,35.0,0.09448007124880103,1.1899790346866341
1.9702292857142856,35.0,0.09448066910467189,1.194663543741107
1.9709357142857142,35.0,0.09448108860549549,1.198597625954005
1.9716421428571427,35.0,0.09448153228397779,1.2013817430398819
1.9723485714285713,35.0,0.09448183841650747,1.2029584789655308
1.973055,35.0,0.09448200135764917,1.2031905296406495
1.9737614285714284,35.0,0.09448221342068239,1.2020779942703206
1.974467857142857,35.0,0.09448218003999417,1.1996733316724093
1.9751742857142855,35.0,0.09448202960122104,1.1961808151267497
1.9758807142857142,35.0,0.09448195203923318,1.191820105664025
1.9765871428571427,35.0,0.09448163374878756,1.1868700394410678
1.9772935714285713,35.0,0.09448124794301326,1.1816293123403008
1.978,35.0,0.09448094473667673,1.1764506171916713
1.9787064285714284,35.0,0.0944804709656523,1.171624976013439
1.979412857142857,35.0,0.094479998726388,1.1673515108322823
1.9801192857142855,35.0,0.09447963194268717,1.1639356741768432
1.9808257142857142,35.0,0.09447918066344049,1.161394276057803
1.9815321428571429,35.0,0.09447876458820542,1.159848853524957
1.9822385714285713,35.0,0.09447851266935627,1.1592429915594167
1.982945,35.0,0.0944782516690266,1.1594372826886774
1.9836514285714284,35.0,0.09447800663976345,1.1603459424107188
1.984357857142857,35.0,0.09447793449154741,1.161691905153937
1.9850642857142855,35.0,0.094477877799457,1.163232882054477
1.9857707142857142,35.0,0.09447784882557618,1.164860074469859
1.9864771428571428,35.0,0.09447793346863192,1.166200833613096
1.9871835714285713,35.0,0.09447798739189693,1.1671976737462233
1.98789,35.0,0.09447813796833779,1.1677595853089986
1.9885964285714284,35.0,0.09447831012034177,1.1677051112966408
1.989302857142857,35.0,0.09447838423206231,1.1672340632275562
1.9900092857142857,35.0,0.09447864091557814,1.1663229907611297
1.9907157142857141,35.0,0.09447880715779416,1.1651291196544615
1.9914221428571428,35.0,0.0944788926123457,1.1639288909067913
1.9921285714285712,35.0,0.09447919217702404,1.162805788458158
1.992835,35.0,0.09447929489832423,1.1621331783009614
1.9935414285714286,35.0,0.09447942816646801,1.161979851622145
1.994247857142857,35.0,0.09447974505248523,1.1625591312815857
1.9949542857142857,35.0,0.0944798548009943,1.1640611820186706
1.9956607142857141,35.0,0.09448003671531577,1.1663287563802596
1.9963671428571428,35.0,0.09448033678987021,1.1695426879286408
1.9970735714285712,35.0,0.09448051382334877,1.17343522987982
1.99778,35.0,0.09448069693731317,1.1778924431836797
1.9984864285714286,35.0,0.09448093603589479,1.1826570920646626
1.999192857142857,35.0,0.09448110408595486,1.1874343023732705
1.9998992857142857,35.0,0.09448122471980412,1.191956030842715
