time_s,airspeed_mps,tip_bending_m,tip_twist_deg
0.0,40.0,0.0,0.0
0.000618125,40.0,2.8891985950188146e-6,0.0011860365124022306
0.00123625,40.0,1.3870966523589473e-5,0.008802307471845133
0.001854375,40.0,3.516040135140233e-5,0.03261931601413898
0.0024725,40.0,6.71839542485981e-5,0.08242200479424487
0.0030906249999999996,40.0,0.00011105179652400407,0.165951222863721
0.00370875,40.0,0.00016830151861049834,0.28891704516490735
0.004326875,40.0,0.00024013791707077806,0.4529171856569839
0.004945,40.0,0.0003246879824190027,0.652052186309817
0.0055631249999999995,40.0,0.0004159093854659805,0.8720953605410945
0.006181249999999999,40.0,0.0005096010266087696,1.0958357644723737
0.006799375,40.0,0.0006105412916055354,1.3108531241236685
0.0074175,40.0,0.00072758860961574,1.5119758391824922
0.008035625,40.0,0.0008653420229154703,1.6976380836302138
0.00865375,40.0,0.001027461265839779,1.8686748311313446
0.009271874999999999,40.0,0.0012198666719152075,2.0300269843348557
0.00989,40.0,0.0014465565441110994,2.188275274542571
0.010508125,40.0,0.0017089441688590869,2.343744567439103
0.011126249999999999,40.0,0.002006764201434966,2.489455171884368
0.011744375,40.0,0.002339450146883844,2.615204067389607
0.012362499999999998,40.0,0.002709082858548039,2.7102571428071554
0.012980624999999999,40.0,0.003118210932168337,2.7667120674002725
0.01359875,40.0,0.003567942602164575,2.779300747345378
0.014216874999999999,40.0,0.004060902623633417,2.7477134992890946
0.014835,40.0,0.004602914928348725,2.680546003063208
0.015453125,40.0,0.005199882783966454,2.590576389887016
0.01607125,40.0,0.005851930359007892,2.487025550499153
0.016689375,40.0,0.006552778613703088,2.374011493764944
0.0173075,40.0,0.0072966662669574685,2.253770716659138
0.017925625,40.0,0.008083187906666754,2.1260635740590406
0.018543749999999998,40.0,0.0089132144369034,1.9859754800852727
0.019161875,40.0,0.009785512033112183,1.8273924482209438
0.01978,40.0,0.01070146932761228,1.6482004348270547
0.020398125,40.0,0.011666171878509905,1.4531307802089435
0.02101625,40.0,0.012682765652729777,1.2524543522424487
0.021634374999999997,40.0,0.013751287997569623,1.0576613281266287
0.022252499999999998,40.0,0.014870780768704723,0.8792935018073613
0.022870625,40.0,0.01603923371561652,0.7278997624204498
0.02348875,40.0,0.017254133903568454,0.6100017394984432
0.024106875,40.0,0.018511432197728807,0.5234698270344663
0.024724999999999997,40.0,0.01980394631737049,0.46175071397114265
0.025343124999999998,40.0,0.021126983593351936,0.41937170418899256
0.025961249999999998,40.0,0.022482430146196188,0.39311467862397503
0.026579375,40.0,0.0238731123132516,0.3816643728349045
0.0271975,40.0,0.025297556690753918,0.38592628187200045
0.027815625,40.0,0.026750189523818257,0.411149075104517
0.028433749999999997,40.0,0.02822493380544693,0.46616187566336265
0.029051874999999998,40.0,0.02971725322241093,0.5559827395737519
0.02967,40.0,0.03122036686323256,0.6773146500429733
0.030288125,40.0,0.032725798279244225,0.8214859248063026
0.03090625,40.0,0.03422990906438044,0.9785757388429253
0.031524375,40.0,0.03573294038927381,1.1377037708977888
0.0321425,40.0,0.03723441347364016,1.2879864501221152
0.032760625,40.0,0.03873391126736437,1.423845050222907
0.03337875,40.0,0.04023270577802815,1.5474353396091205
0.033996874999999996,40.0,0.041732874227163194,1.665047453650022
0.034615,40.0,0.043235410772595725,1.7822229477618343
0.035233125,40.0,0.0447378180137732,1.898718142934396
0.03585125,40.0,0.04623303238952152,2.009209116251236
0.036469375,40.0,0.04771529218259444,2.106676837449659
0.037087499999999995,40.0,0.049185645319741136,2.181362482885208
0.037705625,40.0,0.050647134188553204,2.2241713384665416
0.03832375,40.0,0.05210105852929039,2.233407479690332
0.038941875,40.0,0.0535495003049895,2.2171750149669878
0.03956,40.0,0.054995480143253186,2.187224702905504
0.040178124999999995,40.0,0.05644039678136336,2.150689877703805
0.04079625,40.0,0.057881987836973556,2.108030166513512
0.041414374999999996,40.0,0.05931601500506177,2.0550332501877016
0.0420325,40.0,0.060741164986909006,1.98538060976148
0.042650625,40.0,0.06215857547841762,1.8922828519980108
0.043268749999999995,40.0,0.06356788038292098,1.7720469259316494
0.043886875,40.0,0.06496997139905894,1.6294932924101713
0.044504999999999996,40.0,0.06637003211756355,1.4774624651339359
0.045123125,40.0,0.06777540979865401,1.327979819287703
0.04574125,40.0,0.06919403445132367,1.1872572089200752
0.046359374999999994,40.0,0.0706302769388937,1.0566814354861154
0.0469775,40.0,0.07208218673876612,0.933076948054429
0.047595624999999996,40.0,0.07354731108590122,0.8096549186657094
0.04821375,40.0,0.07502632211972081,0.6817775237658219
0.048831875,40.0,0.07651981062824981,0.5512324322515743
0.049449999999999994,40.0,0.0780278093277978,0.427752415641786
0.050068125,40.0,0.07955332005180962,0.3252382520605043
0.050686249999999995,40.0,0.08110152647656788,0.25303444732337915
0.051304375,40.0,0.08267493763564425,0.2127104361575357
0.051922499999999996,40.0,0.08427258265803941,0.20100621598313054
0.052540625,40.0,0.08589258812398656,0.21194335147008753
0.05315875,40.0,0.08753358722001932,0.23670335411604027
0.053776874999999995,40.0,0.08919399523967383,0.2689209187353819
0.054395,40.0,0.09086968071231608,0.31092581156982324
0.055013124999999996,40.0,0.09255544717835186,0.371188639234839
0.05563125,40.0,0.09424926600543337,0.45619269284638614
0.056249375,40.0,0.09595233021715481,0.567409179157826
0.056867499999999994,40.0,0.09766777647822715,0.7007752580552196
0.057485625,40.0,0.09939785062168609,0.8465015689562329
0.058103749999999996,40.0,0.10114050092717575,0.9913468350445074
0.058721875,40.0,0.102893229434166,1.124334706600204
0.05934,40.0,0.104655117321404,1.243534128314685
0.059958124999999994,40.0,0.10642186363384273,1.3543255908551686
0.06057625,40.0,0.10818733680266437,1.4621687540164776
0.061194374999999995,40.0,0.10994904499598346,1.5690634173573268
0.0618125,40.0,0.11170625899800753,1.6725195615159723
0.062430625,40.0,0.11345633200232971,1.7655943912597536
0.06304875,40.0,0.11519552623642546,1.837622851513917
0.063666875,40.0,0.11692157209373209,1.880175868961886
0.064285,40.0,0.1186347984403313,1.895054803122351
0.06490312499999999,40.0,0.12033559455151993,1.8926921376859898
0.06552125,40.0,0.12202084584668033,1.883764863799069
0.066139375,40.0,0.12368435430011838,1.873088132496705
0.0667575,40.0,0.1253203529753292,1.8612819033981831
0.067375625,40.0,0.12692598327286536,1.84502813650734
0.06799374999999999,40.0,0.128500689067454,1.8177388549374929
0.068611875,40.0,0.13004494658743385,1.7759429593243894
0.06923,40.0,0.13156037760978892,1.7243458653861428
0.069848125,40.0,0.1330504983252529,1.6732487922568273
0.07046625,40.0,0.1345191152246133,1.6318842466860093
0.07108437499999999,40.0,0.1359658409469866,1.6042607384172054
0.0717025,40.0,0.1373877915362461,1.588004783166904
0.072320625,40.0,0.1387854866877685,1.5762962570859096
0.07293875,40.0,0.14015988112230915,1.5606097638957697
0.073556875,40.0,0.14150864528733506,1.5350367795596411
0.07417499999999999,40.0,0.14283012985907984,1.501580804585897
0.074793125,40.0,0.14412512516563486,1.46832128193158
0.07541125,40.0,0.14539639647831223,1.440285891709113
0.076029375,40.0,0.14664828508880814,1.4170989881133966
0.0766475,40.0,0.1478830702621182,1.3954404027341154
0.07726562499999999,40.0,0.14909981234828748,1.3681390303296215
0.07788375,40.0,0.15029671107244685,1.3256045630939965
0.078501875,40.0,0.15147237609121306,1.2641183545474333
0.07912,40.0,0.15262598658254176,1.1891042971477512
0.07973812499999999,40.0,0.15375696126923558,1.1089519651481867
0.08035624999999999,40.0,0.15486644295262775,1.0297379129106767
0.080974375,40.0,0.15595885674468682,0.9549998952225554
0.0815925,40.0,0.15703865694148306,0.884189648246008
0.082210625,40.0,0.1581068005065684,0.8113763620710955
0.08282874999999999,40.0,0.15916382119672004,0.73117660907094
0.08344687499999999,40.0,0.16021374182884668,0.6446243619304206
0.084065,40.0,0.16126051627007615,0.5597076092513242
0.084683125,40.0,0.16230382779893052,0.48539209359753116
0.08530125,40.0,0.16334154988258942,0.42816388085741897
0.08591937499999999,40.0,0.1643722027117869,0.3917172352519259
0.08653749999999999,40.0,0.1653946551577386,0.37454819255271327
0.087155625,40.0,0.1664093919779795,0.37009554942013295
0.08777375,40.0,0.16741789761463596,0.3713689054336994
0.088391875,40.0,0.16842036732832055,0.3776116502838434
0.08900999999999999,40.0,0.16941753178866095,0.39404226504688705
0.08962812499999999,40.0,0.17040990047429774,0.42597630698007233
0.09024625,40.0,0.17139439161182304,0.4762398002382137
0.090864375,40.0,0.17236649451726943,0.5450312502687331
0.0914825,40.0,0.17332302265954905,0.6271508648203701
0.09210062499999999,40.0,0.17426275617178924,0.71245036377356
0.09271874999999999,40.0,0.17518492368451632,0.7928688745178756
0.093336875,40.0,0.17608675430427012,0.8668239883220447
0.093955,40.0,0.1769668560727843,0.9355739802980262
0.094573125,40.0,0.1778281042518218,1.0020219288865513
0.09519124999999999,40.0,0.17867348749205184,1.0705352443280238
0.09580937499999999,40.0,0.17950317152100653,1.1418969006373927
0.0964275,40.0,0.18031558170688394,1.210626277734114
0.097045625,40.0,0.18110782507890136,1.2687212705834219
0.09766375,40.0,0.1818762516826142,1.311546726768417
0.09828187499999999,40.0,0.18261833401978095,1.339816314250396
0.09889999999999999,40.0,0.18333272893015817,1.3576200141670118
0.099518125,40.0,0.18401861780679438,1.3704260929886478
0.10013625,40.0,0.18467715883054334,1.3847892377470796
0.100754375,40.0,0.18531038618002593,1.4043140701062726
0.10137249999999999,40.0,0.185916782457466,1.4262788160002005
0.101990625,40.0,0.18649258602874252,1.4456565217181818
0.10260875,40.0,0.18703668883857402,1.4607994169691132
0.103226875,40.0,0.18754947348425852,1.4732739986954506
0.10384499999999999,40.0,0.18802974931225802,1.4863932450992954
0.10446312499999999,40.0,0.18847488217182418,1.5056337960069277
0.10508125,40.0,0.18888296923495576,1.5369674709633616
0.105699375,40.0,0.18925520229567794,1.581379553189007
0.1063175,40.0,0.1895940225347777,1.6333390697929409
0.10693562499999999,40.0,0.18990133496910322,1.6873087954064308
0.10755374999999999,40.0,0.19018033437434492,1.7401232098008117
0.108171875,40.0,0.1904339073448253,1.7887561960475373
0.10879,40.0,0.190662820319273,1.8333201559128556
0.109408125,40.0,0.19086747784584723,1.8780827465073362
0.11002624999999999,40.0,0.19104729640076618,1.9255852844060122
0.11064437499999999,40.0,0.19120104765147547,1.973693019441863
0.1112625,40.0,0.19133037200129915,2.0170654141286986
0.111880625,40.0,0.19143813056469303,2.0499236453433727
0.11249875,40.0,0.19152446665000497,2.0668193957549095
0.11311687499999999,40.0,0.19158873896099024,2.064992083157659
0.11373499999999999,40.0,0.1916331863249785,2.046951793822996
0.114353125,40.0,0.19166158239367578,2.01881570719563
0.11497125,40.0,0.19167515229417204,1.9854671848155518
0.115589375,40.0,0.19167269175128965,1.9469052490952798
0.11620749999999999,40.0,0.19165288673787634,1.900432706620995
0.11682562499999999,40.0,0.1916147739319062,1.8438028421016144
0.11744375,40.0,0.19155796316892792,1.7744754305409678
0.118061875,40.0,0.19148292688160912,1.6915176648442323
0.11868,40.0,0.1913923912471777,1.600123992355491
0.11929812499999999,40.0,0.1912911783261291,1.5094142338210816
0.11991624999999999,40.0,0.1911829867151551,1.4256536440668666
0.120534375,40.0,0.1910696618115008,1.3504229117861122
0.1211525,40.0,0.1909512358304144,1.2830083376499426
0.121770625,40.0,0.1908262653726568,1.220447327374493
0.12238874999999999,40.0,0.19069530377006103,1.1587942080648224
0.12300687499999999,40.0,0.19056002290813095,1.097298182699557
0.123625,40.0,0.19041877082811826,1.0406208830528527
0.124243125,40.0,0.19026919110237195,0.994170443822772
0.12486125,40.0,0.19011208371528934,0.9605045123689924
0.125479375,40.0,0.18994873059827214,0.940525936713296
0.1260975,40.0,0.18977903204952884,0.9321646508442223
0.126715625,40.0,0.18960227650239914,0.928949427212518
0.12733375,40.0,0.18941729354454473,0.9242320220353467
0.127951875,40.0,0.18922220993762162,0.9159493252294225
0.12857,40.0,0.1890137216291719,0.9061425977172138
0.129188125,40.0,0.18878812790837157,0.8985177325378771
0.12980624999999998,40.0,0.18854318288290925,0.8950935222990294
0.13042437499999998,40.0,0.18827867388362954,0.8958297563677401
0.1310425,40.0,0.18799574990823117,0.8987905883565999
0.131660625,40.0,0.18769465848388614,0.8990472540408674
0.13227875,40.0,0.18737420851421308,0.8913829757525908
0.132896875,40.0,0.18703374911367898,0.8753355514447482
0.133515,40.0,0.18667469187377742,0.8554054336291993
0.134133125,40.0,0.18629869576932215,0.8361052476999051
0.13475125,40.0,0.18590392272858713,0.8218411876742396
0.135369375,40.0,0.1854870690612647,0.8165159708570016
0.13598749999999998,40.0,0.18504714555808635,0.8194935469479849
0.13660562499999998,40.0,0.18458283701204245,0.8265723626614346
0.13722375,40.0,0.18409191627440313,0.8349777148135452
0.137841875,40.0,0.18357500834909463,0.8463223935564531
0.13846,40.0,0.18303426741031847,0.8645898241667417
0.139078125,40.0,0.1824707831525701,0.8936285600335002
0.13969625,40.0,0.18188446472686684,0.937806191471627
0.140314375,40.0,0.18127301200972903,0.9994748947264016
0.1409325,40.0,0.1806334596142222,1.0755620053069164
0.14155062499999999,40.0,0.17996484827824416,1.1601210735707466
0.14216874999999998,40.0,0.17926769402030254,1.2488416791995798
0.14278687499999998,40.0,0.17854254268907882,1.3398730099000982
0.143405,40.0,0.17778939935922453,1.4330596878540907
0.144023125,40.0,0.17700957674716208,1.5302535837124516
0.14464125,40.0,0.17620733310185566,1.6340503994273081
0.145259375,40.0,0.17538687949438117,1.744191104239306
0.1458775,40.0,0.17454972450427972,1.855051470579873
0.146495625,40.0,0.17369694331369842,1.9593871280881787
0.14711375,40.0,0.17283066789980106,2.0529787473116623
0.14773187499999998,40.0,0.17195131399448532,2.1336900662577043
0.14834999999999998,40.0,0.17105742215023056,2.200857549900194
0.14896812499999998,40.0,0.17014991237090618,2.2573744778414455
0.14958625,40.0,0.16923252741005693,2.3081608554416513
0.150204375,40.0,0.16830861977247713,2.3542194401699397
0.1508225,40.0,0.16738078140735474,2.3915412466177455
0.151440625,40.0,0.16645038387924807,2.415983480662663
0.15205875,40.0,0.16551706560864915,2.4255224861615523
0.152676875,40.0,0.1645820250998948,2.419624351464514
0.153295,40.0,0.1636475534310942,2.401358667319051
0.15391312499999998,40.0,0.162713730379437,2.377437148543692
0.15453124999999998,40.0,0.16177993779850913,2.352581364196255
0.15514937499999998,40.0,0.16084656467238045,2.327653121746438
0.1557675,40.0,0.15991549136948818,2.300741669652577
0.156385625,40.0,0.1589893321541472,2.2686456283671386
0.15700375,40.0,0.1580698248641086,2.2289915983111337
0.157621875,40.0,0.15716015026419328,2.18077491481665
0.15824,40.0,0.15626487063303085,2.12690559230392
0.158858125,40.0,0.1553852317098181,2.073341936993849
0.15947624999999999,40.0,0.1545191534403975,2.0240692359411105
0.16009437499999998,40.0,0.15366502646705119,1.9780063644258186
0.16071249999999998,40.0,0.15282238876639961,1.9313334349517395
0.161330625,40.0,0.1519909958148492,1.880321405250615
0.16194875,40.0,0.15117086456156595,1.8213444788688873
0.162566875,40.0,0.15036120854595766,1.7523867321377844
0.163185,40.0,0.1495605036079138,1.6759407731346496
0.163803125,40.0,0.14876886084375446,1.5976752913740773
0.16442125,40.0,0.14798699131654927,1.5212474172665733
0.165039375,40.0,0.14721265825497643,1.4460196451149205
0.16565749999999999,40.0,0.14644202896845956,1.370096877874834
0.16627562499999998,40.0,0.14567266627928743,1.291022954404689
0.16689374999999998,40.0,0.14490182452483724,1.2053115171412754
0.167511875,40.0,0.14412592907389762,1.1134119748105662
0.16813,40.0,0.14334304982256701,1.02129839705067
0.168748125,40.0,0.14255401674986576,0.9360436000815004
0.16936625,40.0,0.1417618415958247,0.8622479373786287
0.169984375,40.0,0.1409677428692757,0.8019885915026761
0.1706025,40.0,0.14016966089727945,0.7551237757840464
0.171220625,40.0,0.1393660570826523,0.7197568793862665
0.17183874999999998,40.0,0.13855579282481686,0.6940202377637736
0.17245687499999998,40.0,0.13773723293504683,0.6789272398786431
0.17307499999999998,40.0,0.13690983271730708,0.6795757200490198
0.173693125,40.0,0.13607229254517655,0.7015224961880298
0.17431125,40.0,0.13522248427245073,0.7468790234299597
0.174929375,40.0,0.13436065314125376,0.8145623491470004
0.1755475,40.0,0.13348780303448154,0.9009932219927966
0.176165625,40.0,0.132603079528031,1.0003423355463708
0.17678375,40.0,0.1317059935663268,1.107233275134365
0.177401875,40.0,0.13079783385607396,1.2200897040744598
0.17801999999999998,40.0,0.1298786260213195,1.340686556007841
0.17863812499999998,40.0,0.12894551850686437,1.470002375928237
0.17925624999999998,40.0,0.1279961434854195,1.6060186522034876
0.179874375,40.0,0.12703121692884747,1.7453421410140222
0.1804925,40.0,0.12605349087350087,1.8828329287370882
0.181110625,40.0,0.12506576130480487,2.011286120139663
0.18172875,40.0,0.12406996103279627,2.125895369540428
0.182346875,40.0,0.12306872194764433,2.2262763301093638
0.182965,40.0,0.12206573357845216,2.3156263399872734
0.18358312499999999,40.0,0.12106378241286013,2.397424509619897
0.18420124999999998,40.0,0.12006488161240128,2.472314509164867
0.18481937499999998,40.0,0.11907023068893495,2.538255404710634
0.18543749999999998,40.0,0.1180799618738147,2.592247133632069
0.186055625,40.0,0.11709569895667264,2.6312333377189776
0.18667375,40.0,0.11611963099127849,2.652779123768421
0.187291875,40.0,0.11515227678936342,2.658511358209577
0.18791,40.0,0.11419663066842342,2.6539109451844745
0.188528125,40.0,0.11325844457286093,2.6436150837332337
0.18914625,40.0,0.11234038935402162,2.628995965512511
0.18976437499999999,40.0,0.11144190134163383,2.6088076960511346
0.19038249999999998,40.0,0.11056222980223064,2.5801939362737474
0.19100062499999998,40.0,0.10970144439878855,2.53880000448873
0.19161874999999998,40.0,0.10886057962292398,2.481098384152976
0.192236875,40.0,0.10804074004280594,2.4087635982668947
0.192855,40.0,0.10724295791976356,2.3260728980296106
0.193473125,40.0,0.10646900125615223,2.2357913219916923
0.19409125,40.0,0.10572132653782293,2.139427388373391
0.194709375,40.0,0.10500227977765526,2.0375058382286304
0.1953275,40.0,0.10431311670815922,1.928372580165588
0.19594562499999998,40.0,0.1036540093985244,1.8087898892302905
0.19656374999999998,40.0,0.1030246479398864,1.6767503744760157
0.19718187499999998,40.0,0.1024244077277942,1.5343447435993394
0.19779999999999998,40.0,0.10185134067944297,1.3878469527194357
0.198418125,40.0,0.10130161781761708,1.2433598109891568
0.19903625,40.0,0.10077367655701884,1.1057258793301743
0.199654375,40.0,0.10026964562541801,0.9792394365018272
0.2002725,40.0,0.09978935345069477,0.8660223774587245
0.200890625,40.0,0.09932987283676173,0.7651570201397067
0.20150875,40.0,0.09888933832330776,0.6765889778735473
0.20212687499999998,40.0,0.09846577579101244,0.6039088511383311
0.20274499999999998,40.0,0.09805663469287136,0.5526690105732985
0.20336312499999998,40.0,0.09765948681243389,0.5283723316931958
0.20398125,40.0,0.09727115005992604,0.535284410082077
0.204599375,40.0,0.09688895647125521,0.5763110326446614
0.2052175,40.0,0.0965117014632129,0.649933737802282
0.205835625,40.0,0.09613799617039472,0.7507236423717241
0.20645375,40.0,0.09576658019978662,0.8731240404560313
0.207071875,40.0,0.09539755248931336,1.0131154691162187
0.20768999999999999,40.0,0.09503193534803377,1.1689263551073468
0.20830812499999998,40.0,0.09467045006149331,1.3396323531198542
0.20892624999999998,40.0,0.09431082126407037,1.522221840243584
0.20954437499999998,40.0,0.09394856233501724,1.7113103764913067
0.2101625,40.0,0.09358168495367336,1.899948613669228
0.210780625,40.0,0.09321046920330006,2.0799668639441684
0.21139875,40.0,0.0928340830309597,2.24224319121741
0.212016875,40.0,0.09245121552003656,2.380876333407582
0.212635,40.0,0.09206271762285895,2.495424755060954
0.213253125,40.0,0.09167000662891049,2.587577458456003
0.21387124999999998,40.0,0.09127309091224835,2.6587949397006487
0.21448937499999998,40.0,0.0908723914936337,2.7092484598130127
0.21510749999999998,40.0,0.09046802824903175,2.738763619148595
0.21572562499999998,40.0,0.09005946158456775,2.7464602900125223
0.21634375,40.0,0.08964752562278876,2.730976922697928
0.216961875,40.0,0.08923265836706243,2.6936579734224617
0.21758,40.0,0.08881489462375275,2.640106875583466
0.218198125,40.0,0.08839725433854866,2.576782675947118
0.21881625,40.0,0.08798495099550697,2.5084875505534843
0.219434375,40.0,0.08758266252330993,2.4377555855502204
0.22005249999999998,40.0,0.08719288884343632,2.364813081718143
0.22067062499999998,40.0,0.08681619077467868,2.2882301596441597
0.22128874999999998,40.0,0.08645428151150514,2.204815101348103
0.22190687499999998,40.0,0.08610971847681279,2.1121683939361406
0.222525,40.0,0.08578303263874115,2.011685863218058
0.223143125,40.0,0.08547480925002032,1.9064722140001957
0.22376125,40.0,0.08518757971448573,1.7983464217139111
0.224379375,40.0,0.08492338184039248,1.6879609166243636
0.2249975,40.0,0.08468338333570824,1.5745153905083784
0.225615625,40.0,0.08446925178446793,1.4562029739717124
0.22623374999999998,40.0,0.08428227619136199,1.3315580156353601
0.22685187499999998,40.0,0.08412326916281221,1.2002313248474497
0.22746999999999998,40.0,0.08399319859518274,1.0643317777187926
0.22808812499999997,40.0,0.08389130886400357,0.9294610894889653
0.22870625,40.0,0.08381497333215987,0.80202164516025
0.229324375,40.0,0.08376368855819392,0.6879597297238014
0.2299425,40.0,0.08373986944308259,0.5916599144907377
0.230560625,40.0,0.08374499478281386,0.5160901211169014
0.23117875,40.0,0.08377910250893568,0.46317701480871615
0.23179687499999999,40.0,0.08384239201738103,0.43311322441536027
0.23241499999999998,40.0,0.08393514953245239,0.4274841135512115
0.23303312499999998,40.0,0.08405746090857215,0.45057387248467984
0.23365124999999998,40.0,0.08420732481636098,0.5066319803674174
0.23426937499999997,40.0,0.08438172967941965,0.5975125575355554
0.2348875,40.0,0.08457928388259639,0.7228431685415011
0.235505625,40.0,0.08479754250420274,0.8803717570923429
0.23612375,40.0,0.08503283781730761,1.064580865161633
0.236741875,40.0,0.08528286150377194,1.2664152249578624
0.23736,40.0,0.08554573851424035,1.477069129403486
0.23797812499999998,40.0,0.08582047434634354,1.6900284121386584
0.23859624999999998,40.0,0.08610697628040274,1.90072289175328
0.23921437499999998,40.0,0.08640238852647067,2.1036285098789973
0.23983249999999998,40.0,0.08670149217928558,2.2921410040903223
0.240450625,40.0,0.0870011014489588,2.460132995370438
0.24106875,40.0,0.08729975388078094,2.600500885195035
0.241686875,40.0,0.08759504571342974,2.705561639652766
0.242305,40.0,0.08788481160154053,2.7701857402742336
0.242923125,40.0,0.08816905623880343,2.7941027737828743
0.24354125,40.0,0.08844888224311916,2.780583919632573
0.24415937499999998,40.0,0.08872483333421877,2.735059073083077
0.24477749999999998,40.0,0.08899688954461243,2.663434202404187
0.24539562499999998,40.0,0.08926510757327852,2.571753137300153
0.24601374999999998,40.0,0.08953005083785774,2.4650224478165352
0.246631875,40.0,0.08979140858525163,2.346565723687645
0.24725,40.0,0.09004716574597933,2.2203915829308696
0.247868125,40.0,0.0902959824092891,2.0919319547863084
0.24848625,40.0,0.09053815299479848,1.9678931412682628
0.249104375,40.0,0.09077530445113778,1.8553585923709632
0.2497225,40.0,0.09101049250134183,1.7584626753678851
0.250340625,40.0,0.09124519400505668,1.6768962900161952
0.25095875,40.0,0.09147876278118462,1.6090428590593304
0.251576875,40.0,0.0917125623563711,1.5515989095443614
0.252195,40.0,0.09194827245532135,1.4992426419961749
0.25281312499999997,40.0,0.09218501431998873,1.4475103954635222
0.25343125,40.0,0.09242291914379668,1.3946086241903257
0.25404937499999997,40.0,0.09266401702547689,1.3406324395496774
0.2546675,40.0,0.09291011870007337,1.2842288540071438
0.25528562499999996,40.0,0.09316276839190873,1.2222234455664673
0.25590375,40.0,0.09342359531100751,1.1527304486891206
0.256521875,40.0,0.09369513406667293,1.0739324369918806
0.25714,40.0,0.09398052169081496,0.9841428193030034
0.257758125,40.0,0.09428190342356367,0.8847444183138037
0.25837625,40.0,0.09459967897662483,0.780607456216874
0.258994375,40.0,0.09493318559469056,0.6784444912243526
0.25961249999999997,40.0,0.09528227871571561,0.5843051046150074
0.260230625,40.0,0.09564782254252661,0.5036563278982105
0.26084874999999996,40.0,0.0960311843356999,0.4411342460952535
0.261466875,40.0,0.09643283320238254,0.4000288726854707
0.262085,40.0,0.0968523597397875,0.3821397887803919
0.262703125,40.0,0.09729088793199399,0.38925620188570803
0.26332125,40.0,0.09774952392692948,0.42507113578534844
0.263939375,40.0,0.09822650969476945,0.49353513107616165
0.2645575,40.0,0.09872031887520752,0.596262204835399
0.26517562499999997,40.0,0.09923108081914629,0.7322615657943624
0.26579375,40.0,0.09975724716374791,0.8982821606701198
0.26641187499999996,40.0,0.1002963288524565,1.08823344838029
0.26703,40.0,0.10084693268014679,1.2939837837563593
0.26764812499999996,40.0,0.10140822852762593,1.5072846765685526
0.26826625,40.0,0.10198093807098871,1.7208517633397789
0.268884375,40.0,0.10256621298448877,1.9289661416288084
0.2695025,40.0,0.10316289739180579,2.1262310081150573
0.270120625,40.0,0.10376867257792809,2.3062104472404203
0.27073875,40.0,0.10438123111664811,2.4618413748745103
0.271356875,40.0,0.10499830361133287,2.5859731999979325
0.27197499999999997,40.0,0.1056176785398054,2.672594863153148
0.272593125,40.0,0.1062363468676925,2.71736909194615
0.27321124999999996,40.0,0.1068521341447856,2.719363162646766
0.273829375,40.0,0.10746509690019368,2.682276472977944
0.2744475,40.0,0.10807471179023859,2.611967763962487
0.275065625,40.0,0.108678931787515,2.5129876648869978
0.27568375,40.0,0.10927690408041157,2.3909831760759905
0.276301875,40.0,0.10986928311032736,2.252476872509844
0.27692,40.0,0.11045503263659867,2.102643164446461
0.27753812499999997,40.0,0.11103147113332291,1.9470011402994516
0.27815625,40.0,0.11159710694455811,1.7926427004961756
0.27877437499999996,40.0,0.1121511402837829,1.6486081066848546
0.2793925,40.0,0.1126939726319756,1.5227112912400325
0.280010625,40.0,0.11322781720823528,1.4191511286830485
0.28062875,40.0,0.11375375333204232,1.3399069721441967
0.281246875,40.0,0.114272197278978,1.28482820970759
0.281865,40.0,0.1147847423997024,1.2511494773920049
0.282483125,40.0,0.11529234815033489,1.23509357406357
0.28310124999999997,40.0,0.11579468201592989,1.2333704321378096
0.283719375,40.0,0.11629122139628133,1.2435325502605574
0.28433749999999997,40.0,0.1167818429112631,1.2623314668628103
0.284955625,40.0,0.11726725112169309,1.2846919793038156
0.28557374999999996,40.0,0.11774735939299269,1.3044238540582274
0.286191875,40.0,0.11822080067962698,1.3154868692541333
0.28681,40.0,0.11868839655658392,1.3120239187278226
0.287428125,40.0,0.11915257395144539,1.2895800655199585
0.28804625,40.0,0.11961407454783442,1.2474829615144571
0.288664375,40.0,0.12007294545117615,1.1876143092648899
0.2892825,40.0,0.1205291467513507,1.1123462363480348
0.28990062499999997,40.0,0.12098208016036271,1.0242593586273068
0.29051875,40.0,0.12143196114145915,0.9266328225043029
0.29113687499999996,40.0,0.12188011780748002,0.8230339551038319
0.291755,40.0,0.1223274673924768,0.7172334318576161
0.292373125,40.0,0.12277484809709915,0.6141820734960599
0.29299125,40.0,0.12322491980546539,0.5204563300410505
0.293609375,40.0,0.12368023797363821,0.4439960702186807
0.2942275,40.0,0.12414097535320887,0.3918865783631262
0.294845625,40.0,0.12460727337684478,0.36860334709934406
0.29546374999999997,40.0,0.1250800065569394,0.37664117175824724
0.296081875,40.0,0.12555905324179042,0.4170387606941572
0.29669999999999996,40.0,0.12604295162356324,0.4889005003438054
0.297318125,40.0,0.12652938550291584,0.5902359048676822
0.29793624999999996,40.0,0.12701757755337853,0.7192143254237293
0.298554375,40.0,0.12750878361398738,0.8740897824132281
0.2991725,40.0,0.12800304376964133,1.0514049699169765
0.299790625,40.0,0.12849980484258797,1.2449446290323103
0.30040875,40.0,0.12899903325945852,1.447616151450135
0.30102687499999997,40.0,0.12949925569372603,1.65134739215631
0.301645,40.0,0.1299989139488825,1.8466111647362924
0.30226312499999997,40.0,0.13049711646717568,2.0253672838143806
0.30288125,40.0,0.1309918163474125,2.1820258976589875
0.30349937499999996,40.0,0.1314816079397951,2.3127879785225884
0.3041175,40.0,0.1319671541942801,2.4145414223886177
0.304735625,40.0,0.13244850858922017,2.484031327460272
0.30535375,40.0,0.13292445601939726,2.5193536370103926
0.305971875,40.0,0.13339491427418618,2.519874645426975
0.30659,40.0,0.13386105037259205,2.4857616031724636
0.307208125,40.0,0.13432305738002942,2.4193419355217833
0.30782624999999997,40.0,0.13477945066687944,2.326071237517754
0.308444375,40.0,0.1352282922627206,2.2133030185212483
0.30906249999999996,40.0,0.1356681504975773,2.088112584534515
0.309680625,40.0,0.13609828604463298,1.9573482860199825
0.31029874999999996,40.0,0.1365181511328829,1.8273938752520453
0.310916875,40.0,0.13692716992088982,1.703533157750396
0.311535,40.0,0.13732559683968634,1.589729370251768
0.312153125,40.0,0.13771384872232148,1.4902631393048666
0.31277125,40.0,0.13809197541234794,1.4107465649020112
0.31338937499999997,40.0,0.1384603276782233,1.3545471749608389
0.3140075,40.0,0.13881813286670386,1.3224509984395465
0.31462562499999996,40.0,0.13916463049650768,1.3143547957855426
0.31524375,40.0,0.13950122396693637,1.3281321392451761
0.31586187499999996,40.0,0.13982797730521757,1.3585175960018725
0.31648,40.0,0.1401433917718155,1.3991977021908217
0.317098125,40.0,0.1404485495328754,1.4452130760612507
0.31771625,40.0,0.14074582658264778,1.492539830032807
0.318334375,40.0,0.1410365869424684,1.537115046422575
0.31895249999999997,40.0,0.14132144258063467,1.574134335207302
0.319570625,40.0,0.14160031004242085,1.5988382337502276
0.32018874999999997,40.0,0.1418728533994844,1.6066436243801723
0.320806875,40.0,0.14213844198131015,1.593022586694607
0.32142499999999996,40.0,0.14239604860444818,1.554816405458377
0.322043125,40.0,0.1426449913456128,1.4921124602150644
0.32266125,40.0,0.14288536030384602,1.4071946257613777
0.323279375,40.0,0.14311788504038694,1.3034323536821089
0.3238975,40.0,0.14334341878194126,1.1854023015913926
0.324515625,40.0,0.14356249795996462,1.0582220308291195
0.32513375,40.0,0.1437751502025581,0.9264653338048682
0.32575187499999997,40.0,0.14398175735582078,0.7941046251118232
0.32637,40.0,0.1441837123683814,0.6662127925624597
0.32698812499999996,40.0,0.14438112852679602,0.5500571359017391
0.32760625,40.0,0.14457233722627474,0.45256729955029645
0.32822437499999996,40.0,0.14475739367339677,0.379436148559552
0.3288425,40.0,0.14493791365166184,0.33579988443330033
0.329460625,40.0,0.14511421928543622,0.32492393928750857
0.33007875,40.0,0.1452868571121946,0.347550499572505
0.330696875,40.0,0.14545707129436192,0.4020002675240804
0.33131499999999997,40.0,0.14562504096264509,0.4864307602757057
0.331933125,40.0,0.14579098025892692,0.598837969132743
0.33255124999999996,40.0,0.1459544437234406,0.7361897987571367
0.333169375,40.0,0.14611379809730468,0.8946024557993424
0.33378749999999996,40.0,0.14626829802519636,1.0691340637630915
0.334405625,40.0,0.14641750945472903,1.253338488101394
0.33502375,40.0,0.14656060203667545,1.4388567346655483
0.335641875,40.0,0.1466965650635565,1.6171962746921351
0.33626,40.0,0.14682434661518978,1.7816351317910177
0.336878125,40.0,0.14694432950404798,1.9272350986349753
0.33749625,40.0,0.14705761834553294,2.050045647569377
0.33811437499999997,40.0,0.14716364937561743,2.1469240639828535
0.3387325,40.0,0.14726085747295978,2.21658645363534
0.33935062499999996,40.0,0.147348733943488,2.2583486818727647
0.33996875,40.0,0.14742709100853282,2.270792985602934
0.34058687499999996,40.0,0.1474947957588807,2.2541651166215533
0.341205,40.0,0.14755147007943936,2.211744187929115
0.341823125,40.0,0.14759824010415987,2.1482681043480096
0.34244125,40.0,0.147635913146736,2.069481290709452
0.343059375,40.0,0.1476652171792376,1.9825479755328728
0.34367749999999997,40.0,0.14768704173124556,1.8939938915471253
0.344295625,40.0,0.14770079964112173,1.8088741225027105
0.34491374999999996,40.0,0.14770606759045943,1.731173658935692
0.345531875,40.0,0.14770363714424375,1.6647121149715025
0.34614999999999996,40.0,0.14769304681501488,1.6132310855540315
0.346768125,40.0,0.14767307137532432,1.5795158657038655
0.34738625,40.0,0.14764345655347466,1.5652281708556297
0.348004375,40.0,0.1476049407945971,1.5719525405070245
0.3486225,40.0,0.14755909083787583,1.5996558271662762
0.34924062499999997,40.0,0.14750662179522925,1.6444514754234107
0.34985875,40.0,0.14744751153529861,1.701318759172183
0.35047687499999997,40.0,0.14738301467714698,1.7652452233335338
0.351095,40.0,0.14731378618033125,1.831135679363469
0.35171312499999996,40.0,0.1472387679903454,1.8938768233885848
0.35233125,40.0,0.1471576532866945,1.948500398158955
0.35294937499999995,40.0,0.14707088273732888,1.991121871137621
0.3535675,40.0,0.1469786955693352,2.017933515027198
0.354185625,40.0,0.14688175049653135,2.023960470310796
0.35480375,40.0,0.1467806232948323,2.0055161493133418
0.355421875,40.0,0.14667525885560836,1.9607119812986018
0.35603999999999997,40.0,0.14656608387644202,1.8889214624678765
0.356658125,40.0,0.14645456644039592,1.791579851660851
0.35727624999999996,40.0,0.1463409909679961,1.6724063940636615
0.357894375,40.0,0.14622396192084533,1.5364367856272885
0.35851249999999996,40.0,0.1461030395375282,1.3879755605739885
0.359130625,40.0,0.1459783447067648,1.2315779065237324
0.35974875,40.0,0.14584952255373754,1.0725420280245779
0.360366875,40.0,0.14571664238592016,0.9168276676057141
0.360985,40.0,0.14558007010490348,0.7704208327290495
0.36160312499999997,40.0,0.1454409337002962,0.6395185546460318
0.36222125,40.0,0.1453004432285725,0.5306770817050623
0.36283937499999996,40.0,0.14515806709655144,0.44960800092558484
0.3634575,40.0,0.14501319178964214,0.39978352122972716
0.36407562499999996,40.0,0.14486582663375702,0.382131027843368
0.36469375,40.0,0.14471532619220998,0.3968081055410209
0.365311875,40.0,0.14456147402664357,0.44290282699245476
0.36593,40.0,0.14440407909021918,0.5178448186439988
0.366548125,40.0,0.1442420275735174,0.6187725876625282
0.36716624999999997,40.0,0.144075656579538,0.7430508094875197
0.367784375,40.0,0.14390647461917433,0.8860784915028275
0.36840249999999997,40.0,0.1437342361782746,1.0414413326236354
0.369020625,40.0,0.14355786399600626,1.2023172108014188
0.36963874999999996,40.0,0.1433771325155925,1.361975806862825
0.370256875,40.0,0.143191490389603,1.5135365444540059
0.37087499999999995,40.0,0.1429992853736085,1.6508398175320196
0.371493125,40.0,0.14279895392259792,1.7697759863263913
0.37211125,40.0,0.1425901247488753,1.868141811323409
0.372729375,40.0,0.1423730592711982,1.94430172258931
0.3733475,40.0,0.14214798810017426,1.996614213704682
0.37396562499999997,40.0,0.14191493305488395,2.024452643598955
0.37458375,40.0,0.14167362051885055,2.029071968348568
0.37520187499999996,40.0,0.14142438219863473,2.0125426108091506
0.37582,40.0,0.14116762025492083,1.9780131848427243
0.37643812499999996,40.0,0.14090328126941554,1.931381675381647
0.37705625,40.0,0.1406313588043583,1.8786163620567153
0.377674375,40.0,0.14035099585735017,1.8252185088007369
0.3782925,40.0,0.14006220246957743,1.7762292897353917
0.378910625,40.0,0.1397667123335729,1.7357695467227032
0.37952874999999997,40.0,0.1394648436956244,1.7074931062923482
0.380146875,40.0,0.13915680308049727,1.6933736130127355
0.38076499999999996,40.0,0.13884483554393523,1.695093116305294
0.381383125,40.0,0.13853039568147077,1.715295993829779
0.38200124999999996,40.0,0.13821328883027856,1.7545082789692827
0.382619375,40.0,0.13789353056036618,1.8103914623393977
0.38323749999999995,40.0,0.13757148352926646,1.879855998899439
0.383855625,40.0,0.13724769501229844,1.9590120127680632
0.38447375,40.0,0.13692290981913058,2.0420130094965256
0.385091875,40.0,0.13659750609414467,2.1226547455468796
0.38571,40.0,0.13627192119270273,2.195828937489795
0.38632812499999997,40.0,0.13594712412553425,2.2571474106618425
0.38694625,40.0,0.13562429533457568,2.3027825438169955
0.38756437499999996,40.0,0.13530423652060336,2.3284901034985563
0.3881825,40.0,0.13498679574048378,2.3306865498058817
0.38880062499999996,40.0,0.1346714438531029,2.3063369672535696
0.38941875,40.0,0.13435810147739702,2.2532912357605324
0.390036875,40.0,0.13404691097788868,2.1710829196702317
0.390655,40.0,0.13373730691008043,2.061657861384839
0.391273125,40.0,0.13342899583350432,1.9291176164990653
0.39189124999999997,40.0,0.1331238486124116,1.7781171608239763
0.392509375,40.0,0.1328234479459675,1.6137035272781888
0.39312749999999996,40.0,0.13252742700119685,1.4418617233905606
0.393745625,40.0,0.1322361611830002,1.268462187416579
0.39436374999999996,40.0,0.1319501981106029,1.0984486648418734
0.394981875,40.0,0.13166903944732516,0.9377082412838199
0.39559999999999995,40.0,0.1313928778795007,0.7928829105641491
0.396218125,40.0,0.13112151024066862,0.6704135427592172
0.39683625,40.0,0.1308538188897066,0.5753870852302266
0.39745437499999997,40.0,0.13058985159886727,0.5112414977272559
0.3980725,40.0,0.13033002696293786,0.4800331617616467
0.39869062499999997,40.0,0.1300742302441882,0.48175715571233085
0.39930875,40.0,0.12982213415197935,0.5146186962390905
0.39992687499999996,40.0,0.1295732701293809,0.5762387776826878
0.400545,40.0,0.12932761209061558,0.6637750755138405
0.40116312499999995,40.0,0.12908440837240862,0.7737889200728996
0.40178125,40.0,0.12884141235436178,0.9013784643502231
0.402399375,40.0,0.1285970821142036,1.041013304726716
0.4030175,40.0,0.12835147670763575,1.1867267341435086
0.403635625,40.0,0.12810426693793225,1.3313525806036364
0.40425374999999997,40.0,0.12785417199098495,1.4682467048596124
0.404871875,40.0,0.12760082145459653,1.5916484955632475
0.40548999999999996,40.0,0.12734452828887702,1.6981419934127138
0.406108125,40.0,0.12708482750930591,1.7858930416840166
0.40672624999999996,40.0,0.12682145790444133,1.8530443069574958
0.407344375,40.0,0.12655422365421076,1.8989660962079824
0.4079625,40.0,0.12628181255167073,1.9248454627991984
0.408580625,40.0,0.12600363403617626,1.931910557606357
0.40919875,40.0,0.1257200904760014,1.921783427306733
0.40981687499999997,40.0,0.12543059340955046,1.8985583263486987
0.410435,40.0,0.1251350601465302,1.8674558379991495
0.41105312499999996,40.0,0.12483484155104514,1.8339667930531987
0.41167125,40.0,0.1245310211288659,1.8036506043444103
0.41228937499999996,40.0,0.12422408689318529,1.781112014047022
0.4129075,40.0,0.12391359723152376,1.7698913854047755
0.41352562499999995,40.0,0.12359918790295445,1.772278795511877
0.41414375,40.0,0.12328195673009286,1.7888803767587598
0.414761875,40.0,0.12296237783074991,1.820434584445586
0.41537999999999997,40.0,0.12264033885312271,1.8673269194855397
0.415998125,40.0,0.1223171415423748,1.9278651620188543
0.41661624999999997,40.0,0.12199421059174162,1.999128157602034
0.417234375,40.0,0.12167273499744705,2.0776364858158978
0.41785249999999996,40.0,0.12135447368923373,2.158793594699564
0.418470625,40.0,0.1210406788619173,2.2362474967672856
0.41908874999999995,40.0,0.12073178839676107,2.303457236531388
0.419706875,40.0,0.12042854114767881,2.3556825269691997
0.420325,40.0,0.12013175553016399,2.389025903224241
0.420943125,40.0,0.11984076292134617,2.399557268059585
0.42156125,40.0,0.11955489952295247,2.384572167581819
0.42217937499999997,40.0,0.11927555520992236,2.342716698613934
0.4227975,40.0,0.11900389289767659,2.2733840794162385
0.42341562499999996,40.0,0.11873999858377572,2.1762784200461707
0.42403375,40.0,0.11848419385454939,2.0529519595182713
0.42465187499999996,40.0,0.11823691171907766,1.9072201193323692
0.42527,40.0,0.11799887428907369,1.7439215813242706
0.42588812499999995,40.0,0.11777040151681036,1.5689416560454055
0.42650625,40.0,0.1175509320356074,1.3888875259254256
0.427124375,40.0,0.11734061890206271,1.2107491496058742
0.42774249999999997,40.0,0.11714000777755547,1.0407813865249163
0.428360625,40.0,0.11694885546238175,0.8843178043095569
0.42897874999999996,40.0,0.11676770843284946,0.7468833473499948
0.429596875,40.0,0.11659742849271394,0.6335433987526392
0.43021499999999996,40.0,0.11643796820092225,0.5488803486045409
0.430833125,40.0,0.1162902216804986,0.4963389825277421
0.43145124999999995,40.0,0.11615454117701075,0.4774475827110191
0.432069375,40.0,0.1160290387672015,0.49275765164535157
0.4326875,40.0,0.11591227077688637,0.5408761024278385
0.43330562499999997,40.0,0.1158038666790759,0.618094700239254
0.43392375,40.0,0.1157029838158443,0.7197997872118281
0.43454187499999997,40.0,0.11560812847109644,0.8414085171824045
0.43516,40.0,0.11551817760287575,0.9773876773364081
0.43577812499999996,40.0,0.11543259697650082,1.1220902144646594
0.43639625,40.0,0.11535051141480229,1.2699404167320898
0.43701437499999995,40.0,0.11527083378625362,1.4147520383725674
0.4376325,40.0,0.11519224603330003,1.5507371388008493
0.438250625,40.0,0.11511327827464306,1.6726382524469816
0.43886875,40.0,0.11503289753483113,1.7755942438317758
0.439486875,40.0,0.11494981853601592,1.857221837816783
0.44010499999999997,40.0,0.11486284912191085,1.9172147247013545
0.440723125,40.0,0.11477160249007008,1.955571174924336
0.44134124999999996,40.0,0.11467592589892815,1.9740400432926355
0.441959375,40.0,0.11457674569428834,1.9761091003592655
0.44257749999999996,40.0,0.11447515950579615,1.9651813695551927
0.443195625,40.0,0.11437017555147601,1.9443407410745777
0.44381374999999995,40.0,0.11426135339835106,1.9176109620697668
0.444431875,40.0,0.11414982458327486,1.8902099660717946
0.44505,40.0,0.11403523411042465,1.8672919164929387
0.44566812499999997,40.0,0.11391674520422021,1.8526286355082475
0.44628625,40.0,0.11379481686779348,1.8494691958347431
0.44690437499999996,40.0,0.1136699433904404,1.8603151528012782
0.4475225,40.0,0.11354260712512614,1.8855901042356351
0.44814062499999996,40.0,0.11341364129979886,1.9234928682858228
0.44875875,40.0,0.11328383655737534,1.9718659822850675
0.44937687499999995,40.0,0.11315430763170864,2.0283794709894694
0.449995,40.0,0.11302626305158057,2.089251254573059
0.450613125,40.0,0.11290033015040457,2.150313358476528
0.45123125,40.0,0.11277664665837167,2.206815077807662
0.451849375,40.0,0.11265525812233915,2.2538442440561113
0.45246749999999997,40.0,0.11253689819070317,2.2861304099871487
0.453085625,40.0,0.11242303607115492,2.2983217201977606
0.45370374999999996,40.0,0.1123148440266718,2.2869211897147665
0.454321875,40.0,0.11221272561197676,2.249665748924687
0.45493999999999996,40.0,0.11211746102752077,2.185808539210593
0.455558125,40.0,0.11203086462787733,2.0959732107873386
0.45617624999999995,40.0,0.11195339933302872,1.9817904325042657
0.456794375,40.0,0.1118845193748985,1.8463487549629898
0.4574125,40.0,0.11182519783963145,1.6932883664385872
0.45803062499999997,40.0,0.11177590273077362,1.5266852953077272
0.45864875,40.0,0.11173622427086426,1.3519500477117556
0.45926687499999996,40.0,0.11170688044668174,1.1758801872663398
0.459885,40.0,0.11168833521726734,1.00517345834994
0.46050312499999996,40.0,0.11168100882328755,0.8467867848288733
0.46112125,40.0,0.11168634165735476,0.7072474107000466
0.46173937499999995,40.0,0.11170480560737554,0.5917043197990315
0.4623575,40.0,0.11173574759297386,0.5044836543552808
0.462975625,40.0,0.11177853347503247,0.44832792670831273
0.46359374999999997,40.0,0.11183269537740313,0.42440727698457426
0.464211875,40.0,0.11189818186906494,0.43375482083741573
0.46482999999999997,40.0,0.11197442510275685,0.47631574273596733
0.465448125,40.0,0.11206025685827795,0.5497401254598119
0.46606624999999996,40.0,0.11215552117720425,0.6509493431290867
0.466684375,40.0,0.11226040829767832,0.7758878618455736
0.46730249999999995,40.0,0.11237375315223588,0.9185579474201326
0.467920625,40.0,0.11249403731782907,1.0720807037867635
0.46853874999999995,40.0,0.11262067067234185,1.2296913105744551
0.469156875,40.0,0.11275253908301673,1.3852755823054017
0.469775,40.0,0.11288743872302004,1.5333332724802444
0.47039312499999997,40.0,0.11302360015090038,1.6684902944003697
0.47101125,40.0,0.1131594593704413,1.7863277687236827
0.47162937499999996,40.0,0.11329342316950904,1.884071904407893
0.4722475,40.0,0.11342525313727647,1.959612333027393
0.47286562499999996,40.0,0.11355487049096556,2.0111246245996175
0.47348375,40.0,0.11368084018541741,2.03907812074548
0.47410187499999995,40.0,0.11380258733822934,2.0461018752691533
0.47472,40.0,0.11392028883576638,2.035296215640563
0.475338125,40.0,0.114033209604528,2.0111540247504816
0.47595624999999997,40.0,0.11414074841751715,1.978484021120292
0.476574375,40.0,0.11424233820118566,1.9423660394671238
0.47719249999999996,40.0,0.11433794690693493,1.9074932641900226
0.477810625,40.0,0.11442827140148094,1.8771600648688462
0.47842874999999996,40.0,0.11451296261154476,1.8549339668901417
0.479046875,40.0,0.11459221673638886,1.8439929935164354
0.47966499999999995,40.0,0.114667617524785,1.8460908451444693
0.480283125,40.0,0.114740006583357,1.8617869687288398
0.48090125,40.0,0.11480968606448977,1.8906874152973863
0.48151937499999997,40.0,0.11487715076983454,1.9308200344834587
0.4821375,40.0,0.11494240115014764,1.9785110971319229
0.48275562499999997,40.0,0.11500539219088582,2.028835979947476
0.48337375,40.0,0.11506720369010649,2.077132046214684
0.48399187499999996,40.0,0.11512887134162617,2.11883400440234
0.48461,40.0,0.1151904241372631,2.1491645568542723
0.48522812499999995,40.0,0.11525267604584993,2.1640531731716113
0.48584625,40.0,0.11531724066593578,2.1601825624349393
0.48646437499999995,40.0,0.11538450823669459,2.1343291472296166
0.4870825,40.0,0.11545442143463375,2.084481306339493
0.487700625,40.0,0.11552773407015804,2.0096146063111577
0.48831874999999997,40.0,0.1156050753067024,1.9096997168957166
0.488936875,40.0,0.11568689646773468,1.7872487328569762
0.48955499999999996,40.0,0.11577348425844994,1.6459958407664328
0.490173125,40.0,0.11586508462925618,1.490240993983479
0.49079124999999996,40.0,0.11596323587046073,1.3256628968278927
0.491409375,40.0,0.11606953960900657,1.1584118219020647
0.49202749999999995,40.0,0.11618457720808589,0.9941286435646649
0.492645625,40.0,0.11630933710768997,0.8385866827591486
0.49326375,40.0,0.11644416260681355,0.6974111074140481
0.49388187499999997,40.0,0.1165886787058055,0.5763692327503686
0.4945,40.0,0.11674360776303933,0.4807532572771834
0.49511812499999996,40.0,0.1169088159417404,0.41442249767514067
0.49573625,40.0,0.11708315584017373,0.38000922204479964
0.49635437499999996,40.0,0.11726688247448512,0.3792581600767905
0.4969725,40.0,0.11746029373544332,0.4118842303640161
0.49759062499999995,40.0,0.11766245021044666,0.47526437478690703
0.49820875,40.0,0.11787244292385295,0.5665160814860695
0.49882687499999995,40.0,0.11809008968533709,0.6822785845024306
0.499445,40.0,0.11831497442823403,0.8176347648000503
0.5000631249999999,40.0,0.11854570265423445,0.9673165555974496
0.50068125,40.0,0.11878064179838296,1.125421215866957
0.501299375,40.0,0.1190181480370824,1.285689318698115
0.5019175,40.0,0.11925686869139382,1.4419439679905854
0.5025356249999999,40.0,0.11949600524368671,1.5873003624252116
0.50315375,40.0,0.11973456300797101,1.7167678274304674
0.503771875,40.0,0.11997169459785922,1.826993753985121
0.50439,40.0,0.1202067351986493,1.9149500956330368
0.5050081249999999,40.0,0.12043870006650635,1.979114686263226
0.5056262499999999,40.0,0.12066712618435585,2.0202182522168073
0.506244375,40.0,0.12089124500048952,2.0393326525819564
0.5068625,40.0,0.12110929989818263,2.037954828888548
0.507480625,40.0,0.12132093790808642,2.0190990406524985
0.5080987499999999,40.0,0.12152636338037498,1.9868898115906244
0.508716875,40.0,0.12172409859276452,1.9462897668326276
0.509335,40.0,0.12191353130068273,1.902203087581451
0.509953125,40.0,0.12209549878729899,1.8597146136877394
0.5105712499999999,40.0,0.12227017555197169,1.823799326737786
0.511189375,40.0,0.12243764041021468,1.7980056795125294
0.5118075,40.0,0.12259796685796139,1.7845711359443814
0.512425625,40.0,0.12275083562856644,1.7847600339035905
0.51304375,40.0,0.12289638027352158,1.7986905045772983
0.5136618749999999,40.0,0.1230350850191662,1.825900508015946
0.51428,40.0,0.12316739917594674,1.8644996421423456
0.514898125,40.0,0.12329397568473945,1.9115555897621805
0.51551625,40.0,0.12341572159021749,1.9637152534677362
0.5161343749999999,40.0,0.1235338532414194,2.016353384979388
0.5167525,40.0,0.12364945614415734,2.0640552381645256
0.517370625,40.0,0.12376301084331451,2.1018512816769968
0.51798875,40.0,0.12387489228507338,2.125017753905819
0.518606875,40.0,0.12398602556606941,2.1297791050853823
0.5192249999999999,40.0,0.12409727644958225,2.1135134261371245
0.519843125,40.0,0.12420802009031605,2.0738578747447876
0.52046125,40.0,0.1243179274021845,2.0101369712576522
0.521079375,40.0,0.12442841594146367,1.9228140899024178
0.5216974999999999,40.0,0.12454003988313067,1.813071399067802
0.522315625,40.0,0.12465316526590034,1.6828995628457761
0.52293375,40.0,0.12476922234284595,1.5364135821960785
0.523551875,40.0,0.12488866584527196,1.3787192334743186
0.52417,40.0,0.1250118746044301,1.2149958232874571
0.5247881249999999,40.0,0.12513988648138133,1.0516811995453947
0.52540625,40.0,0.1252728772836223,0.8948518673162804
0.526024375,40.0,0.1254108894384531,0.7503516582417125
0.5266425,40.0,0.12555461617105304,0.6234129593002763
0.5272606249999999,40.0,0.12570463850853894,0.5183411596188511
0.52787875,40.0,0.12586134515032188,0.43931958710320096
0.528496875,40.0,0.12602478185379087,0.389712504436765
0.529115,40.0,0.126194941124602,0.370892332786341
0.529733125,40.0,0.12637261641274597,0.3836959219713933
0.5303512499999999,40.0,0.1265578405130376,0.4280699773057234
0.530969375,40.0,0.12674909909185156,0.5014724629167069
0.5315875,40.0,0.1269452862665823,0.6000080049783817
0.532205625,40.0,0.1271457626422368,0.7195244237430474
0.5328237499999999,40.0,0.12734924454742966,0.8548496270450644
0.533441875,40.0,0.12755435915953225,1.000591077407908
0.53406,40.0,0.12776041445125008,1.1510019180422228
0.534678125,40.0,0.12796650406332918,1.3001607466635647
0.5352962499999999,40.0,0.128171265394358,1.4431755120855745
0.5359143749999999,40.0,0.12837409636156522,1.5747361028146707
0.5365325,40.0,0.1285738282653777,1.689833649739766
0.537150625,40.0,0.1287685823546436,1.7853488313047714
0.53776875,40.0,0.1289579288673846,1.8593805708099145
0.5383868749999999,40.0,0.1291413501847475,1.910818566125699
0.539005,40.0,0.12931741426900595,1.9403203562693476
0.539623125,40.0,0.1294854400659927,1.949944782341641
0.54024125,40.0,0.12964516186600844,1.9426164839798763
0.5408593749999999,40.0,0.1297968163517451,1.9215036470987639
0.5414775,40.0,0.1299407110073884,1.8904246360870798
0.542095625,40.0,0.13007611111384804,1.854103343432244
0.54271375,40.0,0.13020284391807813,1.817106449201239
0.543331875,40.0,0.13032116649276562,1.7838589300989756
0.5439499999999999,40.0,0.13043029923195282,1.7585535610285223
0.544568125,40.0,0.13052982723653314,1.744668952518571
0.54518625,40.0,0.13062012387474248,1.7446231348755956
0.545804375,40.0,0.13070117227454897,1.759204611887671
0.5464224999999999,40.0,0.13077328411075032,1.7880201300701073
0.547040625,40.0,0.130837496109178,1.829865850129589
0.54765875,40.0,0.13089426100749096,1.8824092036157454
0.548276875,40.0,0.13094384378992238,1.942455438266696
0.548895,40.0,0.13098757940059294,2.0062128042041687
0.5495131249999999,40.0,0.13102669824857852,2.069749780516697
0.55013125,40.0,0.13106110702167822,2.1278748663062337
0.550749375,40.0,0.13109090492316927,2.1754791442255477
0.5513675,40.0,0.131117143948548,2.2079640066523276
0.5519856249999999,40.0,0.13114056338928065,2.2211706017897255
0.55260375,40.0,0.13116187861830023,2.212207629684896
0.553221875,40.0,0.13118196944076022,2.179026689692696
0.55384,40.0,0.13120154209915336,2.1207823260470127
0.554458125,40.0,0.13122178508575771,2.03830186330094
0.5550762499999999,40.0,0.13124313631449916,1.9330616496836728
0.555694375,40.0,0.13126548955164183,1.8069134952453583
0.5563125,40.0,0.13128970021539837,1.663377565296031
0.556930625,40.0,0.1313160736669347,1.5070364980741173
0.5575487499999999,40.0,0.1313448147619991,1.342920304690655
0.558166875,40.0,0.13137703780619855,1.1769367746784105
0.558785,40.0,0.13141283918427796,1.0152286153692052
0.559403125,40.0,0.13145231603777,0.8635067112315332
0.56002125,40.0,0.13149700895914168,0.727592923239821
0.5606393749999999,40.0,0.13154763155177038,0.6117724540612732
0.5612575,40.0,0.13160378174455103,0.5195747474756907
0.561875625,40.0,0.1316654767174951,0.4545656707344522
0.56249375,40.0,0.13173287083277205,0.4183540246356766
0.5631118749999999,40.0,0.1318056048474574,0.4116136034963367
0.56373,40.0,0.13188305487689023,0.4347186042877195
0.564348125,40.0,0.13196489638983627,0.4862680179065191
0.56496625,40.0,0.13205084100859335,0.5630838751958526
0.5655843749999999,40.0,0.13214041060937715,0.6614123187175909
0.5662024999999999,40.0,0.13223298725266985,0.7765527368581568
0.566820625,40.0,0.1323274127555178,0.9034813173725571
0.56743875,40.0,0.13242259423326855,1.0367573463096456
0.568056875,40.0,0.13251753651594636,1.170919024146087
0.5686749999999999,40.0,0.13261086346541853,1.301282677792913
0.569293125,40.0,0.1327013929958633,1.4234167841086791
0.56991125,40.0,0.13278748553015374,1.5328375589199803
0.570529375,40.0,0.13286741610612754,1.6259566861440065
0.5711474999999999,40.0,0.13294103615076394,1.7010002281314205
0.5717656249999999,40.0,0.1330080189430387,1.7565936664981394
0.57238375,40.0,0.13306688539778203,1.7926730227495404
0.573001875,40.0,0.1331175072646045,1.8110565737563713
0.57362,40.0,0.13316010044044976,1.8143088563432204
0.5742381249999999,40.0,0.13319357174172547,1.8056825241560315
0.57485625,40.0,0.1332173677368127,1.7885556927559176
0.575474375,40.0,0.1332312797202226,1.7669769451064736
0.5760925,40.0,0.13323496231826867,1.745385459590911
0.5767106249999999,40.0,0.1332286317992035,1.7274832554831439
0.57732875,40.0,0.13321233458960663,1.7169188836945637
0.577946875,40.0,0.13318612339152824,1.7170898779541481
0.578565,40.0,0.13315037677211436,1.7305433671266253
0.579183125,40.0,0.1331056272452755,1.7583649166902908
0.5798012499999999,40.0,0.13305262745662305,1.800369507299641
0.580419375,40.0,0.13299174046611367,1.8554829085537643
0.5810375,40.0,0.13292301806992882,1.9213595801200536
0.581655625,40.0,0.1328468079418896,1.9946126354228746
0.5822737499999999,40.0,0.13276406275726074,2.0714914647180125
0.582891875,40.0,0.13267564103883206,2.1480020021154944
0.58351,40.0,0.13258177236754579,2.2193371573938463
0.584128125,40.0,0.13248367560895696,2.280788411938875
0.58474625,40.0,0.13238309824288416,2.3280524742698656
0.5853643749999999,40.0,0.1322803028202264,2.356626484914145
0.5859825,40.0,0.13217576703016137,2.3630161081773675
0.586600625,40.0,0.13207068281380455,2.344958159796601
0.58721875,40.0,0.13196532875832565,2.3008280209939826
0.5878368749999999,40.0,0.13186034569614807,2.2308190464978623
0.588455,40.0,0.13175679138224455,2.1364527621986724
0.589073125,40.0,0.13165477747085508,2.019336658580306
0.58969125,40.0,0.13155491443199124,1.882570483556752
0.5903093749999999,40.0,0.13145859454242226,1.7304712008170917
0.5909274999999999,40.0,0.131366696257659,1.567446793477091
0.591545625,40.0,0.13127999515836003,1.398793168724107
0.59216375,40.0,0.13119902698729044,1.2301702071694764
0.592781875,40.0,0.1311242366664251,1.0673896620237286
0.5933999999999999,40.0,0.13105642678296264,0.9162693841001084
0.594018125,40.0,0.13099545739490467,0.7817060650711674
0.59463625,40.0,0.1309409279522727,0.6677629082498097
0.595254375,40.0,0.1308935082846563,0.5778648658301473
0.5958724999999999,40.0,0.13085360580664604,0.5146303006904613
0.5964906249999999,40.0,0.13082083487658422,0.4788907610236518
0.59710875,40.0,0.13079492608043697,0.4713097481449651
0.597726875,40.0,0.13077589604125003,0.4915272220855825
0.598345,40.0,0.13076316063493448,0.5373232161153993
0.5989631249999999,40.0,0.1307558213254831,0.6061241570651323
0.59958125,40.0,0.1307533833970922,0.6941263308924135
0.600199375,40.0,0.13075430363368548,0.7967381756614971
0.6008175,40.0,0.13075682515007037,0.9093145260586276
0.6014356249999999,40.0,0.13076043204447377,1.0264461274200265
0.6020537499999999,40.0,0.13076398155810473,1.1433783902860826
0.602671875,40.0,0.13076592708095033,1.2563082510076564
0.60329,40.0,0.1307655385426337,1.3610371681128473
0.603908125,40.0,0.13076196442700613,1.4539969400631763
0.6045262499999999,40.0,0.13075422438852816,1.5331962158058776
0.605144375,40.0,0.13074112923477993,1.5970763529596141
0.6057625,40.0,0.13072112978985523,1.6446809788525905
0.606380625,40.0,0.1306937149464859,1.676949109395371
0.6069987499999999,40.0,0.13065857941433118,1.6957590089838768
0.607616875,40.0,0.13061453280310598,1.70368925716701
0.608235,40.0,0.1305612096270833,1.7039304675572946
0.608853125,40.0,0.13049867516254313,1.7001122328499028
0.60947125,40.0,0.1304264798492104,1.6961305876620942
0.6100893749999999,40.0,0.13034479269217827,1.6953940406730654
0.6107075,40.0,0.13025390645427004,1.7009792327030269
0.611325625,40.0,0.13015336975696665,1.7158276461929314
0.61194375,40.0,0.13004302899573994,1.742215180290788
0.6125618749999999,40.0,0.1299234966182835,1.7814799852969645
0.61318,40.0,0.12979496769167645,1.8336679250869494
0.613798125,40.0,0.12965730771201373,1.897716027357622
0.61441625,40.0,0.12951149099874776,1.971949581010666
0.615034375,40.0,0.12935896635387212,2.0531874554235947
0.6156524999999999,40.0,0.12920043738432413,2.137451383144943
0.616270625,40.0,0.12903668032614407,2.220890948863611
0.61688875,40.0,0.12886871518477716,2.2989512457478
0.617506875,40.0,0.12869744446227574,2.367142165633566
0.6181249999999999,40.0,0.1285240200950474,2.4213422583496134
0.618743125,40.0,0.12834896652478997,2.457277817309413
0.61936125,40.0,0.12817273255857234,2.471496269170806
0.619979375,40.0,0.12799654992865656,2.461259941387668
0.6205974999999999,40.0,0.1278209750269127,2.4250093380743736
0.6212156249999999,40.0,0.12764693250777234,2.3623450202386165
0.62183375,40.0,0.12747599607586918,2.2742864961425773
0.622451875,40.0,0.12730855164416438,2.1627283661339596
0.62307,40.0,0.12714546644193728,2.0303514731219288
0.6236881249999999,40.0,0.12698829457002062,1.881314489079677
0.62430625,40.0,0.12683725949532085,1.7197680747531974
0.624924375,40.0,0.12669243650341175,1.550333430917755
0.6255425,40.0,0.12655497535330446,1.3786304674571654
0.6261606249999999,40.0,0.12642595263405443,1.2099133130090591
0.6267787499999999,40.0,0.1263058200390065,1.0497629927076375
0.627396875,40.0,0.12619510224334024,0.9036780799378177
0.628015,40.0,0.12609450471971467,0.7756312814754411
0.628633125,40.0,0.12600456693311785,0.6692961979570149
0.6292512499999999,40.0,0.12592555554436075,0.5877634907211852
0.629869375,40.0,0.12585738815955858,0.5323511939747819
0.6304875,40.0,0.12579965805936463,0.5035545796090524
0.631105625,40.0,0.12575186804716734,0.5016318976406708
0.6317237499999999,40.0,0.12571335409998513,0.5250837802886636
0.6323418749999999,40.0,0.12568319422738056,0.5718234764285459
0.63296,40.0,0.12566059069350644,0.6391853527202218
0.633578125,40.0,0.12564445246728612,0.7230406225645917
0.63419625,40.0,0.12563360919148234,0.8194134230535244
0.6348143749999999,40.0,0.12562752026232593,0.9236746338736864
0.6354325,40.0,0.1256245510127844,1.0309244473334842
0.636050625,40.0,0.12562242878453944,1.137322295670165
0.63666875,40.0,0.12562044224411273,1.2393499297264332
0.6372868749999999,40.0,0.1256174284164999,1.3334033790317106
0.6379049999999999,40.0,0.1256113546632779,1.417228200165976
0.638523125,40.0,0.1256013055795969,1.4893611199212486
0.63914125,40.0,0.12558636697803327,1.548877929799869
0.639759375,40.0,0.12556553536656098,1.5957647319197905
0.6403774999999999,40.0,0.12553841225776424,1.6309792127143836
0.640995625,40.0,0.12550438547890364,1.6568137785419406
0.64161375,40.0,0.12546289621860793,1.6756738232161432
0.642231875,40.0,0.12541351485613486,1.6906611848108162
0.6428499999999999,40.0,0.1253557478210097,1.7050392243137884
0.643468125,40.0,0.12528913468579597,1.7219192647375852
0.64408625,40.0,0.1252130905830391,1.7440051285219984
0.644704375,40.0,0.12512728299705833,1.773251576637733
0.6453225,40.0,0.12503200522972238,1.8115815445333898
0.6459406249999999,40.0,0.12492782527457022,1.860179773272458
0.64655875,40.0,0.12481479905597481,1.9187410712197617
0.647176875,40.0,0.1246929621777617,1.9864590919393412
0.647795,40.0,0.12456342439363513,2.061819591630873
0.6484131249999999,40.0,0.12442712416611139,2.1420978395942574
0.64903125,40.0,0.12428408619123231,2.223403568886698
0.649649375,40.0,0.12413516101407594,2.301804767741411
0.6502675,40.0,0.12398164006129933,2.373304398184806
0.6508856249999999,40.0,0.1238239760615801,2.433413677054715
0.6515037499999999,40.0,0.12366331963453132,2.478385513385194
0.652121875,40.0,0.12350118440568356,2.5048059802032445
0.65274,40.0,0.12333825042581224,2.509582863451195
0.653358125,40.0,0.12317595366737896,2.4905597323509516
0.6539762499999999,40.0,0.12301576645175857,2.4466543739619513
0.654594375,40.0,0.12285822096281349,2.3772446439793113
0.6552125,40.0,0.1227041225194591,2.283183840181792
0.655830625,40.0,0.12255428653643888,2.1666183622774686
0.6564487499999999,40.0,0.12240973918034115,2.0302325706499786
0.6570668749999999,40.0,0.12227175731860374,1.878039226328799
0.657685,40.0,0.12214083490696122,1.7145822902437855
0.658303125,40.0,0.1220177787899737,1.5441947269105725
0.65892125,40.0,0.12190415943836413,1.3722103464128954
0.6595393749999999,40.0,0.12180082918824041,1.2037841114912116
0.6601575,40.0,0.12170820255892434,1.0434425876206432
0.660775625,40.0,0.12162714889713319,0.8964454366198596
0.66139375,40.0,0.12155838253793139,0.7670348724072834
0.6620118749999999,40.0,0.12150192367336435,0.658306673898969
0.6626299999999999,40.0,0.12145786533584757,0.5734641830985298
0.663248125,40.0,0.1214265118937858,0.5142690403137655
0.66386625,40.0,0.12140742202275963,0.4810194938642275
0.664484375,40.0,0.12140042041961123,0.4737620839341304
0.6651024999999999,40.0,0.12140585422185786,0.49119543803692606
0.665720625,40.0,0.12142268165979822,0.5315884995165092
0.66633875,40.0,0.12144960872910665,0.5923644321313492
0.666956875,40.0,0.12148596847188427,0.6702151346204408
0.6675749999999999,40.0,0.12153041322982529,0.7614342172859643
0.6681931249999999,40.0,0.12158136365713479,0.8622025777358585
0.66881125,40.0,0.12163711606375445,0.968200839356231
0.669429375,40.0,0.12169585263037934,1.075067984414137
0.6700475,40.0,0.12175646127338116,1.1797419270647804
0.6706656249999999,40.0,0.12181751819436644,1.278994518079097
0.67128375,40.0,0.12187714334310774,1.3701424985478
0.671901875,40.0,0.12193452747074614,1.4519384416407666
0.67252,40.0,0.12198878150435742,1.5236822192414745
0.6731381249999999,40.0,0.12203833721754577,1.5849923066313245
0.67375625,40.0,0.12208236139801291,1.6364265156779512
0.674374375,40.0,0.12211988804093254,1.6793074950995517
0.6749925,40.0,0.12214962177653713,1.7156327431504628
0.675610625,40.0,0.12217122890397744,1.747701527276323
0.6762287499999999,40.0,0.12218463654271364,1.778063864217332
0.676846875,40.0,0.12218921147632399,1.8092705219449001
0.677465,40.0,0.12218443385866426,1.8437506742505707
0.678083125,40.0,0.12217061257353809,1.8832508284549916
0.6787012499999999,40.0,0.1221479341751114,1.928709468394896
0.679319375,40.0,0.1221159506653787,1.980870898312564
0.6799375,40.0,0.12207482324636008,2.039453972587609
0.680555625,40.0,0.12202492285766044,2.1033756996365964
0.6811737499999999,40.0,0.12196647128205472,2.1709614305859106
0.6817918749999999,40.0,0.12190007077974581,2.240086582537954
0.68241,40.0,0.12182607469142974,2.307499197949339
0.683028125,40.0,0.12174535666822647,2.3695201213016364
0.68364625,40.0,0.12165937552636219,2.4228147536926445
0.6842643749999999,40.0,0.12156882602991972,2.46367594805307
0.6848825,40.0,0.12147481403511717,2.488497588492804
0.685500625,40.0,0.12137857137568515,2.494689833531449
0.68611875,40.0,0.12128046161608935,2.479956123741787
0.6867368749999999,40.0,0.12118178244019263,2.4425335138511706
0.6873549999999999,40.0,0.1210840986074296,2.3822290576160214
0.687973125,40.0,0.1209878271257142,2.2989087616521116
0.68859125,40.0,0.12089400151328493,2.1934527593827227
0.689209375,40.0,0.12080448159029455,2.0682886465367485
0.6898274999999999,40.0,0.12072036598274227,1.926156026782905
0.690445625,40.0,0.12064252121588998,1.7706736120898268
0.69106375,40.0,0.12057229327529081,1.606366021354457
0.691681875,40.0,0.12051089421872399,1.4375961597007365
0.6922999999999999,40.0,0.12045922140979186,1.2691012466620797
0.6929181249999999,40.0,0.12041793005586991,1.1058552031216244
0.69353625,40.0,0.12038759880657585,0.952185296014892
0.694154375,40.0,0.12036887650403155,0.8120409609044452
0.6947725,40.0,0.12036243168537532,0.6896469465510242
0.6953906249999999,40.0,0.12036890899472269,0.5879749370197459
0.69600875,40.0,0.12038858107001253,0.509230328028948
0.696626875,40.0,0.12042161301590837,0.45548762648497265
0.697245,40.0,0.12046782074476839,0.42707616081528305
0.6978631249999999,40.0,0.12052683224561506,0.42379600741713974
0.6984812499999999,40.0,0.12059853134128681,0.4445953917209111
0.699099375,40.0,0.12068157988463435,0.4874691927365876
0.6997175,40.0,0.12077468959970736,0.5501660106235641
0.700335625,40.0,0.12087761552790427,0.6297752875053456
0.7009537499999999,40.0,0.12098876328441184,0.7226281243351187
0.701571875,40.0,0.12110628735631424,0.8252967335973548
0.70219,40.0,0.12122940553788346,0.9343703308231519
0.702808125,40.0,0.12135671909193205,1.0457601965318843
0.7034262499999999,40.0,0.12148656549425385,1.1559979246009169
0.704044375,40.0,0.12161757961428885,1.262487968099156
0.7046625,40.0,0.12174796765563643,1.3625826965575019
0.705280625,40.0,0.12187608139476093,1.4545013633700317
0.7058987499999999,40.0,0.12200068327583204,1.5374819585748187
0.7065168749999999,40.0,0.122120507303717,1.6111954765594851
0.707135,40.0,0.12223444969260615,1.6758495174136792
0.707753125,40.0,0.12234147314401081,1.7322302526011768
0.70837125,40.0,0.12244073920343225,1.7817684989521267
0.7089893749999999,40.0,0.1225318339622539,1.826132861249193
0.7096075,40.0,0.12261417283391929,1.8673028936718095
0.710225625,40.0,0.1226869068798687,1.9070950438618237
0.71084375,40.0,0.12274963502457326,1.947472487790252
0.7114618749999999,40.0,0.12280251707080837,1.9900941770611613
0.7120799999999999,40.0,0.12284515794429503,2.035885035505922
0.712698125,40.0,0.1228769156980151,2.0848506000479
0.71331625,40.0,0.12289840617852316,2.137033312324994
0.713934375,40.0,0.12291029591175355,2.191651959937182
0.7145524999999999,40.0,0.12291265213929965,2.2468593356647815
0.715170625,40.0,0.12290644290749284,2.301014120088943
0.71578875,40.0,0.12289248977003428,2.3517499052656694
0.716406875,40.0,0.12287098497837287,2.3960739530468578
0.7170249999999999,40.0,0.12284308519105609,2.431061407723398
0.7176431249999999,40.0,0.12280974919997766,2.453931649889549
0.71826125,40.0,0.12277137365349822,2.461682699712874
0.718879375,40.0,0.12272910733397992,2.4517752760537883
0.7194975,40.0,0.12268404288997914,2.4227766144707092
0.7201156249999999,40.0,0.12263731823490599,2.3734688051313664
0.72073375,40.0,0.12259019405023688,2.3034156405415995
0.721351875,40.0,0.1225434644490527,2.213314626548189
0.72197,40.0,0.12249858699297955,2.104036328625478
0.7225881249999999,40.0,0.12245716353214249,1.9776288402423932
0.7232062499999999,40.0,0.12241987915335327,1.8367501382865719
0.723824375,40.0,0.12238754667185126,1.6843375805532346
0.7244425,40.0,0.12236154627199547,1.5244889322336348
0.725060625,40.0,0.1223430257137188,1.361378405428731
0.7256787499999999,40.0,0.12233282385229197,1.1990518033457984
0.726296875,40.0,0.1223321935537127,1.0421754583878469
0.726915,40.0,0.12234226674285925,0.8950723894386445
0.727533125,40.0,0.1223634793513683,0.7609546078308982
0.7281512499999999,40.0,0.12239668569415492,0.643482811619521
0.7287693749999999,40.0,0.12244265945768959,0.5457113539518116
0.7293875,40.0,0.12250103294717977,0.46946970183019127
0.730005625,40.0,0.12257181057550424,0.4165622581020196
0.73062375,40.0,0.12265528403947641,0.3878739255044996
0.7312418749999999,40.0,0.12275073670010467,0.38324527449586154
0.73186,40.0,0.12285741563436285,0.40203688649975694
0.732478125,40.0,0.12297466637077964,0.4426493216334624
0.73309625,40.0,0.12310160577243512,0.5027497733732192
0.7337143749999999,40.0,0.12323757720451552,0.5799887988518222
0.7343324999999999,40.0,0.12338119032222954,0.6712172812034275
0.734950625,40.0,0.12353066344866512,0.7730114530250147
0.73556875,40.0,0.1236849802238924,0.882335251299196
0.7361868749999999,40.0,0.12384248559894753,0.995904133250701
0.7368049999999999,40.0,0.12400119512728508,1.110267228676508
0.737423125,40.0,0.12416003224629785,1.2224133042953058
0.73804125,40.0,0.12431743493917025,1.3301897713509017
0.738659375,40.0,0.12447177131641486,1.4314248897164623
0.7392774999999999,40.0,0.12462222629488405,1.5246185710684148
0.739895625,40.0,0.12476765049105325,1.609427340070977
0.74051375,40.0,0.12490659300528864,1.6855727843332358
0.741131875,40.0,0.12503809437932747,1.753504596959589
0.7417499999999999,40.0,0.1251616569056529,1.8141346440549009
0.7423681249999999,40.0,0.12527621869707037,1.8684789905567607
0.74298625,40.0,0.12538051721699112,1.9180720810417613
0.743604375,40.0,0.1254742123841362,1.9642696572708567
0.7442225,40.0,0.1255569395025892,2.0085300048111216
0.7448406249999999,40.0,0.1256283688784818,2.052419277423532
0.74545875,40.0,0.12568853649407244,2.0968780308687025
0.746076875,40.0,0.12573726968724463,2.142353847209267
0.746695,40.0,0.12577489312946014,2.1889174022186975
0.7473131249999999,40.0,0.12580181245026803,2.236174901292526
0.7479312499999999,40.0,0.12581802738603648,2.2828836999859043
0.748549375,40.0,0.12582421969169222,2.327434326956412
0.7491675,40.0,0.12582114694059904,2.36818982641158
0.749785625,40.0,0.12580917125276173,2.4028208711662074
0.7504037499999999,40.0,0.12578957387950343,2.4289470911579745
0.751021875,40.0,0.125763523218135,2.444308935694626
0.75164,40.0,0.12573138440808274,2.446541046374931
0.752258125,40.0,0.1256946800047811,2.4332806845126
0.7528762499999999,40.0,0.12565508699623518,2.4031714701317974
0.7534943749999999,40.0,0.12561319204368898,2.3550652104965897
0.7541125,40.0,0.12556993757989446,2.288075567324983
0.754730625,40.0,0.12552659677630842,2.2028379966525
0.75534875,40.0,0.1254842066234234,2.0999914120327263
0.7559668749999999,40.0,0.12544378362945433,1.9809245060181353
0.756585,40.0,0.12540642937579027,1.8481135502921375
0.757203125,40.0,0.125373396443847,1.703954430362521
0.75782125,40.0,0.12534587263453734,1.551467540766369
0.7584393749999999,40.0,0.12532502772751425,1.3946920332327049
0.7590574999999999,40.0,0.12531193325946954,1.2371157991967927
0.759675625,40.0,0.12530744986259182,1.082583448518341
0.76029375,40.0,0.12531252836782472,0.9353740866804671
0.760911875,40.0,0.12532786245745456,0.7989647772465633
0.7615299999999999,40.0,0.12535408452016483,0.6765912014668803
0.762148125,40.0,0.1253917845955429,0.5712994824946697
0.76276625,40.0,0.12544073738545847,0.48549630308553726
0.763384375,40.0,0.12550127106110448,0.42094287179411816
0.7640024999999999,40.0,0.12557409218344898,0.37880185447147985
0.7646206249999999,40.0,0.12565835888602234,0.35975981855017675
0.76523875,40.0,0.12575342622858152,0.3635712312215041
0.765856875,40.0,0.12585918055341655,0.389471244816202
0.7664749999999999,40.0,0.12597430225414288,0.4358841699892976
0.7670931249999999,40.0,0.12609742422018294,0.5006080646600793
0.76771125,40.0,0.12622747802670062,0.5814918812678513
0.768329375,40.0,0.12636285521423948,0.6753609708386619
0.7689475,40.0,0.12650211575025463,0.7792086877389446
0.7695656249999999,40.0,0.12664393693277326,0.89023732515587
0.77018375,40.0,0.12678665541812623,1.0051677082355086
0.770801875,40.0,0.12692878115224618,1.12099176847353
0.77142,40.0,0.1270688817441091,1.2352256109082598
0.7720381249999999,40.0,0.1272055851441938,1.3455373092273313
0.7726562499999999,40.0,0.12733771032127292,1.449952015557235
0.773274375,40.0,0.12746374459741894,1.5473263528033145
0.7738925,40.0,0.12758220677136686,1.636833936883399
0.774510625,40.0,0.12769230101955042,1.7182619512337562
0.7751287499999999,40.0,0.12779338469159657,1.7921231417151402
0.775746875,40.0,0.12788438270138097,1.8587122757527075
0.776365,40.0,0.12796452752197227,1.9190668196118783
0.776983125,40.0,0.1280338691295189,1.9744958886647694
0.7776012499999999,40.0,0.12809190112236782,2.0259318936230297
0.7782193749999999,40.0,0.12813782396278234,2.074609995770466
0.7788375,40.0,0.12817185096407088,2.121650857212208
0.779455625,40.0,0.12819382402404828,2.1678788978693952
0.78007375,40.0,0.12820341231287136,2.213442337189718
0.7806918749999999,40.0,0.12820130551222006,2.258489032819988
0.78131,40.0,0.12818771070642027,2.3025690507010506
0.781928125,40.0,0.12816277502114592,2.3443912005108687
0.78254625,40.0,0.12812763408735037,2.3826520266441977
0.7831643749999999,40.0,0.12808315867230183,2.4160374138255856
0.7837824999999999,40.0,0.12803029947743663,2.442293141399221
0.784400625,40.0,0.12797010133210665,2.4594154487084032
0.78501875,40.0,0.1279033068778305,2.465645135294478
0.785636875,40.0,0.12783132557834828,2.458649512523608
0.7862549999999999,40.0,0.12775539776655667,2.4368587473987775
0.786873125,40.0,0.12767624451745155,2.398812732920222
0.78749125,40.0,0.12759524061574842,2.343545086467521
0.788109375,40.0,0.1275140357668318,2.2708520400363357
0.7887274999999999,40.0,0.12743372570490152,2.180956476972647
0.7893456249999999,40.0,0.12735535530719616,2.074718110829316
0.78996375,40.0,0.12728041471657098,1.9537343277429031
0.790581875,40.0,0.12721002674478685,1.8200133554307214
0.7911999999999999,40.0,0.1271450534775315,1.6758606840425823
0.7918181249999999,40.0,0.12708683207329513,1.5243931762749243
0.79243625,40.0,0.127036299725891,1.3690508094693015
0.793054375,40.0,0.12699386289895626,1.2130303065498307
0.7936725,40.0,0.12696061338572853,1.0602293801531448
0.7942906249999999,40.0,0.12693772991506694,0.9145176959648577
0.7949087499999999,40.0,0.1269255103388579,0.7790936163847282
0.795526875,40.0,0.126924553784888,0.6573233562260145
0.796145,40.0,0.1269354730032757,0.5520066622094078
0.7967631249999999,40.0,0.12695827304314292,0.4654654684947612
0.7973812499999999,40.0,0.12699311092468946,0.39952901033905824
0.797999375,40.0,0.12703941828531834,0.35554794277110774
0.7986175,40.0,0.1270965907545876,0.33404486520534116
0.799235625,40.0,0.1271645552716745,0.33523497031350685
0.7998537499999999,40.0,0.12724210606677805,0.35856589486398355
0.8004718749999999,40.0,0.1273280381550858,0.4024129713973027
0.80109,40.0,0.12742162599039988,0.4652881933069449
0.801708125,40.0,0.1275212638370817,0.544956835591412
0.8023262499999999,40.0,0.12762547928820403,0.6384231087475859
0.8029443749999999,40.0,0.1277331329429002,0.7430749069459042
0.8035625,40.0,0.1278423601626126,0.8561076070836413
0.804180625,40.0,0.1279511506841915,0.9741901289697491
0.80479875,40.0,0.12805810075354124,1.0946385121583577
0.8054168749999999,40.0,0.1281618031244539,1.2147210839722877
0.806035,40.0,0.12826041223846096,1.3319566722307112
0.806653125,40.0,0.12835251941563633,1.444323629324926
0.80727125,40.0,0.12843730375696677,1.5503022434153484
0.8078893749999999,40.0,0.12851362434438462,1.6488906533397405
0.8085074999999999,40.0,0.12858035859742176,1.7396087865306864
0.809125625,40.0,0.12863673333968942,1.8223767369099717
0.80974375,40.0,0.12868191132489404,1.8975127421987545
0.810361875,40.0,0.12871545397618203,1.9657360912066608
0.8109799999999999,40.0,0.12873690889630665,2.027914315441066
0.811598125,40.0,0.12874559963342092,2.0848177825178156
0.81221625,40.0,0.12874157750398105,2.1376044868591766
0.812834375,40.0,0.12872482541091704,2.1873276940559534
0.8134524999999999,40.0,0.12869520432762202,2.2344300984460292
0.8140706249999999,40.0,0.12865351333823113,2.2796381925543
0.81468875,40.0,0.1286000675208345,2.3230022147979095
0.815306875,40.0,0.12853485628328315,2.364078519649867
0.815925,40.0,0.12845911524626483,2.4020962944040867
0.8165431249999999,40.0,0.12837362510377978,2.4360281867935063
0.81716125,40.0,0.12827862091374687,2.4644010730745642
0.817779375,40.0,0.12817539175271075,2.485362099331704
0.8183975,40.0,0.12806530716674697,2.4973585920679513
0.8190156249999999,40.0,0.12794945187033716,2.4985362058390406
0.8196337499999999,40.0,0.12782909401843773,2.4869494154835525
0.820251875,40.0,0.1277055797788984,2.4611505720904727
0.82087,40.0,0.1275803731744939,2.4196548599538352
0.8214881249999999,40.0,0.12745484805981927,2.36165708155382
0.8221062499999999,40.0,0.12733035992257438,2.2868277250331017
0.822724375,40.0,0.12720817160058906,2.1950942569430554
0.8233425,40.0,0.12708943361251068,2.087333960925855
0.823960625,40.0,0.1269754364674397,1.9649543906194058
0.8245787499999999,40.0,0.12686733896211588,1.8297464868349866
0.8251968749999999,40.0,0.12676640958290109,1.6838644048490006
0.825815,40.0,0.12667384709599774,1.5304841327056058
0.826433125,40.0,0.12659039253367577,1.3725297678939636
0.8270512499999999,40.0,0.12651736509562833,1.2133297741089601
0.8276693749999999,40.0,0.12645582746354306,1.0567833226428196
0.8282875,40.0,0.126405686258779,0.906420783081568
0.828905625,40.0,0.1263676860647429,0.7656992367821314
0.82952375,40.0,0.1263427018950246,0.6381306436838152
0.8301418749999999,40.0,0.1263303768145874,0.5266459211877533
0.8307599999999999,40.0,0.12633076129375329,0.43378043260762106
0.831378125,40.0,0.12634398378635114,0.36183318721528757
0.83199625,40.0,0.1263694214546,0.3120663927505538
0.8326143749999999,40.0,0.12640668440425068,0.28558894282604386
0.8332324999999999,40.0,0.12645519771987246,0.2828473451537356
0.833850625,40.0,0.1265137925702209,0.3033475956226844
0.83446875,40.0,0.12658133684444228,0.3460749340204516
0.835086875,40.0,0.12665645254956556,0.4096174951957825
0.8357049999999999,40.0,0.12673756154302504,0.4917621564064333
0.836323125,40.0,0.1268231502026263,0.5897765705140227
0.83694125,40.0,0.1269113230827493,0.7009897068516987
0.837559375,40.0,0.12700039304917093,0.8222583895668165
0.8381774999999999,40.0,0.12708905376904617,0.9502172475417714
0.8387956249999999,40.0,0.1271755559225492,1.081974287671274
0.83941375,40.0,0.12725796267733647,1.2142571037457606
0.840031875,40.0,0.1273348364052909,1.3443170225033354
0.84065,40.0,0.12740513383624896,1.4699347077006937
0.8412681249999999,40.0,0.12746719329747158,1.5887015414211525
0.84188625,40.0,0.12751955291347777,1.699504292571181
0.842504375,40.0,0.12756167860685216,1.801296188953126
0.8431225,40.0,0.1275923728984798,1.8935538724219856
0.8437406249999999,40.0,0.1276107879662512,1.9764447933890295
0.8443587499999999,40.0,0.1276169535784892,2.0504355832619887
0.844976875,40.0,0.12761016980480636,2.1161741560517946
0.845595,40.0,0.1275901496988103,2.174588956773517
0.846213125,40.0,0.12755720788876893,2.2269772368080054
0.8468312499999999,40.0,0.12751116497143059,2.2741980740555823
0.847449375,40.0,0.12745211220886027,2.3172033013128397
0.8480675,40.0,0.12738039747019772,2.356800631894049
0.848685625,40.0,0.12729641032934963,2.3934128441785365
0.8493037499999999,40.0,0.12720111401401413,2.426944114569411
0.8499218749999999,40.0,0.12709527549702765,2.456985887418221
0.85054,40.0,0.1269794640834508,2.4828205528353147
0.851158125,40.0,0.1268551416753593,2.503198357360105
0.8517762499999999,40.0,0.1267237364280067,2.5166934052212655
0.8523943749999999,40.0,0.1265861695715579,2.521755502624741
0.8530125,40.0,0.1264438671483875,2.516534152569676
0.853630625,40.0,0.12629841431128688,2.499351114530523
0.85424875,40.0,0.12615098514629725,2.4685402310513314
0.8548668749999999,40.0,0.1260029098754276,2.422570134834111
0.8554849999999999,40.0,0.12585588692988034,2.360629633914861
0.856103125,40.0,0.12571125763664676,2.282048600133312
0.85672125,40.0,0.12557020908170585,2.1865469038607865
0.8573393749999999,40.0,0.12543458835875995,2.0750882799578454
0.8579574999999999,40.0,0.12530580688672133,1.9487801675387182
0.858575625,40.0,0.1251846032854644,1.8090477219348409
0.85919375,40.0,0.12507239888652627,1.658347064360615
0.859811875,40.0,0.12497041379466986,1.4994906536377168
0.8604299999999999,40.0,0.12487943217403481,1.3355860890553577
0.8610481249999999,40.0,0.12480050751681171,1.1700078881593088
0.86166625,40.0,0.12473414037049232,1.0067256409895338
0.862284375,40.0,0.12468107596536374,0.8495375177021318
0.8629024999999999,40.0,0.12464223958906749,0.7021650889761208
0.8635206249999999,40.0,0.12461752253974706,0.5684440900392695
0.86413875,40.0,0.12460720149135555,0.45155224039948355
0.864756875,40.0,0.12461159929533008,0.35452604694476825
0.865375,40.0,0.12462999451201907,0.27986964338966386
0.8659931249999999,40.0,0.12466190108807249,0.2291454214894793
0.8666112499999999,40.0,0.12470680284994598,0.2039375182400313
0.867229375,40.0,0.12476335521675762,0.20475689363552
0.8678475,40.0,0.12483035236393407,0.231123265407995
0.8684656249999999,40.0,0.12490687023650375,0.2824346533802869
0.8690837499999999,40.0,0.1249913259255805,0.3569708455105218
0.869701875,40.0,0.12508177348086036,0.45234319221061287
0.87032,40.0,0.12517665757537472,0.5657991461872428
0.870938125,40.0,0.12527438914885888,0.6940948448093998
0.8715562499999999,40.0,0.1253729209782677,0.8334951146524174
0.872174375,40.0,0.12547032425645357,0.9805194924431855
0.8727925,40.0,0.1255648770182154,1.1312394640649528
0.873410625,40.0,0.12565474396875595,1.2819484857773202
0.8740287499999999,40.0,0.12573839728443395,1.4294867139136833
0.8746468749999999,40.0,0.12581433494412822,1.5705514305189767
0.875265,40.0,0.12588108865758718,1.7026619641188987
0.875883125,40.0,0.1259378789681926,1.824118967181461
0.87650125,40.0,0.12598364635240042,1.9334411028829546
0.8771193749999999,40.0,0.12601737247527375,2.030008774759572
0.8777375,40.0,0.1260387778322904,2.113994379616193
0.878355625,40.0,0.12604698849451082,2.1857832759776277
0.87897375,40.0,0.12604140874111983,2.246324655853984
0.8795918749999999,40.0,0.1260224920399467,2.2969242448755
0.8802099999999999,40.0,0.12598991148892186,2.3391722262476304
0.880828125,40.0,0.1259433675307231,2.3744376695559786
0.88144625,40.0,0.12588371150078004,2.4041517813542206
0.8820643749999999,40.0,0.1258114124947509,2.429895690760832
0.8826824999999999,40.0,0.12572687707875158,2.4523847908319305
0.883300625,40.0,0.1256310260904352,2.471947135702023
0.88391875,40.0,0.12552479204883787,2.4888342419692724
0.884536875,40.0,0.1254092710403918,2.502423085515492
0.8851549999999999,40.0,0.12528557548505626,2.5117235619069733
0.8857731249999999,40.0,0.1251549836478075,2.5153027529991046
0.88639125,40.0,0.12501892475797088,2.5115083903136366
0.887009375,40.0,0.12487892228346269,2.498648850397842
0.8876274999999999,40.0,0.12473668610614375,2.4746088066318457
0.8882456249999999,40.0,0.12459376362533524,2.4376345729283275
0.88886375,40.0,0.12445180380721535,2.3860673496932145
0.889481875,40.0,0.12431228393353512,2.3185958439698084
0.8901,40.0,0.12417652144109147,2.23436901305114
0.8907181249999999,40.0,0.12404633864730198,2.1330198554736826
0.8913362499999999,40.0,0.12392297436624683,2.015206307307155
0.891954375,40.0,0.12380721281586282,1.8818049419170277
0.8925725,40.0,0.1237007375076671,1.734455184240034
0.8931906249999999,40.0,0.1236049015235569,1.5757498552577434
0.8938087499999999,40.0,0.12352021624864942,1.4085630302138414
0.894426875,40.0,0.12344797406415847,1.2362440057336759
0.895045,40.0,0.1233893491260125,1.0626632967846739
0.895663125,40.0,0.12334469922108679,0.8919815483694726
0.8962812499999999,40.0,0.12331486614030433,0.7283478004608155
0.8968993749999999,40.0,0.12330027610411101,0.5762895766936202
0.8975175,40.0,0.1233008472264297,0.43962775312653457
0.898135625,40.0,0.12331685507675691,0.32216564126870106
0.8987537499999999,40.0,0.1233480995488885,0.22757590606396044
0.8993718749999999,40.0,0.12339417772358008,0.1582023302950566
0.89999,40.0,0.1234545478154569,0.11618491516440575
0.900608125,40.0,0.12352814114674984,0.10310253810997054
0.90122625,40.0,0.12361403189624999,0.11914647910072626
0.9018443749999999,40.0,0.12371107462902015,0.16396175161096568
0.9024625,40.0,0.12381750748110608,0.23654475091885274
0.903080625,40.0,0.12393146120275769,0.33460143491119976
0.90369875,40.0,0.12405131428413937,0.45535191814595055
0.9043168749999999,40.0,0.12417522638451706,0.5952866969679651
0.9049349999999999,40.0,0.12430074283636404,0.7501971604241958
0.905553125,40.0,0.12442597270133612,0.9158214702874766
0.90617125,40.0,0.1245494064900565,1.0874614931100433
0.9067893749999999,40.0,0.1246687939263325,1.2605059255552384
0.9074074999999999,40.0,0.12478245535842813,1.4305904131075875
0.908025625,40.0,0.12488911218923372,1.5935991834976355
0.90864375,40.0,0.12498681025467973,1.7460679259938385
0.909261875,40.0,0.12507431561329016,1.8850864024313303
0.9098799999999999,40.0,0.1251508259558028,2.008629946575128
0.9104981249999999,40.0,0.12521507507652596,2.1153556871144583
0.91111625,40.0,0.12526632595405995,2.2048998585274044
0.911734375,40.0,0.12530414775276955,2.277827612551959
0.9123524999999999,40.0,0.12532805043879738,2.335020617184153
0.9129706249999999,40.0,0.12533805423495836,2.3783459077568256
0.91358875,40.0,0.12533396269100497,2.4098312686182544
0.914206875,40.0,0.1253156363343163,2.4317869619601824
0.914825,40.0,0.1252837677200257,2.4466106977655624
0.9154431249999999,40.0,0.12523858862012138,2.456459821028657
0.9160612499999999,40.0,0.12518021104547006,2.463349819465046
0.916679375,40.0,0.1251096091361047,2.4685934107204366
0.9172975,40.0,0.12502770609570746,2.473111957196724
0.9179156249999999,40.0,0.12493536341482454,2.4770611305925434
0.9185337499999999,40.0,0.12483391691270587,2.48009164120369
0.919151875,40.0,0.12472489695787255,2.481000198545582
0.91977,40.0,0.12460959969844326,2.4780538995547343
0.920388125,40.0,0.12448950683879483,2.4693279343334935
0.9210062499999999,40.0,0.12436664754801899,2.4525610223487204
0.9216243749999999,40.0,0.12424246470621911,2.4252268594077764
0.9222425,40.0,0.12411827113510925,2.3848610968079824
0.922860625,40.0,0.1239960929052686,2.329510791644605
0.9234787499999999,40.0,0.12387742844059649,2.2576346466830977
0.9240968749999999,40.0,0.12376357978119461,2.1677419037253065
0.924715,40.0,0.12365619371336249,2.0595428219159033
0.925333125,40.0,0.12355650305908313,1.9336610692978364
0.92595125,40.0,0.12346598612213797,1.790889675794501
0.9265693749999999,40.0,0.12338601229665457,1.6333147990437682
0.9271874999999999,40.0,0.1233171931579453,1.4638406837640814
0.927805625,40.0,0.12326075651720995,1.2856550656169803
0.92842375,40.0,0.12321778736028736,1.1028106755041363
0.9290418749999999,40.0,0.12318860291746714,0.9198093097849841
0.9296599999999999,40.0,0.12317414235476656,0.7412544566994643
0.930278125,40.0,0.12317509158472639,0.5722690285645365
0.93089625,40.0,0.12319141505037381,0.41756502921454475
0.931514375,40.0,0.12322348284879431,0.28167945656435306
0.9321324999999999,40.0,0.12327152524181677,0.1689755642678758
0.9327506249999999,40.0,0.12333497715726133,0.08308785930903723
0.93336875,40.0,0.12341318249510878,0.026744711831341896
0.933986875,40.0,0.12350562164127403,0.0020381497984870932
0.9346049999999999,40.0,0.12361121435166829,0.010129531832813385
0.9352231249999999,40.0,0.12372840548045051,0.051006953785484456
0.93584125,40.0,0.12385571603050323,0.12375472267042915
0.936459375,40.0,0.12399156785107779,0.22641095503066888
0.9370774999999999,40.0,0.12413409075847558,0.355916944934847
0.9376956249999999,40.0,0.12428138366499902,0.5085640528618062
0.93831375,40.0,0.12443136733026777,0.6795886300949844
0.938931875,40.0,0.12458184278902477,0.8638415930992303
0.93955,40.0,0.12473096740645807,1.0560709347809742
0.9401681249999999,40.0,0.12487652994231487,1.2503558639217927
0.9407862499999999,40.0,0.12501646754287138,1.4414616446004431
0.941404375,40.0,0.12514936127980325,1.624313743744045
0.9420225,40.0,0.1252731733412699,1.7943850438783606
0.9426406249999999,40.0,0.125386508135226,1.9479489643219696
0.9432587499999999,40.0,0.12548869340375926,2.0823722688215534
0.943876875,40.0,0.1255781731443212,2.1957977466552903
0.944495,40.0,0.12565414253828555,2.287516613938952
0.945113125,40.0,0.1257165651400242,2.358179592661413
0.9457312499999999,40.0,0.12576470059546108,2.4090624513102066
0.9463493749999999,40.0,0.12579809361391187,2.4422683278808033
0.9469675,40.0,0.1258167879621056,2.4606567143532665
0.947585625,40.0,0.12582076796795177,2.4675465781222234
0.9482037499999999,40.0,0.12581019126603996,2.4662098315413656
0.9488218749999999,40.0,0.1257854120843611,2.459780142795096
0.94944,40.0,0.12574694330711764,2.45127215783658
0.950058125,40.0,0.1256954775013881,2.443219898232515
0.95067625,40.0,0.1256318887288218,2.437063883076049
0.9512943749999999,40.0,0.1255572120743642,2.4337705250431187
0.9519124999999999,40.0,0.12547260098359017,2.4333828473661483
0.952530625,40.0,0.12537942068795638,2.4348869026752737
0.95314875,40.0,0.1252790603538377,2.4365904470724047
0.9537668749999999,40.0,0.12517308226166876,2.4360861492538595
0.9543849999999999,40.0,0.12506335936059307,2.4305962925845557
0.955003125,40.0,0.12495135745299785,2.417002284305835
0.95562125,40.0,0.1248385956534127,2.392015635398509
0.956239375,40.0,0.12472732531654485,2.3526301733476167
0.9568574999999999,40.0,0.12461909683513378,2.2964718962631143
0.9574756249999999,40.0,0.1245149583911153,2.221276592756419
0.95809375,40.0,0.12441684383291239,2.125699299652603
0.958711875,40.0,0.1243261028476672,2.009375541613231
0.9593299999999999,40.0,0.1242435850573483,1.8729873789007163
0.9599481249999999,40.0,0.12417086542781153,1.7178530103789174
0.96056625,40.0,0.12410893569596787,1.546578014296193
0.961184375,40.0,0.1240586639614532,1.3626438106047067
0.9618025,40.0,0.12402132860402913,1.1700613603280985
0.9624206249999999,40.0,0.1239976433923366,0.9739310707925427
0.9630387499999999,40.0,0.12398839064493405,0.7792167650955171
0.963656875,40.0,0.12399424753106301,0.5916221246273664
0.964275,40.0,0.12401554188869214,0.4168941713244767
0.9648931249999999,40.0,0.12405270219451477,0.26024724286259826
0.9655112499999999,40.0,0.12410572040985991,0.1269091124310166
0.966129375,40.0,0.124174145727291,0.021546600391320232
0.9667475,40.0,0.12425754466179245,-0.05223198952102094
0.9673656249999999,40.0,0.12435548060056167,-0.09165180461948262
0.9679837499999999,40.0,0.12446689859297917,-0.09488884977272015
0.968601875,40.0,0.12459029622393243,-0.061446362936200816
0.96922,40.0,0.12472454106166678,0.008000431006640989
0.969838125,40.0,0.12486807625230058,0.11166393763596265
0.9704562499999999,40.0,0.12501861737688064,0.2463077304097832
0.9710743749999999,40.0,0.12517437148052807,0.4079892424664182
0.9716925,40.0,0.12533341348964,0.5916121258404645
0.972310625,40.0,0.12549312879570104,0.7912590568918991
0.9729287499999999,40.0,0.12565158995256437,1.000782127051291
0.9735468749999999,40.0,0.1258068971410306,1.213542310890371
0.974165,40.0,0.1259566159438765,1.4231760664410864
0.974783125,40.0,0.12609908668492426,1.623670561267432
0.97540125,40.0,0.12623275010626667,1.8096092221676623
0.9760193749999999,40.0,0.12635595211628967,1.976520228712969
0.9766374999999999,40.0,0.12646756816193505,2.1210989402209375
0.977255625,40.0,0.1265662586467899,2.240992682463594
0.97787375,40.0,0.1266510843513707,2.3354502133880066
0.9784918749999999,40.0,0.12672174083344273,2.404803540902874
0.9791099999999999,40.0,0.12677743570640337,2.45068502881641
0.979728125,40.0,0.1268177095443623,2.4757803204335245
0.98034625,40.0,0.12684283648368255,2.4834579828487797
0.980964375,40.0,0.12685270327668097,2.4779488939159373
0.9815824999999999,40.0,0.1268472822796937,2.463531094057322
0.9822006249999999,40.0,0.12682707243230792,2.44435387150753
0.98281875,40.0,0.12679253193315276,2.424332560803216
0.983436875,40.0,0.12674408148699437,2.406757253804175
0.9840549999999999,40.0,0.1266825691826451,2.3941877359894597
0.9846731249999999,40.0,0.12660918974712956,2.3879264305730294
0.98529125,40.0,0.12652478799938685,2.3882705702918683
0.985909375,40.0,0.12643063831413834,2.3947274730742127
0.9865275,40.0,0.12632872627087643,2.405292060963132
0.9871456249999999,40.0,0.12622048048145704,2.4174093241302774
0.9877637499999999,40.0,0.12610755540454638,2.4274997124955844
0.988381875,40.0,0.12599195745793199,2.4318361811326827
0.989,40.0,0.12587525055317172,2.4264031249632887
0.9896181249999999,40.0,0.1257593118604599,2.406972382035997
0.9902362499999999,40.0,0.125645741173549,2.3701093079391327
0.990854375,40.0,0.1255357766514742,2.3128480199209265
0.9914725,40.0,0.12543121998236717,2.2328175242640445
0.992090625,40.0,0.12533342463955896,2.1287442127997243
0.9927087499999999,40.0,0.1252432975797557,2.000720214745503
0.9933268749999999,40.0,0.12516239017237704,1.8496470098024869
0.993945,40.0,0.12509185225714922,1.6777408235050242
0.994563125,40.0,0.1250323875978035,1.48837178451731
0.9951812499999999,40.0,0.12498536735532588,1.2857821839269794
0.9957993749999999,40.0,0.12495175711260041,1.0753145643839677
0.9964175,40.0,0.12493194828524047,0.8626991936169768
0.997035625,40.0,0.12492678846786263,0.6539492958344407
0.9976537499999999,40.0,0.12493704699986527,0.4558341968534341
0.9982718749999999,40.0,0.12496296544239474,0.27457378841829067
0.99889,40.0,0.12500462173356808,0.11605362936788835
0.999508125,40.0,0.1250621189924741,-0.013996731989200957
1.0001262499999999,40.0,0.1251352540656561,-0.1110528874518282
1.000744375,40.0,0.1252232913043951,-0.1713808762734454
1.0013625,40.0,0.12532539259730222,-0.19253004036800572
1.0019806249999998,40.0,0.12544036836003333,-0.17335583033359908
1.00259875,40.0,0.1255667350136099,-0.11395557831356926
1.003216875,40.0,0.12570301774388376,-0.01599795188529471
1.003835,40.0,0.12584708344516726,0.1174068778373676
1.004453125,40.0,0.12599690901599175,0.2821918263009011
1.0050712499999999,40.0,0.1261506251768136,0.4728290972139196
1.005689375,40.0,0.12630562059610514,0.6830591829260523
1.0063075,40.0,0.12645991469772108,0.905930729133125
1.006925625,40.0,0.1266115787538339,1.1340346334176288
1.00754375,40.0,0.12675789197212226,1.3602139121006345
1.0081618749999999,40.0,0.12689709453707662,1.5773824812675987
1.00878,40.0,0.1270276734517533,1.7793164165478474
1.009398125,40.0,0.12714753430564504,1.9606168566596807
1.0100162499999998,40.0,0.12725530008481578,2.1171645342102123
1.010634375,40.0,0.12735009892729485,2.246340188045141
1.0112524999999999,40.0,0.12743086478211257,2.346760638550623
1.011870625,40.0,0.1274968799126378,2.4187545903048715
1.01248875,40.0,0.12754772839706552,2.4639864910150413
1.0131068749999999,40.0,0.12758301406549052,2.4854446533464474
1.013725,40.0,0.12760262283445184,2.487158433513571
1.014343125,40.0,0.1276065103592279,2.473747793402964
1.01496125,40.0,0.1275946945031923,2.450491306355831
1.015579375,40.0,0.12756738664561457,2.4225158315890307
1.0161974999999999,40.0,0.12752488931405445,2.3945615931251236
1.016815625,40.0,0.12746773217738339,2.3707700825705973
1.01743375,40.0,0.12739670123146066,2.3545301200784565
1.018051875,40.0,0.12731283099680374,2.34786168578075
1.01867,40.0,0.12721708936430276,2.351358297853558
1.0192881249999999,40.0,0.12711081189201429,2.364734526892599
1.01990625,40.0,0.12699597320509942,2.386136139762874
1.020524375,40.0,0.12687388186495965,2.4126005519560856
1.0211424999999998,40.0,0.1267460998757919,2.440169928572572
1.021760625,40.0,0.12661506044293552,2.464237351801279
1.02237875,40.0,0.12648234508936407,2.480181775631145
1.022996875,40.0,0.12634953518507056,2.4828208009615804
1.023615,40.0,0.1262187805680138,2.467401156310364
1.0242331249999999,40.0,0.126091485078814,2.4302548940148325
1.02485125,40.0,0.12596909693075095,2.36799054852696
1.025469375,40.0,0.125853296766646,2.278475669544227
1.0260875,40.0,0.1257451364181108,2.1610293242545033
1.026705625,40.0,0.12564580046078178,2.0159708862918815
1.0273237499999999,40.0,0.1255564451703153,1.845213337315973
1.027941875,40.0,0.1254779717943734,1.6519156819492222
1.02856,40.0,0.12541154124461024,1.4402914776199724
1.029178125,40.0,0.12535804745376924,1.21599881917261
1.02979625,40.0,0.12531823902862002,0.9851872485249655
1.0304143749999999,40.0,0.12529312896836833,0.7546387984022701
1.0310325,40.0,0.12528352374955226,0.5316293207246345
1.031650625,40.0,0.1252897398392046,0.3233190308615467
1.0322687499999998,40.0,0.12531202845219594,0.13680090552925475
1.032886875,40.0,0.12535081019777986,-0.021715446832232317
1.033505,40.0,0.12540582545121942,-0.14640779663470216
1.034123125,40.0,0.12547634144604128,-0.23267516846341366
1.03474125,40.0,0.1255619293398645,-0.277158752500363
1.0353593749999999,40.0,0.12566152652765997,-0.27797572091824324
1.0359775,40.0,0.12577349754555328,-0.2347148717846559
1.036595625,40.0,0.12589662603604665,-0.14840487560246837
1.03721375,40.0,0.12602912817597578,-0.02201107488889992
1.037831875,40.0,0.12616858004306167,0.1403677574461251
1.0384499999999999,40.0,0.12631310293630102,0.33320590796620647
1.039068125,40.0,0.12646040087468496,0.5497660174685027
1.03968625,40.0,0.12660784058261143,0.7826332380223607
1.0403043749999998,40.0,0.12675326120856717,1.02375361755423
1.0409225,40.0,0.12689417002848402,1.265003340630138
1.0415406249999999,40.0,0.12702846224589517,1.498545209672795
1.04215875,40.0,0.1271544194095847,1.7171112726529976
1.042776875,40.0,0.12726983598855493,1.9144070054442532
1.0433949999999999,40.0,0.12737328516864846,2.0854496807953504
1.044013125,40.0,0.12746383780242546,2.2269479583689757
1.04463125,40.0,0.12754016871286972,2.3370406234380714
1.045249375,40.0,0.12760148205546648,2.4155944216776297
1.0458675,40.0,0.1276474128677519,2.4642703951498355
1.0464856249999999,40.0,0.12767747154899095,2.4861152287142567
1.04710375,40.0,0.12769130528577974,2.485509739198855
1.047721875,40.0,0.12768900244432024,2.4676395272055656
1.04834,40.0,0.12767071154146933,2.438295689449544
1.048958125,40.0,0.12763630851286278,2.4036737497232563
1.0495762499999999,40.0,0.1275862420917688,2.369330797154007
1.050194375,40.0,0.12752123181418604,2.340258721804159
1.0508125,40.0,0.12744153536496913,2.3207177567801156
1.0514306249999998,40.0,0.12734801742194546,2.313319269445787
1.05204875,40.0,0.12724192201499457,2.319424181555976
1.052666875,40.0,0.12712434671002026,2.338881498511382
1.053285,40.0,0.12699693529151318,2.369887327554628
1.053903125,40.0,0.1268613230108929,2.409545237163746
1.0545212499999999,40.0,0.12671920240012227,2.453487402750741
1.055139375,40.0,0.12657285327183246,2.49651643501728
1.0557575,40.0,0.12642413665647015,2.533180837092934
1.056375625,40.0,0.12627473820686372,2.557584205014747
1.05699375,40.0,0.12612690605360125,2.564098181554165
1.0576118749999999,40.0,0.12598219554300616,2.547558832235175
1.05823,40.0,0.12584189087303937,2.5040734835754983
1.058848125,40.0,0.12570788655229564,2.430520701869606
1.05946625,40.0,0.1255812934798,2.325244769683423
1.060084375,40.0,0.12546307458134168,2.188099895934493
1.0607024999999999,40.0,0.12535477585881424,2.020491356131733
1.061320625,40.0,0.12525747525447511,1.825467673768406
1.06193875,40.0,0.12517205651839453,1.6070289325239429
1.0625568749999998,40.0,0.12509953981623148,1.3709102773465307
1.063175,40.0,0.12504106737519333,1.1238098486150991
1.063793125,40.0,0.12499752343147692,0.8729019979930509
1.06441125,40.0,0.12496951232502565,0.6261082319770823
1.065029375,40.0,0.12495783596152767,0.3914978031182127
1.0656474999999999,40.0,0.12496289241187442,0.17691114762840843
1.066265625,40.0,0.12498493137757494,-0.01025334064909033
1.06688375,40.0,0.1250240964280456,-0.16347510360157327
1.067501875,40.0,0.12507990813790962,-0.27710594304306874
1.06812,40.0,0.12515198519683363,-0.34688285903197796
1.0687381249999999,40.0,0.12523954762871997,-0.3700988742389285
1.06935625,40.0,0.12534107117770948,-0.34567998323357085
1.069974375,40.0,0.1254553454807071,-0.2741829036587101
1.0705924999999998,40.0,0.12558062988845334,-0.15790719512470183
1.071210625,40.0,0.12571443860532577,-0.0010136078254173412
1.0718287499999999,40.0,0.12585494742686207,0.19105306708549136
1.072446875,40.0,0.12599993794381323,0.4113078832450104
1.073065,40.0,0.12614643363776346,0.6519264248765793
1.0736831249999998,40.0,0.1262922141509645,0.904322477012338
1.07430125,40.0,0.12643501483195801,1.1595039976443564
1.074919375,40.0,0.1265721952008637,1.4088558027185607
1.0755375,40.0,0.12670166864683216,1.6442679834893719
1.076155625,40.0,0.12682145900112435,1.858347734565325
1.0767737499999999,40.0,0.12692972586583762,2.0453372396675857
1.077391875,40.0,0.12702505919432977,2.2010676043899093
1.07801,40.0,0.12710621797861743,2.3228718861611326
1.078628125,40.0,0.12717228576905285,2.410407804161999
1.07924625,40.0,0.12722265852422598,2.46484054992742
1.0798643749999999,40.0,0.12725690409587115,2.489248199645505
1.0804825,40.0,0.12727479843221803,2.4882477528765428
1.081100625,40.0,0.12727624906451201,2.467460969128606
1.0817187499999998,40.0,0.12726125176525205,2.43325682749741
1.082336875,40.0,0.12722976613592502,2.392349805632982
1.082955,40.0,0.12718210091185833,2.351491460044602
1.083573125,40.0,0.12711882897074916,2.3164556671597385
1.08419125,40.0,0.12704004643427586,2.2920625949102824
1.0848093749999999,40.0,0.1269465278494267,2.282116154199768
1.0854275,40.0,0.1268397138500378,2.288448272178729
1.086045625,40.0,0.12672036895841043,2.3113684547058333
1.08666375,40.0,0.12658997928329885,2.3492946424515626
1.087281875,40.0,0.126450649615761,2.3992720769157585
1.0878999999999999,40.0,0.12630387861135625,2.4569483742120517
1.088518125,40.0,0.12615170166838932,2.5164592308092133
1.08913625,40.0,0.12599632613091188,2.5717112513607208
1.089754375,40.0,0.12583947177544474,2.6161365868490054
1.0903725,40.0,0.12568315294696936,2.6431349125499675
1.0909906249999999,40.0,0.12552924977352076,2.6466520038641153
1.09160875,40.0,0.12537932847534586,2.621715344855129
1.092226875,40.0,0.12523505481824504,2.5643835073197336
1.0928449999999998,40.0,0.1250977361766391,2.472240841743844
1.093463125,40.0,0.12496858303162946,2.344422993589283
1.09408125,40.0,0.12484904554676601,2.181797128823014
1.094699375,40.0,0.12474024936332445,1.9870781581088055
1.0953175,40.0,0.12464308853835425,1.7643619607701166
1.0959356249999999,40.0,0.12455877660882066,1.5191267496869347
1.09655375,40.0,0.12448857585132,1.2584358157804423
1.097171875,40.0,0.12443327793322183,0.9900334107512057
1.09779,40.0,0.12439373480125988,0.7222705843349996
1.098408125,40.0,0.12437108962007917,0.46397714517543726
1.0990262499999999,40.0,0.12436588708748225,0.2237113031330174
1.099644375,40.0,0.12437837251225921,0.009875505732337992
1.1002625,40.0,0.1244090822846808,-0.1700961190579836
1.1008806249999998,40.0,0.12445775364907265,-0.30990813220653884
1.10149875,40.0,0.12452369402505388,-0.4042263684667206
1.1021168749999999,40.0,0.12460657900495356,-0.4494891077027291
1.102735,40.0,0.12470517755850767,-0.4441879005941107
1.103353125,40.0,0.12481789918458601,-0.38795673332423714
1.1039712499999998,40.0,0.12494334351583501,-0.28294713666885957
1.104589375,40.0,0.1250793160436968,-0.13286646619285825
1.1052075,40.0,0.1252237498938396,0.056883471026845336
1.105825625,40.0,0.12537438096117404,0.2791415227854487
1.10644375,40.0,0.12552829993443707,0.5258371145499995
1.1070618749999999,40.0,0.12568319815318585,0.7878707634471313
1.10768,40.0,0.12583655219539824,1.0557431056492501
1.108298125,40.0,0.12598545720979024,1.319828483727307
1.10891625,40.0,0.12612762642873276,1.5712510194245037
1.109534375,40.0,0.12626100649482386,1.8018787780406968
1.1101524999999999,40.0,0.12638348334168092,2.0048372801004364
1.110770625,40.0,0.12649336031229338,2.175097747344746
1.11138875,40.0,0.12658951329620527,2.3094972089951322
1.1120068749999998,40.0,0.12667078369257836,2.4068839289057844
1.112625,40.0,0.12673619973362263,2.468238465406741
1.113243125,40.0,0.1267854859477314,2.4963732685751094
1.11386125,40.0,0.1268183210541105,2.4959730751255185
1.114479375,40.0,0.12683420828206574,2.4730500275590557
1.1150974999999999,40.0,0.12683319503503163,2.4343997266588637
1.115715625,40.0,0.12681543743726187,2.3874210566706067
1.11633375,40.0,0.12678084606907633,2.3395729181804565
1.116951875,40.0,0.12672978727704307,2.2976120253864663
1.11757,40.0,0.1266626778811528,2.267174570520524
1.1181881249999999,40.0,0.12658002827633444,2.2528401373508116
1.11880625,40.0,0.12648300782344138,2.2571621589649653
1.119424375,40.0,0.12637248091136835,2.281041441362225
1.1200425,40.0,0.1262497164149298,2.323282777895096
1.120660625,40.0,0.12611676080299636,2.3808368488574594
1.1212787499999999,40.0,0.12597513642032238,2.4493597727688163
1.121896875,40.0,0.12582679642498157,2.52287391986181
1.122515,40.0,0.12567421287789532,2.5944105355292453
1.1231331249999998,40.0,0.12551911461885068,2.656866442818411
1.12375125,40.0,0.1253634628698579,2.702895557865995
1.124369375,40.0,0.1252095056927564,2.7255239655472794
1.1249875,40.0,0.12505879463985956,2.71888525915167
1.125605625,40.0,0.12491277883926227,2.677928657492021
1.1262237499999999,40.0,0.12477304366100953,2.5997066411079177
1.126841875,40.0,0.12464099172948362,2.4826090389120257
1.12746,40.0,0.1245177454517644,2.3267210828077207
1.128078125,40.0,0.12440446221355228,2.1345847121776402
1.12869625,40.0,0.12430250705544504,1.9100528797114829
1.1293143749999999,40.0,0.12421300837841848,1.658606907016172
1.1299325,40.0,0.1241371805616661,1.3874268932225406
1.130550625,40.0,0.12407625946394771,1.104516944627881
1.1311687499999998,40.0,0.1240311678325497,0.818857300006287
1.131786875,40.0,0.12400305638576213,0.5397511244770777
1.1324049999999999,40.0,0.12399273249341512,0.2764780426732581
1.133023125,40.0,0.12400062013602561,0.038168897244748985
1.13364125,40.0,0.12402740322319881,-0.16678559236613955
1.1342593749999998,40.0,0.1240730395905669,-0.33125245242916296
1.1348775,40.0,0.12413703110272821,-0.44932797145686454
1.135495625,40.0,0.12421927725961888,-0.5164663662782373
1.13611375,40.0,0.12431877671573341,-0.5303967005262769
1.136731875,40.0,0.12443386381226719,-0.4904473396780014
1.1373499999999999,40.0,0.12456339719248855,-0.39802749559757855
1.137968125,40.0,0.12470547885138039,-0.2566269375543577
1.13858625,40.0,0.12485757430723578,-0.07141862775090746
1.139204375,40.0,0.12501749390249944,0.15053625333449314
1.1398225,40.0,0.12518260665208145,0.4007935521754687
1.1404406249999999,40.0,0.12535012980779842,0.6700731218412567
1.14105875,40.0,0.1255174489902763,0.9482970145733939
1.141676875,40.0,0.12568177158348276,1.225231978742079
1.1422949999999998,40.0,0.12584054261083596,1.491098648914174
1.142913125,40.0,0.1259913960499215,1.7371335105754004
1.1435312499999999,40.0,0.1261321287968196,1.955525126000748
1.144149375,40.0,0.12626092529410585,2.1403853768792156
1.1447675,40.0,0.12637623442910687,2.2879112577504244
1.1453856249999999,40.0,0.12647681242606088,2.396134415873285
1.14600375,40.0,0.12656167783501873,2.465746294001027
1.146621875,40.0,0.12663029072508736,2.4992566594601087
1.14724,40.0,0.12668227875166818,2.5011258574418194
1.147858125,40.0,0.1267170416487621,2.477624251191179
1.1484762499999999,40.0,0.1267346749321927,2.436086905728877
1.149094375,40.0,0.12673536619222653,2.3841818114218873
1.1497125,40.0,0.12671861903943035,2.3301896072756603
1.150330625,40.0,0.12668477781786489,2.2815641764303263
1.15094875,40.0,0.12663433957677245,2.244930909040611
1.1515668749999999,40.0,0.12656734758677332,2.2255553732660402
1.152185,40.0,0.1264847269365757,2.22663588371041
1.152803125,40.0,0.12638758315067417,2.2499175448407116
1.1534212499999998,40.0,0.12627694838536735,2.2945737555800285
1.154039375,40.0,0.12615455727433295,2.357807525662828
1.1546575,40.0,0.1260222918355045,2.4352542230838137
1.155275625,40.0,0.12588203073644508,2.52082877400636
1.15589375,40.0,0.12573600302281351,2.6072427248860683
1.1565118749999999,40.0,0.12558627224222482,2.6866445308382936
1.15713,40.0,0.12543484749746778,2.75103225886724
1.157748125,40.0,0.1252839059100703,2.7927127044065903
1.15836625,40.0,0.1251350640075079,2.804818735876242
1.158984375,40.0,0.12498985025518108,2.7815079034647887
1.1596024999999999,40.0,0.12485005397641287,2.718790199757323
1.160220625,40.0,0.12471704239019824,2.614600955081753
1.16083875,40.0,0.1245919579550552,2.468272561443218
1.1614568749999998,40.0,0.12447612360891258,2.2816443882329085
1.162075,40.0,0.1243710113680757,2.058552440510518
1.1626931249999999,40.0,0.12427768000169545,1.8041650582212716
1.16331125,40.0,0.12419727918350632,1.5256913428429628
1.163929375,40.0,0.12413144083773431,1.231352521221217
1.1645474999999998,40.0,0.12408107659247368,0.930391157724772
1.165165625,40.0,0.12404723680466771,0.6326823493662533
1.16578375,40.0,0.12403133568829956,0.3481254664945258
1.166401875,40.0,0.12403386722462865,0.08639906807591513
1.16702,40.0,0.12405543076370236,-0.14332975373956114
1.1676381249999999,40.0,0.12409659001490991,-0.3329686828338344
1.16825625,40.0,0.12415709606929923,-0.47600116567510015
1.168874375,40.0,0.12423673684483355,-0.567151143029028
1.1694925,40.0,0.1243347895085569,-0.6031518061223725
1.170110625,40.0,0.12444989944247635,-0.5828671519554719
1.1707287499999999,40.0,0.12458090643620884,-0.5070344254447704
1.171346875,40.0,0.12472599539658137,-0.3786273446850043
1.171965,40.0,0.12488276628630718,-0.20262522054733542
1.1725831249999998,40.0,0.12504910817539636,0.014340379653802918
1.17320125,40.0,0.12522246024020744,0.26374467505227733
1.1738193749999999,40.0,0.1253998217058329,0.5359544982226898
1.1744375,40.0,0.12557849270064342,0.8209288320565118
1.175055625,40.0,0.12575572335302057,1.1077375042072366
1.1756737499999999,40.0,0.12592855742211564,1.3859954962720038
1.176291875,40.0,0.12609437146437294,1.6462277127470546
1.17691,40.0,0.12625099742139712,1.8797882585751229
1.177528125,40.0,0.1263962611650689,2.080042337199871
1.17814625,40.0,0.12652823101062352,2.2422033824682295
1.1787643749999999,40.0,0.12664577086187856,2.363739298033066
1.1793825,40.0,0.12674787812408314,2.44456188598811
1.180000625,40.0,0.12683355933472937,2.4868628807444333
1.1806187499999998,40.0,0.12690246060640376,2.4947841671704896
1.181236875,40.0,0.12695418143416523,2.4744064552031415
1.1818549999999999,40.0,0.12698839482830937,2.433359023761894
1.182473125,40.0,0.1270051718680606,2.3796926454501137
1.18309125,40.0,0.12700414797992038,2.321994328396439
1.1837093749999998,40.0,0.1269853869149679,2.268559096786469
1.1843275,40.0,0.12694933144945794,2.226758164592425
1.184945625,40.0,0.12689589612137064,2.2026431308276964
1.18556375,40.0,0.12682578281225612,2.2002766069687487
1.186181875,40.0,0.12674011080795142,2.2219281477585837
1.1867999999999999,40.0,0.12663963169456505,2.267672781824844
1.187418125,40.0,0.12652595601940989,2.3349856508569897
1.18803625,40.0,0.12640106193030343,2.4197292409969924
1.188654375,40.0,0.1262665917493463,2.5158570019726083
1.1892725,40.0,0.1261246460923791,2.6158657910006484
1.1898906249999999,40.0,0.12597758317176638,2.7115692504881075
1.19050875,40.0,0.12582749280094474,2.7942909615006744
1.191126875,40.0,0.12567632499252115,2.855572190496393
1.1917449999999998,40.0,0.1255260403978224,2.8877876148566872
1.192363125,40.0,0.12537848813469404,2.8843462398591133
1.1929812499999999,40.0,0.1252351548712809,2.840074656018747
1.193599375,40.0,0.12509752466606514,2.752106860553051
1.1942175,40.0,0.12496700720250332,2.619294122204962
1.1948356249999998,40.0,0.1248447993035013,2.442484420679027
1.19545375,40.0,0.1247323559648879,2.2250056411286216
1.196071875,40.0,0.12463092624970214,1.9719678879056506
1.19669,40.0,0.12454172980048409,1.6900776149313286
1.197308125,40.0,0.12446637352696803,1.3878036884780458
1.1979262499999999,40.0,0.12440601146960845,1.074376051889293
1.198544375,40.0,0.12436183630685864,0.7599695849826537
1.1991625,40.0,0.12433541283593692,0.45519482168703074
1.199780625,40.0,0.12432745211716925,0.1700036255109219
1.20039875,40.0,0.12433853375480636,-0.08566395292932448
1.2010168749999999,40.0,0.12436967232782985,-0.30282172110810734
1.201635,40.0,0.12442084260503299,-0.47424242332920663
1.202253125,40.0,0.1244916605536426,-0.5937671734637133
1.2028712499999998,40.0,0.12458201597548306,-0.6572839211563525
1.203489375,40.0,0.12469085838965606,-0.6628248751006922
1.2041074999999999,40.0,0.12481687444380525,-0.6103185006392958
1.204725625,40.0,0.12495856594055484,-0.502073983471065
1.20534375,40.0,0.12511379102897732,-0.3424544367260441
1.2059618749999998,40.0,0.12528035603391516,-0.13773011306089453
1.20658,40.0,0.125455637558414,0.10413902524727844
1.207198125,40.0,0.1256368041529603,0.37343660592593175
1.20781625,40.0,0.1258209829131751,0.6599195261334104
1.208434375,40.0,0.12600513885767245,0.9527720917060054
1.2090524999999999,40.0,0.12618636739883785,1.2408236931115426
1.209670625,40.0,0.12636183205838072,1.513964205687768
1.21028875,40.0,0.12652909402935392,1.7629623532086438
1.2109068749999998,40.0,0.1266858111128487,1.9801222187985241
1.211525,40.0,0.12682981447851227,2.1598706927482407
1.2121431249999999,40.0,0.12695984281384814,2.2986878448786654
1.21276125,40.0,0.12707460552908245,2.395641425130163
1.213379375,40.0,0.12717281478060408,2.4521297171922436
1.2139974999999998,40.0,0.12725415240977284,2.4718396514199203
1.214615625,40.0,0.12731821598224222,2.4603934881448573
1.21523375,40.0,0.1273643342677704,2.425137057694231
1.215851875,40.0,0.1273925641558487,2.374455589688801
1.21647,40.0,0.12740278783656322,2.3170699858053716
1.2170881249999999,40.0,0.12739464691096747,2.2618810901487088
1.21770625,40.0,0.12736843666017897,2.216798986300512
1.218324375,40.0,0.12732429347926075,2.188797556911066
1.2189425,40.0,0.12726244189937844,2.182873408340123
1.219560625,40.0,0.1271837316034073,2.2019303091141627
1.2201787499999999,40.0,0.1270890095422438,2.246887752122145
1.220796875,40.0,0.12697961833042118,2.3161693381818207
1.221415,40.0,0.1268573444182398,2.40577946049577
1.2220331249999998,40.0,0.12672384954401,2.510114498387821
1.22265125,40.0,0.12658130111984803,2.621803824693058
1.2232693749999999,40.0,0.12643207686048524,2.7323221492082634
1.2238875,40.0,0.12627823019132742,2.83284895324144
1.224505625,40.0,0.12612181047784893,2.9139799095077454
1.2251237499999998,40.0,0.12596495708281827,2.9675476771454776
1.225741875,40.0,0.12580962666342416,2.9861555393752894
1.22636,40.0,0.1256572551551945,2.963474943695509
1.226978125,40.0,0.12550945461178675,2.89574969218328
1.22759625,40.0,0.12536792702998684,2.7809521891610465
1.2282143749999999,40.0,0.12523370257051514,2.6190388147250325
1.2288325,40.0,0.12510827052165494,2.412588728237782
1.229450625,40.0,0.12499329551038331,2.1660935816033384
1.23006875,40.0,0.12488979233016667,1.8858706156641898
1.230686875,40.0,0.12479932309589326,1.5800364244295422
1.2313049999999999,40.0,0.1247234699294542,1.2579277256741435
1.231923125,40.0,0.12466337712520943,0.9296324627750008
1.23254125,40.0,0.12462052619943496,0.6060350210923525
1.2331593749999998,40.0,0.12459606256793464,0.2979103114249617
1.2337775,40.0,0.12459083339944126,0.015316627318669224
1.2343956249999999,40.0,0.124605883236357,-0.23180786671845588
1.23501375,40.0,0.12464154729182023,-0.4352465010597924
1.235631875,40.0,0.1246977309424179,-0.5881556342831051
1.2362499999999998,40.0,0.12477453099326279,-0.6853619081397118
1.236868125,40.0,0.12487120778469737,-0.7238448877628525
1.23748625,40.0,0.12498650802468488,-0.7025779349514527
1.238104375,40.0,0.12511921176797486,-0.6228509009364541
1.2387225,40.0,0.1252674146383484,-0.4881399670671895
1.2393406249999999,40.0,0.12542876500735314,-0.30401786026226635
1.23995875,40.0,0.12560085153016187,-0.07775338911586434
1.240576875,40.0,0.1257809883285116,0.18146116419507088
1.2411949999999998,40.0,0.12596606898859,0.46340685394109615
1.241813125,40.0,0.12615296278316984,0.757312290736342
1.2424312499999999,40.0,0.1263388303297814,1.0519220668612796
1.243049375,40.0,0.1265205704277832,1.3363171424168774
1.2436675,40.0,0.12669520400430426,1.6007885248517524
1.2442856249999998,40.0,0.1268604072501125,1.8366008575832917
1.24490375,40.0,0.1270138690032586,2.037106362960747
1.245521875,40.0,0.12715369399387189,2.197905115442668
1.24614,40.0,0.12727856913439303,2.3165736327540736
1.246758125,40.0,0.1273871336237182,2.3936665241289776
1.2473762499999999,40.0,0.1274787209778671,2.432011855500286
1.247994375,40.0,0.12755292545238495,2.4362800472737782
1.2486125,40.0,0.12760895128154448,2.4134179874770836
1.249230625,40.0,0.12764677257432427,2.3714604544809594
1.24984875,40.0,0.12766623831584206,2.319300217181183
1.2504668749999999,40.0,0.1276667605099457,2.266013944983668
1.251085,40.0,0.1276485491515434,2.220004961352399
1.251703125,40.0,0.12761169241481227,2.1891250211582025
1.2523212499999998,40.0,0.12755610539370235,2.179203255996717
1.252939375,40.0,0.12748243235748694,2.194157305850404
1.2535574999999999,40.0,0.12739161201901966,2.2359065657265598
1.254175625,40.0,0.12728463632221396,2.303778888090648
1.25479375,40.0,0.1271629327014321,2.3946461751022805
1.2554118749999998,40.0,0.1270284195709913,2.5035070187873165
1.25603,40.0,0.12688311873613786,2.6233236423098267
1.256648125,40.0,0.12672914395823134,2.7457332675976978
1.25726625,40.0,0.12656879842724453,2.8617097345614124
1.257884375,40.0,0.12640430624265372,2.9616759683921874
1.2585024999999999,40.0,0.12623778572810315,3.036429429534874
1.259120625,40.0,0.1260713147910037,3.078042956225369
1.25973875,40.0,0.12590669837066795,3.079374061048746
1.260356875,40.0,0.12574557848234522,3.0351905862592674
1.260975,40.0,0.12558969882641274,2.9427176305227785
1.2615931249999999,40.0,0.12544036909242634,2.800801120945734
1.26221125,40.0,0.12529898557551244,2.6110043757648356
1.262829375,40.0,0.12516730516722727,2.376909111582373
1.2634474999999998,40.0,0.1250463979217666,2.1042134735483176
1.264065625,40.0,0.12493777051506572,1.8003985026087412
1.2646837499999999,40.0,0.12484337132598107,1.4745568257413288
1.265301875,40.0,0.12476425804496429,1.1366524632131305
1.26592,40.0,0.12470190157574777,0.7974752125393241
1.2665381249999998,40.0,0.12465801019508145,0.46824139829411526
1.26715625,40.0,0.12463349508081539,0.15956555937190278
1.267774375,40.0,0.12462939224454536,-0.11830275774093532
1.2683925,40.0,0.12464653250827477,-0.3559903212768464
1.269010625,40.0,0.12468516902049953,-0.5457947971505375
1.2696287499999999,40.0,0.12474540365421756,-0.681614933252279
1.270246875,40.0,0.12482684268019713,-0.7589736455304331
1.270865,40.0,0.12492868203996882,-0.7759995918505925
1.2714831249999998,40.0,0.12504976059295558,-0.7325155667818486
1.27210125,40.0,0.12518840259818811,-0.6307975398431547
1.2727193749999999,40.0,0.12534256280263167,-0.47559133031743195
1.2733375,40.0,0.12550984770526996,-0.2730190624717072
1.273955625,40.0,0.1256875694097298,-0.03142447145557238
1.2745737499999998,40.0,0.12587261429586732,0.23933660044566274
1.275191875,40.0,0.12606179413303298,0.5288366549044067
1.2758099999999999,40.0,0.12625212382199602,0.8258137662278225
1.276428125,40.0,0.12644022541698743,1.1190903918980293
1.27704625,40.0,0.12662285395614067,1.398154579307949
1.2776643749999999,40.0,0.12679754297197038,1.6535400477368727
1.2782825,40.0,0.12696168788197768,1.877468401275488
1.278900625,40.0,0.12711286382601342,2.0640742602817284
1.27951875,40.0,0.1272496860457973,2.2099231713249914
1.280136875,40.0,0.12737068013341657,2.313848663136821
1.2807549999999999,40.0,0.12747458164955655,2.3775206290935587
1.281373125,40.0,0.12756097627515534,2.404574969627236
1.28199125,40.0,0.1276291383569884,2.40085547341128
1.2826093749999998,40.0,0.1276785859558039,2.373858805231538
1.2832275,40.0,0.12770922763599957,2.3320805477244404
1.2838456249999999,40.0,0.12772060819131628,2.284741453942082
1.28446375,40.0,0.12771263026519641,2.2405236801739346
1.285081875,40.0,0.127685263329299,2.2077868206377103
1.2856999999999998,40.0,0.12763835467934212,2.193480401124741
1.286318125,40.0,0.12757235745556617,2.2025163454567385
1.28693625,40.0,0.1274879144272761,2.2379400643031246
1.287554375,40.0,0.1273857496677448,2.300293445962626
1.2881725,40.0,0.12726715615121964,2.387624433336856
1.2887906249999999,40.0,0.12713389724853524,2.4958544864820533
1.28940875,40.0,0.12698784222102488,2.6187038760738077
1.290026875,40.0,0.12683098116522895,2.748255619678983
1.290645,40.0,0.1266657784888925,2.8756613399763844
1.291263125,40.0,0.12649465166967377,2.991335165911147
1.2918812499999999,40.0,0.12631959360060174,3.0855668128513396
1.292499375,40.0,0.1261429866325586,3.149600835092199
1.2931175,40.0,0.1259669806346195,3.1756681880244875
1.2937356249999998,40.0,0.12579307488472144,3.157351451012136
1.29435375,40.0,0.1256232412455183,3.0904526334585976
1.2949718749999999,40.0,0.12545918311683507,2.9730658242317745
1.29559,40.0,0.12530218120311593,2.8051814556707857
1.296208125,40.0,0.1251539780802371,2.5894208326990307
1.2968262499999998,40.0,0.1250160404922623,2.330592836186956
1.297444375,40.0,0.12488984366483667,2.0350855168734423
1.2980625,40.0,0.12477722068052154,1.7116195382951056
1.298680625,40.0,0.12467954969506524,1.3696626372800533
1.29929875,40.0,0.12459833350580818,1.0197240083040522
1.2999168749999999,40.0,0.12453539869168909,0.6731563942679405
1.300535,40.0,0.12449188984666701,0.34095197644574493
1.301153125,40.0,0.12446889563951945,0.03380032908548171
1.3017712499999998,40.0,0.12446770717233688,-0.23822746177072876
1.302389375,40.0,0.12448881427235849,-0.46637997314665763
1.3030074999999999,40.0,0.12453248208713442,-0.6434853009561999
1.303625625,40.0,0.1245988365177999,-0.7639595608290036
1.30424375,40.0,0.12468732828802453,-0.8243523656892332
1.3048618749999998,40.0,0.12479695244650955,-0.8233770314360516
1.30548,40.0,0.12492632630657446,-0.761702324882614
1.3060981249999999,40.0,0.1250737805376692,-0.6426054054941559
1.30671625,40.0,0.12523689516198547,-0.47131397864289476
1.307334375,40.0,0.12541294011569293,-0.25469529083328263
1.3079524999999999,40.0,0.12559921523599998,-0.0018451978830864913
1.308570625,40.0,0.12579232559150985,0.27726500676633753
1.30918875,40.0,0.12598896414372418,0.5717688062384062
1.309806875,40.0,0.12618589356554305,0.8704023857268477
1.310425,40.0,0.12637957321083765,1.1621626538467698
1.3110431249999999,40.0,0.1265671111723029,1.4368422828832217
1.31166125,40.0,0.12674563489418514,1.6855011029762337
1.312279375,40.0,0.1269123665694537,1.9009422867988117
1.3128974999999998,40.0,0.12706552272432708,2.0781862819639145
1.313515625,40.0,0.12720331866896414,2.214488538989967
1.3141337499999999,40.0,0.127324182398839,2.309670823531287
1.314751875,40.0,0.1274274867796734,2.3661032489442246
1.31537,40.0,0.12751244413646304,2.3882516946795898
1.3159881249999998,40.0,0.12757826258255225,2.3824279193678572
1.31660625,40.0,0.1276248441022174,2.3566285580560424
1.317224375,40.0,0.12765186662958067,2.3195682951268455
1.3178425,40.0,0.12765882814992055,2.2802134312939946
1.318460625,40.0,0.12764564453635224,2.2471808619844618
1.3190787499999999,40.0,0.12761228615214285,2.2282738926795798
1.319696875,40.0,0.1275587774001482,2.2296849670789447
1.320315,40.0,0.12748545993998148,2.255536403770647
1.320933125,40.0,0.1273930322673078,2.307906607500169
1.32155125,40.0,0.1272825692161993,2.3863218583848447
1.3221693749999999,40.0,0.1271554402780167,2.4878760213858873
1.3227875,40.0,0.1270134405405378,2.607616632883928
1.323405625,40.0,0.1268585876906115,2.7383848330453278
1.3240237499999998,40.0,0.12669308585022013,2.8718088988928927
1.324641875,40.0,0.12651945352753666,2.998722636466892
1.3252599999999999,40.0,0.12633989446994606,3.109135575167037
1.325878125,40.0,0.12615679664670212,3.1937734772993975
1.32649625,40.0,0.12597260116953224,3.2441224641882367
1.3271143749999998,40.0,0.12578898300218422,3.2527514874387444
1.3277325,40.0,0.12560809750897756,3.214206182261066
1.328350625,40.0,0.12543198709000494,3.1251454469074837
1.32896875,40.0,0.12526186696881075,2.9843399399421213
1.329586875,40.0,0.12509963464989715,2.7928718911588435
1.3302049999999999,40.0,0.12494710355427699,2.5544047629534616
1.330823125,40.0,0.12480557404756276,2.2742551470405648
1.33144125,40.0,0.12467684038984483,1.9598756276833345
1.3320593749999998,40.0,0.12456266374151387,1.6204731032916155
1.3326775,40.0,0.12446457165456448,1.265844553508946
1.3332956249999999,40.0,0.12438429769205737,0.9070542683809071
1.33391375,40.0,0.12432341837424679,0.5554091755964559
1.334531875,40.0,0.12428327707086674,0.22190877547455534
1.3351499999999998,40.0,0.12426516342729406,-0.08291636851838971
1.335768125,40.0,0.12426999183986523,-0.349297907193709
1.3363862499999999,40.0,0.12429837944292728,-0.5689642208998091
1.337004375,40.0,0.12435063300659079,-0.7351913711348412
1.3376225,40.0,0.1244265396927568,-0.8429489764372491
1.3382406249999999,40.0,0.12452542745101114,-0.8894880372547769
1.33885875,40.0,0.12464624804769084,-0.8739596766370767
1.339476875,40.0,0.12478753604285947,-0.7978103411356382
1.340095,40.0,0.12494707163180764,-0.6648525241756741
1.340713125,40.0,0.12512234858162213,-0.4807027358428549
1.3413312499999999,40.0,0.12531083117443836,-0.2528776533602588
1.341949375,40.0,0.12550909175897337,0.009260536489216877
1.3425675,40.0,0.12571361757524468,0.2955333936760905
1.3431856249999998,40.0,0.12592126819886595,0.5949592763624132
1.34380375,40.0,0.12612826674626346,0.8961725925894999
1.3444218749999999,40.0,0.1263311289506877,1.188518651327819
1.34504,40.0,0.12652697780105596,1.461920340593316
1.345658125,40.0,0.12671267660142183,1.7078038610873836
1.3462762499999998,40.0,0.12688574024654306,1.919646523770299
1.346894375,40.0,0.1270442858337866,2.0927874069078136
1.3475125,40.0,0.1271864075288743,2.22516022903189
1.348130625,40.0,0.12731097267678076,2.3172078940215903
1.34874875,40.0,0.12741704198367362,2.3717443879024875
1.3493668749999999,40.0,0.12750371714336656,2.393689510896
1.349985,40.0,0.12757070768223827,2.389667752766019
1.350603125,40.0,0.12761753580777338,2.3679764072849365
1.35122125,40.0,0.12764369156454972,2.3371665650887055
1.351839375,40.0,0.12764903428340238,2.3060946073575623
1.3524574999999999,40.0,0.12763343451209597,2.283286389234014
1.353075625,40.0,0.12759673279022737,2.2758543512477853
1.35369375,40.0,0.12753901978339763,2.289463269417533
1.3543118749999998,40.0,0.12746092589953092,2.327692556473259
1.35493,40.0,0.12736316010480486,2.3918373344761235
1.3555481249999999,40.0,0.12724668837049896,2.480588185114407
1.35616625,40.0,0.1271133076272311,2.5906066001846835
1.356784375,40.0,0.12696482728241595,2.7160970475909467
1.3574024999999998,40.0,0.12680318266920734,2.849508882630816
1.358020625,40.0,0.12663101321179293,2.9823131367503155
1.35863875,40.0,0.1264507530523538,3.104901510262609
1.359256875,40.0,0.12626466838789233,3.2075533535037994
1.359875,40.0,0.12607541077829312,3.2811309714696897
1.3604931249999999,40.0,0.1258851971642242,3.3174299075587137
1.36111125,40.0,0.12569608442272406,3.309622546130135
1.361729375,40.0,0.1255102920987677,3.2527944988224373
1.3623474999999998,40.0,0.12532944186681763,3.14430331160423
1.362965625,40.0,0.12515536644133424,2.983575113808347
1.3635837499999999,40.0,0.12499007182580246,2.7725445701502798
1.364201875,40.0,0.12483493491926302,2.5153637412088714
1.36482,40.0,0.1246917784651045,2.21800219491568
1.3654381249999998,40.0,0.12456260393651467,1.888546816049336
1.36605625,40.0,0.12444888180723615,1.536365160468489
1.3666743749999999,40.0,0.1243524425406724,1.1716631973044525
1.3672925,40.0,0.12427513430125661,0.805691404686522
1.367910625,40.0,0.12421842807918315,0.44975879110836037
1.3685287499999998,40.0,0.1241837306431494,0.11462429422923053
1.369146875,40.0,0.12417232874119727,-0.18896534369791673
1.369765,40.0,0.12418524007105414,-0.4518042485144526
1.370383125,40.0,0.1242228470844808,-0.6658559937332567
1.37100125,40.0,0.12428538177635641,-0.8245252290132293
1.3716193749999999,40.0,0.12437274992588179,-0.9234806976265434
1.3722375,40.0,0.12448396337519663,-0.9601508153430208
1.372855625,40.0,0.12461786926562077,-0.9340364351399703
1.3734737499999998,40.0,0.12477273362101071,-0.8471577524387653
1.374091875,40.0,0.12494613659439241,-0.703508445547875
1.3747099999999999,40.0,0.12513559930542673,-0.5090220629393779
1.375328125,40.0,0.12533792062016968,-0.2716263539299823
1.37594625,40.0,0.1255495902960515,-0.0007692217847359663
1.3765643749999998,40.0,0.12576730871449038,0.29316014868521517
1.3771825,40.0,0.12598724503003023,0.5990690175108789
1.377800625,40.0,0.12620560207615295,0.905566824491028
1.37841875,40.0,0.12641922366231337,1.2020929497962864
1.379036875,40.0,0.1266246655764711,1.4785960715901154
1.3796549999999999,40.0,0.12681883608824124,1.7268279921763554
1.380273125,40.0,0.1269996075111238,1.9403295635014255
1.38089125,40.0,0.1271647000938962,2.1148335542517245
1.3815093749999998,40.0,0.12731231057288397,2.2484762565766223
1.3821275,40.0,0.12744142504519476,2.3420179174524427
1.3827456249999999,40.0,0.12755101831616253,2.3985870536407354
1.38336375,40.0,0.12764037075443013,2.4231023035349137
1.383981875,40.0,0.12770898593912644,2.4226787030612185
1.3845999999999998,40.0,0.1277564626456972,2.4053959900827215
1.385218125,40.0,0.12778247625016165,2.3798869849179685
1.3858362499999999,40.0,0.12778668512771482,2.3550685179115236
1.386454375,40.0,0.12776896766582488,2.3390230612156215
1.3870725,40.0,0.12772924326740007,2.3387335968846705
1.3876906249999998,40.0,0.12766773313645924,2.359625988379624
1.38830875,40.0,0.1275850089123032,2.404709848718064
1.388926875,40.0,0.12748178492241238,2.4749428218138094
1.389545,40.0,0.12735945852451683,2.568781999036041
1.390163125,40.0,0.12721972852056815,2.682228042050018
1.3907812499999999,40.0,0.12706432703966314,2.8093274257570644
1.391399375,40.0,0.1268958281586141,2.9423478426570866
1.3920175,40.0,0.12671675517665368,3.0724600634964756
1.3926356249999998,40.0,0.12652929331232798,3.190045055424775
1.39325375,40.0,0.12633638389910873,3.2854426589938766
1.3938718749999999,40.0,0.12614058065428288,3.3497479292130956
1.39449,40.0,0.12594393957638295,3.374885873943572
1.395108125,40.0,0.12574897193295134,3.3543033494267154
1.3957262499999998,40.0,0.12555777281062253,3.2837683611543045
1.396344375,40.0,0.12537214279487666,3.160676583178798
1.3969624999999999,40.0,0.12519410584662152,2.985117621956736
1.397580625,40.0,0.1250254415916616,2.7594920513961476
1.39819875,40.0,0.12486788545291538,2.488080363240929
1.3988168749999998,40.0,0.1247233399723283,2.177452726711163
1.399435,40.0,0.12459356636207973,1.835927876083828
1.400053125,40.0,0.12448037063140903,1.47299738102735
1.40067125,40.0,0.12438564351603905,1.0991373674549623
1.401289375,40.0,0.1243110562019516,0.7257999172964587
1.4019074999999999,40.0,0.12425825041524027,0.3640616018452238
1.402525625,40.0,0.12422878361890882,0.02501644984083245
1.40314375,40.0,0.12422387161311754,-0.2808221214388658
1.4037618749999998,40.0,0.12424431715729758,-0.5443156553438251
1.40438,40.0,0.12429070439345825,-0.7573861016179962
1.4049981249999999,40.0,0.12436332383535122,-0.9137132564374184
1.40561625,40.0,0.12446151572739172,-1.0089947566756048
1.406234375,40.0,0.12458440492321865,-1.0406938081161805
1.4068524999999998,40.0,0.1247308852389991,-1.0086438083414047
1.407470625,40.0,0.12489863563722314,-0.914842643154339
1.40808875,40.0,0.12508528199594127,-0.7634782215505264
1.408706875,40.0,0.1252881719453864,-0.5606351831536422
1.409325,40.0,0.12550366102789573,-0.3144431860596898
1.4099431249999999,40.0,0.12572833064852096,-0.034468744781337504
1.41056125,40.0,0.1259585024299695,0.2687887142487617
1.411179375,40.0,0.12619009359891592,0.5838363641030089
1.4117974999999998,40.0,0.12641950056670997,0.8994562661997332
1.412415625,40.0,0.1266430364904484,1.2046730249542534
1.4130337499999999,40.0,0.12685725066138628,1.4893832888263252
1.413651875,40.0,0.12705939876743144,1.7452591305864087
1.41427,40.0,0.1272468104307746,1.965826549758293
1.4148881249999998,40.0,0.12741730296390677,2.1464897190863517
1.41550625,40.0,0.12756943684552297,2.2857652248636384
1.4161243749999999,40.0,0.12770193364298832,2.3842812523965207
1.4167425,40.0,0.12781373657501066,2.444976768751879
1.417360625,40.0,0.1279042648591821,2.4732693126518224
1.4179787499999998,40.0,0.12797313587015235,2.4760844531494293
1.418596875,40.0,0.12801979750708858,2.461588294968852
1.419215,40.0,0.1280439002175405,2.4386452506649405
1.419833125,40.0,0.1280453676280481,2.4160938363253512
1.42045125,40.0,0.12802391036990998,2.4021497598494794
1.4210693749999999,40.0,0.1279794409479993,2.403846201358081
1.4216875,40.0,0.1279124501014086,2.4264892119243413
1.422305625,40.0,0.1278233923432054,2.473182202040258
1.4229237499999998,40.0,0.12771304621352272,2.5447197645705604
1.423541875,40.0,0.12758302644108108,2.6394959200400554
1.4241599999999999,40.0,0.12743492610618867,2.7533561225418834
1.424778125,40.0,0.12727081413169522,2.8802935231211575
1.42539625,40.0,0.12709332750017863,3.0123352320720254
1.4260143749999998,40.0,0.12690480353530506,3.1406520699935774
1.4266325,40.0,0.12670814920569576,3.2554299919289234
1.4272506249999999,40.0,0.12650622842703635,3.347052086665778
1.42786875,40.0,0.126301334527509,3.4065625575415703
1.428486875,40.0,0.12609626807477067,3.4257301781225906
1.4291049999999998,40.0,0.1258934464202798,3.3984024836354543
1.429723125,40.0,0.12569479358522287,3.3200532119822155
1.43034125,40.0,0.12550254033165206,3.188395973707414
1.430959375,40.0,0.1253186822739406,3.0036696069407216
1.4315775,40.0,0.12514495040798732,2.768260543673158
1.4321956249999999,40.0,0.12498322085169072,2.486703452168723
1.43281375,40.0,0.12483547804079995,2.165791717653182
1.433431875,40.0,0.12470353316628303,1.8139010790071057
1.4340499999999998,40.0,0.12458913789807502,1.4406323172860707
1.434668125,40.0,0.12449428822663794,1.0568295669886294
1.4352862499999999,40.0,0.12442080719024413,0.6738990880404444
1.435904375,40.0,0.12437019171858786,0.3031327703139268
1.4365225,40.0,0.12434404439930365,-0.04413455523852919
1.4371406249999998,40.0,0.12434362586365602,-0.3573100369866096
1.43775875,40.0,0.12436971815462897,-0.6271081201331923
1.4383768749999999,40.0,0.12442298708960538,-0.8451544747955846
1.438995,40.0,0.12450337122288727,-1.0050917603074407
1.439613125,40.0,0.12461033810377205,-1.1024268133785622
1.4402312499999999,40.0,0.12474315331832932,-1.1344343650900297
1.440849375,40.0,0.12490000744251335,-1.1008863684698325
1.4414675,40.0,0.12507875845919583,-1.0038079416420032
1.4420856249999998,40.0,0.125277077225628,-0.8470885331334018
1.44270375,40.0,0.12549152330917474,-0.6371684887365602
1.4433218749999999,40.0,0.12571860580170702,-0.3821477086589259
1.44394,40.0,0.1259548446790095,-0.09165302826577415
1.444558125,40.0,0.12619594696558076,0.22324839449366318
1.4451762499999998,40.0,0.12643789196005126,0.5510818825776564
1.445794375,40.0,0.1266769645796695,0.8800629569403883
1.4464124999999999,40.0,0.1269092023958277,1.198799165614877
1.447030625,40.0,0.12713116906366917,1.4968479593971926
1.44764875,40.0,0.12733986500919225,1.7654910285469805
1.4482668749999998,40.0,0.12753265529404537,1.997656993530705
1.448885,40.0,0.1277074493795133,2.188658559212369
1.449503125,40.0,0.12786254816144524,2.336684999264483
1.45012125,40.0,0.12799676974452007,2.4419948201639374
1.450739375,40.0,0.12810920292778322,2.507701574942507
1.4513574999999999,40.0,0.12819924466176105,2.539163604466195
1.451975625,40.0,0.1282664902503793,2.5432716833134563
1.45259375,40.0,0.1283104795580064,2.528606186946823
1.4532118749999998,40.0,0.12833107260969603,2.5041785430922814
1.45383,40.0,0.12832799209735904,2.479158137519001
1.4544481249999999,40.0,0.12830093253282554,2.4621618137511923
1.45506625,40.0,0.1282502189535715,2.46057005601668
1.455684375,40.0,0.1281759725316647,2.479972732302318
1.4563024999999998,40.0,0.12807857477394138,2.523797483251204
1.456920625,40.0,0.12795939551295668,2.593134198307
1.4575387499999999,40.0,0.12781970609114585,2.6863649556771785
1.458156875,40.0,0.12766112534292784,2.7995737408844645
1.458775,40.0,0.12748621944496766,2.926525839776112
1.4593931249999998,40.0,0.12729744310453545,3.0593594859178523
1.46001125,40.0,0.12709744712225174,3.188892261433882
1.460629375,40.0,0.12688933082291168,3.3051164498610737
1.4612475,40.0,0.1266758862381575,3.3982229917982334
1.461865625,40.0,0.1264599031748361,3.4588508260164295
1.4624837499999999,40.0,0.1262441736729919,3.478537333280888
1.463101875,40.0,0.1260310766688136,3.450882667328811
1.46372,40.0,0.12582296113876779,3.3710903535365717
1.4643381249999998,40.0,0.1256220344493084,3.2366554859641075
1.46495625,40.0,0.12543019244249629,3.047800941569452
1.4655743749999999,40.0,0.12524944733338741,2.8066739904725178
1.4661925,40.0,0.12508172192880512,2.5178919136967006
1.466810625,40.0,0.12492884115866112,2.1883584444397886
1.4674287499999998,40.0,0.12479266349571622,1.8263124132046151
1.468046875,40.0,0.12467516338941229,1.441748231257567
1.4686649999999999,40.0,0.124578313615856,1.045764067025193
1.469283125,40.0,0.12450366364604512,0.6497481796049858
1.46990125,40.0,0.12445308225219476,0.2656803869397415
1.4705193749999999,40.0,0.12442827549994112,-0.09492495588908258
1.4711375,40.0,0.12443010786841725,-0.42114444356021286
1.471755625,40.0,0.12445975248643133,-0.7030653387711948
1.4723737499999998,40.0,0.1245177972825863,-0.9320537182414337
1.472991875,40.0,0.12460392528948858,-1.1013262235671306
1.4736099999999999,40.0,0.1247178925863446,-1.205910115021844
1.474228125,40.0,0.12485856799154936,-1.2427157785972667
1.47484625,40.0,0.12502410500680392,-1.2113951990912046
1.4754643749999998,40.0,0.12521244018436486,-1.113460572706003
1.4760825,40.0,0.125420686327376,-0.9529057971076651
1.4767006249999999,40.0,0.12564548741127604,-0.7361459205500355
1.47731875,40.0,0.12588331206450737,-0.4712580590247865
1.477936875,40.0,0.126130019450123,-0.16831683141220127
1.4785549999999998,40.0,0.12638136637569405,0.16134397770075182
1.479173125,40.0,0.12663335191619537,0.5057061090428243
1.47979125,40.0,0.12688165354943318,0.85237066422665
1.480409375,40.0,0.12712224770648659,1.1892013286603973
1.4810275,40.0,0.12735171500267572,1.5051903074113044
1.4816456249999999,40.0,0.1275668112100066,1.7907662381103684
1.48226375,40.0,0.12776476159761752,2.038130176976405
1.482881875,40.0,0.12794344599291557,2.2422712270629015
1.4834999999999998,40.0,0.12810130839380232,2.400623936878967
1.484118125,40.0,0.12823699888579038,2.513290819318549
1.4847362499999999,40.0,0.12834964558343417,2.583328427580988
1.485354375,40.0,0.12843892190747636,2.6159238790710777
1.4859725,40.0,0.1285042169596256,2.6183740909424644
1.4865906249999998,40.0,0.12854523143869587,2.599615900535287
1.48720875,40.0,0.1285619596317554,2.5690321330485517
1.4878268749999999,40.0,0.1285539682884188,2.53655566332876
1.488445,40.0,0.12852121372263092,2.5115123648842497
1.489063125,40.0,0.1284638368362881,2.501720871001117
1.4896812499999998,40.0,0.1283818792444251,2.5137170896388947
1.490299375,40.0,0.12827616402837094,2.551418618343018
1.4909175,40.0,0.12814768322484574,2.6162106218053056
1.491535625,40.0,0.12799764807941857,2.7070657342747486
1.49215375,40.0,0.12782828995269405,2.8199491999654898
1.4927718749999999,40.0,0.12764189065176776,2.948771962568155
1.49339,40.0,0.12744094408998607,3.0854980591528864
1.494008125,40.0,0.12722866602192198,3.2203710796366423
1.4946262499999998,40.0,0.12700810089795428,3.343302698254929
1.495244375,40.0,0.12678220331855602,3.443715866858373
1.4958624999999999,40.0,0.12655411378450737,3.5116274463118535
1.496480625,40.0,0.12632671476387336,3.5382439832058328
1.49709875,40.0,0.12610253050626521,3.516349148051257
1.4977168749999998,40.0,0.12588396597093052,3.440636881702795
1.498335,40.0,0.12567337134419163,3.308375545474789
1.4989531249999999,40.0,0.12547275264617305,3.1192679532153806
1.49957125,40.0,0.12528397989121362,2.875166491234799
1.500189375,40.0,0.12510909686296284,2.5808693184733045
1.5008074999999999,40.0,0.12494998729023776,2.2430017809274405
1.501425625,40.0,0.12480848901470701,1.870029747064009
1.50204375,40.0,0.12468665413939733,1.4723124863141792
1.5026618749999998,40.0,0.12458630635420047,1.06107511229675
1.50328,40.0,0.12450928546752117,0.6483058848517216
1.5038981249999999,40.0,0.1244575376071886,0.2464197419662245
1.50451625,40.0,0.12443237688594208,-0.1324364852952585
1.505134375,40.0,0.12443517504294303,-0.47678408841304737
1.5057524999999998,40.0,0.12446711435340566,-0.7759994635248202
1.506370625,40.0,0.12452834045842305,-1.0208495098618466
1.5069887499999999,40.0,0.12461904471968502,-1.203957909672348
1.507606875,40.0,0.12473888085251406,-1.3196347819934247
1.508225,40.0,0.12488632262949423,-1.3644672024460978
1.5088431249999998,40.0,0.1250597954180167,-1.3375541327103486
1.50946125,40.0,0.1252570657706392,-1.2400950749845212
1.510079375,40.0,0.12547492894904294,-1.0760696063100288
1.5106975,40.0,0.12571002807657863,-0.8517143620719314
1.511315625,40.0,0.12595849621408828,-0.5753767624790155
1.5119337499999999,40.0,0.1262160556517388,-0.2575717151086195
1.512551875,40.0,0.12647833593124486,0.08991237073480818
1.51317,40.0,0.12674083580517248,0.4543868550146605
1.5137881249999998,40.0,0.1269992246710731,0.8223612303525902
1.51440625,40.0,0.12724932642919373,1.1810608062052106
1.5150243749999999,40.0,0.12748736717222037,1.5184330315455659
1.5156425,40.0,0.12771001319913663,1.8236552287108394
1.516260625,40.0,0.12791438700751756,2.088532366757161
1.5168787499999998,40.0,0.12809837664641913,2.306943182156687
1.517496875,40.0,0.12826017143721474,2.47579097043621
1.5181149999999999,40.0,0.12839853255218486,2.595028890557617
1.518733125,40.0,0.1285128879817621,2.667335037092186
1.51935125,40.0,0.12860253579569658,2.6982030402817085
1.5199693749999998,40.0,0.1286671332966964,2.695327944823376
1.5205875,40.0,0.12870676557175392,2.6680563644348734
1.521205625,40.0,0.1287210237571506,2.626768213155339
1.52182375,40.0,0.12870963219588985,2.5821891869830846
1.522441875,40.0,0.12867280134600034,2.5445068626458998
1.5230599999999999,40.0,0.12861032933289035,2.522774332114647
1.523678125,40.0,0.12852236388978028,2.5242568457389223
1.52429625,40.0,0.12840973712893086,2.5535926727642826
1.5249143749999998,40.0,0.12827323253583897,2.613079061856123
1.5255325,40.0,0.1281143880239227,2.7017839584485164
1.5261506249999999,40.0,0.12793531028501556,2.8159086756777834
1.52676875,40.0,0.12773828466996603,2.9494779761185064
1.527386875,40.0,0.12752632359324756,3.093770827356816
1.5280049999999998,40.0,0.12730253474043796,3.2388432812679517
1.528623125,40.0,0.127070139636756,3.3737564563005873
1.5292412499999999,40.0,0.12683256148010036,3.487170844361526
1.529859375,40.0,0.12659295772749835,3.5682496471913874
1.5304775,40.0,0.1263543218505224,3.6073476574876024
1.5310956249999998,40.0,0.12611940890068463,3.59634939249501
1.53171375,40.0,0.12589084210603677,3.5293208245770704
1.532331875,40.0,0.12567088383633188,3.4028739241786568
1.5329499999999998,40.0,0.1254614712567868,3.2161330698459487
1.533568125,40.0,0.12526483650421474,2.97084712020232
1.5341862499999999,40.0,0.12508288615664548,2.6715853034243895
1.534804375,40.0,0.1249172726002136,2.324936316619598
1.5354225,40.0,0.1247702148688669,1.9397019413034047
1.5360406249999998,40.0,0.12464363338464936,1.5265584560236933
1.53665875,40.0,0.12453924637510008,1.0970933293817406
1.5372768749999999,40.0,0.12445925422247008,0.6640592757274187
1.537895,40.0,0.12440539905183473,0.2405437652710677
1.538513125,40.0,0.12437917222607081,-0.160679141582682
1.5391312499999998,40.0,0.12438218775658016,-0.5272070912853737
1.539749375,40.0,0.12441532921115572,-0.8475247310427035
1.5403675,40.0,0.12447913266604477,-1.1119295163902319
1.540985625,40.0,0.1245738315312948,-1.3118647428083552
1.54160375,40.0,0.12469867947122802,-1.4412201898169423
1.5422218749999999,40.0,0.12485255397162963,-1.495998042706965
1.54284,40.0,0.12503381886347692,-1.4745883062661194
1.543458125,40.0,0.1252397666931957,-1.3781258163787555
1.5440762499999998,40.0,0.1254673738413621,-1.2102617221330545
1.544694375,40.0,0.12571317585830769,-0.9773558690810975
1.5453124999999999,40.0,0.12597293486458205,-0.6880539239813973
1.545930625,40.0,0.12624221872716176,-0.3533388145184454
1.54654875,40.0,0.12651645780583215,0.0143864932885185
1.5471668749999998,40.0,0.1267909697468764,0.4013239166763362
1.547785,40.0,0.1270610073536903,0.7932116865456568
1.5484031249999999,40.0,0.12732222636746585,1.1760500511693488
1.54902125,40.0,0.12757076665209963,1.5364708829684586
1.549639375,40.0,0.12780285923570478,1.8628679285184349
1.5502574999999998,40.0,0.12801564215086225,2.145727403747403
1.550875625,40.0,0.12820694090562204,2.3781762209546606
1.55149375,40.0,0.1283747556157078,2.556625155105021
1.552111875,40.0,0.12851804963917496,2.680493589792408
1.55273,40.0,0.1286361379752309,2.7525294391465924
1.5533481249999999,40.0,0.1287284136691945,2.7785542317714325
1.55396625,40.0,0.12879489773169683,2.7666564475494124
1.554584375,40.0,0.12883535097049498,2.7270744807894842
1.5552024999999998,40.0,0.12884949398801762,2.6711872240061907
1.555820625,40.0,0.12883748206784262,2.6108197524606522
1.5564387499999999,40.0,0.1287989991900696,2.55736879463421
1.557056875,40.0,0.12873388399678193,2.521131767434226
1.557675,40.0,0.1286425944842591,2.5103255639545035
1.5582931249999998,40.0,0.128525477846898,2.530743881349747
1.55891125,40.0,0.12838340844318885,2.5851912252451816
1.5595293749999999,40.0,0.12821805070981765,2.673137134296605
1.5601475,40.0,0.1280313780153602,2.791107130163036
1.560765625,40.0,0.12782586999667586,2.932656051193559
1.5613837499999998,40.0,0.12760460681916266,3.088736334247286
1.562001875,40.0,0.1273709828315846,3.248696072554137
1.56262,40.0,0.12712841481491544,3.40069324497589
1.5632381249999998,40.0,0.12688041357740545,3.5322067155082664
1.56385625,40.0,0.1266304943968667,3.631559599696243
1.5644743749999999,40.0,0.12638180322348697,3.6878661804464636
1.5650925,40.0,0.1261371943767999,3.6919374390590156
1.565710625,40.0,0.12589938818236782,3.637153579792475
1.5663287499999998,40.0,0.12567065252437762,3.5192001404730275
1.566946875,40.0,0.1254531187717105,3.3366961373082455
1.5675649999999999,40.0,0.12524892931492132,3.091266647632072
1.568183125,40.0,0.12505977983527805,2.78709188112225
1.56880125,40.0,0.1248877362187104,2.4310270898445556
1.5694193749999998,40.0,0.12473489344525714,2.032191019463572
1.5700375,40.0,0.12460287126926728,1.6015795209524815
1.5706556249999999,40.0,0.12449400242662342,1.151494620714356
1.57127375,40.0,0.12441031097601024,0.6954609392290453
1.571891875,40.0,0.12435336136581791,0.24728185526532848
1.5725099999999999,40.0,0.12432524203575511,-0.17933474552940792
1.573128125,40.0,0.1243273852870647,-0.5708954059016615
1.57374625,40.0,0.1243607184195947,-0.915320363831592
1.5743643749999998,40.0,0.12442606912184878,-1.2015924235229694
1.5749825,40.0,0.12452355381641066,-1.4206745720597116
1.5756006249999999,40.0,0.12465262114275878,-1.5655498461237485
1.57621875,40.0,0.12481214686283369,-1.6315918730479206
1.576836875,40.0,0.12500031742676862,-1.6167685265608915
1.5774549999999998,40.0,0.12521459337538426,-1.5218322483479005
1.578073125,40.0,0.12545180981513857,-1.3503451558083788
1.5786912499999999,40.0,0.12570820976834335,-1.1087438708613113
1.579309375,40.0,0.12597950744882522,-0.8060561267112667
1.5799275,40.0,0.12626107988104632,-0.4537369961114436
1.5805456249999998,40.0,0.12654808177590035,-0.0651036802266948
1.58116375,40.0,0.12683548429109529,0.34513921746334253
1.581781875,40.0,0.1271184032720438,0.7615941694170786
1.5823999999999998,40.0,0.12739231496587958,1.1690007025255447
1.583018125,40.0,0.1276527808025188,1.5527749543090383
1.5836362499999999,40.0,0.12789607342077233,1.9001486733007407
1.584254375,40.0,0.12811932774951443,2.200430746597709
1.5848725,40.0,0.12831976372144308,2.4460317431430822
1.5854906249999998,40.0,0.128495629989429,2.6325985264840486
1.58610875,40.0,0.128646033801221,2.7593448603082984
1.5867268749999999,40.0,0.1287699488002182,2.8290689618618696
1.587345,40.0,0.12886713918365178,2.847881406409017
1.587963125,40.0,0.12893767943141313,2.824549877027014
1.5885812499999998,40.0,0.12898126336124896,2.7703424417834235
1.589199375,40.0,0.1289979472174868,2.697708167754116
1.5898174999999999,40.0,0.128987624209537,2.6196538679274997
1.590435625,40.0,0.12894996676819517,2.54918648841883
1.59105375,40.0,0.128884998785783,2.497577350416442
1.5916718749999998,40.0,0.12879272896349309,2.474469537692132
1.59229,40.0,0.12867352198516283,2.4866290143918675
1.592908125,40.0,0.12852835235315818,2.537371317309707
1.5935262499999998,40.0,0.12835860774271607,2.6268190199253123
1.594144375,40.0,0.12816632505725284,2.751404726006949
1.5947624999999999,40.0,0.1279541851765663,2.9043349578040045
1.595380625,40.0,0.12772539627472088,3.076113399263169
1.59599875,40.0,0.12748338996021868,3.25516509136127
1.5966168749999998,40.0,0.12723182750884887,3.428441943074606
1.597235,40.0,0.12697465125166568,3.5824862533239417
1.5978531249999999,40.0,0.12671534007809507,3.7042193485047172
1.59847125,40.0,0.12645712942703427,3.7814166168142744
1.599089375,40.0,0.1262033353553097,3.804026789779849
1.5997074999999998,40.0,0.12595653884463315,3.7642162781961948
1.600325625,40.0,0.12571899619339605,3.6568862650656473
1.6009437499999999,40.0,0.12549315405883843,3.4803090963000156
1.601561875,40.0,0.1252808713747876,3.235545031967926
1.60218,40.0,0.12508398535392903,2.9268330601569152
1.6027981249999999,40.0,0.1249046921981436,2.561136383023055
1.60341625,40.0,0.12474477638348765,2.147957712459835
1.604034375,40.0,0.12460629482636369,1.6987521938035617
1.6046524999999998,40.0,0.12449149164190741,1.2265789947342716
1.605270625,40.0,0.12440222524628283,0.7457874148072307
1.6058887499999999,40.0,0.12434066642645215,0.2709895070412417
1.606506875,40.0,0.12430877435187193,-0.18297360063153917
1.607125,40.0,0.12430792448807602,-0.6018029199626745
1.6077431249999998,40.0,0.12433954274024253,-0.9723234082615281
1.60836125,40.0,0.12440448504652127,-1.2827003969737278
1.6089793749999999,40.0,0.12450280154729389,-1.5229798193673272
1.6095975,40.0,0.1246341713187793,-1.6854440504511699
1.610215625,40.0,0.12479756293203124,-1.7647956029903757
1.6108337499999998,40.0,0.12499113157000599,-1.758518213211247
1.611451875,40.0,0.12521227564803494,-1.667042030363039
1.61207,40.0,0.1254578397527708,-1.4937606225187858
1.6126881249999998,40.0,0.12572402377405123,-1.2452708227958564
1.61330625,40.0,0.1260062042359201,-0.9308576764765135
1.6139243749999999,40.0,0.12629971304707446,-0.5625440087546218
1.6145425,40.0,0.12659950558970687,-0.15455197867958742
1.615160625,40.0,0.1269000961740886,0.277646894154317
1.6157787499999998,40.0,0.12719654009178108,0.7173649102861483
1.616396875,40.0,0.12748384722025558,1.148163287216172
1.6170149999999999,40.0,0.12775733017570245,1.5543354909843692
1.617633125,40.0,0.12801323327212893,1.9216886634313899
1.61825125,40.0,0.1282480538174047,2.238701768102397
1.6188693749999998,40.0,0.12845916359489584,2.4967288555726834
1.6194875,40.0,0.12864491442376164,2.690882805824659
1.6201056249999999,40.0,0.12880388426410788,2.8200842884530215
1.62072375,40.0,0.12893540687104155,2.8871710038319707
1.621341875,40.0,0.1290394819533315,2.8985325687177412
1.6219599999999998,40.0,0.129115877382212,2.863846056880795
1.622578125,40.0,0.12916457948224414,2.7950993762828
1.62319625,40.0,0.12918578394499822,2.705932230349743
1.6238143749999998,40.0,0.12917915348695072,2.6108940931237723
1.6244325,40.0,0.1291444195029354,2.523957934297092
1.6250506249999999,40.0,0.12908150489809322,2.4579924609412123
1.62566875,40.0,0.12899027563166515,2.423897727744752
1.626286875,40.0,0.128870980346374,2.4291490628931847
1.6269049999999998,40.0,0.12872438864304314,2.4780790358978253
1.627523125,40.0,0.12855195323253224,2.5710995976724837
1.6281412499999999,40.0,0.12835564530849455,2.7045720776119406
1.628759375,40.0,0.12813811772814981,2.8715317341965427
1.6293775,40.0,0.12790276940345238,3.061736330531521
1.6299956249999998,40.0,0.12765313943258952,3.2627137789602814
1.63061375,40.0,0.1273932038076201,3.4603393766628336
1.6312318749999999,40.0,0.12712698335608055,3.6398582025666344
1.63185,40.0,0.12685807328912882,3.7868148622116493
1.632468125,40.0,0.1265902366351733,3.887844264141588
1.6330862499999999,40.0,0.1263266357634672,3.9315388756255483
1.633704375,40.0,0.1260698393079796,3.9090735735476536
1.6343225,40.0,0.1258226481994209,3.8145870013981042
1.6349406249999998,40.0,0.12558714098915696,3.6456874053823194
1.63555875,40.0,0.12536513644780506,3.4031312879344227
1.6361768749999999,40.0,0.12515892987601682,3.0910456321309905
1.636795,40.0,0.12497035615447945,2.7166662963223374
1.637413125,40.0,0.12480128532509703,2.2896180206179912
1.6380312499999998,40.0,0.12465405205725437,1.8220469470439193
1.638649375,40.0,0.12453076328950156,1.3277489620448435
1.6392674999999999,40.0,0.1244335247629251,0.8216453234994774
1.639885625,40.0,0.12436459537274806,0.31952980237609496
1.64050375,40.0,0.12432597689504447,-0.16297185307532316
1.6411218749999998,40.0,0.12431942036704029,-0.6105833083916988
1.64174,40.0,0.124346401812178,-1.0091085108201514
1.642358125,40.0,0.12440783802344568,-1.345867044065518
1.6429762499999998,40.0,0.12450412252560435,-1.610046257408112
1.643594375,40.0,0.12463502013099319,-1.7931993045360148
1.6442124999999999,40.0,0.12479955332982132,-1.8893342555422235
1.644830625,40.0,0.12499598610806165,-1.895436712862856
1.64544875,40.0,0.12522182500086473,-1.811494318503922
1.6460668749999998,40.0,0.125473909907294,-1.640782340012988
1.646685,40.0,0.12574814489781652,-1.389732749087203
1.6473031249999999,40.0,0.12604006200887152,-1.0679566974697352
1.64792125,40.0,0.1263448099172819,-0.6879418292932187
1.648539375,40.0,0.12665671662600142,-0.26434378720976437
1.6491574999999998,40.0,0.12697046705670834,0.18626418016458982
1.649775625,40.0,0.1272807471654733,0.646323059378512
1.6503937499999999,40.0,0.12758192696486498,1.0983665545193417
1.651011875,40.0,0.12786937511436952,1.5252903777051603
1.65163,40.0,0.1281388931491864,1.9119917053902067
1.6522481249999998,40.0,0.12838664848948134,2.2457559445084856
1.65286625,40.0,0.12861004314982982,2.516978176117893
1.653484375,40.0,0.1288070624598258,2.7202366439428163
1.6541024999999998,40.0,0.12897631060555986,2.8539195881048425
1.654720625,40.0,0.12911731402611556,2.920841359739298
1.6553387499999999,40.0,0.12922980789576408,2.9276858572663165
1.655956875,40.0,0.12931380301028442,2.884555736597975
1.656575,40.0,0.1293695332918799,2.804310697425129
1.6571931249999998,40.0,0.12939690112660862,2.70173207306369
1.65781125,40.0,0.12939574001461232,2.592276334742194
1.6584293749999999,40.0,0.1293658095448592,2.491416170732198
1.6590475,40.0,0.12930674488926694,2.413320290876536
1.659665625,40.0,0.12921826359217434,2.3697862955081472
1.6602837499999998,40.0,0.129100494796326,2.369674775965732
1.660901875,40.0,0.1289541807747374,2.4178815299270258
1.6615199999999999,40.0,0.12878039592386833,2.5153016845673664
1.662138125,40.0,0.12858111276350762,2.658431435559086
1.66275625,40.0,0.12835924807277765,2.8400862685968677
1.6633743749999998,40.0,0.1281179290521366,3.049474677508505
1.6639925,40.0,0.12786094318524663,3.2732067134985945
1.664610625,40.0,0.12759261014345452,3.496273014759348
1.6652287499999998,40.0,0.12731686777825668,3.70253349288795
1.665846875,40.0,0.12703770867987163,3.876341441599101
1.6664649999999999,40.0,0.1267590922326438,4.00304320120413
1.667083125,40.0,0.12648413367836792,4.069957887947736
1.66770125,40.0,0.12621584990363277,4.067195968301484
1.6683193749999998,40.0,0.12595696519830923,3.9880815353576824
1.6689375,40.0,0.12570948142057123,3.829508393262332
1.6695556249999999,40.0,0.12547570461063928,3.591843858970526
1.67017375,40.0,0.12525762609754884,3.2791154823852735
1.670791875,40.0,0.12505703019382425,2.898495836601781
1.6714099999999998,40.0,0.12487627138862187,2.459917148186325
1.672028125,40.0,0.12471743558695969,1.9760348618517072
1.67264625,40.0,0.12458266122969781,1.461008431675564
1.6732643749999998,40.0,0.12447438612516393,0.9307453008217138
1.6738825,40.0,0.12439490579779526,0.40163594415851983
1.6745006249999999,40.0,0.12434636109502106,-0.10975242834699775
1.67511875,40.0,0.12433067837349099,-0.5871639233891895
1.675736875,40.0,0.12434961744501,-1.0156692445719229
1.6763549999999998,40.0,0.12440429461912622,-1.3815814892421814
1.676973125,40.0,0.12449517338376835,-1.673337877281522
1.6775912499999999,40.0,0.12462239773912172,-1.8817066282361925
1.678209375,40.0,0.1247851115478991,-1.9999645075959618
1.6788275,40.0,0.12498160542530626,-2.024434828408358
1.6794456249999998,40.0,0.12520968780856395,-1.9546548280325504
1.68006375,40.0,0.1254660778007834,-1.7933734330871594
1.6806818749999999,40.0,0.1257467259175617,-1.546884949457205
1.6813,40.0,0.12604718273720006,-1.2247277446088631
1.681918125,40.0,0.12636211997715557,-0.8395016372899711
1.6825362499999998,40.0,0.12668596638414134,-0.4063500817154136
1.683154375,40.0,0.12701314864599209,0.057644830547014955
1.6837725,40.0,0.12733759292345193,0.5341911452508169
1.6843906249999998,40.0,0.1276537568814149,1.0047102802893917
1.68500875,40.0,0.12795663250462513,1.4513349958408295
1.6856268749999999,40.0,0.12824127937003693,1.8576042278294687
1.686245,40.0,0.1285039282194208,2.209791245073067
1.686863125,40.0,0.12874169450666378,2.4973490582014937
1.6874812499999998,40.0,0.12895213138233588,2.713840392055809
1.688099375,40.0,0.12913397819826605,2.8571508551339964
1.6887174999999999,40.0,0.1292866394660274,2.9296464693815216
1.689335625,40.0,0.12940983372092943,2.9380454305802477
1.68995375,40.0,0.1295037054968716,2.892513383159971
1.6905718749999998,40.0,0.1295684494623335,2.806661689789226
1.69119,40.0,0.12960416598812885,2.6957659945275205
1.6918081249999999,40.0,0.12961059494925564,2.5763731304170685
1.69242625,40.0,0.12958740326625887,2.4650653580809
1.693044375,40.0,0.12953420657003095,2.3770632907199225
1.6936624999999998,40.0,0.12945048562738776,2.325488860549605
1.694280625,40.0,0.1293362734085394,2.3202117066005297
1.69489875,40.0,0.12919196325959725,2.367048054458009
1.6955168749999998,40.0,0.1290185013187013,2.467529292407874
1.696135,40.0,0.12881794181547296,2.6185923440935905
1.6967531249999999,40.0,0.1285927860838903,2.8129292054995862
1.69737125,40.0,0.12834626719224929,3.039538275732599
1.697989375,40.0,0.12808255474350744,3.2844799636724717
1.6986074999999998,40.0,0.12780568569618708,3.5317738452914367
1.699225625,40.0,0.12751989630670954,3.764306762901742
1.6998437499999999,40.0,0.12722973503141452,3.9653451874790946
1.700461875,40.0,0.1269389373239371,4.118805685497586
1.70108,40.0,0.12665099226326854,4.210920008790889
1.7016981249999998,40.0,0.1263693314906338,4.230668206756508
1.70231625,40.0,0.1260964971937986,4.170354953201807
1.702934375,40.0,0.12583485693635582,4.026095292596582
1.7035524999999998,40.0,0.12558674017564522,3.7977265371460134
1.704170625,40.0,0.1253541095064833,3.48891442769418
1.7047887499999999,40.0,0.12513906420570506,3.10662305770639
1.705406875,40.0,0.12494378445542557,2.6609707959176236
1.706025,40.0,0.12477046292604264,2.1646265880596287
1.7066431249999998,40.0,0.12462147946517267,1.6323482885899994
1.70726125,40.0,0.12449924657494882,1.0803566365080433
1.7078793749999999,40.0,0.12440618062647507,0.5258519307727959
1.7084975,40.0,0.12434462728801367,-0.013965105783410064
1.709115625,40.0,0.12431677864512626,-0.5220566291260376
1.7097337499999998,40.0,0.12432452245565431,-0.9825722063303512
1.710351875,40.0,0.12436914939285754,-1.3811236831439262
1.7109699999999999,40.0,0.12445162544907737,-1.7052096619476587
1.711588125,40.0,0.12457221013009714,-1.9447964223944036
1.71220625,40.0,0.12473009738365186,-2.0923312333871658
1.7128243749999998,40.0,0.12492418965849114,-2.1433231175798024
1.7134425,40.0,0.12515230574076797,-2.096560072849902
1.714060625,40.0,0.12541103177612858,-1.954041416795176
1.7146787499999998,40.0,0.12569677644279903,-1.7215146113131155
1.715296875,40.0,0.12600479473053197,-1.4081493877009044
1.7159149999999999,40.0,0.12632956935475453,-1.0262148692450335
1.716533125,40.0,0.12666559589671042,-0.5909713224717562
1.71715125,40.0,0.12700668766524356,-0.11962412901964145
1.7177693749999998,40.0,0.12734664199030318,0.3689340040007091
1.7183875,40.0,0.1276796021319528,0.8556106905152151
1.7190056249999999,40.0,0.1279998266423559,1.321434017447306
1.71962375,40.0,0.12830227544060696,1.749001950411951
1.720241875,40.0,0.1285827629851281,2.123379485090534
1.7208599999999998,40.0,0.12883779823223532,2.4327464356574984
1.721478125,40.0,0.1290649169411356,2.669530869806223
1.7220962499999999,40.0,0.1292626392827061,2.8305938866433316
1.722714375,40.0,0.12943008258984418,2.917517661780908
1.7233325,40.0,0.12956701693810346,2.9363127735031886
1.7239506249999998,40.0,0.12967369473092907,2.8971983021057386
1.72456875,40.0,0.12975035072943167,2.813573837414064
1.725186875,40.0,0.12979700419181217,2.7011032923073843
1.7258049999999998,40.0,0.12981359091750755,2.5771302235716895
1.726423125,40.0,0.12979983801611256,2.458898712990466
1.7270412499999999,40.0,0.12975499402045138,2.3627677905676747
1.727659375,40.0,0.12967856945790193,2.303149809513647
1.7282775,40.0,0.12957045865054279,2.2909663565177545
1.7288956249999998,40.0,0.12943056644887896,2.3333444837699435
1.72951375,40.0,0.12925982394751898,2.432802670880069
1.7301318749999999,40.0,0.12906001237900872,2.586925086451023
1.73075,40.0,0.12883332397933425,2.7889553420117896
1.731368125,40.0,0.1285832106178933,3.028052747706838
1.7319862499999998,40.0,0.12831360503715364,3.289922339206178
1.732604375,40.0,0.12802862156103317,3.55823232545889
1.7332224999999999,40.0,0.12773302794596555,3.8151069701708886
1.7338406249999998,40.0,0.12743116183290198,4.042618055787834
1.73445875,40.0,0.12712713936068967,4.223798702301801
1.7350768749999999,40.0,0.12682506409553568,4.343403132675722
1.735695,40.0,0.1265281970550437,4.389384199237407
1.736313125,40.0,0.12623946505023112,4.352728246071014
1.7369312499999998,40.0,0.1259616207794232,4.228611694309464
1.737549375,40.0,0.12569695208876014,4.016095292677093
1.7381674999999999,40.0,0.1254475747707869,3.718007979313098
1.738785625,40.0,0.12521570235927687,3.341038908492671
1.73940375,40.0,0.12500363573419757,2.8949228132338263
1.7400218749999998,40.0,0.12481355965035947,2.3922326662409295
1.74064,40.0,0.12464789568901902,1.84779824380283
1.7412581249999999,40.0,0.12450928389332763,1.2781905450411515
1.74187625,40.0,0.12440014425769423,0.7008528458056346
1.742494375,40.0,0.12432296122155512,0.13367927316068073
1.7431124999999998,40.0,0.12428026340441665,-0.40566936896409767
1.743730625,40.0,0.12427405402252535,-0.9006162157567341
1.74434875,40.0,0.12430595888707648,-1.3358997620257886
1.7449668749999998,40.0,0.12437731300191747,-1.6981368132083632
1.745585,40.0,0.12448846133316344,-1.9763800391271749
1.7462031249999999,40.0,0.12463919920053719,-2.161985623731916
1.74682125,40.0,0.12482864344374808,-2.249556883442266
1.747439375,40.0,0.12505454014148812,-2.236598917742747
1.7480574999999998,40.0,0.12531418214599238,-2.124182330404159
1.748675625,40.0,0.12560385121825035,-1.9170151735084817
1.7492937499999999,40.0,0.1259185645907918,-1.6232914259034485
1.749911875,40.0,0.12625319441429755,-1.2547217759597709
1.75053,40.0,0.12660180708821003,-0.8259173883258221
1.7511481249999998,40.0,0.12695786054951672,-0.3541017777615764
1.75176625,40.0,0.12731505216721414,0.14197256023947497
1.7523843749999999,40.0,0.12766696526035995,0.642563737831698
1.7530025,40.0,0.12800739196135125,1.1280509883566079
1.753620625,40.0,0.12833086737670518,1.579986115962928
1.7542387499999998,40.0,0.12863266261526912,1.9820680535042337
1.754856875,40.0,0.1289089043333545,2.320907821360722
1.755475,40.0,0.1291566952494291,2.5874766812314443
1.7560931249999998,40.0,0.12937418199456813,2.7769940399843835
1.75671125,40.0,0.12956037696626532,2.8894826859084928
1.7573293749999999,40.0,0.12971487888068609,2.9301179872174035
1.7579475,40.0,0.12983791042948953,2.9079519267329577
1.758565625,40.0,0.12992975310727103,2.835842911164555
1.7591837499999998,40.0,0.12999055273551371,2.729644955425494
1.759801875,40.0,0.13002043898764723,2.6065182711444965
1.7604199999999999,40.0,0.13001890656965118,2.4845079388507982
1.761038125,40.0,0.12998534993653257,2.3810295741398404
1.76165625,40.0,0.12991932417926363,2.311489665227688
1.7622743749999998,40.0,0.12982008798265685,2.2884907774121572
1.7628925,40.0,0.12968758326348276,2.320659704029473
1.7635106249999999,40.0,0.1295225540452695,2.4119132260957405
1.7641287499999998,40.0,0.1293260520039253,2.561310151220035
1.764746875,40.0,0.12910032912471234,2.763092909998355
1.7653649999999999,40.0,0.1288486785038003,3.007078617472599
1.765983125,40.0,0.128574685736268,3.2794907067021004
1.76660125,40.0,0.12828275703974412,3.5637922298483895
1.7672193749999998,40.0,0.12797770591007665,3.8417497203649327
1.7678375,40.0,0.1276640520074353,4.0947716644077765
1.7684556249999999,40.0,0.12734641857630322,4.3046257352896
1.76907375,40.0,0.1270290370669755,4.454983791093553
1.769691875,40.0,0.1267156021198572,4.532309461032956
1.7703099999999998,40.0,0.1264095341610782,4.526111981955894
1.770928125,40.0,0.126113659675747,4.4303341669400265
1.7715462499999999,40.0,0.125830551380277,4.242599450451236
1.772164375,40.0,0.1255625709626239,3.964799228588213
1.7727825,40.0,0.1253119948014506,3.6026467386708156
1.7734006249999998,40.0,0.12508114792154512,3.1651359276911735
1.77401875,40.0,0.12487230105649054,2.664382760719441
1.774636875,40.0,0.12468807448228,2.1148902079776284
1.7752549999999998,40.0,0.12453098386763131,1.5331338569484896
1.775873125,40.0,0.12440350319312694,0.9366940720406252
1.7764912499999999,40.0,0.12430857823703804,0.34387199400036467
1.777109375,40.0,0.12424864011775556,-0.22718653065426728
1.7777275,40.0,0.12422587192158088,-0.7591653570393275
1.7783456249999998,40.0,0.12424258469810563,-1.2358848801631264
1.77896375,40.0,0.12430010568088415,-1.6430738364644373
1.7795818749999999,40.0,0.12439919514517109,-1.9685346686684584
1.7802,40.0,0.12454024740595177,-2.2025146167674854
1.780818125,40.0,0.12472241686029047,-2.3381332277077713
1.7814362499999998,40.0,0.12494405486843783,-2.371583414447384
1.782054375,40.0,0.1252027139280469,-2.302240857513699
1.7826724999999999,40.0,0.12549462556067087,-2.1334425492968445
1.783290625,40.0,0.12581524782385795,-1.8719330666111018
1.78390875,40.0,0.12615929001377088,-1.527980998074078
1.7845268749999998,40.0,0.1265205344407481,-1.115500588723263
1.785145,40.0,0.12689250449508047,-0.6507437129224508
1.785763125,40.0,0.1272684546982915,-0.15227856141239995
1.7863812499999998,40.0,0.12764139433216312,0.35993079006767376
1.786999375,40.0,0.1280048164683345,0.8658527776056135
1.7876174999999999,40.0,0.1283526691467936,1.3458963005587734
1.788235625,40.0,0.12867955538843434,1.7821560781590218
1.78885375,40.0,0.1289810363371813,2.1596359741807922
1.7894718749999998,40.0,0.12925375976474324,2.467032712808904
1.79009,40.0,0.12949545176104835,2.6972973010393693
1.7907081249999999,40.0,0.12970454569144185,2.848543241016014
1.79132625,40.0,0.12988062605680942,2.9237921436238827
1.791944375,40.0,0.13002385231313865,2.9304429387267352
1.7925624999999998,40.0,0.1301343041047147,2.8804627000874437
1.793180625,40.0,0.13021254071158334,2.788544476228622
1.7937987499999999,40.0,0.13025870472167086,2.6718891174705512
1.7944168749999998,40.0,0.13027234742662055,2.5488824522164593
1.795035,40.0,0.13025315215394065,2.4375407620941405
1.7956531249999999,40.0,0.13020032541999998,2.354818562955993
1.79627125,40.0,0.1301130833484475,2.3150365903186287
1.796889375,40.0,0.1299912421554379,2.328751491327378
1.7975074999999998,40.0,0.12983482110771702,2.402104760938832
1.798125625,40.0,0.12964470554513843,2.536240657483734
1.7987437499999999,40.0,0.12942290942898158,2.7271619268368488
1.799361875,40.0,0.12917202135644643,2.9662311778260264
1.79998,40.0,0.1288956624786479,3.240708583906558
1.8005981249999998,40.0,0.12859832987268416,3.5345399574652023
1.80121625,40.0,0.12828463155965839,3.829665333711967
1.8018343749999999,40.0,0.12795949090665854,4.1068407053911695
1.8024525,40.0,0.12762788394349428,4.34696043270024
1.803070625,40.0,0.12729440690669788,4.532442308484878
1.8036887499999998,40.0,0.1269632458964427,4.647875561466486
1.804306875,40.0,0.12663819614316363,4.681207451686437
1.804925,40.0,0.1263226231758655,4.6243409894098715
1.8055431249999998,40.0,0.12601928424672304,4.473215148405943
1.80616125,40.0,0.12573076208595957,4.227923133722399
1.8067793749999999,40.0,0.12545961679707263,3.8929298322338175
1.8073975,40.0,0.12520808634663036,3.475721923594773
1.808015625,40.0,0.12497860416547775,2.987531830678667
1.8086337499999998,40.0,0.12477380815354062,2.4421788673118745
1.809251875,40.0,0.12459611402191098,1.8554502768527694
1.8098699999999999,40.0,0.12444830029509465,1.2449689175037046
1.810488125,40.0,0.12433321353582473,0.6291323862867129
1.81110625,40.0,0.12425334044079556,0.02641525321856826
1.8117243749999998,40.0,0.12421151438354563,-0.545015660177528
1.8123425,40.0,0.12421003406679887,-1.0681151897964791
1.8129606249999999,40.0,0.1242504874022448,-1.5274834209204253
1.8135787499999998,40.0,0.1243344894571508,-1.909525899145974
1.814196875,40.0,0.1244624999490468,-2.203037166977878
1.8148149999999998,40.0,0.12463412028353962,-2.399469382093816
1.815433125,40.0,0.12484843797170107,-2.4930291861967966
1.81605125,40.0,0.12510311907283933,-2.481259141935621
1.8166693749999998,40.0,0.12539481453700274,-2.365415926529183
1.8172875,40.0,0.12571926298129302,-2.150021379511065
1.8179056249999999,40.0,0.12607114226500532,-1.8438612383278254
1.81852375,40.0,0.12644432832820826,-1.458910018444305
1.819141875,40.0,0.1268320870341371,-1.010280990212561
1.8197599999999998,40.0,0.12722737418076907,-0.5159633646361715
1.820378125,40.0,0.12762290917394944,0.004565398126076096
1.8209962499999999,40.0,0.12801151606957178,0.5307605793411272
1.821614375,40.0,0.12838655932561585,1.0419705427873434
1.8222325,40.0,0.12874195845151123,1.518795466502583
1.8228506249999998,40.0,0.12907258580199601,1.944053763817779
1.82346875,40.0,0.12937445260499092,2.3036524191943055
1.8240868749999999,40.0,0.12964446579677386,2.587820992894652
1.8247049999999998,40.0,0.12988077333343861,2.791696901454917
1.825323125,40.0,0.1300825970514443,2.915316947168666
1.8259412499999998,40.0,0.13024958642165294,2.963871233699639
1.826559375,40.0,0.13038217812682884,2.9471163601265493
1.8271775,40.0,0.13048102576131038,2.878418196552107
1.8277956249999998,40.0,0.13054618923793548,2.774280561499855
1.82841375,40.0,0.13057781871048246,2.6529225427314564
1.8290318749999999,40.0,0.1305756736642111,2.5330649590787018
1.82965,40.0,0.1305387900251328,2.43316212559826
1.830268125,40.0,0.1304665467583753,2.369397197475391
1.8308862499999998,40.0,0.13035836857480532,2.3549553568517267
1.831504375,40.0,0.1302138270947116,2.398922145717171
1.8321224999999999,40.0,0.13003349888941543,2.505174000959211
1.832740625,40.0,0.12981863431033572,2.672563262968914
1.83335875,40.0,0.12957149014889888,2.8949608379069867
1.8339768749999998,40.0,0.12929542463344545,3.1611981978772805
1.834595,40.0,0.12899448941350364,3.4567922519256866
1.835213125,40.0,0.12867350785451662,3.764128871743412
1.8358312499999998,40.0,0.12833757607324114,4.063722115946497
1.836449375,40.0,0.12799193371116194,4.3359609126051435
1.8370674999999999,40.0,0.12764169299858058,4.561570218493184
1.837685625,40.0,0.12729156757788676,4.723350888139555
1.83830375,40.0,0.12694603514272568,4.807018576810088
1.8389218749999998,40.0,0.12660877780606639,4.802000060544087
1.83954,40.0,0.12628306171018416,4.701651074274661
1.8401581249999999,40.0,0.12597198288302214,4.504045775999137
1.84077625,40.0,0.12567795710119256,4.2111244313150475
1.841394375,40.0,0.125403456730024,3.828663930013412
1.8420124999999998,40.0,0.12515117827884364,3.3664248554407794
1.842630625,40.0,0.1249234395985834,2.8366969753925426
1.8432487499999999,40.0,0.12472277222641581,2.2544981525889387
1.8438668749999998,40.0,0.12455210191658855,1.6370528410890302
1.844485,40.0,0.12441401996579281,1.002387457744373
1.8451031249999998,40.0,0.12431136062131704,0.36954958229740237
1.84572125,40.0,0.12424711360765467,-0.24274137342331292
1.846339375,40.0,0.1242236559553407,-0.8164041662122282
1.8469574999999998,40.0,0.12424332980573265,-1.334696348009306
1.847575625,40.0,0.12430792360585093,-1.7824831499066534
1.8481937499999999,40.0,0.12441832458371441,-2.1467807767765157
1.848811875,40.0,0.12457500452282691,-2.417024194237677
1.84943,40.0,0.12477730838361402,-2.5851198778251767
1.8500481249999998,40.0,0.12502347288884552,-2.646374189223911
1.85066625,40.0,0.12531080895337096,-2.5991770019282665
1.8512843749999999,40.0,0.12563530303435463,-2.445779972245337
1.8519025,40.0,0.12599185694808557,-2.192236074149796
1.852520625,40.0,0.12637445199599046,-1.848390214888102
1.8531387499999998,40.0,0.12677637885557733,-1.4275396460230256
1.853756875,40.0,0.1271903114030801,-0.9463638761781706
1.8543749999999999,40.0,0.1276084928925855,-0.42359254690459414
1.8549931249999998,40.0,0.12802341666704237,0.12005790619452926
1.85561125,40.0,0.12842768551064776,0.6631155717076241
1.8562293749999998,40.0,0.12881430487692114,1.1847091386722701
1.8568475,40.0,0.1291775344303104,1.665045786070726
1.857465625,40.0,0.12951239879494827,2.08707189809072
1.8580837499999998,40.0,0.12981495058371365,2.437592339520436
1.858701875,40.0,0.13008283016793565,2.707727189170209
1.8593199999999999,40.0,0.13031443950361793,2.893998682746598
1.859938125,40.0,0.13050921840728175,2.998148060634431
1.86055625,40.0,0.13066760628863044,3.026898642515671
1.8611743749999998,40.0,0.13079003318977134,2.99168128976367
1.8617925,40.0,0.13087716958042997,2.9073795181471644
1.8624106249999999,40.0,0.13092952238454564,2.7917336183821795
1.86302875,40.0,0.13094681700421945,2.663965550787128
1.863646875,40.0,0.13092863900581528,2.5436676468518606
1.8642649999999998,40.0,0.13087433074253602,2.449306320521099
1.864883125,40.0,0.13078288730161047,2.397150470089304
1.8655012499999999,40.0,0.13065372017747678,2.39959033254127
1.8661193749999998,40.0,0.1304868020982551,2.464403963419328
1.8667375,40.0,0.1302826862051751,2.594406813580917
1.8673556249999999,40.0,0.13004299370198386,2.7863804773406518
1.86797375,40.0,0.1297705031893791,3.032486369241708
1.868591875,40.0,0.1294689796330936,3.3201874883897737
1.8692099999999998,40.0,0.12914295672271187,3.632962028855216
1.869828125,40.0,0.12879766536589604,3.952044772932579
1.8704462499999999,40.0,0.12843872624142816,4.257072627524768
1.871064375,40.0,0.12807155587389046,4.527403127410796
1.8716825,40.0,0.12770160216370616,4.743800244538503
1.8723006249999998,40.0,0.12733398315116345,4.889284061049556
1.87291875,40.0,0.12697297723788276,4.950080622790684
1.8735368749999999,40.0,0.12662261248403175,4.916635388668234
1.8741549999999998,40.0,0.1262862392351889,4.783671537268554
1.874773125,40.0,0.1259665694161293,4.550272054533702
1.8753912499999998,40.0,0.12566651577488513,4.219737962834138
1.876009375,40.0,0.12538848653320323,3.799459868684957
1.8766275,40.0,0.12513484257357202,3.2998684179650724
1.8772456249999998,40.0,0.12490843236787035,2.7347188519395114
1.87786375,40.0,0.12471167466546224,2.1201658210508936
1.8784818749999999,40.0,0.1245472534164772,1.4739104498196904
1.8791,40.0,0.12441826458891884,0.8150960026863081
1.879718125,40.0,0.12432746445578557,0.1631378746634112
1.8803362499999998,40.0,0.1242776838401844,-0.4630221042397604
1.880954375,40.0,0.12427163514165672,-1.0449394776359417
1.8815724999999999,40.0,0.12431143755644283,-1.5659157718334726
1.882190625,40.0,0.12439865827030872,-2.0109402947876847
1.88280875,40.0,0.124534240573705,-2.366966217161667
1.8834268749999998,40.0,0.12471825137891487,-2.6236632186963353
1.884045,40.0,0.12494967375172793,-2.7733182543245167
1.8846631249999999,40.0,0.12522639322611973,-2.8114221462154276
1.8852812499999998,40.0,0.12554503799026548,-2.737109107520726
1.885899375,40.0,0.1259009717600692,-2.553342086935435
1.8865174999999998,40.0,0.12628845180208897,-2.26705242650025
1.887135625,40.0,0.12670084891750774,-1.889143176383076
1.88775375,40.0,0.12713069239890212,-1.4341936905434076
1.8883718749999998,40.0,0.12757009005240955,-0.9198031393688049
1.88899,40.0,0.12801100388494424,-0.36620280212196094
1.8896081249999999,40.0,0.12844514464490153,0.20473064319504952
1.89022625,40.0,0.12886499984456237,0.770678551923254
1.890844375,40.0,0.12926373425642837,1.3094389255271397
1.8914624999999998,40.0,0.12963509941490525,1.800874303037202
1.892080625,40.0,0.12997458647554144,2.2275563172500825
1.8926987499999999,40.0,0.13027864802149333,2.5763573728717017
1.893316875,40.0,0.13054474911492803,2.839108659119112
1.893935,40.0,0.13077208036172017,3.013053366069138
1.8945531249999998,40.0,0.13096049591076683,3.101324986449469
1.89517125,40.0,0.1311104908637864,3.111909016279393
1.8957893749999999,40.0,0.131223129290113,3.057645920491444
1.8964074999999998,40.0,0.131299151513732,2.95507312835539
1.897025625,40.0,0.13133893698367502,2.8231798316337864
1.8976437499999999,40.0,0.13134245492243207,2.6826039340969072
1.898261875,40.0,0.13130907791708943,2.5540325904625485
1.89888,40.0,0.13123792863010084,2.456647877355813
1.8994981249999998,40.0,0.1311281196778566,2.40703405792247
1.90011625,40.0,0.13097894934497537,2.417587075727714
1.9007343749999999,40.0,0.13079032051928274,2.4955052817834984
1.9013525,40.0,0.13056303174866343,2.642442857087711
1.901970625,40.0,0.13029904494887656,2.8543395201001105
1.9025887499999998,40.0,0.13000138113346824,3.121701862967503
1.903206875,40.0,0.12967424975214392,3.430421380207015
1.9038249999999999,40.0,0.12932286419106376,3.7627278695921813
1.9044431249999998,40.0,0.1289527020522236,4.098208646339684
1.90506125,40.0,0.12856976494545644,4.415160629149467
1.9056793749999998,40.0,0.1281802250903524,4.692257818442461
1.9062975,40.0,0.1277895856980123,4.909423573309352
1.906915625,40.0,0.1274031787633295,5.049399810393405
1.9075337499999998,40.0,0.12702584846613618,5.098861405870213
1.908151875,40.0,0.1266613121942204,5.048398329234458
1.9087699999999999,40.0,0.12631302118911958,4.893507527531065
1.909388125,40.0,0.12598403292727728,4.63419205987762
1.91000625,40.0,0.12567676595065508,4.274645792047424
1.9106243749999998,40.0,0.12539391974657355,3.823019578832005
1.9112425,40.0,0.12513801574897995,3.291024880552383
1.9118606249999999,40.0,0.12491140920189948,2.693361969010781
1.91247875,40.0,0.12471694410356018,2.04689008945856
1.913096875,40.0,0.12455730326508765,1.3707215762572242
1.9137149999999998,40.0,0.12443536469283502,0.6844457688487144
1.914333125,40.0,0.12435427435661217,0.008204151610656296
1.9149512499999999,40.0,0.12431683327331254,-0.6381904744876871
1.9155693749999998,40.0,0.1243256568077381,-1.2362312517214307
1.9161875,40.0,0.12438290563177944,-1.768571557365205
1.9168056249999998,40.0,0.12449016073311708,-2.219906910446551
1.91742375,40.0,0.12464817478475347,-2.577061144671642
1.918041875,40.0,0.1248567279895546,-2.829351290566517
1.9186599999999998,40.0,0.12511473604026827,-2.969049818089036
1.919278125,40.0,0.1254195576362564,-2.9916983787008418
1.9198962499999999,40.0,0.12576719367664613,-2.896745385677878
1.920514375,40.0,0.12615265911644297,-2.6875722205879504
1.9211325,40.0,0.12656947283563783,-2.371912148271086
1.9217506249999998,40.0,0.12701028465500735,-1.9615982536770502
1.92236875,40.0,0.12746727615612047,-1.4722125832277404
1.9229868749999999,40.0,0.1279317869820884,-0.9228367432388215
1.923605,40.0,0.12839512922817517,-0.335061443008682
1.924223125,40.0,0.12884895253393086,0.2679164828885915
1.9248412499999998,40.0,0.12928508359674812,0.8619688574034388
1.925459375,40.0,0.1296964995995592,1.4238140137901623
1.9260774999999999,40.0,0.13007731496760677,1.9321559732991371
1.9266956249999998,40.0,0.13042257756969827,2.368713351122168
1.92731375,40.0,0.13072906442293977,2.7201844530128403
1.9279318749999999,40.0,0.1309948489230281,2.978564981315494
1.92855,40.0,0.13121900643976772,3.141743160895949
1.929168125,40.0,0.13140204066713282,3.2137434846817436
1.9297862499999998,40.0,0.13154503160768594,3.204076187725925
1.930404375,40.0,0.13164906804955348,3.1269572588747168
1.9310224999999999,40.0,0.13171527189649576,3.000584757716811
1.931640625,40.0,0.1317441501379527,2.8458773383799527
1.93225875,40.0,0.13173554955282724,2.6850354667749876
1.9328768749999998,40.0,0.13168878087771138,2.540196774096898
1.933495,40.0,0.1316028447455898,2.432140300652411
1.9341131249999999,40.0,0.13147670920030124,2.3780095313174834
1.9347312499999998,40.0,0.13130941038074564,2.3906746790754467
1.935349375,40.0,0.13110091673334087,2.477322887148246
1.9359674999999998,40.0,0.13085212616945702,2.6388766091818483
1.936585625,40.0,0.13056499026305893,2.870389085886327
1.93720375,40.0,0.13024315258473831,3.1610006952095273
1.9378218749999998,40.0,0.12989113834560834,3.495149026611465
1.93844,40.0,0.12951440640526868,3.8532615549068634
1.9390581249999999,40.0,0.12911932403269502,4.213237317671301
1.93967625,40.0,0.1287121384450684,4.55185651049899
1.940294375,40.0,0.12829929775521817,4.846196513115747
1.9409124999999998,40.0,0.12788715507025655,5.075275143053228
1.941530625,40.0,0.1274810863840089,5.2211824649336895
1.9421487499999999,40.0,0.1270859465984175,5.270023468232131
1.942766875,40.0,0.12670599531354973,5.212727595037867
1.943385,40.0,0.1263444265502811,5.044995253897337
1.9440031249999998,40.0,0.12600417948972897,4.767310462921493
1.94462125,40.0,0.1256880812018448,4.384631400928107
1.9452393749999999,40.0,0.12539848189971664,3.906011411571712
1.9458574999999998,40.0,0.12513787966443454,3.343993720618551
1.946475625,40.0,0.1249088617863512,2.7142115911769014
1.9470937499999998,40.0,0.12471398215473613,2.0349739225121763
1.947711875,40.0,0.12455609332796391,1.3259164062234619
1.94833,40.0,0.1244381951492095,0.6079344631407213
1.9489481249999998,40.0,0.1243634078221407,-0.09787847713884745
1.94956625,40.0,0.12433468769730704,-0.7712195744132103
1.9501843749999999,40.0,0.12435467247530925,-1.3925522408765754
1.9508025,40.0,0.12442559913247181,-1.9440000875504064
1.951420625,40.0,0.12454890711576551,-2.4097737288532874
1.9520387499999998,40.0,0.1247254305237334,-2.776037108564563
1.952656875,40.0,0.12495498166426389,-3.0316669759218167
1.9532749999999999,40.0,0.1252359196257995,-3.1687250733142287
1.953893125,40.0,0.12556557546236038,-3.18244607811808
1.95451125,40.0,0.1259395961821012,-3.072411181002569
1.9551293749999998,40.0,0.1263520746026586,-2.8423887451386505
1.9557475,40.0,0.1267964211444345,-2.5005819322377785
1.9563656249999999,40.0,0.1272646529510586,-2.059778022056838
1.9569837499999998,40.0,0.1277479987960331,-1.5367463269438193
1.957601875,40.0,0.12823764947617058,-0.9518465094643872
1.9582199999999998,40.0,0.12872418439542524,-0.32827024950935424
1.958838125,40.0,0.12919852603025564,0.3088824963662267
1.95945625,40.0,0.12965250223002822,0.934048406774335
1.9600743749999998,40.0,0.13007861028501166,1.522119611125605
1.9606925,40.0,0.13047071740323776,2.050164315954945
1.9613106249999999,40.0,0.13082414950849086,2.499335138488608
1.96192875,40.0,0.1311355343843939,2.8553086278069486
1.962546875,40.0,0.13140314726438118,3.1101681578705103
1.9631649999999998,40.0,0.13162666941878623,3.2624709442377586
1.963783125,40.0,0.13180684436197468,3.316915349511097
1.9644012499999999,40.0,0.1319451743920798,3.284478413745793
1.9650193749999998,40.0,0.13204329943222926,3.1810850984091634
1.9656375,40.0,0.13210248307742856,3.026781372323606
1.9662556249999998,40.0,0.13212329522922572,2.8443021991111457
1.96687375,40.0,0.13210565116215797,2.6581680989686816
1.967491875,40.0,0.13204879433845332,2.492258296202958
1.9681099999999998,40.0,0.13195135499643948,2.3688699774399384
1.968728125,40.0,0.13181209231958968,2.306672758504721
1.9693462499999999,40.0,0.13163002808261592,2.3190119920653727
1.969964375,40.0,0.13140463833236193,2.4132876550691695
1.9705825,40.0,0.1311369110369085,2.5901499227123925
1.9712006249999998,40.0,0.13082919560616105,2.8435253253736583
1.97181875,40.0,0.13048498650044094,3.1615274916748364
1.9724368749999999,40.0,0.13010945068245125,3.5267404128673703
1.973055,40.0,0.12970860634073728,3.9176899614390197
1.973673125,40.0,0.1292888724459982,4.310508929932922
1.9742912499999998,40.0,0.1288574091312955,4.679757271368499
1.974909375,40.0,0.12842107983597373,5.000935542367841
1.9755274999999999,40.0,0.12798636856573767,5.251643317605945
1.9761456249999998,40.0,0.12755941373504265,5.412767905848306
1.97676375,40.0,0.12714510952066507,5.469966980989911
1.9773818749999998,40.0,0.12674765369324123,5.413914868310601
1.978,40.0,0.12637062108954583,5.240226848048944
1.978618125,40.0,0.12601683544614206,4.950098019721555
1.9792362499999998,40.0,0.1256890133271352,4.548876880127636
1.979854375,40.0,0.12538969687429005,4.046361455448335
1.9804724999999999,40.0,0.12512134168341738,3.4561849630953647
1.981090625,40.0,0.12488635952850055,2.7949614948236388
1.98170875,40.0,0.1246873801539854,2.0819384039644264
1.9823268749999998,40.0,0.12452740164197776,1.338126379494006
1.982945,40.0,0.12440936895622921,0.5854595570450604
1.9835631249999999,40.0,0.12433651972870309,-0.15422056719432692
1.98418125,40.0,0.12431205467548577,-0.8592197115690446
1.984799375,40.0,0.12433855596958195,-1.5095114457124656
1.9854174999999998,40.0,0.12441829765194522,-2.0864293343905844
1.986035625,40.0,0.12455303872888525,-2.573185766747337
1.9866537499999999,40.0,0.12474346741381763,-2.9556380541390004
1.9872718749999998,40.0,0.12498937956940948,-3.22192846477925
1.98789,40.0,0.12528939232668868,-3.3634780502607855
1.9885081249999998,40.0,0.1256402231134222,-3.375471860661974
1.98912625,40.0,0.12603733836224357,-3.257162057782699
1.989744375,40.0,0.12647473307071344,-3.012495023309327
1.9903624999999998,40.0,0.12694480229106836,-2.6502379885030427
1.990980625,40.0,0.12743942117709037,-2.1837603871775575
1.9915987499999999,40.0,0.12794934907868882,-1.630945397861651
1.992216875,40.0,0.12846467077633025,-1.0134970825480278
1.992835,40.0,0.12897576127951949,-0.35614822293140963
1.9934531249999998,40.0,0.1294729315543835,0.31439794588153425
1.99407125,40.0,0.12994728300358588,0.970468747495203
1.9946893749999999,40.0,0.13039118414200676,1.5854077967332958
1.9953074999999998,40.0,0.13079820426027766,2.1347407587115668
1.995925625,40.0,0.1311634173983103,2.5979791779469266
1.9965437499999998,40.0,0.13148351902479058,2.9604532316396006
1.997161875,40.0,0.1317569640951165,3.213787524749805
1.99778,40.0,0.13198369349844558,3.356707377713075
1.9983981249999998,40.0,0.13216486958287468,3.395103496960127
1.99901625,40.0,0.13230254346318926,3.3408813642845088
1.9996343749999999,40.0,0.13239869794780754,3.211618014159841
2.0002524999999998,40.0,0.13245481032712025,3.0293908849305153
