time_s,airspeed_mps,tip_bending_m,tip_twist_deg
0.0,45.0,0.0,0.0
0.0005494444444444444,45.0,2.0189494139205766e-7,7.503196193016804e-5
0.0010988888888888888,45.0,9.617162463585718e-7,0.0005614562686904461
0.0016483333333333332,45.0,2.4228157975938577e-6,0.0021119855397725884
0.0021977777777777777,45.0,4.613255124973056e-6,0.00539247667947715
0.002747222222222222,45.0,7.604862616258267e-6,0.010946064882317174
0.0032966666666666665,45.0,1.1494542818400247e-5,0.019233998736856304
0.003846111111111111,45.0,1.64185245933831e-5,0.030575606072845637
0.004395555555555555,45.0,2.2441145456716348e-5,0.04496172286137045
0.004945,45.0,2.9330860015236877e-5,0.06183868836005115
0.005494444444444444,45.0,3.659656942242531e-5,0.08015544133063725
0.006043888888888889,45.0,4.405338295637842e-5,0.09876676999958293
0.006593333333333333,45.0,5.211415467529533e-5,0.11689839364393381
0.007142777777777777,45.0,6.124617258421145e-5,0.13416437050294136
0.007692222222222222,45.0,7.166836439919665e-5,0.15034640823889342
0.008241666666666666,45.0,8.368535354237593e-5,0.16535076737249843
0.00879111111111111,45.0,9.768885367868942e-5,0.1794897693651093
0.009340555555555555,45.0,0.0001139990931193418,0.1933136150498875
0.00989,45.0,0.00013286876122997867,0.20710866833042116
0.010439444444444444,45.0,0.00015434757929192846,0.2208023080696298
0.010988888888888888,45.0,0.0001783856161903185,0.23390934412654535
0.011538333333333333,45.0,0.00020508144657650616,0.24572670916080017
0.012087777777777777,45.0,0.00023461344883485895,0.2556121349442357
0.012637222222222222,45.0,0.00026708214218688225,0.26288310288672123
0.013186666666666666,45.0,0.0003025021838314115,0.2668655096165335
0.01373611111111111,45.0,0.00034099608474610985,0.2672635723119814
0.014285555555555555,45.0,0.00038297178300793113,0.26442978990666055
0.014835,45.0,0.0004289657125295236,0.2591111048703978
0.015384444444444444,45.0,0.0004791970441944281,0.2519634222410303
0.015933888888888886,45.0,0.0005333809969177073,0.24348397850112363
0.016483333333333332,45.0,0.0005911750629020034,0.23410678110714853
0.01703277777777778,45.0,0.0006525221606959074,0.22413895815479326
0.01758222222222222,45.0,0.0007173666775781971,0.2136088715491715
0.018131666666666664,45.0,0.0007854935221911667,0.20222847373080263
0.01868111111111111,45.0,0.0008568242071431852,0.18950159742933445
0.019230555555555556,45.0,0.0009315002014367487,0.1751136258336864
0.01978,45.0,0.0010097142148118184,0.1592392468659826
0.02032944444444444,45.0,0.0010916910868320193,0.14230113734985422
0.020878888888888888,45.0,0.001177550369650809,0.12479836693846254
0.021428333333333334,45.0,0.001267203995559029,0.1074683745902152
0.021977777777777777,45.0,0.0013606425766251851,0.09124288872809809
0.02252722222222222,45.0,0.0014579553833998942,0.07693792819376749
0.023076666666666665,45.0,0.0015589804238327499,0.06499700021521002
0.02362611111111111,45.0,0.0016632664497896236,0.05537401356219707
0.024175555555555554,45.0,0.0017703007752778706,0.04776315828438723
0.024724999999999997,45.0,0.0018798148659198667,0.041895534448052746
0.025274444444444443,45.0,0.0019919423022699916,0.03754814063655172
0.02582388888888889,45.0,0.002106814102996266,0.034412052651959034
0.026373333333333332,45.0,0.0022242445085929956,0.03219848788886917
0.026922777777777775,45.0,0.0023440292765105103,0.031016167503826284
0.02747222222222222,45.0,0.0024660877628077476,0.03141860293319295
0.028021666666666667,45.0,0.002590196683043697,0.03392154519487423
0.02857111111111111,45.0,0.0027158630074595918,0.03881766609733788
0.029120555555555552,45.0,0.002842560042276136,0.046234987337303725
0.02967,45.0,0.002969898029544809,0.05603503237017999
0.030219444444444445,45.0,0.0030975721837184877,0.0678980846879805
0.030768888888888887,45.0,0.0032254254414719767,0.08123999303579656
0.03131833333333333,45.0,0.0033533374964585644,0.09520646475159893
0.03186777777777777,45.0,0.003481057886706429,0.1090018369965588
0.03241722222222222,45.0,0.0036085215449162492,0.12220472540280963
0.032966666666666665,45.0,0.0037360167255971874,0.1347501625324748
0.03351611111111111,45.0,0.0038637860303772347,0.14660422246014254
0.03406555555555556,45.0,0.003991728982020346,0.15773127541966656
0.034615,45.0,0.004119504498814094,0.16829397239956345
0.03516444444444444,45.0,0.004246765636452084,0.1785933634232595
0.035713888888888885,45.0,0.004373359312938961,0.18872519303513038
0.03626333333333333,45.0,0.0044992310253007565,0.1984078943922273
0.03681277777777778,45.0,0.004624187927143802,0.20703850654468572
0.03736222222222222,45.0,0.004748153375397707,0.21398818288943525
0.03791166666666666,45.0,0.0048713915648052105,0.2188194521440255
0.03846111111111111,45.0,0.004994149046099846,0.22122312224172544
0.039010555555555555,45.0,0.005116483569224504,0.22090180784502722
0.03956,45.0,0.00523839250576013,0.2178577390031
0.04010944444444444,45.0,0.005359810077277063,0.21254595330683143
0.04065888888888888,45.0,0.005480682356782403,0.20555246083933784
0.04120833333333333,45.0,0.005601065877227245,0.19736431574745433
0.041757777777777776,45.0,0.005720953086215876,0.18827241843001177
0.04230722222222222,45.0,0.005840105086339802,0.17843945095863956
0.04285666666666667,45.0,0.005958327582731559,0.1679763427930803
0.04340611111111111,45.0,0.006075857051090341,0.15693038645351562
0.04395555555555555,45.0,0.0061931911279834075,0.14512696525091354
0.044504999999999996,45.0,0.0063107195224595325,0.1322355748430155
0.04505444444444444,45.0,0.006428740684197518,0.1181590864598169
0.04560388888888889,45.0,0.006547532911597642,0.10331062281986787
0.04615333333333333,45.0,0.00666735712508138,0.08829294365231154
0.046702777777777774,45.0,0.006788392506625892,0.07359212030652118
0.04725222222222222,45.0,0.006910542050378114,0.05975868275174232
0.047801666666666666,45.0,0.007033640721240688,0.04740922559224622
0.04835111111111111,45.0,0.007157788444251283,0.03702578648499914
0.04890055555555555,45.0,0.007283176527570556,0.028816883238259813
0.049449999999999994,45.0,0.007409937420161192,0.022618918307204108
0.049999444444444444,45.0,0.007538213499199322,0.018124976500415613
0.050548888888888886,45.0,0.007668080437720237,0.01514399819670113
0.05109833333333333,45.0,0.007799592767516111,0.01358674666811821
0.05164777777777778,45.0,0.007933004118939666,0.013359237036883912
0.05219722222222222,45.0,0.008068539457949648,0.014324172565986186
0.052746666666666664,45.0,0.008206009315275518,0.016643610541004855
0.05329611111111111,45.0,0.008345023911852677,0.02073783297589545
0.05384555555555555,45.0,0.008485329300187059,0.026993494800249686
0.054395,45.0,0.008626787288349076,0.035537059837157756
0.05494444444444444,45.0,0.008769256094039389,0.04615944181535611
0.055493888888888884,45.0,0.008912611990414081,0.058490195876593015
0.056043333333333334,45.0,0.009056903162348721,0.07215232807102134
0.05659277777777778,45.0,0.009202344266517903,0.08671264534358922
0.05714222222222222,45.0,0.009349133308179495,0.10150087625040986
0.05769166666666666,45.0,0.009497263215224238,0.11588671715702938
0.058241111111111105,45.0,0.009646509028752212,0.1296614862176297
0.058790555555555554,45.0,0.00979666795824056,0.142881721110821
0.05934,45.0,0.009947594497083349,0.1555433169761276
0.05988944444444444,45.0,0.010099072871144341,0.1676210923767726
0.06043888888888889,45.0,0.010250880195075314,0.1791473787437786
0.06098833333333333,45.0,0.010402694456122616,0.1901785991720918
0.061537777777777775,45.0,0.010554113694237602,0.20062713560301326
0.06208722222222222,45.0,0.010705065845770087,0.21014145484808472
0.06263666666666666,45.0,0.010855717158762358,0.21811861705349012
0.06318611111111111,45.0,0.011006006507913151,0.22398384946342734
0.06373555555555555,45.0,0.011155739106785278,0.22749375781923606
0.064285,45.0,0.011304799668320386,0.22862525866829725
0.06483444444444444,45.0,0.011453007015331746,0.22736108105118064
0.06538388888888888,45.0,0.011600008317955404,0.2237833425730465
0.06593333333333333,45.0,0.011745361860337455,0.21827438352077272
0.06648277777777778,45.0,0.011888694259126706,0.21133599714543516
0.06703222222222222,45.0,0.012029851913954892,0.2033870367256805
0.06758166666666666,45.0,0.012168898729825649,0.19455825336354204
0.06813111111111111,45.0,0.012305922111997993,0.18478645023033638
0.06868055555555555,45.0,0.012440936740464361,0.17407582042720837
0.06923,45.0,0.01257397403033296,0.16245486734317652
0.06977944444444444,45.0,0.012705124551732042,0.14987142762695496
0.07032888888888889,45.0,0.012834539487783962,0.13619065780644035
0.07087833333333333,45.0,0.012962355446914545,0.12156621546932365
0.07142777777777777,45.0,0.013088505552674613,0.10656204569006436
0.07197722222222222,45.0,0.013212703809639835,0.09181481424010624
0.07252666666666666,45.0,0.013334777032297653,0.07784328219973947
0.0730761111111111,45.0,0.013454807156556763,0.06505663056126644
0.07362555555555556,45.0,0.013572784997330264,0.05373653955074427
0.07417499999999999,45.0,0.013688660452104196,0.04411127424198123
0.07472444444444444,45.0,0.013802683244417368,0.036276984335866985
0.07527388888888889,45.0,0.013915170691172672,0.030067056028560784
0.07582333333333333,45.0,0.014026289401266807,0.02513882443168771
0.07637277777777778,45.0,0.014136092741394721,0.02133916570305278
0.07692222222222223,45.0,0.014244459303889736,0.01882961636119482
0.07747166666666666,45.0,0.014351237240662226,0.017781429232318253
0.07802111111111111,45.0,0.014456429814059557,0.018304219799401302
0.07857055555555555,45.0,0.014560096117565346,0.020600223868034864
0.07912,45.0,0.014662247904906773,0.024993866393015627
0.07966944444444445,45.0,0.01476287601212333,0.03168269424490889
0.08021888888888888,45.0,0.01486203345012608,0.040557648328104705
0.08076833333333333,45.0,0.01495996594560276,0.05119593777170792
0.08131777777777777,45.0,0.015057079650564327,0.06307478315754944
0.08186722222222222,45.0,0.01515367498147235,0.0757934903811846
0.08241666666666667,45.0,0.015249838661259672,0.08904330324700842
0.0829661111111111,45.0,0.01534566312187789,0.10243426922592937
0.08351555555555555,45.0,0.015441295335968191,0.11564274380809823
0.084065,45.0,0.015536651529013581,0.12863648486648846
0.08461444444444444,45.0,0.015631462686941662,0.1415575832143085
0.08516388888888889,45.0,0.015725639146012382,0.15453303123985432
0.08571333333333334,45.0,0.01581928008617082,0.16751039058983433
0.08626277777777777,45.0,0.01591251631790092,0.18023630073469638
0.08681222222222222,45.0,0.016005516455083215,0.1923835341651311
0.08736166666666666,45.0,0.016098360271944574,0.20363767012797587
0.0879111111111111,45.0,0.016190951938856963,0.2135916908477475
0.08846055555555556,45.0,0.0162832687666507,0.2217240607139026
0.08900999999999999,45.0,0.016375386539830464,0.2276291432390497
0.08955944444444444,45.0,0.016467232272491462,0.2313596412354968
0.09010888888888888,45.0,0.01655859765469912,0.23316719976455524
0.09065833333333333,45.0,0.016649205027575144,0.23321517136016917
0.09120777777777778,45.0,0.016738845187937387,0.23170443979522826
0.09175722222222221,45.0,0.016827539066063643,0.2288743029159859
0.09230666666666666,45.0,0.01691529727306722,0.22495508212782364
0.09285611111111111,45.0,0.017002051482541768,0.22007276899095443
0.09340555555555555,45.0,0.017087933875321634,0.21411978520335748
0.093955,45.0,0.01717322638152688,0.20683628143218005
0.09450444444444445,45.0,0.017258037305437096,0.19807162458185498
0.09505388888888888,45.0,0.017342211720698726,0.18793624089846084
0.09560333333333333,45.0,0.01742553188039632,0.17667809562081346
0.09615277777777777,45.0,0.017507801263086906,0.164550086824026
0.09670222222222222,45.0,0.0175888458741007,0.1519486938612812
0.09725166666666667,45.0,0.017668614170492293,0.13942582244670138
0.0978011111111111,45.0,0.017747046050541067,0.12752854618286716
0.09835055555555555,45.0,0.017823923156438035,0.11658418252714457
0.09889999999999999,45.0,0.01789911609215711,0.10667241922087944
0.09944944444444444,45.0,0.017972721257912366,0.09771782726858343
0.09999888888888889,45.0,0.01804481301880762,0.08967549786418831
0.10054833333333332,45.0,0.018115324867364793,0.08257960915009382
0.10109777777777777,45.0,0.018184117794480776,0.07632860242329903
0.10164722222222222,45.0,0.018251033801476132,0.07083289964104528
0.10219666666666666,45.0,0.018315971658359177,0.06627621641945619
0.10274611111111111,45.0,0.018378760166373152,0.06306371650725248
0.10329555555555556,45.0,0.018439044747619752,0.06156351217199252
0.10384499999999999,45.0,0.018496636596854965,0.06199009502631315
0.10439444444444444,45.0,0.01855169644827196,0.06439184006208058
0.10494388888888888,45.0,0.018604413970107318,0.06868371584420349
0.10549333333333333,45.0,0.018654906244664513,0.07469113714543388
0.10604277777777778,45.0,0.0187032857144159,0.08209293680303008
0.10659222222222221,45.0,0.01874955198641263,0.0904644417526483
0.10714166666666666,45.0,0.01879369364191293,0.09937304685884507
0.1076911111111111,45.0,0.01883581820776381,0.10864103429221961
0.10824055555555555,45.0,0.018875965843851535,0.11833603163006873
0.10879,45.0,0.018913969598032584,0.12843887630929654
0.10933944444444443,45.0,0.018949645536763777,0.13891813435070777
0.10988888888888888,45.0,0.018983029100347052,0.14982016030585657
0.11043833333333333,45.0,0.0190142195690169,0.16113908541239533
0.11098777777777777,45.0,0.01904321199860706,0.17275737649409095
0.11153722222222222,45.0,0.01907004823305578,0.18430902487438303
0.11208666666666667,45.0,0.019094879227352264,0.1952536250362786
0.1126361111111111,45.0,0.019117942164354647,0.2051190649709224
0.11318555555555555,45.0,0.019139410127870952,0.21363160675014836
0.11373499999999999,45.0,0.019159158950829782,0.22066309526070732
0.11428444444444444,45.0,0.01917697808351091,0.22611535660046927
0.11483388888888889,45.0,0.0191928515368609,0.23003181785160767
0.11538333333333332,45.0,0.019206838883857994,0.23264834450042196
0.11593277777777777,45.0,0.019219013569299667,0.23423030540338496
0.11648222222222221,45.0,0.019229530147082417,0.23488456524752407
0.11703166666666666,45.0,0.01923849613505962,0.23456437236223918
0.11758111111111111,45.0,0.019246010058507665,0.2331476554608443
0.11813055555555554,45.0,0.01925239025551771,0.2304730174390168
0.11868,45.0,0.019257952102650445,0.22645953051132994
0.11922944444444444,45.0,0.019262745939821486,0.22102319257445033
0.11977888888888888,45.0,0.019266783191599652,0.21406860473477043
0.12032833333333333,45.0,0.019270190973341136,0.2057825713030984
0.12087777777777778,45.0,0.019273052764715432,0.1966268160257892
0.12142722222222221,45.0,0.01927527977874053,0.18707875135041163
0.12197666666666666,45.0,0.019276699202850342,0.1774974305338615
0.1225261111111111,45.0,0.01927727258517158,0.16814867834756994
0.12307555555555555,45.0,0.01927717348637742,0.159228251932785
0.123625,45.0,0.019276638093702676,0.1508354290577163
0.12417444444444443,45.0,0.019275771291794256,0.1429457939960179
0.12472388888888888,45.0,0.019274524952421802,0.1354462951780842
0.12527333333333332,45.0,0.019272861895403337,0.1282487039078072
0.12582277777777778,45.0,0.019270768427808005,0.12140946013168231
0.12637222222222222,45.0,0.019268171203719448,0.1152234097334436
0.12692166666666665,45.0,0.01926501043146646,0.10995552446220178
0.1274711111111111,45.0,0.019261148398825045,0.10581599401968435
0.12802055555555555,45.0,0.019256384643355308,0.10312601306648819
0.12857,45.0,0.019250773373778955,0.10215399307564643
0.12911944444444443,45.0,0.019244451677208133,0.10297475984193324
0.1296688888888889,45.0,0.01923733713559346,0.10545975928278485
0.13021833333333332,45.0,0.01922938335278944,0.1092876777543153
0.13076777777777776,45.0,0.019220761268114485,0.11413675098207837
0.13131722222222222,45.0,0.019211641731363485,0.11981224820865563
0.13186666666666666,45.0,0.01920200441638578,0.12618272490620358
0.1324161111111111,45.0,0.019191645570861254,0.13313081334928545
0.13296555555555556,45.0,0.019180287084454378,0.14060823977252643
0.133515,45.0,0.01916775668375499,0.14873966008148076
0.13406444444444443,45.0,0.019154015867714647,0.15765839579345406
0.1346138888888889,45.0,0.019138994553592126,0.16733198824979864
0.13516333333333333,45.0,0.019122590624828305,0.17756065513955302
0.13571277777777777,45.0,0.019104745340583085,0.18806748300779771
0.13626222222222223,45.0,0.019085434873456753,0.19850931138763536
0.13681166666666666,45.0,0.019064674793224014,0.2085162231480704
0.1373611111111111,45.0,0.019042460915797366,0.217740065241718
0.13791055555555554,45.0,0.01901866807756729,0.22583066910730615
0.13846,45.0,0.018993102655883592,0.23263253447086513
0.13900944444444444,45.0,0.01896572924412633,0.2382911124690623
0.13955888888888887,45.0,0.01893660192754074,0.24296260975052145
0.14010833333333333,45.0,0.018905526342673104,0.2467033916648855
0.14065777777777777,45.0,0.01887226512647577,0.24954111870340467
0.1412072222222222,45.0,0.01883690394663788,0.25148936369805003
0.14175666666666667,45.0,0.018799663589493136,0.2525047793399206
0.1423061111111111,45.0,0.018760735913391127,0.25240254303601256
0.14285555555555554,45.0,0.01872029253845234,0.25094829258759666
0.143405,45.0,0.01867837153751644,0.24796291403489165
0.14395444444444444,45.0,0.018634978776378198,0.2434193990123527
0.14450388888888888,45.0,0.018590204252153325,0.23748465903618812
0.1450533333333333,45.0,0.018544071678729606,0.2304179464725577
0.14560277777777778,45.0,0.018496534321423726,0.22244746679225383
0.1461522222222222,45.0,0.018447568604660538,0.21391642234641497
0.14670166666666665,45.0,0.018397198596818612,0.20522443225430428
0.1472511111111111,45.0,0.018345542699300523,0.1965908211294404
0.14780055555555555,45.0,0.018292755794840375,0.1880742154973718
0.14834999999999998,45.0,0.01823888465298665,0.17960735710291797
0.14889944444444445,45.0,0.01818393196899126,0.17113644157616192
0.14944888888888888,45.0,0.0181281017654472,0.16271149964739914
0.14999833333333332,45.0,0.018071686216323497,0.15443391151811361
0.15054777777777778,45.0,0.01801471229442083,0.1464082243905495
0.15109722222222222,45.0,0.01795702906062489,0.13881318566868506
0.15164666666666665,45.0,0.017898601911477494,0.13200350309252193
0.15219611111111112,45.0,0.017839498037882373,0.12639678115629574
0.15274555555555555,45.0,0.017779792439430342,0.12222514262735455
0.153295,45.0,0.01771963697547898,0.11955769510506895
0.15384444444444445,45.0,0.017659198394863827,0.11839443403195606
0.15439388888888889,45.0,0.017598580926818524,0.11867160383995945
0.15494333333333332,45.0,0.01753799006383795,0.12020735271557707
0.15549277777777776,45.0,0.01747763605189783,0.12278749688979236
0.15604222222222222,45.0,0.017417548647820212,0.12623177792461243
0.15659166666666666,45.0,0.017357718106312328,0.1304145862675455
0.1571411111111111,45.0,0.017298137433914958,0.13544553049769162
0.15769055555555556,45.0,0.017238821111658514,0.14147101446242327
0.15824,45.0,0.017179824545197793,0.1485017222755817
0.15878944444444443,45.0,0.01712102862103149,0.1564868836718671
0.1593388888888889,45.0,0.017062216426746955,0.16538744857048004
0.15988833333333333,45.0,0.017003413354472585,0.17510510134039411
0.16043777777777776,45.0,0.01694481082375094,0.1853476974840446
0.16098722222222223,45.0,0.01688647795720558,0.19569752049006464
0.16153666666666666,45.0,0.016828364554754758,0.20575271037694456
0.1620861111111111,45.0,0.016770431572088948,0.21524194478745268
0.16263555555555553,45.0,0.016712616004879895,0.22402127190220156
0.163185,45.0,0.016654792992399876,0.23202764304133575
0.16373444444444443,45.0,0.016596870674203564,0.23918632755352057
0.16428388888888887,45.0,0.01653875987117242,0.2455359735195192
0.16483333333333333,45.0,0.016480326337235597,0.2512216101410059
0.16538277777777777,45.0,0.016421569274039226,0.256253830659562
0.1659322222222222,45.0,0.016362609302003797,0.2604770459747389
0.16648166666666667,45.0,0.016303466656609093,0.26369220367991036
0.1670311111111111,45.0,0.01624409194564625,0.2656838361745692
0.16758055555555554,45.0,0.01618449037258945,0.2663047859489137
0.16813,45.0,0.016124736244093697,0.26546196548158285
0.16867944444444444,45.0,0.0160649323114935,0.2630900945539309
0.16922888888888887,45.0,0.016005036254543643,0.2591993851179725
0.16977833333333334,45.0,0.015944786259556018,0.25398311363043685
0.17032777777777777,45.0,0.0158840111269386,0.24783937967323696
0.1708772222222222,45.0,0.015822729279703532,0.24104433157357644
0.17142666666666667,45.0,0.015760877744254494,0.23373121950653028
0.1719761111111111,45.0,0.015698405500485183,0.2260116872159689
0.17252555555555554,45.0,0.015635384296913517,0.21800864396413647
0.17307499999999998,45.0,0.01557183593087052,0.2097501511118032
0.17362444444444444,45.0,0.015507778348180895,0.2011688769668063
0.17417388888888888,45.0,0.015443267335742153,0.19224615986440707
0.1747233333333333,45.0,0.015378268059862046,0.18305809532144793
0.17527277777777778,45.0,0.015312653798795803,0.17383710317425294
0.1758222222222222,45.0,0.01524637402476001,0.16491185675918818
0.17637166666666665,45.0,0.015179524394859728,0.1565398035821019
0.1769211111111111,45.0,0.015112145869105892,0.14894853979223577
0.17747055555555555,45.0,0.015044164280918515,0.14241238024455222
0.17801999999999998,45.0,0.014975569690889198,0.1371477652330271
0.17856944444444445,45.0,0.014906479152940941,0.1332201269589183
0.17911888888888888,45.0,0.014837119372739604,0.13050059217895235
0.17966833333333332,45.0,0.014767700100748562,0.1288243696374832
0.18021777777777775,45.0,0.01469825762451644,0.1280728255052115
0.18076722222222222,45.0,0.014628802593385906,0.12823088888681328
0.18131666666666665,45.0,0.014559423574900188,0.1293262645196914
0.1818661111111111,45.0,0.014490093944020125,0.13134207764514186
0.18241555555555555,45.0,0.01442072555050111,0.1343217739050875
0.182965,45.0,0.014351340667365228,0.1384501997511283
0.18351444444444442,45.0,0.014281945484400328,0.14382955175145626
0.1840638888888889,45.0,0.014212555739086453,0.1503401412793787
0.18461333333333332,45.0,0.01414334084247934,0.15777784577547474
0.18516277777777776,45.0,0.0140744067008762,0.16591916034592125
0.18571222222222222,45.0,0.014005680522149986,0.17452716130773493
0.18626166666666666,45.0,0.013937178397119568,0.1833007585619446
0.1868111111111111,45.0,0.013869051316516227,0.1919470764529754
0.18736055555555556,45.0,0.013801388543491276,0.20023358928400334
0.18791,45.0,0.01373415870902886,0.20805160419945182
0.18845944444444443,45.0,0.013667259780693261,0.21545908231191535
0.1890088888888889,45.0,0.013600651663714068,0.22254564119034762
0.18955833333333333,45.0,0.013534404758714782,0.22923903434589202
0.19010777777777776,45.0,0.013468614514392215,0.23544696223658035
0.1906572222222222,45.0,0.01340336420957871,0.2411097947067051
0.19120666666666666,45.0,0.01333874547396662,0.246095851813683
0.1917561111111111,45.0,0.013274916103690328,0.25018103658991875
0.19230555555555554,45.0,0.013211992050376495,0.25308233336984387
0.192855,45.0,0.013149965419319535,0.25463210861515256
0.19340444444444443,45.0,0.013088836305829427,0.25478877866248856
0.19395388888888887,45.0,0.013028532602289781,0.25364692513649884
0.19450333333333333,45.0,0.012968939573420178,0.2513024349762941
0.19505277777777777,45.0,0.012910132309566958,0.24785303992397725
0.1956022222222222,45.0,0.012852168994316274,0.24353445267566268
0.19615166666666667,45.0,0.01279489461254792,0.23860509329996835
0.1967011111111111,45.0,0.012738216373645266,0.23320181121852587
0.19725055555555554,45.0,0.012682228650622053,0.22730306027060676
0.19779999999999998,45.0,0.012627021387089078,0.22086971208942585
0.19834944444444444,45.0,0.012572620768104802,0.21388847084202203
0.19889888888888888,45.0,0.012519006000686261,0.20637513142665742
0.1994483333333333,45.0,0.012466104925966563,0.19842962115969703
0.19999777777777777,45.0,0.012413873105955259,0.19017482340893765
0.2005472222222222,45.0,0.012362268658561076,0.18174670302831103
0.20109666666666665,45.0,0.012311189412586562,0.17346816111582525
0.2016461111111111,45.0,0.012260575387947713,0.16570826484336995
0.20219555555555555,45.0,0.012210460277721739,0.15868738363679552
0.20274499999999998,45.0,0.012160914933235841,0.15250828869295308
0.20329444444444444,45.0,0.012112032708183708,0.1472517824026003
0.20384388888888888,45.0,0.012063877589567512,0.14297735989960011
0.20439333333333332,45.0,0.01201639757320743,0.13964105206784067
0.20494277777777778,45.0,0.011969504046350754,0.13710814253369447
0.20549222222222222,45.0,0.011923250017273969,0.13527782653121062
0.20604166666666665,45.0,0.011877717620933882,0.13415046081427467
0.20659111111111111,45.0,0.01183275494178509,0.13381838947473357
0.20714055555555555,45.0,0.011788157743696775,0.1344501566021104
0.20768999999999999,45.0,0.011743905203789108,0.1360987321943383
0.20823944444444442,45.0,0.01169996791753306,0.1387897404945001
0.20878888888888888,45.0,0.011656299719397033,0.14258960330877493
0.20933833333333332,45.0,0.011612932808138207,0.14744950912024357
0.20988777777777776,45.0,0.011569857643142398,0.15319984733808126
0.21043722222222222,45.0,0.011527094849584665,0.15957294240714873
0.21098666666666666,45.0,0.011484703572353806,0.16627601477767104
0.2115361111111111,45.0,0.011442626921428544,0.17308148545279375
0.21208555555555555,45.0,0.011400753229840282,0.17984856283939105
0.212635,45.0,0.011359007677378593,0.1864762578910363
0.21318444444444443,45.0,0.011317365271226296,0.19285085241391942
0.2137338888888889,45.0,0.011275892241980454,0.19896586154130638
0.21428333333333333,45.0,0.011234691906542499,0.2049211264146982
0.21483277777777776,45.0,0.011193746869999036,0.21072832727341603
0.2153822222222222,45.0,0.011153001556479851,0.2162571043898614
0.21593166666666666,45.0,0.011112594067807525,0.2213058029088654
0.2164811111111111,45.0,0.011072722359914253,0.22573020973399338
0.21703055555555553,45.0,0.01103341105336707,0.22933342321556074
0.21758,45.0,0.010994618651096626,0.23192561480286367
0.21812944444444443,45.0,0.010956382437760027,0.2333804884904484
0.21867888888888887,45.0,0.010918713696314608,0.23360920415149988
0.21922833333333333,45.0,0.010881543382407528,0.2326759851009454
0.21977777777777777,45.0,0.010844852139314793,0.23077857184394662
0.2203272222222222,45.0,0.010808635973570783,0.2280830355072613
0.22087666666666667,45.0,0.010772897715560151,0.22469588272907115
0.2214261111111111,45.0,0.01073778434718416,0.22072707951284834
0.22197555555555554,45.0,0.010703436211272732,0.21626253603072476
0.222525,45.0,0.010669843910431846,0.21134146478216345
0.22307444444444444,45.0,0.010636988927117433,0.2058919235214903
0.22362388888888887,45.0,0.010604871947413639,0.19984348848298825
0.22417333333333334,45.0,0.010573542091493682,0.1932249869352339
0.22472277777777777,45.0,0.010543124453722201,0.18613949998768023
0.2252722222222222,45.0,0.010513597117281484,0.17878942991422075
0.22582166666666664,45.0,0.0104848497185142,0.1713844386285463
0.2263711111111111,45.0,0.01045696146474299,0.16410439662486748
0.22692055555555554,45.0,0.01043007984004287,0.15724847737322603
0.22746999999999998,45.0,0.010404244486004278,0.15107777861086996
0.22801944444444444,45.0,0.01037948625596263,0.14568500253722233
0.22856888888888888,45.0,0.010355915784432486,0.14108718011407925
0.2291183333333333,45.0,0.010333625362959096,0.1372430282767284
0.22966777777777778,45.0,0.010312620333778411,0.13409811174714156
0.2302172222222222,45.0,0.010292881928315723,0.1316084331119244
0.23076666666666665,45.0,0.010274314969173836,0.1297633448287595
0.2313161111111111,45.0,0.01025677174755955,0.12857189040166456
0.23186555555555555,45.0,0.010240244046542352,0.1280890830550911
0.23241499999999998,45.0,0.0102248057994384,0.12847829726892018
0.23296444444444442,45.0,0.010210431770678659,0.1298880529923178
0.23351388888888888,45.0,0.0101970275713784,0.13234168367710084
0.23406333333333332,45.0,0.010184540320088985,0.13577455363469082
0.23461277777777775,45.0,0.01017297686580411,0.14011944658165124
0.23516222222222222,45.0,0.01016238755534651,0.1452536169119101
0.23571166666666665,45.0,0.010152744394029712,0.1509239152480348
0.2362611111111111,45.0,0.010143882464214642,0.15688985591307048
0.23681055555555555,45.0,0.01013575149213549,0.16293990552293042
0.23736,45.0,0.010128390740593261,0.16891701959875544
0.23790944444444442,45.0,0.010121680790966247,0.17482012926937462
0.2384588888888889,45.0,0.010115514813576632,0.18064446511052393
0.23900833333333332,45.0,0.01010990836187749,0.18635296954012867
0.23955777777777776,45.0,0.010104871089086526,0.1919484736591396
0.24010722222222222,45.0,0.010100459897795752,0.19741251984772215
0.24065666666666666,45.0,0.010096759036349875,0.2026580230591705
0.2412061111111111,45.0,0.010093718361411893,0.20749437458405587
0.24175555555555556,45.0,0.010091192450973422,0.21169062494945134
0.242305,45.0,0.01008911526670131,0.21506720649375985
0.24285444444444443,45.0,0.010087515140382673,0.21747798936100193
0.24340388888888886,45.0,0.010086357511792255,0.21884141720043257
0.24395333333333333,45.0,0.010085515173472753,0.21914931631963125
0.24450277777777776,45.0,0.01008490283066731,0.21841878847858712
0.2450522222222222,45.0,0.010084510522657516,0.2167808497192758
0.24560166666666666,45.0,0.01008437830517976,0.21446157206335975
0.2461511111111111,45.0,0.01008451890847843,0.21155600252992598
0.24670055555555553,45.0,0.010084857084281213,0.20808653864306476
0.24725,45.0,0.010085411430334958,0.20408368131558396
0.24779944444444443,45.0,0.01008629917376211,0.19952575451250704
0.24834888888888887,45.0,0.010087504229935505,0.19438835026520368
0.24889833333333333,45.0,0.010088942703043136,0.18864604416355774
0.24944777777777777,45.0,0.010090597457004056,0.18232895651801936
0.2499972222222222,45.0,0.010092437049701938,0.175534528335823
0.25054666666666664,45.0,0.010094482831638524,0.16846062381271212
0.2510961111111111,45.0,0.010096914322610725,0.16137131825979326
0.25164555555555557,45.0,0.010099825865116875,0.15447250299641543
0.252195,45.0,0.010103163059599829,0.14794474960894366
0.25274444444444444,45.0,0.010106987280091998,0.14195934160725476
0.2532938888888889,45.0,0.01011142735558453,0.13666247392319494
0.2538433333333333,45.0,0.010116528641553215,0.1320511737894889
0.25439277777777775,45.0,0.010122273608350989,0.12804777036646292
0.2549422222222222,45.0,0.010128615793676674,0.12461534095457749
0.2554916666666667,45.0,0.010135568471535999,0.1217268690448384
0.2560411111111111,45.0,0.010143178763864452,0.11942809758741972
0.25659055555555554,45.0,0.010151425022031868,0.11781830856489127
0.25714,45.0,0.010160239061672469,0.1169547647629457
0.2576894444444444,45.0,0.010169612417097388,0.11695795418312616
0.25823888888888885,45.0,0.010179655275600576,0.11795562090102289
0.25878833333333334,45.0,0.010190453451424494,0.11999446197520801
0.2593377777777778,45.0,0.010202008676678274,0.12301511678791181
0.2598872222222222,45.0,0.01021432611001213,0.12686962132643106
0.26043666666666665,45.0,0.010227337488099458,0.1314150109564871
0.2609861111111111,45.0,0.010240961892432328,0.13647525273940997
0.2615355555555555,45.0,0.01025528540949478,0.14185886461458502
0.262085,45.0,0.01027035727871639,0.1474082759101114
0.26263444444444445,45.0,0.010286066925356432,0.1530171490784167
0.2631838888888889,45.0,0.010302415785565431,0.15863451961345615
0.2637333333333333,45.0,0.010319521651006636,0.16433408425213816
0.26428277777777776,45.0,0.010337412399855694,0.1701264601300082
0.2648322222222222,45.0,0.010356060571512728,0.17590941655169579
0.2653816666666666,45.0,0.010375447750776184,0.18160668255210918
0.2659311111111111,45.0,0.010395567821463824,0.18711831712193186
0.26648055555555555,45.0,0.010416453148598938,0.1922710336385353
0.26703,45.0,0.010438083529931873,0.1968399146874904
0.2675794444444444,45.0,0.010460315361488752,0.20063658810334944
0.26812888888888886,45.0,0.01048302834707407,0.2035431228457447
0.2686783333333333,45.0,0.010506186217471049,0.20550819322942138
0.2692277777777778,45.0,0.010529769591314006,0.20656759554174065
0.2697772222222222,45.0,0.010553801345328991,0.20677943872985638
0.27032666666666666,45.0,0.010578291323315631,0.20620327691971488
0.2708761111111111,45.0,0.010603167084734378,0.20495184452620838
0.27142555555555553,45.0,0.010628358746250635,0.2031343796444002
0.27197499999999997,45.0,0.01065389243022746,0.2007812613149143
0.27252444444444446,45.0,0.01067978802290054,0.19780681790457788
0.2730738888888889,45.0,0.010705904511399675,0.19417105863622436
0.27362333333333333,45.0,0.010732158114757005,0.18986231314366922
0.27417277777777777,45.0,0.010758635982767958,0.1848968933785595
0.2747222222222222,45.0,0.01078533555827718,0.17936393857797914
0.27527166666666664,45.0,0.010812198572229991,0.173351620740215
0.2758211111111111,45.0,0.010839222331210418,0.16702168207125426
0.27637055555555556,45.0,0.010866397827880394,0.16062983867543232
0.27692,45.0,0.010893787064936222,0.15440727932994036
0.27746944444444444,45.0,0.010921482393755335,0.1484763988983934
0.27801888888888887,45.0,0.010949455439303047,0.14291836875116637
0.2785683333333333,45.0,0.010977628940962035,0.13780486304178746
0.27911777777777774,45.0,0.011005948075813003,0.13317725411341924
0.27966722222222223,45.0,0.011034346847707512,0.12899058820508522
0.28021666666666667,45.0,0.011062811086485068,0.1252250588151143
0.2807661111111111,45.0,0.01109136285011108,0.12189773680537301
0.28131555555555554,45.0,0.011119936254400938,0.11905906581966544
0.281865,45.0,0.011148483851608878,0.11685726500684925
0.2824144444444444,45.0,0.011177094975155536,0.11544089435847676
0.28296388888888885,45.0,0.011205819552137466,0.11486697433125632
0.28351333333333334,45.0,0.01123456445362582,0.11516902613660744
0.2840627777777778,45.0,0.01126327712688044,0.1164094812777844
0.2846122222222222,45.0,0.011292026937041469,0.11855245200202416
0.28516166666666665,45.0,0.011320847297240423,0.12146326740900594
0.2857111111111111,45.0,0.011349693982008392,0.12495387120013286
0.2862605555555555,45.0,0.011378541582916403,0.12888805834911632
0.28681,45.0,0.01140736321499563,0.13316653674693607
0.28735944444444445,45.0,0.01143614459652556,0.13771338791452448
0.2879088888888889,45.0,0.011464990259059315,0.14248178373634118
0.2884583333333333,45.0,0.011493993076650189,0.1474182025704647
0.28900777777777775,45.0,0.011523145427342781,0.15254066025265559
0.2895572222222222,45.0,0.011552473116096335,0.15786529155208265
0.2901066666666666,45.0,0.0115819728498679,0.16333188319220965
0.2906561111111111,45.0,0.011611625095259231,0.16878353434187052
0.29120555555555555,45.0,0.011641460550947207,0.1740526185714007
0.291755,45.0,0.01167139136929274,0.1789908293645805
0.2923044444444444,45.0,0.011701326443526849,0.18344036110942644
0.29285388888888886,45.0,0.011731349782518248,0.1872652869296106
0.2934033333333333,45.0,0.011761515726800552,0.19037336302193733
0.2939527777777778,45.0,0.011791744210072749,0.19269357167118448
0.2945022222222222,45.0,0.011821989390139245,0.19428533722794644
0.29505166666666666,45.0,0.011852308942156392,0.19525482031759658
0.2956011111111111,45.0,0.011882745999346845,0.19564322928059816
0.29615055555555553,45.0,0.011913311830487959,0.19544263039268758
0.29669999999999996,45.0,0.011944026987363165,0.19465681477260072
0.29724944444444446,45.0,0.011974847036292058,0.19333507532186925
0.2977988888888889,45.0,0.012005694450662654,0.19141023160912846
0.2983483333333333,45.0,0.01203658273294707,0.188807983742448
0.29889777777777776,45.0,0.012067569832718268,0.18552082535897238
0.2994472222222222,45.0,0.012098656922431596,0.18158932987993248
0.29999666666666663,45.0,0.012129851958564466,0.17712376472410493
0.30054611111111107,45.0,0.012161211747687237,0.17227906708287402
0.30109555555555556,45.0,0.012192786461486714,0.16719106803053468
0.301645,45.0,0.012224618326225168,0.16199941385185934
0.30219444444444443,45.0,0.012256667942112066,0.15687470568329662
0.30274388888888887,45.0,0.01228882321730714,0.1519630743515854
0.3032933333333333,45.0,0.012321111601329959,0.1473160655095972
0.30384277777777774,45.0,0.01235359710388074,0.14291565369457315
0.30439222222222223,45.0,0.012386170554566141,0.13875996858213177
0.30494166666666667,45.0,0.012418747277476588,0.13488193179240235
0.3054911111111111,45.0,0.012451330928922425,0.1313307340317425
0.30604055555555554,45.0,0.01248387443052872,0.12816784708782633
0.30659,45.0,0.012516388056948043,0.125463015250334
0.3071394444444444,45.0,0.01254893509702079,0.12330106498818963
0.3076888888888889,45.0,0.01258148636145186,0.12185894686851062
0.30823833333333334,45.0,0.012613973854930795,0.12121826540654675
0.30878777777777777,45.0,0.012646373245007319,0.12136015153971054
0.3093372222222222,45.0,0.012678686690188727,0.12224450406289684
0.30988666666666664,45.0,0.012710856413327245,0.12384042890653557
0.3104361111111111,45.0,0.012742795386135588,0.12607063836287355
0.3109855555555555,45.0,0.012774497970527354,0.12879858186155246
0.311535,45.0,0.012806006677255727,0.1319352128215279
0.31208444444444444,45.0,0.012837372550549198,0.13538872710272593
0.3126338888888889,45.0,0.012868582429461047,0.13912746118092667
0.3131833333333333,45.0,0.01289955311611355,0.14317678958354788
0.31373277777777775,45.0,0.012930299112735485,0.1475420289511721
0.3142822222222222,45.0,0.012960889169186514,0.15216020348806958
0.3148316666666667,45.0,0.012991278148649773,0.15694640931224774
0.3153811111111111,45.0,0.013021392585676202,0.16185624056075548
0.31593055555555555,45.0,0.013051210080814344,0.16678578269313124
0.31648,45.0,0.013080639364138301,0.17153378010908116
0.3170294444444444,45.0,0.013109607259358193,0.1759534169414056
0.31757888888888886,45.0,0.013138176705718057,0.1799233941246332
0.3181283333333333,45.0,0.013166337120355911,0.1833706727782517
0.3186777777777778,45.0,0.013194018138049022,0.18628157177738233
0.3192272222222222,45.0,0.013221279894255663,0.1886110275829807
0.31977666666666665,45.0,0.013248185272439107,0.19035878152896085
0.3203261111111111,45.0,0.01327470727215994,0.19157897801570975
0.3208755555555555,45.0,0.013300790214737493,0.1923204210487275
0.32142499999999996,45.0,0.01332638557544795,0.19256712346608904
0.32197444444444445,45.0,0.013351520687901346,0.19226163784280384
0.3225238888888889,45.0,0.01337626547157467,0.19134929122823055
0.3230733333333333,45.0,0.013400624427071654,0.18981761143423445
0.32362277777777776,45.0,0.013424566237302604,0.18765369768418838
0.3241722222222222,45.0,0.013448115921264063,0.18488136808380987
0.32472166666666663,45.0,0.013471359911485481,0.18156733019936547
0.32527111111111107,45.0,0.013494355376244632,0.17777159642799534
0.32582055555555556,45.0,0.013517130874322722,0.1736529394122958
0.32637,45.0,0.013539747240128385,0.16938241575388627
0.32691944444444443,45.0,0.01356218347717251,0.16504389857383092
0.32746888888888886,45.0,0.013584384697621738,0.16069062999587982
0.3280183333333333,45.0,0.013606411996066776,0.15641457112456714
0.32856777777777774,45.0,0.013628247690476842,0.1522840596980331
0.3291172222222222,45.0,0.013649776716578672,0.1483052078419427
0.32966666666666666,45.0,0.013671037927298993,0.14447870744993582
0.3302161111111111,45.0,0.013692147634521604,0.14084400861429822
0.33076555555555553,45.0,0.013713125713901621,0.1374772868407368
0.33131499999999997,45.0,0.013733953192472536,0.13448979100582167
0.3318644444444444,45.0,0.01375462159142349,0.1319896657393928
0.3324138888888889,45.0,0.013775126170882557,0.130058014439289
0.33296333333333333,45.0,0.013795517555312423,0.12875076843455474
0.33351277777777777,45.0,0.013815822258417106,0.12811819336997948
0.3340622222222222,45.0,0.013835974138166158,0.12820264025476955
0.33461166666666664,45.0,0.013855954917109871,0.12893045887950721
0.3351611111111111,45.0,0.013875777720075498,0.1302287678715181
0.3357105555555555,45.0,0.013895431010879858,0.13205081636445296
0.33626,45.0,0.013914951813031578,0.1343198498575178
0.33680944444444444,45.0,0.013934378953923176,0.1370181661198419
0.3373588888888889,45.0,0.013953703610427175,0.1401121638907786
0.3379083333333333,45.0,0.013972929010883702,0.14354295522756338
0.33845777777777775,45.0,0.013992117979001704,0.1473199932501918
0.3390072222222222,45.0,0.014011262465395052,0.15144650890150227
0.3395566666666667,45.0,0.014030199535749865,0.15587131152002998
0.3401061111111111,45.0,0.014048849808558406,0.16047879247622832
0.34065555555555554,45.0,0.014067266946073548,0.1651410007762978
0.341205,45.0,0.014085418748842215,0.16977008069241778
0.3417544444444444,45.0,0.014103243724525864,0.17424352479650976
0.34230388888888885,45.0,0.014120724478553885,0.1784283659500559
0.34285333333333334,45.0,0.01413781362255635,0.18225173433567912
0.3434027777777778,45.0,0.014154519494014925,0.18565963848098468
0.3439522222222222,45.0,0.01417088390693508,0.1886048896952071
0.34450166666666665,45.0,0.014186863220910584,0.19112438299182483
0.3450511111111111,45.0,0.014202422622668716,0.1932070450649271
0.3456005555555555,45.0,0.014217554250947156,0.19480408532998356
0.34614999999999996,45.0,0.014232211972852921,0.19590816717730844
0.34669944444444445,45.0,0.014246380251636426,0.19651156085202764
0.3472488888888889,45.0,0.014260056643531069,0.19656555244877527
0.3477983333333333,45.0,0.014273179086722453,0.1960082364287391
0.34834777777777776,45.0,0.014285749352268123,0.19482002365026282
0.3488972222222222,45.0,0.014297904238199374,0.19301807636854648
0.3494466666666666,45.0,0.014309703946675769,0.19065983790708088
0.3499961111111111,45.0,0.014321070582410268,0.18782428843579194
0.35054555555555555,45.0,0.014331976303612562,0.1845837439677396
0.351095,45.0,0.014342462809007275,0.181028136018243
0.3516444444444444,45.0,0.014352532960173666,0.1772611274732753
0.35219388888888886,45.0,0.014362144618773371,0.17338104579565924
0.3527433333333333,45.0,0.014371280138434937,0.16943613495606982
0.35329277777777773,45.0,0.014379915098515397,0.16542822804117469
0.3538422222222222,45.0,0.014388020079128237,0.1614389117706894
0.35439166666666666,45.0,0.014395650625799783,0.15749901291330423
0.3549411111111111,45.0,0.014402831117587719,0.1536476957188132
0.35549055555555553,45.0,0.014409540848231978,0.1499881524794926
0.35603999999999997,45.0,0.014415838100797908,0.14656760720456363
0.3565894444444444,45.0,0.014421758923694806,0.14348704916636834
0.3571388888888889,45.0,0.01442732715028511,0.14086468461807805
0.35768833333333333,45.0,0.014432575777241639,0.13877277927012444
0.35823777777777777,45.0,0.014437414668401382,0.13724289391252986
0.3587872222222222,45.0,0.01444178752218588,0.1362729757206093
0.35933666666666664,45.0,0.014445812735703391,0.1358858075518
0.3598861111111111,45.0,0.0144495653625319,0.1360746209630997
0.3604355555555555,45.0,0.014453006928659595,0.13677711212643165
0.360985,45.0,0.014456160503439322,0.13795389769345404
0.36153444444444444,45.0,0.014459102439393965,0.13960012940788172
0.36208388888888887,45.0,0.014461858628603611,0.14169160647966564
0.3626333333333333,45.0,0.014464440333549874,0.14422293229363425
0.36318277777777774,45.0,0.014466866900874302,0.1471986378027717
0.3637322222222222,45.0,0.014469110053445328,0.15055516960026613
0.36428166666666667,45.0,0.014471128301230506,0.15425638060251656
0.3648311111111111,45.0,0.014472933692076898,0.1582575991633118
0.36538055555555554,45.0,0.01447451566825713,0.16246296385478026
0.36593,45.0,0.01447580848198295,0.16675080247856133
0.3664794444444444,45.0,0.014476789764070496,0.17101549790446235
0.36702888888888885,45.0,0.014477503783107616,0.17517937504592052
0.36757833333333334,45.0,0.014478011143525671,0.1791615452881917
0.3681277777777778,45.0,0.014478356655642372,0.18290742296756562
0.3686772222222222,45.0,0.014478501046145389,0.18635595650296935
0.36922666666666665,45.0,0.014478355694823154,0.18947381334747207
0.3697761111111111,45.0,0.01447796215301449,0.1922463461921355
0.3703255555555555,45.0,0.01447737437315822,0.1946571682126033
0.37087499999999995,45.0,0.014476498276969483,0.19666870220512847
0.37142444444444445,45.0,0.014475318885176646,0.19819981436753747
0.3719738888888889,45.0,0.014473895738394145,0.19922140292615453
0.3725233333333333,45.0,0.014472207360886707,0.1997284016437213
0.37307277777777775,45.0,0.014470280841314785,0.1996583404063451
0.3736222222222222,45.0,0.014468167272371314,0.19901507432265808
0.3741716666666666,45.0,0.014465848365838165,0.19782903701250337
0.3747211111111111,45.0,0.014463318527548416,0.19612146110923312
0.37527055555555555,45.0,0.014460620116169087,0.1939794131073356
0.37582,45.0,0.014457768839320507,0.1914628000007417
0.3763694444444444,45.0,0.01445468843390306,0.18862610160235105
0.37691888888888886,45.0,0.014451287215725275,0.18551413414409962
0.3774683333333333,45.0,0.014447541346938495,0.18219106407316749
0.3780177777777778,45.0,0.014443479319655493,0.1787343866244281
0.3785672222222222,45.0,0.014439141448363873,0.1751548231795084
0.37911666666666666,45.0,0.014434513779940495,0.17147299064712512
0.3796661111111111,45.0,0.014429556756026037,0.16777041742451804
0.38021555555555553,45.0,0.014424315626792238,0.1641228054300178
0.38076499999999996,45.0,0.014418849026026114,0.1605955429577332
0.3813144444444444,45.0,0.014413106407937314,0.15728567132766663
0.3818638888888889,45.0,0.014407053392119383,0.15425549686332868
0.3824133333333333,45.0,0.014400730215854578,0.15157572464310828
0.38296277777777776,45.0,0.01439410850792941,0.14932467629470664
0.3835122222222222,45.0,0.014387169018336315,0.14754245242680977
0.38406166666666663,45.0,0.01437997061913022,0.14621553519068045
0.38461111111111107,45.0,0.014372482965223615,0.14535263941294185
0.38516055555555556,45.0,0.014364665587445119,0.14497111905013813
0.38571,45.0,0.014356622631874417,0.14506135150319882
0.38625944444444443,45.0,0.014348434673991096,0.1456080294231341
0.38680888888888887,45.0,0.014340085988687128,0.14660182169898
0.3873583333333333,45.0,0.014331546782128458,0.14802949631347825
0.38790777777777774,45.0,0.014322767893362225,0.14989199299472278
0.3884572222222222,45.0,0.014313746496993423,0.1521968294343281
0.38900666666666667,45.0,0.014304497199230893,0.1548980953269832
0.3895561111111111,45.0,0.014294965004912973,0.15792230379330732
0.39010555555555554,45.0,0.014285111192887848,0.16119787686069986
0.390655,45.0,0.014274962902998295,0.16470022028836276
0.3912044444444444,45.0,0.014264567049148505,0.16832643718734264
0.39175388888888885,45.0,0.014253916494656042,0.17196803263589291
0.39230333333333334,45.0,0.014242997974898584,0.17557924177585746
0.3928527777777778,45.0,0.014231857472816342,0.17909460794720966
0.3934022222222222,45.0,0.014220488476506976,0.18246711200666954
0.39395166666666664,45.0,0.014208885951463556,0.18565888452893056
0.3945011111111111,45.0,0.014197116860027332,0.1886140089590416
0.3950505555555555,45.0,0.014185141061590557,0.1912920713698208
0.39559999999999995,45.0,0.014172858334868697,0.1936557412404653
0.39614944444444444,45.0,0.014160316867444412,0.19568731754194837
0.3966988888888889,45.0,0.014147612061970115,0.19733685412172802
0.3972483333333333,45.0,0.014134751689376205,0.19851694924973093
0.39779777777777775,45.0,0.014121755455924902,0.19922088728778914
0.3983472222222222,45.0,0.014108661043429123,0.19943969727559877
0.3988966666666666,45.0,0.014095479958217874,0.19917799398820693
0.3994461111111111,45.0,0.014082254297252149,0.19844027811964554
0.39999555555555555,45.0,0.014068969663338784,0.19724624723648132
0.400545,45.0,0.01405555589547303,0.19563160368701918
0.4010944444444444,45.0,0.014042030084097578,0.19366586495406352
0.40164388888888886,45.0,0.01402841496567289,0.19140023033205755
0.4021933333333333,45.0,0.014014681188112695,0.1888441873269693
0.4027427777777778,45.0,0.01400083738685091,0.18603745795680346
0.4032922222222222,45.0,0.013986896476746615,0.18304162839434893
0.40384166666666665,45.0,0.013972844490622126,0.17991404280170734
0.4043911111111111,45.0,0.013958721712584415,0.176673178171957
0.4049405555555555,45.0,0.013944623235797867,0.17337434687085462
0.40548999999999996,45.0,0.013930567092496508,0.170085453596782
0.4060394444444444,45.0,0.013916464673032942,0.16687330854878404
0.4065888888888889,45.0,0.013902308170674841,0.16382855353240774
0.4071383333333333,45.0,0.013888164365283296,0.16102532785228407
0.40768777777777776,45.0,0.013873996037566226,0.1584952135287883
0.4082372222222222,45.0,0.013859781166991342,0.1562767047112794
0.40878666666666663,45.0,0.013845567706401003,0.15443385052658648
0.40933611111111107,45.0,0.013831366472122063,0.1530123775605303
0.40988555555555556,45.0,0.01381722555638619,0.15197951617905253
0.410435,45.0,0.01380318110615191,0.15133590004351288
0.41098444444444443,45.0,0.01378918846814395,0.15111415465473071
0.41153388888888887,45.0,0.01377524412469852,0.15130934798625365
0.4120833333333333,45.0,0.013761368898699255,0.15193184577482327
0.41263277777777774,45.0,0.013747532214590408,0.15295033634552846
0.41318222222222223,45.0,0.013733714284496684,0.15436922119011284
0.41373166666666666,45.0,0.01371989418268236,0.15617067750256838
0.4142811111111111,45.0,0.013705977864412293,0.1583425613520976
0.41483055555555554,45.0,0.01369193916050422,0.16085255150589894
0.41537999999999997,45.0,0.013677867711940612,0.16359884917141584
0.4159294444444444,45.0,0.013663771070538592,0.16653760502135817
0.41647888888888884,45.0,0.013649595686899578,0.16961883123188295
0.41702833333333333,45.0,0.013635359494530295,0.17277107203368847
0.41757777777777777,45.0,0.013621103310892117,0.17593126064435083
0.4181272222222222,45.0,0.01360680294980018,0.1790400791634062
0.41867666666666664,45.0,0.013592400691076227,0.18203109466334227
0.4192261111111111,45.0,0.013577889384362014,0.18488629966089284
0.4197755555555555,45.0,0.01356326483665733,0.18758276171927354
0.420325,45.0,0.013548521488631343,0.19006296943752737
0.42087444444444444,45.0,0.013533705787990073,0.19225756018597667
0.4214238888888889,45.0,0.013518812176770766,0.194145032747673
0.4219733333333333,45.0,0.013503812420929967,0.1957158411772215
0.42252277777777775,45.0,0.013488752774317311,0.19690668917637386
0.4230722222222222,45.0,0.013473655896464567,0.19766080726666407
0.4236216666666666,45.0,0.013458543308718754,0.19797799086464005
0.4241711111111111,45.0,0.013443448754024052,0.19786126765313167
0.42472055555555555,45.0,0.013428287223526606,0.1973092756608063
0.42527,45.0,0.01341300000606747,0.19636158519322866
0.4258194444444444,45.0,0.013397654725505614,0.1950275800543746
0.42636888888888885,45.0,0.01338223823627107,0.19333351013230288
0.4269183333333333,45.0,0.013366686393267501,0.19133163542548115
0.4274677777777778,45.0,0.013351040896602773,0.18907936622972993
0.4280172222222222,45.0,0.013335374361731439,0.18659132945765802
0.42856666666666665,45.0,0.013319701461847046,0.18388334736705436
0.4291161111111111,45.0,0.013304029266505524,0.18100533946816263
0.4296655555555555,45.0,0.013288379954665325,0.17800908433620155
0.43021499999999996,45.0,0.013272742316520245,0.17495263779225573
0.4307644444444444,45.0,0.013257124430756616,0.17187970261013297
0.4313138888888889,45.0,0.013241575335133994,0.168842189145037
0.4318633333333333,45.0,0.013226105144965906,0.16591746261877977
0.43241277777777776,45.0,0.013210687787988376,0.16318480033888805
0.4329622222222222,45.0,0.013195320707423224,0.16070927770832827
0.43351166666666663,45.0,0.013180044853719007,0.15850827676767762
0.43406111111111106,45.0,0.013164914964181559,0.1566014231656687
0.43461055555555556,45.0,0.013149986227842024,0.15506586343005957
0.43516,45.0,0.013135259981232621,0.15388801348748588
0.4357094444444444,45.0,0.013120701608570595,0.1530689668748421
0.43625888888888886,45.0,0.013106376483242367,0.15262456898185284
0.4368083333333333,45.0,0.013092297300699014,0.15254446840922156
0.43735777777777773,45.0,0.013078346274762358,0.15284284798041053
0.4379072222222222,45.0,0.013064519787907505,0.1535382704974669
0.43845666666666666,45.0,0.013050860719324271,0.15462632378873895
0.4390061111111111,45.0,0.013037335346583391,0.15607781890986863
0.43955555555555553,45.0,0.013023963590756086,0.157862390945086
0.44010499999999997,45.0,0.013010774715103913,0.15997116105270698
0.4406544444444444,45.0,0.012997729113401097,0.1623696009439543
0.44120388888888884,45.0,0.012984823884190666,0.16496067480966994
0.44175333333333333,45.0,0.012972110501876551,0.16768706904154845
0.44230277777777777,45.0,0.012959608460873021,0.1705102878281616
0.4428522222222222,45.0,0.012947283152038217,0.17337272810530197
0.44340166666666664,45.0,0.012935090530321644,0.17621901228292522
0.4439511111111111,45.0,0.012923017568121446,0.17900978045889562
0.4445005555555555,45.0,0.012911073164011567,0.18169216067516678
0.44505,45.0,0.01289926761452225,0.1842465028397467
0.44559944444444444,45.0,0.01288758007214551,0.186652801792798
0.4461488888888889,45.0,0.012875995181566754,0.18884893209720457
0.4466983333333333,45.0,0.012864581943248415,0.190782267536425
0.44724777777777774,45.0,0.012853382105347949,0.19240836659992772
0.4477972222222222,45.0,0.012842327522751478,0.19369613764168725
0.44834666666666667,45.0,0.012831384428817207,0.19460638664340132
0.4488961111111111,45.0,0.012820568831435262,0.19512007277815288
0.44944555555555554,45.0,0.012809834241550433,0.1952176904004278
0.449995,45.0,0.012799156864167304,0.19490697443022828
0.4505444444444444,45.0,0.012788575669615191,0.19421157143065945
0.45109388888888885,45.0,0.012778031088703587,0.19317151796497192
0.4516433333333333,45.0,0.012767462617510002,0.19181528342304272
0.4521927777777778,45.0,0.012756944836565925,0.19012682650207102
0.4527422222222222,45.0,0.012746509153642421,0.18817956781388287
0.45329166666666665,45.0,0.012736141780480313,0.18601177163264074
0.4538411111111111,45.0,0.012725854570152061,0.18360330889348092
0.4543905555555555,45.0,0.012715639186553176,0.18100159624566908
0.45493999999999996,45.0,0.01270552129572748,0.17824246652151032
0.45548944444444445,45.0,0.01269551120288971,0.17537301287450777
0.4560388888888889,45.0,0.012685553294530756,0.17246172773198024
0.4565883333333333,45.0,0.012675625471695623,0.16956632576510658
0.45713777777777775,45.0,0.012665777943820903,0.16675249170368453
0.4576872222222222,45.0,0.012656065429901601,0.16407087861983774
0.4582366666666666,45.0,0.012646485119588791,0.16158613009709016
0.45878611111111106,45.0,0.012637041972546403,0.15935381910233284
0.45933555555555555,45.0,0.012627769975312151,0.15738823988448075
0.459885,45.0,0.012618650239205522,0.1556955267554042
0.4604344444444444,45.0,0.012609686495333164,0.15430799117923769
0.46098388888888886,45.0,0.012600937076947745,0.153238352958013
0.4615333333333333,45.0,0.012592359222535347,0.15248287715286424
0.46208277777777773,45.0,0.012583869147593905,0.15207104312186043
0.4626322222222222,45.0,0.012575503818701969,0.1520010224708738
0.46318166666666666,45.0,0.01256729504678593,0.15228925686362396
0.4637311111111111,45.0,0.012559198887708673,0.15297107431142679
0.46428055555555553,45.0,0.012551220120517275,0.15402430080507518
0.46482999999999997,45.0,0.012543392417195407,0.15540820937708127
0.4653794444444444,45.0,0.012535742349492287,0.15710243570912674
0.46592888888888884,45.0,0.012528317220272398,0.15907299600118333
0.46647833333333333,45.0,0.012521096473793935,0.1612547402272075
0.46702777777777776,45.0,0.012514015291682072,0.16359233914843604
0.4675772222222222,45.0,0.01250710150962318,0.16603749521172748
0.46812666666666664,45.0,0.012500377609996347,0.16854459672235048
0.46867611111111107,45.0,0.012493816134685325,0.1710785703029209
0.4692255555555555,45.0,0.012487443939414406,0.17360463945363133
0.469775,45.0,0.012481266484648965,0.17610870050272628
0.47032444444444443,45.0,0.012475253158972868,0.1785339638880489
0.47087388888888887,45.0,0.012469433719639746,0.18083727720317738
0.4714233333333333,45.0,0.012463867088984587,0.18301824884514592
0.47197277777777774,45.0,0.012458545443216612,0.18498289576354032
0.4725222222222222,45.0,0.012453401727923084,0.18667856428438231
0.47307166666666667,45.0,0.0124484566999022,0.18807495819783754
0.4736211111111111,45.0,0.012443751102946795,0.1891291200678614
0.47417055555555554,45.0,0.012439206103053966,0.1898337161357668
0.47472,45.0,0.012434774965381895,0.1901765094145089
0.4752694444444444,45.0,0.012430467401742168,0.19015858543270414
0.47581888888888885,45.0,0.012426279502949805,0.18980569476335685
0.4763683333333333,45.0,0.012422255603259042,0.18913468552134816
0.4769177777777778,45.0,0.012418419676068129,0.18817453362198977
0.4774672222222222,45.0,0.012414731470004095,0.18693375477043817
0.47801666666666665,45.0,0.01241119769288532,0.18541376161596415
0.4785661111111111,45.0,0.012407848766781826,0.18364265383666692
0.4791155555555555,45.0,0.012404661942830183,0.1816389458165827
0.47966499999999995,45.0,0.012401647591629754,0.1794142971405804
0.48021444444444444,45.0,0.012398820084020157,0.17700469247604086
0.4807638888888889,45.0,0.012396117900404336,0.17447277409533252
0.4813133333333333,45.0,0.012393549563439289,0.17186027591733602
0.48186277777777775,45.0,0.012391189427319286,0.1692469418882793
0.4824122222222222,45.0,0.012389011688049893,0.16670223226909148
0.4829616666666666,45.0,0.012386973548876232,0.16425187109149936
0.4835111111111111,45.0,0.01238512873610223,0.1619443067883859
0.48406055555555555,45.0,0.012383531068286944,0.15983310158782568
0.48461,45.0,0.012382158065417037,0.1579298710847782
0.4851594444444444,45.0,0.012380961561320878,0.15623604268318525
0.48570888888888886,45.0,0.012379920123442863,0.15477085883670427
0.4862583333333333,45.0,0.012379013569204574,0.15356117571359476
0.48680777777777773,45.0,0.012378228141261913,0.15262903708501996
0.4873572222222222,45.0,0.012377588192191005,0.15198649100925354
0.48790666666666666,45.0,0.012377075640677975,0.1516703979363496
0.4884561111111111,45.0,0.01237666122184971,0.15169966748949565
0.4890055555555555,45.0,0.012376382685315383,0.15206714187970305
0.48955499999999996,45.0,0.012376237870418964,0.15279042546666338
0.4901044444444444,45.0,0.012376230917200111,0.1538479331476676
0.4906538888888889,45.0,0.012376393427136263,0.1551657624471567
0.4912033333333333,45.0,0.012376664853458466,0.1567327994222067
0.49175277777777776,45.0,0.012377037828723968,0.1585025785651707
0.4923022222222222,45.0,0.012377582721820539,0.1604262352181402
0.49285166666666663,45.0,0.012378254509490823,0.16247317376057083
0.49340111111111107,45.0,0.01237897509691718,0.16460000671438693
0.4939505555555555,45.0,0.012379781410092218,0.1667969957716831
0.4945,45.0,0.012380728718202975,0.16903764220109993
0.49504944444444443,45.0,0.012381811126707176,0.17129699872561024
0.49559888888888887,45.0,0.012383035581670958,0.17353398782519042
0.4961483333333333,45.0,0.012384405356620888,0.17568588468306998
0.49669777777777774,45.0,0.012385886738207877,0.17772049935555384
0.4972472222222222,45.0,0.01238747397598507,0.1795923227510983
0.49779666666666667,45.0,0.012389172472554,0.18122769175397718
0.4983461111111111,45.0,0.012390960120290954,0.18258971383751
0.49889555555555554,45.0,0.012392804828297776,0.1836606517673875
0.499445,45.0,0.012394697643023214,0.18443199778742767
0.4999944444444444,45.0,0.012396654072245812,0.1848933952286547
0.5005438888888889,45.0,0.012398682480818905,0.18507202855261143
0.5010933333333333,45.0,0.012400793529107982,0.18496588329326893
0.5016427777777778,45.0,0.012402970216124189,0.18456879921695024
0.5021922222222222,45.0,0.012405209929815912,0.1839206470487948
0.5027416666666666,45.0,0.012407599943250129,0.1830156422114686
0.5032911111111111,45.0,0.012410148378286034,0.18183911931904057
0.5038405555555555,45.0,0.012412759950476124,0.1803889740353252
0.50439,45.0,0.012415454771204329,0.1787035655542453
0.5049394444444444,45.0,0.012418274802450353,0.17680841738209177
0.5054888888888889,45.0,0.01242118309934095,0.1747361525633311
0.5060383333333333,45.0,0.012424215617881679,0.1725332478354738
0.5065877777777777,45.0,0.012427409648724295,0.170262949374729
0.5071372222222222,45.0,0.012430736489733729,0.16798281642872614
0.5076866666666666,45.0,0.012434216395444191,0.16573849552086664
0.5082361111111111,45.0,0.012437884340675203,0.16358875424616295
0.5087855555555555,45.0,0.01244173213056959,0.1615268445918105
0.509335,45.0,0.01244573279026914,0.15959142569823787
0.5098844444444444,45.0,0.012449871966966819,0.1578127957567567
0.5104338888888889,45.0,0.012454154411969849,0.1561958829603988
0.5109833333333333,45.0,0.012458583748621774,0.15476529982876028
0.5115327777777777,45.0,0.012463147843981559,0.15353925159759232
0.5120822222222222,45.0,0.012467798369546229,0.15255580270098568
0.5126316666666666,45.0,0.012472525051031033,0.15185905006291758
0.5131811111111111,45.0,0.012477399250424149,0.15146821373879094
0.5137305555555556,45.0,0.012482446935550544,0.1514050240642478
0.51428,45.0,0.012487621749010578,0.15164669346342635
0.5148294444444445,45.0,0.012492923065968858,0.15219144814884122
0.5153788888888888,45.0,0.012498380413990862,0.1530418869193257
0.5159283333333333,45.0,0.012503947908292935,0.15413563748582704
0.5164777777777777,45.0,0.01250960770758381,0.15543285329929973
0.5170272222222222,45.0,0.012515404253374492,0.15690810868624042
0.5175766666666667,45.0,0.012521286342780413,0.1585515628602916
0.5181261111111111,45.0,0.012527229642548569,0.16032603454390928
0.5186755555555556,45.0,0.01253330349608267,0.16221451501662304
0.5192249999999999,45.0,0.012539492926902264,0.1642030949688912
0.5197744444444444,45.0,0.012545760215107504,0.1662574268279864
0.5203238888888888,45.0,0.012552111143325703,0.1683487311933724
0.5208733333333333,45.0,0.012558537538722728,0.17044992048770086
0.5214227777777778,45.0,0.012565056555516717,0.1724954322011256
0.5219722222222222,45.0,0.012571661706900682,0.17441194821397224
0.5225216666666667,45.0,0.01257827603414732,0.1761680244309134
0.523071111111111,45.0,0.012584862804234646,0.17773460747637948
0.5236205555555555,45.0,0.01259144685581331,0.17907607588627983
0.52417,45.0,0.012598030525162677,0.18016293713995926
0.5247194444444444,45.0,0.012604588275219496,0.18099698494809363
0.5252688888888889,45.0,0.012611129557357197,0.1815795314984337
0.5258183333333333,45.0,0.012617685625251594,0.18192155085544842
0.5263677777777778,45.0,0.012624233562768445,0.18202119407898676
0.5269172222222221,45.0,0.012630768241710826,0.18186420784711366
0.5274666666666666,45.0,0.01263733121279104,0.18143280649033208
0.5280161111111111,45.0,0.012643879510379699,0.18075516637741554
0.5285655555555555,45.0,0.01265037307045754,0.17981338422278734
0.529115,45.0,0.012656874374023776,0.17860499264396795
0.5296644444444444,45.0,0.012663401815761447,0.1771559551126655
0.5302138888888889,45.0,0.012669906067182353,0.17549639871674713
0.5307633333333333,45.0,0.01267638958363768,0.17368602877299394
0.5313127777777777,45.0,0.012682880569710628,0.17175725319176152
0.5318622222222222,45.0,0.01268939495097724,0.1697764124384551
0.5324116666666666,45.0,0.012695976181066241,0.1677680518885231
0.5329611111111111,45.0,0.012702606426488445,0.16575148826627728
0.5335105555555555,45.0,0.012709238020555054,0.1637935677060453
0.53406,45.0,0.012715908695896113,0.16191018739280036
0.5346094444444445,45.0,0.012722606386611489,0.16008416678713988
0.5351588888888889,45.0,0.012729284374367232,0.15835689216157572
0.5357083333333333,45.0,0.012735971284720224,0.15676173772639793
0.5362577777777777,45.0,0.01274267108633105,0.15533308709433685
0.5368072222222222,45.0,0.012749367131615294,0.15409650164742034
0.5373566666666666,45.0,0.01275609192270205,0.1530822558424709
0.5379061111111111,45.0,0.012762883876578873,0.1523357813329765
0.5384555555555556,45.0,0.01276971953049554,0.15186717072599248
0.539005,45.0,0.012776559095657575,0.15170204304864884
0.5395544444444444,45.0,0.012783455210419004,0.1518236577182646
0.5401038888888888,45.0,0.012790450059657331,0.15220536172019575
0.5406533333333333,45.0,0.012797489272532362,0.1528282909904444
0.5412027777777777,45.0,0.01280455383520794,0.1536842830541558
0.5417522222222222,45.0,0.012811657487870526,0.15474886336940613
0.5423016666666667,45.0,0.012818788612428616,0.1559934968820977
0.5428511111111111,45.0,0.012825975813383211,0.1574120933501726
0.5434005555555556,45.0,0.012833233069661712,0.15898275870247655
0.5439499999999999,45.0,0.012840529124962141,0.1607011624987364
0.5444994444444444,45.0,0.012847889804893018,0.16255358218496174
0.5450488888888889,45.0,0.012855327823812896,0.16449190791619422
0.5455983333333333,45.0,0.012862792688233331,0.16646190752091203
0.5461477777777778,45.0,0.012870280885044038,0.16844253284221072
0.5466972222222222,45.0,0.012877787334641387,0.17038732885180466
0.5472466666666667,45.0,0.012885250360027746,0.1722316286884912
0.547796111111111,45.0,0.012892684557380619,0.17393115404469844
0.5483455555555555,45.0,0.012900142435036921,0.17546651739376373
0.548895,45.0,0.012907565599509032,0.17682794368749472
0.5494444444444444,45.0,0.012914909687114656,0.1779991560711214
0.5499938888888889,45.0,0.012922226503690962,0.1789633839072173
0.5505433333333333,45.0,0.012929543107777417,0.17973328966197583
0.5510927777777778,45.0,0.012936843592764438,0.18027493647081214
0.5516422222222221,45.0,0.012944110151688074,0.18058131910034414
0.5521916666666666,45.0,0.01295134350749676,0.18067354163000993
0.5527411111111111,45.0,0.012958534127115319,0.18049322236821108
0.5532905555555555,45.0,0.01296566483178872,0.18004580298653275
0.55384,45.0,0.012972752203996258,0.17933936314465382
0.5543894444444444,45.0,0.012979776033326713,0.17838886854417307
0.5549388888888889,45.0,0.012986733021290414,0.17722451448336352
0.5554883333333333,45.0,0.01299367098428888,0.1758612140847439
0.5560377777777777,45.0,0.01300057756077379,0.1743447079278543
0.5565872222222222,45.0,0.013007454802519063,0.17271913688480509
0.5571366666666666,45.0,0.013014314929424458,0.1710205387594936
0.5576861111111111,45.0,0.013021096471728073,0.1692776027362481
0.5582355555555555,45.0,0.013027805542352656,0.16750017519526622
0.558785,45.0,0.013034506475699677,0.16570766163049608
0.5593344444444445,45.0,0.013041147860713852,0.1639385115623376
0.5598838888888888,45.0,0.01304766436728402,0.162214593262342
0.5604333333333333,45.0,0.01305409873625568,0.16054832458509183
0.5609827777777777,45.0,0.013060474557170392,0.15898398537674613
0.5615322222222222,45.0,0.013066770153356843,0.15756931922792242
0.5620816666666666,45.0,0.013073006951087257,0.15631981676750864
0.5626311111111111,45.0,0.013079203178305748,0.15529009063179824
0.5631805555555556,45.0,0.013085351148475427,0.1545004799317012
0.56373,45.0,0.013091463137341702,0.15394532055293036
0.5642794444444444,45.0,0.01309754362049502,0.15363007736073686
0.5648288888888888,45.0,0.01310356900681131,0.15357152407796182
0.5653783333333333,45.0,0.013109523804071403,0.15374594005048597
0.5659277777777777,45.0,0.01311541825821812,0.15412897355496374
0.5664772222222222,45.0,0.01312127371722103,0.1547146223350035
0.5670266666666667,45.0,0.01312710502429677,0.15550604968602266
0.5675761111111111,45.0,0.013132910845351835,0.1565047520839406
0.5681255555555556,45.0,0.013138663266214625,0.15767601824869082
0.5686749999999999,45.0,0.013144357276369902,0.15902925931804693
0.5692244444444444,45.0,0.013150057679541315,0.1605433596846988
0.5697738888888889,45.0,0.01315575272529376,0.16217320203789498
0.5703233333333333,45.0,0.013161358250885295,0.16391395296392292
0.5708727777777778,45.0,0.013166907765808629,0.16570607845523522
0.5714222222222222,45.0,0.013172413549963747,0.16749076542099173
0.5719716666666667,45.0,0.013177811790488521,0.1692575758532668
0.572521111111111,45.0,0.013183122750620835,0.17095418454838754
0.5730705555555555,45.0,0.013188358501468316,0.17255740231213412
0.57362,45.0,0.013193494926688209,0.17405163011958205
0.5741694444444444,45.0,0.013198563924630074,0.17540878475660715
0.5747188888888889,45.0,0.013203596016718137,0.17662286049725798
0.5752683333333333,45.0,0.013208572696036064,0.17768026594393196
0.5758177777777778,45.0,0.01321346909426606,0.17857134088512552
0.5763672222222221,45.0,0.013218283836391967,0.17926477166381333
0.5769166666666666,45.0,0.013223024524119947,0.17973572141449046
0.5774661111111111,45.0,0.013227711376973539,0.1799807228801506
0.5780155555555555,45.0,0.013232343021039011,0.17999683428744145
0.578565,45.0,0.013236876893242508,0.1797614166745513
0.5791144444444444,45.0,0.01324131935785748,0.17927898026430902
0.5796638888888889,45.0,0.013245724608208657,0.17859171444459593
0.5802133333333332,45.0,0.01325009348665896,0.17770656398416107
0.5807627777777777,45.0,0.013254386827178511,0.17664542193903565
0.5813122222222222,45.0,0.013258627753883593,0.17545258549789353
0.5818616666666666,45.0,0.013262848863490929,0.17413903553515792
0.5824111111111111,45.0,0.013267002618378588,0.17272119285485063
0.5829605555555555,45.0,0.013271076294477713,0.171231810144701
0.58351,45.0,0.013275091858736036,0.1696862901495394
0.5840594444444445,45.0,0.013278993648604978,0.16809821341690673
0.5846088888888888,45.0,0.013282779792796217,0.16649284191455327
0.5851583333333333,45.0,0.013286524920926818,0.1649011117591541
0.5857077777777777,45.0,0.013290212173217068,0.1633688422183197
0.5862572222222222,45.0,0.013293816010274805,0.16191915815240057
0.5868066666666666,45.0,0.01329735824195744,0.16058244701452962
0.5873561111111111,45.0,0.013300833736932138,0.15940891961105488
0.5879055555555556,45.0,0.013304270949262044,0.15840486700958994
0.588455,45.0,0.013307681158639317,0.15759448947598428
0.5890044444444444,45.0,0.013311011873710601,0.15699422918953207
0.5895538888888888,45.0,0.013314265779779157,0.15657786627661116
0.5901033333333333,45.0,0.013317478849357111,0.15636695479342935
0.5906527777777777,45.0,0.013320639087494444,0.15636823671385325
0.5912022222222222,45.0,0.013323715046490174,0.15655677564675818
0.5917516666666667,45.0,0.013326725233017181,0.1569492122206689
0.5923011111111111,45.0,0.013329703637728585,0.15754060975642242
0.5928505555555555,45.0,0.013332629553903352,0.15832797810515725
0.5933999999999999,45.0,0.013335510570282568,0.15930403585292222
0.5939494444444444,45.0,0.013338364180871335,0.16044687804416743
0.5944988888888889,45.0,0.013341128399095115,0.16174876585197556
0.5950483333333333,45.0,0.013343769216381118,0.163160854112822
0.5955977777777778,45.0,0.0133463342744465,0.16465934948378566
0.5961472222222222,45.0,0.01334882435513947,0.16621792616791367
0.5966966666666667,45.0,0.013351185841995468,0.16779535572359827
0.597246111111111,45.0,0.013353427660033558,0.16935103049319455
0.5977955555555555,45.0,0.013355567010838258,0.17087124391506522
0.598345,45.0,0.013357600366503065,0.17235461474085728
0.5988944444444444,45.0,0.013359557934700015,0.1737488683841168
0.5994438888888889,45.0,0.01336141502912917,0.17505388202832484
0.5999933333333333,45.0,0.013363150160372744,0.17625306080844225
0.6005427777777778,45.0,0.013364820303246672,0.17731268379019466
0.6010922222222221,45.0,0.01336640899962644,0.17822068488722848
0.6016416666666666,45.0,0.013367868300662588,0.17895486535361493
0.6021911111111111,45.0,0.013369222338433762,0.17948889157539835
0.6027405555555555,45.0,0.013370468668472744,0.179814089817307
0.60329,45.0,0.013371593077947124,0.17992647348769852
0.6038394444444444,45.0,0.013372640127821595,0.1798306719089511
0.6043888888888889,45.0,0.01337363697472964,0.1795258627721745
0.6049383333333334,45.0,0.013374548822888138,0.17902486750530594
0.6054877777777777,45.0,0.013375350000369969,0.1783551735496494
0.6060372222222222,45.0,0.01337608201816237,0.1775285927551284
0.6065866666666666,45.0,0.01337676287932055,0.17655452661701712
0.6071361111111111,45.0,0.013377337887865312,0.17546210596332548
0.6076855555555555,45.0,0.013377804830961995,0.17425116333881255
0.608235,45.0,0.013378185388637014,0.17293220689650818
0.6087844444444445,45.0,0.013378467588969704,0.17156013811607734
0.6093338888888888,45.0,0.013378670865098408,0.17012851479490312
0.6098833333333333,45.0,0.01337879146982672,0.16866690003565243
0.6104327777777777,45.0,0.013378813832874027,0.16721762582321878
0.6109822222222222,45.0,0.013378788358920706,0.16581349629201106
0.6115316666666666,45.0,0.013378741735935347,0.16448379693024623
0.6120811111111111,45.0,0.013378644792962156,0.16324478839643217
0.6126305555555556,45.0,0.013378509853193372,0.162134306898501
0.61318,45.0,0.01337834185664038,0.16116517988563142
0.6137294444444444,45.0,0.013378091512202196,0.1603444000508943
0.6142788888888888,45.0,0.013377794915143163,0.1596936573676175
0.6148283333333333,45.0,0.013377506076908737,0.15921270713006513
0.6153777777777778,45.0,0.01337716718363244,0.15890007016583027
0.6159272222222222,45.0,0.013376770420231889,0.1587681559985326
0.6164766666666667,45.0,0.013376371803422554,0.15883423345998002
0.617026111111111,45.0,0.013375972473117335,0.15909644926350802
0.6175755555555555,45.0,0.013375548698510245,0.15953570113807178
0.6181249999999999,45.0,0.01337508794083054,0.16017104552886724
0.6186744444444444,45.0,0.013374600441039273,0.16097846019551154
0.6192238888888889,45.0,0.013374082421895514,0.16194622605675815
0.6197733333333333,45.0,0.013373518332509837,0.16305370579014836
0.6203227777777778,45.0,0.013372901959417736,0.1642660604066613
0.6208722222222222,45.0,0.01337220020052098,0.1655630641569705
0.6214216666666666,45.0,0.013371414489297651,0.16692444721572322
0.621971111111111,45.0,0.013370582439558146,0.1683272302851112
0.6225205555555555,45.0,0.013369693621037125,0.1697372295752082
0.62307,45.0,0.01336875757246426,0.1711362520790134
0.6236194444444444,45.0,0.013367789979407936,0.1725088731527745
0.6241688888888889,45.0,0.013366737638558297,0.1738407818383156
0.6247183333333333,45.0,0.01336561410138028,0.17509249586155712
0.6252677777777778,45.0,0.013364472002235289,0.17625474592805315
0.6258172222222221,45.0,0.013363249596438354,0.1772974535643861
0.6263666666666666,45.0,0.013361912748284355,0.17818901171927218
0.6269161111111111,45.0,0.013360522202325307,0.17893241988121394
0.6274655555555555,45.0,0.013359081783362273,0.17950816775243444
0.628015,45.0,0.01335755499300312,0.17989157621028243
0.6285644444444444,45.0,0.01335595537235502,0.1800847429631674
0.6291138888888889,45.0,0.013354293532273315,0.18010049028156852
0.6296633333333334,45.0,0.013352562166792559,0.17994360756005898
0.6302127777777777,45.0,0.01335078272429173,0.1796051044779826
0.6307622222222222,45.0,0.013348949066220271,0.17909181464756724
0.6313116666666666,45.0,0.013347028738701711,0.178435191222346
0.6318611111111111,45.0,0.013345011697318719,0.1776235534897765
0.6324105555555555,45.0,0.013342894014735648,0.1766809523029595
0.63296,45.0,0.013340688435133145,0.17562080966158303
0.6335094444444445,45.0,0.013338407011400181,0.17445027331210822
0.6340588888888888,45.0,0.013336053704395823,0.17319839173322202
0.6346083333333333,45.0,0.013333621028785688,0.17189396710188798
0.6351577777777777,45.0,0.013331117266388947,0.17056960737593935
0.6357072222222222,45.0,0.013328601655836865,0.16923252430755784
0.6362566666666666,45.0,0.013326049128165998,0.16791949406134282
0.6368061111111111,45.0,0.01332340504284142,0.1666616086332971
0.6373555555555556,45.0,0.013320736891951587,0.16547653855710806
0.6379049999999999,45.0,0.01331806119540316,0.1643848377516188
0.6384544444444444,45.0,0.013315327666897723,0.16340329503142617
0.6390038888888888,45.0,0.013312561994514945,0.16253491317270677
0.6395533333333333,45.0,0.013309771534144584,0.1618113378183642
0.6401027777777778,45.0,0.013306933965810385,0.16124617172763803
0.6406522222222222,45.0,0.013304087961818667,0.16084289395975654
0.6412016666666667,45.0,0.013301261623231057,0.16059676144567311
0.641751111111111,45.0,0.013298434040013832,0.1605317640997082
0.6423005555555555,45.0,0.013295598619471723,0.16065973369986195
0.6428499999999999,45.0,0.013292751681224424,0.16095265303762604
0.6433994444444444,45.0,0.013289885302613188,0.16141959458105656
0.6439488888888889,45.0,0.013287008640545895,0.16204795813111567
0.6444983333333333,45.0,0.01328410873191458,0.1628179621854552
0.6450477777777778,45.0,0.013281155981746449,0.1637163950603425
0.6455972222222222,45.0,0.013278171753481196,0.1647387603509333
0.6461466666666666,45.0,0.013275199531607086,0.16584712461130544
0.646696111111111,45.0,0.013272216636262846,0.16702329474313266
0.6472455555555555,45.0,0.013269189833022098,0.16825464086215958
0.647795,45.0,0.013266155830033287,0.16952998918113482
0.6483444444444444,45.0,0.01326314292930073,0.17082208105192387
0.6488938888888889,45.0,0.013260117945503445,0.1720879961848651
0.6494433333333333,45.0,0.013257082414288673,0.1733296387320741
0.6499927777777778,45.0,0.013254057117434118,0.17451892620045256
0.6505422222222221,45.0,0.01325098624896225,0.17562607054108959
0.6510916666666666,45.0,0.01324787137080545,0.17664475084897555
0.6516411111111111,45.0,0.01324477160154623,0.17753473525656588
0.6521905555555555,45.0,0.013241653519459363,0.17828889735602146
0.65274,45.0,0.013238510572381354,0.17891173505881994
0.6532894444444444,45.0,0.013235370567066326,0.1793735755107825
0.6538388888888889,45.0,0.013232216312018727,0.179677757776667
0.6543883333333333,45.0,0.013229065176041282,0.17980750646911672
0.6549377777777777,45.0,0.013225907142320177,0.17978057118090482
0.6554872222222222,45.0,0.013222691441341718,0.17958670603369759
0.6560366666666666,45.0,0.013219434809694019,0.17923119610277047
0.6565861111111111,45.0,0.013216172105460883,0.17872607669673898
0.6571355555555555,45.0,0.013212877424265843,0.17806382304218887
0.657685,45.0,0.013209519651316838,0.1772675661933384
0.6582344444444445,45.0,0.013206126518897247,0.17635649381310303
0.6587838888888888,45.0,0.013202717278981924,0.1753553371701163
0.6593333333333333,45.0,0.013199277744891203,0.17425888563173778
0.6598827777777777,45.0,0.013195835290082728,0.17309457085233312
0.6604322222222222,45.0,0.013192415107046943,0.17190780004674028
0.6609816666666666,45.0,0.013188976475104742,0.17070391830096104
0.6615311111111111,45.0,0.01318550743154847,0.16949325965512294
0.6620805555555556,45.0,0.013182054433856527,0.16831501496220735
0.6626299999999999,45.0,0.013178603618704359,0.16717967622771857
0.6631794444444444,45.0,0.013175117096922468,0.1661118417115742
0.6637288888888888,45.0,0.013171626567636823,0.16513269302031974
0.6642783333333333,45.0,0.013168150586880728,0.16425200851034416
0.6648277777777778,45.0,0.01316468772692025,0.1634894679557947
0.6653772222222222,45.0,0.013161257556487341,0.16285432107802325
0.6659266666666667,45.0,0.0131578279816661,0.16236590945994298
0.666476111111111,45.0,0.013154386193163859,0.16203763637721189
0.6670255555555555,45.0,0.013150988682651427,0.16185877304178922
0.6675749999999999,45.0,0.013147611371507021,0.16182915537002665
0.6681244444444444,45.0,0.01314421166157622,0.16197069768432856
0.6686738888888889,45.0,0.013140821911351713,0.16225481292226673
0.6692233333333333,45.0,0.013137423194215046,0.16269539305530706
0.6697727777777778,45.0,0.013133992380899087,0.16327718631002866
0.6703222222222222,45.0,0.01313057079383632,0.1639687540966872
0.6708716666666666,45.0,0.013127173594299815,0.164793070321696
0.671421111111111,45.0,0.013123777654612109,0.16572026927853992
0.6719705555555555,45.0,0.013120378675457046,0.16672545020357393
0.67252,45.0,0.013117021441481939,0.16778969734591223
0.6730694444444444,45.0,0.013113704163300334,0.1689030214189694
0.6736188888888889,45.0,0.01311037315150127,0.17004588698264278
0.6741683333333333,45.0,0.013107039645932801,0.17118457914038368
0.6747177777777777,45.0,0.013103721681068195,0.17230578850531678
0.6752672222222222,45.0,0.013100413410246774,0.17339186531266063
0.6758166666666666,45.0,0.013097127089486148,0.17441408616774723
0.6763661111111111,45.0,0.013093847064982806,0.17536081444775456
0.6769155555555555,45.0,0.013090556114517296,0.17622647136167752
0.677465,45.0,0.01308729032669743,0.17698779030122636
0.6780144444444444,45.0,0.013084060148456261,0.17761539868574647
0.6785638888888889,45.0,0.013080833069255856,0.17811834387052636
0.6791133333333333,45.0,0.01307762990084308,0.1784936590407813
0.6796627777777777,45.0,0.013074449789425291,0.17870713546824019
0.6802122222222222,45.0,0.013071237754376557,0.17877220159356613
0.6807616666666666,45.0,0.013068026569378334,0.17868673100370522
0.6813111111111111,45.0,0.013064840732726167,0.17844667770939848
0.6818605555555555,45.0,0.013061619373486866,0.17807232134852902
0.68241,45.0,0.013058377143324812,0.17755907700365975
0.6829594444444445,45.0,0.013055174358952138,0.17691373983192893
0.6835088888888888,45.0,0.013052005357782455,0.1761628586854775
0.6840583333333333,45.0,0.013048850482663504,0.1753099924624503
0.6846077777777777,45.0,0.013045711227088922,0.1743793311446194
0.6851572222222222,45.0,0.013042599080142252,0.17337900336731135
0.6857066666666667,45.0,0.013039523641765548,0.17232051950268068
0.6862561111111111,45.0,0.013036484180948603,0.17124090918592794
0.6868055555555556,45.0,0.013033479565261668,0.17014258951989938
0.6873549999999999,45.0,0.013030492169132855,0.16904919898648896
0.6879044444444444,45.0,0.013027528155588866,0.16800001976806714
0.6884538888888888,45.0,0.01302461336822755,0.16698837550873816
0.6890033333333333,45.0,0.013021730326545968,0.1660398871723617
0.6895527777777778,45.0,0.013018897022260783,0.16519724468312488
0.6901022222222222,45.0,0.013016132030764042,0.16444411791083632
0.6906516666666667,45.0,0.013013392471006142,0.1638003027594638
0.691201111111111,45.0,0.013010705781735708,0.1632760967821482
0.6917505555555555,45.0,0.01300810090085128,0.16288622746888287
0.6922999999999999,45.0,0.013005505187518146,0.16263070053933304
0.6928494444444444,45.0,0.013002899856234332,0.1625041493375124
0.6933988888888889,45.0,0.01300034684900056,0.16252138937777108
0.6939483333333333,45.0,0.012997842346320308,0.16267780772512477
0.6944977777777778,45.0,0.012995351428982607,0.16297095107866472
0.6950472222222221,45.0,0.012992898588842393,0.16339647639046123
0.6955966666666666,45.0,0.012990484394031202,0.16395167927696777
0.696146111111111,45.0,0.012988100870130529,0.16461904484579018
0.6966955555555555,45.0,0.012985777683914346,0.16537982521554528
0.697245,45.0,0.012983503885351407,0.1662357340919045
0.6977944444444444,45.0,0.012981263495011056,0.16715320539809128
0.6983438888888889,45.0,0.012979060001021473,0.1681122276757262
0.6988933333333333,45.0,0.01297688567656549,0.16911238558776912
0.6994427777777777,45.0,0.012974739631495315,0.17011430464933058
0.6999922222222222,45.0,0.012972620864108487,0.17111874256620407
0.7005416666666666,45.0,0.012970525379517997,0.17210727371385165
0.7010911111111111,45.0,0.012968443271169656,0.17305015058568718
0.7016405555555555,45.0,0.012966393021121313,0.17394225248985465
0.70219,45.0,0.012964415648993836,0.17476607246891468
0.7027394444444444,45.0,0.012962463787944745,0.17550476651368593
0.7032888888888889,45.0,0.012960488820770319,0.17614022915954536
0.7038383333333333,45.0,0.012958548850811394,0.17665312071251452
0.7043877777777777,45.0,0.012956641967005036,0.17704527994430772
0.7049372222222222,45.0,0.012954716287494486,0.17731123851663275
0.7054866666666666,45.0,0.012952801977738487,0.17742366965558826
0.7060361111111111,45.0,0.012950898542042453,0.17740794900424595
0.7065855555555555,45.0,0.012948977805480696,0.17726791754099555
0.707135,45.0,0.012947076214702306,0.17698204341209925
0.7076844444444444,45.0,0.012945205809340169,0.1765848939725062
0.7082338888888888,45.0,0.012943348833114635,0.17607721393899536
0.7087833333333333,45.0,0.012941518876386912,0.17545362872557965
0.7093327777777777,45.0,0.012939726889510431,0.17473590311412304
0.7098822222222222,45.0,0.012937969389175744,0.17392925721832178
0.7104316666666667,45.0,0.012936252498489962,0.17305735111639914
0.7109811111111111,45.0,0.012934560880056201,0.17211775947983254
0.7115305555555556,45.0,0.012932866151445907,0.17113890252831668
0.7120799999999999,45.0,0.012931206275722895,0.17014541610502026
0.7126294444444444,45.0,0.012929619007953612,0.1691473251653509
0.7131788888888888,45.0,0.012928071757383908,0.16817178463024945
0.7137283333333333,45.0,0.012926547761263651,0.1672308941000646
0.7142777777777778,45.0,0.012925080171960498,0.1663487355895229
0.7148272222222222,45.0,0.012923683915749473,0.1655304407177349
0.7153766666666667,45.0,0.012922324632446362,0.16479706471091685
0.715926111111111,45.0,0.0129210102709643,0.16415598378754503
0.7164755555555555,45.0,0.01291976391558825,0.16360147704889813
0.7170249999999999,45.0,0.012918536263153263,0.16316670857950766
0.7175744444444444,45.0,0.012917340137007792,0.16284890017995862
0.7181238888888889,45.0,0.012916213927813459,0.16264374646453164
0.7186733333333333,45.0,0.01291511222617193,0.162578634390688
0.7192227777777778,45.0,0.012914040887989947,0.16264336048152558
0.7197722222222221,45.0,0.012913034449433959,0.1628358680094105
0.7203216666666666,45.0,0.01291208705237399,0.1631599485816199
0.720871111111111,45.0,0.012911219106087037,0.1636033576598048
0.7214205555555555,45.0,0.012910420386281679,0.16415562243767576
0.72197,45.0,0.012909644038716445,0.16479390506337013
0.7225194444444444,45.0,0.01290891624005356,0.1655172726831222
0.7230688888888889,45.0,0.012908268144720184,0.16631369422904319
0.7236183333333333,45.0,0.012907660240766368,0.16715327762037627
0.7241677777777777,45.0,0.012907076468599786,0.1680242599288713
0.7247172222222222,45.0,0.012906547397542946,0.16893411544595707
0.7252666666666666,45.0,0.012906072617951878,0.16984822644547865
0.7258161111111111,45.0,0.012905628104631781,0.17075473445684952
0.7263655555555555,45.0,0.012905231224206254,0.17164964796213222
0.726915,45.0,0.012904891927663885,0.17249676896822178
0.7274644444444444,45.0,0.012904572889557108,0.17329188540246873
0.7280138888888888,45.0,0.012904277966549206,0.1740114148678366
0.7285633333333333,45.0,0.01290403658167087,0.17464443326750695
0.7291127777777777,45.0,0.01290381397761866,0.17517091788274772
0.7296622222222222,45.0,0.01290357212517217,0.17558473501790645
0.7302116666666666,45.0,0.012903337284925999,0.17588771101535897
0.7307611111111111,45.0,0.012903124038483213,0.17607266791036028
0.7313105555555555,45.0,0.012902928333048012,0.17613642362813173
0.73186,45.0,0.012902770193687378,0.17608407634004034
0.7324094444444444,45.0,0.012902620728608517,0.17591263319580694
0.7329588888888888,45.0,0.01290247583851185,0.1756294526296292
0.7335083333333333,45.0,0.012902392134747904,0.17523779551023927
0.7340577777777777,45.0,0.012902329616536479,0.17473869394178362
0.7346072222222222,45.0,0.012902261704958954,0.17413510548876668
0.7351566666666667,45.0,0.012902236554673669,0.1734366506261721
0.7357061111111111,45.0,0.012902232641102586,0.17267668674716063
0.7362555555555556,45.0,0.01290223191808357,0.1718440341147635
0.7368049999999999,45.0,0.012902266473228778,0.17096675531770208
0.7373544444444444,45.0,0.012902334999948339,0.17007162859501745
0.7379038888888888,45.0,0.012902411044155576,0.16916872745773415
0.7384533333333333,45.0,0.012902509136219818,0.16827745307567823
0.7390027777777778,45.0,0.01290267231778716,0.1674107385339177
0.7395522222222222,45.0,0.01290288382868715,0.16658378393911952
0.7401016666666667,45.0,0.012903101835000853,0.16580205159376496
0.740651111111111,45.0,0.012903337621523014,0.1650754153963583
0.7412005555555555,45.0,0.012903602525017904,0.1644324057556362
0.7417499999999999,45.0,0.01290388800037456,0.1638675291805184
0.7422994444444444,45.0,0.012904202942716405,0.16338453176854273
0.7428488888888889,45.0,0.012904539566062252,0.1630145404540864
0.7433983333333333,45.0,0.012904891895169546,0.16275956055508328
0.7439477777777778,45.0,0.01290529857488354,0.1626236592312233
0.7444972222222221,45.0,0.012905755831864901,0.16260831565808184
0.7450466666666666,45.0,0.01290623250268232,0.16271685797092014
0.7455961111111111,45.0,0.012906762554039126,0.1629374433044408
0.7461455555555555,45.0,0.012907349511959746,0.16327375359730126
0.746695,45.0,0.012907954117921139,0.16370564767802398
0.7472444444444444,45.0,0.01290861246421088,0.1642271197583652
0.7477938888888889,45.0,0.012909332796384005,0.16482056151077737
0.7483433333333332,45.0,0.012910046677728871,0.16548935335367002
0.7488927777777777,45.0,0.012910777985994604,0.1662246527363479
0.7494422222222222,45.0,0.01291157651762373,0.1669974800985003
0.7499916666666666,45.0,0.012912416445787714,0.16781687788188515
0.7505411111111111,45.0,0.012913287031139082,0.16865446788969304
0.7510905555555555,45.0,0.012914188957115172,0.16949778568130988
0.75164,45.0,0.01291512400861076,0.17033510392729465
0.7521894444444444,45.0,0.012916091802297539,0.1711456516337841
0.7527388888888888,45.0,0.012917076323493249,0.17190222289028964
0.7532883333333333,45.0,0.012918073530177645,0.17259002377095006
0.7538377777777777,45.0,0.012919072075706762,0.17321290589944185
0.7543872222222222,45.0,0.012920083916898502,0.1737537515415635
0.7549366666666666,45.0,0.012921120458607228,0.17418906997129271
0.7554861111111111,45.0,0.012922154464097276,0.17453364313091607
0.7560355555555556,45.0,0.012923204462087914,0.1747842499004941
0.756585,45.0,0.012924280574836116,0.17493161187988399
0.7571344444444444,45.0,0.012925354771213976,0.1749747218148364
0.7576838888888888,45.0,0.012926465069099622,0.17490907249529503
0.7582333333333333,45.0,0.012927631877806676,0.17474003931274668
0.7587827777777777,45.0,0.012928787994415464,0.17444975736782994
0.7593322222222222,45.0,0.012929928341717864,0.17406898310688795
0.7598816666666667,45.0,0.012931110542342463,0.17358894969520383
0.7604311111111111,45.0,0.012932309137952418,0.1730111750049076
0.7609805555555555,45.0,0.012933498324209826,0.17236316644024674
0.7615299999999999,45.0,0.012934713535204794,0.1716558765555491
0.7620794444444444,45.0,0.012935949083605416,0.17090742362561143
0.7626288888888888,45.0,0.01293720017182683,0.17012917691712334
0.7631783333333333,45.0,0.012938484925158793,0.1693349958173258
0.7637277777777778,45.0,0.012939781709026002,0.16853246521950122
0.7642772222222222,45.0,0.012941082019466773,0.1677482967978954
0.7648266666666667,45.0,0.012942401620840187,0.16698050443688137
0.765376111111111,45.0,0.012943733173506071,0.16624245648940586
0.7659255555555555,45.0,0.01294507422560628,0.1655420887724763
0.7664749999999999,45.0,0.01294642674719393,0.16489788041524497
0.7670244444444444,45.0,0.01294777886306369,0.1643361764087074
0.7675738888888889,45.0,0.012949126061447169,0.16384842684763906
0.7681233333333333,45.0,0.01295049460105829,0.1634530750835294
0.7686727777777778,45.0,0.012951918923081744,0.1631706143055874
0.7692222222222221,45.0,0.012953359474649205,0.16298613826490893
0.7697716666666666,45.0,0.01295479130289292,0.16291417250359733
0.7703211111111111,45.0,0.01295627756587946,0.16295408349322485
0.7708705555555555,45.0,0.012957796483081836,0.16309042926859077
0.77142,45.0,0.01295930067529558,0.16332010768342883
0.7719694444444444,45.0,0.012960830772680213,0.16363798161282433
0.7725188888888889,45.0,0.012962380488536419,0.16405445242997713
0.7730683333333332,45.0,0.012963930226147707,0.1645401554137189
0.7736177777777777,45.0,0.01296550975834995,0.16509605780419248
0.7741672222222222,45.0,0.012967112761954962,0.165719883991039
0.7747166666666666,45.0,0.01296871313913096,0.16640635158553202
0.7752661111111111,45.0,0.012970324680574762,0.1671351475655656
0.7758155555555555,45.0,0.012971955330573178,0.16788678707700033
0.776365,45.0,0.012973593056038945,0.1686572343928503
0.7769144444444444,45.0,0.012975247621875904,0.16941637752598335
0.7774638888888888,45.0,0.012976895857513136,0.17015474961182953
0.7780133333333333,45.0,0.012978506422102305,0.1708663444195297
0.7785627777777777,45.0,0.012980115962885952,0.17151813415387615
0.7791122222222222,45.0,0.012981739634124972,0.1721115916455325
0.7796616666666666,45.0,0.012983342640151312,0.1726500113851552
0.7802111111111111,45.0,0.012984924486584818,0.17310580586359733
0.7807605555555556,45.0,0.01298652356525947,0.1734935028126355
0.78131,45.0,0.012988142955534215,0.17379363517429242
0.7818594444444444,45.0,0.012989744775817172,0.17400024255728086
0.7824088888888888,45.0,0.012991343730518442,0.17411282126050642
0.7829583333333333,45.0,0.012992955698904974,0.17412705726531164
0.7835077777777777,45.0,0.012994542291491955,0.17403965130714416
0.7840572222222222,45.0,0.012996126276463061,0.17384446243448715
0.7846066666666667,45.0,0.012997733755561248,0.1735435008420946
0.785156111111111,45.0,0.012999316233361834,0.17316457039056057
0.7857055555555555,45.0,0.013000880262538799,0.17270907685934758
0.7862549999999999,45.0,0.01300245409743834,0.1721678737575747
0.7868044444444444,45.0,0.013004022938241476,0.17158256585917894
0.7873538888888888,45.0,0.013005610437668671,0.17095472726287886
0.7879033333333333,45.0,0.0130072077048213,0.17028453255268772
0.7884527777777778,45.0,0.01300877588785116,0.16959581221458236
0.7890022222222222,45.0,0.013010349772868211,0.1688931533243884
0.7895516666666667,45.0,0.013011941913299982,0.1681790852226518
0.790101111111111,45.0,0.01301350797458862,0.16747228398478609
0.7906505555555555,45.0,0.013015046158699318,0.16678666019258745
0.7911999999999999,45.0,0.01301659658533958,0.16613685310322018
0.7917494444444444,45.0,0.013018157379288036,0.1655283626871924
0.7922988888888889,45.0,0.013019709591556019,0.16498049805952875
0.7928483333333333,45.0,0.013021278798799486,0.16450955302695186
0.7933977777777778,45.0,0.013022864698888713,0.16412204921407686
0.7939472222222221,45.0,0.01302444179026504,0.16382408532637535
0.7944966666666666,45.0,0.01302603027495775,0.16361239480851553
0.7950461111111111,45.0,0.013027654864874585,0.16349728583372194
0.7955955555555555,45.0,0.013029287969296493,0.1634660022807738
0.796145,45.0,0.01303090217440569,0.1635362493230704
0.7966944444444444,45.0,0.013032523695455907,0.16368824365888068
0.7972438888888889,45.0,0.01303415391684588,0.1639146529289168
0.7977933333333332,45.0,0.013035783156384897,0.16424573005921309
0.7983427777777777,45.0,0.013037429406290765,0.16464783526795268
0.7988922222222222,45.0,0.013039063529016133,0.16512226356424164
0.7994416666666666,45.0,0.013040695861026663,0.16567400260975576
0.7999911111111111,45.0,0.0130423678008729,0.1662753492872838
0.8005405555555555,45.0,0.013044023241593098,0.16692102909020348
0.80109,45.0,0.013045641883594042,0.16759624279464166
0.8016394444444443,45.0,0.013047267941724974,0.16828560147697033
0.8021888888888888,45.0,0.013048875145805003,0.16897769060277604
0.8027383333333333,45.0,0.013050448759017431,0.16964590841276442
0.8032877777777777,45.0,0.013052024326798918,0.17029118841127353
0.8038372222222222,45.0,0.013053586671533375,0.17091572559807658
0.8043866666666666,45.0,0.013055107348273799,0.17148872518072875
0.8049361111111111,45.0,0.0130566102475033,0.17200871338456167
0.8054855555555556,45.0,0.013058125017131121,0.17248395697123917
0.806035,45.0,0.013059632227212849,0.17288767334955832
0.8065844444444444,45.0,0.013061106887131205,0.17321684392917103
0.8071338888888888,45.0,0.013062567675144653,0.17346788357212475
0.8076833333333333,45.0,0.01306401809428645,0.1736235876821693
0.8082327777777777,45.0,0.013065443118580414,0.17368979203857043
0.8087822222222222,45.0,0.013066845580829477,0.17366002408446182
0.8093316666666667,45.0,0.013068211580539859,0.173539113775329
0.809881111111111,45.0,0.013069547686506746,0.1733281154338328
0.8104305555555555,45.0,0.013070888510154255,0.17303636096350267
0.8109799999999999,45.0,0.01307221769141325,0.17267251330341926
0.8115294444444444,45.0,0.013073507994154708,0.17224194589052028
0.8120788888888888,45.0,0.013074787957804736,0.1717583274940803
0.8126283333333333,45.0,0.013076055840478204,0.17122182586792847
0.8131777777777778,45.0,0.013077275800992676,0.17064610230696675
0.8137272222222222,45.0,0.01307849240214123,0.17003177015702128
0.8142766666666666,45.0,0.013079708188868621,0.1693926616421387
0.814826111111111,45.0,0.013080859206342619,0.16875209732770272
0.8153755555555555,45.0,0.0130819857708404,0.16809136216371043
0.815925,45.0,0.013083122349549616,0.1674523355683683
0.8164744444444444,45.0,0.013084236682480634,0.1668524378844626
0.8170238888888889,45.0,0.01308533249156679,0.16627742017200894
0.8175733333333333,45.0,0.013086424174543967,0.16576365579275687
0.8181227777777778,45.0,0.01308752144278031,0.165310228861607
0.8186722222222221,45.0,0.013088625692279072,0.1649269153373762
0.8192216666666666,45.0,0.013089723879999161,0.1646148156371107
0.8197711111111111,45.0,0.013090807322366161,0.1643764732048517
0.8203205555555555,45.0,0.013091873852642733,0.16422046055025932
0.82087,45.0,0.013092942181914386,0.16414364596513284
0.8214194444444444,45.0,0.01309401500272611,0.16413958148509433
0.8219688888888889,45.0,0.01309507317747221,0.16422731645566277
0.8225183333333332,45.0,0.01309613249786799,0.16439950517935206
0.8230677777777777,45.0,0.013097193248776711,0.1646439875019708
0.8236172222222222,45.0,0.01309822922642657,0.164978892526683
0.8241666666666666,45.0,0.013099274753972441,0.1653850662511879
0.8247161111111111,45.0,0.013100341046319033,0.16585074461784746
0.8252655555555555,45.0,0.013101366306641344,0.16637659325451304
0.825815,45.0,0.01310236403777877,0.16694121496299968
0.8263644444444445,45.0,0.013103379882685146,0.1675323038324173
0.8269138888888888,45.0,0.0131043717628635,0.16814669881766425
0.8274633333333333,45.0,0.013105317829090819,0.1687682052557203
0.8280127777777777,45.0,0.013106254621938342,0.1693842811857298
0.8285622222222222,45.0,0.013107178036629788,0.16998886045282033
0.8291116666666666,45.0,0.013108087720313,0.17058216660423423
0.8296611111111111,45.0,0.013109003940710353,0.1711412526104216
0.8302105555555556,45.0,0.013109897308483455,0.17166039358619578
0.8307599999999999,45.0,0.01311076368960794,0.17213645139439893
0.8313094444444444,45.0,0.013111623216158956,0.17255422246837748
0.8318588888888888,45.0,0.013112458249303962,0.17290338830851762
0.8324083333333333,45.0,0.013113272983381382,0.17317081718811975
0.8329577777777777,45.0,0.013114071222260723,0.17336647897681604
0.8335072222222222,45.0,0.013114836333942777,0.17347597265596165
0.8340566666666667,45.0,0.013115566093456777,0.17349172932557028
0.834606111111111,45.0,0.01311627858494665,0.17344194969120627
0.8351555555555555,45.0,0.013116991327291924,0.17330948146113387
0.8357049999999999,45.0,0.013117661277161945,0.1730957847909116
0.8362544444444444,45.0,0.01311828641528614,0.17282538937729844
0.8368038888888888,45.0,0.013118926662683108,0.1724824420295941
0.8373533333333333,45.0,0.013119546079773056,0.1720875004395318
0.8379027777777778,45.0,0.013120106764651052,0.17163121928824046
0.8384522222222222,45.0,0.013120644849753806,0.17112774637393222
0.8390016666666666,45.0,0.013121152970162897,0.17059152349294343
0.839551111111111,45.0,0.013121618431247041,0.17001895324457694
0.8401005555555555,45.0,0.013122076661578294,0.16943243896742327
0.84065,45.0,0.01312252093214109,0.1688411829057362
0.8411994444444444,45.0,0.013122929862541804,0.1682547274982308
0.8417488888888889,45.0,0.013123330643509658,0.16769266700932814
0.8422983333333333,45.0,0.013123723622329591,0.16716497789102067
0.8428477777777778,45.0,0.01312409830865504,0.16667026230361873
0.8433972222222221,45.0,0.013124475036917656,0.16622662979574776
0.8439466666666666,45.0,0.013124834362584855,0.16583762067414987
0.8444961111111111,45.0,0.013125159145487323,0.16550442152064074
0.8450455555555555,45.0,0.013125488621897904,0.16523476284893057
0.845595,45.0,0.01312582097699503,0.16503688673820066
0.8461444444444444,45.0,0.013126114184872766,0.1649088770511501
0.8466938888888889,45.0,0.0131263826467074,0.16485478358330632
0.8472433333333332,45.0,0.013126664778165107,0.16488559585857487
0.8477927777777777,45.0,0.01312695245915315,0.1649990588030396
0.8483422222222222,45.0,0.013127217029342489,0.16518295822070272
0.8488916666666666,45.0,0.013127471612680486,0.16543992829992663
0.8494411111111111,45.0,0.013127724368317556,0.16577334740457594
0.8499905555555555,45.0,0.013127938809792196,0.1661609064765747
0.85054,45.0,0.013128138537809607,0.16659855909154517
0.8510894444444445,45.0,0.013128343935134984,0.16707281113624872
0.8516388888888888,45.0,0.013128508091341471,0.16758922284494457
0.8521883333333333,45.0,0.01312865247823113,0.1681214530995778
0.8527377777777777,45.0,0.013128797152136516,0.16867056911305436
0.8532872222222222,45.0,0.013128918989003318,0.16923896259382054
0.8538366666666666,45.0,0.01312904117307372,0.16979254946547861
0.8543861111111111,45.0,0.013129152523963562,0.17034528149317132
0.8549355555555556,45.0,0.01312922980999877,0.17087785185064971
0.8554849999999999,45.0,0.013129313213569107,0.17138172178513805
0.8560344444444444,45.0,0.013129405573342343,0.1718429184949317
0.8565838888888888,45.0,0.013129454635477844,0.1722490446232302
0.8571333333333333,45.0,0.01312946485372661,0.172604216306164
0.8576827777777777,45.0,0.013129474591188144,0.17289186994829556
0.8582322222222222,45.0,0.01312946533428166,0.17310911477641364
0.8587816666666667,45.0,0.013129426793340424,0.17326187244680577
0.859331111111111,45.0,0.01312938426514863,0.17333180335044032
0.8598805555555555,45.0,0.01312932766875061,0.1733376036247703
0.8604299999999999,45.0,0.013129238204889695,0.17327860198525621
0.8609794444444444,45.0,0.013129130479836182,0.17314240485523014
0.8615288888888888,45.0,0.013129018857164358,0.17293846256074527
0.8620783333333333,45.0,0.013128876302478366,0.1726726522814598
0.8626277777777778,45.0,0.013128691548523433,0.1723469782676581
0.8631772222222222,45.0,0.013128495591324464,0.17195981596997403
0.8637266666666666,45.0,0.013128282515375537,0.17152835366958505
0.864276111111111,45.0,0.01312804328852251,0.17105544768998937
0.8648255555555555,45.0,0.013127790776136876,0.17055331389341527
0.865375,45.0,0.013127505983198454,0.17002836027115317
0.8659244444444444,45.0,0.013127212333157572,0.16950902135907153
0.8664738888888889,45.0,0.013126948654619488,0.16898447858977464
0.8670233333333333,45.0,0.013126660953011416,0.16846458811566362
0.8675727777777777,45.0,0.013126343602344753,0.1679762082217324
0.8681222222222221,45.0,0.013126043798576015,0.16751300370581249
0.8686716666666666,45.0,0.013125723397791602,0.16708407783571583
0.8692211111111111,45.0,0.013125376580058133,0.16669193858514222
0.8697705555555555,45.0,0.013125041753792635,0.16635098792378428
0.87032,45.0,0.013124698015169217,0.16606445022398236
0.8708694444444444,45.0,0.013124329977830503,0.16583731386150544
0.8714188888888889,45.0,0.013123962604465687,0.16567919922004742
0.8719683333333332,45.0,0.013123609581168498,0.16558830572942967
0.8725177777777777,45.0,0.01312324431801675,0.16556593523490484
0.8730672222222222,45.0,0.01312285556689058,0.16562408801154674
0.8736166666666666,45.0,0.013122467935083594,0.16574577392022824
0.8741661111111111,45.0,0.013122079755286285,0.16593785337876385
0.8747155555555555,45.0,0.013121681568000301,0.16618369910039354
0.875265,45.0,0.013121268076423812,0.16648942785301196
0.8758144444444445,45.0,0.013120826300615559,0.16684609717927162
0.8763638888888888,45.0,0.013120369633139894,0.1672415687812866
0.8769133333333333,45.0,0.013119923505782826,0.16768473813632961
0.8774627777777777,45.0,0.013119472073809252,0.1681471009873201
0.8780122222222222,45.0,0.013118997399324081,0.16863294209742746
0.8785616666666666,45.0,0.01311853571570521,0.16914501309013552
0.8791111111111111,45.0,0.013118074781150199,0.1696579865068601
0.8796605555555556,45.0,0.01311757835302538,0.17015877602122925
0.8802099999999999,45.0,0.013117093307786163,0.17065181698817541
0.8807594444444444,45.0,0.013116607646386638,0.1711182388009776
0.8813088888888888,45.0,0.013116070948276971,0.1715534254443558
0.8818583333333333,45.0,0.01311553186410147,0.17194166121803148
0.8824077777777777,45.0,0.013115005723750796,0.17228242573764305
0.8829572222222222,45.0,0.013114449180671034,0.1725754671013322
0.8835066666666667,45.0,0.013113868668273977,0.17280416862920103
0.884056111111111,45.0,0.013113278701102554,0.17297938124447212
0.8846055555555555,45.0,0.013112681097355833,0.17309729419156336
0.8851549999999999,45.0,0.013112080780506572,0.17314311068242783
0.8857044444444444,45.0,0.013111464200631369,0.173121891422255
0.8862538888888889,45.0,0.013110821287017679,0.1730469305999203
0.8868033333333333,45.0,0.013110155765325338,0.17289930247578553
0.8873527777777778,45.0,0.01310947770518661,0.17269160385436438
0.8879022222222221,45.0,0.013108784363381353,0.17242187315829438
0.8884516666666666,45.0,0.01310806361625845,0.17210005158276528
0.889001111111111,45.0,0.01310734150120284,0.17173574373712636
0.8895505555555555,45.0,0.01310661821852793,0.17133037032444265
0.8901,45.0,0.013105871704148961,0.17089733283866954
0.8906494444444444,45.0,0.013105139230349706,0.17043655740509908
0.8911988888888889,45.0,0.01310441874584711,0.1699710593434646
0.8917483333333333,45.0,0.013103662825517006,0.16949898169710875
0.8922977777777777,45.0,0.013102901405487652,0.16902877137527458
0.8928472222222221,45.0,0.013102173563711282,0.16856620183676727
0.8933966666666666,45.0,0.01310143375919843,0.16812220659266935
0.8939461111111111,45.0,0.013100666782688605,0.16770925781394497
0.8944955555555555,45.0,0.013099911419759695,0.16732167314577379
0.895045,45.0,0.01309915234910414,0.1669820604232421
0.8955944444444444,45.0,0.013098393112442755,0.16669682609780012
0.8961438888888889,45.0,0.013097655315311303,0.1664472454022242
0.8966933333333333,45.0,0.013096909090967192,0.16627127554273666
0.8972427777777777,45.0,0.013096164215451143,0.16616220626787093
0.8977922222222222,45.0,0.013095434502389968,0.16610100870274766
0.8983416666666666,45.0,0.013094695276467921,0.16611017422382868
0.8988911111111111,45.0,0.013093953098319847,0.16617705077912256
0.8994405555555555,45.0,0.013093213496364694,0.1663090972942254
0.89999,45.0,0.013092465938117165,0.16649288605149853
0.9005394444444444,45.0,0.013091712994652975,0.1667264517615109
0.9010888888888888,45.0,0.013090976089064395,0.1670146375421466
0.9016383333333333,45.0,0.01309025806043581,0.16734696541530394
0.9021877777777777,45.0,0.01308951880921969,0.16771618642735794
0.9027372222222222,45.0,0.013088772595146467,0.16812535189175762
0.9032866666666666,45.0,0.013088068422005586,0.16855820208943317
0.9038361111111111,45.0,0.013087368383801055,0.1690014869543409
0.9043855555555556,45.0,0.013086646022725738,0.1694624101211541
0.9049349999999999,45.0,0.013085938256194017,0.16992040246201154
0.9054844444444444,45.0,0.013085226524723121,0.17036446642332248
0.9060338888888888,45.0,0.013084495840203202,0.17079797556666915
0.9065833333333333,45.0,0.0130837761420818,0.17120004476099226
0.9071327777777777,45.0,0.013083051029822672,0.17157067984225127
0.9076822222222222,45.0,0.013082309771263956,0.17191187457999596
0.9082316666666667,45.0,0.013081579120498699,0.17220449835890117
0.908781111111111,45.0,0.013080848900591815,0.1724486888557445
0.9093305555555555,45.0,0.01308010499102717,0.17263907455782157
0.9098799999999999,45.0,0.013079363706002425,0.17278274581238962
0.9104294444444444,45.0,0.013078604853063018,0.17285983649958186
0.9109788888888889,45.0,0.013077816673625368,0.17287665761669882
0.9115283333333333,45.0,0.013077044422351289,0.17282908341805633
0.9120777777777778,45.0,0.013076273816058437,0.17272704453935378
0.9126272222222221,45.0,0.01307546423774355,0.17256566920596772
0.9131766666666666,45.0,0.013074644263030928,0.1723411124170068
0.913726111111111,45.0,0.013073839450510017,0.17208597613498036
0.9142755555555555,45.0,0.01307303779749769,0.17177436359327847
0.914825,45.0,0.013072222799835293,0.17142432057676432
0.9153744444444444,45.0,0.013071416423280422,0.17105660280001508
0.9159238888888889,45.0,0.013070624924596727,0.17065452485280566
0.9164733333333333,45.0,0.013069814594441507,0.17023569646445136
0.9170227777777777,45.0,0.013069011686739506,0.16980735697473243
0.9175722222222221,45.0,0.013068220963710776,0.16937152328252222
0.9181216666666666,45.0,0.013067404898121783,0.16894694012669137
0.9186711111111111,45.0,0.013066595003440368,0.16852805895801184
0.9192205555555555,45.0,0.013065803885531012,0.1681272342724989
0.91977,45.0,0.013065010442444226,0.16776050596720382
0.9203194444444444,45.0,0.013064233397580314,0.16742424367634226
0.9208688888888888,45.0,0.01306345951726942,0.16713113750746109
0.9214183333333333,45.0,0.013062670320823259,0.1668857042434766
0.9219677777777777,45.0,0.01306190940694905,0.16668420448188295
0.9225172222222222,45.0,0.013061175282731277,0.16653838783562389
0.9230666666666666,45.0,0.013060417821457325,0.16645072191756183
0.9236161111111111,45.0,0.013059658087833402,0.1664087047935346
0.9241655555555555,45.0,0.013058926463747107,0.16642767411014878
0.924715,45.0,0.013058193494273135,0.16650601711871327
0.9252644444444444,45.0,0.013057456824503712,0.1666310613927025
0.9258138888888888,45.0,0.013056744484919945,0.16681194656231563
0.9263633333333333,45.0,0.013056047567296135,0.16704818291796555
0.9269127777777777,45.0,0.013055355162235271,0.16732565106165329
0.9274622222222222,45.0,0.01305468673475437,0.16763917933328976
0.9280116666666666,45.0,0.01305404174338626,0.16799111360097826
0.9285611111111111,45.0,0.013053393539387143,0.16837089936353525
0.9291105555555556,45.0,0.01305274041754415,0.16876559664418533
0.9296599999999999,45.0,0.013052106524311465,0.1691678339425754
0.9302094444444444,45.0,0.013051486065782361,0.16957662104134225
0.9307588888888888,45.0,0.013050866286427544,0.1699877005723418
0.9313083333333333,45.0,0.01305025574918901,0.17037586743822786
0.9318577777777777,45.0,0.013049633704074741,0.17075447545455402
0.9324072222222222,45.0,0.013049020396233934,0.17111744484950672
0.9329566666666667,45.0,0.013048443826046452,0.1714367319843104
0.933506111111111,45.0,0.013047846601575416,0.17173224645590884
0.9340555555555555,45.0,0.013047240585025224,0.1719858055332518
0.9346049999999999,45.0,0.013046667098719237,0.1721863608977064
0.9351544444444444,45.0,0.013046078989427213,0.17234574993395727
0.9357038888888889,45.0,0.013045474786706965,0.17244526297668053
0.9362533333333333,45.0,0.013044885135037914,0.17249184386682717
0.9368027777777778,45.0,0.013044287775833703,0.17248671621424533
0.9373522222222221,45.0,0.013043675478607528,0.17242329265232276
0.9379016666666666,45.0,0.013043081498368051,0.172311345814145
0.938451111111111,45.0,0.013042509418087184,0.17214722264741772
0.9390005555555555,45.0,0.013041929801455096,0.1719387425911973
0.93955,45.0,0.013041345654752186,0.17169140097514965
0.9400994444444444,45.0,0.013040773759531651,0.17139827658840567
0.9406488888888889,45.0,0.013040213336627677,0.17107487459970394
0.9411983333333332,45.0,0.013039659815592889,0.1707267805431135
0.9417477777777777,45.0,0.013039106038821613,0.17035210871857898
0.9422972222222221,45.0,0.01303854588862529,0.16995687085435038
0.9428466666666666,45.0,0.013037992032325635,0.16956494406092415
0.9433961111111111,45.0,0.013037458744731877,0.16917018443392487
0.9439455555555555,45.0,0.013036922926048949,0.16877608726559215
0.944495,45.0,0.013036379611609137,0.16840662458847463
0.9450444444444444,45.0,0.01303586740290298,0.1680579587917722
0.9455938888888888,45.0,0.013035369377450881,0.1677351437895214
0.9461433333333333,45.0,0.013034859239765766,0.1674435438509501
0.9466927777777777,45.0,0.0130343781436412,0.16719367933517237
0.9472422222222222,45.0,0.013033906381485076,0.16698136243014214
0.9477916666666666,45.0,0.013033403548142664,0.16681349073815607
0.9483411111111111,45.0,0.013032927189856169,0.16669094249067995
0.9488905555555555,45.0,0.013032483832100369,0.16662110022282725
0.94944,45.0,0.013032029251424004,0.16660058868835154
0.9499894444444444,45.0,0.013031585418889382,0.16662739403395582
0.9505388888888888,45.0,0.013031160711076413,0.16671448615557916
0.9510883333333333,45.0,0.013030751845283616,0.16684744785369254
0.9516377777777777,45.0,0.013030367248349443,0.16702427821292337
0.9521872222222222,45.0,0.01302999227644236,0.16725307348339585
0.9527366666666666,45.0,0.013029624486529905,0.16750848701097631
0.9532861111111111,45.0,0.013029272147989903,0.16780274630968606
0.9538355555555555,45.0,0.01302893970698028,0.1681269705785814
0.9543849999999999,45.0,0.013028610173725285,0.16846166629754764
0.9549344444444444,45.0,0.013028274395124124,0.16882147759941316
0.9554838888888888,45.0,0.01302795829541582,0.16918311208710754
0.9560333333333333,45.0,0.013027652350908709,0.1695562808916145
0.9565827777777778,45.0,0.013027345104944448,0.16992091179890775
0.9571322222222222,45.0,0.013027066250734359,0.17027253886204222
0.9576816666666667,45.0,0.013026802690894172,0.17061660422766503
0.958231111111111,45.0,0.013026513267726868,0.17093042767941938
0.9587805555555555,45.0,0.013026230007219556,0.1712141702903506
0.9593299999999999,45.0,0.01302598249046464,0.17146463974590545
0.9598794444444444,45.0,0.013025718903444273,0.17167535805553885
0.9604288888888889,45.0,0.01302543999728098,0.1718365232064689
0.9609783333333333,45.0,0.013025183883232582,0.17195279975442235
0.9615277777777778,45.0,0.013024924893261972,0.17202953341369295
0.9620772222222221,45.0,0.013024668961369144,0.17205250501447583
0.9626266666666666,45.0,0.013024431048638253,0.17202536608518723
0.963176111111111,45.0,0.013024184767358437,0.17195951620772845
0.9637255555555555,45.0,0.013023950496351966,0.1718455452707925
0.964275,45.0,0.013023742510325242,0.17168712489157587
0.9648244444444444,45.0,0.013023530954667994,0.1714852699519283
0.9653738888888889,45.0,0.013023322663882831,0.17124856652938814
0.9659233333333332,45.0,0.01302312399263272,0.17097252019548817
0.9664727777777777,45.0,0.013022917439803973,0.17067167136251815
0.9670222222222222,45.0,0.013022713388937127,0.17034558408136152
0.9675716666666666,45.0,0.013022531316290008,0.17000236729505752
0.9681211111111111,45.0,0.013022364765546636,0.1696478645359348
0.9686705555555555,45.0,0.013022183718325737,0.16929201111625405
0.96922,45.0,0.013022006984082722,0.16894387765459673
0.9697694444444444,45.0,0.013021871971003547,0.1685952633762069
0.9703188888888888,45.0,0.013021734340236978,0.16827233352909582
0.9708683333333333,45.0,0.013021583447740485,0.16796175571012298
0.9714177777777777,45.0,0.013021460758963429,0.16767435588718946
0.9719672222222222,45.0,0.013021344913292867,0.16742388557066776
0.9725166666666666,45.0,0.013021227329987992,0.1672028246948802
0.9730661111111111,45.0,0.013021130065489783,0.16701837347096815
0.9736155555555555,45.0,0.013021035477115332,0.16687682044532648
0.974165,45.0,0.013020941046352204,0.16678521198393223
0.9747144444444444,45.0,0.013020877204427097,0.16674323184016937
0.9752638888888888,45.0,0.013020833007289321,0.16673879712845202
0.9758133333333333,45.0,0.013020795643066442,0.1667887155201952
0.9763627777777777,45.0,0.013020787207084687,0.16688940466126553
0.9769122222222222,45.0,0.013020779866067107,0.1670195330316392
0.9774616666666666,45.0,0.01302076709658311,0.16720052010312436
0.978011111111111,45.0,0.013020793025550174,0.16741152503339976
0.9785605555555555,45.0,0.013020828095695899,0.16765292920131084
0.9791099999999999,45.0,0.01302084551466691,0.16792109941271544
0.9796594444444444,45.0,0.013020878598942211,0.16821477332967025
0.9802088888888888,45.0,0.013020938353546818,0.16852982471522193
0.9807583333333333,45.0,0.01302100209325988,0.16885078901259973
0.9813077777777778,45.0,0.013021057531012391,0.16918265795631676
0.9818572222222222,45.0,0.01302112903559384,0.16951813974917088
0.9824066666666667,45.0,0.01302121621242781,0.16984702982496194
0.982956111111111,45.0,0.013021295136866982,0.1701605568892073
0.9835055555555555,45.0,0.013021387137561938,0.17045847260964433
0.9840549999999999,45.0,0.013021486849722201,0.17072639465004605
0.9846044444444444,45.0,0.013021562707749856,0.170970904797957
0.9851538888888889,45.0,0.01302164571119242,0.1711821077186219
0.9857033333333333,45.0,0.013021742944154039,0.17135474834256287
0.9862527777777778,45.0,0.013021833290245957,0.17148797396245805
0.9868022222222221,45.0,0.013021941387364368,0.17158488125482846
0.9873516666666666,45.0,0.013022051561085173,0.17164090661323628
0.987901111111111,45.0,0.013022147922293387,0.17165030318793434
0.9884505555555555,45.0,0.013022273375478049,0.1716194297527027
0.989,45.0,0.01302241107496663,0.1715444107768695
0.9895494444444444,45.0,0.013022520254141677,0.17142256750404516
0.9900988888888889,45.0,0.013022634778502906,0.17126296241204342
0.9906483333333332,45.0,0.013022776243011173,0.1710683304204926
0.9911977777777777,45.0,0.013022906541027623,0.17083400956553652
0.9917472222222222,45.0,0.013023026597832188,0.1705744313195256
0.9922966666666666,45.0,0.013023163129311002,0.17028818629628786
0.9928461111111111,45.0,0.01302329791842821,0.16999790039350582
0.9933955555555555,45.0,0.01302343210906424,0.16968613469074773
0.993945,45.0,0.013023585430786026,0.16936391166903217
0.9944944444444443,45.0,0.013023749990951357,0.16905478129299067
0.9950438888888888,45.0,0.013023908651058236,0.1687387396376475
0.9955933333333333,45.0,0.013024061496502228,0.16843313041462707
0.9961427777777777,45.0,0.01302422978662548,0.16814609397831307
0.9966922222222222,45.0,0.013024403062997533,0.16786937060437054
0.9972416666666666,45.0,0.013024575893770048,0.16762191184298844
0.9977911111111111,45.0,0.013024762324595724,0.16740241251906043
0.9983405555555555,45.0,0.013024944109115205,0.16721664377735995
0.99889,45.0,0.013025147133395646,0.16707243521211537
0.9994394444444444,45.0,0.013025384137502297,0.1669587971696053
0.9999888888888888,45.0,0.013025601623736458,0.1668972878022913
1.0005383333333333,45.0,0.01302582682499152,0.16687359042317257
1.0010877777777778,45.0,0.01302609459990169,0.1668926935080837
1.001637222222222,45.0,0.013026357723105836,0.16695052759057297
1.0021866666666666,45.0,0.013026619209500196,0.16704791137477032
1.002736111111111,45.0,0.013026907006568923,0.1671780729128588
1.0032855555555555,45.0,0.013027189395252452,0.1673495100759234
1.003835,45.0,0.013027463364913365,0.1675549286475821
1.0043844444444443,45.0,0.013027762376033047,0.1677776014276216
1.0049338888888888,45.0,0.013028077212613249,0.1680363266285222
1.0054833333333333,45.0,0.013028387249570545,0.16831561257017055
1.0060327777777778,45.0,0.013028700440378045,0.16860845670936053
1.0065822222222223,45.0,0.013029026477510277,0.16890725774112805
1.0071316666666665,45.0,0.013029357927928278,0.16921499684231556
1.007681111111111,45.0,0.013029689388220904,0.1695152883240578
1.0082305555555555,45.0,0.013030016101436278,0.16980404983300398
1.00878,45.0,0.013030335605621595,0.17008310025153453
1.0093294444444445,45.0,0.013030665714999688,0.17034008748552396
1.0098788888888888,45.0,0.013031007900726936,0.1705746795187118
1.0104283333333333,45.0,0.01303133715223906,0.17077879265657883
1.0109777777777778,45.0,0.013031656937652993,0.17096025155571037
1.0115272222222222,45.0,0.013031998750689213,0.1711152618854529
1.0120766666666665,45.0,0.01303234403164281,0.17122046020340495
1.012626111111111,45.0,0.013032673590756048,0.17129900008516627
1.0131755555555555,45.0,0.013033029192671068,0.17134114308547455
1.013725,45.0,0.013033382713900622,0.17133010182016206
1.0142744444444445,45.0,0.013033700135711732,0.17129489437893605
1.0148238888888887,45.0,0.013034038834548622,0.17120598222039485
1.0153733333333332,45.0,0.013034385970570179,0.17108168602885776
1.0159227777777777,45.0,0.013034706195766445,0.170930162354066
1.0164722222222222,45.0,0.01303502991014212,0.1707390867590066
1.0170216666666667,45.0,0.01303535956843115,0.17052601627224093
1.017571111111111,45.0,0.013035689804234241,0.17028714794527453
1.0181205555555555,45.0,0.013036024347991849,0.17003140621769483
1.01867,45.0,0.013036350447175039,0.16976110028635974
1.0192194444444445,45.0,0.013036667275221219,0.16947945865485567
1.0197688888888887,45.0,0.013036991754139603,0.1691922610464371
1.0203183333333332,45.0,0.01303732557709208,0.1689051038366824
1.0208677777777777,45.0,0.013037648005937628,0.16861564032964782
1.0214172222222222,45.0,0.013037962787719045,0.1683388884495643
1.0219666666666667,45.0,0.013038289130309931,0.1680847751479508
1.022516111111111,45.0,0.01303861376280376,0.16784301115423245
1.0230655555555555,45.0,0.013038933983805694,0.16762480577515876
1.023615,45.0,0.01303927966737438,0.1674464427539154
1.0241644444444444,45.0,0.013039636164755352,0.1672975108506163
1.024713888888889,45.0,0.013039972511455538,0.16717878991057436
1.0252633333333332,45.0,0.013040326155762238,0.16710041652310934
1.0258127777777777,45.0,0.013040708526544665,0.167056701492441
1.0263622222222222,45.0,0.013041068828199588,0.16704929856905543
1.0269116666666667,45.0,0.013041421007397002,0.1670771446621684
1.0274611111111112,45.0,0.01304179762926401,0.16714079564093312
1.0280105555555554,45.0,0.013042171384898648,0.1672403583329167
1.02856,45.0,0.013042547633393584,0.16737331124929347
1.0291094444444444,45.0,0.013042937315812088,0.16753323876382933
1.029658888888889,45.0,0.013043310650514738,0.1677343921280322
1.0302083333333332,45.0,0.01304369268608256,0.16795382982244983
1.0307577777777777,45.0,0.013044094929855537,0.16819042324883923
1.0313072222222222,45.0,0.013044483082376265,0.1684540132144942
1.0318566666666666,45.0,0.013044875310119643,0.16871673437126647
1.0324061111111111,45.0,0.01304527355328539,0.16899012722309373
1.0329555555555554,45.0,0.013045656698730233,0.16926774948264547
1.033505,45.0,0.013046036541677044,0.16952763382444055
1.0340544444444444,45.0,0.013046427564081694,0.16979006694211146
1.0346038888888889,45.0,0.013046820317584269,0.1700399627933005
1.0351533333333334,45.0,0.013047191945951435,0.1702666883259354
1.0357027777777776,45.0,0.013047572184217447,0.17048007380942545
1.0362522222222221,45.0,0.013047981134593102,0.17066367521556225
1.0368016666666666,45.0,0.013048370479126931,0.17082653956708824
1.0373511111111111,45.0,0.013048742112738335,0.17095293829907932
1.0379005555555556,45.0,0.013049128732942679,0.1710437603776819
1.0384499999999999,45.0,0.013049509749556524,0.17110371029615284
1.0389994444444444,45.0,0.013049878972278372,0.17112278425164978
1.0395488888888889,45.0,0.013050254440902602,0.1710994094529065
1.0400983333333333,45.0,0.013050616578285785,0.1710468336787864
1.0406477777777776,45.0,0.013050962181037748,0.1709630667351318
1.041197222222222,45.0,0.013051320132390028,0.17083812905256618
1.0417466666666666,45.0,0.013051671037304298,0.1706891762989049
1.042296111111111,45.0,0.013052010202014023,0.17052010077884056
1.0428455555555556,45.0,0.013052363000695547,0.17032056290987233
1.0433949999999999,45.0,0.013052699479452758,0.17010214522800357
1.0439444444444443,45.0,0.013053020815508168,0.16986987885829644
1.0444938888888888,45.0,0.0130533630524928,0.16961952917459264
1.0450433333333333,45.0,0.013053691456036846,0.16936435816870937
1.0455927777777778,45.0,0.01305398924856835,0.16910194396331665
1.046142222222222,45.0,0.013054300194904344,0.1688414978742049
1.0466916666666666,45.0,0.01305462672496129,0.16858857830607127
1.047241111111111,45.0,0.013054943706905341,0.1683456191386218
1.0477905555555556,45.0,0.013055251595173751,0.16812116211232633
1.04834,45.0,0.013055568243346326,0.1679186843521742
1.0488894444444443,45.0,0.013055892071753762,0.1677351971173738
1.0494388888888888,45.0,0.013056206384427145,0.16758479503572438
1.0499883333333333,45.0,0.013056531545687118,0.1674597353621746
1.0505377777777778,45.0,0.013056861470238552,0.16735643365158168
1.051087222222222,45.0,0.013057170343401044,0.16730081093813515
1.0516366666666666,45.0,0.013057489007535662,0.16726629126658404
1.052186111111111,45.0,0.013057811630558056,0.16726256765590758
1.0527355555555555,45.0,0.013058120705264077,0.1673057209314223
1.053285,45.0,0.013058442330853601,0.16737399780363657
1.0538344444444443,45.0,0.013058758911562109,0.16747887820615565
1.0543838888888888,45.0,0.013059065545128036,0.16761275948381915
1.0549333333333333,45.0,0.013059396873509493,0.1677770128354064
1.0554827777777778,45.0,0.013059728418241738,0.16796825691966405
1.0560322222222223,45.0,0.013060024766302731,0.16817039927245275
1.0565816666666665,45.0,0.013060326940535046,0.1683962971197297
1.057131111111111,45.0,0.013060650389585982,0.16863097659038168
1.0576805555555555,45.0,0.013060950775915754,0.16887162657536792
1.05823,45.0,0.013061244176195917,0.16911247886068786
1.0587794444444445,45.0,0.013061549625312212,0.16935878885219066
1.0593288888888888,45.0,0.013061842255197059,0.16960057254053634
1.0598783333333333,45.0,0.013062131045263204,0.16982906386239136
1.0604277777777777,45.0,0.013062428569474304,0.17005388794562742
1.0609772222222222,45.0,0.013062724865208528,0.1702575631256173
1.0615266666666665,45.0,0.013063010462154504,0.17044265166542996
1.062076111111111,45.0,0.013063289909283541,0.17060510479389993
1.0626255555555555,45.0,0.013063574128056666,0.17073732658025337
1.063175,45.0,0.013063847757649944,0.1708401354129526
1.0637244444444445,45.0,0.013064107303639235,0.170913162306321
1.0642738888888887,45.0,0.013064361279493269,0.1709517688739628
1.0648233333333332,45.0,0.013064598997112572,0.170957839518517
1.0653727777777777,45.0,0.013064845081764635,0.17093468030306008
1.0659222222222222,45.0,0.013065101392870227,0.17087881306124852
1.0664716666666667,45.0,0.013065320058144616,0.17079520724190714
1.067021111111111,45.0,0.013065533577495958,0.17068035164355416
1.0675705555555555,45.0,0.013065769979458039,0.1705424273603767
1.06812,45.0,0.013065977695928353,0.17038228695533972
1.0686694444444444,45.0,0.013066172917453527,0.1701905545603653
1.069218888888889,45.0,0.013066383020992046,0.16998473807307074
1.0697683333333332,45.0,0.013066572312868209,0.1697716615258784
1.0703177777777777,45.0,0.013066747226017745,0.16953505622911794
1.0708672222222222,45.0,0.013066935043639247,0.16930158753500546
1.0714166666666667,45.0,0.013067120585072867,0.1690672816588996
1.071966111111111,45.0,0.013067290677428303,0.1688370045893229
1.0725155555555554,45.0,0.01306746486160405,0.16861716575632513
1.073065,45.0,0.013067648339571494,0.168404833738741
1.0736144444444444,45.0,0.013067830595862749,0.16821886465507874
1.074163888888889,45.0,0.013068011586002093,0.16804034413713
1.0747133333333332,45.0,0.013068179916029299,0.1678858925900266
1.0752627777777777,45.0,0.01306834068750884,0.16775856328442387
1.0758122222222222,45.0,0.013068511927101222,0.16765298702576908
1.0763616666666667,45.0,0.013068685971120311,0.16757401354282178
1.0769111111111112,45.0,0.013068845895102354,0.16752520176248203
1.0774605555555554,45.0,0.013068998162851418,0.1675094631133452
1.07801,45.0,0.0130691692824291,0.16752398209039127
1.0785594444444444,45.0,0.013069334026595799,0.16756945185380076
1.079108888888889,45.0,0.013069479934738774,0.1676482803675528
1.0796583333333334,45.0,0.013069650362420495,0.1677500478597255
1.0802077777777777,45.0,0.013069812606922174,0.16788160870359925
1.0807572222222221,45.0,0.013069947488677021,0.1680383953440435
1.0813066666666666,45.0,0.013070106597849834,0.1682068856513531
1.0818561111111111,45.0,0.01307026486263957,0.16839742279278735
1.0824055555555554,45.0,0.013070393095922261,0.16860100418115567
1.082955,45.0,0.013070527267938756,0.16881550918137458
1.0835044444444444,45.0,0.013070667600700777,0.16903379177982109
1.0840538888888889,45.0,0.013070805052627392,0.16926068780052786
1.0846033333333334,45.0,0.013070948475139371,0.16948550229236714
1.0851527777777776,45.0,0.013071080362931161,0.16970240709628567
1.0857022222222221,45.0,0.013071201316808721,0.1699123435724562
1.0862516666666666,45.0,0.013071329828611295,0.17011411951199046
1.086801111111111,45.0,0.013071455820263093,0.17028987863629935
1.0873505555555556,45.0,0.013071563091805589,0.1704437533112747
1.0878999999999999,45.0,0.013071662013113656,0.17058118336040556
1.0884494444444444,45.0,0.013071766007617197,0.17068800180075722
1.0889988888888888,45.0,0.013071855342648315,0.17076765216808962
1.0895483333333333,45.0,0.013071929475003843,0.17082035275704882
1.0900977777777778,45.0,0.013072013538675677,0.1708464737959345
1.090647222222222,45.0,0.013072087278226016,0.1708444112770533
1.0911966666666666,45.0,0.01307213561208272,0.17081456024810726
1.091746111111111,45.0,0.01307219489963265,0.1707561022693832
1.0922955555555556,45.0,0.013072264622017294,0.17067462458694527
1.0928449999999998,45.0,0.013072299473152372,0.17055736558779946
1.0933944444444443,45.0,0.013072319123466408,0.17042769885355427
1.0939438888888888,45.0,0.013072353322984079,0.17027008501508908
1.0944933333333333,45.0,0.013072369582360568,0.17009220807985254
1.0950427777777778,45.0,0.013072382903764992,0.16990606912434283
1.095592222222222,45.0,0.013072402645978847,0.16970057531216373
1.0961416666666666,45.0,0.013072399516554223,0.16949665307553272
1.096691111111111,45.0,0.013072407107348727,0.16928677076219104
1.0972405555555556,45.0,0.01307242352241091,0.1690795317831596
1.09779,45.0,0.013072417569252518,0.16887435308777007
1.0983394444444443,45.0,0.013072416320620527,0.16867642997463644
1.0988888888888888,45.0,0.013072420595445973,0.16849463599943637
1.0994383333333333,45.0,0.013072410067070802,0.1683226910243568
1.0999877777777778,45.0,0.013072397373890588,0.16816383982679664
1.100537222222222,45.0,0.013072393895216933,0.16803017545273957
1.1010866666666665,45.0,0.013072381021363107,0.1679195582169893
1.101636111111111,45.0,0.01307234822181023,0.16783273769372087
1.1021855555555555,45.0,0.01307232941854521,0.16777199192351655
1.102735,45.0,0.013072331115654095,0.1677447029963472
1.1032844444444443,45.0,0.013072312787343918,0.1677428467182742
1.1038338888888888,45.0,0.013072283799024337,0.1677650793000882
1.1043833333333333,45.0,0.013072272096320395,0.16782485541288886
1.1049327777777778,45.0,0.013072252216864108,0.16790240042915727
1.1054822222222223,45.0,0.01307222267778012,0.16800344860285002
1.1060316666666665,45.0,0.013072202978154437,0.16812549126991178
1.106581111111111,45.0,0.013072172608851525,0.1682709890675841
1.1071305555555555,45.0,0.01307213768891724,0.168430898120325
1.10768,45.0,0.013072118809722382,0.16860599948303007
1.1082294444444445,45.0,0.013072090824240833,0.16879124304025722
1.1087788888888888,45.0,0.013072054829240726,0.16898985382096177
1.1093283333333332,45.0,0.013072034966310977,0.16919410905572688
1.1098777777777777,45.0,0.013072002498038176,0.16939354688772085
1.1104272222222222,45.0,0.013071961899046153,0.1696015694824092
1.1109766666666665,45.0,0.013071945959669809,0.1697888867579789
1.111526111111111,45.0,0.013071909611956424,0.1699746737061762
1.1120755555555555,45.0,0.013071844786850518,0.1701490527169731
1.112625,45.0,0.013071795978146814,0.17029630560227543
1.1131744444444445,45.0,0.013071749772978253,0.17043435455676592
1.1137238888888887,45.0,0.013071687377488955,0.17054823859414867
1.1142733333333332,45.0,0.013071615502057755,0.17063606296545367
1.1148227777777777,45.0,0.013071548793487205,0.17070678237118625
1.1153722222222222,45.0,0.01307148058879744,0.17074949608849335
1.1159216666666667,45.0,0.013071394655484264,0.17076618111632166
1.116471111111111,45.0,0.013071312130243465,0.17075295840274862
1.1170205555555555,45.0,0.013071222942951188,0.17071586977281963
1.11757,45.0,0.013071113812295091,0.17065719216470293
1.1181194444444444,45.0,0.013071013657763683,0.17056303522826535
1.118668888888889,45.0,0.013070908532073369,0.1704501326297504
1.1192183333333332,45.0,0.013070787716519983,0.1703184845333495
1.1197677777777777,45.0,0.013070672538667442,0.17017205253666437
1.1203172222222222,45.0,0.01307054805789703,0.1700033599927432
1.1208666666666667,45.0,0.013070414432642116,0.1698319114162411
1.121416111111111,45.0,0.013070304518763167,0.1696524318261141
1.1219655555555554,45.0,0.01307019036821584,0.16946099374906567
1.122515,45.0,0.013070044061636473,0.16927561707863337
1.1230644444444444,45.0,0.013069912629805159,0.1690912667115911
1.123613888888889,45.0,0.013069794083320707,0.16890505399814376
1.1241633333333332,45.0,0.013069647908820418,0.16872973422980725
1.1247127777777777,45.0,0.013069500707888601,0.1685654326419781
1.1252622222222222,45.0,0.013069366277343432,0.16841226054083216
1.1258116666666667,45.0,0.013069220576075312,0.16828155839729445
1.1263611111111111,45.0,0.013069074884967852,0.16816358624657549
1.1269105555555554,45.0,0.013068937936358983,0.16807061019599634
1.12746,45.0,0.013068795023151772,0.16800400774435342
1.1280094444444444,45.0,0.013068647038011682,0.16795816689478213
1.128558888888889,45.0,0.013068501888213457,0.16793953562766334
1.1291083333333334,45.0,0.013068364108076184,0.16794495417646751
1.1296577777777776,45.0,0.013068224073188861,0.16796753327846362
1.1302072222222221,45.0,0.013068077419145145,0.1680289158045073
1.1307566666666666,45.0,0.01306793108603576,0.16810038775851935
1.1313061111111111,45.0,0.013067777089364421,0.1681937801774706
1.1318555555555554,45.0,0.013067638491793654,0.168319543681029
1.1324049999999999,45.0,0.013067512320323446,0.16844948499612963
1.1329544444444444,45.0,0.013067357998110712,0.16860376160533821
1.1335038888888889,45.0,0.013067217979051932,0.16877106135932435
1.1340533333333334,45.0,0.013067102708136777,0.16894658059466539
1.1346027777777776,45.0,0.013066960261561764,0.16912776568532925
1.1351522222222221,45.0,0.013066815559871037,0.16930955178406587
1.1357016666666666,45.0,0.01306668739966664,0.16949397417163212
1.136251111111111,45.0,0.013066542730627458,0.16967364150473738
1.1368005555555556,45.0,0.013066390942262333,0.16983910090585003
1.1373499999999999,45.0,0.01306625542594171,0.16999816260505965
1.1378994444444444,45.0,0.013066111197813493,0.17014683852312787
1.1384488888888888,45.0,0.013065949986671184,0.1702788495312665
1.1389983333333333,45.0,0.013065796437575706,0.17039169386746028
1.1395477777777778,45.0,0.013065644741481778,0.17048955190888548
1.140097222222222,45.0,0.013065490550086928,0.17056621789606619
1.1406466666666666,45.0,0.013065336030924656,0.17061474587014488
1.141196111111111,45.0,0.013065167529129841,0.1706507651167029
1.1417455555555556,45.0,0.013064994035170838,0.17065151327674613
1.1422949999999998,45.0,0.013064827845969046,0.17063212945061443
1.1428444444444443,45.0,0.013064657519953327,0.17059217790098993
1.1433938888888888,45.0,0.013064470612838464,0.17052156277651107
1.1439433333333333,45.0,0.013064283888053566,0.17043797975208855
1.1444927777777778,45.0,0.01306411618600525,0.17033205764984544
1.145042222222222,45.0,0.013063937554110028,0.1702071467909471
1.1455916666666666,45.0,0.013063745699703061,0.17007068009431653
1.146141111111111,45.0,0.01306357515538113,0.16992008357491278
1.1466905555555555,45.0,0.013063394032617108,0.16976075351822223
1.14724,45.0,0.013063192787331836,0.16959605003852493
1.1477894444444443,45.0,0.013063019904346803,0.16941739249833243
1.1483388888888888,45.0,0.013062843444476694,0.16924518016649093
1.1488883333333333,45.0,0.01306263974198582,0.16908013377927703
1.1494377777777778,45.0,0.01306244924083636,0.1689039722664719
1.1499872222222223,45.0,0.013062261298615383,0.168749900414592
1.1505366666666665,45.0,0.013062070083985133,0.16860835401692403
1.151086111111111,45.0,0.0130618877750037,0.1684716641574385
1.1516355555555555,45.0,0.013061698441553651,0.16836174487438985
1.152185,45.0,0.013061508287889028,0.16826566724861347
1.1527344444444443,45.0,0.013061332316730356,0.1681920631119541
1.1532838888888888,45.0,0.013061156406136502,0.16813676235058278
1.1538333333333333,45.0,0.01306096514692326,0.16810080582263226
1.1543827777777778,45.0,0.013060778903339162,0.1680943781527162
1.1549322222222222,45.0,0.013060607264852218,0.16810145477073932
1.1554816666666665,45.0,0.013060427215645282,0.16813313748577505
1.156031111111111,45.0,0.013060249092141162,0.1681862921555446
1.1565805555555555,45.0,0.01306008719365186,0.16826209331791422
1.15713,45.0,0.013059920129688351,0.1683557908895678
1.1576794444444445,45.0,0.013059742771905428,0.16846739001442587
1.1582288888888888,45.0,0.013059586106971366,0.1685973129695376
1.1587783333333332,45.0,0.013059444855082208,0.16873455467856752
1.1593277777777777,45.0,0.013059278256345518,0.16888824695136614
1.1598772222222222,45.0,0.013059113641358177,0.16904753439218675
1.1604266666666665,45.0,0.013058968087243718,0.16920327304861402
1.160976111111111,45.0,0.01305880593235918,0.16937237500333013
1.1615255555555555,45.0,0.01305864628635703,0.16953348533274473
1.162075,45.0,0.013058492331026154,0.16968745541837138
1.1626244444444445,45.0,0.013058322724770215,0.16984294020139068
1.1631738888888887,45.0,0.013058170157763428,0.16998423901085613
1.1637233333333332,45.0,0.013058025073480866,0.17011440349711066
1.1642727777777777,45.0,0.013057857028608667,0.17022922318779543
1.1648222222222222,45.0,0.013057696545553237,0.1703284975329175
1.1653716666666667,45.0,0.013057542531131382,0.1704110392414116
1.165921111111111,45.0,0.013057371773521318,0.17046923080708162
1.1664705555555555,45.0,0.013057205900360072,0.17050145563320887
1.16702,45.0,0.013057050495198426,0.1705246546935794
1.1675694444444444,45.0,0.013056881844437004,0.1705152336846624
1.168118888888889,45.0,0.01305670047699605,0.17048387860200004
1.1686683333333332,45.0,0.013056534997167671,0.170443078006261
1.1692177777777777,45.0,0.013056382383656098,0.17037247128874028
1.1697672222222222,45.0,0.013056209455976039,0.17028964581742445
1.1703166666666667,45.0,0.013056036410213278,0.17018986278166578
1.170866111111111,45.0,0.013055882263996618,0.17007335824267455
1.1714155555555554,45.0,0.013055718908879495,0.16994769274305999
1.171965,45.0,0.013055549745636465,0.16980574437295085
1.1725144444444444,45.0,0.013055385766254476,0.1696587968977431
1.173063888888889,45.0,0.013055212754548746,0.16950589136031013
1.1736133333333332,45.0,0.013055039783626191,0.16934806745414185
1.1741627777777777,45.0,0.013054883276870996,0.16919354724929941
1.1747122222222222,45.0,0.013054718047602581,0.1690378579331751
1.1752616666666666,45.0,0.013054547291235253,0.16889332244163882
1.1758111111111111,45.0,0.013054396645928565,0.16875457608376346
1.1763605555555554,45.0,0.013054231864062084,0.16862946568055878
1.17691,45.0,0.01305406679323252,0.16851461180490232
1.1774594444444444,45.0,0.013053931951089299,0.16841387019536283
1.1780088888888889,45.0,0.013053778039945845,0.16833594887234268
1.1785583333333334,45.0,0.013053612199475999,0.16826741001874213
1.1791077777777776,45.0,0.013053473346349853,0.16822042300475568
1.1796572222222221,45.0,0.013053337751312394,0.1681992242878195
1.1802066666666666,45.0,0.013053191131761793,0.16819219713384093
1.1807561111111111,45.0,0.013053048918164811,0.16820744137525206
1.1813055555555554,45.0,0.013052923423565807,0.16824731794762743
1.1818549999999999,45.0,0.01305280353802134,0.16830464056427577
1.1824044444444444,45.0,0.013052680875917717,0.16838183901361925
1.1829538888888889,45.0,0.013052568349524474,0.1684706414446672
1.1835033333333334,45.0,0.01305245468868536,0.16858137987692542
1.1840527777777776,45.0,0.013052334098733421,0.16870237596963158
1.1846022222222221,45.0,0.013052228275008527,0.16882763393466432
1.1851516666666666,45.0,0.013052123354663075,0.16896516635636896
1.185701111111111,45.0,0.013052010327499948,0.16911021059520603
1.1862505555555556,45.0,0.013051909606328748,0.1692509620020848
1.1867999999999999,45.0,0.01305180249287001,0.16939926773512695
1.1873494444444443,45.0,0.013051690620421802,0.1695450083452605
1.1878988888888888,45.0,0.013051603419709614,0.16968202694940013
1.1884483333333333,45.0,0.013051508466351905,0.16981874849192968
1.1889977777777778,45.0,0.013051391768008042,0.16994044436240718
1.189547222222222,45.0,0.01305129909719288,0.17005379976757526
1.1900966666666666,45.0,0.013051216982759448,0.17015104556682265
1.190646111111111,45.0,0.013051106398425553,0.17023232809651337
1.1911955555555556,45.0,0.013051000220239589,0.17029816537905662
1.1917449999999998,45.0,0.013050907895472702,0.17034158495092233
1.1922944444444443,45.0,0.013050802446418597,0.17037244715934716
1.1928438888888888,45.0,0.013050704870389718,0.1703821008094074
1.1933933333333333,45.0,0.01305061551881718,0.170366975022013
1.1939427777777778,45.0,0.01305051788970949,0.17034158085417356
1.194492222222222,45.0,0.013050421300673454,0.17029530725355818
1.1950416666666666,45.0,0.013050325618809287,0.1702289873815834
1.195591111111111,45.0,0.013050235345069355,0.1701461257924916
1.1961405555555555,45.0,0.01305014257280568,0.1700476826444443
1.19669,45.0,0.013050045413362929,0.16994120654862752
1.1972394444444443,45.0,0.013049950032561505,0.16981053872212448
1.1977888888888888,45.0,0.013049847663219826,0.16968354967326965
1.1983383333333333,45.0,0.013049759463815976,0.1695462486739201
1.1988877777777778,45.0,0.013049672797940741,0.16940193877056833
1.1994372222222223,45.0,0.013049561866095908,0.1692623940372255
1.1999866666666665,45.0,0.013049472456963735,0.1691224484744991
1.200536111111111,45.0,0.013049403753778789,0.1689908556752518
1.2010855555555555,45.0,0.01304931033474253,0.16885719417140188
1.201635,45.0,0.013049220797545818,0.16873872031955467
1.2021844444444443,45.0,0.013049150340719073,0.16862987040693084
1.2027338888888888,45.0,0.013049063778648718,0.16853040662170105
1.2032833333333333,45.0,0.013048979517495705,0.16844558954117345
1.2038327777777778,45.0,0.013048917610568134,0.16837683979002196
1.2043822222222222,45.0,0.013048848055985784,0.16832249841356747
1.2049316666666665,45.0,0.01304877501906208,0.16828970483334113
1.205481111111111,45.0,0.013048718326197336,0.16827454720143928
1.2060305555555555,45.0,0.013048664951999276,0.16827561199325877
1.20658,45.0,0.013048614970872228,0.1682985414549544
1.2071294444444445,45.0,0.013048572203130559,0.16833833057375558
1.2076788888888887,45.0,0.013048524218554484,0.16839384146292785
1.2082283333333332,45.0,0.01304848223904114,0.1684668307904232
1.2087777777777777,45.0,0.013048455306164681,0.16855176774864947
1.2093272222222222,45.0,0.013048422137430696,0.1686512079587552
1.2098766666666667,45.0,0.013048378064301052,0.16876102790691108
1.210426111111111,45.0,0.013048343287997257,0.16887731393384509
1.2109755555555555,45.0,0.01304832608698999,0.16901172986587057
1.211525,45.0,0.013048300901061917,0.16913679423191047
1.2120744444444445,45.0,0.01304826941002888,0.16927194035284088
1.2126238888888887,45.0,0.013048262592018885,0.16940903148922862
1.2131733333333332,45.0,0.013048243721878242,0.1695394335740929
1.2137227777777777,45.0,0.013048210766218916,0.16966567010511985
1.2142722222222222,45.0,0.013048208795882985,0.16978026429379045
1.2148216666666667,45.0,0.013048197021058455,0.16989026472933455
1.215371111111111,45.0,0.013048167204893626,0.16998458204483413
1.2159205555555554,45.0,0.013048157057755087,0.17006384530738927
1.21647,45.0,0.013048146783698289,0.17013308417196668
1.2170194444444444,45.0,0.013048132211929075,0.17018457441400645
1.217568888888889,45.0,0.013048124415781346,0.17021833103520986
1.2181183333333332,45.0,0.013048110258324495,0.17023910169874087
1.2186677777777777,45.0,0.01304809683519481,0.17024256156194803
1.2192172222222222,45.0,0.01304810014581585,0.1702284023568423
1.2197666666666667,45.0,0.013048098965833253,0.17019167567844065
1.2203161111111112,45.0,0.013048080360971288,0.17014862104209974
1.2208655555555554,45.0,0.013048071047090659,0.17008050036599098
1.221415,45.0,0.013048067774952541,0.17000201075723234
1.2219644444444444,45.0,0.013048051822249454,0.16991162103157645
1.222513888888889,45.0,0.013048038672532802,0.16980413227790997
1.2230633333333332,45.0,0.013048037443750889,0.16969323643909187
1.2236127777777777,45.0,0.01304802842013942,0.1695758124976622
1.2241622222222222,45.0,0.013048010285451326,0.16945082240489673
1.2247116666666666,45.0,0.01304801141791257,0.16932216993957913
1.2252611111111111,45.0,0.013048017720264666,0.16919758103071014
1.2258105555555554,45.0,0.013048001248672761,0.1690695099328575
1.22636,45.0,0.013047994913898792,0.16895029045721524
1.2269094444444444,45.0,0.013048006677741515,0.1688292877418108
1.2274588888888889,45.0,0.013048003866671687,0.16872302459774371
1.2280083333333334,45.0,0.013048005919802349,0.16862639115670142
1.2285577777777776,45.0,0.013048014703655027,0.1685339658282503
1.2291072222222221,45.0,0.01304801155040736,0.16846857351649394
1.2296566666666666,45.0,0.013048031537888943,0.16841279312647747
1.2302061111111111,45.0,0.01304805961836398,0.16836764329060777
1.2307555555555556,45.0,0.013048069314568617,0.16834733901316337
1.2313049999999999,45.0,0.013048097991077078,0.1683433421676802
1.2318544444444444,45.0,0.013048133171208842,0.16835092549294636
1.2324038888888889,45.0,0.013048153982692762,0.16837846156944583
1.2329533333333333,45.0,0.01304818578330559,0.16841691390224992
1.2335027777777776,45.0,0.013048227842374447,0.1684751829719624
1.234052222222222,45.0,0.0130482600361579,0.16854238510848638
1.2346016666666666,45.0,0.013048287423715365,0.16862392671262055
1.235151111111111,45.0,0.013048335340962048,0.16871715984423077
1.2357005555555556,45.0,0.013048388192741917,0.1688180630058978
1.2362499999999998,45.0,0.013048422028050476,0.16892964595700896
1.2367994444444443,45.0,0.013048464157724218,0.16904506001570596
1.2373488888888888,45.0,0.013048522215188953,0.16916689240461646
1.2378983333333333,45.0,0.01304857457698055,0.1692836440184533
1.2384477777777778,45.0,0.01304862439724506,0.1694053759761959
1.238997222222222,45.0,0.01304867964166156,0.16952075573830527
1.2395466666666666,45.0,0.013048727346455314,0.16962774944306852
1.240096111111111,45.0,0.013048776283973601,0.1697362756689535
1.2406455555555556,45.0,0.013048839569783404,0.16982734771927543
1.2411949999999998,45.0,0.013048890272518099,0.1699069324008165
1.2417444444444443,45.0,0.013048941815009752,0.16998605412072082
1.2422938888888888,45.0,0.013049012039103362,0.17004211291440388
1.2428433333333333,45.0,0.01304906383299273,0.17008549569411882
1.2433927777777778,45.0,0.013049117321065642,0.1701161000605721
1.243942222222222,45.0,0.013049192599383145,0.17012740918034464
1.2444916666666666,45.0,0.013049243187246422,0.17012671506643018
1.245041111111111,45.0,0.013049285391447753,0.17010373500747145
1.2455905555555555,45.0,0.01304935367053938,0.1700665431852862
1.24614,45.0,0.013049414399298742,0.17001814104796698
1.2466894444444443,45.0,0.013049458126673264,0.16995196956439668
1.2472388888888888,45.0,0.013049507029838748,0.16987112612634692
1.2477883333333333,45.0,0.01304956298045971,0.1697923410314929
1.2483377777777778,45.0,0.013049618375323126,0.16969154078095267
1.2488872222222223,45.0,0.013049670070987835,0.16958743916490715
1.2494366666666665,45.0,0.013049728258581783,0.169483362371888
1.249986111111111,45.0,0.013049783272427578,0.16936848905987587
1.2505355555555555,45.0,0.01304983185958404,0.1692568979109456
1.251085,45.0,0.013049892610962342,0.1691405751811979
1.2516344444444443,45.0,0.013049947155069547,0.16902784140688626
1.2521838888888888,45.0,0.013049997370420667,0.16892187778510429
1.2527333333333333,45.0,0.013050061138881255,0.16881844480897115
1.2532827777777777,45.0,0.013050117878741975,0.1687252856682547
1.2538322222222222,45.0,0.013050175813745745,0.1686412565227699
1.2543816666666665,45.0,0.013050254082223373,0.1685691304391975
1.254931111111111,45.0,0.013050321812596933,0.1685111108037225
1.2554805555555555,45.0,0.013050373980387367,0.1684644603982946
1.25603,45.0,0.013050454872869318,0.16843408267481388
1.2565794444444445,45.0,0.0130505435167417,0.1684128423137967
1.2571288888888887,45.0,0.013050604500238473,0.16841596152710625
1.2576783333333332,45.0,0.013050678882533273,0.16842182196553696
1.2582277777777777,45.0,0.013050763736762233,0.16844958517023764
1.2587772222222222,45.0,0.013050833278846558,0.16849712104635522
1.2593266666666667,45.0,0.013050914188627194,0.16854278846611428
1.259876111111111,45.0,0.013051000398931163,0.1686153172202503
1.2604255555555555,45.0,0.01305108070707911,0.16869690844447027
1.260975,45.0,0.013051166251295723,0.16878407415901076
1.2615244444444444,45.0,0.013051254544540423,0.1688824992157903
1.2620738888888887,45.0,0.013051344578565525,0.1689843258100468
1.2626233333333332,45.0,0.013051431966267374,0.16909270005315966
1.2631727777777777,45.0,0.013051518099347115,0.16920235104653403
1.2637222222222222,45.0,0.013051604816509063,0.16930572228787502
1.2642716666666667,45.0,0.013051690534878228,0.16941403657954004
1.264821111111111,45.0,0.013051788371847476,0.16951747494659503
1.2653705555555554,45.0,0.013051881603922776,0.16960911597173503
1.26592,45.0,0.013051954378133052,0.16970283714111686
1.2664694444444444,45.0,0.013052048361962026,0.16978635976566786
1.267018888888889,45.0,0.013052155058754109,0.16985356353258
1.2675683333333332,45.0,0.013052234244577745,0.16991851163528784
1.2681177777777777,45.0,0.013052321588536484,0.16996634911504999
1.2686672222222222,45.0,0.013052422299763626,0.1699990041095972
1.2692166666666667,45.0,0.013052501165624987,0.17002366381141154
1.2697661111111112,45.0,0.013052580818162391,0.17002670966797165
1.2703155555555554,45.0,0.013052672435832299,0.1700189152342194
1.270865,45.0,0.013052749089072177,0.1699969337760795
1.2714144444444444,45.0,0.013052820858671021,0.16996288718516817
1.271963888888889,45.0,0.013052905932753989,0.16991329080966225
1.2725133333333332,45.0,0.013052985205274904,0.1698517680161747
1.2730627777777777,45.0,0.013053061091475193,0.16978437629388946
1.2736122222222221,45.0,0.013053140778810072,0.16970278898421157
1.2741616666666666,45.0,0.013053207309413655,0.16961448940250815
1.2747111111111111,45.0,0.01305328078978407,0.16951689171402173
1.2752605555555554,45.0,0.013053365534954823,0.16941831219793774
1.2758099999999999,45.0,0.013053436400724759,0.1693146188828376
1.2763594444444444,45.0,0.01305349987299735,0.16920322978997823
1.2769088888888889,45.0,0.013053571845739305,0.16910623472491237
1.2774583333333334,45.0,0.013053654277028388,0.16900385303007326
1.2780077777777776,45.0,0.013053723756818805,0.16890425015110028
1.2785572222222221,45.0,0.013053791319752804,0.16882152425321786
1.2791066666666666,45.0,0.013053881975335035,0.16873975401774827
1.279656111111111,45.0,0.013053957797831073,0.16867049408953966
1.2802055555555556,45.0,0.01305402669323269,0.16861201564445413
1.2807549999999999,45.0,0.013054120959817034,0.16856081935858588
1.2813044444444444,45.0,0.013054199907291572,0.1685287527964579
1.2818538888888888,45.0,0.013054265310865072,0.16850358379245997
1.2824033333333333,45.0,0.01305435165073997,0.16849013792254353
1.2829527777777776,45.0,0.013054436163583275,0.16849658151695351
1.283502222222222,45.0,0.013054514609711994,0.16850967433183153
1.2840516666666666,45.0,0.01305460160303547,0.16853898154973176
1.284601111111111,45.0,0.013054679840055672,0.16858361747813916
1.2851505555555556,45.0,0.01305475930131974,0.16863460431425353
1.2856999999999998,45.0,0.013054856835055965,0.16870168871214875
1.2862494444444443,45.0,0.013054944803895607,0.1687761454983596
1.2867988888888888,45.0,0.013055021115834451,0.16885619371601812
1.2873483333333333,45.0,0.013055112272363651,0.16894533892582567
1.2878977777777778,45.0,0.013055206141443438,0.16904056442361132
1.288447222222222,45.0,0.013055284883173843,0.16913427042709953
1.2889966666666666,45.0,0.01305536909881056,0.16923230518676904
1.289546111111111,45.0,0.01305546306368381,0.16933145661168233
1.2900955555555556,45.0,0.01305554624872579,0.16943009143179927
1.290645,45.0,0.013055627811283622,0.16952077127174234
1.2911944444444443,45.0,0.013055724550809658,0.16960871040783826
1.2917438888888888,45.0,0.013055818614069669,0.16969353251701183
1.2922933333333333,45.0,0.01305589081869799,0.1697632284622915
1.2928427777777778,45.0,0.013055971829044595,0.16982640660824833
1.293392222222222,45.0,0.0130560653659147,0.16987477624823588
1.2939416666666665,45.0,0.013056138348841378,0.16991752199691715
1.294491111111111,45.0,0.013056215443798296,0.1699385853988779
1.2950405555555555,45.0,0.013056293133542295,0.16994958637445098
1.29559,45.0,0.013056353884397725,0.1699559315452209
1.2961394444444443,45.0,0.013056433241675564,0.1699379757434602
1.2966888888888888,45.0,0.01305650760787531,0.1699146226382072
1.2972383333333333,45.0,0.013056561448659713,0.16988075183580534
1.2977877777777778,45.0,0.01305663363284763,0.1698315418907122
1.2983372222222223,45.0,0.013056705996941953,0.1697775918366383
1.2988866666666665,45.0,0.013056760213141255,0.16970785880750805
1.299436111111111,45.0,0.013056821995105583,0.16963395481762575
1.2999855555555555,45.0,0.013056888569185228,0.16955313588749085
1.300535,45.0,0.013056937909980682,0.16946265583725198
1.3010844444444443,45.0,0.013056986829441165,0.16937540255816622
1.3016338888888888,45.0,0.01305705377305652,0.16927872967476765
1.3021833333333332,45.0,0.01305711552284136,0.16918652417816024
1.3027327777777777,45.0,0.013057161695327129,0.16909692967585593
1.3032822222222222,45.0,0.013057215445731149,0.16900738852093727
1.3038316666666665,45.0,0.013057279452159941,0.16892291820224123
1.304381111111111,45.0,0.013057334817831003,0.16884885793226417
1.3049305555555555,45.0,0.013057387709852444,0.16877633456520427
1.30548,45.0,0.013057445673864847,0.1687124788335814
1.3060294444444445,45.0,0.01305749627259873,0.16866291576618883
1.3065788888888887,45.0,0.01305754956962361,0.16862077580842655
1.3071283333333332,45.0,0.013057610202781782,0.16858954442732976
1.3076777777777777,45.0,0.013057655896134699,0.16857013353603945
1.3082272222222222,45.0,0.013057705388778353,0.16856911883332
1.3087766666666667,45.0,0.01305777140621509,0.16857704121485267
1.309326111111111,45.0,0.013057819993260706,0.16859462060441252
1.3098755555555555,45.0,0.013057873324745934,0.16863074081668472
1.310425,45.0,0.013057946548238244,0.16867435422915242
1.3109744444444444,45.0,0.013057991834844958,0.16872589331189636
1.3115238888888887,45.0,0.013058036063237986,0.1687913718505406
1.3120733333333332,45.0,0.013058107694019088,0.16885763308819468
1.3126227777777777,45.0,0.013058164627935999,0.16893747393953096
1.3131722222222222,45.0,0.013058211544953827,0.1690138151736932
1.3137216666666667,45.0,0.01305826761223938,0.1691014908482827
1.314271111111111,45.0,0.01305832742312143,0.16919028261523522
1.3148205555555554,45.0,0.013058384264471009,0.16927499147517072
1.31537,45.0,0.013058437203277826,0.1693684447646748
1.3159194444444444,45.0,0.01305849537593198,0.16944941938318966
1.316468888888889,45.0,0.013058548757958801,0.16953562665737687
1.3170183333333332,45.0,0.01305860049334264,0.16961158450215663
1.3175677777777777,45.0,0.01305865825487104,0.169680228524327
1.3181172222222222,45.0,0.013058704138339976,0.16974273203581758
1.3186666666666667,45.0,0.013058745875344231,0.16979325286274716
1.3192161111111111,45.0,0.013058793906844836,0.1698388969742423
1.3197655555555554,45.0,0.013058832172973347,0.16986983075097206
1.320315,45.0,0.013058869578027713,0.16988776650625304
1.3208644444444444,45.0,0.013058921336527874,0.16990167753187757
1.3214138888888889,45.0,0.013058956251132176,0.1698993064994502
1.3219633333333332,45.0,0.013058975448731866,0.16988326667470366
1.3225127777777776,45.0,0.013059021584485773,0.16986223943876927
1.3230622222222221,45.0,0.013059062196241693,0.1698240736530719
1.3236116666666666,45.0,0.013059075092647645,0.16977759313962595
1.3241611111111111,45.0,0.013059105222866019,0.16971955771326414
1.3247105555555554,45.0,0.01305913895452622,0.1696560415455418
1.3252599999999999,45.0,0.013059154839535837,0.16958495055436212
1.3258094444444444,45.0,0.01305917975530424,0.16950517112282548
1.3263588888888889,45.0,0.013059204353380366,0.1694233472200945
1.3269083333333334,45.0,0.013059219355546122,0.16934554624647544
1.3274577777777776,45.0,0.013059242428683634,0.16925897174827353
1.3280072222222221,45.0,0.01305926594247926,0.16917530923262528
1.3285566666666666,45.0,0.013059286629325999,0.1690984989825254
1.329106111111111,45.0,0.01305930622038945,0.16901719259310444
1.3296555555555556,45.0,0.013059321104792692,0.1689476839234339
1.3302049999999999,45.0,0.013059335110402696,0.16887844333842722
1.3307544444444444,45.0,0.013059348060788841,0.16881837664383384
1.3313038888888888,45.0,0.01305937024062688,0.168765607697154
1.3318533333333333,45.0,0.013059385587094654,0.1687214485674495
1.3324027777777776,45.0,0.013059384594586674,0.16868921677969598
1.332952222222222,45.0,0.01305940761417647,0.16866594558414377
1.3335016666666666,45.0,0.01305943390342453,0.16865400020938748
1.334051111111111,45.0,0.013059434276556528,0.16865452820126967
1.3346005555555556,45.0,0.013059449223871875,0.16866313208566383
1.3351499999999998,45.0,0.013059475569475437,0.16868574252616242
1.3356994444444443,45.0,0.01305948415303336,0.16871735165175855
1.3362488888888888,45.0,0.013059497091172186,0.1687566916232423
1.3367983333333333,45.0,0.013059521569287766,0.16880587371964864
1.3373477777777778,45.0,0.01305952962234155,0.16886303822123344
1.337897222222222,45.0,0.013059537867400682,0.1689346378554674
1.3384466666666666,45.0,0.013059561899419597,0.16899764384145383
1.338996111111111,45.0,0.01305957616155819,0.16907802536658206
1.3395455555555555,45.0,0.013059592967440945,0.16916122904735567
1.340095,45.0,0.013059613099885313,0.1692377994471808
1.3406444444444443,45.0,0.013059619640850527,0.16932281988984021
1.3411938888888888,45.0,0.013059635531680328,0.16940360903420096
1.3417433333333333,45.0,0.013059656689633,0.16947822937254872
1.3422927777777778,45.0,0.013059662183300859,0.1695515266860075
1.342842222222222,45.0,0.013059663210986179,0.16961601755269795
1.3433916666666665,45.0,0.013059674527240836,0.169677018754468
1.343941111111111,45.0,0.013059687996393836,0.16972891948782018
1.3444905555555555,45.0,0.013059684312228164,0.16976754632601182
1.34504,45.0,0.01305968075488873,0.1698068797119365
1.3455894444444443,45.0,0.013059692694835144,0.16983120637184065
1.3461388888888888,45.0,0.013059688008719953,0.16984469471690092
1.3466883333333333,45.0,0.01305967919629199,0.1698514180323443
1.3472377777777778,45.0,0.01305969077070547,0.16984588636089495
1.3477872222222222,45.0,0.013059682100224016,0.16982708678524677
1.3483366666666665,45.0,0.013059662029659611,0.1698067091977982
1.348886111111111,45.0,0.013059661285676176,0.16976634287908846
1.3494355555555555,45.0,0.01305965062570231,0.16972239118527502
1.349985,45.0,0.013059635021102241,0.16967184745400227
1.3505344444444445,45.0,0.013059627239925261,0.16961042420811354
1.3510838888888888,45.0,0.013059608294560952,0.16954752341561197
1.3516333333333332,45.0,0.013059592135758464,0.1694759094543922
1.3521827777777777,45.0,0.013059587942990433,0.1694061040948077
1.3527322222222222,45.0,0.013059569525735826,0.16932783554919575
1.3532816666666665,45.0,0.01305954081016931,0.169253607470119
1.353831111111111,45.0,0.013059530276605735,0.169177511303039
1.3543805555555555,45.0,0.013059517465038386,0.1691037632854538
1.35493,45.0,0.013059487526345066,0.1690323772517362
1.3554794444444445,45.0,0.0130594676917573,0.16896269802746539
1.3560288888888887,45.0,0.013059450552843242,0.1689085595899785
1.3565783333333332,45.0,0.013059422314153845,0.16885423450682427
1.3571277777777777,45.0,0.01305939712775543,0.16880530783829867
1.3576772222222222,45.0,0.013059384813646298,0.16877714784930353
1.3582266666666667,45.0,0.013059369142387924,0.16874833220786845
1.358776111111111,45.0,0.013059336813470676,0.1687320297901939
1.3593255555555555,45.0,0.013059318925877937,0.1687304826445138
1.359875,45.0,0.013059308684991753,0.1687288141654854
1.3604244444444444,45.0,0.013059280158982622,0.16874655775145522
1.360973888888889,45.0,0.013059261919078743,0.1687662660636742
1.3615233333333332,45.0,0.013059244243997247,0.16879715632768968
1.3620727777777777,45.0,0.013059217400878098,0.16883916373447708
1.3626222222222222,45.0,0.013059209894497055,0.1688841841150573
1.3631716666666667,45.0,0.013059194663190402,0.16893780932020083
1.363721111111111,45.0,0.01305916349548368,0.16900123580401574
1.3642705555555554,45.0,0.01305915392191024,0.16906570203296734
1.36482,45.0,0.013059144221835716,0.1691334287047669
1.3653694444444444,45.0,0.013059117206342289,0.16920924628524447
1.365918888888889,45.0,0.013059103619664229,0.1692753156551531
1.3664683333333332,45.0,0.01305909185764253,0.16935175310343276
1.3670177777777777,45.0,0.013059061638467201,0.16942339872859977
1.3675672222222222,45.0,0.013059035482576656,0.16948634863627918
1.3681166666666666,45.0,0.013059022957069509,0.1695529206055863
1.3686661111111111,45.0,0.013059001037653187,0.16961185587210967
1.3692155555555554,45.0,0.013058967168419842,0.1696652396225979
1.369765,45.0,0.013058944663793542,0.1697097240215614
1.3703144444444444,45.0,0.013058926146228559,0.1697491178399895
1.3708638888888889,45.0,0.013058896895881173,0.16977958939519638
1.3714133333333334,45.0,0.013058866416255227,0.16979752452360564
1.3719627777777776,45.0,0.013058837202111543,0.16980810141904878
1.3725122222222221,45.0,0.013058803884497826,0.16980860903957928
1.3730616666666666,45.0,0.013058773126507694,0.16979973098318613
1.3736111111111111,45.0,0.013058745297979173,0.1697765163732494
1.3741605555555554,45.0,0.013058702909116421,0.16974833700209202
1.3747099999999999,45.0,0.013058664043408523,0.16971850762228108
1.3752594444444444,45.0,0.013058638387357723,0.16966672514030082
1.3758088888888889,45.0,0.013058592112619755,0.1696207576828831
1.3763583333333334,45.0,0.013058554237534256,0.16956740136143336
1.3769077777777776,45.0,0.013058532368085156,0.1695028410469995
1.377457222222222,45.0,0.013058480374686113,0.16944420756135287
1.3780066666666666,45.0,0.013058433979486115,0.16937586865075294
1.378556111111111,45.0,0.013058408096100546,0.1693060841750801
1.3791055555555556,45.0,0.013058362469971973,0.16924209502690143
1.3796549999999999,45.0,0.013058309831822304,0.1691709585952287
1.3802044444444443,45.0,0.013058269528694424,0.16910706833241204
1.3807538888888888,45.0,0.01305823090576636,0.1690465496079884
1.3813033333333333,45.0,0.013058187191974569,0.16898666324296066
1.3818527777777776,45.0,0.01305814368351706,0.16893833292780747
1.382402222222222,45.0,0.013058102088361116,0.16889090943080945
1.3829516666666666,45.0,0.013058058342128042,0.168854429047194
1.383501111111111,45.0,0.013058018559607172,0.16882576103684707
1.3840505555555556,45.0,0.013057982903420608,0.168802219368112
1.3845999999999998,45.0,0.013057940178807514,0.16878666821003865
1.3851494444444443,45.0,0.013057898615678869,0.16878772491116395
1.3856988888888888,45.0,0.01305786398896982,0.16879012447808397
1.3862483333333333,45.0,0.0130578209468722,0.1688013201166277
1.3867977777777778,45.0,0.013057782025142817,0.1688286348030654
1.387347222222222,45.0,0.013057757711489707,0.1688593442420326
1.3878966666666666,45.0,0.01305771785026221,0.168898698449882
1.388446111111111,45.0,0.013057673501569287,0.1689455132879474
1.3889955555555555,45.0,0.013057655585797712,0.1689997923549678
1.389545,45.0,0.01305762794306924,0.16905684009472813
1.3900944444444443,45.0,0.01305757770258895,0.1691175786617983
1.3906438888888888,45.0,0.0130575493422203,0.16918082611501387
1.3911933333333333,45.0,0.013057523568094188,0.16924659558781993
1.3917427777777778,45.0,0.013057480115743833,0.16931082267442416
1.392292222222222,45.0,0.013057451287408298,0.16937155195566156
1.3928416666666665,45.0,0.013057418330254608,0.16943639477623468
1.393391111111111,45.0,0.013057376048420439,0.16949605252330321
1.3939405555555555,45.0,0.013057345706112573,0.16954735879525532
1.39449,45.0,0.013057311710646597,0.16960300364391814
1.3950394444444443,45.0,0.013057276166394863,0.16964407536270623
1.3955888888888888,45.0,0.013057242279912482,0.16968296242064326
1.3961383333333333,45.0,0.013057205107656605,0.16971767566745266
1.3966877777777778,45.0,0.013057166089711423,0.16973470284728084
1.3972372222222222,45.0,0.013057126675759726,0.16975347520975073
1.3977866666666665,45.0,0.01305709449696722,0.1697591464840592
1.398336111111111,45.0,0.013057051072131048,0.16975509051048082
1.3988855555555555,45.0,0.013056999592447766,0.1697473231050468
1.399435,45.0,0.013056971267908377,0.16972547712742697
1.3999844444444445,45.0,0.01305693851391823,0.16970180480902666
1.4005338888888887,45.0,0.01305688339914129,0.1696673955794457
1.4010833333333332,45.0,0.013056842775098877,0.16962411744125283
1.4016327777777777,45.0,0.01305681027096987,0.1695805487067796
1.4021822222222222,45.0,0.013056758432002503,0.16952724924668092
1.4027316666666665,45.0,0.013056713816224462,0.1694681107367612
1.403281111111111,45.0,0.013056678710453523,0.16940694816593407
1.4038305555555555,45.0,0.013056624467462648,0.16934842630991293
1.40438,45.0,0.013056575244351373,0.1692815605469225
1.4049294444444445,45.0,0.01305653732451497,0.16921844760390856
1.4054788888888887,45.0,0.013056487048944963,0.16916009243648272
1.4060283333333332,45.0,0.013056442356282512,0.16910146878259102
1.4065777777777777,45.0,0.013056402581080852,0.1690476022612687
1.4071272222222222,45.0,0.01305635170478519,0.168998244256671
1.4076766666666667,45.0,0.01305631290987414,0.16895675059119278
1.408226111111111,45.0,0.013056279244517206,0.1689169896008836
1.4087755555555554,45.0,0.013056228134052515,0.16888728859622057
1.409325,45.0,0.013056181146965827,0.16886274836057003
1.4098744444444444,45.0,0.013056147948523429,0.1688467494134657
1.410423888888889,45.0,0.013056113723511665,0.1688378686170073
1.4109733333333332,45.0,0.013056069160738197,0.16883546840209412
1.4115227777777777,45.0,0.013056029197636184,0.1688459209788147
1.4120722222222222,45.0,0.013056004084983922,0.1688578792898301
1.4126216666666667,45.0,0.01305596393945305,0.16888423053573817
1.413171111111111,45.0,0.013055925286766471,0.16891425856053988
1.4137205555555554,45.0,0.01305590730648595,0.1689466201834843
1.41427,45.0,0.013055869607547416,0.1689950493090265
1.4148194444444444,45.0,0.013055830209787333,0.1690405542905453
1.415368888888889,45.0,0.013055808946207264,0.1690896650269131
1.4159183333333332,45.0,0.01305577588066649,0.1691482693869932
1.4164677777777777,45.0,0.013055740883408105,0.16920337887876727
1.4170172222222222,45.0,0.013055714132598806,0.16926543175782702
1.4175666666666666,45.0,0.013055679721871303,0.1693210130252634
1.4181161111111111,45.0,0.013055650123407163,0.16938253908505302
1.4186655555555554,45.0,0.013055633417305592,0.16944143423201294
1.419215,45.0,0.013055599653880472,0.16949017405577377
1.4197644444444444,45.0,0.013055560251343572,0.16954346837934167
1.4203138888888889,45.0,0.01305554271241187,0.16958779169968732
1.4208633333333334,45.0,0.013055515960770163,0.16962550805035895
1.4214127777777776,45.0,0.01305547722331993,0.1696545709200721
1.4219622222222221,45.0,0.013055452360296661,0.16968089283813975
1.4225116666666666,45.0,0.013055426179361573,0.16969746266555596
1.423061111111111,45.0,0.013055390146647458,0.169706268575313
1.4236105555555554,45.0,0.01305535844569206,0.16970740629667666
1.4241599999999999,45.0,0.013055335847044323,0.16970330785256332
1.4247094444444444,45.0,0.013055306344605,0.16969025264265758
1.4252588888888889,45.0,0.013055266513528492,0.16967011718518743
1.4258083333333333,45.0,0.01305524143760196,0.16964503468254394
1.4263577777777776,45.0,0.013055218051639995,0.1696104288968923
1.426907222222222,45.0,0.013055177721803536,0.16957277520555517
1.4274566666666666,45.0,0.013055145920583048,0.16952888309991038
1.428006111111111,45.0,0.013055113436564271,0.16947969732308601
1.4285555555555556,45.0,0.013055072820237323,0.1694286404197585
1.4291049999999998,45.0,0.013055050775227811,0.16937517718278824
1.4296544444444443,45.0,0.013055018011012266,0.1693174691819527
1.4302038888888888,45.0,0.013054971830719329,0.16926317675769076
1.4307533333333333,45.0,0.0130549507339197,0.16920642995992852
1.4313027777777778,45.0,0.013054922919984955,0.16915558403816958
1.431852222222222,45.0,0.013054880858039151,0.1690994925084798
1.4324016666666666,45.0,0.013054856879278097,0.16905216909911872
1.432951111111111,45.0,0.013054833171600447,0.1690100777996865
1.4335005555555556,45.0,0.013054794958795858,0.16896750937640378
1.4340499999999998,45.0,0.013054765701075794,0.16893516200516265
1.4345994444444443,45.0,0.0130547489764771,0.1689063315578952
1.4351488888888888,45.0,0.013054719201411387,0.1688886541962588
1.4356983333333333,45.0,0.013054686094617287,0.1688760273050404
1.4362477777777778,45.0,0.013054668485036353,0.1688683770062177
1.436797222222222,45.0,0.013054651847047908,0.16887671565439577
1.4373466666666666,45.0,0.01305463025652694,0.1688852158942722
1.437896111111111,45.0,0.0130546087545426,0.1688995799956541
1.4384455555555555,45.0,0.013054590112108962,0.16893048466795277
1.438995,45.0,0.013054570324224775,0.1689552455478132
1.4395444444444443,45.0,0.013054553786256117,0.16899367730479972
1.4400938888888888,45.0,0.01305454131249083,0.1690314495338857
1.4406433333333333,45.0,0.01305451632272843,0.16907569488439272
1.4411927777777778,45.0,0.013054501236094761,0.16912557667022676
1.441742222222222,45.0,0.013054495959471597,0.1691721041328162
1.4422916666666665,45.0,0.013054470326987672,0.1692264059856142
1.442841111111111,45.0,0.013054458183545023,0.16927790037763138
1.4433905555555555,45.0,0.013054458142925477,0.16933052758810677
1.44394,45.0,0.013054432398036058,0.169382694099787
1.4444894444444443,45.0,0.013054418481153275,0.16943280056088106
1.4450388888888888,45.0,0.013054422880030536,0.1694756703542599
1.4455883333333333,45.0,0.013054404063098346,0.1695216794847187
1.4461377777777777,45.0,0.01305438303314135,0.16955917651460592
1.4466872222222222,45.0,0.013054376853899319,0.169590106452979
1.4472366666666665,45.0,0.013054367046574903,0.16961943150120526
1.447786111111111,45.0,0.013054354771442182,0.16964111187473827
1.4483355555555555,45.0,0.013054343710518246,0.1696537996787573
1.448885,45.0,0.013054332429399513,0.16966200138761903
1.4494344444444445,45.0,0.013054319938750388,0.1696652332510758
1.4499838888888887,45.0,0.013054309563467086,0.16965683578674243
1.4505333333333332,45.0,0.013054299875756934,0.16964198669838212
1.4510827777777777,45.0,0.013054282349290744,0.16962146506528092
1.4516322222222222,45.0,0.013054269311196838,0.16959613057014938
1.4521816666666665,45.0,0.01305425971885691,0.16955997182553673
1.452731111111111,45.0,0.01305423986736455,0.16952283983897015
1.4532805555555555,45.0,0.013054225666313552,0.16947835094772554
1.45383,45.0,0.013054219027749225,0.16943677083789044
1.4543794444444444,45.0,0.013054197874640378,0.16938451738946358
1.4549288888888887,45.0,0.013054176795644296,0.16933638962507644
1.4554783333333332,45.0,0.013054180021957894,0.16929051205933907
1.4560277777777777,45.0,0.013054169779906219,0.16923224867013914
1.4565772222222222,45.0,0.013054141129573314,0.16919136770436244
1.4571266666666667,45.0,0.013054138830530446,0.1691402671778236
1.457676111111111,45.0,0.013054132123423207,0.1690942274099233
1.4582255555555554,45.0,0.013054111637077979,0.1690566481952983
1.458775,45.0,0.013054109014438781,0.16901410758957094
1.4593244444444444,45.0,0.013054100000705197,0.1689830387254884
1.459873888888889,45.0,0.013054087227484546,0.16895696083111852
1.4604233333333332,45.0,0.013054086875328458,0.16893267617280236
1.4609727777777777,45.0,0.013054081508610309,0.16891841064715146
1.4615222222222222,45.0,0.01305407485021381,0.16890789004212958
1.4620716666666667,45.0,0.013054073761806107,0.16890597893836368
1.462621111111111,45.0,0.013054071543092434,0.16891126347628876
1.4631705555555554,45.0,0.013054067678802617,0.16891809681584313
1.46372,45.0,0.013054068562588573,0.16893497412910233
1.4642694444444444,45.0,0.013054073409854114,0.16895994358982316
1.464818888888889,45.0,0.013054067011806348,0.16898602827131534
1.4653683333333332,45.0,0.013054059877157725,0.16901809349399124
1.4659177777777777,45.0,0.01305407402534662,0.1690610376392934
1.4664672222222221,45.0,0.013054081377005493,0.1690993080670434
1.4670166666666666,45.0,0.013054071800428002,0.1691461659751854
1.4675661111111111,45.0,0.013054082044287992,0.16919352699334655
1.4681155555555554,45.0,0.01305409587805583,0.16924416019916766
1.4686649999999999,45.0,0.01305409188468067,0.1692904756177919
1.4692144444444444,45.0,0.013054099335740598,0.16933828098797354
1.4697638888888889,45.0,0.013054112776220322,0.1693847427772161
1.4703133333333334,45.0,0.0130541109060603,0.16942776383092953
1.4708627777777776,45.0,0.01305411732734488,0.16946888881133795
1.4714122222222221,45.0,0.013054132615085335,0.16950041856241713
1.4719616666666666,45.0,0.013054132998613334,0.16953731636868308
1.472511111111111,45.0,0.013054140296955341,0.16956294531855842
1.4730605555555554,45.0,0.013054152085527276,0.1695821424316536
1.4736099999999999,45.0,0.013054150699616802,0.169603621016761
1.4741594444444444,45.0,0.013054164461141906,0.16961047380286373
1.4747088888888888,45.0,0.013054178662237006,0.16961352609347063
1.4752583333333333,45.0,0.013054173546352887,0.1696177496322252
1.4758077777777776,45.0,0.013054176602162687,0.16960191657649726
1.476357222222222,45.0,0.013054188277260053,0.16959282531171235
1.4769066666666666,45.0,0.013054194178819627,0.1695725939262451
1.477456111111111,45.0,0.01305419021391592,0.16954310903947845
1.4780055555555556,45.0,0.013054194060866919,0.16951812798534172
1.4785549999999998,45.0,0.013054207997892527,0.1694806819955334
1.4791044444444443,45.0,0.013054204525647393,0.16944397731901759
1.4796538888888888,45.0,0.013054206545738944,0.16940165774096244
1.4802033333333333,45.0,0.013054221613415877,0.16935703171982422
1.4807527777777778,45.0,0.013054218343114352,0.169313532544911
1.481302222222222,45.0,0.013054218253591553,0.1692671649884621
1.4818516666666666,45.0,0.013054233191823058,0.1692161833300535
1.482401111111111,45.0,0.013054235988290759,0.16917438701350215
1.4829505555555555,45.0,0.01305423713117944,0.16913124311402092
1.4834999999999998,45.0,0.013054247363689174,0.16908688150989626
1.4840494444444443,45.0,0.0130542484364154,0.16905248138755716
1.4845988888888888,45.0,0.013054256565519251,0.1690212008638306
1.4851483333333333,45.0,0.013054276469329254,0.1689909924993739
1.4856977777777778,45.0,0.013054278172370164,0.16896973613399915
1.486247222222222,45.0,0.013054281451778125,0.16895509573126952
1.4867966666666665,45.0,0.013054304864260255,0.1689421095495806
1.487346111111111,45.0,0.01305431502106694,0.16893773288758257
1.4878955555555555,45.0,0.013054316287149082,0.16893738029098315
1.488445,45.0,0.013054334574743339,0.16894384810140387
1.4889944444444443,45.0,0.01305434982430991,0.16895596984469247
1.4895438888888888,45.0,0.013054356680290317,0.16897227071208235
1.4900933333333333,45.0,0.013054372971761293,0.16899326555762406
1.4906427777777778,45.0,0.013054393199835299,0.1690226641043025
1.4911922222222223,45.0,0.013054406704062951,0.16905169619758686
1.4917416666666665,45.0,0.013054416275236484,0.16908800182839326
1.492291111111111,45.0,0.01305443942010217,0.16912790825928992
1.4928405555555555,45.0,0.013054463932880045,0.16916216396590705
1.49339,45.0,0.013054474184317367,0.169211586948695
1.4939394444444443,45.0,0.013054495644316433,0.16925147366002616
1.4944888888888888,45.0,0.013054514393489215,0.16929062220165314
1.4950383333333332,45.0,0.013054527172480908,0.1693411430944787
1.4955877777777777,45.0,0.013054557294233153,0.16937649737258975
1.4961372222222222,45.0,0.013054572734793223,0.16941695633253007
1.4966866666666665,45.0,0.013054582307205827,0.1694562130714054
1.497236111111111,45.0,0.013054614991140759,0.16948662410419152
1.4977855555555555,45.0,0.013054636185518779,0.16951884154399186
1.498335,45.0,0.013054644484549741,0.16953936938622544
1.4988844444444445,45.0,0.01305466977869694,0.16955965772820736
1.4994338888888887,45.0,0.013054692497683018,0.16957485422866322
1.4999833333333332,45.0,0.01305469909429289,0.1695781035778868
1.5005327777777777,45.0,0.013054718635193979,0.16957975475633524
1.5010822222222222,45.0,0.013054744706947414,0.1695751443192957
1.5016316666666667,45.0,0.013054752660713383,0.16956541062167169
1.502181111111111,45.0,0.013054762766531966,0.16954672428417839
1.5027305555555555,45.0,0.013054783413594114,0.16952910228281684
1.50328,45.0,0.013054800650126853,0.16950315511887754
1.5038294444444444,45.0,0.013054814233475572,0.16947334588888605
1.5043788888888887,45.0,0.013054828182475884,0.1694430585586468
1.5049283333333332,45.0,0.013054843712081585,0.16940603090574852
1.5054777777777777,45.0,0.013054857629918263,0.1693693199579024
1.5060272222222222,45.0,0.013054874005678454,0.16933027782377477
1.5065766666666667,45.0,0.013054889040417005,0.16928785246112485
1.507126111111111,45.0,0.013054895424621462,0.1692483454809737
1.5076755555555554,45.0,0.01305491298622079,0.1692081413474622
1.508225,45.0,0.013054935762094365,0.16916796152132554
1.5087744444444444,45.0,0.013054940179220827,0.16913017170176514
1.509323888888889,45.0,0.01305495812405936,0.1690959346425317
1.5098733333333332,45.0,0.013054984776871505,0.16906312584294877
1.5104227777777777,45.0,0.013054985542667366,0.1690371411952353
1.5109722222222222,45.0,0.01305500318088997,0.16900981371387758
1.5115216666666667,45.0,0.013055035314026898,0.16898889932470507
1.5120711111111111,45.0,0.013055041744008674,0.16898047756120568
1.5126205555555554,45.0,0.013055053151084654,0.16896213808769966
1.51317,45.0,0.013055077547152833,0.16896242634495773
1.5137194444444444,45.0,0.01305509492042808,0.16896523651608186
1.5142688888888889,45.0,0.013055111014877987,0.16896888235688717
1.5148183333333332,45.0,0.013055130607888954,0.1689849659421442
1.5153677777777776,45.0,0.013055150612920537,0.16900075824354197
1.5159172222222221,45.0,0.013055170633273838,0.16902723847101322
1.5164666666666666,45.0,0.013055195825976886,0.16905276029195723
1.5170161111111111,45.0,0.013055217169642787,0.16908171634589558
1.5175655555555554,45.0,0.013055233779041456,0.16911902883120863
1.5181149999999999,45.0,0.013055258552940199,0.16915375472621216
1.5186644444444444,45.0,0.013055282562788035,0.16918937761073394
1.5192138888888889,45.0,0.01305530094516419,0.16922894760449564
1.5197633333333334,45.0,0.013055325053568526,0.1692673432712243
1.5203127777777776,45.0,0.013055353709589984,0.16930539985758247
1.5208622222222221,45.0,0.013055368728971431,0.16934228125484266
1.5214116666666666,45.0,0.013055385809296157,0.16937995551116783
1.521961111111111,45.0,0.013055424262498859,0.1694117273380826
1.5225105555555554,45.0,0.013055444072965487,0.1694441646289203
1.5230599999999999,45.0,0.013055452327240744,0.1694723379533333
1.5236094444444443,45.0,0.013055486087844032,0.16949482629772228
1.5241588888888888,45.0,0.013055508955793377,0.16951551837370826
1.5247083333333333,45.0,0.013055519053336444,0.16953171494357047
1.5252577777777776,45.0,0.013055544994566277,0.16953981331126264
1.525807222222222,45.0,0.013055561934199938,0.1695462149753045
1.5263566666666666,45.0,0.013055575172904576,0.16954835665257967
1.526906111111111,45.0,0.013055601291073582,0.16954225400399514
1.5274555555555556,45.0,0.01305561761169128,0.16953260070803006
1.5280049999999998,45.0,0.013055631242137503,0.16951783642295762
1.5285544444444443,45.0,0.013055652205389023,0.1695010930672557
1.5291038888888888,45.0,0.013055666722392712,0.16947553048280486
1.5296533333333333,45.0,0.013055680508861706,0.16944593999631802
1.5302027777777778,45.0,0.013055699541729632,0.16941779247235259
1.530752222222222,45.0,0.013055718336663389,0.16938273722634772
1.5313016666666666,45.0,0.013055726437337585,0.1693432761977845
1.531851111111111,45.0,0.013055736046803282,0.16931065257143707
1.5324005555555555,45.0,0.013055762774210595,0.16926949013325673
1.5329499999999998,45.0,0.013055776022449313,0.16923350885676833
1.5334994444444443,45.0,0.01305577880684809,0.1691970893737795
1.5340488888888888,45.0,0.013055801488046295,0.1691614305606589
1.5345983333333333,45.0,0.013055822654446563,0.16913248933052635
1.5351477777777778,45.0,0.013055828906843883,0.16909811345199596
1.535697222222222,45.0,0.013055845196759746,0.1690744853219312
1.5362466666666665,45.0,0.013055865542345831,0.16905011658851707
1.536796111111111,45.0,0.013055870411532847,0.169030101099682
1.5373455555555555,45.0,0.013055886797469347,0.16901612964450796
1.537895,45.0,0.013055909841566278,0.169002774800004
1.5384444444444443,45.0,0.013055916058110698,0.16899718120535281
1.5389938888888888,45.0,0.013055934804915854,0.16899639342822775
1.5395433333333333,45.0,0.01305595428288822,0.16899865776137044
1.5400927777777778,45.0,0.01305596129545545,0.16900683776180084
1.5406422222222222,45.0,0.013055986620157438,0.1690187358353773
1.5411916666666665,45.0,0.01305600860685276,0.16903617265527882
1.541741111111111,45.0,0.013056015178058326,0.16905745697870136
1.5422905555555555,45.0,0.013056034322921578,0.1690789066177469
1.54284,45.0,0.01305606051251427,0.1691103059815637
1.5433894444444443,45.0,0.013056076484717646,0.16913878550034747
1.5439388888888887,45.0,0.013056086571588773,0.16917175959720093
1.5444883333333332,45.0,0.01305610751046209,0.16920615195700212
1.5450377777777777,45.0,0.013056133083627252,0.16924474499082093
1.5455872222222222,45.0,0.01305614506661969,0.16927959405696186
1.5461366666666665,45.0,0.013056163400457725,0.16931390547426384
1.546686111111111,45.0,0.013056190644977842,0.16935202674319452
1.5472355555555555,45.0,0.013056199931723545,0.169384051220813
1.547785,45.0,0.01305621406393815,0.1694143986834768
1.5483344444444445,45.0,0.013056240541261284,0.16943987898781457
1.5488838888888887,45.0,0.013056251418664469,0.1694663021402934
1.5494333333333332,45.0,0.013056264283980306,0.16948333228875187
1.5499827777777777,45.0,0.013056283667549703,0.16949969746499777
1.5505322222222222,45.0,0.013056291643031657,0.16951071927104822
1.5510816666666667,45.0,0.013056306934376784,0.169517326889727
1.551631111111111,45.0,0.01305632851500272,0.16952087466593124
1.5521805555555555,45.0,0.013056331959447665,0.1695164979622607
1.55273,45.0,0.013056340086735058,0.16951353324681898
1.5532794444444444,45.0,0.013056366628046476,0.169501717100145
1.5538288888888887,45.0,0.013056374202256202,0.1694852101559728
1.5543783333333332,45.0,0.013056374963929283,0.16947094914192337
1.5549277777777777,45.0,0.013056393886574785,0.16944387130903665
1.5554772222222222,45.0,0.013056402398656854,0.16942211705792173
1.5560266666666667,45.0,0.01305640582462853,0.16939560900817235
1.556576111111111,45.0,0.013056418685424905,0.16935926893646247
1.5571255555555554,45.0,0.01305643045120615,0.16933434893197097
1.557675,45.0,0.013056436537266547,0.1692976259659993
1.5582244444444444,45.0,0.013056438991157836,0.16926681346962666
1.558773888888889,45.0,0.013056453292133506,0.1692308657909095
1.5593233333333332,45.0,0.013056463847016421,0.1691989234728103
1.5598727777777777,45.0,0.013056463411358623,0.16916894268326824
1.5604222222222222,45.0,0.013056474781217808,0.1691357370336024
1.5609716666666666,45.0,0.01305648086891183,0.16910899657177883
1.5615211111111111,45.0,0.013056484119974218,0.16908560227893082
1.5620705555555554,45.0,0.013056499674432634,0.16906359759165593
1.56262,45.0,0.01305649998555142,0.16904434106321756
1.5631694444444444,45.0,0.013056499161125657,0.16903511458448958
1.5637188888888889,45.0,0.013056520341342963,0.16902703023000712
1.5642683333333331,45.0,0.013056527942682306,0.16902118346651693
1.5648177777777776,45.0,0.0130565258179347,0.16902359666676417
1.5653672222222221,45.0,0.01305654377526081,0.16903140126374666
1.5659166666666666,45.0,0.013056554591209203,0.16903800431468252
1.5664661111111111,45.0,0.013056552411835681,0.16905442105256502
1.5670155555555554,45.0,0.013056567019746576,0.16906951675687057
1.5675649999999999,45.0,0.013056583135892473,0.1690903975357308
1.5681144444444444,45.0,0.013056584037733777,0.16911426711372327
1.5686638888888889,45.0,0.013056591507249107,0.16913987541641776
1.5692133333333333,45.0,0.01305660757018878,0.1691668737922193
1.5697627777777776,45.0,0.013056616581310144,0.1691982074051764
1.570312222222222,45.0,0.013056624276431436,0.16922812141691373
1.5708616666666666,45.0,0.01305663368668995,0.1692589213474363
1.571411111111111,45.0,0.013056642731314204,0.1692939638906198
1.5719605555555556,45.0,0.013056653726322354,0.1693193850127327
1.5725099999999999,45.0,0.013056663975091082,0.16935540994483717
1.5730594444444443,45.0,0.013056670939094567,0.16937987125690182
1.5736088888888888,45.0,0.013056671942378913,0.16940560072235084
1.5741583333333333,45.0,0.013056682653093085,0.16943534897972828
1.5747077777777776,45.0,0.013056695459915975,0.16945078457651772
1.575257222222222,45.0,0.013056690166972243,0.16946993264205104
1.5758066666666666,45.0,0.013056701732287932,0.1694868893474753
1.576356111111111,45.0,0.013056715944229184,0.1694947256963348
1.5769055555555556,45.0,0.013056705172328325,0.16950231069964053
1.5774549999999998,45.0,0.01305671473167078,0.16950297258464309
1.5780044444444443,45.0,0.013056730127601654,0.16949917888592073
1.5785538888888888,45.0,0.013056721207281881,0.16949482500940627
1.5791033333333333,45.0,0.01305672129297253,0.16947856477729606
1.5796527777777778,45.0,0.013056731797652535,0.1694655579450486
1.580202222222222,45.0,0.01305673143587167,0.16944593329241645
1.5807516666666666,45.0,0.01305672907395323,0.16942293327293087
1.581301111111111,45.0,0.013056731367367673,0.16939760077346502
1.5818505555555555,45.0,0.013056729570118946,0.16937334611868793
1.5823999999999998,45.0,0.013056729991006415,0.16934458608651828
1.5829494444444443,45.0,0.01305673465933524,0.1693133171445017
1.5834988888888888,45.0,0.013056731401020046,0.16928744491106057
1.5840483333333333,45.0,0.013056727028353162,0.16925499550089157
1.5845977777777778,45.0,0.013056728945289656,0.1692271409026749
1.585147222222222,45.0,0.013056727390434064,0.16919932592462703
1.5856966666666665,45.0,0.013056720391591722,0.169170061909551
1.586246111111111,45.0,0.01305672089347806,0.16914548268526491
1.5867955555555555,45.0,0.01305672352440168,0.16912451417619628
1.587345,45.0,0.013056713278206136,0.16910078851489754
1.5878944444444443,45.0,0.013056709944844598,0.16908573882829644
1.5884438888888888,45.0,0.013056721498472583,0.16907087955910158
1.5889933333333333,45.0,0.013056714020231203,0.1690593006919822
1.5895427777777777,45.0,0.013056701681766253,0.16905594926648274
1.5900922222222222,45.0,0.013056714377819672,0.16904829718690886
1.5906416666666665,45.0,0.01305671430486875,0.16905140632225046
1.591191111111111,45.0,0.013056704189945846,0.1690588854031106
1.5917405555555555,45.0,0.013056712003079349,0.1690615029922804
1.59229,45.0,0.013056707989343141,0.16907826426023145
1.5928394444444443,45.0,0.013056703479633438,0.16909793342425897
1.5933888888888887,45.0,0.013056712581388727,0.16911004489586118
1.5939383333333332,45.0,0.013056709133815913,0.16913948556347635
1.5944877777777777,45.0,0.013056707758802862,0.16916262924746528
1.5950372222222222,45.0,0.013056713511733554,0.16919054245420873
1.5955866666666665,45.0,0.013056711956317994,0.16921997291970456
1.596136111111111,45.0,0.013056709765972752,0.16924646442988264
1.5966855555555555,45.0,0.013056713301606213,0.16927922364126427
1.597235,45.0,0.013056715628150866,0.1693059589750967
1.5977844444444445,45.0,0.013056706951757119,0.16933271656366003
1.5983338888888887,45.0,0.013056706142661344,0.16936071188374996
1.5988833333333332,45.0,0.01305671582196103,0.16938372770610866
1.5994327777777777,45.0,0.013056709362638922,0.16940597065633517
1.5999822222222222,45.0,0.013056698756423233,0.16942599297417402
1.6005316666666667,45.0,0.013056704814736262,0.16944403736053268
1.601081111111111,45.0,0.013056707391540513,0.1694567613741981
1.6016305555555554,45.0,0.013056696587383352,0.16946784685422217
1.60218,45.0,0.013056697304972545,0.16947717921006017
1.6027294444444444,45.0,0.013056698786684535,0.1694761396449188
1.6032788888888887,45.0,0.013056685275526694,0.1694827155112143
1.6038283333333332,45.0,0.013056684852565064,0.1694750851641889
1.6043777777777777,45.0,0.013056684988010207,0.16946676661771512
1.6049272222222222,45.0,0.013056670538126843,0.169460239617654
1.6054766666666667,45.0,0.013056669910724222,0.16944409376402825
1.606026111111111,45.0,0.01305666664588209,0.16942726177911777
1.6065755555555554,45.0,0.01305665163635339,0.16940771312308278
1.607125,45.0,0.0130566532949531,0.16938585939694448
1.6076744444444444,45.0,0.013056648660497671,0.16936081757373012
1.608223888888889,45.0,0.013056628475922533,0.1693361682098454
1.6087733333333332,45.0,0.013056625263671578,0.16930436345932576
1.6093227777777777,45.0,0.013056624942152354,0.16928159729269449
1.6098722222222221,45.0,0.013056610712845607,0.16925026359127976
1.6104216666666666,45.0,0.013056596413505362,0.16921922166089196
1.6109711111111111,45.0,0.013056590978806577,0.1692004271845607
1.6115205555555554,45.0,0.013056586599461508,0.16916975345123425
1.61207,45.0,0.01305657081009709,0.16914824018624114
1.6126194444444444,45.0,0.013056564106935164,0.16913124730843687
1.6131688888888889,45.0,0.013056563419188441,0.1691106292892699
1.6137183333333331,45.0,0.013056547012367465,0.16910103228430964
1.6142677777777776,45.0,0.013056539908982489,0.16908753823092906
1.6148172222222221,45.0,0.013056539568640767,0.16908023417758408
1.6153666666666666,45.0,0.013056525916907731,0.16907899309723437
1.615916111111111,45.0,0.013056517621478284,0.169075144507087
1.6164655555555554,45.0,0.01305651478028112,0.16908024517611617
1.6170149999999999,45.0,0.013056503363348565,0.16908484817071653
1.6175644444444444,45.0,0.013056498973599302,0.16909485588334053
1.6181138888888889,45.0,0.013056500099907428,0.1691071726694051
1.6186633333333333,45.0,0.013056483120285137,0.16912221657627705
1.6192127777777776,45.0,0.013056475182536918,0.16914136977887206
1.619762222222222,45.0,0.013056484795668672,0.16915931328689496
1.6203116666666666,45.0,0.013056471280480816,0.16918458598857306
1.620861111111111,45.0,0.0130564587635674,0.16920564038800975
1.6214105555555556,45.0,0.013056463490692203,0.16923035228899436
1.6219599999999998,45.0,0.013056454232624757,0.16926020518685772
1.6225094444444443,45.0,0.013056443133218604,0.16928153263342105
1.6230588888888888,45.0,0.013056441496358165,0.169309298108658
1.6236083333333333,45.0,0.013056437211503687,0.16933634880134335
1.6241577777777776,45.0,0.01305642788774443,0.16935953851370975
1.624707222222222,45.0,0.013056420065301694,0.16938325692945747
1.6252566666666666,45.0,0.013056419873001842,0.16940303380742602
1.625806111111111,45.0,0.013056413987285785,0.16942211306324453
1.6263555555555556,45.0,0.013056401156798346,0.16943870739070283
1.6269049999999998,45.0,0.013056397620957288,0.1694475290090727
1.6274544444444443,45.0,0.013056389928654308,0.1694569727256566
1.6280038888888888,45.0,0.013056380053412513,0.1694645286481538
1.6285533333333333,45.0,0.013056379801087372,0.16946017163283378
1.6291027777777778,45.0,0.01305636394462642,0.16946117550543655
1.629652222222222,45.0,0.013056349225918714,0.1694569756075246
1.6302016666666665,45.0,0.013056353896438163,0.1694440855981162
1.630751111111111,45.0,0.013056340331039779,0.1694369577061375
1.6313005555555555,45.0,0.013056321870274267,0.1694200611901829
1.63185,45.0,0.013056322842782889,0.16940438121686668
1.6323994444444443,45.0,0.013056312897745797,0.16938710448926028
1.6329488888888888,45.0,0.013056292371339918,0.1693646311618477
1.6334983333333333,45.0,0.013056287866636521,0.1693437026570423
1.6340477777777778,45.0,0.013056281419528575,0.1693199540722551
1.634597222222222,45.0,0.01305625931551621,0.16929640880251257
1.6351466666666665,45.0,0.013056249543248565,0.1692732329341772
1.635696111111111,45.0,0.013056244596368446,0.1692456011973624
1.6362455555555555,45.0,0.013056229875013621,0.16922528591848046
1.636795,45.0,0.0130562190023812,0.1692016260675349
1.6373444444444443,45.0,0.013056206475222975,0.16917847229412022
1.6378938888888888,45.0,0.013056195264035949,0.16916009429978998
1.6384433333333333,45.0,0.013056187595087592,0.16914101527302822
1.6389927777777777,45.0,0.01305617761535363,0.16912724401536516
1.6395422222222222,45.0,0.013056166256630716,0.16910977221877105
1.6400916666666665,45.0,0.013056151444423623,0.16910348704693065
1.640641111111111,45.0,0.013056147162713024,0.16909720107381623
1.6411905555555555,45.0,0.013056140515966866,0.1690900774541529
1.64174,45.0,0.013056120220823484,0.16909333614463065
1.6422894444444445,45.0,0.013056119098667206,0.1690971986187352
1.6428388888888887,45.0,0.013056116541401227,0.1691040675415208
1.6433883333333332,45.0,0.013056095006300436,0.16911516152677608
1.6439377777777777,45.0,0.013056094565856581,0.1691272328999116
1.6444872222222222,45.0,0.013056096049684208,0.16914552471046077
1.6450366666666665,45.0,0.01305607475633313,0.16916223129138333
1.645586111111111,45.0,0.013056067239253864,0.16918102930329743
1.6461355555555555,45.0,0.013056069287854912,0.16920413508912047
1.646685,45.0,0.01305605715441215,0.16922424823513985
1.6472344444444444,45.0,0.013056048716127576,0.16924716295828918
1.6477838888888887,45.0,0.013056043963470968,0.16927045537022992
1.6483333333333332,45.0,0.013056033783984164,0.16929282127835835
1.6488827777777777,45.0,0.013056028720901858,0.16931515619405285
1.6494322222222222,45.0,0.013056025838659542,0.16933842613385106
1.6499816666666667,45.0,0.013056015302887459,0.16935506743138762
1.650531111111111,45.0,0.013056006865071456,0.16937838115103698
1.6510805555555554,45.0,0.013056005875961486,0.16939327486097117
1.65163,45.0,0.013055997113983978,0.16940847878339782
1.6521794444444444,45.0,0.013055985476439443,0.16942190696225257
1.652728888888889,45.0,0.013055981995790385,0.1694298576816476
1.6532783333333332,45.0,0.01305597592658321,0.16944188943738545
1.6538277777777777,45.0,0.013055961554341602,0.16944188645119101
1.6543772222222222,45.0,0.013055954392206087,0.16944448633586304
1.6549266666666667,45.0,0.013055957761271773,0.16944534689235424
1.655476111111111,45.0,0.013055941313632776,0.16943734702984542
1.6560255555555554,45.0,0.013055923435915093,0.16943119792132313
1.656575,45.0,0.013055929269086691,0.16941926826218828
1.6571244444444444,45.0,0.013055916415480123,0.16940566767091078
1.657673888888889,45.0,0.013055898695700011,0.1693899558959869
1.6582233333333332,45.0,0.01305589824009763,0.1693670036179351
1.6587727777777777,45.0,0.01305588266395372,0.16935216525350988
1.6593222222222221,45.0,0.013055870115092315,0.16932707087363535
1.6598716666666666,45.0,0.013055867461134265,0.16930468444868418
1.6604211111111111,45.0,0.013055851588690841,0.1692828379311271
1.6609705555555554,45.0,0.013055839762418526,0.16926069763066223
1.6615199999999999,45.0,0.013055836325783787,0.16923954597525254
1.6620694444444444,45.0,0.013055824379144425,0.16921627973541825
1.6626188888888889,45.0,0.013055812176063846,0.16920008148460564
1.6631683333333331,45.0,0.013055808296799849,0.16917899588969082
1.6637177777777776,45.0,0.013055798708288293,0.1691642538021912
1.6642672222222221,45.0,0.01305578208942593,0.1691495677472839
1.6648166666666666,45.0,0.01305577658197586,0.1691368594140287
1.665366111111111,45.0,0.013055776521165227,0.16912630659072325
1.6659155555555554,45.0,0.013055762284555678,0.1691204608973733
1.6664649999999999,45.0,0.013055748107361497,0.1691146129415255
1.6670144444444444,45.0,0.013055749708686943,0.16911197094385297
1.6675638888888888,45.0,0.013055744351320437,0.16911540444408515
1.6681133333333333,45.0,0.0130557293414565,0.16911614193823649
1.6686627777777776,45.0,0.013055727786483902,0.16912377139005894
1.669212222222222,45.0,0.013055724747140314,0.16913227139769765
1.6697616666666666,45.0,0.013055711182818584,0.16914430591411808
1.670311111111111,45.0,0.013055710396358795,0.16915859506918296
1.6708605555555556,45.0,0.013055707925308148,0.1691718953208172
1.6714099999999998,45.0,0.013055693077781979,0.16919238691420882
1.6719594444444443,45.0,0.013055694206759273,0.16921460048481818
1.6725088888888888,45.0,0.013055691823108439,0.16922896133450238
1.6730583333333333,45.0,0.013055678695043708,0.1692570338223828
1.6736077777777776,45.0,0.013055685490724132,0.16927707262308989
1.674157222222222,45.0,0.013055681401690677,0.16929727228071118
1.6747066666666666,45.0,0.013055665492481444,0.16932222417682974
1.675256111111111,45.0,0.013055669787699753,0.16933792404566564
1.6758055555555555,45.0,0.013055670907325135,0.1693603451590955
1.6763549999999998,45.0,0.013055660386599246,0.16937339374948918
1.6769044444444443,45.0,0.013055653038756455,0.16938896938997755
1.6774538888888888,45.0,0.013055654279871725,0.16940166448698876
1.6780033333333333,45.0,0.013055652200684298,0.1694103514613323
1.6785527777777778,45.0,0.013055640438820293,0.16941752197331597
1.679102222222222,45.0,0.013055639236109286,0.16942231350277537
1.6796516666666665,45.0,0.013055638632270907,0.16942471479492108
1.680201111111111,45.0,0.013055626990118387,0.16942408602605888
1.6807505555555555,45.0,0.013055624703498815,0.16942119747786352
1.6813,45.0,0.013055624652443528,0.16941524022100163
1.6818494444444443,45.0,0.013055612969208038,0.16940639792743675
1.6823988888888888,45.0,0.013055606536343273,0.16939847389690038
1.6829483333333333,45.0,0.013055604489178663,0.1693848967866687
1.6834977777777778,45.0,0.013055592913660277,0.16936760711240773
1.684047222222222,45.0,0.013055590159157991,0.1693569228894737
1.6845966666666665,45.0,0.013055590209211813,0.1693351890237987
1.685146111111111,45.0,0.013055572307619535,0.16931732566820487
1.6856955555555555,45.0,0.01305556827703989,0.1692988925436059
1.686245,45.0,0.013055575226289973,0.1692777090028184
1.6867944444444443,45.0,0.013055558761580445,0.16925677622653967
1.6873438888888888,45.0,0.013055548672364503,0.16923726283634435
1.6878933333333332,45.0,0.013055554642344393,0.16921550210463412
1.6884427777777777,45.0,0.013055544439414618,0.16920006374239652
1.6889922222222222,45.0,0.013055534692776795,0.16917986935742113
1.6895416666666665,45.0,0.013055535611032109,0.16916270213367887
1.690091111111111,45.0,0.01305552929078148,0.1691551452804996
1.6906405555555555,45.0,0.013055521814509039,0.16914014150074821
1.69119,45.0,0.013055518144476403,0.16913221966681954
1.6917394444444445,45.0,0.01305551896418279,0.16912977216866357
1.6922888888888887,45.0,0.013055515548661929,0.16912481150826544
1.6928383333333332,45.0,0.013055507147868683,0.1691258621503374
1.6933877777777777,45.0,0.013055508398224929,0.16913030643145188
1.6939372222222222,45.0,0.013055504031713874,0.16913159547521991
1.6944866666666665,45.0,0.01305550027719062,0.1691442713235396
1.695036111111111,45.0,0.01305550504665045,0.16914889498506
1.6955855555555555,45.0,0.013055494351999448,0.16916294679642288
1.696135,45.0,0.013055491390714397,0.16917675448236932
1.6966844444444444,45.0,0.013055502393940785,0.1691893202459561
1.6972338888888887,45.0,0.013055494583352692,0.1692078061423835
1.6977833333333332,45.0,0.013055487041374957,0.16922279900889847
1.6983327777777777,45.0,0.013055497533298823,0.16924333254527416
1.6988822222222222,45.0,0.0130554969210146,0.1692592240295183
1.6994316666666667,45.0,0.013055487595584595,0.16928118263812408
1.699981111111111,45.0,0.013055496885371195,0.16929569838490569
1.7005305555555554,45.0,0.013055499229741472,0.16931590083076617
1.70108,45.0,0.013055488202739945,0.16933634715849358
1.7016294444444444,45.0,0.013055493406605743,0.16934720548864238
1.702178888888889,45.0,0.013055497661681353,0.16936570798310535
1.7027283333333332,45.0,0.013055493919891626,0.16938078742352147
1.7032777777777777,45.0,0.013055495482471107,0.16938866985568385
1.7038272222222222,45.0,0.013055494577985044,0.16940084754050846
1.7043766666666667,45.0,0.013055494140534443,0.16940742035460016
1.704926111111111,45.0,0.013055496575475046,0.16941025870075524
1.7054755555555554,45.0,0.013055495734525637,0.1694136597300253
1.706025,45.0,0.013055492064609719,0.16940898171638363
1.7065744444444444,45.0,0.013055489245800075,0.1694073979771647
1.7071238888888889,45.0,0.013055493947802102,0.16940060431026283
1.7076733333333332,45.0,0.013055492664432337,0.16938779881246424
1.7082227777777776,45.0,0.013055481902294662,0.16937922727335097
1.7087722222222221,45.0,0.013055488000966464,0.1693678881570278
1.7093216666666666,45.0,0.01305548998370754,0.16934839801470516
1.7098711111111111,45.0,0.013055475955421758,0.16933762888313303
1.7104205555555554,45.0,0.013055484155060146,0.16931940397259615
1.7109699999999999,45.0,0.013055489445086601,0.1692997279155856
1.7115194444444444,45.0,0.01305547403434929,0.16928791467272622
1.7120688888888889,45.0,0.013055476522653259,0.16926485243399203
1.7126183333333334,45.0,0.013055482450062309,0.1692500693340521
1.7131677777777776,45.0,0.013055475023757318,0.16923276386425296
1.7137172222222221,45.0,0.0130554736289233,0.16921568358301117
1.7142666666666666,45.0,0.013055475436405914,0.16920105044579145
1.714816111111111,45.0,0.01305547186048472,0.16918572966432763
1.7153655555555554,45.0,0.013055473207263538,0.16917454974846002
1.7159149999999999,45.0,0.013055476763859321,0.16916179209399143
1.7164644444444443,45.0,0.01305547008509981,0.16915301622916093
1.7170138888888888,45.0,0.013055470489639237,0.16914565018289765
1.7175633333333333,45.0,0.013055477604473375,0.16914083423042434
1.7181127777777776,45.0,0.013055473704979914,0.16913812448697468
1.718662222222222,45.0,0.01305547263301065,0.16913439072952627
1.7192116666666666,45.0,0.013055477749031975,0.16914132523702782
1.719761111111111,45.0,0.01305547866606636,0.16914441110405112
1.7203105555555556,45.0,0.013055474536621087,0.16914798047516702
1.7208599999999998,45.0,0.013055478820623146,0.1691638480985417
1.7214094444444443,45.0,0.013055490928107311,0.1691707714836085
1.7219588888888888,45.0,0.013055484089667262,0.1691866382291606
1.7225083333333333,45.0,0.01305548282280034,0.16920231095210309
1.7230577777777776,45.0,0.013055500130115427,0.16921666143682645
1.723607222222222,45.0,0.013055497388708722,0.16923578576358708
1.7241566666666666,45.0,0.013055494881753147,0.16925257419612166
1.724706111111111,45.0,0.013055507344258708,0.16926773341949305
1.7252555555555555,45.0,0.013055505833287483,0.16928826991465745
1.7258049999999998,45.0,0.013055508269286609,0.16930293895091372
1.7263544444444443,45.0,0.013055519863643826,0.1693164188075481
1.7269038888888888,45.0,0.013055516204614379,0.16933530175178355
1.7274533333333333,45.0,0.013055518526618381,0.16934534932243778
1.7280027777777778,45.0,0.013055529635223443,0.1693587012149337
1.728552222222222,45.0,0.013055528433472977,0.16937051137422532
1.7291016666666665,45.0,0.01305553042687333,0.16937601614160544
1.729651111111111,45.0,0.013055540016147367,0.16938563504297227
1.7302005555555555,45.0,0.013055540990935513,0.16939132070889854
1.73075,45.0,0.013055537060899272,0.16939091739742151
1.7312994444444443,45.0,0.01305554459590882,0.16939492889017255
1.7318488888888888,45.0,0.013055553042852348,0.1693920052324042
1.7323983333333333,45.0,0.013055546998019089,0.16938983653134426
1.7329477777777778,45.0,0.013055547116038586,0.16938313464119512
1.733497222222222,45.0,0.0130555582765795,0.16937567912747467
1.7340466666666665,45.0,0.01305555960377102,0.16936807233416998
1.734596111111111,45.0,0.013055555329131094,0.16935369864123273
1.7351455555555555,45.0,0.01305556140976804,0.16934197470625337
1.735695,45.0,0.01305556594046697,0.16932670223696386
1.7362444444444443,45.0,0.01305556094233788,0.1693123256083978
1.7367938888888887,45.0,0.013055568564594324,0.1692927960033114
1.7373433333333332,45.0,0.013055572427808443,0.16927525937452376
1.7378927777777777,45.0,0.013055564423070626,0.16926237959485488
1.7384422222222222,45.0,0.013055574379641928,0.1692408404392461
1.7389916666666665,45.0,0.013055575795612633,0.1692255107531424
1.739541111111111,45.0,0.013055569760813481,0.16921402013437822
1.7400905555555555,45.0,0.013055583576228894,0.16919555538164374
1.74064,45.0,0.013055583451457312,0.1691877749173915
1.7411894444444445,45.0,0.013055576175852188,0.16917523224298803
1.7417388888888887,45.0,0.013055588369774003,0.16916644156753036
1.7422883333333332,45.0,0.01305559436773415,0.1691624564616399
1.7428377777777777,45.0,0.01305558833403274,0.1691536481953237
1.7433872222222222,45.0,0.013055590910902236,0.16915394966022765
1.7439366666666665,45.0,0.01305560061789021,0.16915222326950646
1.744486111111111,45.0,0.013055603371343644,0.16915181193711887
1.7450355555555555,45.0,0.013055602387622904,0.16915703753014974
1.745585,45.0,0.013055609799401166,0.169159925513773
1.7461344444444444,45.0,0.013055616184375849,0.16916712002391188
1.7466838888888887,45.0,0.01305561536352683,0.16917716530937438
1.7472333333333332,45.0,0.013055623387808192,0.169185287646232
1.7477827777777777,45.0,0.013055632584226236,0.16919584939893217
1.7483322222222222,45.0,0.013055631780600787,0.16921166411951627
1.7488816666666667,45.0,0.013055638650049493,0.16922383699209206
1.749431111111111,45.0,0.0130556467866187,0.16923749098113458
1.7499805555555554,45.0,0.013055646812125836,0.1692552111115217
1.75053,45.0,0.013055656333748958,0.16927000598405756
1.7510794444444444,45.0,0.013055665514306926,0.16928734583743518
1.751628888888889,45.0,0.01305566084297752,0.169300768056726
1.7521783333333332,45.0,0.013055670601077735,0.1693192809223473
1.7527277777777777,45.0,0.013055687762327494,0.1693322720105517
1.7532772222222222,45.0,0.013055680065688803,0.16934349059419165
1.7538266666666666,45.0,0.013055683330325953,0.16935800057323488
1.754376111111111,45.0,0.013055700662701277,0.16936429967459227
1.7549255555555554,45.0,0.013055697335328074,0.16937467700819692
1.755475,45.0,0.013055700348433032,0.1693763106494034
1.7560244444444444,45.0,0.013055711179363116,0.16938115119659058
1.7565738888888889,45.0,0.013055711781202923,0.1693833757481127
1.7571233333333331,45.0,0.013055714315678556,0.16937882023839276
1.7576727777777776,45.0,0.0130557192493936,0.1693796990537044
1.7582222222222221,45.0,0.013055726407793698,0.1693720365807667
1.7587716666666666,45.0,0.013055728964940599,0.169366625605279
1.7593211111111111,45.0,0.013055729884959674,0.16936025560059748
1.7598705555555554,45.0,0.013055737656423374,0.16934791363004176
1.7604199999999999,45.0,0.013055738747339405,0.1693395819022678
1.7609694444444444,45.0,0.013055742516782648,0.1693272915016361
1.7615188888888889,45.0,0.013055749496850365,0.169313472497591
1.7620683333333333,45.0,0.013055744382688464,0.16930234212310913
1.7626177777777776,45.0,0.013055748556187201,0.16928518698115444
1.763167222222222,45.0,0.01305576212325469,0.16927412956888058
1.7637166666666666,45.0,0.013055757109263554,0.16925787094548822
1.764266111111111,45.0,0.013055754322727355,0.16924246696130119
1.7648155555555554,45.0,0.013055769177844165,0.16923085852686398
1.7653649999999999,45.0,0.013055768403454224,0.16921641523728762
1.7659144444444443,45.0,0.01305576326036095,0.16920265823749903
1.7664638888888888,45.0,0.013055777046540018,0.1691912156265047
1.7670133333333333,45.0,0.01305577931016584,0.16918241451197558
1.7675627777777776,45.0,0.013055773014042116,0.16917244933077852
1.768112222222222,45.0,0.013055783137938823,0.16916650174528916
1.7686616666666666,45.0,0.013055788760956928,0.16916000552792831
1.769211111111111,45.0,0.013055787010128342,0.16916187185259024
1.7697605555555556,45.0,0.013055793960329083,0.16915799196067746
1.7703099999999998,45.0,0.013055797459003409,0.1691609230155447
1.7708594444444443,45.0,0.013055801337134972,0.1691681580910341
1.7714088888888888,45.0,0.01305581053773337,0.1691702098165534
1.7719583333333333,45.0,0.013055813015628082,0.1691810891762948
1.7725077777777778,45.0,0.013055815111370408,0.16918897282035564
1.773057222222222,45.0,0.013055820506828875,0.16919972127767374
1.7736066666666666,45.0,0.013055830353976299,0.1692124989126983
1.774156111111111,45.0,0.013055834707354878,0.16922191837751568
1.7747055555555555,45.0,0.013055831859339659,0.16923723054443965
1.7752549999999998,45.0,0.013055846252552147,0.16924974275276566
1.7758044444444443,45.0,0.013055852234391622,0.16926240620798322
1.7763538888888888,45.0,0.01305584588328981,0.16927818214865345
1.7769033333333333,45.0,0.013055862259187444,0.1692874606544512
1.7774527777777778,45.0,0.01305587015008364,0.16930468685582226
1.778002222222222,45.0,0.013055863124961486,0.1693146155761761
1.7785516666666665,45.0,0.013055874145858548,0.16932679208416404
1.779101111111111,45.0,0.013055884940035324,0.16933698574471634
1.7796505555555555,45.0,0.013055882048200367,0.1693470824416229
1.7802,45.0,0.013055886815426705,0.16935654165113892
1.7807494444444443,45.0,0.013055894650773158,0.1693604879882505
1.7812988888888888,45.0,0.013055894636326474,0.16936808310806517
1.7818483333333333,45.0,0.013055902715611597,0.16937300423182108
1.7823977777777777,45.0,0.013055909510419149,0.16937072675158055
1.7829472222222222,45.0,0.013055905576464001,0.1693724534010895
1.7834966666666665,45.0,0.013055912569817049,0.16937235678442736
1.784046111111111,45.0,0.013055920972209407,0.16936349141662177
1.7845955555555555,45.0,0.013055918529787512,0.16936026140099383
1.785145,45.0,0.013055921223061316,0.16934939802898474
1.7856944444444443,45.0,0.01305592850652814,0.16934166282828705
1.7862438888888887,45.0,0.01305592965613623,0.1693296338548498
1.7867933333333332,45.0,0.013055926996295378,0.16931586062419554
1.7873427777777777,45.0,0.01305593327237118,0.16930489207789554
1.7878922222222222,45.0,0.013055941298351019,0.16929162336380602
1.7884416666666665,45.0,0.013055933961871038,0.16927618297003197
1.788991111111111,45.0,0.013055935103152672,0.1692653505592413
1.7895405555555555,45.0,0.013055949851984754,0.1692521850036034
1.79009,45.0,0.013055944462344227,0.16923684714150072
1.7906394444444445,45.0,0.013055941652858779,0.16923055642853455
1.7911888888888887,45.0,0.013055952918510248,0.16921396485740614
1.7917383333333332,45.0,0.01305594785621215,0.16920778461392588
1.7922877777777777,45.0,0.013055950487088686,0.16919867267798372
1.7928372222222222,45.0,0.013055959897479024,0.169188363916382
1.7933866666666667,45.0,0.013055953276147102,0.16918490855997287
1.793936111111111,45.0,0.013055957320071435,0.16917847319968185
1.7944855555555554,45.0,0.013055966321735966,0.16917602737539897
1.795035,45.0,0.013055963013184993,0.16917335009424508
1.7955844444444444,45.0,0.013055965021671416,0.16917253253950118
1.7961338888888887,45.0,0.013055974609027927,0.16917563131380312
1.7966833333333332,45.0,0.013055974688378215,0.16917747648598255
1.7972327777777777,45.0,0.013055971966233584,0.16918222922192486
1.7977822222222222,45.0,0.01305598292887195,0.16918847770848536
1.7983316666666667,45.0,0.013055988348799815,0.16919685389759961
1.798881111111111,45.0,0.013055982858760586,0.169208104677309
1.7994305555555554,45.0,0.013055987590971726,0.16921406126905844
1.79998,45.0,0.013055998181924938,0.16923294379847292
1.8005294444444444,45.0,0.013056000249795438,0.16924139937183952
1.801078888888889,45.0,0.013055998480771812,0.1692542246677716
1.8016283333333332,45.0,0.013056007139838257,0.16927228566604538
1.8021777777777777,45.0,0.013056011828240354,0.16928043794066988
1.8027272222222221,45.0,0.01305600889181716,0.1692974307175311
1.8032766666666666,45.0,0.013056018999843938,0.16930693998646673
1.803826111111111,45.0,0.013056021473511316,0.1693178588048576
1.8043755555555554,45.0,0.013056017275125668,0.16932992871856106
1.804925,45.0,0.013056029171256336,0.16933711131455825
1.8054744444444444,45.0,0.013056029631650867,0.16934305051035356
1.8060238888888889,45.0,0.0130560254700634,0.16935238758634508
1.8065733333333331,45.0,0.013056039076609901,0.16935390955933005
1.8071227777777776,45.0,0.013056037650877936,0.1693579203151506
1.8076722222222221,45.0,0.013056031472634481,0.16936182559672636
1.8082216666666666,45.0,0.01305604548799553,0.16935770791660182
1.808771111111111,45.0,0.013056048211837566,0.1693596615330756
1.8093205555555554,45.0,0.013056040329438407,0.16935745919775752
1.8098699999999999,45.0,0.01305604456199005,0.16934963574702305
1.8104194444444444,45.0,0.013056050885913776,0.16934805569746653
1.8109688888888889,45.0,0.013056049733007441,0.16934025198908076
1.8115183333333333,45.0,0.013056047142986686,0.1693302296174248
1.8120677777777776,45.0,0.013056052095051906,0.16932407715859996
1.812617222222222,45.0,0.013056053581195657,0.16931112047664104
1.8131666666666666,45.0,0.013056049312013877,0.1693036659683098
1.813716111111111,45.0,0.013056053991587782,0.1692874924381442
1.8142655555555554,45.0,0.01305605512564975,0.16927761741622757
1.8148149999999998,45.0,0.013056050747023623,0.1692648684126991
1.8153644444444443,45.0,0.01305605355448703,0.16925201459313866
1.8159138888888888,45.0,0.013056054963407967,0.16923861930994558
1.8164633333333333,45.0,0.013056051055836479,0.1692266490124744
1.8170127777777776,45.0,0.013056054263548925,0.16921952875666252
1.817562222222222,45.0,0.013056056842353139,0.16920456345268842
1.8181116666666666,45.0,0.013056046996435585,0.16919987325877162
1.818661111111111,45.0,0.013056053743669721,0.16919462701479818
1.8192105555555556,45.0,0.013056063911303041,0.16918526159302893
1.8197599999999998,45.0,0.013056049906873703,0.1691861603876031
1.8203094444444443,45.0,0.013056053083492511,0.1691838539096696
1.8208588888888888,45.0,0.013056064475182854,0.169180976562445
1.8214083333333333,45.0,0.013056055567473792,0.16918774861195315
1.8219577777777778,45.0,0.013056056739959597,0.16918528918610892
1.822507222222222,45.0,0.013056063632506491,0.16919175253448096
1.8230566666666665,45.0,0.01305606061403434,0.16919857735341337
1.823606111111111,45.0,0.013056060868616472,0.1692022426987033
1.8241555555555555,45.0,0.013056064579495288,0.169211448008242
1.8247049999999998,45.0,0.01305606663847629,0.16921965377258522
1.8252544444444443,45.0,0.01305606602116846,0.16922795234072274
1.8258038888888888,45.0,0.013056066660759693,0.16923993612937124
1.8263533333333333,45.0,0.013056070475262303,0.1692489767596704
1.8269027777777778,45.0,0.01305607050679992,0.16925774548192488
1.827452222222222,45.0,0.013056072880293586,0.1692746687036405
1.8280016666666665,45.0,0.013056076235709787,0.1692799501184931
1.828551111111111,45.0,0.013056069877738873,0.16929365706932467
1.8291005555555555,45.0,0.01305607396631871,0.16930610981558397
1.82965,45.0,0.013056083764543308,0.16931426938073513
1.8301994444444443,45.0,0.013056075007097934,0.16932491911159891
1.8307488888888888,45.0,0.01305607416387286,0.1693338322184373
1.8312983333333333,45.0,0.013056086241814351,0.1693421575822461
1.8318477777777777,45.0,0.013056081405450455,0.16934749439042332
1.8323972222222222,45.0,0.013056075816111151,0.16935196285741186
1.8329466666666665,45.0,0.01305608642965321,0.1693546743380531
1.833496111111111,45.0,0.01305608436886786,0.16935677593801954
1.8340455555555555,45.0,0.013056075642353232,0.16935511608810938
1.834595,45.0,0.013056084698583634,0.16935147834388578
1.8351444444444442,45.0,0.013056084149713033,0.16934915658642322
1.8356938888888887,45.0,0.01305607704208758,0.16934409089701621
1.8362433333333332,45.0,0.013056081444477483,0.16933436965527707
1.8367927777777777,45.0,0.013056077686565361,0.1693311348634297
1.8373422222222222,45.0,0.013056076649143367,0.1693202124486063
1.8378916666666665,45.0,0.013056080390821899,0.16931002611476742
1.838441111111111,45.0,0.013056075379182476,0.1693050654448394
1.8389905555555555,45.0,0.013056072136731045,0.16928925782576662
1.83954,45.0,0.013056071892357059,0.16928361894320312
1.8400894444444444,45.0,0.013056074444608042,0.16927245571341445
1.8406388888888887,45.0,0.013056069132087062,0.16925929718956667
1.8411883333333332,45.0,0.013056062181749041,0.16925349099273948
1.8417377777777777,45.0,0.013056070098832475,0.16924081847345188
1.8422872222222222,45.0,0.01305606637998115,0.1692323514495817
1.8428366666666667,45.0,0.013056056336039389,0.16922433198002756
1.843386111111111,45.0,0.01305606507491566,0.16921404466644893
1.8439355555555554,45.0,0.013056064022109716,0.1692090319413262
1.844485,45.0,0.013056051585374045,0.1692028909196641
1.8450344444444444,45.0,0.013056058025976494,0.16919521868703094
1.8455838888888887,45.0,0.013056061606561512,0.16919307462516
1.8461333333333332,45.0,0.013056051637802319,0.16919229469144512
1.8466827777777777,45.0,0.01305605311206441,0.16918806590175103
1.8472322222222222,45.0,0.013056054598076714,0.1691910947251957
1.8477816666666667,45.0,0.01305604880070573,0.16919467218517853
1.848331111111111,45.0,0.013056052756461685,0.1691965320878404
1.8488805555555554,45.0,0.013056053389856367,0.1692043144659786
1.84943,45.0,0.01305604556062467,0.16921004458328834
1.8499794444444444,45.0,0.013056050125993486,0.16922045215666648
1.850528888888889,45.0,0.01305605413679699,0.16922748061699736
1.8510783333333332,45.0,0.01305604590412942,0.1692380593424043
1.8516277777777777,45.0,0.013056046926948145,0.16924856088385964
1.8521772222222221,45.0,0.013056051224283082,0.16925841014171827
1.8527266666666666,45.0,0.013056046928151755,0.16926920121780673
1.8532761111111111,45.0,0.013056044436620543,0.16927785347931665
1.8538255555555554,45.0,0.013056047778988718,0.16928936136510844
1.8543749999999999,45.0,0.013056050607403913,0.16929717804169214
1.8549244444444444,45.0,0.013056041330888493,0.16930624849428005
1.8554738888888889,45.0,0.01305604145498121,0.1693161724228763
1.8560233333333331,45.0,0.013056052283296106,0.16931910208424727
1.8565727777777776,45.0,0.013056042259884704,0.16933030975430186
1.8571222222222221,45.0,0.013056039751394065,0.16933446583716538
1.8576716666666666,45.0,0.013056047336188942,0.16933541817412207
1.858221111111111,45.0,0.01305603849452028,0.16934567120116514
1.8587705555555554,45.0,0.013056039431717197,0.16934240074499368
1.8593199999999999,45.0,0.013056042950382337,0.1693462057264862
1.8598694444444444,45.0,0.013056032941068099,0.16934579487916662
1.8604188888888888,45.0,0.013056034265113233,0.16934394577582382
1.8609683333333333,45.0,0.013056038785225653,0.16934347027482657
1.8615177777777776,45.0,0.013056029681246596,0.16933548591133463
1.862067222222222,45.0,0.013056027141760036,0.16933293576662448
1.8626166666666666,45.0,0.013056032340921278,0.16932616963929628
1.863166111111111,45.0,0.01305602389327607,0.16931690995565551
1.8637155555555553,45.0,0.013056017759098223,0.16930765553133642
1.8642649999999998,45.0,0.013056024033384973,0.16929913498673677
1.8648144444444443,45.0,0.013056019758305393,0.16928829387496763
1.8653638888888888,45.0,0.013056009599816816,0.1692767330541027
1.8659133333333333,45.0,0.013056009725290474,0.16926746954065816
1.8664627777777776,45.0,0.01305601224582776,0.16925697037063644
1.867012222222222,45.0,0.013056006045599356,0.16924705286172678
1.8675616666666666,45.0,0.013055999970768855,0.1692383236972309
1.868111111111111,45.0,0.013056002545046824,0.1692298934174654
1.8686605555555555,45.0,0.013055999991210326,0.1692240479339351
1.8692099999999998,45.0,0.013055993177875324,0.16921606742302686
1.8697594444444443,45.0,0.013055996125288055,0.16921264661895302
1.8703088888888888,45.0,0.013055992097240381,0.1692065605666972
1.8708583333333333,45.0,0.013055983789791177,0.16920598628847272
1.8714077777777778,45.0,0.01305599083075845,0.16920260316656213
1.871957222222222,45.0,0.013055985321500785,0.169200948704807
1.8725066666666665,45.0,0.013055977009448855,0.16920311902918797
1.873056111111111,45.0,0.013055986953402049,0.16920239598002557
1.8736055555555555,45.0,0.013055978422481537,0.16920700557685858
1.8741549999999998,45.0,0.013055969917030537,0.16920809277831778
1.8747044444444443,45.0,0.01305598130359135,0.169213217923599
1.8752538888888888,45.0,0.013055976987072821,0.16922053881264335
1.8758033333333333,45.0,0.013055967217890306,0.169223899264806
1.8763527777777778,45.0,0.013055970644920608,0.1692327985656557
1.876902222222222,45.0,0.013055973300680231,0.16924199730003772
1.8774516666666665,45.0,0.013055967579643057,0.1692488608846961
1.878001111111111,45.0,0.013055964200933844,0.16926045317572158
1.8785505555555555,45.0,0.013055967751226489,0.16926786930500531
1.8791,45.0,0.013055965227789358,0.169281321651479
1.8796494444444443,45.0,0.013055962302556214,0.16928962437439768
1.8801988888888888,45.0,0.013055964747442599,0.16929696194177915
1.8807483333333332,45.0,0.013055962899288053,0.16931037596911222
1.8812977777777777,45.0,0.01305595877609115,0.16931510967533514
1.8818472222222222,45.0,0.013055959644641799,0.16932298645224805
1.8823966666666665,45.0,0.013055959645947378,0.16932859958768265
1.882946111111111,45.0,0.013055954133171685,0.1693329110065658
1.8834955555555555,45.0,0.013055956467535866,0.16933641035514388
1.884045,45.0,0.01305595580158361,0.16933757640480837
1.8845944444444442,45.0,0.013055944328696844,0.16933847244144756
1.8851438888888887,45.0,0.013055950622087635,0.1693389098088254
1.8856933333333332,45.0,0.01305595426871749,0.16933545374865983
1.8862427777777777,45.0,0.013055937797422033,0.16933436657291678
1.8867922222222222,45.0,0.013055940882717084,0.16933098528059792
1.8873416666666665,45.0,0.013055947670640009,0.16932468933530773
1.887891111111111,45.0,0.013055934175979708,0.1693223601704545
1.8884405555555555,45.0,0.013055933040907002,0.16931418305681012
1.88899,45.0,0.013055936246622718,0.16930777429647956
1.8895394444444444,45.0,0.013055927154106988,0.16930201372735637
1.8900888888888887,45.0,0.013055925738296163,0.1692939658180726
1.8906383333333332,45.0,0.013055925700189694,0.16928389581316927
1.8911877777777777,45.0,0.013055921635914724,0.1692777092008924
1.8917372222222222,45.0,0.013055918362802487,0.16926804417976424
1.8922866666666667,45.0,0.013055914775405174,0.16925984583382161
1.892836111111111,45.0,0.013055914021521139,0.1692493501824291
1.8933855555555554,45.0,0.013055909682830893,0.16924225453816097
1.893935,45.0,0.013055908735183787,0.16923465469393084
1.8944844444444444,45.0,0.013055907118387677,0.16922415275581323
1.8950338888888887,45.0,0.013055897635257585,0.16922120717601485
1.8955833333333332,45.0,0.013055900490635186,0.16921247008971366
1.8961327777777777,45.0,0.013055902908952685,0.16921116118287577
1.8966822222222222,45.0,0.013055890755905056,0.1692053161449753
1.8972316666666666,45.0,0.013055889174681536,0.16920522921662345
1.897781111111111,45.0,0.013055897059929326,0.16920730638173384
1.8983305555555554,45.0,0.013055888849929757,0.16920403991913877
1.89888,45.0,0.013055882061209197,0.1692105317922968
1.8994294444444444,45.0,0.013055891280347417,0.16921304072374888
1.8999788888888889,45.0,0.013055884581840324,0.16921580673177433
1.9005283333333332,45.0,0.013055876198884427,0.1692254201045006
1.9010777777777776,45.0,0.013055885531453797,0.16922701654966893
1.9016272222222221,45.0,0.013055880747358372,0.16923534413849814
1.9021766666666666,45.0,0.013055874996372752,0.16924447666507803
1.9027261111111111,45.0,0.013055879627523278,0.16924779451047373
1.9032755555555554,45.0,0.01305587462784608,0.16925919015041144
1.9038249999999999,45.0,0.013055874064588422,0.16926416424530183
1.9043744444444444,45.0,0.013055877402335589,0.16927380602324293
1.9049238888888889,45.0,0.013055872300068801,0.169280708259995
1.9054733333333331,45.0,0.0130558697835309,0.16928851151376526
1.9060227777777776,45.0,0.01305587259224149,0.16929529655918463
1.9065722222222221,45.0,0.013055873687635715,0.16930491379256674
1.9071216666666666,45.0,0.013055867764883489,0.16930826652674016
1.907671111111111,45.0,0.013055864184312352,0.16931573237295702
1.9082205555555554,45.0,0.013055871200503374,0.1693239664877896
1.9087699999999999,45.0,0.013055866822208398,0.16932471796702006
1.9093194444444443,45.0,0.013055858784116223,0.1693306919259068
1.9098688888888888,45.0,0.013055868199030148,0.1693329128790501
1.9104183333333333,45.0,0.013055864635374946,0.16933480573681894
1.9109677777777776,45.0,0.0130558534165886,0.16933454650004656
1.911517222222222,45.0,0.013055861232275928,0.1693325097881556
1.9120666666666666,45.0,0.01305586090289105,0.16933075218317623
1.912616111111111,45.0,0.013055851051897735,0.16932696608134912
1.9131655555555556,45.0,0.013055853121626378,0.16932057204242587
1.9137149999999998,45.0,0.013055852800631694,0.1693155207280228
1.9142644444444443,45.0,0.013055845971914138,0.16930803836139838
1.9148138888888888,45.0,0.013055848333310246,0.16930257199552243
1.9153633333333333,45.0,0.013055846698747375,0.16929039322238937
1.9159127777777776,45.0,0.01305583678219814,0.16928789521785606
1.916462222222222,45.0,0.013055842240613645,0.1692775783142181
1.9170116666666666,45.0,0.013055843121239199,0.16926717146330683
1.917561111111111,45.0,0.013055832026082632,0.16926635927201264
1.9181105555555555,45.0,0.013055834449274112,0.16925083791490259
1.9186599999999998,45.0,0.013055835263791546,0.1692508104618035
1.9192094444444443,45.0,0.013055828873691834,0.16924199345621796
1.9197588888888888,45.0,0.013055826184247048,0.16923363502961528
1.9203083333333333,45.0,0.013055828241376445,0.16923229390854874
1.9208577777777778,45.0,0.013055828224997772,0.1692252291618973
1.921407222222222,45.0,0.013055818127993774,0.1692211113589799
1.9219566666666665,45.0,0.013055820062795936,0.16921898328939422
1.922506111111111,45.0,0.013055826446427632,0.16921454118238205
1.9230555555555555,45.0,0.013055815147552881,0.16921431032118167
1.923605,45.0,0.01305581453260338,0.16921387022406117
1.9241544444444443,45.0,0.013055820268082455,0.1692106999769011
1.9247038888888888,45.0,0.013055812164784733,0.1692167494796548
1.9252533333333333,45.0,0.013055813739719624,0.16921645936960467
1.9258027777777778,45.0,0.01305581659289943,0.1692188895434746
1.926352222222222,45.0,0.013055807197045511,0.16922625177944722
1.9269016666666665,45.0,0.013055810903339132,0.16923191745048993
1.927451111111111,45.0,0.013055816173884648,0.16923606071308372
1.9280005555555555,45.0,0.013055807237900554,0.16924582219741852
1.92855,45.0,0.013055809181795658,0.16925346191391072
1.9290994444444443,45.0,0.013055815605386403,0.16926085931968776
1.9296488888888887,45.0,0.013055808132608697,0.16927025297969772
1.9301983333333332,45.0,0.013055806447698394,0.16927708242352996
1.9307477777777777,45.0,0.013055814755891605,0.16928575682778754
1.9312972222222222,45.0,0.013055811221884178,0.1692923164105436
1.9318466666666665,45.0,0.013055804502582995,0.16929957650419833
1.932396111111111,45.0,0.01305581011814924,0.16930381321215499
1.9329455555555555,45.0,0.013055812278735507,0.1693114126235037
1.933495,45.0,0.013055807517838122,0.16931311443915983
1.9340444444444445,45.0,0.013055805888179789,0.16931789554311713
1.9345938888888887,45.0,0.013055808930284822,0.16932211320855095
1.9351433333333332,45.0,0.013055808741122676,0.16932025561493774
1.9356927777777777,45.0,0.013055804525273633,0.16932581778517766
1.9362422222222222,45.0,0.013055808956890118,0.16932428355732856
1.9367916666666665,45.0,0.013055805677500493,0.16932118384477648
1.937341111111111,45.0,0.013055800181182057,0.16932663251720806
1.9378905555555554,45.0,0.013055808804267925,0.16931917068048072
1.93844,45.0,0.013055801975076997,0.16931664836184127
1.9389894444444444,45.0,0.013055797547822016,0.16931775445130268
1.9395388888888887,45.0,0.01305580790149157,0.16930721759011982
1.9400883333333332,45.0,0.013055798566613475,0.16930725276804093
1.9406377777777777,45.0,0.013055793786515744,0.16929790148448395
1.9411872222222222,45.0,0.013055804554631751,0.16929181737311702
1.9417366666666667,45.0,0.013055798971553664,0.16928644735816256
1.942286111111111,45.0,0.013055790124103416,0.16927617692345265
1.9428355555555554,45.0,0.013055796357900062,0.16926869345827614
1.943385,45.0,0.01305579798439863,0.16926265915935892
1.9439344444444444,45.0,0.013055790498635431,0.16925247169399057
1.9444838888888887,45.0,0.013055790280319855,0.16924556253698544
1.9450333333333332,45.0,0.01305579224413589,0.169240569772204
1.9455827777777777,45.0,0.013055789044138646,0.1692331201163522
1.9461322222222222,45.0,0.013055787994187672,0.16922880110072422
1.9466816666666666,45.0,0.01305578993111302,0.16922483138307576
1.947231111111111,45.0,0.013055787977612638,0.16922194734712234
1.9477805555555554,45.0,0.013055785593272643,0.16922005568853724
1.94833,45.0,0.013055787912568005,0.16922001032164813
1.9488794444444444,45.0,0.01305578696913559,0.1692176798881549
1.9494288888888889,45.0,0.013055783925881114,0.1692207313044433
1.9499783333333331,45.0,0.013055787969029215,0.16922139314293758
1.9505277777777776,45.0,0.013055787354613886,0.1692233697236877
1.9510772222222221,45.0,0.01305578042779013,0.16922627859248648
1.9516266666666666,45.0,0.013055788914148284,0.16923055050182062
1.9521761111111111,45.0,0.01305579245980102,0.1692331094374009
1.9527255555555554,45.0,0.013055778923747614,0.16923945621365047
1.9532749999999999,45.0,0.013055787059252094,0.16924369911745824
1.9538244444444444,45.0,0.013055795476782034,0.16924727670151837
1.9543738888888889,45.0,0.01305578351898732,0.16925914194727815
1.9549233333333331,45.0,0.01305578873232522,0.16925758013983352
1.9554727777777776,45.0,0.013055793880387615,0.1692693335005015
1.956022222222222,45.0,0.013055787340835278,0.1692775792099636
1.9565716666666666,45.0,0.0130557910162892,0.169278899958119
1.957121111111111,45.0,0.01305579348513207,0.1692912692666586
1.9576705555555554,45.0,0.013055792493357341,0.16929528856678475
1.9582199999999998,45.0,0.013055792903384185,0.16930240011222572
1.9587694444444443,45.0,0.01305579447515476,0.16930922334892565
1.9593188888888888,45.0,0.013055795408930555,0.16931078444923794
1.9598683333333333,45.0,0.013055794505369357,0.16931885241128303
1.9604177777777776,45.0,0.01305579772603094,0.16931948452511225
1.960967222222222,45.0,0.01305579644967897,0.16932030551886043
1.9615166666666666,45.0,0.013055792766455665,0.1693229762015074
1.962066111111111,45.0,0.013055798908767825,0.16932137838886754
1.9626155555555556,45.0,0.01305580116565491,0.16931928371648522
1.9631649999999998,45.0,0.013055792514563557,0.16931717208580724
1.9637144444444443,45.0,0.013055794466338802,0.16931508516524926
1.9642638888888888,45.0,0.013055803437036256,0.16930921799285178
1.9648133333333333,45.0,0.013055795526689803,0.16930648473012663
1.9653627777777776,45.0,0.013055792966458275,0.16930092613596376
1.965912222222222,45.0,0.013055803600978523,0.16929511224689522
1.9664616666666666,45.0,0.013055796598219899,0.1692915166908944
1.967011111111111,45.0,0.01305579225756249,0.16928441688249957
1.9675605555555555,45.0,0.013055802163669748,0.16927872000980537
1.9681099999999998,45.0,0.01305579694206099,0.16927300972186343
1.9686594444444443,45.0,0.013055793166236099,0.16926828444339517
1.9692088888888888,45.0,0.013055799960781399,0.16926048693668425
1.9697583333333333,45.0,0.013055795143870706,0.16925540286223897
1.9703077777777778,45.0,0.013055795473858507,0.169250366411658
1.970857222222222,45.0,0.013055800499997362,0.1692433886269831
1.9714066666666665,45.0,0.01305579401244521,0.16923996793139368
1.971956111111111,45.0,0.01305579416839034,0.1692322411101739
1.9725055555555555,45.0,0.013055799034492816,0.16923120238410813
1.973055,45.0,0.013055798867850094,0.1692263311156821
1.9736044444444443,45.0,0.013055794896396267,0.16922045569386468
1.9741538888888888,45.0,0.013055794488147036,0.16922468407000812
1.9747033333333333,45.0,0.013055802234937627,0.1692192094928606
1.9752527777777777,45.0,0.013055797601535465,0.1692207286304765
1.975802222222222,45.0,0.013055794023437184,0.16922413986518853
1.9763516666666665,45.0,0.013055805173762609,0.16922351287842696
1.976901111111111,45.0,0.01305580173390917,0.16923090759560322
1.9774505555555555,45.0,0.013055796517644309,0.16923236615652823
1.978,45.0,0.013055806624795685,0.16923820757294347
1.9785494444444442,45.0,0.013055807448461914,0.16924510259224348
1.9790988888888887,45.0,0.01305580127854547,0.16924890957425767
1.9796483333333332,45.0,0.013055807335828238,0.16925640651138393
1.9801977777777777,45.0,0.013055810433149628,0.16926200570899083
1.9807472222222222,45.0,0.013055805970076448,0.16926722641028255
1.9812966666666665,45.0,0.013055813429756516,0.16927464900692268
1.981846111111111,45.0,0.013055813297860907,0.16927818669517838
1.9823955555555555,45.0,0.013055806952541165,0.16928535165744804
1.982945,45.0,0.013055817942566363,0.16928934117019814
1.9834944444444444,45.0,0.013055818880997544,0.16929436666004438
1.9840438888888887,45.0,0.01305581181822612,0.16929899021221098
1.9845933333333332,45.0,0.01305581926333781,0.16930154939688127
1.9851427777777777,45.0,0.013055822321752212,0.16930774856406022
1.9856922222222222,45.0,0.013055818062261507,0.16930863240799135
1.9862416666666665,45.0,0.01305581977256663,0.16931166732298347
1.986791111111111,45.0,0.013055824710917315,0.16931381478984436
1.9873405555555554,45.0,0.013055824814360028,0.16931613127869627
1.98789,45.0,0.013055820120996202,0.16931499589495316
1.9884394444444444,45.0,0.013055825488976077,0.16931527567437768
1.9889888888888887,45.0,0.013055831766195576,0.16931438309904434
1.9895383333333332,45.0,0.01305582319959065,0.1693121477043719
1.9900877777777777,45.0,0.013055825590528751,0.16930832794447886
1.9906372222222222,45.0,0.01305583260235925,0.16930383822595726
1.9911866666666667,45.0,0.013055825473240124,0.16930106912864232
1.991736111111111,45.0,0.013055829898372001,0.16929272509677432
1.9922855555555554,45.0,0.01305583279433632,0.1692873919195389
1.992835,45.0,0.013055824477717857,0.1692824150261814
1.9933844444444444,45.0,0.01305583111027655,0.16927406410974521
1.993933888888889,45.0,0.013055834547555812,0.16926888805492737
1.9944833333333332,45.0,0.013055826308819293,0.1692619848066467
1.9950327777777777,45.0,0.01305583021709656,0.16925625573437209
1.9955822222222221,45.0,0.013055836694274915,0.16925289977973104
1.9961316666666666,45.0,0.013055829148106261,0.16924447378942026
1.996681111111111,45.0,0.013055829382159555,0.16924452413897761
1.9972305555555554,45.0,0.013055838878130334,0.16923737334142727
1.99778,45.0,0.013055832573238516,0.16923636170712303
1.9983294444444444,45.0,0.01305582947233616,0.16923468907257178
1.9988788888888889,45.0,0.013055837337564304,0.1692293181172776
1.9994283333333331,45.0,0.013055837582882361,0.16923190782314984
1.9999777777777776,45.0,0.013055835406720817,0.16922930612053255
2.000527222222222,45.0,0.013055835495997724,0.169228237706802
2.0010766666666666,45.0,0.013055839671820927,0.1692303348867461
2.001626111111111,45.0,0.013055840353267094,0.16922996402083187
2.0021755555555556,45.0,0.013055838398678254,0.16923254001405283
2.002725,45.0,0.013055844547583642,0.16923339739183788
2.003274444444444,45.0,0.013055842154979742,0.16923629682733762
2.003823888888889,45.0,0.013055841352227256,0.16924273007921847
2.004373333333333,45.0,0.013055850547746604,0.16924298477785432
2.004922777777778,45.0,0.013055844783064872,0.1692499657606037
2.005472222222222,45.0,0.013055844716727388,0.16925572328205762
2.0060216666666664,45.0,0.013055856006630484,0.1692621288937712
2.006571111111111,45.0,0.013055848869262095,0.16926612101691968
2.0071205555555554,45.0,0.013055848250707167,0.16927498743853278
2.00767,45.0,0.013055861744033656,0.16928061170882372
2.0082194444444443,45.0,0.013055855926344102,0.1692853358518148
2.0087688888888886,45.0,0.013055851282517949,0.1692929596476437
2.0093183333333333,45.0,0.013055862036865975,0.169295432812939
2.0098677777777776,45.0,0.013055862913089033,0.1693022423979568
2.0104172222222223,45.0,0.013055858684870544,0.16930266708548083
2.0109666666666666,45.0,0.013055862229288223,0.16930779849402103
2.011516111111111,45.0,0.013055865625780006,0.1693074683383866
2.0120655555555556,45.0,0.013055863859099182,0.16931035311421538
2.012615,45.0,0.013055865608876857,0.1693098841338135
2.0131644444444445,45.0,0.013055868740341429,0.16930803941884515
2.013713888888889,45.0,0.013055867023669671,0.16931099710020295
2.014263333333333,45.0,0.013055868668407963,0.16930536406594307
2.014812777777778,45.0,0.013055871452102952,0.16930689474823304
2.015362222222222,45.0,0.013055870688265154,0.169302923713951
2.0159116666666668,45.0,0.013055870162948294,0.16929916137924655
2.016461111111111,45.0,0.013055873721637246,0.1692999554764678
2.0170105555555553,45.0,0.013055873494538612,0.16929231703476208
2.01756,45.0,0.01305586811129124,0.1692893746986104
2.0181094444444443,45.0,0.013055877624780967,0.16928803670632378
2.018658888888889,45.0,0.013055878904324313,0.16927847343568178
2.0192083333333333,45.0,0.013055866068795084,0.1692774204897443
2.0197577777777775,45.0,0.013055877215931374,0.1692700799932716
2.0203072222222223,45.0,0.013055881550333296,0.16926453937989563
2.0208566666666665,45.0,0.013055869752909044,0.16926054896411552
2.021406111111111,45.0,0.013055876838936388,0.16925186956684474
2.0219555555555555,45.0,0.013055880047775477,0.16924933716224175
2.0225049999999998,45.0,0.013055873664102964,0.1692437320075311
2.0230544444444445,45.0,0.013055877620257542,0.16923882022740977
2.0236038888888888,45.0,0.013055879741288526,0.16923455288952327
2.024153333333333,45.0,0.013055876882476414,0.16923481287447192
2.0247027777777777,45.0,0.013055878693533036,0.16923003407022563
2.025252222222222,45.0,0.013055881017157293,0.16923045563966804
2.0258016666666667,45.0,0.013055880468707782,0.16923108253952884
2.026351111111111,45.0,0.01305588166064293,0.16923068547141382
2.0269005555555553,45.0,0.013055884583026466,0.16923327906049637
2.02745,45.0,0.013055883047528064,0.1692356691558731
2.0279994444444442,45.0,0.013055881619993496,0.16923739930381246
2.028548888888889,45.0,0.013055888587138437,0.16924136577575571
2.0290983333333332,45.0,0.013055889959063252,0.16924525554635025
2.0296477777777775,45.0,0.013055882804090512,0.16924736416923608
2.030197222222222,45.0,0.01305588850677584,0.1692532047450738
2.0307466666666665,45.0,0.013055895851245615,0.16925625745539358
2.031296111111111,45.0,0.013055888368475732,0.16926061060249586
2.0318455555555555,45.0,0.013055889240654962,0.16926494931941857
2.0323949999999997,45.0,0.013055899373261562,0.16926977642491245
2.0329444444444444,45.0,0.013055893518144986,0.16927267016046085
2.0334938888888887,45.0,0.013055891865472197,0.16928136733269505
2.0340433333333334,45.0,0.013055903126632578,0.16927948209602106
2.0345927777777777,45.0,0.01305589707409615,0.1692888545610303
2.035142222222222,45.0,0.013055895948223161,0.16929417775417868
2.0356916666666667,45.0,0.013055904781046302,0.16929236089918073
2.036241111111111,45.0,0.013055899127518387,0.16930258875124898
2.0367905555555557,45.0,0.013055902681513907,0.16930291210013484
2.03734,45.0,0.013055907801978997,0.16930508581679793
2.037889444444444,45.0,0.013055901741589897,0.16930934987123583
2.038438888888889,45.0,0.01305590430487076,0.16930790709082805
2.038988333333333,45.0,0.013055909322153333,0.16930976915870458
2.0395377777777774,45.0,0.013055908510054996,0.16930927635458068
2.040087222222222,45.0,0.013055904546023407,0.16930435900247834
2.0406366666666664,45.0,0.013055907138651422,0.16930676008578832
2.041186111111111,45.0,0.013055913010271043,0.1692997039919306
2.0417355555555554,45.0,0.013055906725846835,0.16929732708303588
2.0422849999999997,45.0,0.01305590566266599,0.16929308414231647
2.0428344444444444,45.0,0.013055913784774378,0.1692886628758195
2.0433838888888887,45.0,0.013055908978466004,0.16928412286256395
2.0439333333333334,45.0,0.013055904973926828,0.16927909642972983
2.0444827777777776,45.0,0.013055913756154476,0.16927577592107348
2.045032222222222,45.0,0.013055912126598915,0.16926834096255566
2.0455816666666666,45.0,0.01305590542012972,0.1692687980093103
2.046131111111111,45.0,0.01305591190178659,0.16926067389526384
2.0466805555555556,45.0,0.013055911709296757,0.16925754072061083
2.04723,45.0,0.01305590712003571,0.16925609508025255
2.047779444444444,45.0,0.01305591386250707,0.1692502801939419
2.048328888888889,45.0,0.013055911087541288,0.16924702201034983
2.048878333333333,45.0,0.013055905724017302,0.16924602082475146
2.049427777777778,45.0,0.01305591562670306,0.16924134256763881
2.049977222222222,45.0,0.013055913864901706,0.1692394800345124
2.0505266666666664,45.0,0.013055905769594582,0.1692381928358983
2.051076111111111,45.0,0.013055914455305028,0.16923452230020297
2.0516255555555554,45.0,0.013055915470154169,0.16923691478103942
2.052175,45.0,0.013055909460262843,0.16923424865169323
2.0527244444444444,45.0,0.013055913303144175,0.16923318569266327
2.0532738888888886,45.0,0.01305591589346895,0.16923924453862585
2.0538233333333333,45.0,0.013055914358633583,0.1692377815109344
2.0543727777777776,45.0,0.013055911230863155,0.16923971819844924
2.0549222222222223,45.0,0.013055916590142826,0.16924836100549898
2.0554716666666666,45.0,0.013055920916453512,0.16924645061134677
2.056021111111111,45.0,0.013055912644779066,0.16925581525326971
2.0565705555555556,45.0,0.013055917552764043,0.16925925803982497
2.05712,45.0,0.013055922340111093,0.16926225878305637
2.0576694444444446,45.0,0.013055915955046703,0.1692723159406079
2.058218888888889,45.0,0.013055921720775559,0.16927139410523137
2.058768333333333,45.0,0.013055922688727411,0.16927988690945955
2.059317777777778,45.0,0.013055917059151375,0.1692829150431009
2.059867222222222,45.0,0.013055924116358827,0.16928639907266269
2.0604166666666663,45.0,0.013055926596150595,0.1692898856224697
2.060966111111111,45.0,0.01305591856010454,0.16929278939233838
2.0615155555555553,45.0,0.013055923628105162,0.16929567983811425
2.062065,45.0,0.013055929952704238,0.16929671298230764
2.0626144444444443,45.0,0.013055920760063981,0.16930014047828174
2.0631638888888886,45.0,0.013055923943126761,0.16929934234305255
2.0637133333333333,45.0,0.013055932107243462,0.16930108384413428
2.0642627777777776,45.0,0.01305592362220186,0.16930352517408007
2.0648122222222223,45.0,0.013055922874998755,0.16930057158225095
2.0653616666666665,45.0,0.013055929894741749,0.16930207379670928
2.065911111111111,45.0,0.013055927710391152,0.1693023087267613
2.0664605555555555,45.0,0.013055925067173013,0.16929886195989874
2.06701,45.0,0.013055926094994291,0.1692988911720342
2.0675594444444445,45.0,0.013055928117295385,0.16929581800471002
2.0681088888888888,45.0,0.01305592702253975,0.1692927907318666
2.068658333333333,45.0,0.013055925220687076,0.16928971006159804
2.0692077777777778,45.0,0.013055927895952835,0.16928473161508784
2.069757222222222,45.0,0.013055924760302984,0.16927963343526992
2.0703066666666667,45.0,0.013055923703285798,0.1692783084653142
2.070856111111111,45.0,0.013055929673773326,0.16926735243651822
2.0714055555555553,45.0,0.013055922263620004,0.16926628168930521
2.071955,45.0,0.013055921361782115,0.16926229471976295
2.0725044444444443,45.0,0.013055930207177517,0.16925290662362322
2.073053888888889,45.0,0.01305591984323829,0.16925450116367413
2.0736033333333332,45.0,0.013055919971581684,0.16924751722442244
2.0741527777777775,45.0,0.013055930689396951,0.16924476430687593
2.0747022222222222,45.0,0.013055921283976134,0.16924525261532913
2.0752516666666665,45.0,0.013055917966698912,0.16924044946533734
2.075801111111111,45.0,0.013055926924375755,0.16924116820395446
2.0763505555555555,45.0,0.01305592474071329,0.16924107704061261
2.0768999999999997,45.0,0.013055918901651746,0.16923921864598132
2.0774494444444445,45.0,0.013055923087657878,0.16924233047898576
2.0779988888888887,45.0,0.013055924481670466,0.16923998441797658
2.0785483333333334,45.0,0.01305592055621051,0.16924407844534736
2.0790977777777777,45.0,0.013055923692077264,0.16924392899060348
2.079647222222222,45.0,0.013055923387649986,0.16924505732986253
2.0801966666666667,45.0,0.013055920917584675,0.16924882197602986
2.080746111111111,45.0,0.01305592359527017,0.16924988821983064
2.0812955555555552,45.0,0.01305592376156824,0.1692537887074254
2.081845,45.0,0.013055923025519077,0.1692541604105976
2.082394444444444,45.0,0.013055922508423069,0.16926088805579992
2.082943888888889,45.0,0.0130559254581224,0.16926352937945374
2.083493333333333,45.0,0.013055923861005068,0.16926580684562043
2.0840427777777775,45.0,0.01305591964934643,0.1692728408292216
2.084592222222222,45.0,0.013055929091860884,0.1692763641558661
2.0851416666666664,45.0,0.013055927148324153,0.16928016070079333
2.085691111111111,45.0,0.013055917332554191,0.16928610500867772
2.0862405555555554,45.0,0.013055929024293023,0.1692888529605742
2.0867899999999997,45.0,0.013055930683376609,0.1692937006240578
2.0873394444444444,45.0,0.013055919278910297,0.16929663055441665
2.0878888888888887,45.0,0.013055927226835575,0.16929764765891467
2.0884383333333334,45.0,0.01305592935876838,0.16930155075983996
2.0889877777777777,45.0,0.013055921650541938,0.169301846374315
2.089537222222222,45.0,0.01305592717602172,0.16930005465393727
2.0900866666666666,45.0,0.013055927235263104,0.1693026695353916
2.090636111111111,45.0,0.013055922567914418,0.16929943196752345
2.0911855555555556,45.0,0.013055925257929254,0.16929841103701476
2.091735,45.0,0.013055925264487445,0.16929777836791987
2.092284444444444,45.0,0.013055922968588709,0.16929240389741373
2.092833888888889,45.0,0.013055923687440395,0.16929315183808077
2.093383333333333,45.0,0.013055925150478338,0.16928929548658622
2.093932777777778,45.0,0.013055921146693229,0.16928485662816514
2.094482222222222,45.0,0.013055919706781105,0.169284939472362
2.0950316666666664,45.0,0.01305592521165301,0.16927913216324977
2.095581111111111,45.0,0.013055921715360398,0.16927786719223145
2.0961305555555554,45.0,0.013055915622146095,0.16927407563473168
2.09668,45.0,0.013055920518837808,0.169269200123463
2.0972294444444444,45.0,0.013055923818479243,0.16926972024107384
2.0977788888888886,45.0,0.013055915330308624,0.16926129041084456
2.0983283333333334,45.0,0.013055915046124734,0.1692607605891071
2.0988777777777776,45.0,0.013055923137423715,0.1692567623907819
2.0994272222222223,45.0,0.01305591382498013,0.16925203255306073
2.0999766666666666,45.0,0.013055912718898742,0.16925085158021444
2.100526111111111,45.0,0.013055921695307846,0.1692438002350679
2.1010755555555556,45.0,0.013055911843443187,0.16924653748549193
2.101625,45.0,0.013055911915926036,0.1692408998455391
2.102174444444444,45.0,0.0130559178209724,0.16923976908828064
2.102723888888889,45.0,0.013055909964317016,0.16924153458492783
2.103273333333333,45.0,0.013055912922168705,0.16923954708502384
2.103822777777778,45.0,0.013055916032982723,0.16924190177335563
2.104372222222222,45.0,0.013055908831269199,0.1692426821206449
2.1049216666666664,45.0,0.013055911178440549,0.16924609454928988
2.105471111111111,45.0,0.013055915869382722,0.16924825239178726
2.1060205555555553,45.0,0.01305591161855147,0.16925113131190486
2.10657,45.0,0.013055908305231595,0.16925516096372464
2.1071194444444443,45.0,0.01305591224358759,0.1692586835653031
2.1076688888888886,45.0,0.01305591487187976,0.16926143191429402
2.1082183333333333,45.0,0.013055909127307435,0.1692657677634977
2.1087677777777776,45.0,0.013055909038444532,0.16926862682142024
2.1093172222222223,45.0,0.013055915680441841,0.16927149335542868
2.1098666666666666,45.0,0.013055909793221935,0.16927593044636619
2.110416111111111,45.0,0.013055907236825655,0.16927784284056574
2.1109655555555555,45.0,0.013055915447726801,0.1692797547412848
2.111515,45.0,0.013055911517615855,0.16928507112125574
2.1120644444444445,45.0,0.013055906930180368,0.1692852182837075
2.112613888888889,45.0,0.013055913000398975,0.16928915036126926
2.113163333333333,45.0,0.013055911476541508,0.1692908298592866
2.1137127777777778,45.0,0.013055907112560597,0.1692927208545853
2.114262222222222,45.0,0.013055913116982322,0.16929741642756996
2.1148116666666668,45.0,0.01305590946259023,0.16929352727038866
2.115361111111111,45.0,0.013055904263160485,0.1693008911520328
2.1159105555555553,45.0,0.013055914829023643,0.16929823064553093
2.11646,45.0,0.013055909607031775,0.1692975069892173
2.1170094444444443,45.0,0.013055901796492705,0.16930014042628172
2.117558888888889,45.0,0.01305591169267578,0.16929561190292364
2.1181083333333333,45.0,0.01305590853905997,0.16929590234540845
2.1186577777777775,45.0,0.013055902691280494,0.16929224561697342
2.1192072222222222,45.0,0.0130559066075346,0.16928812404935586
2.1197566666666665,45.0,0.013055906662135398,0.16928697604389217
2.120306111111111,45.0,0.013055903525229243,0.1692809407268323
2.1208555555555555,45.0,0.013055900113550348,0.16927744389146945
2.1214049999999998,45.0,0.013055904509377068,0.1692743814078792
2.1219544444444445,45.0,0.013055904352784461,0.1692688647603674
2.1225038888888887,45.0,0.01305589661076308,0.16926720980628004
2.123053333333333,45.0,0.013055901075179802,0.16926210097369782
2.1236027777777777,45.0,0.013055902238065895,0.16926045256786842
2.124152222222222,45.0,0.013055896005585486,0.16925661787821222
2.1247016666666667,45.0,0.013055899590956873,0.1692560415412601
2.125251111111111,45.0,0.013055898586159544,0.16925206442135646
2.1258005555555552,45.0,0.013055892335707298,0.16925160213840407
2.12635,45.0,0.013055898766621546,0.1692505476283086
2.1268994444444442,45.0,0.01305589856922746,0.16924846071464214
2.127448888888889,45.0,0.013055889172093937,0.1692471050507013
2.127998333333333,45.0,0.013055895548907038,0.16924786250179025
2.1285477777777775,45.0,0.013055898242053325,0.16924691860452654
2.129097222222222,45.0,0.013055888003328402,0.1692450285950162
2.1296466666666665,45.0,0.013055892339389356,0.1692477304379808
2.130196111111111,45.0,0.013055897944441957,0.16924559191393027
2.1307455555555554,45.0,0.013055888283763636,0.16924927484797667
2.1312949999999997,45.0,0.01305588891523023,0.16924877187682782
2.1318444444444444,45.0,0.01305589560248284,0.16925024430636043
2.1323938888888887,45.0,0.013055890357295239,0.16925593695229205
2.1329433333333334,45.0,0.013055888923202346,0.169256355281124
2.1334927777777777,45.0,0.013055890939873098,0.1692590565164817
2.134042222222222,45.0,0.01305589114689599,0.16926737319923119
2.1345916666666667,45.0,0.013055891348323842,0.16926640728903944
2.135141111111111,45.0,0.013055889425563719,0.16927321292711967
2.1356905555555556,45.0,0.01305589188038086,0.16927757862391685
2.13624,45.0,0.01305588908735399,0.16927837304588744
2.136789444444444,45.0,0.01305588898848426,0.16928674385796755
2.137338888888889,45.0,0.013055894430244167,0.16928393277926504
2.137888333333333,45.0,0.013055886094543502,0.16929010201554245
2.138437777777778,45.0,0.01305588825432733,0.16929138644486189
2.138987222222222,45.0,0.013055894931049621,0.169291491031613
2.1395366666666664,45.0,0.013055884121375965,0.16929345353468525
2.140086111111111,45.0,0.01305588662388537,0.16929372737181428
2.1406355555555554,45.0,0.013055894608908143,0.16929338771235952
2.1411849999999997,45.0,0.013055884848085822,0.1692938661714314
2.1417344444444444,45.0,0.0130558829676265,0.16929340958766997
2.1422838888888887,45.0,0.013055892004840372,0.1692916090363535
2.1428333333333334,45.0,0.013055887308003446,0.16929221580645715
2.1433827777777776,45.0,0.013055881467703184,0.1692911568742919
2.143932222222222,45.0,0.013055887193737091,0.16928826897920798
2.1444816666666666,45.0,0.013055885619868014,0.16928798817312093
2.145031111111111,45.0,0.013055882114017247,0.1692881229694251
2.1455805555555556,45.0,0.013055885399861347,0.169281308040929
2.14613,45.0,0.013055882946321585,0.16928328146117985
2.146679444444444,45.0,0.01305588074091825,0.16927893997866522
2.147228888888889,45.0,0.013055882829774457,0.16927520511353014
2.147778333333333,45.0,0.013055881561180632,0.16927305149423544
2.148327777777778,45.0,0.013055879158156161,0.16926771757551085
2.148877222222222,45.0,0.013055879311680986,0.16926586654528827
2.1494266666666664,45.0,0.013055880562416945,0.16926131097392338
2.149976111111111,45.0,0.013055877083923254,0.16925721684964792
2.1505255555555554,45.0,0.013055874346231705,0.1692540687901653
2.151075,45.0,0.01305588087077128,0.16925410361005314
2.1516244444444443,45.0,0.013055876846143103,0.16924636066015863
2.1521738888888886,45.0,0.013055868188179368,0.16925029263233743
2.1527233333333333,45.0,0.013055879728518224,0.16924716536860696
2.1532727777777776,45.0,0.013055878315937249,0.16924433198840194
2.1538222222222223,45.0,0.013055867108866678,0.16925005925630693
2.1543716666666666,45.0,0.013055876761736898,0.16924530092690487
2.154921111111111,45.0,0.01305587576749465,0.16924905244739852
2.1554705555555556,45.0,0.013055868933561409,0.16925182549518417
2.15602,45.0,0.013055875235853094,0.16924937228332237
2.1565694444444445,45.0,0.013055873721646266,0.16925522080488561
2.157118888888889,45.0,0.013055870078930576,0.16925505161864657
2.157668333333333,45.0,0.01305587327676033,0.16925732768751026
2.158217777777778,45.0,0.01305587346550271,0.16926047877509445
2.158767222222222,45.0,0.013055870231233373,0.1692601407134712
2.1593166666666668,45.0,0.013055872374553315,0.16926552802777114
2.159866111111111,45.0,0.013055874230335456,0.16926505942063455
2.1604155555555553,45.0,0.01305586910990475,0.16926989812830753
2.160965,45.0,0.013055871153306494,0.1692693045788305
2.1615144444444443,45.0,0.013055875508470744,0.16927584997755005
2.1620638888888886,45.0,0.013055870917332103,0.16927643298242637
2.1626133333333333,45.0,0.013055867799969175,0.16927823467986858
2.1631627777777775,45.0,0.013055873117410889,0.16928526603078248
2.1637122222222223,45.0,0.01305587548385813,0.16928413380223872
2.1642616666666665,45.0,0.013055867547105143,0.16928839306570884
2.164811111111111,45.0,0.013055870186196212,0.16929158702898697
2.1653605555555555,45.0,0.013055876787693847,0.16929176050729036
2.16591,45.0,0.013055867613559279,0.1692943964264542
2.1664594444444445,45.0,0.013055869201573417,0.16929548389933707
2.1670088888888888,45.0,0.013055876263340503,0.16929254665125928
2.167558333333333,45.0,0.013055866949066061,0.16929651540819232
2.1681077777777777,45.0,0.01305586870639475,0.16929224124913728
2.168657222222222,45.0,0.013055874149735516,0.169290236353091
2.1692066666666667,45.0,0.013055865733733574,0.16929061669749992
2.169756111111111,45.0,0.013055869182204374,0.16928622135492827
2.1703055555555553,45.0,0.013055872057115342,0.16928328997074704
2.170855,45.0,0.013055863569278948,0.1692833979074114
2.1714044444444442,45.0,0.013055867743798414,0.1692769099280887
2.171953888888889,45.0,0.013055871460492427,0.16927658264055623
2.1725033333333332,45.0,0.013055865194032736,0.16927533219248173
2.1730527777777775,45.0,0.013055863595684754,0.16926809552325947
2.173602222222222,45.0,0.013055867430599524,0.16927188221394285
2.1741516666666665,45.0,0.01305586816937117,0.16926532672218741
2.174701111111111,45.0,0.013055861718134101,0.16926484578356346
2.1752505555555555,45.0,0.013055863688133692,0.16926276750887329
2.1757999999999997,45.0,0.013055868220168205,0.16926000465548902
2.1763494444444444,45.0,0.013055861298685337,0.16925960057248254
2.1768988888888887,45.0,0.013055861313227637,0.16925554859721856
2.1774483333333334,45.0,0.013055866558511861,0.16925445764765917
2.1779977777777777,45.0,0.01305586234849457,0.16925309053765217
2.178547222222222,45.0,0.013055858880721178,0.16925154828393996
2.1790966666666667,45.0,0.013055864463683555,0.16924873294776183
2.179646111111111,45.0,0.01305586264732034,0.16924869043275842
2.1801955555555557,45.0,0.013055858187026878,0.16924989253476258
2.180745,45.0,0.013055864988208972,0.1692468787607353
2.181294444444444,45.0,0.01305585992178495,0.16924904194287124
2.181843888888889,45.0,0.013055856697273325,0.1692523792285043
2.182393333333333,45.0,0.013055867724659989,0.1692502987675417
2.1829427777777775,45.0,0.013055860476468088,0.1692557563291063
2.183492222222222,45.0,0.013055855940726824,0.16925784540224217
2.1840416666666664,45.0,0.013055866635809167,0.16925935490677865
2.184591111111111,45.0,0.013055862568245036,0.16926567794557032
2.1851405555555554,45.0,0.01305585795925989,0.1692652986307838
2.1856899999999997,45.0,0.01305586382005224,0.1692702568035571
2.1862394444444444,45.0,0.01305586398626636,0.16927399752178346
2.1867888888888887,45.0,0.013055860581951174,0.16927419852788453
2.1873383333333334,45.0,0.01305586102383099,0.16927835826249085
2.1878877777777777,45.0,0.013055864756834085,0.1692802740328452
2.188437222222222,45.0,0.013055863821825768,0.16928029566395655
2.1889866666666666,45.0,0.013055859135205223,0.16928482819979662
2.189536111111111,45.0,0.013055863831100923,0.169283593840005
2.1900855555555556,45.0,0.013055865168967114,0.1692847179369311
2.190635,45.0,0.01305586017877697,0.16928850987747268
2.191184444444444,45.0,0.013055864983910623,0.1692861691269119
2.191733888888889,45.0,0.013055863458998182,0.16928788643856812
2.192283333333333,45.0,0.013055859226896628,0.16929044000195098
2.192832777777778,45.0,0.013055866590956977,0.16928829678313237
2.193382222222222,45.0,0.013055864572625243,0.1692901207859912
2.1939316666666664,45.0,0.013055857865992244,0.16928945289124947
2.194481111111111,45.0,0.013055865248773772,0.16928949586866276
2.1950305555555554,45.0,0.013055866965169676,0.16928919366752204
2.19558,45.0,0.013055857425677057,0.1692855841873362
2.1961294444444444,45.0,0.013055863113680378,0.16928700008048686
2.1966788888888886,45.0,0.01305586809981021,0.1692820282038166
2.1972283333333333,45.0,0.013055856994647605,0.16928126584738715
2.1977777777777776,45.0,0.013055861008591078,0.16927671904243988
2.1983272222222223,45.0,0.013055866520279975,0.16927391299814537
2.1988766666666666,45.0,0.013055859013576795,0.16927211670234552
2.199426111111111,45.0,0.013055860173953573,0.16926551709045237
2.1999755555555556,45.0,0.013055861147026627,0.16926606305320266
2.200525,45.0,0.013055860678419708,0.16926123192838452
2.201074444444444,45.0,0.013055860835833216,0.16925830811008807
2.201623888888889,45.0,0.01305585935417729,0.16925908262053466
2.202173333333333,45.0,0.01305586115364349,0.16925370912659451
2.202722777777778,45.0,0.013055858482346968,0.16925575723931896
2.203272222222222,45.0,0.013055860050913285,0.16925417435997328
2.2038216666666663,45.0,0.013055862834073825,0.169251818773883
2.204371111111111,45.0,0.01305585594984532,0.16925501390969477
2.2049205555555553,45.0,0.013055859724417586,0.16925197105071066
2.20547,45.0,0.013055864670600496,0.16925439711009974
2.2060194444444443,45.0,0.013055855304296584,0.16925360479934726
2.2065688888888886,45.0,0.01305585906030412,0.16925394706175473
2.2071183333333333,45.0,0.013055866460314904,0.16925496778861984
2.2076677777777776,45.0,0.013055856164172078,0.16925628712599
2.2082172222222223,45.0,0.013055857116485655,0.16925534933906866
2.2087666666666665,45.0,0.013055866661726919,0.169257396023585
2.209316111111111,45.0,0.013055860114545854,0.1692599471494564
2.2098655555555555,45.0,0.013055857308388874,0.16925880079018907
2.210415,45.0,0.01305586413153052,0.16926342259871924
2.2109644444444445,45.0,0.013055861861839603,0.16926393349405014
2.211513888888889,45.0,0.013055859784440644,0.1692680915188709
2.212063333333333,45.0,0.013055864446667202,0.1692698695483239
2.2126127777777778,45.0,0.013055862136870983,0.16927222955016707
2.213162222222222,45.0,0.01305586117214754,0.1692783468633204
2.2137116666666667,45.0,0.01305586595108329,0.16927776398907085
2.214261111111111,45.0,0.013055863513365214,0.16928218625795305
2.2148105555555553,45.0,0.013055862764096092,0.16928529495412853
2.21536,45.0,0.01305586524565749,0.16928493080118465
2.2159094444444443,45.0,0.013055865536384976,0.16928988641382683
2.216458888888889,45.0,0.013055864153150324,0.1692865987364935
2.2170083333333332,45.0,0.01305586293708111,0.1692905496394428
2.2175577777777775,45.0,0.013055869612729447,0.169288955161866
2.2181072222222222,45.0,0.013055865113746401,0.16928771913283194
2.2186566666666665,45.0,0.013055859031283765,0.1692894630933975
2.219206111111111,45.0,0.013055871591866178,0.16928496714217037
2.2197555555555555,45.0,0.013055867431175632,0.16928674883935976
2.2203049999999998,45.0,0.013055859270983102,0.16928431839945046
2.2208544444444445,45.0,0.013055869812167,0.1692815948729079
2.2214038888888887,45.0,0.013055867366206026,0.1692828040301066
2.221953333333333,45.0,0.013055862014096815,0.1692795308092865
2.2225027777777777,45.0,0.013055868397399594,0.16927855358841487
2.223052222222222,45.0,0.013055866634203921,0.16927708460820234
2.2236016666666667,45.0,0.01305586284508822,0.16927522854885307
2.224151111111111,45.0,0.013055867789446684,0.16927539489758747
2.2247005555555552,45.0,0.013055867029154204,0.1692698115302728
2.22525,45.0,0.013055863062536449,0.1692707744491089
2.225799444444444,45.0,0.01305586745160285,0.1692684564765174
2.226348888888889,45.0,0.013055867053190862,0.16926402604599816
2.226898333333333,45.0,0.0130558625246976,0.16926321518208165
2.2274477777777775,45.0,0.013055866094130113,0.16926028611508495
2.227997222222222,45.0,0.013055868845062211,0.16925797617701857
2.2285466666666665,45.0,0.013055863872955594,0.16925545879996182
2.229096111111111,45.0,0.013055862437736192,0.16925409695322083
2.2296455555555554,45.0,0.013055868238219984,0.16925223250247926
2.2301949999999997,45.0,0.013055867949771925,0.16925305121460038
2.2307444444444444,45.0,0.013055861802459694,0.1692493630301003
2.2312938888888887,45.0,0.0130558658584578,0.16925340573443654
2.2318433333333334,45.0,0.013055870892762892,0.16925240649806017
2.2323927777777777,45.0,0.013055863039637875,0.1692525923847078
2.232942222222222,45.0,0.01305586587460874,0.16925729440082887
2.2334916666666667,45.0,0.013055872504723644,0.16925522926574935
2.234041111111111,45.0,0.013055863154547107,0.16926056059934924
2.2345905555555556,45.0,0.013055867509827086,0.16926162102113881
2.23514,45.0,0.013055872820655113,0.16926206208539757
2.235689444444444,45.0,0.013055864060244657,0.16926642333286626
2.236238888888889,45.0,0.013055870600632534,0.16926732760241486
2.236788333333333,45.0,0.013055872284802393,0.16926815074276358
2.237337777777778,45.0,0.013055864825608495,0.1692718916674537
2.237887222222222,45.0,0.013055871347660846,0.16927093205478133
2.2384366666666664,45.0,0.013055874103530594,0.16927492800982832
2.238986111111111,45.0,0.013055868518811947,0.1692747616510422
2.2395355555555554,45.0,0.013055868812789181,0.16927642391866268
2.240085,45.0,0.013055874618944165,0.16927950181760584
2.2406344444444444,45.0,0.013055873441792818,0.1692790350870397
2.2411838888888886,45.0,0.0130558687193778,0.1692830611778932
2.2417333333333334,45.0,0.013055873441023953,0.1692815510156247
2.2422827777777776,45.0,0.013055875824572554,0.16928706336526897
2.242832222222222,45.0,0.01305587122713555,0.16928573961391918
2.2433816666666666,45.0,0.013055872761426692,0.1692862861954791
2.243931111111111,45.0,0.013055877502676276,0.16928988726171337
2.2444805555555556,45.0,0.013055873624053263,0.16928728628477624
2.24503,45.0,0.01305587160801989,0.1692881274192393
2.245579444444444,45.0,0.013055877997504007,0.16928796137559676
2.246128888888889,45.0,0.013055874699529162,0.16928444005217283
2.246678333333333,45.0,0.013055872345918417,0.16928556071026754
2.247227777777778,45.0,0.013055878853663867,0.16928127251382522
2.247777222222222,45.0,0.013055872817966113,0.16927876022721253
2.2483266666666664,45.0,0.013055871814391072,0.1692787284735006
2.248876111111111,45.0,0.01305588117329514,0.16927305039278068
2.2494255555555553,45.0,0.013055872887294833,0.16927207598868263
2.249975,45.0,0.013055869947927252,0.16927080225281882
2.2505244444444443,45.0,0.01305588102338888,0.16926650620725048
2.2510738888888886,45.0,0.013055874918510091,0.1692658205461603
2.2516233333333333,45.0,0.013055870938471213,0.16926621846282913
2.2521727777777776,45.0,0.013055878334500007,0.16925940898222558
2.2527222222222223,45.0,0.01305587587277332,0.16926522138572928
2.2532716666666666,45.0,0.013055873464717984,0.16925941733112096
2.253821111111111,45.0,0.013055875069400712,0.1692593606435319
2.2543705555555555,45.0,0.013055877682988666,0.16926055624062486
2.25492,45.0,0.013055876286058619,0.16925678463108745
2.2554694444444445,45.0,0.01305587267358849,0.16925935011524817
2.256018888888889,45.0,0.01305587804702364,0.1692553454088047
2.256568333333333,45.0,0.013055877233380968,0.16925671110879378
2.257117777777778,45.0,0.013055874059264234,0.16925619176616408
2.257667222222222,45.0,0.01305587877848193,0.16925488041880496
2.2582166666666668,45.0,0.013055876162036248,0.16925516341278687
2.258766111111111,45.0,0.013055874565110292,0.16925608465411085
2.2593155555555553,45.0,0.01305588065779531,0.16925682468306077
2.259865,45.0,0.01305587803754526,0.16925697587211344
2.2604144444444443,45.0,0.013055872969635104,0.1692588099280188
2.2609638888888886,45.0,0.013055881117862815,0.16926372966500328
2.2615133333333333,45.0,0.013055882122013574,0.16926089634195537
2.2620627777777775,45.0,0.0130558730418184,0.1692679862794534
2.2626122222222222,45.0,0.013055881687073667,0.16926930153820471
2.2631616666666665,45.0,0.013055884606831467,0.16926974207805442
2.263711111111111,45.0,0.013055874413235068,0.16927736295257167
2.2642605555555555,45.0,0.013055881625581833,0.16927392043685816
2.2648099999999998,45.0,0.013055885330810708,0.16927958466945422
2.2653594444444445,45.0,0.013055878678541246,0.16928077499905522
2.2659088888888888,45.0,0.013055881530599927,0.16928087269544576
2.266458333333333,45.0,0.013055883339843578,0.1692820672367942
2.2670077777777777,45.0,0.01305588219324467,0.16928436022282214
2.267557222222222,45.0,0.01305588312522144,0.1692817926268481
2.2681066666666667,45.0,0.013055882828215805,0.16928452241641997
2.268656111111111,45.0,0.013055883356144226,0.16928352452746503
2.2692055555555553,45.0,0.01305588280829507,0.1692816915896546
2.269755,45.0,0.013055884524648858,0.16928621812480726
2.2703044444444442,45.0,0.013055885888427906,0.16928030665285335
2.270853888888889,45.0,0.013055880439363917,0.16928316957965991
2.271403333333333,45.0,0.013055884926912535,0.16928446427705754
2.2719527777777775,45.0,0.013055888471903448,0.16927995402458001
2.272502222222222,45.0,0.01305587927231557,0.16928241247055478
2.2730516666666665,45.0,0.013055885180720492,0.16928119755672297
2.273601111111111,45.0,0.013055890161083992,0.1692788116295173
2.2741505555555555,45.0,0.013055879740840094,0.16927984235401397
2.2746999999999997,45.0,0.013055883177455062,0.1692751521556389
2.2752494444444444,45.0,0.013055890283391288,0.16927559809140713
2.2757988888888887,45.0,0.013055883040993482,0.16927254829745064
2.2763483333333334,45.0,0.013055881187058138,0.16926934286267423
2.2768977777777777,45.0,0.01305588826081019,0.16926770238613895
2.277447222222222,45.0,0.013055884376543805,0.16926456137133686
2.2779966666666667,45.0,0.013055882067405185,0.169263838275712
2.278546111111111,45.0,0.013055887666111411,0.1692578498241941
2.2790955555555557,45.0,0.013055882666484152,0.16926118000373738
2.279645,45.0,0.013055883163455144,0.16925653827926537
2.280194444444444,45.0,0.013055887869442492,0.16925558991601733
2.280743888888889,45.0,0.01305588339393406,0.16925800082445952
2.281293333333333,45.0,0.013055884047897464,0.16925425283278403
2.2818427777777774,45.0,0.013055886192397982,0.16925718200368448
2.282392222222222,45.0,0.013055885871871262,0.16925818324744032
2.2829416666666664,45.0,0.01305588408423027,0.1692555044876816
2.283491111111111,45.0,0.013055884394690928,0.1692607127564091
2.2840405555555554,45.0,0.013055889968642487,0.1692595270065315
2.2845899999999997,45.0,0.013055884259254618,0.1692593563183391
2.2851394444444444,45.0,0.013055881684582276,0.16926399864104255
2.2856888888888887,45.0,0.013055892451236603,0.16926051064554762
2.2862383333333334,45.0,0.01305588681862714,0.16926464968456023
2.2867877777777776,45.0,0.013055881083633342,0.16926492959626435
2.287337222222222,45.0,0.01305589143897364,0.16926428573062083
2.2878866666666666,45.0,0.013055888433087946,0.16926727565399777
2.288436111111111,45.0,0.013055883651724715,0.16926922385776566
2.2889855555555556,45.0,0.013055891217529236,0.16926709136653556
2.289535,45.0,0.01305588821874387,0.16927287582174982
2.290084444444444,45.0,0.013055885357377995,0.16927341406116012
2.290633888888889,45.0,0.013055891661164533,0.16927393749428227
2.291183333333333,45.0,0.013055889435438065,0.16927849482940316
2.291732777777778,45.0,0.013055886890550018,0.16927860441580278
2.292282222222222,45.0,0.013055891952204588,0.1692819337588715
2.2928316666666664,45.0,0.013055891285126273,0.16928291056006567
2.293381111111111,45.0,0.013055886824189768,0.1692839377158951
2.2939305555555554,45.0,0.013055891917429747,0.16928567280582385
2.29448,45.0,0.013055893767692367,0.1692855845656501
2.2950294444444443,45.0,0.013055887546415734,0.16928518549608707
2.2955788888888886,45.0,0.013055889599907685,0.16928554956472916
2.2961283333333333,45.0,0.013055893701893006,0.16928364138371804
2.2966777777777776,45.0,0.01305589177166546,0.1692834777725021
2.2972272222222223,45.0,0.013055887419981533,0.16928032467383095
2.2977766666666666,45.0,0.013055890888144095,0.16928150166356873
2.298326111111111,45.0,0.013055894872948122,0.16927636707515079
2.2988755555555556,45.0,0.013055886656038351,0.16927768055744166
2.299425,45.0,0.013055890704581795,0.1692759294748897
2.2999744444444445,45.0,0.013055895255148808,0.16927056537569501
2.300523888888889,45.0,0.013055885569296611,0.16927637497434297
2.301073333333333,45.0,0.013055891617587505,0.1692689206249448
2.301622777777778,45.0,0.01305589394055676,0.16927023328568427
2.302172222222222,45.0,0.01305588585527308,0.16927035016862482
2.3027216666666663,45.0,0.013055892634131431,0.16926688210913754
2.303271111111111,45.0,0.013055892744606288,0.1692678432677909
2.3038205555555553,45.0,0.013055885688817144,0.1692652762505842
2.30437,45.0,0.013055892017967972,0.16926394708133782
2.3049194444444443,45.0,0.013055893925820336,0.16926401064870655
2.3054688888888886,45.0,0.013055886325395033,0.16926077268917186
2.3060183333333333,45.0,0.013055888672436379,0.16925946566321884
2.3065677777777776,45.0,0.01305589387964902,0.1692600105648658
2.3071172222222223,45.0,0.013055889654411113,0.16925684516882092
2.3076666666666665,45.0,0.013055886940404856,0.16925618367960424
2.308216111111111,45.0,0.01305589127501519,0.16925742187817938
2.3087655555555555,45.0,0.013055891684768272,0.1692555822150765
2.309315,45.0,0.013055887472124753,0.16925722465579657
2.3098644444444445,45.0,0.013055889884972501,0.16925761335713704
2.3104138888888888,45.0,0.013055893029730621,0.16925857600167454
2.310963333333333,45.0,0.013055888917013071,0.16926184193852245
2.3115127777777777,45.0,0.013055888920538902,0.1692617714260676
2.312062222222222,45.0,0.013055893609438308,0.1692649565530464
2.3126116666666667,45.0,0.013055890362662161,0.16926674964696756
2.313161111111111,45.0,0.013055889157311196,0.16926870925934528
2.3137105555555553,45.0,0.013055894824703979,0.16927097710786376
2.31426,45.0,0.013055889428210846,0.1692710652247157
2.3148094444444443,45.0,0.013055889155028897,0.1692751041288044
2.315358888888889,45.0,0.01305589838818128,0.16927357816453284
2.3159083333333332,45.0,0.013055888517073984,0.16927615797397702
2.3164577777777775,45.0,0.013055887826599118,0.16927697772971753
2.317007222222222,45.0,0.013055899217801911,0.16927585858250488
2.3175566666666665,45.0,0.01305589027399905,0.16928016153838113
2.318106111111111,45.0,0.013055889019178242,0.16927626841356352
2.3186555555555555,45.0,0.013055896231628653,0.16927974275585558
2.3192049999999997,45.0,0.013055892410760052,0.16928126669140894
2.3197544444444445,45.0,0.013055890588112495,0.16927844233181116
2.3203038888888887,45.0,0.013055892916502273,0.1692829491719593
2.320853333333333,45.0,0.013055894725854847,0.1692807516296254
2.3214027777777777,45.0,0.013055891936219246,0.1692833030040066
2.321952222222222,45.0,0.013055890955014833,0.16928282908827108
2.3225016666666667,45.0,0.013055894897555332,0.16928152558989926
2.323051111111111,45.0,0.013055892859778088,0.1692839109855921
2.3236005555555552,45.0,0.013055891314855168,0.16928099361890883
2.32415,45.0,0.01305589408013519,0.16928023475891038
2.324699444444444,45.0,0.013055891709561217,0.16927908997327515
2.325248888888889,45.0,0.013055890531435266,0.16927773909190635
2.325798333333333,45.0,0.013055895381947001,0.16927401006020823
2.3263477777777775,45.0,0.01305589166889716,0.1692732980557861
2.326897222222222,45.0,0.013055886965557727,0.16927049723356508
2.3274466666666664,45.0,0.01305589533787306,0.16926857034256682
2.327996111111111,45.0,0.01305589318410903,0.16926640237852794
2.3285455555555554,45.0,0.01305588510071913,0.16926460189920792
2.3290949999999997,45.0,0.013055894110125655,0.16926408982114208
2.3296444444444444,45.0,0.01305589427063609,0.16926175933717205
2.3301938888888887,45.0,0.013055884616645655,0.16926238033258179
2.3307433333333334,45.0,0.013055892365702298,0.16926117678638666
2.3312927777777777,45.0,0.013055894290753881,0.16926038699252846
2.331842222222222,45.0,0.013055886147805165,0.1692620506753621
2.3323916666666666,45.0,0.01305589098059841,0.16926077160695258
2.332941111111111,45.0,0.013055891611306034,0.16926024158746075
2.3334905555555556,45.0,0.01305588890166777,0.1692626018911381
2.33404,45.0,0.013055891286944748,0.1692600000379483
2.334589444444444,45.0,0.013055889369784687,0.16926209592215316
2.335138888888889,45.0,0.013055889745113148,0.16926047596642993
2.335688333333333,45.0,0.013055889672721241,0.16926171385835664
2.336237777777778,45.0,0.013055890741251124,0.1692621077171844
2.336787222222222,45.0,0.013055891210296473,0.169260137100341
2.3373366666666664,45.0,0.013055886256824405,0.16926397289453507
2.337886111111111,45.0,0.013055891909139222,0.16926284418192988
2.3384355555555554,45.0,0.013055892690941736,0.1692641220524751
2.338985,45.0,0.013055884854889689,0.16926673400115536
2.3395344444444444,45.0,0.013055891930021988,0.16926679133480524
2.3400838888888886,45.0,0.013055894271731466,0.16927118914875036
2.3406333333333333,45.0,0.013055885600641373,0.16927099411666116
2.3411827777777776,45.0,0.013055889902841882,0.16927391564476724
2.341732222222222,45.0,0.013055896187781262,0.16927755836219924
2.3422816666666666,45.0,0.013055887876705377,0.1692756497497058
2.342831111111111,45.0,0.013055887845391818,0.16928196648907431
2.3433805555555556,45.0,0.013055895459761338,0.16927876232505876
2.34393,45.0,0.013055889131078018,0.1692820111199978
2.344479444444444,45.0,0.013055889310479001,0.16928257049857565
2.345028888888889,45.0,0.013055894039211265,0.16928048595886375
2.345578333333333,45.0,0.0130558879482399,0.16928249883668142
2.346127777777778,45.0,0.013055890018572562,0.1692810674740065
2.346677222222222,45.0,0.013055893537138052,0.169280060032419
2.3472266666666664,45.0,0.013055888306740853,0.16928004256922907
2.347776111111111,45.0,0.013055889322160832,0.16927870675198514
2.3483255555555553,45.0,0.013055892072459543,0.16927809639452848
2.348875,45.0,0.013055889886415676,0.16927863483737224
2.3494244444444443,45.0,0.013055888298966431,0.16927555127509777
2.3499738888888886,45.0,0.01305588966860935,0.16927699253897474
2.3505233333333333,45.0,0.01305589254943408,0.16927672368284602
2.3510727777777776,45.0,0.013055887256060697,0.16927434650670314
2.3516222222222223,45.0,0.013055885960671497,0.1692746239815288
2.3521716666666665,45.0,0.013055895135875824,0.16927471836606459
2.352721111111111,45.0,0.013055887898964124,0.1692714887857773
2.3532705555555555,45.0,0.013055883402117512,0.16927254506169664
2.35382,45.0,0.013055893743033483,0.1692687513563517
2.3543694444444445,45.0,0.01305588778168572,0.16926896354720122
2.354918888888889,45.0,0.013055884548840392,0.16926680064724292
2.355468333333333,45.0,0.013055891369338553,0.16926300156041177
2.3560177777777778,45.0,0.013055886486503437,0.1692646125969713
2.356567222222222,45.0,0.013055884761873342,0.16926006829630966
2.3571166666666667,45.0,0.013055889834165122,0.1692614744726795
2.357666111111111,45.0,0.013055886609419294,0.16925718622229538
2.3582155555555553,45.0,0.013055883593053104,0.16926038734918508
2.358765,45.0,0.013055889367764745,0.16925856166723247
2.3593144444444443,45.0,0.013055887155741795,0.1692573223922354
2.359863888888889,45.0,0.013055882410891215,0.16926213738923973
2.3604133333333333,45.0,0.013055889312333174,0.1692584447612864
2.3609627777777775,45.0,0.013055888116899244,0.16926280851395034
2.3615122222222222,45.0,0.013055882646934011,0.1692638223249788
2.3620616666666665,45.0,0.013055886448380872,0.16926247280582002
2.3626111111111108,45.0,0.01305588881774372,0.16926742012952123
2.3631605555555555,45.0,0.013055886600747081,0.16926653370732098
2.3637099999999998,45.0,0.01305588304974352,0.1692664960784118
2.3642594444444445,45.0,0.013055887498600139,0.1692707095831977
2.3648088888888887,45.0,0.013055889343284359,0.16926789040587228
2.365358333333333,45.0,0.013055882023800224,0.1692711721244125
2.3659077777777777,45.0,0.013055887326078638,0.16927073645387503
2.366457222222222,45.0,0.01305588943213447,0.16927063541503568
2.3670066666666667,45.0,0.0130558816297423,0.16927379711313262
2.367556111111111,45.0,0.013055887893217601,0.16927299789218506
2.3681055555555552,45.0,0.013055888896290013,0.16927300888241104
2.368655,45.0,0.01305588145619979,0.1692769899779266
2.3692044444444442,45.0,0.013055888707973848,0.16927719803922997
2.369753888888889,45.0,0.013055888169761274,0.1692759318313986
2.370303333333333,45.0,0.013055881114344171,0.16928208988702045
2.3708527777777775,45.0,0.013055889260140176,0.1692786524224279
2.371402222222222,45.0,0.013055889009297172,0.1692823651960942
2.3719516666666665,45.0,0.013055881615061387,0.1692816930247659
2.372501111111111,45.0,0.013055886064186145,0.16928207085674515
2.3730505555555554,45.0,0.01305588958082753,0.16928249918808366
2.3735999999999997,45.0,0.01305588461958362,0.1692806897315694
2.3741494444444444,45.0,0.013055882931897094,0.16928090605115406
2.3746988888888887,45.0,0.013055887854305703,0.16927834533837058
2.3752483333333334,45.0,0.01305588599205708,0.16927850193129174
2.3757977777777777,45.0,0.013055882384748366,0.16927513652801449
2.376347222222222,45.0,0.013055885678307604,0.1692739270259218
2.3768966666666667,45.0,0.013055885882712654,0.16927369843671503
2.377446111111111,45.0,0.013055882889650603,0.16926970703744368
2.3779955555555556,45.0,0.013055883149816292,0.16927055583603323
2.378545,45.0,0.013055886216006177,0.1692694448503639
2.379094444444444,45.0,0.013055882927990708,0.1692650655211596
2.379643888888889,45.0,0.013055881589658397,0.1692709902360171
2.380193333333333,45.0,0.013055886870667971,0.1692638717503296
2.380742777777778,45.0,0.013055880171287677,0.16926640513437577
2.381292222222222,45.0,0.013055881610563468,0.16926766821002165
2.3818416666666664,45.0,0.013055889009115567,0.1692629720608294
2.382391111111111,45.0,0.013055877797475834,0.16926612196649984
2.3829405555555554,45.0,0.013055880093960987,0.16926432870369054
2.3834899999999997,45.0,0.013055888901931876,0.1692624331481791
2.3840394444444444,45.0,0.013055879082831677,0.1692642128603459
2.3845888888888886,45.0,0.013055879055176042,0.16926138689870673
2.3851383333333334,45.0,0.013055885964984408,0.16926047858257218
2.3856877777777776,45.0,0.013055881018011518,0.1692633989222981
2.386237222222222,45.0,0.013055879159644101,0.1692584132058998
2.3867866666666666,45.0,0.013055883025110139,0.16926165645484068
2.387336111111111,45.0,0.01305588240275769,0.16926144284031971
2.3878855555555556,45.0,0.013055879894788042,0.169261752138915
2.388435,45.0,0.013055880712257335,0.16926288893553784
2.388984444444444,45.0,0.01305588302285854,0.1692652906719645
2.389533888888889,45.0,0.01305588130528808,0.16926535194608025
2.390083333333333,45.0,0.013055880545389163,0.1692687964635984
2.390632777777778,45.0,0.013055883142830202,0.16927011164009728
2.391182222222222,45.0,0.0130558804020144,0.1692705141897455
2.3917316666666664,45.0,0.013055880757600459,0.1692751526495765
2.392281111111111,45.0,0.013055885011957369,0.16927323416808826
2.3928305555555553,45.0,0.013055880216991802,0.16927683690287687
2.39338,45.0,0.013055878528250499,0.16927585975098935
2.3939294444444443,45.0,0.01305588569678972,0.1692784012333541
2.3944788888888886,45.0,0.013055882569629257,0.1692764101859537
2.3950283333333333,45.0,0.013055876004365094,0.16927829065850877
2.3955777777777776,45.0,0.013055885156624833,0.16927790574173307
2.3961272222222223,45.0,0.013055884256766941,0.16927613037615788
2.3966766666666666,45.0,0.013055874856459851,0.16928034974014533
2.397226111111111,45.0,0.013055884737172419,0.1692745549881904
2.3977755555555555,45.0,0.013055884076810848,0.1692783613638033
2.398325,45.0,0.013055876318132091,0.16927983241153693
2.3988744444444445,45.0,0.01305588306311594,0.16927441702074786
2.399423888888889,45.0,0.013055881839961323,0.1692801164631287
2.399973333333333,45.0,0.013055879650779438,0.16927826683788014
2.400522777777778,45.0,0.013055882181961721,0.1692761499276034
2.401072222222222,45.0,0.013055880329040459,0.1692803033775908
2.4016216666666663,45.0,0.013055880221105228,0.16927478345044786
2.402171111111111,45.0,0.01305588051900306,0.16927806579527602
2.4027205555555553,45.0,0.013055881724148647,0.16927550072726638
2.40327,45.0,0.013055879915272834,0.16927190447118928
2.4038194444444443,45.0,0.013055877290216029,0.16927459745068338
2.4043688888888886,45.0,0.01305588235953384,0.16926948645213682
2.4049183333333333,45.0,0.013055880700360428,0.1692685699799113
2.4054677777777775,45.0,0.013055874938558523,0.1692670482375037
2.4060172222222223,45.0,0.013055881060048208,0.16926592115371247
2.4065666666666665,45.0,0.013055881933344938,0.16926305191546787
2.407116111111111,45.0,0.013055873588414355,0.16926391069440874
2.4076655555555555,45.0,0.013055879005596772,0.1692617700198155
2.4082149999999998,45.0,0.013055883492102486,0.16926155045908822
2.4087644444444445,45.0,0.013055874351264136,0.16926286420842054
2.4093138888888888,45.0,0.013055876703838225,0.16926128656399278
2.409863333333333,45.0,0.013055882605094101,0.1692625323296969
2.4104127777777777,45.0,0.01305587586513441,0.16926358527883723
2.410962222222222,45.0,0.013055877071005972,0.16926346590353264
2.4115116666666667,45.0,0.013055881473391272,0.169264017212021
2.412061111111111,45.0,0.013055875096005663,0.16926498028827533
2.4126105555555553,45.0,0.013055877968727227,0.1692657593485307
2.41316,45.0,0.013055881679148151,0.16926478804589223
2.4137094444444442,45.0,0.013055874740644065,0.169266513601829
2.414258888888889,45.0,0.01305587772902059,0.1692657325641947
2.4148083333333332,45.0,0.013055880582131812,0.16926636705126794
2.4153577777777775,45.0,0.01305587667614074,0.16926814246730923
2.415907222222222,45.0,0.013055877162863567,0.16926412030319574
2.4164566666666665,45.0,0.01305587842801757,0.16927152319675431
2.417006111111111,45.0,0.013055880320138592,0.1692670645012836
2.4175555555555555,45.0,0.013055875479355257,0.16926943946413048
2.4181049999999997,45.0,0.013055876074809186,0.1692738579350768
2.4186544444444444,45.0,0.01305588408937231,0.16927029471263724
2.4192038888888887,45.0,0.013055875748423847,0.1692764203289732
2.4197533333333334,45.0,0.013055874922792855,0.16927556920273198
2.4203027777777777,45.0,0.013055883665098942,0.16927676266422587
2.420852222222222,45.0,0.013055877379727028,0.16928004192063614
2.4214016666666667,45.0,0.013055875999269733,0.16927866046193507
2.421951111111111,45.0,0.01305588200689858,0.1692797929576285
2.422500555555555,45.0,0.01305587767376634,0.16928139777020879
2.42305,45.0,0.013055876212404893,0.16927885891785532
2.423599444444444,45.0,0.013055882140823772,0.16928022508735305
2.424148888888889,45.0,0.013055877602838202,0.1692783183140687
2.424698333333333,45.0,0.013055875154598601,0.16927779578072516
2.4252477777777774,45.0,0.013055882200377717,0.1692768307244116
2.425797222222222,45.0,0.013055877551217794,0.16927559156899796
2.4263466666666664,45.0,0.013055874441820586,0.16927438806496195
2.426896111111111,45.0,0.01305588179416116,0.16927372575012747
2.4274455555555554,45.0,0.01305587851966306,0.16927319985396935
2.4279949999999997,45.0,0.013055874055619155,0.1692721807467365
2.4285444444444444,45.0,0.013055878808898407,0.1692716880961926
2.4290938888888887,45.0,0.013055879924776062,0.16927147837678674
2.4296433333333334,45.0,0.013055876449441749,0.16927163067957043
2.4301927777777776,45.0,0.013055875250238652,0.16926961645353725
2.430742222222222,45.0,0.013055879035613414,0.16927101803225156
2.4312916666666666,45.0,0.013055879241638589,0.16926906346770673
2.431841111111111,45.0,0.013055873695744017,0.16926891734443417
2.4323905555555556,45.0,0.01305587817259945,0.16926767521751976
2.43294,45.0,0.013055879642361979,0.169265848417044
2.433489444444444,45.0,0.013055872259681904,0.16926704388878167
2.434038888888889,45.0,0.013055879115952185,0.16926298833177073
2.434588333333333,45.0,0.013055878735645808,0.16926269929181642
2.435137777777778,45.0,0.013055871491401513,0.16926409765873257
2.435687222222222,45.0,0.013055880031070931,0.1692595284173293
2.4362366666666664,45.0,0.01305587713887161,0.16926248584947992
2.436786111111111,45.0,0.013055871608403933,0.1692610781935435
2.4373355555555554,45.0,0.013055880115228822,0.16926080706790023
2.437885,45.0,0.013055878244397743,0.16926402594791104
2.4384344444444443,45.0,0.013055871993149847,0.16926176371264615
2.4389838888888886,45.0,0.013055877407037408,0.16926570558246593
2.4395333333333333,45.0,0.013055880635080959,0.16926606497356214
2.4400827777777776,45.0,0.013055874101708295,0.16926661267351292
2.4406322222222223,45.0,0.013055875087707522,0.16927018096786273
2.4411816666666666,45.0,0.01305588023617253,0.16926849463479068
2.441731111111111,45.0,0.013055876304537743,0.16927210946617
2.4422805555555556,45.0,0.013055875746861824,0.16927207581488174
2.44283,45.0,0.013055878291217116,0.16927112239092046
2.443379444444444,45.0,0.013055877880073835,0.16927443175200688
2.443928888888889,45.0,0.013055876251563082,0.16927251742895838
2.444478333333333,45.0,0.013055876645776112,0.16927392880387754
2.445027777777778,45.0,0.01305587971085909,0.16927318275447403
2.445577222222222,45.0,0.013055876088947656,0.16927411317583035
2.4461266666666663,45.0,0.013055876580639796,0.16927525828742035
2.446676111111111,45.0,0.01305588063108778,0.16927360500870434
2.4472255555555553,45.0,0.013055874419989271,0.16927598451994308
2.447775,45.0,0.013055877537631587,0.1692763955407746
2.4483244444444443,45.0,0.013055882920234952,0.16927698359020116
2.4488738888888886,45.0,0.013055872764170825,0.16927654567586278
2.4494233333333333,45.0,0.013055876748291211,0.16927965226547956
2.4499727777777776,45.0,0.013055884703498048,0.16927785459730227
2.4505222222222223,45.0,0.013055873849696009,0.16927869150655944
2.4510716666666665,45.0,0.013055875846645899,0.1692791007571318
2.451621111111111,45.0,0.013055882905177577,0.16927725286819983
2.4521705555555555,45.0,0.013055875879524607,0.16927863822591194
2.45272,45.0,0.013055876221343998,0.16927468565760553
2.4532694444444445,45.0,0.013055879968086203,0.1692754755487593
2.4538188888888888,45.0,0.013055877756955351,0.16927331512270735
2.454368333333333,45.0,0.01305587617470493,0.16927120146618518
2.4549177777777778,45.0,0.013055877306711022,0.1692709681788243
2.455467222222222,45.0,0.01305587879992073,0.16926763047460014
2.4560166666666667,45.0,0.013055876283339866,0.16926856676424695
2.456566111111111,45.0,0.01305587710121409,0.1692665951174432
2.4571155555555553,45.0,0.013055878353376094,0.1692649406044679
2.457665,45.0,0.013055875503864924,0.1692673333877711
2.4582144444444443,45.0,0.013055877535490515,0.1692635755806935
2.458763888888889,45.0,0.01305587930105249,0.1692667919268296
2.4593133333333332,45.0,0.013055875466041271,0.16926508273523652
2.4598627777777775,45.0,0.013055874837729051,0.16926435407952684
2.4604122222222222,45.0,0.013055881339810197,0.16926855469362248
2.4609616666666665,45.0,0.01305587747253361,0.1692625106116102
2.461511111111111,45.0,0.013055871795463041,0.16926774115966134
2.4620605555555555,45.0,0.013055882172555381,0.1692648933480916
2.4626099999999997,45.0,0.013055878428975883,0.16926476077183752
2.4631594444444445,45.0,0.013055871104973773,0.1692659569587766
2.4637088888888887,45.0,0.013055881905611362,0.16926333383696654
2.464258333333333,45.0,0.013055878640379628,0.16926514290096467
2.4648077777777777,45.0,0.013055872739654624,0.1692648769774229
2.465357222222222,45.0,0.013055879988824765,0.16926375532743468
2.4659066666666667,45.0,0.013055878003060507,0.16926544201160226
2.466456111111111,45.0,0.013055875713535645,0.16926680734410968
2.4670055555555552,45.0,0.013055879253180053,0.1692660338208472
2.467555,45.0,0.013055877450449598,0.16926868389136918
2.468104444444444,45.0,0.013055876955172829,0.16927050367423438
2.468653888888889,45.0,0.013055879243872012,0.16927057509280555
2.469203333333333,45.0,0.013055879272002928,0.16927334650926404
2.4697527777777775,45.0,0.013055877587392347,0.16927457492365122
2.470302222222222,45.0,0.01305587700101766,0.1692747316235735
2.4708516666666664,45.0,0.013055881440902811,0.16927777615291004
2.471401111111111,45.0,0.01305587946224953,0.16927575218451046
2.4719505555555554,45.0,0.013055874944370898,0.16927848995950787
2.4724999999999997,45.0,0.013055882089989616,0.16927655152285
2.4730494444444444,45.0,0.013055880920544714,0.16927814318345208
2.4735988888888887,45.0,0.013055874193772417,0.1692762304835119
2.4741483333333334,45.0,0.013055880847707563,0.1692763581833018
2.4746977777777777,45.0,0.013055882842643064,0.16927629415228096
2.475247222222222,45.0,0.013055875080572805,0.1692742406090528
2.4757966666666666,45.0,0.013055878394189726,0.16927670739954445
2.476346111111111,45.0,0.013055883571930289,0.16927232489649716
2.4768955555555556,45.0,0.01305587621110716,0.16927574980552196
2.477445,45.0,0.013055878516009006,0.16927487225154494
2.477994444444444,45.0,0.013055882853982117,0.16927234684674436
2.478543888888889,45.0,0.013055875281797335,0.16927559078595483
2.479093333333333,45.0,0.013055880441779015,0.16927485179046473
2.479642777777778,45.0,0.013055882654197846,0.1692715622575292
2.480192222222222,45.0,0.013055875146193826,0.16927594211225533
2.4807416666666664,45.0,0.01305588030950308,0.16927124992923798
2.481291111111111,45.0,0.013055881447900727,0.16927233164036493
2.4818405555555554,45.0,0.013055877590774255,0.16927186752763615
2.4823899999999997,45.0,0.013055878478853757,0.1692672069819825
2.4829394444444444,45.0,0.013055880152698644,0.1692706851315091
2.4834888888888886,45.0,0.013055880696129273,0.16926544375591196
2.4840383333333333,45.0,0.013055875886696575,0.16926563315718157
2.4845877777777776,45.0,0.01305587861650382,0.16926468114820797
2.485137222222222,45.0,0.013055883375969767,0.16926374645667625
2.4856866666666666,45.0,0.013055875700792993,0.16926228115708838
2.486236111111111,45.0,0.013055876653311977,0.16926385857605705
2.4867855555555556,45.0,0.013055883738009519,0.169262189909515
2.487335,45.0,0.013055877430167584,0.16926328712948394
2.487884444444444,45.0,0.013055876820505205,0.169265106438609
2.488433888888889,45.0,0.01305588290935627,0.16926344898346776
2.488983333333333,45.0,0.013055877510879613,0.169266331729627
2.489532777777778,45.0,0.013055877800705398,0.16926720365401052
2.490082222222222,45.0,0.013055883413222136,0.16926690300180966
2.4906316666666664,45.0,0.013055877749512843,0.1692676608295829
2.491181111111111,45.0,0.013055877549268059,0.16927008899955634
2.4917305555555553,45.0,0.013055883879349308,0.16926820409055116
2.49228,45.0,0.013055878666774814,0.1692696175340403
2.4928294444444443,45.0,0.013055876686122772,0.1692698893115941
2.4933788888888886,45.0,0.013055884438609585,0.16926922050911575
2.4939283333333333,45.0,0.013055880052919525,0.16927052846414067
2.4944777777777776,45.0,0.01305587621826668,0.1692703373401295
2.4950272222222223,45.0,0.013055883159271874,0.16926915839677562
2.4955766666666666,45.0,0.013055881760762241,0.1692732414525883
2.496126111111111,45.0,0.013055878816090941,0.1692713108013838
2.4966755555555555,45.0,0.013055879686463457,0.16927108528791318
2.497225,45.0,0.0130558823123923,0.1692776206264453
2.4977744444444445,45.0,0.01305588261741002,0.16927163045678048
2.498323888888889,45.0,0.013055877789915649,0.16927802988673
2.498873333333333,45.0,0.01305588321062021,0.16927692940447367
2.4994227777777778,45.0,0.013055883149552623,0.16927637199179169
2.499972222222222,45.0,0.013055877288930227,0.16928046767886024
